clue_id,pack_id,pack_name,category_set_id,content_kind,round,tier,difficulty,macro_topic,category_name_en,category_name_et,clue_en,clue_et,response_en,response_et,accepted_variants_en,accepted_variants_et,explanation_en,explanation_et,source_title,source_url,source_license,source_retrieved_at,translation_status,enabled
built-in-geography-playable-corpus-001,built-in-geography,Geography Pack,built-in-geography-set-000,board,round-one,1,medium,countries-capitals,Capitals Carried by Rivers,Pealinnad jõgede kaldal,"The Danube flows through which Slovak capital, just east of Vienna?",Millist Slovakkia pealinna läbib Doonau vahetult Viinist ida pool?,Bratislava,Bratislava,,,Bratislava stands on both banks of the Danube near Slovakia’s borders with Austria and Hungary.,Bratislava asub Doonau mõlemal kaldal Austria ja Ungari piiri lähedal.,Bratislava,https://en.wikipedia.org/wiki/Bratislava,CC-BY-SA-4.0,2026-08-28,reviewed,true
built-in-geography-playable-corpus-002,built-in-geography,Geography Pack,built-in-geography-set-000,board,round-one,2,medium,countries-capitals,Capitals Carried by Rivers,Pealinnad jõgede kaldal,The River Liffey and the Ha'penny Bridge run through which island capital?,Millise saareriigi pealinna läbivad Liffey jõgi ja Ha'penny sild?,Dublin,Dublin,Baile Átha Cliath,Baile Átha Cliath,"Dublin developed around a crossing of the Liffey, and the Ha'penny Bridge is one of its landmarks.",Dublin kujunes Liffey jõe ületuskoha ümber ning Ha'penny sild on üks linna sümboleid.,Dublin,https://en.wikipedia.org/wiki/Dublin,CC-BY-SA-4.0,2026-08-28,reviewed,true
built-in-geography-playable-corpus-003,built-in-geography,Geography Pack,built-in-geography-set-000,board,round-one,3,medium,countries-capitals,Capitals Carried by Rivers,Pealinnad jõgede kaldal,The Kura flows beneath Narikala Fortress in which Caucasian capital?,Millises Kaukaasia pealinnas voolab Kura jõgi Narikala kindluse all?,Tbilisi,Thbilisi,Tiflis,Tbilisi;Tiflis,"Tbilisi occupies both banks of the Kura, with Narikala overlooking its old town.",Thbilisi asub Kura mõlemal kaldal ning Narikala kindlus kõrgub vanalinna kohal.,Tbilisi,https://en.wikipedia.org/wiki/Tbilisi,CC-BY-SA-4.0,2026-08-28,reviewed,true
built-in-geography-playable-corpus-004,built-in-geography,Geography Pack,built-in-geography-set-000,board,round-one,4,medium,countries-capitals,Capitals Carried by Rivers,Pealinnad jõgede kaldal,The López Palace faces the Paraguay River in which South American capital?,Millises Lõuna-Ameerika pealinnas seisab Lópeze palee Paraguay jõe ääres?,Asunción,Asunción,Asuncion,Asuncion,"Asunción grew on the east bank of the Paraguay River, and the López Palace is its presidential seat.",Asunción kasvas Paraguay jõe idakaldal ning Lópeze palee on riigi presidendi residents.,Asunción,https://en.wikipedia.org/wiki/Asunción,CC-BY-SA-4.0,2026-08-28,reviewed,true
built-in-geography-playable-corpus-005,built-in-geography,Geography Pack,built-in-geography-set-000,board,round-one,5,medium,countries-capitals,Capitals Carried by Rivers,Pealinnad jõgede kaldal,Which landlocked West African capital spreads along both banks of the Niger River?,Milline merepiirita Lääne-Aafrika pealinn laiub Nigeri jõe mõlemal kaldal?,Bamako,Bamako,Bamako District,Bamako ringkond,Bamako developed beside a broad bend of the Niger and expanded across both riverbanks.,Bamako kujunes Nigeri jõe laia käänaku ääres ning laienes mõlemale kaldale.,Bamako,https://en.wikipedia.org/wiki/Bamako,CC-BY-SA-4.0,2026-08-28,reviewed,true
built-in-geography-playable-corpus-006,built-in-geography,Geography Pack,built-in-geography-set-005,board,round-one,1,medium,countries-capitals,"Tiny States, Strong Landscapes",Väikeriigid tugeva maastikuga,Which sovereign state occupies a walled enclave around St Peter's Basilica inside Rome?,Milline suveräänne riik hõlmab Rooma sees Püha Peetruse basiilika ümber müüridega piiratud enklaavi?,Vatican City,Vatikan,Vatican City State;Holy See,Vatikani Linnriik;Püha Tool,Vatican City is an independent enclave within Rome centred on St Peter's Basilica.,"Vatikan on Rooma sees asuv iseseisev enklaav, mille keskmes on Püha Peetruse basiilika.",Vatican City,https://en.wikipedia.org/wiki/Vatican_City,CC-BY-SA-4.0,2026-08-28,reviewed,true
built-in-geography-playable-corpus-007,built-in-geography,Geography Pack,built-in-geography-set-005,board,round-one,2,medium,countries-capitals,"Tiny States, Strong Landscapes",Väikeriigid tugeva maastikuga,Which city-state is compressed between the Maritime Alps and the Mediterranean on the French Riviera?,Milline linnriik on surutud Mere-Alpide ja Vahemere vahele Prantsuse Rivieral?,Monaco,Monaco,Principality of Monaco,Monaco Vürstiriik,Monaco occupies a narrow coastal strip on the Mediterranean beside southeastern France.,Monaco hõlmab kitsast Vahemere rannariba Kagu-Prantsusmaa kõrval.,Geography of Monaco,https://en.wikipedia.org/wiki/Geography_of_Monaco,CC-BY-SA-4.0,2026-08-28,reviewed,true
built-in-geography-playable-corpus-008,built-in-geography,Geography Pack,built-in-geography-set-005,board,round-one,3,medium,countries-capitals,"Tiny States, Strong Landscapes",Väikeriigid tugeva maastikuga,Which principality lies in the Rhine valley between Switzerland and Austria?,Milline vürstiriik asub Reini orus Šveitsi ja Austria vahel?,Liechtenstein,Liechtenstein,Principality of Liechtenstein,Liechtensteini Vürstiriik,Liechtenstein occupies the east bank of the Alpine Rhine between Switzerland and Austria.,Liechtenstein paikneb Alpi-Reini idakaldal Šveitsi ja Austria vahel.,Geography of Liechtenstein,https://en.wikipedia.org/wiki/Geography_of_Liechtenstein,CC-BY-SA-4.0,2026-08-28,reviewed,true
built-in-geography-playable-corpus-009,built-in-geography,Geography Pack,built-in-geography-set-005,board,round-one,4,medium,countries-capitals,"Tiny States, Strong Landscapes",Väikeriigid tugeva maastikuga,Which co-principality occupies a cluster of high valleys between France and Spain?,Milline kaasvürstiriik paikneb kõrgete orgude rühmas Prantsusmaa ja Hispaania vahel?,Andorra,Andorra,Principality of Andorra,Andorra Vürstiriik,Andorra is a small sovereign state in the eastern Pyrenees between France and Spain.,Andorra on väike suveräänne riik Ida-Püreneedes Prantsusmaa ja Hispaania vahel.,Geography of Andorra,https://en.wikipedia.org/wiki/Geography_of_Andorra,CC-BY-SA-4.0,2026-08-28,reviewed,true
built-in-geography-playable-corpus-010,built-in-geography,Geography Pack,built-in-geography-set-005,board,round-one,5,medium,countries-capitals,"Tiny States, Strong Landscapes",Väikeriigid tugeva maastikuga,Mount Titano carries which landlocked republic entirely surrounded by Italy?,Milline merepiirita vabariik asub Monte Titano nõlvadel ja on täielikult Itaaliast ümbritsetud?,San Marino,San Marino,Republic of San Marino,San Marino Vabariik,San Marino occupies the slopes of Mount Titano as an enclave within Italy.,San Marino paikneb Monte Titano nõlvadel Itaalia sees asuva enklaavina.,San Marino,https://en.wikipedia.org/wiki/San_Marino,CC-BY-SA-4.0,2026-08-28,reviewed,true
built-in-geography-playable-corpus-011,built-in-geography,Geography Pack,built-in-geography-set-007,board,round-one,1,medium,countries-capitals,Routes That Shaped the Map,Maailmakaarti kujundanud teed,Which historic US highway ran from Chicago to Los Angeles and became known as the “Mother Road”?,Milline ajalooline USA maantee kulges Chicagost Los Angelesse ning sai hüüdnimeks „maanteede ema“?,Route 66,Route 66,U.S. Route 66;US 66,USA maantee 66;US 66,Route 66 linked Chicago with Los Angeles and became an enduring symbol of American road travel.,Route 66 ühendas Chicagot Los Angelesega ning sellest sai Ameerika autoreiside püsiv sümbol.,U.S. Route 66,https://en.wikipedia.org/wiki/U.S._Route_66,CC-BY-SA-4.0,2026-08-28,reviewed,true
built-in-geography-playable-corpus-012,built-in-geography,Geography Pack,built-in-geography-set-007,board,round-one,2,medium,countries-capitals,Routes That Shaped the Map,Maailmakaarti kujundanud teed,Which pilgrimage route is marked by scallop shells and leads across northern Spain to Santiago de Compostela?,Millist üle Põhja-Hispaania Santiago de Compostelasse viivat palverännuteed tähistavad kammkarbid?,Camino de Santiago,Santiago palverännutee,Way of St James;St James’s Way,Camino de Santiago;Jaakobitee,The Camino de Santiago is a network of pilgrimage routes marked by the scallop-shell symbol and ending at Santiago de Compostela.,"Santiago palverännutee on kammkarbisümboliga tähistatud teede võrgustik, mille lõppsiht on Santiago de Compostela.",Camino de Santiago,https://en.wikipedia.org/wiki/Camino_de_Santiago,CC-BY-SA-4.0,2026-08-28,reviewed,true
built-in-geography-playable-corpus-013,built-in-geography,Geography Pack,built-in-geography-set-007,board,round-one,3,medium,countries-capitals,Routes That Shaped the Map,Maailmakaarti kujundanud teed,Which Roman road ran southeast toward Brindisi and was praised as the “queen of the long roads”?,Milline Rooma tee kulges kagusse Brindisi poole ning pälvis hüüdnime „pikkade teede kuninganna“?,Appian Way,Via Appia,Via Appia;Appian Road,Appiuse tee;Via Appia,The Appian Way was an ancient Roman road from Rome toward Brindisi and one of the republic’s most important highways.,Via Appia oli muistne Rooma tee pealinnast Brindisi suunas ning üks vabariigi tähtsamaid maanteid.,Appian Way,https://en.wikipedia.org/wiki/Appian_Way,CC-BY-SA-4.0,2026-08-28,reviewed,true
built-in-geography-playable-corpus-014,built-in-geography,Geography Pack,built-in-geography-set-007,board,round-one,4,medium,countries-capitals,Routes That Shaped the Map,Maailmakaarti kujundanud teed,Which imperial road network connected highland centres from Ecuador through Peru toward Chile?,Milline keisririigi teedevõrk ühendas Andide keskusi Ecuadorist läbi Peruu Tšiili suunas?,Inca road system,inkade teesüsteem,Qhapaq Ñan;Inca roads,Qhapaq Ñan;inkade teed,The Inca road system formed an extensive Andean network linking settlements across the empire.,"Inkade teesüsteem moodustas ulatusliku Andide võrgustiku, mis ühendas riigi asulaid.",Inca road system,https://en.wikipedia.org/wiki/Inca_road_system,CC-BY-SA-4.0,2026-08-28,reviewed,true
built-in-geography-playable-corpus-015,built-in-geography,Geography Pack,built-in-geography-set-007,board,round-one,5,medium,countries-capitals,Routes That Shaped the Map,Maailmakaarti kujundanud teed,Which caravan route moved frankincense and myrrh from southern Arabia toward Mediterranean markets?,Milline karavanitee viis Lõuna-Araabiast viirukit ja mürri Vahemere turgudele?,Incense Route,Viirukitee,Incense Trade Route;Frankincense Trail,Viirukikaubatee;Viirukirada,The Incense Route linked producing areas in southern Arabia with ports and markets farther north.,Viirukitee ühendas Lõuna-Araabia tootmisalad põhja pool asuvate sadamate ja turgudega.,Incense trade route,https://en.wikipedia.org/wiki/Incense_trade_route,CC-BY-SA-4.0,2026-08-28,reviewed,true
built-in-geography-playable-corpus-016,built-in-geography,Geography Pack,built-in-geography-set-014,board,round-one,1,medium,cities,Estonian Towns by Their Rivers,Eesti linnad jõgede järgi,Which university city spreads along the Emajõgi and is guarded by the arch of Inglisild?,Milline ülikoolilinn laiub Emajõe kaldal ja mille Toomemäel asub Inglisild?,Tartu,Tartu,Dorpat,Dorpat;Tarbatu,Tartu stands on both banks of the Emajõgi and is Estonia's principal university city.,Tartu paikneb Emajõe mõlemal kaldal ja on Eesti peamine ülikoolilinn.,Tartu,https://en.wikipedia.org/wiki/Tartu,CC-BY-SA-4.0,2026-08-28,reviewed,true
built-in-geography-playable-corpus-017,built-in-geography,Geography Pack,built-in-geography-set-014,board,round-one,2,medium,cities,Estonian Towns by Their Rivers,Eesti linnad jõgede järgi,A river of the same name reaches the Gulf of Riga at which Estonian summer resort?,Millise Eesti suvepealinna juures suubub samanimeline jõgi Liivi lahte?,Pärnu,Pärnu,Pernau,Pernau,Pärnu lies where the Pärnu River reaches Pärnu Bay and is known as a seaside resort.,Pärnu asub Pärnu jõe suubumisel Pärnu lahte ning on tuntud merekuurort.,Pärnu,https://en.wikipedia.org/wiki/Pärnu,CC-BY-SA-4.0,2026-08-28,reviewed,true
built-in-geography-playable-corpus-018,built-in-geography,Geography Pack,built-in-geography-set-014,board,round-one,3,medium,cities,Estonian Towns by Their Rivers,Eesti linnad jõgede järgi,Hermann Castle faces Ivangorod Fortress across the river at which Estonian border city?,Millises Eesti piirilinnas seisab Hermanni linnus üle jõe vastamisi Jaanilinna kindlusega?,Narva,Narva,Narva city,Narva linn,Narva occupies the west bank of the Narva River opposite Ivangorod and its fortress.,Narva asub Narva jõe läänekaldal Jaanilinna ja selle kindluse vastas.,Narva,https://en.wikipedia.org/wiki/Narva,CC-BY-SA-4.0,2026-08-28,reviewed,true
built-in-geography-playable-corpus-019,built-in-geography,Geography Pack,built-in-geography-set-014,board,round-one,4,medium,cities,Estonian Towns by Their Rivers,Eesti linnad jõgede järgi,The Pedeli flows through which Estonian town paired across the border with Latvian Valka?,Millist Eesti linna läbib Pedeli jõgi ning selle paarislinn teisel pool piiri on Läti Valka?,Valga,Valga,Walk,Walk,"Valga and Valka form a divided border town, with the Pedeli flowing through the Estonian side.",Valga ja Valka moodustavad piiril jagatud linna ning Pedeli jõgi läbib Eesti-poolset Valgat.,"Valga, Estonia","https://en.wikipedia.org/wiki/Valga,_Estonia",CC-BY-SA-4.0,2026-08-28,reviewed,true
built-in-geography-playable-corpus-020,built-in-geography,Geography Pack,built-in-geography-set-014,board,round-one,5,medium,cities,Estonian Towns by Their Rivers,Eesti linnad jõgede järgi,The Pedja flows through which small Estonian county capital on the Tallinn–Tartu railway?,Millist väikest Eesti maakonnalinna Tallinna–Tartu raudteel läbib Pedja jõgi?,Jõgeva,Jõgeva,Jogeva,Jogeva,Jõgeva is the seat of Jõgeva County and stands beside the Pedja River on Estonia’s main north–south railway.,Jõgeva on Jõgeva maakonna keskus ning asub Pedja jõe ja Eesti peamise põhja-lõunasuunalise raudtee ääres.,Jõgeva,https://en.wikipedia.org/wiki/Jõgeva,CC-BY-SA-4.0,2026-08-28,reviewed,true
built-in-geography-playable-corpus-021,built-in-geography,Geography Pack,built-in-geography-set-028,board,round-one,1,medium,physical-geography,Islands off Estonia,Saared Eesti rannikumeres,Kõpu lighthouse and the town of Kärdla belong to which Estonian island?,Millisel Eesti saarel asuvad Kõpu tuletorn ja Kärdla linn?,Hiiumaa,Hiiumaa,Dagö,Dagö,Hiiumaa includes Kärdla and the historic Kõpu lighthouse on its western peninsula.,Hiiumaal asuvad Kärdla ja saare läänepoolsaarel ajalooline Kõpu tuletorn.,Hiiumaa,https://en.wikipedia.org/wiki/Hiiumaa,CC-BY-SA-4.0,2026-08-28,reviewed,true
built-in-geography-playable-corpus-022,built-in-geography,Geography Pack,built-in-geography-set-028,board,round-one,2,medium,physical-geography,Islands off Estonia,Saared Eesti rannikumeres,"A causeway joins Saaremaa to which smaller island, home to Koguva village?",Millise väiksema saarega ühendab Saaremaad tammtee ning kus asub Koguva küla?,Muhu,Muhu,Moon,Moon,Muhu lies between mainland Estonia and Saaremaa and is linked to Saaremaa by a causeway.,Muhu asub Mandri-Eesti ja Saaremaa vahel ning on Saaremaaga ühendatud tammteega.,Muhu,https://en.wikipedia.org/wiki/Muhu,CC-BY-SA-4.0,2026-08-28,reviewed,true
built-in-geography-playable-corpus-023,built-in-geography,Geography Pack,built-in-geography-set-028,board,round-one,3,medium,physical-geography,Islands off Estonia,Saared Eesti rannikumeres,Which Gulf of Riga island is famous for women's striped skirts and a living maritime culture?,Milline Liivi lahe saar on tuntud naiste triibuseelikute ja elava merenduskultuuri poolest?,Kihnu,Kihnu,Kihnu island,Kihnu saar,Kihnu preserves a distinctive community culture shaped by seafaring and traditional dress.,Kihnul on säilinud meresõidust ja rahvarõivastest kujundatud omanäoline kogukonnakultuur.,Kihnu,https://en.wikipedia.org/wiki/Kihnu,CC-BY-SA-4.0,2026-08-28,reviewed,true
built-in-geography-playable-corpus-024,built-in-geography,Geography Pack,built-in-geography-set-028,board,round-one,4,medium,physical-geography,Islands off Estonia,Saared Eesti rannikumeres,St Olaf's church and centuries of coastal-Swedish heritage mark which island west of Estonia?,Millist Lääne-Eesti saart iseloomustavad Püha Olavi kirik ja sajanditepikkune rannarootsi pärand?,Vormsi,Vormsi,Ormsö,Ormsö,"Vormsi was historically settled by Estonian Swedes, whose heritage remains visible in place names and monuments.","Vormsi ajaloolised asukad olid eestirootslased, kelle pärandit näeb kohanimedes ja mälestistes.",Vormsi,https://en.wikipedia.org/wiki/Vormsi,CC-BY-SA-4.0,2026-08-28,reviewed,true
built-in-geography-playable-corpus-025,built-in-geography,Geography Pack,built-in-geography-set-028,board,round-one,5,medium,physical-geography,Islands off Estonia,Saared Eesti rannikumeres,A remote island in the Gulf of Riga contains Estonia's oldest surviving wooden church; name it.,Liivi lahe kaugel saarel asub Eesti vanim säilinud puukirik. Nimeta see saar.,Ruhnu,Ruhnu,Runö,Runö,Ruhnu's wooden church is the oldest surviving wooden building of its kind in Estonia.,Ruhnu puukirik on Eesti vanim säilinud omataoline puithoone.,Ruhnu,https://en.wikipedia.org/wiki/Ruhnu,CC-BY-SA-4.0,2026-08-28,reviewed,true
built-in-geography-playable-corpus-026,built-in-geography,Geography Pack,built-in-geography-set-039,board,round-one,1,medium,rivers-lakes,Baltic Shores and Islands,Läänemere kaldad ja saared,The Suomenlinna sea fortress spreads across islands off which Baltic capital?,Millise Läänemere-äärse pealinna rannikusaartel laiub Suomenlinna merekindlus?,Helsinki,Helsingi,Helsingfors,Helsinki;Helsingfors,Suomenlinna is a sea fortress built across islands just off Helsinki.,Suomenlinna on Helsingi ranniku lähedastele saartele rajatud merekindlus.,Suomenlinna,https://en.wikipedia.org/wiki/Suomenlinna,CC-BY-SA-4.0,2026-08-28,reviewed,true
built-in-geography-playable-corpus-027,built-in-geography,Geography Pack,built-in-geography-set-039,board,round-one,2,medium,rivers-lakes,Baltic Shores and Islands,Läänemere kaldad ja saared,Which Lithuanian city on the Baltic coast is the country’s only major seaport?,Milline Läänemere rannikul asuv Leedu linn on riigi ainus suur meresadam?,Klaipėda,Klaipėda,Klaipeda,Klaipeda,"Klaipėda stretches along the Curonian Lagoon and the Baltic Sea, and its port is Lithuania’s only major seaport.",Klaipėda ulatub Kura lahe ja Läänemere kallastele ning selle sadam on Leedu ainus suur meresadam.,Klaipėda,https://en.wikipedia.org/wiki/Klaipėda,CC-BY-SA-4.0,2026-08-28,reviewed,true
built-in-geography-playable-corpus-028,built-in-geography,Geography Pack,built-in-geography-set-039,board,round-one,3,medium,rivers-lakes,Baltic Shores and Islands,Läänemere kaldad ja saared,Which Polish port at the mouth of the Motława became the birthplace of the Solidarity movement?,Milline Motława suudme lähedal asuv Poola sadamalinn sai Solidaarsuse liikumise sünnipaigaks?,Gdańsk,Gdańsk,Gdansk;Danzig,Gdansk;Danzig,Gdańsk is a major Baltic port whose shipyard became central to the Solidarity movement.,"Gdańsk on tähtis Läänemere sadam, mille laevatehas sai Solidaarsuse liikumise keskuseks.",Gdańsk,https://en.wikipedia.org/wiki/Gdańsk,CC-BY-SA-4.0,2026-08-28,reviewed,true
built-in-geography-playable-corpus-029,built-in-geography,Geography Pack,built-in-geography-set-039,board,round-one,4,medium,rivers-lakes,Baltic Shores and Islands,Läänemere kaldad ja saared,"Langhammars displays wave-carved limestone rauks on Fårö, beside which large Swedish island?",Millise suure Rootsi saare kõrval asuval Fåröl leidub Langhammarsi lainete kulutatud lubjakivirauke?,Gotland,Ojamaa,Gotland Island,Gotlandi saar,"Fårö belongs to Gotland province and is noted for rauks, freestanding limestone stacks shaped by erosion.",Fårö kuulub Ojamaa maakonda ja on tuntud raukide ehk kulutuse vormitud eraldiseisvate lubjakivisammaste poolest.,Fårö,https://en.wikipedia.org/wiki/Fårö,CC-BY-SA-4.0,2026-08-28,reviewed,true
built-in-geography-playable-corpus-030,built-in-geography,Geography Pack,built-in-geography-set-039,board,round-one,5,medium,rivers-lakes,Baltic Shores and Islands,Läänemere kaldad ja saared,Which Danish Baltic island south of Sweden is known for medieval round churches such as Østerlars?,"Milline Rootsist lõunas asuv Taani Läänemere saar on tuntud keskaegsete ümarkirikute, näiteks Østerlarsi järgi?",Bornholm,Bornholm,Bornholm Island,Bornholmi saar,Bornholm is a Danish island in the Baltic Sea whose distinctive medieval round churches include Østerlars.,Bornholm on Taani saar Läänemeres ning selle eripäraste keskaegsete ümarkirikute hulka kuulub Østerlars.,Østerlars Church,https://en.wikipedia.org/wiki/Østerlars_Church,CC-BY-SA-4.0,2026-08-28,reviewed,true
built-in-geography-playable-corpus-031,built-in-geography,Geography Pack,built-in-geography-set-040,board,round-one,1,medium,rivers-lakes,Outposts Beyond the Mainland,Riikide alad kaugel emamaast,Tenerife and Gran Canaria belong to which Spanish Atlantic archipelago off the coast of Morocco?,Millisesse Maroko ranniku lähedal asuvasse Hispaania Atlandi saarestikku kuuluvad Tenerife ja Gran Canaria?,Canary Islands,Kanaari saared,Canaries;Islas Canarias,Kanaarid;Islas Canarias,The Canary Islands are a Spanish Atlantic archipelago west of Morocco that includes Tenerife and Gran Canaria.,"Kanaari saared on Marokost läänes asuv Hispaania Atlandi saarestik, kuhu kuuluvad Tenerife ja Gran Canaria.",Canary Islands,https://en.wikipedia.org/wiki/Canary_Islands,CC-BY-SA-4.0,2026-08-28,reviewed,true
built-in-geography-playable-corpus-032,built-in-geography,Geography Pack,built-in-geography-set-040,board,round-one,2,medium,rivers-lakes,Outposts Beyond the Mainland,Riikide alad kaugel emamaast,Which US state is separated from the other states by Canada and reaches into the Arctic?,Milline USA osariik on teistest osariikidest Kanada kaudu eraldatud ja ulatub Arktikasse?,Alaska,Alaska,State of Alaska,Alaska osariik,Alaska is separated from the contiguous United States by western Canada and has an Arctic coastline.,Alaskat eraldab USA põhiosast Lääne-Kanada ning osariigil on Põhja-Jäämere rannik.,Alaska,https://en.wikipedia.org/wiki/Alaska,CC-BY-SA-4.0,2026-08-28,reviewed,true
built-in-geography-playable-corpus-033,built-in-geography,Geography Pack,built-in-geography-set-040,board,round-one,3,medium,rivers-lakes,Outposts Beyond the Mainland,Riikide alad kaugel emamaast,Which British territory occupies the famous Rock at the southern tip of the Iberian Peninsula?,Milline Suurbritannia ala hõlmab kuulsat Kaljut Pürenee poolsaare lõunatipus?,Gibraltar,Gibraltar,the Rock of Gibraltar,Gibraltari kalju,Gibraltar is a British Overseas Territory on a strategic peninsula beside the Mediterranean entrance.,Gibraltar on Suurbritannia ülemereterritoorium strateegilisel poolsaarel Vahemere sissepääsu kõrval.,Gibraltar,https://en.wikipedia.org/wiki/Gibraltar,CC-BY-SA-4.0,2026-08-28,reviewed,true
built-in-geography-playable-corpus-034,built-in-geography,Geography Pack,built-in-geography-set-040,board,round-one,4,medium,rivers-lakes,Outposts Beyond the Mainland,Riikide alad kaugel emamaast,"Which Russian region lies on the Baltic between Lithuania and Poland, detached from the rest of Russia?","Milline Venemaa piirkond asub Läänemere ääres Leedu ja Poola vahel, muust Venemaast eraldi?",Kaliningrad Oblast,Kaliningradi oblast,Kaliningrad region;Kaliningrad,Kaliningradi piirkond;Kaliningrad,Kaliningrad Oblast is a Russian exclave on the Baltic coast between Poland and Lithuania.,Kaliningradi oblast on Venemaa eksklaav Läänemere rannikul Poola ja Leedu vahel.,Kaliningrad Oblast,https://en.wikipedia.org/wiki/Kaliningrad_Oblast,CC-BY-SA-4.0,2026-08-28,reviewed,true
built-in-geography-playable-corpus-035,built-in-geography,Geography Pack,built-in-geography-set-040,board,round-one,5,medium,rivers-lakes,Outposts Beyond the Mainland,Riikide alad kaugel emamaast,Which French territory on the South American mainland contains the European spaceport at Kourou?,Milline Prantsusmaa ala Lõuna-Ameerika mandril hõlmab Kourou Euroopa kosmodroomi?,French Guiana,Prantsuse Guajaana,Guyane,Guyane,French Guiana is an overseas department of France on the Atlantic coast of South America.,Prantsuse Guajaana on Prantsusmaa ülemeredepartemang Lõuna-Ameerika Atlandi rannikul.,French Guiana,https://en.wikipedia.org/wiki/French_Guiana,CC-BY-SA-4.0,2026-08-28,reviewed,true
built-in-geography-playable-corpus-036,built-in-geography,Geography Pack,built-in-geography-set-046,board,round-one,1,medium,mountains,"Narrow Waters, Wide Worlds","Kitsad väinad, avarad mered",Which Istanbul strait links the Black Sea with the Sea of Marmara?,Milline Istanbuli väin ühendab Musta merd Marmara merega?,Bosporus,Bosporus,Bosphorus,Bosporuse väin,The Bosporus passes through Istanbul between the Black Sea and the Sea of Marmara.,Bosporus kulgeb läbi Istanbuli Musta mere ja Marmara mere vahel.,Bosporus,https://en.wikipedia.org/wiki/Bosporus,CC-BY-SA-4.0,2026-08-28,reviewed,true
built-in-geography-playable-corpus-037,built-in-geography,Geography Pack,built-in-geography-set-046,board,round-one,2,medium,mountains,"Narrow Waters, Wide Worlds","Kitsad väinad, avarad mered",Which waterway separates Siberia from Alaska and Asia from North America?,Milline väin eraldab Siberit Alaskast ning Aasiat Põhja-Ameerikast?,Bering Strait,Beringi väin,the Bering Strait,Beringi väin,The Bering Strait lies between Russia and Alaska at the boundary of Asia and North America.,Beringi väin asub Venemaa ja Alaska vahel Aasia ning Põhja-Ameerika piiril.,Bering Strait,https://en.wikipedia.org/wiki/Bering_Strait,CC-BY-SA-4.0,2026-08-28,reviewed,true
built-in-geography-playable-corpus-038,built-in-geography,Geography Pack,built-in-geography-set-046,board,round-one,3,medium,mountains,"Narrow Waters, Wide Worlds","Kitsad väinad, avarad mered",Which Turkish strait separates Gallipoli from Asia and joins the Aegean Sea to the Sea of Marmara?,Milline Türgi väin eraldab Gallipoli poolsaart Aasiast ning ühendab Egeuse merd Marmara merega?,Dardanelles,Dardanellid,Strait of Gallipoli;Çanakkale Strait,Dardanellide väin;Çanakkale väin,The Dardanelles is the southwestern passage in the Turkish Straits system.,Dardanellid moodustavad Türgi väinade süsteemi edelapoolse läbipääsu.,Dardanelles,https://en.wikipedia.org/wiki/Dardanelles,CC-BY-SA-4.0,2026-08-28,reviewed,true
built-in-geography-playable-corpus-039,built-in-geography,Geography Pack,built-in-geography-set-046,board,round-one,4,medium,mountains,"Narrow Waters, Wide Worlds","Kitsad väinad, avarad mered",Which busy passage between the Malay Peninsula and Sumatra joins the Indian and Pacific shipping worlds?,Milline tiheda liiklusega väin Malaka poolsaare ja Sumatra vahel ühendab India ning Vaikse ookeani laevateid?,Strait of Malacca,Malaka väin,Malacca Strait,Malaka väin,The Strait of Malacca is a major shipping route between the Indian Ocean and the South China Sea.,Malaka väin on oluline laevatee India ookeani ja Lõuna-Hiina mere vahel.,Strait of Malacca,https://en.wikipedia.org/wiki/Strait_of_Malacca,CC-BY-SA-4.0,2026-08-28,reviewed,true
built-in-geography-playable-corpus-040,built-in-geography,Geography Pack,built-in-geography-set-046,board,round-one,5,medium,mountains,"Narrow Waters, Wide Worlds","Kitsad väinad, avarad mered","Which strait, overlooked by Oman’s Musandam Peninsula, is one of the world’s most important oil-shipping chokepoints?",Milline Omaani Musandami poolsaare juures asuv väin on üks maailma tähtsamaid naftaveo kitsaskohti?,Strait of Hormuz,Hormuzi väin,Hormuz Strait;Hormuz,Hormuz,The Strait of Hormuz connects the Persian Gulf with the Gulf of Oman and is a major oil-shipping route.,Hormuzi väin ühendab Pärsia lahte Omaani lahega ja on tähtis naftaveo meretee.,Strait of Hormuz,https://en.wikipedia.org/wiki/Strait_of_Hormuz,CC-BY-SA-4.0,2026-08-28,reviewed,true
built-in-geography-playable-corpus-041,built-in-geography,Geography Pack,built-in-geography-set-048,board,round-one,1,medium,mountains,Peninsulas on the Map,Poolsaared maailmakaardil,Which Egyptian triangle of desert connects Africa with Asia between two arms of the Red Sea?,Milline Egiptuse kolmnurkne kõrbepiirkond ühendab Aafrikat Aasiaga Punase mere kahe haru vahel?,Sinai Peninsula,Siinai poolsaar,Sinai,Siinai,The Sinai Peninsula is Egypt's Asian land bridge between the Gulf of Suez and Gulf of Aqaba.,Siinai poolsaar on Egiptuse Aasia-poolne maismaasild Suessi ja Aqaba lahe vahel.,Sinai Peninsula,https://en.wikipedia.org/wiki/Sinai_Peninsula,CC-BY-SA-4.0,2026-08-28,reviewed,true
built-in-geography-playable-corpus-042,built-in-geography,Geography Pack,built-in-geography-set-048,board,round-one,2,medium,mountains,Peninsulas on the Map,Poolsaared maailmakaardil,North and South Korea share which peninsula between the Yellow Sea and Sea of Japan?,Millist Kollase mere ja Jaapani mere vahelist poolsaart jagavad Põhja- ja Lõuna-Korea?,Korean Peninsula,Korea poolsaar,,,The Korean Peninsula projects from mainland East Asia and is divided between two Korean states.,Korea poolsaar ulatub Ida-Aasia mandrist merre ning on jagatud kahe Korea riigi vahel.,Korean Peninsula,https://en.wikipedia.org/wiki/Korean_Peninsula,CC-BY-SA-4.0,2026-08-28,reviewed,true
built-in-geography-playable-corpus-043,built-in-geography,Geography Pack,built-in-geography-set-048,board,round-one,3,medium,mountains,Peninsulas on the Map,Poolsaared maailmakaardil,"Cancún, Maya ruins, and water-filled cenotes belong to which Mexican peninsula?","Millisel Mehhiko poolsaarel asuvad Cancún, maiade varemed ja veega täidetud cenote'd?",Yucatán Peninsula,Yucatáni poolsaar,Yucatan,Yucatán;Jukatani poolsaar,"The Yucatán Peninsula contains Cancún, major Maya sites, and extensive limestone cenotes.","Yucatáni poolsaarel asuvad Cancún, tähtsad maiade muistised ja ulatuslikud lubjakivicenote'd.",Yucatán Peninsula,https://en.wikipedia.org/wiki/Yucatán_Peninsula,CC-BY-SA-4.0,2026-08-28,reviewed,true
built-in-geography-playable-corpus-044,built-in-geography,Geography Pack,built-in-geography-set-048,board,round-one,4,medium,mountains,Peninsulas on the Map,Poolsaared maailmakaardil,Murmansk lies on which peninsula in Russia's far northwest?,Millisel Venemaa kauges loodeosas asuval poolsaarel paikneb Murmansk?,Kola Peninsula,Koola poolsaar,Kola,Koola,"The Kola Peninsula occupies Russia’s far northwest, with the Barents Sea to the north and the White Sea to the east and southeast.","Koola poolsaar asub Venemaa kauges loodeosas, Barentsi meri põhjas ning Valge meri idas ja kagus.",Kola Peninsula,https://en.wikipedia.org/wiki/Kola_Peninsula,CC-BY-SA-4.0,2026-08-28,reviewed,true
built-in-geography-playable-corpus-045,built-in-geography,Geography Pack,built-in-geography-set-048,board,round-one,5,medium,mountains,Peninsulas on the Map,Poolsaared maailmakaardil,A chain of active volcanoes and brown bears characterises which far-eastern Russian peninsula?,Millist Venemaa Kaug-Ida poolsaart iseloomustavad aktiivsete vulkaanide ahel ja pruunkarud?,Kamchatka Peninsula,Kamtšatka poolsaar,Kamchatka,Kamtšatka,Kamchatka is a volcanic peninsula in the Russian Far East between the Pacific and the Sea of Okhotsk.,Kamtšatka on Venemaa Kaug-Ida vulkaaniline poolsaar Vaikse ookeani ja Ohhoota mere vahel.,Kamchatka Peninsula,https://en.wikipedia.org/wiki/Kamchatka_Peninsula,CC-BY-SA-4.0,2026-08-28,reviewed,true
built-in-geography-playable-corpus-046,built-in-geography,Geography Pack,built-in-geography-set-059,board,round-one,1,medium,islands,Seas Framed by Continents,Mandrite vahele jäävad mered,The Greater and Lesser Antilles enclose which tropical Atlantic sea?,Millise troopilise Atlandi mere piiravad Suured ja Väikesed Antillid?,Caribbean Sea,Kariibi meri,the Caribbean,Kariibi meri,The Caribbean Sea is bordered to the east and north by the Antillean island arcs.,Kariibi merd piiravad idas ja põhjas Antillide saarekaared.,Caribbean Sea,https://en.wikipedia.org/wiki/Caribbean_Sea,CC-BY-SA-4.0,2026-08-28,reviewed,true
built-in-geography-playable-corpus-047,built-in-geography,Geography Pack,built-in-geography-set-059,board,round-one,2,medium,islands,Seas Framed by Continents,Mandrite vahele jäävad mered,Monsoon winds historically carried ships across which sea between Arabia and India?,Millisel Araabia ja India vahelisel merel kandsid mussoontuuled ajalooliselt laevu?,Arabian Sea,Araabia meri,the Arabian Sea,Araabia meri,The Arabian Sea lies between the Arabian Peninsula and India and formed a major monsoon trade route.,Araabia meri asub Araabia poolsaare ja India vahel ning oli tähtis mussoonkaubanduse tee.,Arabian Sea,https://en.wikipedia.org/wiki/Arabian_Sea,CC-BY-SA-4.0,2026-08-28,reviewed,true
built-in-geography-playable-corpus-048,built-in-geography,Geography Pack,built-in-geography-set-059,board,round-one,3,medium,islands,Seas Framed by Continents,Mandrite vahele jäävad mered,"Which marginal sea lies between the Japanese archipelago, the Korean Peninsula, and Russia?","Milline ääremeri jääb Jaapani saarestiku, Korea poolsaare ja Venemaa vahele?",Sea of Japan,Jaapani meri,East Sea;Korean East Sea,Idameri;Korea Idameri,The Sea of Japan is almost enclosed by the Japanese islands and the Asian mainland.,Jaapani merd piiravad suurelt osalt Jaapani saared ja Aasia manner.,Sea of Japan,https://en.wikipedia.org/wiki/Sea_of_Japan,CC-BY-SA-4.0,2026-08-28,reviewed,true
built-in-geography-playable-corpus-049,built-in-geography,Geography Pack,built-in-geography-set-059,board,round-one,4,medium,islands,Seas Framed by Continents,Mandrite vahele jäävad mered,The Great Barrier Reef lies in which Pacific marginal sea off northeastern Australia?,Millises Vaikse ookeani ääremeres Kirde-Austraalia rannikul asub Suur Vallrahu?,Coral Sea,Korallimeri,the Coral Sea,Korallimeri,The Coral Sea borders northeastern Australia and contains much of the Great Barrier Reef.,Korallimeri piirneb Kirde-Austraaliaga ja hõlmab suure osa Suurest Vallrahust.,Coral Sea,https://en.wikipedia.org/wiki/Coral_Sea,CC-BY-SA-4.0,2026-08-28,reviewed,true
built-in-geography-playable-corpus-050,built-in-geography,Geography Pack,built-in-geography-set-059,board,round-one,5,medium,islands,Seas Framed by Continents,Mandrite vahele jäävad mered,Which sea separates Australia from New Zealand?,Milline meri eraldab Austraaliat Uus-Meremaast?,Tasman Sea,Tasmani meri,the Tasman,Tasman,The Tasman Sea occupies the southwest Pacific between Australia and New Zealand.,Tasmani meri paikneb Vaikse ookeani edelaosas Austraalia ja Uus-Meremaa vahel.,Tasman Sea,https://en.wikipedia.org/wiki/Tasman_Sea,CC-BY-SA-4.0,2026-08-28,reviewed,true
built-in-geography-playable-corpus-051,built-in-geography,Geography Pack,built-in-geography-set-060,board,round-one,1,medium,islands,Great Lakes Beyond the Name,Suured järved vihjete järgi,Duluth and Thunder Bay face which largest and westernmost of North America's Great Lakes?,"Millise Põhja-Ameerika Suure järve, neist suurima ja läänepoolseima, kallastel asuvad Duluth ja Thunder Bay?",Lake Superior,Ülemjärv,Superior,Superior;Ülem järv,Lake Superior is the largest of the Great Lakes by surface area and lies west of the other four.,Ülemjärv on pindalalt Suurtest järvedest suurim ning paikneb ülejäänud neljast lääne pool.,Lake Superior,https://en.wikipedia.org/wiki/Lake_Superior,CC-BY-SA-4.0,2026-08-28,reviewed,true
built-in-geography-playable-corpus-052,built-in-geography,Geography Pack,built-in-geography-set-060,board,round-one,2,medium,islands,Great Lakes Beyond the Name,Suured järved vihjete järgi,Which crescent-shaped lake shared by Switzerland and France receives the Rhône near Montreux?,Milline Šveitsi ja Prantsusmaa vahel jagatud sirbikujuline järv võtab Montreux’ lähistel vastu Rhône’i jõe?,Lake Geneva,Genfi järv,Lake Léman;Lac Léman,Lémani järv;Lac Léman,"Lake Geneva lies on the Swiss–French border, with the Rhône entering at its eastern end.",Genfi järv paikneb Šveitsi-Prantsusmaa piiril ning Rhône suubub selle idaotsa.,Lake Geneva,https://en.wikipedia.org/wiki/Lake_Geneva,CC-BY-SA-4.0,2026-08-28,reviewed,true
built-in-geography-playable-corpus-053,built-in-geography,Geography Pack,built-in-geography-set-060,board,round-one,3,medium,islands,Great Lakes Beyond the Name,Suured järved vihjete järgi,The historic railway from Slyudyanka to the Angara’s source skirts the southwest shore of which Siberian lake?,Millise Siberi järve edelakallast järgib ajalooline raudtee Sljudjankast Angara jõe lähteni?,Lake Baikal,Baikali järv,Baikal,Baikal,The Circum-Baikal Railway follows a spectacular route along the lake’s southwestern shore.,Baikali ringraudtee kulgeb vaatemängulisel marsruudil mööda järve edelakallast.,Circum-Baikal Railway,https://en.wikipedia.org/wiki/Circum-Baikal_Railway,CC-BY-SA-4.0,2026-08-28,reviewed,true
built-in-geography-playable-corpus-054,built-in-geography,Geography Pack,built-in-geography-set-060,board,round-one,4,medium,islands,Great Lakes Beyond the Name,Suured järved vihjete järgi,"Which long African Rift lake touches Malawi, Mozambique, and Tanzania and is famed for its cichlid fish?","Milline pikk Aafrika rifti järv ulatub Malawi, Mosambiigi ja Tansaania piiridele ning on kuulus kirevahvenate poolest?",Lake Malawi,Malawi järv,Lake Nyasa;Nyasa,Njassa järv;Njassa,Lake Malawi fills part of the East African Rift and supports an exceptional diversity of cichlids.,Malawi järv täidab osa Ida-Aafrika riftist ning seal elab erakordselt palju kirevahvenalisi.,Lake Malawi,https://en.wikipedia.org/wiki/Lake_Malawi,CC-BY-SA-4.0,2026-08-28,reviewed,true
built-in-geography-playable-corpus-055,built-in-geography,Geography Pack,built-in-geography-set-060,board,round-one,5,medium,islands,Great Lakes Beyond the Name,Suured järved vihjete järgi,Samosir Island rises inside which immense volcanic caldera lake on Sumatra?,Millise Sumatra hiiglasliku vulkaanilise kaldeerajärve sees kõrgub Samosiri saar?,Lake Toba,Toba järv,Toba,Toba,"Lake Toba occupies a vast caldera formed by a supervolcanic eruption, with Samosir within it.","Toba järv täidab supervulkaani purskel tekkinud tohutut kaldeerat, mille sees asub Samosir.",Lake Toba,https://en.wikipedia.org/wiki/Lake_Toba,CC-BY-SA-4.0,2026-08-28,reviewed,true
built-in-geography-playable-corpus-056,built-in-geography,Geography Pack,built-in-geography-set-068,board,round-one,1,medium,borders,Lines That Divide,Maailma jagavad jooned,Churchill’s phrase for the Cold War boundary from the Baltic toward the Adriatic named which divide?,Millise külma sõja aegse Läänemerest Aadria suunas kulgenud eraldusjoone nimetas Churchill oma kuulsas väljendis?,Iron Curtain,raudne eesriie,the Iron Curtain,raudne kardin,The Iron Curtain described the political and physical division between Soviet-aligned and western Europe.,Raudne eesriie tähistas Nõukogude mõjusfääri ja Lääne-Euroopa poliitilist ning füüsilist eraldatust.,Iron Curtain,https://en.wikipedia.org/wiki/Iron_Curtain,CC-BY-SA-4.0,2026-08-28,reviewed,true
built-in-geography-playable-corpus-057,built-in-geography,Geography Pack,built-in-geography-set-068,board,round-one,2,medium,borders,Lines That Divide,Maailma jagavad jooned,Which fortified buffer strip separates the two Korean states near their armistice line?,Milline kindlustatud puhvertsoon eraldab kaht Korea riiki nende vaherahuliini ümber?,Korean Demilitarized Zone,Korea demilitariseeritud tsoon,Korean DMZ;DMZ,Korea DMZ;DMZ,The Korean Demilitarized Zone is a guarded buffer between North and South Korea around the armistice line.,Korea demilitariseeritud tsoon on Põhja- ja Lõuna-Korea vaheline valvatud puhver vaherahuliini ümber.,Korean Demilitarized Zone,https://en.wikipedia.org/wiki/Korean_Demilitarized_Zone,CC-BY-SA-4.0,2026-08-28,reviewed,true
built-in-geography-playable-corpus-058,built-in-geography,Geography Pack,built-in-geography-set-068,board,round-one,3,medium,borders,Lines That Divide,Maailma jagavad jooned,Which chain of French fortifications along the German frontier was named after a defence minister?,Milline Saksamaa piiri äärne Prantsuse kindlustuste ahel sai nime kaitseministri järgi?,Maginot Line,Maginot’ liin,the Maginot Line,Maginot’ kaitseliin,The Maginot Line was a system of French fortifications built along the country’s eastern frontier before the Second World War.,Maginot’ liin oli enne Teist maailmasõda Prantsusmaa idapiirile rajatud kindlustuste süsteem.,Maginot Line,https://en.wikipedia.org/wiki/Maginot_Line,CC-BY-SA-4.0,2026-08-28,reviewed,true
built-in-geography-playable-corpus-059,built-in-geography,Geography Pack,built-in-geography-set-068,board,round-one,4,medium,borders,Lines That Divide,Maailma jagavad jooned,Which landlocked territory west of the Jordan River includes cities such as Ramallah and Bethlehem?,Milline Jordani jõest läänes asuv merepiirita ala hõlmab selliseid linnu nagu Ramallah ja Petlemm?,West Bank,Läänekallas,the West Bank;Cisjordan,Jordani Läänekallas;Cisjordan,The West Bank lies west of the Jordan River and contains major Palestinian population centres.,Läänekallas asub Jordani jõest läänes ning hõlmab suuri Palestiina asustuskeskusi.,West Bank,https://en.wikipedia.org/wiki/West_Bank,CC-BY-SA-4.0,2026-08-28,reviewed,true
built-in-geography-playable-corpus-060,built-in-geography,Geography Pack,built-in-geography-set-068,board,round-one,5,medium,borders,Lines That Divide,Maailma jagavad jooned,"Which Himalayan region is divided among India, Pakistan, and China and claimed by more than one of them?","Milline Himaalaja piirkond on jagatud India, Pakistani ja Hiina vahel ning sellele esitavad nõude mitu riiki?",Kashmir,Kashmir,Kashmir region,Kashmiri piirkond,"Kashmir is a divided and disputed Himalayan region administered in parts by India, Pakistan, and China.","Kashmir on jagatud ja vaidlusalune Himaalaja piirkond, mille osi haldavad India, Pakistan ja Hiina.",Kashmir,https://en.wikipedia.org/wiki/Kashmir,CC-BY-SA-4.0,2026-08-28,reviewed,true
built-in-geography-playable-corpus-061,built-in-geography,Geography Pack,built-in-geography-set-069,board,round-one,1,medium,borders,Famous Landscapes Carved by Ice,Jää kujundatud kuulsad maastikud,Which five-lake system along the Canada–United States border fills basins deepened by continental ice?,Milline viiest järvest koosnev süsteem Kanada ja USA piiril täidab mandrijää süvendatud nõgusid?,Great Lakes,Suur järvistu,Laurentian Great Lakes,Põhja-Ameerika Suur järvistu;Laurentsi järvistu,The Great Lakes occupy basins whose modern form was strongly shaped by repeated glaciation.,"Suur järvistu paikneb nõgudes, mille tänapäevase kuju andsid korduvad jäätumised.",Great Lakes,https://en.wikipedia.org/wiki/Great_Lakes,CC-BY-SA-4.0,2026-08-28,reviewed,true
built-in-geography-playable-corpus-062,built-in-geography,Geography Pack,built-in-geography-set-069,board,round-one,2,medium,borders,Famous Landscapes Carved by Ice,Jää kujundatud kuulsad maastikud,Glacial erosion excavated which long Scottish lake along the Great Glen Fault?,Millise pika Šotimaa järve uuristas liustik Suure Gleni murrangujoonele?,Loch Ness,Loch Ness,Lake Ness,Loch Nessi järv;Nessi järv,Loch Ness occupies a basin along the Great Glen Fault that was deepened by glacial erosion.,"Loch Ness täidab Suure Gleni murranguvööndi nõgu, mida liustikukulum süvendas.",Loch Ness,https://en.wikipedia.org/wiki/Loch_Ness,CC-BY-SA-4.0,2026-08-28,reviewed,true
built-in-geography-playable-corpus-063,built-in-geography,Geography Pack,built-in-geography-set-069,board,round-one,3,medium,borders,Famous Landscapes Carved by Ice,Jää kujundatud kuulsad maastikud,El Capitan and Half Dome tower above which California valley widened and deepened by glaciers?,Millise California liustike laiendatud ja süvendatud oru kohal kõrguvad El Capitan ja Half Dome?,Yosemite Valley,Yosemite'i org,Yosemite,Yosemite,Yosemite Valley is a glacial valley with steep granite walls in the Sierra Nevada.,Yosemite'i org on Sierra Nevada järskude graniitseintega liustikuorg.,Yosemite Valley,https://en.wikipedia.org/wiki/Yosemite_Valley,CC-BY-SA-4.0,2026-08-28,reviewed,true
built-in-geography-playable-corpus-064,built-in-geography,Geography Pack,built-in-geography-set-069,board,round-one,4,medium,borders,Famous Landscapes Carved by Ice,Jää kujundatud kuulsad maastikud,Sheer walls and waterfalls rise around which New Zealand inlet carved by glaciers in Fiordland?,Millist Uus-Meremaa Fiordlandi liustike uuristatud lahte ümbritsevad püstloodsed seinad ja kosed?,Milford Sound,Milford Sound,Piopiotahi,Piopiotahi,Milford Sound is a glacially carved fiord in southwestern New Zealand.,Milford Sound on Uus-Meremaa edelaosas asuv liustiku uuristatud fjord.,Milford Sound,https://en.wikipedia.org/wiki/Milford_Sound,CC-BY-SA-4.0,2026-08-28,reviewed,true
built-in-geography-playable-corpus-065,built-in-geography,Geography Pack,built-in-geography-set-069,board,round-one,5,medium,borders,Famous Landscapes Carved by Ice,Jää kujundatud kuulsad maastikud,Which group of long narrow New York lakes resembles a handprint and occupies deep glacial valleys?,Milline pikkade kitsaste New Yorgi järvede rühm meenutab käejälge ning paikneb sügavates liustikuorgudes?,Finger Lakes,Finger Lakes,Finger Lakes region,Finger Lakesi järvistu,The Finger Lakes are long glacial lakes in western New York formed in overdeepened valleys.,"Finger Lakes on New Yorgi lääneosa pikad liustikujärved, mis tekkisid süvendatud orgudes.",Finger Lakes,https://en.wikipedia.org/wiki/Finger_Lakes,CC-BY-SA-4.0,2026-08-28,reviewed,true
built-in-geography-playable-corpus-066,built-in-geography,Geography Pack,built-in-geography-set-075,board,round-one,1,medium,maps-coordinates,Islands Built by Volcanoes,Vulkaanidest sündinud saared,Hotspot volcanoes built which Pacific chain whose youngest large island contains Mauna Loa?,Millise Vaikse ookeani saarestiku ehitasid kuumtäpivulkaanid ning selle noorimal suurel saarel asub Mauna Loa?,Hawaiian Islands,Hawaii saared,Hawaii archipelago,Hawaii saarestik,The Hawaiian chain formed as the Pacific Plate moved over a long-lived volcanic hotspot.,Hawaii saarestik tekkis Vaikse ookeani laama liikumisel püsiva vulkaanilise kuumtäpi kohal.,Hawaiian Islands,https://en.wikipedia.org/wiki/Hawaiian_Islands,CC-BY-SA-4.0,2026-08-28,reviewed,true
built-in-geography-playable-corpus-067,built-in-geography,Geography Pack,built-in-geography-set-075,board,round-one,2,medium,maps-coordinates,Islands Built by Volcanoes,Vulkaanidest sündinud saared,Whitewashed villages crown the rim of a flooded volcanic caldera on which Cycladic island?,Millise Küklaadide saare üleujutatud vulkaanikraatri serval paiknevad valgeks lubjatud külad?,Santorini,Santorini,Thira;Thera,Thíra;Thera,Santorini is the surviving island ring around a large caldera created by repeated eruptions.,Santorini moodustab korduvate pursete tekitatud suure kaldeera ümber säilinud saarerõnga.,Santorini,https://en.wikipedia.org/wiki/Santorini,CC-BY-SA-4.0,2026-08-28,reviewed,true
built-in-geography-playable-corpus-068,built-in-geography,Geography Pack,built-in-geography-set-075,board,round-one,3,medium,maps-coordinates,Islands Built by Volcanoes,Vulkaanidest sündinud saared,"Hallasan, a broad shield volcano, forms the summit of which South Korean island?",Millise Lõuna-Korea saare kõrgeima osa moodustab lai kilpvulkaan Hallasan?,Jeju Island,Jeju saar,Jeju-do;Jejudo,Jeju-do;Jejudo,Jeju is a volcanic island dominated by Hallasan and its surrounding lava landscape.,"Jeju on vulkaaniline saar, mille maastikku valitsevad Hallasan ja seda ümbritsevad laavavormid.",Jeju Island,https://en.wikipedia.org/wiki/Jeju_Island,CC-BY-SA-4.0,2026-08-28,reviewed,true
built-in-geography-playable-corpus-069,built-in-geography,Geography Pack,built-in-geography-set-075,board,round-one,4,medium,maps-coordinates,Islands Built by Volcanoes,Vulkaanidest sündinud saared,Piton de la Fournaise is the active shield volcano of which French island east of Madagascar?,Millise Madagaskarist idas asuva Prantsuse saare aktiivne kilpvulkaan on Piton de la Fournaise?,Réunion,Réunion,Reunion Island,Réunioni saar,"Réunion is a volcanic French island in the Indian Ocean, dominated by two great volcanic massifs.","Réunion on India ookeani vulkaaniline Prantsuse saar, mida valitsevad kaks suurt vulkaanilist massiivi.",Réunion,https://en.wikipedia.org/wiki/Réunion,CC-BY-SA-4.0,2026-08-28,reviewed,true
built-in-geography-playable-corpus-070,built-in-geography,Geography Pack,built-in-geography-set-075,board,round-one,5,medium,maps-coordinates,Islands Built by Volcanoes,Vulkaanidest sündinud saared,Which “Child” volcano grew in the Sunda Strait caldera left by the famous Krakatoa eruption?,Milline „lapsvulkaan“ kasvas Sunda väinas kuulsa Krakatau purske jäetud kaldeeras?,Anak Krakatau,Anak Krakatau,Anak Krakatoa;Child of Krakatoa,Krakatau laps;Anak Krakatoa,Anak Krakatau emerged within the caldera formed after the destruction of Krakatoa.,Anak Krakatau kerkis Krakatau hävingu järel tekkinud kaldeeras.,Anak Krakatoa,https://en.wikipedia.org/wiki/Anak_Krakatoa,CC-BY-SA-4.0,2026-08-28,reviewed,true
built-in-geography-playable-corpus-071,built-in-geography,Geography Pack,built-in-geography-set-086,board,round-one,1,medium,human-geography,Crops Rooted in Place,Paigaga juurdunud põllukultuurid,Which drink crop covers steep estates around Darjeeling beneath the Himalayas?,Millise joogikultuuri istandused katavad Himaalaja all Darjeelingi järske nõlvu?,Tea,tee,tea plant;Camellia sinensis,teepõõsas;teetaim,Darjeeling is surrounded by highland estates growing tea prized for its distinctive regional character.,"Darjeelingi ümbritsevad kõrgmaaistandused, kus kasvatatakse piirkonnale iseloomulikku teed.",Darjeeling tea,https://en.wikipedia.org/wiki/Darjeeling_tea,CC-BY-SA-4.0,2026-08-28,reviewed,true
built-in-geography-playable-corpus-072,built-in-geography,Geography Pack,built-in-geography-set-086,board,round-one,2,medium,human-geography,Crops Rooted in Place,Paigaga juurdunud põllukultuurid,Which stimulating bean crop has deep cultural and botanical roots in the Ethiopian highlands?,Millise ergutava oakultuuri botaanilised ja kultuurilised juured ulatuvad Etioopia kõrgmaale?,Coffee,kohv,coffee plant;Coffea,kohvipuu;kohvitaim,"Wild Coffea arabica is native to the Ethiopian highlands, where coffee also has a long cultural history.","Metsik Coffea arabica pärineb Etioopia kõrgmaalt, kus kohvil on ka pikk kultuurilugu.",Coffee,https://en.wikipedia.org/wiki/Coffee,CC-BY-SA-4.0,2026-08-28,reviewed,true
built-in-geography-playable-corpus-073,built-in-geography,Geography Pack,built-in-geography-set-086,board,round-one,3,medium,human-geography,Crops Rooted in Place,Paigaga juurdunud põllukultuurid,Paddies fed by monsoon floods make which grain the staple crop of the Mekong lowlands?,Millise teravilja muudavad mussoonitulvadest toidetud põllud Mekongi madaliku põhikultuuriks?,Rice,riis,paddy rice;Asian rice,põldriis;aasia riis,Wet-rice farming is widespread across the floodplains and delta of the lower Mekong.,Märgriisi kasvatamine on laialt levinud Mekongi alamjooksu lammidel ja deltas.,Rice production in Vietnam,https://en.wikipedia.org/wiki/Rice_production_in_Vietnam,CC-BY-SA-4.0,2026-08-28,reviewed,true
built-in-geography-playable-corpus-074,built-in-geography,Geography Pack,built-in-geography-set-086,board,round-one,4,medium,human-geography,Crops Rooted in Place,Paigaga juurdunud põllukultuurid,Terraced groves around the Mediterranean produce which fruit pressed for oil?,Millist õliks pressitavat vilja annavad Vahemere ümbruse terrassidel kasvavad salud?,Olive,oliiv,olives;olive fruit,oliivid;õlipuu vili,"Olive trees are a characteristic Mediterranean crop, valued especially for their oil-bearing fruit.","Õlipuu on Vahemere maade iseloomulik kultuur, mida hinnatakse eelkõige õlirikka vilja tõttu.",Olive,https://en.wikipedia.org/wiki/Olive,CC-BY-SA-4.0,2026-08-28,reviewed,true
built-in-geography-playable-corpus-075,built-in-geography,Geography Pack,built-in-geography-set-086,board,round-one,5,medium,human-geography,Crops Rooted in Place,Paigaga juurdunud põllukultuurid,The gravelly soils near the Gironde estuary are planted chiefly with which fruit crop?,Millise viljakultuuri istandused katavad Gironde'i suudme ümbruse kruusaseid muldi?,Wine grapes,veiniviinamarjad,grapes;grapevines,viinamarjad;viinapuud,Bordeaux's vineyards grow grape varieties adapted to the soils and maritime climate around the Gironde.,Bordeaux' viinamarjaistandustes kasvavad Gironde'i ümbruse muldade ja merelise kliimaga sobivad sordid.,Bordeaux wine regions,https://en.wikipedia.org/wiki/Bordeaux_wine_regions,CC-BY-SA-4.0,2026-08-28,reviewed,true
built-in-geography-playable-corpus-076,built-in-geography,Geography Pack,built-in-geography-set-095,board,round-one,1,medium,landmarks,Landscapes of Power and Fuel,Energia kujundatud maastikud,Which immense Yangtze project near Yichang generates hydroelectricity and controls river flow?,Milline hiiglaslik Jangtse projekt Yichangi lähedal toodab hüdroenergiat ja reguleerib jõevoolu?,Three Gorges Dam,Kolme Kuristiku tamm,Three Gorges Project,Kolme Kuristiku projekt,The Three Gorges Dam spans the Yangtze near Yichang and operates a vast hydroelectric plant.,Kolme Kuristiku tamm ületab Jangtse Yichangi lähedal ning seal töötab tohutu hüdroelektrijaam.,Three Gorges Dam,https://en.wikipedia.org/wiki/Three_Gorges_Dam,CC-BY-SA-4.0,2026-08-28,reviewed,true
built-in-geography-playable-corpus-077,built-in-geography,Geography Pack,built-in-geography-set-095,board,round-one,2,medium,landmarks,Landscapes of Power and Fuel,Energia kujundatud maastikud,"Which renewable energy source, tapped from volcanic heat, supplies much of Iceland’s district heating?",Milline vulkaanilisest maasoojusest ammutatav taastuvenergia liik annab suure osa Islandi kaugküttest?,Geothermal energy,maasoojusenergia,geothermal power;geothermal heating,geotermaalenergia;maasoojus,Iceland uses abundant geothermal resources for space heating as well as electricity generation.,Island kasutab rikkalikku maasoojust nii hoonete kütmiseks kui ka elektri tootmiseks.,Geothermal power in Iceland,https://en.wikipedia.org/wiki/Geothermal_power_in_Iceland,CC-BY-SA-4.0,2026-08-28,reviewed,true
built-in-geography-playable-corpus-078,built-in-geography,Geography Pack,built-in-geography-set-095,board,round-one,3,medium,landmarks,Landscapes of Power and Fuel,Energia kujundatud maastikud,Platforms between Britain and Norway extract oil and gas from which shallow European sea?,Millisest madalast Euroopa merest ammutavad Suurbritannia ja Norra vahelised platvormid naftat ning gaasi?,North Sea,Põhjameri,the North Sea,Põhjameri,Large offshore petroleum fields were developed beneath the North Sea between Britain and continental Europe.,Suured avamere nafta- ja gaasiväljad rajati Põhjamere põhja Suurbritannia ja Mandri-Euroopa vahel.,North Sea oil,https://en.wikipedia.org/wiki/North_Sea_oil,CC-BY-SA-4.0,2026-08-28,reviewed,true
built-in-geography-playable-corpus-079,built-in-geography,Geography Pack,built-in-geography-set-095,board,round-one,4,medium,landmarks,Landscapes of Power and Fuel,Energia kujundatud maastikud,Coal mines and steel cities created which German industrial region around Essen and Dortmund?,Millise Esseni ja Dortmundi ümbruse Saksa tööstuspiirkonna kujundasid söekaevandused ja teraselinnad?,Ruhr,Ruhr,Ruhr area;Ruhr district,Ruhri piirkond;Ruhri ala,The Ruhr developed as Germany's major coal-mining and heavy-industrial district.,Ruhr kujunes Saksamaa suureks söekaevandus- ja rasketööstuspiirkonnaks.,Ruhr,https://en.wikipedia.org/wiki/Ruhr,CC-BY-SA-4.0,2026-08-28,reviewed,true
built-in-geography-playable-corpus-080,built-in-geography,Geography Pack,built-in-geography-set-095,board,round-one,5,medium,landmarks,Landscapes of Power and Fuel,Energia kujundatud maastikud,"Near Fort McMurray, bitumen is extracted from which vast Canadian deposit?",Millisest hiiglaslikust Kanada maardlast ammutatakse Fort McMurray lähedal bituumenit?,Athabasca oil sands,Athabasca naftaliivad,Athabasca tar sands,Athabasca tõrvaliivad,The Athabasca oil sands in northeastern Alberta contain extensive deposits of bitumen.,Alberta kirdeosas paiknevad Athabasca naftaliivad sisaldavad ulatuslikke bituumenivarusid.,Athabasca oil sands,https://en.wikipedia.org/wiki/Athabasca_oil_sands,CC-BY-SA-4.0,2026-08-28,reviewed,true
built-in-geography-accessible-corpus-131,built-in-geography,Geography Pack,built-in-geography-set-001,board,round-one,1,easy,countries-capitals,Geography: Natural Giants of Earth,Geograafia: Maa loodushiiglased,Which ocean covers more of Earth than any other?,Milline ookean katab Maast suurema osa kui ükski teine ookean?,the Pacific Ocean,Vaikne ookean,Pacific,Pacific Ocean,The Pacific covers a wider area and reaches greater depths than the other ocean divisions.,Vaikne ookean katab teistest ookeanidest suurema ala ja ulatub sügavamale.,Pacific Ocean,https://en.wikipedia.org/wiki/Pacific_Ocean,CC-BY-SA-4.0,2026-08-31,reviewed,true
built-in-geography-accessible-corpus-132,built-in-geography,Geography Pack,built-in-geography-set-001,board,round-one,2,easy,countries-capitals,Geography: Natural Giants of Earth,Geograafia: Maa loodushiiglased,Which Himalayan peak reaches the greatest height above sea level?,Milline Himaalaja tipp ulatub merepinnast kõige kõrgemale?,Mount Everest,Mount Everest,Everest,Everest;Džomolungma,Mount Everest’s summit stands farther above sea level than that of any other mountain.,Mount Everesti tipp asub merepinnast kõrgemal kui ühegi teise mäe tipp.,Mount Everest,https://en.wikipedia.org/wiki/Mount_Everest,CC-BY-SA-4.0,2026-08-31,reviewed,true
built-in-geography-accessible-corpus-133,built-in-geography,Geography Pack,built-in-geography-set-001,board,round-one,3,easy,countries-capitals,Geography: Natural Giants of Earth,Geograafia: Maa loodushiiglased,Which vast hot desert stretches across much of North Africa?,Milline tohutu kuum kõrb ulatub üle suure osa Põhja-Aafrikast?,the Sahara,Sahara,Sahara Desert,Sahara kõrb,"The Sahara spans most of North Africa between the Atlantic, Red Sea, Sahel, and Mediterranean.","Sahara katab suure osa Põhja-Aafrikast Atlandi ookeani, Punase mere, Saheli ja Vahemere vahel.",Sahara,https://en.wikipedia.org/wiki/Sahara,CC-BY-SA-4.0,2026-08-31,reviewed,true
built-in-geography-accessible-corpus-134,built-in-geography,Geography Pack,built-in-geography-set-001,board,round-one,4,easy,countries-capitals,Geography: Natural Giants of Earth,Geograafia: Maa loodushiiglased,Which Bolivian salt flat becomes a giant natural mirror after rain?,Milline Boliivia soolatasandik muutub pärast vihma hiiglaslikuks looduslikuks peegliks?,Salar de Uyuni,Uyuni soolatasandik,Uyuni salt flat,Salar de Uyuni;Uyuni soolak,A thin layer of rainwater can turn Salar de Uyuni’s vast white surface into a natural mirror.,Õhuke vihmaveekiht võib muuta Uyuni soolatasandiku avara valge pinna looduslikuks peegliks.,Salar de Uyuni,https://en.wikipedia.org/wiki/Salar_de_Uyuni,CC-BY-SA-4.0,2026-08-31,reviewed,true
built-in-geography-accessible-corpus-135,built-in-geography,Geography Pack,built-in-geography-set-001,board,round-one,5,easy,countries-capitals,Geography: Natural Giants of Earth,Geograafia: Maa loodushiiglased,Which Siberian lake is the deepest lake in the world?,Milline Siberi järv on maailma sügavaim?,Lake Baikal,Baikali järv,Baikal,Baikal,Lake Baikal reaches greater depths than any other lake and holds a vast volume of fresh water.,Baikali järv ulatub sügavamale kui ükski teine järv ning sisaldab tohutul hulgal magevett.,Lake Baikal,https://en.wikipedia.org/wiki/Lake_Baikal,CC-BY-SA-4.0,2026-08-31,reviewed,true
built-in-geography-accessible-corpus-136,built-in-geography,Geography Pack,built-in-geography-set-003,board,round-one,1,easy,countries-capitals,Geography: Islands with a Story,Geograafia: Lugudega saared,Which Spanish Mediterranean island is home to Palma and is famous as a beach-holiday destination?,Millisel Hispaania Vahemere saarel asub Palma ning mis on tuntud rannapuhkuse sihtkoht?,Mallorca,Mallorca,Majorca,Mallorca saar;Majorca,"Mallorca belongs to Spain’s Balearic Islands, and its capital is Palma.",Mallorca kuulub Hispaania Baleaaride saarestikku ning selle pealinn on Palma.,Mallorca,https://en.wikipedia.org/wiki/Mallorca,CC-BY-SA-4.0,2026-08-31,reviewed,true
built-in-geography-accessible-corpus-137,built-in-geography,Geography Pack,built-in-geography-set-003,board,round-one,2,easy,countries-capitals,Geography: Islands with a Story,Geograafia: Lugudega saared,Which huge Arctic island lies mostly beneath an ice sheet?,Milline tohutu Arktika saar asub suuresti jääkilbi all?,Greenland,Gröönimaa,,,Greenland is an Arctic island between the North Atlantic and Arctic oceans.,Gröönimaa on Arktika saar Põhja-Atlandi ja Põhja-Jäämere vahel.,Greenland,https://en.wikipedia.org/wiki/Greenland,CC-BY-SA-4.0,2026-08-31,reviewed,true
built-in-geography-accessible-corpus-138,built-in-geography,Geography Pack,built-in-geography-set-003,board,round-one,3,easy,countries-capitals,Geography: Islands with a Story,Geograafia: Lugudega saared,Which remote Pacific island is famous for giant stone statues called moai?,Milline kauge Vaikse ookeani saar on kuulus moai-nimeliste hiiglaslike kivikujude poolest?,Easter Island,Lihavõttesaar,Rapa Nui,Rapa Nui,"Rapa Nui, also called Easter Island, is known for monumental moai carved by Polynesian islanders.",Rapa Nui ehk Lihavõttesaar on tuntud Polüneesia saareelanike raiutud monumentaalsete moai-kujude poolest.,Easter Island,https://en.wikipedia.org/wiki/Easter_Island,CC-BY-SA-4.0,2026-08-31,reviewed,true
built-in-geography-accessible-corpus-139,built-in-geography,Geography Pack,built-in-geography-set-003,board,round-one,4,easy,countries-capitals,Geography: Islands with a Story,Geograafia: Lugudega saared,"Which Southeast Asian island is divided among Indonesia, Malaysia, and Brunei?","Milline Kagu-Aasia saar on jagatud Indoneesia, Malaisia ja Brunei vahel?",Borneo,Borneo,,,"Indonesia occupies most of Borneo, while Malaysia and Brunei share its northern part.","Suurem osa Borneost kuulub Indoneesiale, põhjaosa jagavad Malaisia ja Brunei.",Borneo,https://en.wikipedia.org/wiki/Borneo,CC-BY-SA-4.0,2026-08-31,reviewed,true
built-in-geography-accessible-corpus-140,built-in-geography,Geography Pack,built-in-geography-set-003,board,round-one,5,easy,countries-capitals,Geography: Islands with a Story,Geograafia: Lugudega saared,Which Japanese island is home to both Tokyo and Mount Fuji?,Millisel Jaapani saarel asuvad nii Tokyo kui ka Fuji mägi?,Honshu,Honshū,Honshū,Honshu,"Honshu contains Tokyo, Mount Fuji, and many other major Japanese cities.","Honshūl asuvad Tokyo, Fuji mägi ja paljud teised Jaapani suurlinnad.",Honshu,https://en.wikipedia.org/wiki/Honshu,CC-BY-SA-4.0,2026-08-31,reviewed,true
built-in-geography-accessible-corpus-141,built-in-geography,Geography Pack,built-in-geography-set-010,board,round-one,1,easy,cities,Geography: Routes That Changed the Map,"Geograafia: Teed, mis muutsid kaarti",Which canal lets ships cross between the Atlantic and Pacific without sailing around South America?,Milline kanal võimaldab laevadel liikuda Atlandi ja Vaikse ookeani vahel ümber Lõuna-Ameerika sõitmata?,the Panama Canal,Panama kanal,Panama Canal,Panama Canal,The Panama Canal cuts across the Isthmus of Panama and links the two oceans.,Panama kanal läbib Panama maakitsust ning ühendab kaks ookeani.,Panama Canal,https://en.wikipedia.org/wiki/Panama_Canal,CC-BY-SA-4.0,2026-08-31,reviewed,true
built-in-geography-accessible-corpus-142,built-in-geography,Geography Pack,built-in-geography-set-010,board,round-one,2,easy,cities,Geography: Routes That Changed the Map,"Geograafia: Teed, mis muutsid kaarti",Which rail tunnel carries trains beneath the English Channel between Britain and France?,Milline raudteetunnel viib rongid Suurbritannia ja Prantsusmaa vahel La Manche’i väina alt läbi?,the Channel Tunnel,La Manche’i tunnel,Channel Tunnel;Eurotunnel;Chunnel,Eurotunnel,The Channel Tunnel links Folkestone in England with Coquelles near Calais in France.,La Manche’i tunnel ühendab Inglismaal Folkestone’i ja Prantsusmaal Calais’ lähedal asuva Coquelles’i.,Channel Tunnel,https://en.wikipedia.org/wiki/Channel_Tunnel,CC-BY-SA-4.0,2026-08-31,reviewed,true
built-in-geography-accessible-corpus-143,built-in-geography,Geography Pack,built-in-geography-set-010,board,round-one,3,easy,cities,Geography: Routes That Changed the Map,"Geograafia: Teed, mis muutsid kaarti",Which Egyptian canal gives ships a direct route between the Mediterranean and Red seas?,Milline Egiptuse kanal annab laevadele otsetee Vahemere ja Punase mere vahel?,the Suez Canal,Suessi kanal,Suez Canal,Suez Canal,The Suez Canal crosses the Isthmus of Suez and avoids the voyage around Africa.,Suessi kanal läbib Suessi maakitsust ning võimaldab vältida ümber Aafrika sõitmist.,Suez Canal,https://en.wikipedia.org/wiki/Suez_Canal,CC-BY-SA-4.0,2026-08-31,reviewed,true
built-in-geography-accessible-corpus-144,built-in-geography,Geography Pack,built-in-geography-set-010,board,round-one,4,easy,cities,Geography: Routes That Changed the Map,"Geograafia: Teed, mis muutsid kaarti",Which famous railway crosses Russia from Moscow to Vladivostok?,Milline kuulus raudtee kulgeb läbi Venemaa Moskvast Vladivostokki?,the Trans-Siberian Railway,Trans-Siberi raudtee,Trans-Siberian Railroad;Trans-Siberian,Transsiberi raudtee;Trans-Siberian Railway,The Trans-Siberian Railway forms the principal rail connection across Russia to the Pacific coast.,Trans-Siberi raudtee moodustab peamise raudteeühenduse läbi Venemaa Vaikse ookeani rannikule.,Trans-Siberian Railway,https://en.wikipedia.org/wiki/Trans-Siberian_Railway,CC-BY-SA-4.0,2026-08-31,reviewed,true
built-in-geography-accessible-corpus-145,built-in-geography,Geography Pack,built-in-geography-set-010,board,round-one,5,easy,cities,Geography: Routes That Changed the Map,"Geograafia: Teed, mis muutsid kaarti",Which rough sea passage separates Cape Horn from Antarctica?,Milline tormine mereväin eraldab Hoorni neeme Antarktikast?,the Drake Passage,Drake’i väin,Drake Passage;Sea of Hoces,Drake Passage,The Drake Passage lies between South America’s Cape Horn and the South Shetland Islands of Antarctica.,Drake’i väin asub Lõuna-Ameerika Hoorni neeme ja Antarktika Lõuna-Shetlandi saarte vahel.,Drake Passage,https://en.wikipedia.org/wiki/Drake_Passage,CC-BY-SA-4.0,2026-08-31,reviewed,true
built-in-geography-accessible-corpus-146,built-in-geography,Geography Pack,built-in-geography-set-011,board,round-one,1,easy,cities,Geography: The World Is Full of Surprises,Geograafia: Maailm on täis üllatusi,Which ice-covered continent is classed as a desert because it receives so little precipitation?,Millist jääga kaetud maailmajagu liigitatakse väheste sademete tõttu kõrbeks?,Antarctica,Antarktika,,,Antarctica receives so little precipitation that it is classified as a polar desert.,"Antarktikas sajab nii vähe, et seda liigitatakse polaarkõrbeks.",Antarctica,https://en.wikipedia.org/wiki/Antarctica,CC-BY-SA-4.0,2026-08-31,reviewed,true
built-in-geography-accessible-corpus-147,built-in-geography,Geography Pack,built-in-geography-set-011,board,round-one,2,easy,cities,Geography: The World Is Full of Surprises,Geograafia: Maailm on täis üllatusi,"Despite its name, what kind of body of water is the Dead Sea?",Mis liiki veekogu on Surnumeri oma nimest hoolimata?,a salt lake,soolajärv,saline lake;lake,soolane järv;järv,The Dead Sea is a landlocked hypersaline lake between Jordan and the West Bank.,Surnumeri on Jordaania ja Jordani Läänekalda vahel asuv äravooluta ülisoolane järv.,Dead Sea,https://en.wikipedia.org/wiki/Dead_Sea,CC-BY-SA-4.0,2026-08-31,reviewed,true
built-in-geography-accessible-corpus-148,built-in-geography,Geography Pack,built-in-geography-set-011,board,round-one,3,easy,cities,Geography: The World Is Full of Surprises,Geograafia: Maailm on täis üllatusi,Which European country is famous for polders reclaimed from lakes and the sea?,Milline Euroopa riik on tuntud järvedelt ja merelt tagasi võidetud poldermaade poolest?,the Netherlands,Madalmaad,Netherlands;Holland,Holland,"Dutch dikes, drainage works, and polders have created extensive reclaimed land.","Madalmaade tammid, kuivendussüsteemid ja poldrid on loonud ulatuslikke merelt võidetud alasid.",Land reclamation in the Netherlands,https://en.wikipedia.org/wiki/Land_reclamation_in_the_Netherlands,CC-BY-SA-4.0,2026-08-31,reviewed,true
built-in-geography-accessible-corpus-149,built-in-geography,Geography Pack,built-in-geography-set-011,board,round-one,4,easy,cities,Geography: The World Is Full of Surprises,Geograafia: Maailm on täis üllatusi,Which African kingdom is completely surrounded by South Africa?,Milline Aafrika kuningriik on igast küljest ümbritsetud Lõuna-Aafrika Vabariigiga?,Lesotho,Lesotho,Kingdom of Lesotho,Lesotho Kuningriik,Lesotho is an independent mountain kingdom entirely enclosed by South African territory.,"Lesotho on iseseisev mägine kuningriik, mida ümbritseb täielikult Lõuna-Aafrika Vabariigi territoorium.",Lesotho,https://en.wikipedia.org/wiki/Lesotho,CC-BY-SA-4.0,2026-08-31,reviewed,true
built-in-geography-accessible-corpus-150,built-in-geography,Geography Pack,built-in-geography-set-011,board,round-one,5,easy,cities,Geography: The World Is Full of Surprises,Geograafia: Maailm on täis üllatusi,Which major African river crosses the Equator twice?,Milline suur Aafrika jõgi ületab ekvaatori kaks korda?,the Congo River,Kongo jõgi,Congo;Zaire River,Kongo;Sairi jõgi,The Congo’s broad arc carries it across the Equator once northward and once southward.,Kongo jõe lai kaar viib selle üle ekvaatori korra põhja ja korra lõuna suunas.,Congo River,https://en.wikipedia.org/wiki/Congo_River,CC-BY-SA-4.0,2026-08-31,reviewed,true
built-in-geography-accessible-corpus-151,built-in-geography,Geography Pack,built-in-geography-set-013,board,round-one,1,easy,cities,Geography: Weather That Travels,Geograafia: Rändav ilm,What name is used for a powerful tropical cyclone over the North Atlantic?,Kuidas nimetatakse võimsat troopilist tsüklonit Põhja-Atlandil?,hurricane,orkaan,Atlantic hurricane,hurikaan,Tropical cyclones in the North Atlantic and northeastern Pacific are called hurricanes.,Põhja-Atlandi ja Vaikse ookeani kirdeosa troopilisi tsükloneid nimetatakse orkaanideks.,Tropical cyclone,https://en.wikipedia.org/wiki/Tropical_cyclone,CC-BY-SA-4.0,2026-08-31,reviewed,true
built-in-geography-accessible-corpus-152,built-in-geography,Geography Pack,built-in-geography-set-013,board,round-one,2,easy,cities,Geography: Weather That Travels,Geograafia: Rändav ilm,Which seasonal wind system brings a major rainy season to much of South Asia?,Milline hooajaline tuulesüsteem toob suurele osale Lõuna-Aasiast tugeva vihmaperioodi?,monsoon,mussoon,,,The South Asian monsoon reverses wind direction seasonally and carries moist ocean air over land.,Lõuna-Aasia mussoon muudab hooajaliselt tuule suunda ning kannab niisket ookeaniõhku maismaa kohale.,Monsoon,https://en.wikipedia.org/wiki/Monsoon,CC-BY-SA-4.0,2026-08-31,reviewed,true
built-in-geography-accessible-corpus-153,built-in-geography,Geography Pack,built-in-geography-set-013,board,round-one,3,easy,cities,Geography: Weather That Travels,Geograafia: Rändav ilm,What fast ribbon of air high in the atmosphere helps steer weather systems?,Milline kiire õhuvool kõrgel atmosfääris aitab ilmasüsteeme suunata?,the jet stream,jugavool,jetstream,reaktiivvool,Jet streams are narrow bands of strong winds that influence the paths of weather systems.,"Jugavoolud on kitsad tugevate tuulte vööndid, mis mõjutavad ilmasüsteemide liikumisteid.",Jet stream,https://en.wikipedia.org/wiki/Jet_stream,CC-BY-SA-4.0,2026-08-31,reviewed,true
built-in-geography-accessible-corpus-154,built-in-geography,Geography Pack,built-in-geography-set-013,board,round-one,4,easy,cities,Geography: Weather That Travels,Geograafia: Rändav ilm,What dry region forms on the sheltered side of a mountain range after moist air loses rain on the windward side?,"Kuidas nimetatakse kuiva ala mäestiku varjuküljel, kui niiske õhk on tuulepealsel nõlval vihma maha sadanud?",rain shadow,vihmavari,precipitation shadow,sademetevari;vihmavarjuala,"Descending air warms and dries on the leeward side, producing a rain-shadow region.",Laskuv õhk soojeneb ja kuivab tuulealusel küljel ning tekitab vihmavarjualuse piirkonna.,Rain shadow,https://en.wikipedia.org/wiki/Rain_shadow,CC-BY-SA-4.0,2026-08-31,reviewed,true
built-in-geography-accessible-corpus-155,built-in-geography,Geography Pack,built-in-geography-set-013,board,round-one,5,easy,cities,Geography: Weather That Travels,Geograafia: Rändav ilm,"What name is given to a long, narrow band of air carrying huge amounts of water vapour?","Kuidas nimetatakse pikka kitsast õhuvööndit, mis kannab tohutul hulgal veeauru?",an atmospheric river,atmosfäärijõgi,atmospheric river,atmosfääri jõgi,Atmospheric rivers can transport tropical moisture over great distances and produce heavy rain or snow.,Atmosfäärijõed võivad kanda troopilist niiskust väga kaugele ning tuua tugevat vihma või lund.,Atmospheric river,https://en.wikipedia.org/wiki/Atmospheric_river,CC-BY-SA-4.0,2026-08-31,reviewed,true
built-in-geography-accessible-corpus-156,built-in-geography,Geography Pack,built-in-geography-set-018,board,round-one,1,easy,cities,"Geography: North, South, and the Polar World","Geograafia: Põhi, lõuna ja polaarmaailm",What is the southern point where Earth’s rotation axis meets its surface called?,Kuidas nimetatakse Maa telje ja maapinna lõunapoolset lõikepunkti?,the South Pole,lõunapoolus,geographic South Pole;South Pole,geograafiline lõunapoolus,The geographic South Pole is the southern endpoint of Earth’s axis of rotation.,Geograafiline lõunapoolus on Maa pöörlemistelje lõunapoolne otspunkt.,South Pole,https://en.wikipedia.org/wiki/South_Pole,CC-BY-SA-4.0,2026-08-31,reviewed,true
built-in-geography-accessible-corpus-157,built-in-geography,Geography Pack,built-in-geography-set-018,board,round-one,2,easy,cities,"Geography: North, South, and the Polar World","Geograafia: Põhi, lõuna ja polaarmaailm",Which polar region is the natural home of wild polar bears?,Milline polaarpiirkond on looduslike jääkarude kodu?,the Arctic,Arktika,Arctic region,põhjapolaarala,"Wild polar bears live around the ice-covered seas of the Arctic, not in Antarctica.","Looduslikud jääkarud elavad Arktika jääga kaetud merede ümbruses, mitte Antarktikas.",Polar bear,https://en.wikipedia.org/wiki/Polar_bear,CC-BY-SA-4.0,2026-08-31,reviewed,true
built-in-geography-accessible-corpus-158,built-in-geography,Geography Pack,built-in-geography-set-018,board,round-one,3,easy,cities,"Geography: North, South, and the Polar World","Geograafia: Põhi, lõuna ja polaarmaailm",In which half of the globe are Antarctica and nearly all wild penguin populations found?,Kummal poolkeral asuvad Antarktika ja peaaegu kõik looduslikud pingviinipopulatsioonid?,the Southern Hemisphere,lõunapoolkera,southern half of the globe,lõunapoolne poolkera,"Nearly all wild penguins live in the Southern Hemisphere, although Galápagos penguins can occur just north of the Equator.","Peaaegu kõik looduslikud pingviinid elavad lõunapoolkeral, ehkki Galápagose pingviine leidub ka vahetult ekvaatorist põhja pool.",Penguin,https://en.wikipedia.org/wiki/Penguin,CC-BY-SA-4.0,2026-08-31,reviewed,true
built-in-geography-accessible-corpus-159,built-in-geography,Geography Pack,built-in-geography-set-018,board,round-one,4,easy,cities,"Geography: North, South, and the Polar World","Geograafia: Põhi, lõuna ja polaarmaailm",What phenomenon keeps the Sun visible at local midnight during polar summer?,"Kuidas nimetatakse nähtust, mille puhul püsib Päike polaaraladel suvel nähtaval ka keskööl?",the midnight sun,keskööpäike,polar day,polaarpäev,"Inside the polar circles, Earth’s axial tilt can keep the Sun above the horizon through the night.",Polaarjoonte sees võib Maa telje kalle hoida Päikese kogu öö horisondi kohal.,Midnight sun,https://en.wikipedia.org/wiki/Midnight_sun,CC-BY-SA-4.0,2026-08-31,reviewed,true
built-in-geography-accessible-corpus-160,built-in-geography,Geography Pack,built-in-geography-set-018,board,round-one,5,easy,cities,"Geography: North, South, and the Polar World","Geograafia: Põhi, lõuna ja polaarmaailm",What is the southern counterpart of the aurora borealis called?,Kuidas nimetatakse virmaliste lõunapoolset vastet?,aurora australis,lõunatuled,southern lights;southern aurora,aurora australis;lõunavirmalised,Aurora australis is the Southern Hemisphere display produced by charged particles in Earth’s upper atmosphere.,"Lõunatuled on lõunapoolkera valgusnähtus, mille tekitavad Maa ülakihtides laetud osakesed.",Aurora,https://en.wikipedia.org/wiki/Aurora,CC-BY-SA-4.0,2026-08-31,reviewed,true
built-in-geography-accessible-corpus-161,built-in-geography,Geography Pack,built-in-geography-set-030,board,round-one,1,easy,physical-geography,Geography: Cities Shaped by Their Setting,Geograafia: Asukoha kujundatud linnad,Which Italian city spreads across islands in a lagoon and uses canals as streets?,Milline Itaalia linn paikneb laguuni saartel ning kasutab kanaleid tänavatena?,Venice,Veneetsia,,,Venice was built on islands in the Venetian Lagoon and is linked by canals and bridges.,Veneetsia rajati Veneetsia laguuni saartele ning seda ühendavad kanalid ja sillad.,Venice,https://en.wikipedia.org/wiki/Venice,CC-BY-SA-4.0,2026-08-31,reviewed,true
built-in-geography-accessible-corpus-162,built-in-geography,Geography Pack,built-in-geography-set-030,board,round-one,2,easy,physical-geography,Geography: Cities Shaped by Their Setting,Geograafia: Asukoha kujundatud linnad,Which European capital grew from Buda and Pest on opposite banks of the Danube?,Milline Euroopa pealinn kujunes Doonau vastaskallastel asunud Budast ja Pestist?,Budapest,Budapest,,,Buda and Pest were unified with Óbuda in 1873 to form Budapest on both sides of the Danube.,Buda ja Pest ühendati 1873. aastal Óbudaga ning nii tekkis mõlemal pool Doonaud asuv Budapest.,Budapest,https://en.wikipedia.org/wiki/Budapest,CC-BY-SA-4.0,2026-08-31,reviewed,true
built-in-geography-accessible-corpus-163,built-in-geography,Geography Pack,built-in-geography-set-030,board,round-one,3,easy,physical-geography,Geography: Cities Shaped by Their Setting,Geograafia: Asukoha kujundatud linnad,Which Brazilian city curves around Guanabara Bay beneath Sugarloaf Mountain?,Milline Brasiilia linn kaardub Guanabara lahe ümber Suhkrupeamäe all?,Rio de Janeiro,Rio de Janeiro,Rio,Rio,Rio de Janeiro developed around Guanabara Bay between steep granite peaks and the Atlantic.,Rio de Janeiro kujunes Guanabara lahe ümber järskude graniittippude ja Atlandi ookeani vahel.,Rio de Janeiro,https://en.wikipedia.org/wiki/Rio_de_Janeiro,CC-BY-SA-4.0,2026-08-31,reviewed,true
built-in-geography-accessible-corpus-164,built-in-geography,Geography Pack,built-in-geography-set-030,board,round-one,4,easy,physical-geography,Geography: Cities Shaped by Their Setting,Geograafia: Asukoha kujundatud linnad,Which North American capital is slowly sinking because much of it was built on a former lakebed?,"Milline Põhja-Ameerika pealinn vajub aeglaselt, sest suur osa sellest ehitati endisele järvepõhjale?",Mexico City,México,City of Mexico;CDMX,Mexico City;México linn,"Mexico City was built over the drained bed of Lake Texcoco, and groundwater extraction has contributed to subsidence.",México rajati kuivendatud Texcoco järve põhjale ning põhjavee ammutamine on aidanud kaasa linna vajumisele.,Mexico City,https://en.wikipedia.org/wiki/Mexico_City,CC-BY-SA-4.0,2026-08-31,reviewed,true
built-in-geography-accessible-corpus-165,built-in-geography,Geography Pack,built-in-geography-set-030,board,round-one,5,easy,physical-geography,Geography: Cities Shaped by Their Setting,Geograafia: Asukoha kujundatud linnad,Which Bolivian seat of government fills a deep Andean valley beneath Mount Illimani?,Milline Boliivia valitsuse asukoht täidab sügavat Andide orgu Illimani mäe all?,La Paz,La Paz,Nuestra Señora de La Paz,Nuestra Señora de La Paz,La Paz spreads through a steep valley on the Altiplano’s eastern edge beneath Illimani.,La Paz laiub järsus orus Altiplano idaserval Illimani mäe all.,La Paz,https://en.wikipedia.org/wiki/La_Paz,CC-BY-SA-4.0,2026-08-31,reviewed,true
built-in-geography-accessible-corpus-166,built-in-geography,Geography Pack,built-in-geography-set-033,board,round-one,1,easy,physical-geography,Geography: Clues Hidden in a Map,Geograafia: Kaardile peidetud vihjed,What box on a map explains the meaning of its colours and symbols?,Milline kaardi osa selgitab selle värvide ja leppemärkide tähendust?,a map legend,kaardilegend,map key,kaardivõti;leppemärkide seletus,"A map legend, also called a map key, links symbols and colours to the features they represent.",Kaardilegend ehk leppemärkide seletus seob sümbolid ja värvid nende kujutatud nähtustega.,Map legend,https://en.wikipedia.org/wiki/Map_legend,CC-BY-SA-4.0,2026-08-31,reviewed,true
built-in-geography-accessible-corpus-167,built-in-geography,Geography Pack,built-in-geography-set-033,board,round-one,2,easy,physical-geography,Geography: Clues Hidden in a Map,Geograafia: Kaardile peidetud vihjed,Which imaginary line divides Earth into northern and southern hemispheres?,Milline kujuteldav joon jagab Maa põhja- ja lõunapoolkeraks?,the Equator,ekvaator,Equator,Maa ekvaator,The Equator circles Earth midway between the geographic poles.,Ekvaator kulgeb ümber Maa geograafiliste pooluste vahelisel keskjoonel.,Equator,https://en.wikipedia.org/wiki/Equator,CC-BY-SA-4.0,2026-08-31,reviewed,true
built-in-geography-accessible-corpus-168,built-in-geography,Geography Pack,built-in-geography-set-033,board,round-one,3,easy,physical-geography,Geography: Clues Hidden in a Map,Geograafia: Kaardile peidetud vihjed,What map feature explains how a distance on paper relates to the real distance on the ground?,"Milline kaardi osa näitab, kuidas paberil mõõdetud vahemaa vastab tegelikule vahemaale maastikul?",scale,mõõtkava,map scale,kaardi mõõtkava,A map scale expresses the ratio between a measured map distance and its real-world equivalent.,Kaardi mõõtkava väljendab kaardil mõõdetud vahemaa ja tegeliku vahemaa suhet.,Scale (map),https://en.wikipedia.org/wiki/Scale_(map),CC-BY-SA-4.0,2026-08-31,reviewed,true
built-in-geography-accessible-corpus-169,built-in-geography,Geography Pack,built-in-geography-set-033,board,round-one,4,easy,physical-geography,Geography: Clues Hidden in a Map,Geograafia: Kaardile peidetud vihjed,What line joins places of equal height on a topographic map?,Milline joon ühendab topograafilisel kaardil sama kõrgusega kohti?,contour line,samakõrgusjoon,contour,horisontaal;kõrgusjoon,Closely spaced contour lines indicate a steeper slope than widely spaced lines.,Tihedalt paiknevad samakõrgusjooned näitavad järsemat nõlva kui hõredad jooned.,Contour line,https://en.wikipedia.org/wiki/Contour_line,CC-BY-SA-4.0,2026-08-31,reviewed,true
built-in-geography-accessible-corpus-170,built-in-geography,Geography Pack,built-in-geography-set-033,board,round-one,5,easy,physical-geography,Geography: Clues Hidden in a Map,Geograafia: Kaardile peidetud vihjed,Which reference meridian passes through Greenwich and divides eastern from western longitude?,Milline Greenwichi läbiv võrdlusmeridiaan eraldab ida- ja läänepikkusi?,the prime meridian,algmeridiaan,Greenwich meridian;zero meridian,Greenwichi meridiaan;nullmeridiaan,The Greenwich prime meridian is the conventional origin for measuring longitude.,Greenwichi algmeridiaan on geograafilise pikkuse mõõtmise kokkuleppeline lähtejoon.,Prime meridian,https://en.wikipedia.org/wiki/Prime_meridian,CC-BY-SA-4.0,2026-08-31,reviewed,true
built-in-geography-accessible-corpus-001,built-in-geography,Geography Pack,built-in-geography-set-037,board,round-one,1,easy,rivers-lakes,Geography: Great Deserts,Geograafia: Suured kõrbed,Which desert of towering dunes follows the Atlantic coast of Namibia?,Milline kõrgete luidetega kõrb kulgeb piki Namiibia Atlandi rannikut?,Namib Desert,Namiibi kõrb,the Namib;Namib,Namiib,The Namib is a coastal desert whose dunes meet the Atlantic in Namibia.,"Namiib on rannikukõrb, mille luited ulatuvad Namiibias Atlandi ookeanini.",Namib,https://en.wikipedia.org/wiki/Namib,CC-BY-SA-4.0,2026-08-28,reviewed,true
built-in-geography-accessible-corpus-002,built-in-geography,Geography Pack,built-in-geography-set-037,board,round-one,2,easy,rivers-lakes,Geography: Great Deserts,Geograafia: Suured kõrbed,Name the cold desert shared mainly by Mongolia and northern China.,"Nimeta külm kõrb, mis asub peamiselt Mongoolias ja Põhja-Hiinas.",Gobi Desert,Gobi kõrb,the Gobi;Gobi,Gobi,The Gobi is a large rain-shadow desert spanning parts of Mongolia and China.,"Gobi on suur vihmavarjukõrb, mis ulatub Mongoolia ja Hiina aladele.",Gobi Desert,https://en.wikipedia.org/wiki/Gobi_Desert,CC-BY-SA-4.0,2026-08-28,reviewed,true
built-in-geography-accessible-corpus-003,built-in-geography,Geography Pack,built-in-geography-set-037,board,round-one,3,easy,rivers-lakes,Geography: Great Deserts,Geograafia: Suured kõrbed,Northern Chile is home to which famously dry desert?,Milline erakordselt kuiv kõrb asub Tšiili põhjaosas?,Atacama Desert,Atacama kõrb,the Atacama;Atacama,Atacama,The Atacama occupies a plateau along the Pacific coast of northern Chile.,Atacama asub platool Tšiili põhjaosa Vaikse ookeani rannikul.,Atacama Desert,https://en.wikipedia.org/wiki/Atacama_Desert,CC-BY-SA-4.0,2026-08-28,reviewed,true
built-in-geography-accessible-corpus-004,built-in-geography,Geography Pack,built-in-geography-set-037,board,round-one,4,easy,rivers-lakes,Geography: Great Deserts,Geograafia: Suured kõrbed,Botswana lies at the heart of which sandy southern African desert?,Millise liivase Lõuna-Aafrika kõrbe keskmes asub Botswana?,Kalahari Desert,Kalahari kõrb,the Kalahari;Kalahari,Kalahari,The Kalahari extends across Botswana and into Namibia and South Africa.,Kalahari ulatub Botswanast Namiibiasse ja Lõuna-Aafrika Vabariiki.,Kalahari Desert,https://en.wikipedia.org/wiki/Kalahari_Desert,CC-BY-SA-4.0,2026-08-28,reviewed,true
built-in-geography-accessible-corpus-005,built-in-geography,Geography Pack,built-in-geography-set-037,board,round-one,5,easy,rivers-lakes,Geography: Great Deserts,Geograafia: Suured kõrbed,What desert covers much of the peninsula that includes Saudi Arabia?,"Milline kõrb katab suure osa poolsaarest, kus asub Saudi Araabia?",Arabian Desert,Araabia kõrb,the Arabian Desert,Araabia kõrb,The Arabian Desert occupies most of the Arabian Peninsula.,Araabia kõrb hõlmab suuremat osa Araabia poolsaarest.,Arabian Desert,https://en.wikipedia.org/wiki/Arabian_Desert,CC-BY-SA-4.0,2026-08-28,reviewed,true
built-in-geography-accessible-corpus-006,built-in-geography,Geography Pack,built-in-geography-set-055,board,round-one,1,easy,islands,Geography: Volcanoes,Geograafia: Vulkaanid,Which volcano is famous for burying the Roman city of Pompeii?,Milline vulkaan on tuntud Rooma-aegse Pompei linna matmise poolest?,Mount Vesuvius,Vesuuvi,Vesuvius,Vesuuv;Vesuuvio,Vesuvius erupted beside the Bay of Naples and buried Pompeii in volcanic material.,Napoli lahe ääres pursanud Vesuuvi mattis Pompei vulkaanilise materjali alla.,Mount Vesuvius,https://en.wikipedia.org/wiki/Mount_Vesuvius,CC-BY-SA-4.0,2026-08-28,reviewed,true
built-in-geography-accessible-corpus-007,built-in-geography,Geography Pack,built-in-geography-set-055,board,round-one,2,easy,islands,Geography: Volcanoes,Geograafia: Vulkaanid,Sicily is dominated by which active volcano?,Milline aktiivne vulkaan kõrgub Sitsiilia saarel?,Mount Etna,Etna,Etna,Etna vulkaan,Etna rises on the east coast of the Italian island of Sicily.,Etna asub Itaalia Sitsiilia saare idarannikul.,Mount Etna,https://en.wikipedia.org/wiki/Mount_Etna,CC-BY-SA-4.0,2026-08-28,reviewed,true
built-in-geography-accessible-corpus-008,built-in-geography,Geography Pack,built-in-geography-set-055,board,round-one,3,easy,islands,Geography: Volcanoes,Geograafia: Vulkaanid,What symmetrical volcanic peak is a national symbol of Japan?,Milline sümmeetriline vulkaanitipp on Jaapani rahvussümbol?,Mount Fuji,Fuji,Fuji;Fujiyama,Fuji mägi;Fujiyama,Fuji is a stratovolcano on Honshu and one of Japan's best-known landmarks.,Fuji on Honshū saarel asuv kihtvulkaan ja üks Jaapani tuntumaid vaatamisväärsusi.,Mount Fuji,https://en.wikipedia.org/wiki/Mount_Fuji,CC-BY-SA-4.0,2026-08-28,reviewed,true
built-in-geography-accessible-corpus-009,built-in-geography,Geography Pack,built-in-geography-set-055,board,round-one,4,easy,islands,Geography: Volcanoes,Geograafia: Vulkaanid,Which Icelandic volcano became widely known when its ash disrupted European flights?,"Milline Islandi vulkaan sai laialt tuntuks, kui selle tuhk häiris Euroopa lennuliiklust?",Eyjafjallajökull,Eyjafjallajökull,Eyjafjalla glacier volcano,Eyjafjalla vulkaan,An eruption beneath Eyjafjallajökull's ice cap produced an ash cloud that disrupted aviation.,Eyjafjallajökulli jääkatte all toimunud purse tekitas lennuliiklust häirinud tuhapilve.,Eyjafjallajökull,https://en.wikipedia.org/wiki/Eyjafjallajökull,CC-BY-SA-4.0,2026-08-28,reviewed,true
built-in-geography-accessible-corpus-010,built-in-geography,Geography Pack,built-in-geography-set-055,board,round-one,5,easy,islands,Geography: Volcanoes,Geograafia: Vulkaanid,"Hawaii's enormous Mauna Loa is what broad, gently sloping type of volcano?",Mis tüüpi lai ja laugjate nõlvadega vulkaan on Hawaii hiiglaslik Mauna Loa?,Shield volcano,kilpvulkaan,a shield volcano,kilpvulkaan,Fluid basaltic lava built Mauna Loa into the broad profile typical of a shield volcano.,Voolav basaltlaava kujundas Mauna Loale kilpvulkaanile iseloomuliku laia profiili.,Mauna Loa,https://en.wikipedia.org/wiki/Mauna_Loa,CC-BY-SA-4.0,2026-08-28,reviewed,true
built-in-geography-accessible-corpus-011,built-in-geography,Geography Pack,built-in-geography-set-057,board,round-one,1,easy,islands,Geography: National Parks,Geograafia: Rahvuspargid,Old Faithful geyser is protected in which American national park?,Millises Ameerika rahvuspargis on kaitstud Old Faithfuli geiser?,Yellowstone National Park,Yellowstone'i rahvuspark,Yellowstone,Yellowstone,Yellowstone contains the Old Faithful geyser and extensive geothermal landscapes.,Yellowstone'is asuvad Old Faithfuli geiser ja ulatuslikud geotermaalsed maastikud.,Yellowstone National Park,https://en.wikipedia.org/wiki/Yellowstone_National_Park,CC-BY-SA-4.0,2026-08-28,reviewed,true
built-in-geography-accessible-corpus-012,built-in-geography,Geography Pack,built-in-geography-set-057,board,round-one,2,easy,islands,Geography: National Parks,Geograafia: Rahvuspargid,The great wildebeest migration crosses which Tanzanian national park?,Millist Tansaania rahvusparki läbib suur gnuude ränne?,Serengeti National Park,Serengeti rahvuspark,Serengeti,Serengeti,Large herds migrate seasonally across the Serengeti ecosystem in Tanzania.,Suured loomakarjad rändavad hooajaliselt läbi Tansaania Serengeti ökosüsteemi.,Serengeti National Park,https://en.wikipedia.org/wiki/Serengeti_National_Park,CC-BY-SA-4.0,2026-08-28,reviewed,true
built-in-geography-accessible-corpus-013,built-in-geography,Geography Pack,built-in-geography-set-057,board,round-one,3,easy,islands,Geography: National Parks,Geograafia: Rahvuspargid,Lake Louise lies in which national park in the Canadian Rockies?,Millises Kanada Kaljumäestiku rahvuspargis asub Lake Louise?,Banff National Park,Banffi rahvuspark,Banff,Banff,Banff protects mountain scenery and lakes including Lake Louise in Alberta.,"Banffi rahvuspark kaitseb Alberta mägimaastikke ja järvi, sealhulgas Lake Louise'i.",Banff National Park,https://en.wikipedia.org/wiki/Banff_National_Park,CC-BY-SA-4.0,2026-08-28,reviewed,true
built-in-geography-accessible-corpus-014,built-in-geography,Geography Pack,built-in-geography-set-057,board,round-one,4,easy,islands,Geography: National Parks,Geograafia: Rahvuspargid,"Visitors seek lions, elephants, and rhinos in which major South African national park?","Millises suures Lõuna-Aafrika rahvuspargis otsitakse lõvisid, elevante ja ninasarvikuid?",Kruger National Park,Krugeri rahvuspark,Kruger,Kruger,Kruger protects extensive savanna habitat and many of Africa's best-known large mammals.,Krugeri rahvuspark kaitseb ulatuslikku savanni ja paljusid Aafrika tuntud suurimetajaid.,Kruger National Park,https://en.wikipedia.org/wiki/Kruger_National_Park,CC-BY-SA-4.0,2026-08-28,reviewed,true
built-in-geography-accessible-corpus-015,built-in-geography,Geography Pack,built-in-geography-set-057,board,round-one,5,easy,islands,Geography: National Parks,Geograafia: Rahvuspargid,Which park on Estonia's north coast was the country's first national park?,Milline Eesti põhjaranniku park oli riigi esimene rahvuspark?,Lahemaa National Park,Lahemaa rahvuspark,Lahemaa,Lahemaa,"Lahemaa was established on Estonia's north coast to protect coastal, forest, and bog landscapes.","Lahemaa loodi Eesti põhjarannikule ranniku-, metsa- ja soomaastike kaitseks.",Lahemaa National Park,https://en.wikipedia.org/wiki/Lahemaa_National_Park,CC-BY-SA-4.0,2026-08-28,reviewed,true
built-in-geography-accessible-corpus-016,built-in-geography,Geography Pack,built-in-geography-set-062,board,round-one,1,easy,islands,Geography: Neighbouring Countries,Geograafia: Naaberriigid,Which country is Portugal's only land neighbour?,Milline riik on Portugali ainus maismaanaaber?,Spain,Hispaania,Kingdom of Spain,Hispaania Kuningriik,Portugal shares the Iberian Peninsula and its only land border with Spain.,Portugal jagab Pürenee poolsaart ja oma ainsat maismaapiiri Hispaaniaga.,Portugal–Spain border,https://en.wikipedia.org/wiki/Portugal–Spain_border,CC-BY-SA-4.0,2026-08-28,reviewed,true
built-in-geography-accessible-corpus-017,built-in-geography,Geography Pack,built-in-geography-set-062,board,round-one,2,easy,islands,Geography: Neighbouring Countries,Geograafia: Naaberriigid,Name the country directly south of Canada across their long shared border.,"Nimeta riik, mis asub Kanadast lõunas nende pika ühise piiri taga.",United States,Ameerika Ühendriigid,USA;United States of America,USA;Ameerika Ühendriigid,Canada and the United States share a border across the continent and between Alaska and Canada.,Kanadal ja Ameerika Ühendriikidel on ühine piir nii mandril kui ka Alaska kõrval.,Canada–United States border,https://en.wikipedia.org/wiki/Canada–United_States_border,CC-BY-SA-4.0,2026-08-28,reviewed,true
built-in-geography-accessible-corpus-018,built-in-geography,Geography Pack,built-in-geography-set-062,board,round-one,3,easy,islands,Geography: Neighbouring Countries,Geograafia: Naaberriigid,Which Baltic country borders Estonia to the south?,Milline Balti riik piirneb Eestiga lõunas?,Latvia,Läti,Republic of Latvia,Läti Vabariik,Latvia lies immediately south of Estonia on the eastern Baltic coast.,Läti asub Eestist vahetult lõunas Läänemere idarannikul.,Geography of Estonia,https://en.wikipedia.org/wiki/Geography_of_Estonia,CC-BY-SA-4.0,2026-08-28,reviewed,true
built-in-geography-accessible-corpus-019,built-in-geography,Geography Pack,built-in-geography-set-062,board,round-one,4,easy,islands,Geography: Neighbouring Countries,Geograafia: Naaberriigid,"Beyond the Himalayas, which country borders Nepal to the north?",Milline riik piirneb Nepaliga põhjas teisel pool Himaalajat?,China,Hiina,People's Republic of China;PRC,Hiina Rahvavabariik,Nepal's northern frontier follows the Himalayas along the border with China.,Nepali põhjapiir kulgeb Himaalajas mööda Hiina piiri.,China–Nepal border,https://en.wikipedia.org/wiki/China–Nepal_border,CC-BY-SA-4.0,2026-08-28,reviewed,true
built-in-geography-accessible-corpus-020,built-in-geography,Geography Pack,built-in-geography-set-062,board,round-one,5,easy,islands,Geography: Neighbouring Countries,Geograafia: Naaberriigid,Which large country forms much of Bolivia's northern and eastern border?,Milline suur riik moodustab suure osa Boliivia põhja- ja idapiirist?,Brazil,Brasiilia,Federative Republic of Brazil,Brasiilia Liitvabariik,Brazil borders Bolivia along broad stretches of its north and east.,Brasiilia piirneb Boliiviaga ulatuslikult selle põhja- ja idaküljel.,Bolivia–Brazil border,https://en.wikipedia.org/wiki/Bolivia–Brazil_border,CC-BY-SA-4.0,2026-08-28,reviewed,true
built-in-geography-accessible-corpus-021,built-in-geography,Geography Pack,built-in-geography-set-064,board,round-one,1,easy,borders,Geography: The Baltic Region,Geograafia: Läänemere piirkond,Which Estonian island is home to Kuressaare and the Kaali crater field?,Millisel Eesti saarel asuvad Kuressaare ja Kaali kraatriväli?,Saaremaa,Saaremaa,Ösel,Ösel,Saaremaa lies off Estonia's west coast and includes both Kuressaare and Kaali.,Saaremaa asub Eesti lääneranniku lähedal ning seal paiknevad nii Kuressaare kui ka Kaali.,Saaremaa,https://en.wikipedia.org/wiki/Saaremaa,CC-BY-SA-4.0,2026-08-28,reviewed,true
built-in-geography-accessible-corpus-022,built-in-geography,Geography Pack,built-in-geography-set-064,board,round-one,2,easy,borders,Geography: The Baltic Region,Geograafia: Läänemere piirkond,What arm of the Baltic Sea separates northern Estonia from southern Finland?,Milline Läänemere laht eraldab Põhja-Eestit Lõuna-Soomest?,Gulf of Finland,Soome laht,the Gulf of Finland,Soome laht,The Gulf of Finland extends eastward between Estonia and Finland toward Saint Petersburg.,Soome laht ulatub Eesti ja Soome vahel ida poole Peterburi suunas.,Gulf of Finland,https://en.wikipedia.org/wiki/Gulf_of_Finland,CC-BY-SA-4.0,2026-08-28,reviewed,true
built-in-geography-accessible-corpus-023,built-in-geography,Geography Pack,built-in-geography-set-064,board,round-one,3,easy,borders,Geography: The Baltic Region,Geograafia: Läänemere piirkond,Which Swedish island in the Baltic Sea has Visby as its main town?,Millise Rootsi Läänemere saare peamine linn on Visby?,Gotland,Ojamaa,Gotland island,Gotland;Ojamaa saar,Visby is the principal town on the Swedish island of Gotland.,Visby on Rootsi Ojamaa saare peamine linn.,Gotland,https://en.wikipedia.org/wiki/Gotland,CC-BY-SA-4.0,2026-08-28,reviewed,true
built-in-geography-accessible-corpus-024,built-in-geography,Geography Pack,built-in-geography-set-064,board,round-one,4,easy,borders,Geography: The Baltic Region,Geograafia: Läänemere piirkond,Which river flows through Riga before reaching the Baltic Sea?,Milline jõgi voolab läbi Riia enne Läänemerre suubumist?,Daugava,Daugava,Western Dvina,Väina jõgi;Väina,The Daugava crosses Latvia and reaches the Gulf of Riga at the capital.,Daugava läbib Lätit ja suubub pealinna juures Liivi lahte.,Daugava,https://en.wikipedia.org/wiki/Daugava,CC-BY-SA-4.0,2026-08-28,reviewed,true
built-in-geography-accessible-corpus-025,built-in-geography,Geography Pack,built-in-geography-set-064,board,round-one,5,easy,borders,Geography: The Baltic Region,Geograafia: Läänemere piirkond,The Swedish-speaking Åland Islands are an autonomous part of which country?,Millise riigi autonoomne osa on rootsikeelne Ahvenamaa?,Finland,Soome,Republic of Finland,Soome Vabariik,"Åland is a self-governing, demilitarised archipelago belonging to Finland.",Ahvenamaa on Soomele kuuluv omavalitsuslik ja demilitariseeritud saarestik.,Åland,https://en.wikipedia.org/wiki/Åland,CC-BY-SA-4.0,2026-08-28,reviewed,true
built-in-geography-accessible-corpus-026,built-in-geography,Geography Pack,built-in-geography-set-066,board,round-one,1,easy,borders,Geography: The Mediterranean Region,Geograafia: Vahemere piirkond,Which narrow strait connects the Mediterranean Sea with the Atlantic Ocean?,Milline kitsas väin ühendab Vahemerd Atlandi ookeaniga?,Strait of Gibraltar,Gibraltari väin,Gibraltar Strait,Gibraltari väin,The Strait of Gibraltar is the natural sea passage between the Atlantic and Mediterranean.,Gibraltari väin on looduslik mereühendus Atlandi ookeani ja Vahemere vahel.,Strait of Gibraltar,https://en.wikipedia.org/wiki/Strait_of_Gibraltar,CC-BY-SA-4.0,2026-08-28,reviewed,true
built-in-geography-accessible-corpus-027,built-in-geography,Geography Pack,built-in-geography-set-066,board,round-one,2,easy,borders,Geography: The Mediterranean Region,Geograafia: Vahemere piirkond,Which Italian island sits near the toe of the country's boot-shaped peninsula?,Milline Itaalia saar asub saapakujulise poolsaare varba lähedal?,Sicily,Sitsiilia,Sicilia,Sitsiilia saar,Sicily lies just across the Strait of Messina from mainland Italy.,Sitsiilia asub Mandri-Itaaliast teisel pool Messina väina.,Sicily,https://en.wikipedia.org/wiki/Sicily,CC-BY-SA-4.0,2026-08-28,reviewed,true
built-in-geography-accessible-corpus-028,built-in-geography,Geography Pack,built-in-geography-set-066,board,round-one,3,easy,borders,Geography: The Mediterranean Region,Geograafia: Vahemere piirkond,The ancient palace of Knossos stands on which Greek island in the Mediterranean?,Millisel Vahemeres asuval Kreeka saarel paikneb muistne Knossose palee?,Crete,Kreeta,island of Crete,Kreeta saar,Crete is a Greek island in the Mediterranean and the location of the Minoan palace complex at Knossos.,"Kreeta on Kreekale kuuluv Vahemere saar, kus asub Knossose minoiline paleekompleks.",Crete,https://en.wikipedia.org/wiki/Crete,CC-BY-SA-4.0,2026-08-28,reviewed,true
built-in-geography-accessible-corpus-029,built-in-geography,Geography Pack,built-in-geography-set-066,board,round-one,4,easy,borders,Geography: The Mediterranean Region,Geograafia: Vahemere piirkond,What sea lies between Italy and the Balkan Peninsula?,Milline meri asub Itaalia ja Balkani poolsaare vahel?,Adriatic Sea,Aadria meri,the Adriatic,Aadria,The Adriatic is the northern arm of the Mediterranean between Italy and the Balkans.,Aadria meri on Vahemere põhjaosa Itaalia ja Balkani vahel.,Adriatic Sea,https://en.wikipedia.org/wiki/Adriatic_Sea,CC-BY-SA-4.0,2026-08-28,reviewed,true
built-in-geography-accessible-corpus-030,built-in-geography,Geography Pack,built-in-geography-set-066,board,round-one,5,easy,borders,Geography: The Mediterranean Region,Geograafia: Vahemere piirkond,Nicosia is the capital of which island country in the eastern Mediterranean?,Millise Vahemere idaosa saareriigi pealinn on Nikosia?,Cyprus,Küpros,Republic of Cyprus,Küprose Vabariik,Cyprus is an island country in the eastern Mediterranean with Nicosia as its capital.,"Küpros on Vahemere idaosa saareriik, mille pealinn on Nikosia.",Cyprus,https://en.wikipedia.org/wiki/Cyprus,CC-BY-SA-4.0,2026-08-28,reviewed,true
built-in-geography-accessible-corpus-031,built-in-geography,Geography Pack,built-in-geography-set-073,board,round-one,1,easy,maps-coordinates,Geography: Southeast Asia,Geograafia: Kagu-Aasia,What is the capital of Thailand?,Mis on Tai pealinn?,Bangkok,Bangkok,Krung Thep,Krung Thep,Bangkok is Thailand's capital and its main urban centre.,Bangkok on Tai pealinn ja riigi peamine linnakeskus.,Bangkok,https://en.wikipedia.org/wiki/Bangkok,CC-BY-SA-4.0,2026-08-28,reviewed,true
built-in-geography-accessible-corpus-032,built-in-geography,Geography Pack,built-in-geography-set-073,board,round-one,2,easy,maps-coordinates,Geography: Southeast Asia,Geograafia: Kagu-Aasia,Manila is the capital of which Southeast Asian island country?,Millise Kagu-Aasia saareriigi pealinn on Manila?,Philippines,Filipiinid,the Philippines;Republic of the Philippines,Filipiini Vabariik,Manila is the national capital of the Philippines on the island of Luzon.,Manila on Luzoni saarel asuv Filipiinide pealinn.,Manila,https://en.wikipedia.org/wiki/Manila,CC-BY-SA-4.0,2026-08-28,reviewed,true
built-in-geography-accessible-corpus-033,built-in-geography,Geography Pack,built-in-geography-set-073,board,round-one,3,easy,maps-coordinates,Geography: Southeast Asia,Geograafia: Kagu-Aasia,"Which archipelago nation includes Java, Sumatra, and much of Borneo?","Millise saareriigi koosseisu kuuluvad Jaava, Sumatra ja suur osa Borneost?",Indonesia,Indoneesia,Republic of Indonesia,Indoneesia Vabariik,Indonesia is an archipelagic state whose major islands include Java and Sumatra.,"Indoneesia on saareriik, mille suuremate saarte hulka kuuluvad Jaava ja Sumatra.",Indonesia,https://en.wikipedia.org/wiki/Indonesia,CC-BY-SA-4.0,2026-08-28,reviewed,true
built-in-geography-accessible-corpus-034,built-in-geography,Geography Pack,built-in-geography-set-073,board,round-one,4,easy,maps-coordinates,Geography: Southeast Asia,Geograafia: Kagu-Aasia,In which country would you visit the temple complex of Angkor Wat?,Millises riigis saab külastada Angkor Wati templikompleksi?,Cambodia,Kambodža,Kingdom of Cambodia,Kambodža Kuningriik,Angkor Wat stands near Siem Reap in Cambodia.,Angkor Wat asub Kambodžas Siem Reapi lähedal.,Angkor Wat,https://en.wikipedia.org/wiki/Angkor_Wat,CC-BY-SA-4.0,2026-08-28,reviewed,true
built-in-geography-accessible-corpus-035,built-in-geography,Geography Pack,built-in-geography-set-073,board,round-one,5,easy,maps-coordinates,Geography: Southeast Asia,Geograafia: Kagu-Aasia,"The Mekong forms a vast, fertile delta in the south of which country?",Millise riigi lõunaosas moodustab Mekong ulatusliku viljaka delta?,Vietnam,Vietnam,Socialist Republic of Vietnam,Vietnami Sotsialistlik Vabariik,The Mekong Delta spreads across southern Vietnam before the river reaches the sea.,Mekongi delta laiub Lõuna-Vietnamis enne jõe merre suubumist.,Mekong Delta,https://en.wikipedia.org/wiki/Mekong_Delta,CC-BY-SA-4.0,2026-08-28,reviewed,true
built-in-geography-accessible-corpus-036,built-in-geography,Geography Pack,built-in-geography-set-082,board,round-one,1,easy,human-geography,Geography: Landmarks of Europe,Geograafia: Euroopa vaatamisväärsused,Which neoclassical gate topped by a four-horse chariot is a symbol of Berlin?,Milline neljahobuserakendiga kroonitud klassitsistlik värav on Berliini sümbol?,Brandenburg Gate,Brandenburgi värav,Brandenburger Tor,Brandenburger Tor,The Brandenburg Gate stood beside the Berlin Wall and later became a symbol of German unity.,Brandenburgi värav seisis Berliini müüri kõrval ning sellest sai hiljem Saksamaa ühtsuse sümbol.,Brandenburg Gate,https://en.wikipedia.org/wiki/Brandenburg_Gate,CC-BY-SA-4.0,2026-08-28,reviewed,true
built-in-geography-accessible-corpus-037,built-in-geography,Geography Pack,built-in-geography-set-082,board,round-one,2,easy,human-geography,Geography: Landmarks of Europe,Geograafia: Euroopa vaatamisväärsused,Which palace and fortress complex overlooks Granada in southern Spain?,Milline palee- ja kindluskompleks kõrgub Lõuna-Hispaanias Granada kohal?,Alhambra,Alhambra,the Alhambra,Alhambra palee,The Alhambra preserves richly decorated palaces built by Granada's Nasrid rulers.,Alhambras on säilinud Granada Nasriidide valitsejate rikkalikult kaunistatud paleed.,Alhambra,https://en.wikipedia.org/wiki/Alhambra,CC-BY-SA-4.0,2026-08-28,reviewed,true
built-in-geography-accessible-corpus-038,built-in-geography,Geography Pack,built-in-geography-set-082,board,round-one,3,easy,human-geography,Geography: Landmarks of Europe,Geograafia: Euroopa vaatamisväärsused,Antoni Gaudí designed which still-unfinished basilica in Barcelona?,Millise siiani lõpetamata Barcelona basiilika projekteeris Antoni Gaudí?,Sagrada Família,Sagrada Família,Basilica of the Sagrada Familia;Holy Family,Püha Perekonna kirik,Gaudí devoted much of his career to Barcelona's Sagrada Família basilica.,Gaudí pühendas suure osa oma karjäärist Barcelona Sagrada Família basiilikale.,Sagrada Família,https://en.wikipedia.org/wiki/Sagrada_Família,CC-BY-SA-4.0,2026-08-28,reviewed,true
built-in-geography-accessible-corpus-039,built-in-geography,Geography Pack,built-in-geography-set-082,board,round-one,4,easy,human-geography,Geography: Landmarks of Europe,Geograafia: Euroopa vaatamisväärsused,At which famous Roman fountain do visitors traditionally toss a coin over their shoulder?,Millises kuulsas Rooma purskkaevus viskavad külastajad traditsiooni kohaselt mündi üle õla?,Trevi Fountain,Trevi purskkaev,Fontana di Trevi,Fontana di Trevi,Visitors traditionally throw coins into the Trevi Fountain in Rome in the hope of returning to the city.,Külastajad viskavad Rooma Trevi purskkaevu traditsiooniliselt münte lootuses linna naasta.,Trevi Fountain,https://en.wikipedia.org/wiki/Trevi_Fountain,CC-BY-SA-4.0,2026-08-28,reviewed,true
built-in-geography-accessible-corpus-040,built-in-geography,Geography Pack,built-in-geography-set-082,board,round-one,5,easy,human-geography,Geography: Landmarks of Europe,Geograafia: Euroopa vaatamisväärsused,Which Brussels landmark enlarges an iron crystal into nine connected metal spheres?,Milline Brüsseli vaatamisväärsus suurendab rauakristalli üheksaks ühendatud metallkeraks?,Atomium,Atomium,the Atomium,Atomiumi monument,The Atomium was built for the 1958 Brussels World’s Fair and represents a greatly enlarged iron unit cell.,Atomium ehitati 1958. aasta Brüsseli maailmanäituseks ning kujutab tugevalt suurendatud raua kristallivõret.,Atomium,https://en.wikipedia.org/wiki/Atomium,CC-BY-SA-4.0,2026-08-28,reviewed,true
built-in-geography-accessible-corpus-041,built-in-geography,Geography Pack,built-in-geography-set-088,board,round-one,1,easy,human-geography,Geography: Natural Wonders,Geograafia: Loodusimed,Which vast waterfall system lies on the border between Argentina and Brazil?,Milline tohutu jugade süsteem asub Argentina ja Brasiilia piiril?,Iguazú Falls,Iguazú juga,Iguazu Falls;Iguaçu Falls;Iguassu Falls,Iguazu juga;Iguaçu juga;Iguassu juga,The Iguazú River forms hundreds of cascades where Argentina meets Brazil.,Iguazú jõgi moodustab Argentina ja Brasiilia piiril sadu jugasid.,Iguazu Falls,https://en.wikipedia.org/wiki/Iguazu_Falls,CC-BY-SA-4.0,2026-08-28,reviewed,true
built-in-geography-accessible-corpus-042,built-in-geography,Geography Pack,built-in-geography-set-088,board,round-one,2,easy,human-geography,Geography: Natural Wonders,Geograafia: Loodusimed,"Which vast coral reef system lies off Queensland, Australia?",Milline ulatuslik korallrahude süsteem asub Austraalia Queenslandi ranniku lähedal?,Great Barrier Reef,Suur Vallrahu,the Great Barrier Reef,Suur Vallrahu,The Great Barrier Reef is a coral reef system off Australia's northeast coast.,Suur Vallrahu on Austraalia kirderanniku lähedal asuv korallrahude süsteem.,Great Barrier Reef,https://en.wikipedia.org/wiki/Great_Barrier_Reef,CC-BY-SA-4.0,2026-08-28,reviewed,true
built-in-geography-accessible-corpus-043,built-in-geography,Geography Pack,built-in-geography-set-088,board,round-one,3,easy,human-geography,Geography: Natural Wonders,Geograafia: Loodusimed,What glowing sky display is often seen near the poles at night?,Millist helendavat taevanähtust näeb sageli öösiti polaaraladel?,Aurora,virmalised,polar lights;northern lights;aurora borealis,polaartuled;põhjavalgus;aurora,Charged particles interacting with the upper atmosphere create auroral light.,Laetud osakeste vastasmõju kõrgatmosfääriga tekitab virmaliste valguse.,Aurora,https://en.wikipedia.org/wiki/Aurora,CC-BY-SA-4.0,2026-08-28,reviewed,true
built-in-geography-accessible-corpus-044,built-in-geography,Geography Pack,built-in-geography-set-088,board,round-one,4,easy,human-geography,Geography: Natural Wonders,Geograafia: Loodusimed,Which major waterfall lies on the Zambezi between Zambia and Zimbabwe?,Milline suur juga asub Sambesi jõel Sambia ja Zimbabwe piiril?,Victoria Falls,Victoria juga,the Victoria Falls;Mosi-oa-Tunya,Victoria juga;Mosi-oa-Tunya,Victoria Falls spans the Zambezi River on the border of Zambia and Zimbabwe.,Victoria juga ulatub üle Sambesi jõe Sambia ja Zimbabwe piiril.,Victoria Falls,https://en.wikipedia.org/wiki/Victoria_Falls,CC-BY-SA-4.0,2026-08-28,reviewed,true
built-in-geography-accessible-corpus-045,built-in-geography,Geography Pack,built-in-geography-set-088,board,round-one,5,easy,human-geography,Geography: Natural Wonders,Geograafia: Loodusimed,Northern Ireland's coast features which natural site of interlocking basalt columns?,Milline üksteisega liituvatest basaltsammastest looduspaik asub Põhja-Iirimaa rannikul?,Giant's Causeway,Hiiglaste tee,the Giant's Causeway,Giant's Causeway;Hiiglaste tee,Cooling lava fractured into the distinctive columns of the Giant's Causeway.,Jahtuv laava lõhenes Hiiglaste teele iseloomulikeks sammasteks.,Giant's Causeway,https://en.wikipedia.org/wiki/Giant's_Causeway,CC-BY-SA-4.0,2026-08-28,reviewed,true
built-in-geography-accessible-corpus-046,built-in-geography,Geography Pack,built-in-geography-set-002,board,round-two,1,easy,countries-capitals,Geography: Capitals of Europe,Geograafia: Euroopa pealinnad,Which city on the River Tagus is the capital of Portugal?,Milline Tejo jõe ääres asuv linn on Portugali pealinn?,Lisbon,Lissabon,City of Lisbon,Lissaboni linn,Lisbon is Portugal's capital and stands near the mouth of the Tagus.,Lissabon on Portugali pealinn ning asub Tejo jõe suudme lähedal.,Lisbon,https://en.wikipedia.org/wiki/Lisbon,CC-BY-SA-4.0,2026-08-28,reviewed,true
built-in-geography-accessible-corpus-047,built-in-geography,Geography Pack,built-in-geography-set-002,board,round-two,2,easy,countries-capitals,Geography: Capitals of Europe,Geograafia: Euroopa pealinnad,Name the capital of Bulgaria.,Nimeta Bulgaaria pealinn.,Sofia,Sofia,City of Sofia,Sofia linn,Sofia is Bulgaria's capital and lies in the west of the country.,Sofia on Bulgaaria pealinn ning asub riigi lääneosas.,Sofia,https://en.wikipedia.org/wiki/Sofia,CC-BY-SA-4.0,2026-08-28,reviewed,true
built-in-geography-accessible-corpus-048,built-in-geography,Geography Pack,built-in-geography-set-002,board,round-two,3,easy,countries-capitals,Geography: Capitals of Europe,Geograafia: Euroopa pealinnad,Spain's royal palace and central government are in what capital?,Millises pealinnas asuvad Hispaania kuningapalee ja keskvalitsus?,Madrid,Madrid,City of Madrid,Madridi linn,Madrid is the capital and political centre of Spain.,Madrid on Hispaania pealinn ja poliitiline keskus.,Madrid,https://en.wikipedia.org/wiki/Madrid,CC-BY-SA-4.0,2026-08-28,reviewed,true
built-in-geography-accessible-corpus-049,built-in-geography,Geography Pack,built-in-geography-set-002,board,round-two,4,easy,countries-capitals,Geography: Capitals of Europe,Geograafia: Euroopa pealinnad,The Charles Bridge crosses the Vltava in which national capital?,Millises riigi pealinnas ületab Karli sild Vltava jõge?,Prague,Praha,City of Prague,Praha linn,"Prague, the capital of Czechia, is built along the Vltava River.",Tšehhi pealinn Praha asub Vltava jõe ääres.,Prague,https://en.wikipedia.org/wiki/Prague,CC-BY-SA-4.0,2026-08-28,reviewed,true
built-in-geography-accessible-corpus-050,built-in-geography,Geography Pack,built-in-geography-set-002,board,round-two,5,easy,countries-capitals,Geography: Capitals of Europe,Geograafia: Euroopa pealinnad,What is the capital of Slovenia?,Mis on Sloveenia pealinn?,Ljubljana,Ljubljana,City of Ljubljana,Ljubljana linn,Ljubljana is Slovenia's capital and main urban centre.,Ljubljana on Sloveenia pealinn ja peamine linnakeskus.,Ljubljana,https://en.wikipedia.org/wiki/Ljubljana,CC-BY-SA-4.0,2026-08-28,reviewed,true
built-in-geography-accessible-corpus-051,built-in-geography,Geography Pack,built-in-geography-set-004,board,round-two,1,easy,countries-capitals,Geography: Capitals of Asia,Geograafia: Aasia pealinnad,Which city is the capital of Vietnam?,Milline linn on Vietnami pealinn?,Hanoi,Hanoi,Hà Nội,Hà Nội,Hanoi is Vietnam's capital and lies beside the Red River in the north of the country.,Hanoi on Vietnami pealinn ning asub riigi põhjaosas Punase jõe ääres.,Hanoi,https://en.wikipedia.org/wiki/Hanoi,CC-BY-SA-4.0,2026-08-28,reviewed,true
built-in-geography-accessible-corpus-052,built-in-geography,Geography Pack,built-in-geography-set-004,board,round-two,2,easy,countries-capitals,Geography: Capitals of Asia,Geograafia: Aasia pealinnad,The Forbidden City stands in which Chinese capital?,Millises Hiina pealinnas asub Keelatud linn?,Beijing,Peking,Peking,Beijing;Peking,Beijing is China's capital and the location of the Forbidden City.,Peking on Hiina pealinn ning seal asub Keelatud linn.,Beijing,https://en.wikipedia.org/wiki/Beijing,CC-BY-SA-4.0,2026-08-28,reviewed,true
built-in-geography-accessible-corpus-053,built-in-geography,Geography Pack,built-in-geography-set-004,board,round-two,3,easy,countries-capitals,Geography: Capitals of Asia,Geograafia: Aasia pealinnad,"Name the capital of India, part of the wider Delhi metropolis.","Nimeta India pealinn, mis kuulub suuremasse Delhi linnastusse.",New Delhi,New Delhi,New Delhi city,New Delhi linn,New Delhi is India's national capital within the Delhi territory.,New Delhi on Delhi territooriumil asuv India pealinn.,New Delhi,https://en.wikipedia.org/wiki/New_Delhi,CC-BY-SA-4.0,2026-08-28,reviewed,true
built-in-geography-accessible-corpus-054,built-in-geography,Geography Pack,built-in-geography-set-004,board,round-two,4,easy,countries-capitals,Geography: Capitals of Asia,Geograafia: Aasia pealinnad,Which capital on the Han River is the political centre of South Korea?,Milline Hani jõe ääres asuv pealinn on Lõuna-Korea poliitiline keskus?,Seoul,Soul,Seoul Special City,Seoul;Soul,Seoul is South Korea's capital and lies on the Han River.,Soul on Lõuna-Korea pealinn ja asub Hani jõe ääres.,Seoul,https://en.wikipedia.org/wiki/Seoul,CC-BY-SA-4.0,2026-08-28,reviewed,true
built-in-geography-accessible-corpus-055,built-in-geography,Geography Pack,built-in-geography-set-004,board,round-two,5,easy,countries-capitals,Geography: Capitals of Asia,Geograafia: Aasia pealinnad,What is Mongolia's capital?,Mis on Mongoolia pealinn?,Ulaanbaatar,Ulaanbaatar,Ulan Bator;Ulanbaatar,Ulan-Bator;Ulanbaatar,Ulaanbaatar is Mongolia's capital and main city.,Ulaanbaatar on Mongoolia pealinn ja peamine linn.,Ulaanbaatar,https://en.wikipedia.org/wiki/Ulaanbaatar,CC-BY-SA-4.0,2026-08-28,reviewed,true
built-in-geography-accessible-corpus-056,built-in-geography,Geography Pack,built-in-geography-set-012,board,round-two,1,easy,cities,Geography: Capitals of Africa,Geograafia: Aafrika pealinnad,Which city on the Nile is Egypt's capital?,Milline Niiluse-äärne linn on Egiptuse pealinn?,Cairo,Kairo,City of Cairo,Kairo linn,Cairo is Egypt's capital and lies beside the Nile.,Kairo on Egiptuse pealinn ning asub Niiluse ääres.,Cairo,https://en.wikipedia.org/wiki/Cairo,CC-BY-SA-4.0,2026-08-28,reviewed,true
built-in-geography-accessible-corpus-057,built-in-geography,Geography Pack,built-in-geography-set-012,board,round-two,2,easy,cities,Geography: Capitals of Africa,Geograafia: Aafrika pealinnad,Name the capital of Kenya.,Nimeta Keenia pealinn.,Nairobi,Nairobi,Nairobi City,Nairobi linn,Nairobi is Kenya's capital and its principal city.,Nairobi on Keenia pealinn ja riigi peamine linn.,Nairobi,https://en.wikipedia.org/wiki/Nairobi,CC-BY-SA-4.0,2026-08-28,reviewed,true
built-in-geography-accessible-corpus-058,built-in-geography,Geography Pack,built-in-geography-set-012,board,round-two,3,easy,cities,Geography: Capitals of Africa,Geograafia: Aafrika pealinnad,The African Union has its headquarters in which Ethiopian capital?,Millises Etioopia pealinnas asub Aafrika Liidu peakorter?,Addis Ababa,Addis Abeba,Addis Abeba,Addis Ababa,Addis Ababa is Ethiopia's capital and hosts the African Union headquarters.,Addis Abeba on Etioopia pealinn ning seal asub Aafrika Liidu peakorter.,Addis Ababa,https://en.wikipedia.org/wiki/Addis_Ababa,CC-BY-SA-4.0,2026-08-28,reviewed,true
built-in-geography-accessible-corpus-059,built-in-geography,Geography Pack,built-in-geography-set-012,board,round-two,4,easy,cities,Geography: Capitals of Africa,Geograafia: Aafrika pealinnad,What coastal city is the capital of Ghana?,Milline rannikulinn on Ghana pealinn?,Accra,Accra,City of Accra,Accra linn,Accra is Ghana's capital on the Gulf of Guinea coast.,Accra on Ghana pealinn Guinea lahe rannikul.,Accra,https://en.wikipedia.org/wiki/Accra,CC-BY-SA-4.0,2026-08-28,reviewed,true
built-in-geography-accessible-corpus-060,built-in-geography,Geography Pack,built-in-geography-set-012,board,round-two,5,easy,cities,Geography: Capitals of Africa,Geograafia: Aafrika pealinnad,Which inland city is the capital of Namibia?,Milline sisemaalinn on Namiibia pealinn?,Windhoek,Windhoek,City of Windhoek,Windhoeki linn,Windhoek is Namibia's capital in the country's central highlands.,Windhoek on Namiibia pealinn riigi keskosa kõrgustikul.,Windhoek,https://en.wikipedia.org/wiki/Windhoek,CC-BY-SA-4.0,2026-08-28,reviewed,true
built-in-geography-accessible-corpus-061,built-in-geography,Geography Pack,built-in-geography-set-015,board,round-two,1,easy,cities,Geography: Capitals of the Americas,Geograafia: Ameerikate pealinnad,What federal district city is the capital of the United States?,Milline föderaalringkonna linn on Ameerika Ühendriikide pealinn?,"Washington, D.C.",Washington,Washington DC;District of Columbia,"Washington, D.C.;Washington DC","Washington, D.C., is the federal capital and seat of the United States government.",Washington on Ameerika Ühendriikide föderaalpealinn ja valitsuse asukoht.,"Washington, D.C.","https://en.wikipedia.org/wiki/Washington,_D.C.",CC-BY-SA-4.0,2026-08-28,reviewed,true
built-in-geography-accessible-corpus-062,built-in-geography,Geography Pack,built-in-geography-set-015,board,round-two,2,easy,cities,Geography: Capitals of the Americas,Geograafia: Ameerikate pealinnad,Which Ontario city is Canada's national capital?,Milline Ontario linn on Kanada pealinn?,Ottawa,Ottawa,City of Ottawa,Ottawa linn,Ottawa is Canada's capital and stands on the Ottawa River in Ontario.,Ottawa on Kanada pealinn ning asub Ontarios Ottawa jõe ääres.,Ottawa,https://en.wikipedia.org/wiki/Ottawa,CC-BY-SA-4.0,2026-08-28,reviewed,true
built-in-geography-accessible-corpus-063,built-in-geography,Geography Pack,built-in-geography-set-015,board,round-two,3,easy,cities,Geography: Capitals of the Americas,Geograafia: Ameerikate pealinnad,Name Brazil's purpose-built inland capital.,Nimeta Brasiilia kavandatud sisemaapealinn.,Brasília,Brasília,Brasilia,Brasilia,Brasília was planned and built inland to serve as Brazil's capital.,Brasília kavandati ja rajati sisemaale Brasiilia pealinnaks.,Brasília,https://en.wikipedia.org/wiki/Brasília,CC-BY-SA-4.0,2026-08-28,reviewed,true
built-in-geography-accessible-corpus-064,built-in-geography,Geography Pack,built-in-geography-set-015,board,round-two,4,easy,cities,Geography: Capitals of the Americas,Geograafia: Ameerikate pealinnad,The Plaza de Mayo is in which Argentine capital?,Millises Argentina pealinnas asub Plaza de Mayo?,Buenos Aires,Buenos Aires,Autonomous City of Buenos Aires,Buenos Airese autonoomne linn,Buenos Aires is Argentina's capital and home to the Plaza de Mayo.,Buenos Aires on Argentina pealinn ning seal asub Plaza de Mayo.,Buenos Aires,https://en.wikipedia.org/wiki/Buenos_Aires,CC-BY-SA-4.0,2026-08-28,reviewed,true
built-in-geography-accessible-corpus-065,built-in-geography,Geography Pack,built-in-geography-set-015,board,round-two,5,easy,cities,Geography: Capitals of the Americas,Geograafia: Ameerikate pealinnad,Which city at the foot of the Andes is Chile's capital?,Milline Andide jalamil asuv linn on Tšiili pealinn?,Santiago,Santiago,Santiago de Chile,Santiago de Chile,Santiago is Chile's capital in the country's central valley beside the Andes.,Santiago on Tšiili pealinn riigi keskosas Andide kõrval.,Santiago,https://en.wikipedia.org/wiki/Santiago,CC-BY-SA-4.0,2026-08-28,reviewed,true
built-in-geography-accessible-corpus-066,built-in-geography,Geography Pack,built-in-geography-set-024,board,round-two,1,easy,borders,Geography: Flags of the World,Geograafia: Maailma lipud,A red maple leaf appears at the centre of which country's flag?,Millise riigi lipu keskel on punane vahtraleht?,Canada,Kanada,Canadian flag,Kanada lipp,Canada's flag places a stylised red maple leaf between two red fields.,Kanada lipul on kahe punase välja vahel stiliseeritud punane vahtraleht.,Flag of Canada,https://en.wikipedia.org/wiki/Flag_of_Canada,CC-BY-SA-4.0,2026-08-28,reviewed,true
built-in-geography-accessible-corpus-067,built-in-geography,Geography Pack,built-in-geography-set-024,board,round-two,2,easy,borders,Geography: Flags of the World,Geograafia: Maailma lipud,Which nation uses a white flag with a single red sun disc?,Millise riigi valgel lipul on üks punane päikeseketas?,Japan,Jaapan,Nippon;Nihon,Nippon;Nihon,Japan's national flag depicts a red disc representing the sun on white.,Jaapani riigilipul kujutab punane ketas valgel taustal päikest.,Flag of Japan,https://en.wikipedia.org/wiki/Flag_of_Japan,CC-BY-SA-4.0,2026-08-28,reviewed,true
built-in-geography-accessible-corpus-068,built-in-geography,Geography Pack,built-in-geography-set-024,board,round-two,3,easy,borders,Geography: Flags of the World,Geograafia: Maailma lipud,A square red flag bearing a white cross belongs to which country?,Millisele riigile kuulub ruudukujuline punane lipp valge ristiga?,Switzerland,Šveits,Swiss Confederation,Šveitsi Konföderatsioon,The Swiss national flag is square and displays a white cross on red.,Šveitsi riigilipp on ruudukujuline ning selle punasel väljal on valge rist.,Flag of Switzerland,https://en.wikipedia.org/wiki/Flag_of_Switzerland,CC-BY-SA-4.0,2026-08-28,reviewed,true
built-in-geography-accessible-corpus-069,built-in-geography,Geography Pack,built-in-geography-set-024,board,round-two,4,easy,borders,Geography: Flags of the World,Geograafia: Maailma lipud,Which country's multicoloured flag has a prominent green Y shape?,Millise riigi mitmevärvilisel lipul on silmatorkav roheline Y-kuju?,South Africa,Lõuna-Aafrika Vabariik,Republic of South Africa,Lõuna-Aafrika;LAV,South Africa's flag brings coloured bands together in a green Y-shaped design.,Lõuna-Aafrika Vabariigi lipu värvilised väljad koonduvad roheliseks Y-kujuks.,Flag of South Africa,https://en.wikipedia.org/wiki/Flag_of_South_Africa,CC-BY-SA-4.0,2026-08-28,reviewed,true
built-in-geography-accessible-corpus-070,built-in-geography,Geography Pack,built-in-geography-set-024,board,round-two,5,easy,borders,Geography: Flags of the World,Geograafia: Maailma lipud,Which country has a national flag formed from two joined triangular pennants rather than a rectangle?,Millise riigi lipp koosneb ristküliku asemel kahest ühendatud kolmnurksest vimplist?,Nepal,Nepal,Federal Democratic Republic of Nepal,Nepali Demokraatlik Liitvabariik,Nepal's flag consists of two stacked triangular pennants.,Nepali lipp koosneb kahest üksteise kohal asuvast kolmnurksest vimplist.,Flag of Nepal,https://en.wikipedia.org/wiki/Flag_of_Nepal,CC-BY-SA-4.0,2026-08-28,reviewed,true
built-in-geography-accessible-corpus-071,built-in-geography,Geography Pack,built-in-geography-set-027,board,round-two,1,easy,landmarks,Geography: Countries by Their Shapes,Geograafia: Riigid kuju järgi,Which European country is famously shaped like a boot?,Milline Euroopa riik meenutab kuju poolest saabast?,Italy,Itaalia,Italian Republic,Itaalia Vabariik,Italy's long peninsula is commonly compared to a boot extending into the Mediterranean.,Itaalia pikka Vahemerre ulatuvat poolsaart võrreldakse tavaliselt saapaga.,Italy,https://en.wikipedia.org/wiki/Italy,CC-BY-SA-4.0,2026-08-28,reviewed,true
built-in-geography-accessible-corpus-072,built-in-geography,Geography Pack,built-in-geography-set-027,board,round-two,2,easy,landmarks,Geography: Countries by Their Shapes,Geograafia: Riigid kuju järgi,"Which country forms a long, narrow strip between the Andes and the Pacific?",Milline riik moodustab pika kitsa riba Andide ja Vaikse ookeani vahel?,Chile,Tšiili,Republic of Chile,Tšiili Vabariik,Chile extends along South America's Pacific edge between the mountains and ocean.,Tšiili ulatub piki Lõuna-Ameerika Vaikse ookeani serva mägede ja mere vahel.,Chile,https://en.wikipedia.org/wiki/Chile,CC-BY-SA-4.0,2026-08-28,reviewed,true
built-in-geography-accessible-corpus-073,built-in-geography,Geography Pack,built-in-geography-set-027,board,round-two,3,easy,landmarks,Geography: Countries by Their Shapes,Geograafia: Riigid kuju järgi,Which East Asian country forms a curved chain of major islands in the Pacific?,Milline Ida-Aasia riik moodustab Vaikses ookeanis kaarduva suurte saarte aheliku?,Japan,Jaapan,Nippon;Nihon,Nippon;Nihon,Japan is an archipelago arranged in a long arc off the Asian mainland.,Jaapan on Aasia mandri ranniku ees pika kaarena paiknev saarestik.,Geography of Japan,https://en.wikipedia.org/wiki/Geography_of_Japan,CC-BY-SA-4.0,2026-08-28,reviewed,true
built-in-geography-accessible-corpus-074,built-in-geography,Geography Pack,built-in-geography-set-027,board,round-two,4,easy,landmarks,Geography: Countries by Their Shapes,Geograafia: Riigid kuju järgi,Which country occupies the mainland commonly called the island continent?,"Milline riik hõlmab mandriosa, mida sageli nimetatakse saarmandriks?",Australia,Austraalia,Commonwealth of Australia,Austraalia Ühendus,Australia is a country whose mainland occupies the Australian continent.,"Austraalia on riik, mille mandriosa hõlmab Austraalia mandri.",Australia,https://en.wikipedia.org/wiki/Australia,CC-BY-SA-4.0,2026-08-28,reviewed,true
built-in-geography-accessible-corpus-075,built-in-geography,Geography Pack,built-in-geography-set-027,board,round-two,5,easy,landmarks,Geography: Countries by Their Shapes,Geograafia: Riigid kuju järgi,Which crescent-shaped country curves around much of Bosnia and Herzegovina?,Milline poolkuukujuline riik kaardub ümber suure osa Bosniast ja Hertsegoviinast?,Croatia,Horvaatia,Republic of Croatia,Horvaatia Vabariik,Croatia's territory arcs around Bosnia and Herzegovina toward the Adriatic.,Horvaatia territoorium kaardub ümber Bosnia ja Hertsegoviina Aadria mere poole.,Geography of Croatia,https://en.wikipedia.org/wiki/Geography_of_Croatia,CC-BY-SA-4.0,2026-08-28,reviewed,true
built-in-geography-accessible-corpus-076,built-in-geography,Geography Pack,built-in-geography-set-029,board,round-two,1,easy,physical-geography,Geography: Rivers of Europe,Geograafia: Euroopa jõed,Which river flows through central London?,Milline jõgi voolab läbi Londoni kesklinna?,River Thames,Thames,the Thames;Thames River,Thamesi jõgi,The Thames passes through London before reaching the North Sea.,Thames voolab läbi Londoni ja suubub Põhjamerre.,River Thames,https://en.wikipedia.org/wiki/River_Thames,CC-BY-SA-4.0,2026-08-28,reviewed,true
built-in-geography-accessible-corpus-077,built-in-geography,Geography Pack,built-in-geography-set-029,board,round-two,2,easy,physical-geography,Geography: Rivers of Europe,Geograafia: Euroopa jõed,Paris grew on the banks and islands of which river?,Millise jõe kallastel ja saartel kasvas Pariis?,Seine,Seine,the Seine;Seine River,Seine'i jõgi,The Seine crosses Paris and divides the city into its Left and Right Banks.,Seine läbib Pariisi ning jagab linna vasak- ja paremkaldaks.,Seine,https://en.wikipedia.org/wiki/Seine,CC-BY-SA-4.0,2026-08-28,reviewed,true
built-in-geography-accessible-corpus-078,built-in-geography,Geography Pack,built-in-geography-set-029,board,round-two,3,easy,physical-geography,Geography: Rivers of Europe,Geograafia: Euroopa jõed,Which river is the longest in Europe and flows into the Caspian Sea?,Milline Euroopa pikim jõgi suubub Kaspia merre?,Volga River,Volga,the Volga;Volga,Volga jõgi,The Volga crosses western Russia and reaches the Caspian Sea through a broad delta.,Volga voolab läbi Lääne-Venemaa ning suubub laia delta kaudu Kaspia merre.,Volga,https://en.wikipedia.org/wiki/Volga,CC-BY-SA-4.0,2026-08-28,reviewed,true
built-in-geography-accessible-corpus-079,built-in-geography,Geography Pack,built-in-geography-set-029,board,round-two,4,easy,physical-geography,Geography: Rivers of Europe,Geograafia: Euroopa jõed,What major river reaches the North Sea through the Netherlands after passing western Germany?,Milline suur jõgi jõuab pärast Lääne-Saksamaa läbimist Hollandi kaudu Põhjamerre?,Rhine,Rein,the Rhine;Rhine River,Reini jõgi,The Rhine flows north from the Alps through western Europe to its Dutch delta.,Rein voolab Alpidest läbi Lääne-Euroopa põhja poole ning suubub Hollandis deltasse.,Rhine,https://en.wikipedia.org/wiki/Rhine,CC-BY-SA-4.0,2026-08-28,reviewed,true
built-in-geography-accessible-corpus-080,built-in-geography,Geography Pack,built-in-geography-set-029,board,round-two,5,easy,physical-geography,Geography: Rivers of Europe,Geograafia: Euroopa jõed,"Warsaw stands on which river, the main waterway of Poland?",Millise Poola peamise jõe ääres asub Varssavi?,Vistula,Wisła,Vistula River;Wisla,Visla;Wisła jõgi,The Vistula crosses Poland from south to north and passes through Warsaw.,Wisła läbib Poolat lõunast põhja ning voolab läbi Varssavi.,Vistula,https://en.wikipedia.org/wiki/Vistula,CC-BY-SA-4.0,2026-08-28,reviewed,true
built-in-geography-accessible-corpus-081,built-in-geography,Geography Pack,built-in-geography-set-032,board,round-two,1,easy,physical-geography,Geography: Mountains of the World,Geograafia: Maailma mäed,Which pyramid-shaped Alpine peak rises above Zermatt on the Swiss–Italian border?,Milline püramiidikujuline Alpi mäetipp kõrgub Zermatti kohal Šveitsi ja Itaalia piiril?,Matterhorn,Matterhorn,Monte Cervino;Mont Cervin,Cervino;Mont Cervin,The Matterhorn rises on the Swiss–Italian border and is famous for its sharply pointed profile.,Matterhorn asub Šveitsi ja Itaalia piiril ning on kuulus oma teravatipulise kuju poolest.,Matterhorn,https://en.wikipedia.org/wiki/Matterhorn,CC-BY-SA-4.0,2026-08-28,reviewed,true
built-in-geography-accessible-corpus-082,built-in-geography,Geography Pack,built-in-geography-set-032,board,round-two,2,easy,physical-geography,Geography: Mountains of the World,Geograafia: Maailma mäed,Which free-standing volcanic mountain rises in Tanzania?,Milline eraldiseisev vulkaaniline mägi kõrgub Tansaanias?,Mount Kilimanjaro,Kilimanjaro,Kilimanjaro,Kilimanjaro mägi,Kilimanjaro is a volcanic massif in northeastern Tanzania.,Kilimanjaro on vulkaaniline mäemassiiv Tansaania kirdeosas.,Mount Kilimanjaro,https://en.wikipedia.org/wiki/Mount_Kilimanjaro,CC-BY-SA-4.0,2026-08-28,reviewed,true
built-in-geography-accessible-corpus-083,built-in-geography,Geography Pack,built-in-geography-set-032,board,round-two,3,easy,physical-geography,Geography: Mountains of the World,Geograafia: Maailma mäed,Name the famous Alpine summit above Chamonix near the French–Italian border.,Nimeta kuulus Alpi tipp Chamonix' kohal Prantsusmaa ja Itaalia piiri lähedal.,Mont Blanc,Mont Blanc,Monte Bianco;White Mountain,Monte Bianco;Valge mägi,Mont Blanc rises in the Alps between the Chamonix and Aosta valleys.,Mont Blanc kõrgub Alpides Chamonix' ja Aosta orgude vahel.,Mont Blanc,https://en.wikipedia.org/wiki/Mont_Blanc,CC-BY-SA-4.0,2026-08-28,reviewed,true
built-in-geography-accessible-corpus-084,built-in-geography,Geography Pack,built-in-geography-set-032,board,round-two,4,easy,physical-geography,Geography: Mountains of the World,Geograafia: Maailma mäed,Which twin-summited dormant volcano is the celebrated peak of the Caucasus?,Milline kahe tipuga uinuv vulkaan on Kaukasuse kuulus mäetipp?,Mount Elbrus,Elbrus,Elbrus,Elbruse mägi,Elbrus is a dormant volcano in the western Caucasus of Russia.,Elbrus on uinuv vulkaan Venemaal Lääne-Kaukasuses.,Mount Elbrus,https://en.wikipedia.org/wiki/Mount_Elbrus,CC-BY-SA-4.0,2026-08-28,reviewed,true
built-in-geography-accessible-corpus-085,built-in-geography,Geography Pack,built-in-geography-set-032,board,round-two,5,easy,physical-geography,Geography: Mountains of the World,Geograafia: Maailma mäed,Which flat-topped mountain overlooks Cape Town?,Milline lameda tipuga mägi kõrgub Kaplinna kohal?,Table Mountain,Laudmägi,the Table Mountain,Table Mountain;Laudmägi,Table Mountain forms the distinctive backdrop to Cape Town in South Africa.,Laudmägi moodustab Lõuna-Aafrika Kaplinna iseloomuliku tausta.,Table Mountain,https://en.wikipedia.org/wiki/Table_Mountain,CC-BY-SA-4.0,2026-08-28,reviewed,true
built-in-geography-accessible-corpus-086,built-in-geography,Geography Pack,built-in-geography-set-047,board,round-two,1,easy,mountains,Geography: Famous Islands,Geograafia: Kuulsad saared,Which South Pacific island country has its capital at Suva?,Millise Vaikse ookeani lõunaosa saareriigi pealinn on Suva?,Fiji,Fidži,Republic of Fiji,Fidži Vabariik,"Fiji is an island country in the South Pacific whose capital, Suva, lies on Viti Levu.","Fidži on Vaikse ookeani lõunaosa saareriik, mille pealinn Suva asub Viti Levu saarel.",Fiji,https://en.wikipedia.org/wiki/Fiji,CC-BY-SA-4.0,2026-08-28,reviewed,true
built-in-geography-accessible-corpus-087,built-in-geography,Geography Pack,built-in-geography-set-047,board,round-two,2,easy,mountains,Geography: Famous Islands,Geograafia: Kuulsad saared,Which large island nation lies in the Indian Ocean east of Mozambique?,Milline suur saareriik asub India ookeanis Mosambiigist idas?,Madagascar,Madagaskar,Republic of Madagascar,Madagaskari Vabariik,Madagascar is separated from southeastern Africa by the Mozambique Channel.,Madagaskarit eraldab Kagu-Aafrikast Mosambiigi väin.,Madagascar,https://en.wikipedia.org/wiki/Madagascar,CC-BY-SA-4.0,2026-08-28,reviewed,true
built-in-geography-accessible-corpus-088,built-in-geography,Geography Pack,built-in-geography-set-047,board,round-two,3,easy,mountains,Geography: Famous Islands,Geograafia: Kuulsad saared,Reykjavík is the capital of which volcanic North Atlantic island?,Millise vulkaanilise Põhja-Atlandi saare pealinn on Reykjavík?,Iceland,Island,Republic of Iceland,Islandi Vabariik,Iceland is a volcanic island country in the North Atlantic with Reykjavík as its capital.,"Island on Põhja-Atlandi vulkaaniline saareriik, mille pealinn on Reykjavík.",Iceland,https://en.wikipedia.org/wiki/Iceland,CC-BY-SA-4.0,2026-08-28,reviewed,true
built-in-geography-accessible-corpus-089,built-in-geography,Geography Pack,built-in-geography-set-047,board,round-two,4,easy,mountains,Geography: Famous Islands,Geograafia: Kuulsad saared,The Strait of Messina separates mainland Italy from which island?,Millise saare eraldab Messina väin Mandri-Itaaliast?,Sicily,Sitsiilia,Sicilia,Sitsiilia saar,The narrow Strait of Messina runs between Calabria and Sicily.,Kitsas Messina väin asub Calabria ja Sitsiilia vahel.,Strait of Messina,https://en.wikipedia.org/wiki/Strait_of_Messina,CC-BY-SA-4.0,2026-08-28,reviewed,true
built-in-geography-accessible-corpus-090,built-in-geography,Geography Pack,built-in-geography-set-047,board,round-two,5,easy,mountains,Geography: Famous Islands,Geograafia: Kuulsad saared,Denpasar and the temples of Uluwatu are on which Indonesian island?,Millisel Indoneesia saarel asuvad Denpasar ja Uluwatu templid?,Bali,Bali,Bali island,Bali saar,Bali is an Indonesian island whose provincial capital is Denpasar.,"Bali on Indoneesia saar, mille provintsi pealinn on Denpasar.",Bali,https://en.wikipedia.org/wiki/Bali,CC-BY-SA-4.0,2026-08-28,reviewed,true
built-in-geography-accessible-corpus-091,built-in-geography,Geography Pack,built-in-geography-set-058,board,round-two,1,easy,islands,Geography: World Time Zones,Geograafia: Maailma ajavööndid,World time zones are commonly expressed as offsets from which international time standard?,Millise rahvusvahelise ajastandardi suhtes väljendatakse tavaliselt maailma ajavööndite erinevusi?,Coordinated Universal Time,koordineeritud maailmaaeg,UTC;Universal Time Coordinated,UTC;maailmaaeg,"Coordinated Universal Time, or UTC, is the reference used to express civil-time offsets worldwide.","Koordineeritud maailmaaeg ehk UTC on võrdlusaeg, mille suhtes väljendatakse maailma tsiviilaja erinevusi.",Coordinated Universal Time,https://en.wikipedia.org/wiki/Coordinated_Universal_Time,CC-BY-SA-4.0,2026-08-28,reviewed,true
built-in-geography-accessible-corpus-092,built-in-geography,Geography Pack,built-in-geography-set-058,board,round-two,2,easy,islands,Geography: World Time Zones,Geograafia: Maailma ajavööndid,What imaginary line in the Pacific marks where the calendar date generally changes?,"Milline kujuteldav joon Vaikses ookeanis tähistab piiri, mille ületamisel kalendrikuupäev tavaliselt muutub?",International Date Line,rahvusvaheline kuupäevaraja,Date Line;IDL,kuupäevaraja;rahvusvaheline kuupäevajoon,Crossing the International Date Line changes the calendar date by one day.,Rahvusvahelise kuupäevaraja ületamisel muutub kalendrikuupäev ühe päeva võrra.,International Date Line,https://en.wikipedia.org/wiki/International_Date_Line,CC-BY-SA-4.0,2026-08-28,reviewed,true
built-in-geography-accessible-corpus-093,built-in-geography,Geography Pack,built-in-geography-set-058,board,round-two,3,easy,islands,Geography: World Time Zones,Geograafia: Maailma ajavööndid,Which standard time does Iceland keep throughout the year?,Millist standardaega kasutab Island aasta ringi?,Greenwich Mean Time,Greenwichi aeg,GMT;Greenwich Time,GMT;Greenwichi keskmine aeg,Iceland uses Greenwich Mean Time without a seasonal daylight-saving change.,Island kasutab Greenwichi aega ilma hooajalise suveajale üleminekuta.,Time in Iceland,https://en.wikipedia.org/wiki/Time_in_Iceland,CC-BY-SA-4.0,2026-08-28,reviewed,true
built-in-geography-accessible-corpus-094,built-in-geography,Geography Pack,built-in-geography-set-058,board,round-two,4,easy,islands,Geography: World Time Zones,Geograafia: Maailma ajavööndid,Tokyo and Osaka both follow which national standard time?,Millist riiklikku standardaega järgivad nii Tōkyō kui ka Osaka?,Japan Standard Time,Jaapani standardaeg,JST;Tokyo Standard Time,JST;Jaapani aeg,"Japan Standard Time is used throughout Japan, including Tokyo and Osaka.","Jaapani standardaega kasutatakse kogu Jaapanis, sealhulgas Tōkyōs ja Osakas.",Japan Standard Time,https://en.wikipedia.org/wiki/Japan_Standard_Time,CC-BY-SA-4.0,2026-08-28,reviewed,true
built-in-geography-accessible-corpus-095,built-in-geography,Geography Pack,built-in-geography-set-058,board,round-two,5,easy,islands,Geography: World Time Zones,Geograafia: Maailma ajavööndid,Which time-zone name is used for Estonia's winter clock?,Millise ajavööndi nime kannab Eesti talvine kellaaeg?,Eastern European Time,Ida-Euroopa aeg,EET,EET;Ida-Euroopa standardaeg,Estonia uses Eastern European Time as its standard time and advances for summer time.,"Eesti standardaeg on Ida-Euroopa aeg, millest suveks minnakse tund edasi.",Time in Estonia,https://en.wikipedia.org/wiki/Time_in_Estonia,CC-BY-SA-4.0,2026-08-28,reviewed,true
built-in-geography-accessible-corpus-096,built-in-geography,Geography Pack,built-in-geography-set-065,board,round-two,1,easy,borders,Geography: The Nordic Countries,Geograafia: Põhjamaad,"Geysers, glaciers, and lava fields shape which Nordic island country?","Millise Põhjamaa saareriigi maastikku kujundavad geisrid, liustikud ja laavaväljad?",Iceland,Island,Republic of Iceland,Islandi Vabariik,Iceland combines active volcanism with extensive glaciers in the North Atlantic.,Islandil kohtuvad Põhja-Atlandil aktiivne vulkanism ja ulatuslikud liustikud.,Geography of Iceland,https://en.wikipedia.org/wiki/Geography_of_Iceland,CC-BY-SA-4.0,2026-08-28,reviewed,true
built-in-geography-accessible-corpus-097,built-in-geography,Geography Pack,built-in-geography-set-065,board,round-two,2,easy,borders,Geography: The Nordic Countries,Geograafia: Põhjamaad,Which Nordic country is especially known for deep fjords along its Atlantic coast?,Milline Põhjamaa on eriti tuntud oma Atlandi ranniku sügavate fjordide poolest?,Norway,Norra,Kingdom of Norway,Norra Kuningriik,"Glaciers carved the long, steep-sided fjords of Norway's western coast.",Liustikud uuristasid Norra läänerannikule pikad järsunõlvalised fjordid.,Geography of Norway,https://en.wikipedia.org/wiki/Geography_of_Norway,CC-BY-SA-4.0,2026-08-28,reviewed,true
built-in-geography-accessible-corpus-098,built-in-geography,Geography Pack,built-in-geography-set-065,board,round-two,3,easy,borders,Geography: The Nordic Countries,Geograafia: Põhjamaad,Which Nordic country is nicknamed the land of a thousand lakes?,Millist Põhjamaad hüütakse tuhande järve maaks?,Finland,Soome,Republic of Finland,Soome Vabariik,Finland's landscape contains a dense network of lakes shaped by glaciation.,Soome maastikul on tihe jääaja kujundatud järvede võrgustik.,Geography of Finland,https://en.wikipedia.org/wiki/Geography_of_Finland,CC-BY-SA-4.0,2026-08-28,reviewed,true
built-in-geography-accessible-corpus-099,built-in-geography,Geography Pack,built-in-geography-set-065,board,round-two,4,easy,borders,Geography: The Nordic Countries,Geograafia: Põhjamaad,Stockholm and its broad Baltic archipelago belong to which country?,Millisele riigile kuuluvad Stockholm ja selle ulatuslik Läänemere saarestik?,Sweden,Rootsi,Kingdom of Sweden,Rootsi Kuningriik,Sweden's capital Stockholm spreads across islands beside a large Baltic archipelago.,Rootsi pealinn Stockholm paikneb saartel suure Läänemere saarestiku kõrval.,Sweden,https://en.wikipedia.org/wiki/Sweden,CC-BY-SA-4.0,2026-08-28,reviewed,true
built-in-geography-accessible-corpus-100,built-in-geography,Geography Pack,built-in-geography-set-065,board,round-two,5,easy,borders,Geography: The Nordic Countries,Geograafia: Põhjamaad,The Jutland Peninsula forms the mainland part of which Nordic kingdom?,Millise Põhjamaa kuningriigi mandriosa moodustab Jüüti poolsaar?,Denmark,Taani,Kingdom of Denmark,Taani Kuningriik,Denmark consists of the Jutland Peninsula and numerous islands.,Taani koosneb Jüüti poolsaarest ja paljudest saartest.,Geography of Denmark,https://en.wikipedia.org/wiki/Geography_of_Denmark,CC-BY-SA-4.0,2026-08-28,reviewed,true
built-in-geography-accessible-corpus-101,built-in-geography,Geography Pack,built-in-geography-set-072,board,round-two,1,easy,borders,Geography: The Caribbean,Geograafia: Kariibi mere piirkond,Kingston is the capital of which island known worldwide for reggae?,Millise reggae poolest maailmakuulsa saare pealinn on Kingston?,Jamaica,Jamaica,Jamaica island,Jamaica saar,"Kingston is Jamaica's capital, and reggae developed on the island.",Kingston on Jamaica pealinn ning reggae kujunes sellel saarel.,Jamaica,https://en.wikipedia.org/wiki/Jamaica,CC-BY-SA-4.0,2026-08-28,reviewed,true
built-in-geography-accessible-corpus-102,built-in-geography,Geography Pack,built-in-geography-set-072,board,round-two,2,easy,borders,Geography: The Caribbean,Geograafia: Kariibi mere piirkond,Haiti and the Dominican Republic share which Caribbean island?,Millist Kariibi mere saart jagavad Haiti ja Dominikaani Vabariik?,Hispaniola,Hispaniola,Española;La Española,Española;La Española,Hispaniola is politically divided between Haiti in the west and the Dominican Republic in the east.,Hispaniola jaguneb läänes Haiti ja idas Dominikaani Vabariigi vahel.,Hispaniola,https://en.wikipedia.org/wiki/Hispaniola,CC-BY-SA-4.0,2026-08-28,reviewed,true
built-in-geography-accessible-corpus-103,built-in-geography,Geography Pack,built-in-geography-set-072,board,round-two,3,easy,borders,Geography: The Caribbean,Geograafia: Kariibi mere piirkond,Bridgetown is the capital of which eastern Caribbean island nation?,Millise Kariibi mere idaosa saareriigi pealinn on Bridgetown?,Barbados,Barbados,Barbados island,Barbadose saar,Bridgetown is the capital and principal city of Barbados.,Bridgetown on Barbadose pealinn ja peamine linn.,Bridgetown,https://en.wikipedia.org/wiki/Bridgetown,CC-BY-SA-4.0,2026-08-28,reviewed,true
built-in-geography-accessible-corpus-104,built-in-geography,Geography Pack,built-in-geography-set-072,board,round-two,4,easy,borders,Geography: The Caribbean,Geograafia: Kariibi mere piirkond,Port of Spain serves as the capital of which two-island republic?,Millise kahest põhisaarest koosneva vabariigi pealinn on Port of Spain?,Trinidad and Tobago,Trinidad ja Tobago,Republic of Trinidad and Tobago,Trinidadi ja Tobago Vabariik,Port of Spain is the capital of Trinidad and Tobago and stands on Trinidad.,Port of Spain on Trinidadi ja Tobago pealinn ning asub Trinidadi saarel.,Port of Spain,https://en.wikipedia.org/wiki/Port_of_Spain,CC-BY-SA-4.0,2026-08-28,reviewed,true
built-in-geography-accessible-corpus-105,built-in-geography,Geography Pack,built-in-geography-set-072,board,round-two,5,easy,borders,Geography: The Caribbean,Geograafia: Kariibi mere piirkond,Nassau is the capital of which Atlantic archipelago east of Florida?,Millise Floridast idas asuva Atlandi saarestiku pealinn on Nassau?,Bahamas,Bahama,the Bahamas;Commonwealth of the Bahamas,Bahama saared;Bahama Ühendus,Nassau is the capital of the Bahamas on the island of New Providence.,Nassau on New Providence'i saarel asuv Bahama pealinn.,"Nassau, Bahamas","https://en.wikipedia.org/wiki/Nassau,_Bahamas",CC-BY-SA-4.0,2026-08-28,reviewed,true
built-in-geography-accessible-corpus-106,built-in-geography,Geography Pack,built-in-geography-set-074,board,round-two,1,easy,maps-coordinates,Geography: South America,Geograafia: Lõuna-Ameerika,Which major river flows in a great arc through Venezuela before reaching the Atlantic?,Milline suur jõgi teeb Venezuelas laia kaare ja suubub seejärel Atlandi ookeani?,Orinoco River,Orinoco,the Orinoco;Orinoco,Orinoco jõgi,The Orinoco drains much of Venezuela and forms a broad delta on the Atlantic coast.,Orinoco kuivendab suurt osa Venezuelast ning moodustab Atlandi rannikul laia delta.,Orinoco,https://en.wikipedia.org/wiki/Orinoco,CC-BY-SA-4.0,2026-08-28,reviewed,true
built-in-geography-accessible-corpus-107,built-in-geography,Geography Pack,built-in-geography-set-074,board,round-two,2,easy,maps-coordinates,Geography: South America,Geograafia: Lõuna-Ameerika,What mountain range follows the western edge of the continent from Venezuela toward Tierra del Fuego?,Milline mäestik kulgeb mandri lääneservas Venezuelast Tulemaa suunas?,Andes,Andid,the Andes;Andes Mountains,Andide mäestik,The Andes form a long mountain chain along western South America.,Andid moodustavad pika mäeaheliku piki Lõuna-Ameerika lääneserva.,Andes,https://en.wikipedia.org/wiki/Andes,CC-BY-SA-4.0,2026-08-28,reviewed,true
built-in-geography-accessible-corpus-108,built-in-geography,Geography Pack,built-in-geography-set-074,board,round-two,3,easy,maps-coordinates,Geography: South America,Geograafia: Lõuna-Ameerika,What sparsely populated region spans southern Argentina and Chile?,Milline hõredalt asustatud piirkond ulatub üle Argentina ja Tšiili lõunaosa?,Patagonia,Patagoonia,Patagonian region,Patagoonia piirkond,Patagonia covers a broad southern region shared by Argentina and Chile.,Patagoonia hõlmab Argentina ja Tšiili ühist ulatuslikku lõunapiirkonda.,Patagonia,https://en.wikipedia.org/wiki/Patagonia,CC-BY-SA-4.0,2026-08-28,reviewed,true
built-in-geography-accessible-corpus-109,built-in-geography,Geography Pack,built-in-geography-set-074,board,round-two,4,easy,maps-coordinates,Geography: South America,Geograafia: Lõuna-Ameerika,Which famous Andean lake lies on the border of Peru and Bolivia?,Milline kuulus Andide järv asub Peruu ja Boliivia piiril?,Lake Titicaca,Titicaca järv,Titicaca,Titicaca,Lake Titicaca occupies a high basin in the Andes between Peru and Bolivia.,Titicaca järv asub kõrges Andide nõos Peruu ja Boliivia vahel.,Lake Titicaca,https://en.wikipedia.org/wiki/Lake_Titicaca,CC-BY-SA-4.0,2026-08-28,reviewed,true
built-in-geography-accessible-corpus-110,built-in-geography,Geography Pack,built-in-geography-set-074,board,round-two,5,easy,maps-coordinates,Geography: South America,Geograafia: Lõuna-Ameerika,Which waterfall drops from the table-top mountain Auyán-tepui in Venezuela?,Milline juga langeb Venezuelas Auyán-tepui lavamäelt?,Angel Falls,Angeli juga,Salto Ángel;Kerepakupai Merú,Salto Ángel;Kerepakupai Merú,Angel Falls descends from the edge of Auyán-tepui in southeastern Venezuela.,Angeli juga langeb Auyán-tepui servalt Venezuela kaguosas.,Angel Falls,https://en.wikipedia.org/wiki/Angel_Falls,CC-BY-SA-4.0,2026-08-28,reviewed,true
built-in-geography-accessible-corpus-111,built-in-geography,Geography Pack,built-in-geography-set-077,board,round-two,1,easy,maps-coordinates,Geography: Landmarks of Africa,Geograafia: Aafrika vaatamisväärsused,Which Egyptian monument near the pyramids has a lion's body and a human head?,Millisel püramiidide lähedal asuval Egiptuse monumendil on lõvi keha ja inimese pea?,Great Sphinx of Giza,Giza suur sfinks,the Great Sphinx;the Sphinx,Suur sfinks;sfinks,The Great Sphinx of Giza is a colossal limestone statue with a lion's body and a human head.,"Giza suur sfinks on hiiglaslik lubjakivikuju, millel on lõvi keha ja inimese pea.",Great Sphinx of Giza,https://en.wikipedia.org/wiki/Great_Sphinx_of_Giza,CC-BY-SA-4.0,2026-08-28,reviewed,true
built-in-geography-accessible-corpus-112,built-in-geography,Geography Pack,built-in-geography-set-077,board,round-two,2,easy,maps-coordinates,Geography: Landmarks of Africa,Geograafia: Aafrika vaatamisväärsused,Jemaa el-Fnaa square and a maze-like medina are famous sights in which Moroccan city?,Millises Maroko linnas asuvad kuulus Jemaa el-Fnaa väljak ja labürinditaoline mediina?,Marrakesh,Marrakech,Marrakech,Marrakeš;Marrakesh,Marrakesh is a historic Moroccan city centred on its walled medina and Jemaa el-Fnaa.,"Marrakech on ajalooline Maroko linn, mille keskmes on müüriga ümbritsetud mediina ja Jemaa el-Fnaa.",Marrakesh,https://en.wikipedia.org/wiki/Marrakesh,CC-BY-SA-4.0,2026-08-28,reviewed,true
built-in-geography-accessible-corpus-113,built-in-geography,Geography Pack,built-in-geography-set-077,board,round-two,3,easy,maps-coordinates,Geography: Landmarks of Africa,Geograafia: Aafrika vaatamisväärsused,On which island country can travellers see the Avenue of the Baobabs?,Millises saareriigis saab näha Baobabide alleed?,Madagascar,Madagaskar,Republic of Madagascar,Madagaskari Vabariik,The Avenue of the Baobabs is a landmark in western Madagascar.,Baobabide allee on Lääne-Madagaskari tuntud vaatamisväärsus.,Avenue of the Baobabs,https://en.wikipedia.org/wiki/Avenue_of_the_Baobabs,CC-BY-SA-4.0,2026-08-28,reviewed,true
built-in-geography-accessible-corpus-114,built-in-geography,Geography Pack,built-in-geography-set-077,board,round-two,4,easy,maps-coordinates,Geography: Landmarks of Africa,Geograafia: Aafrika vaatamisväärsused,Nelson Mandela was imprisoned for many years on which island near Cape Town?,Millisel Kaplinna lähedal asuval saarel oli Nelson Mandela aastaid vangis?,Robben Island,Robbeni saar,Robben,Robben;Robben Island,Robben Island held a prison where Nelson Mandela and other political prisoners were confined.,"Robbeni saarel asus vangla, kus hoiti Nelson Mandelat ja teisi poliitvange.",Robben Island,https://en.wikipedia.org/wiki/Robben_Island,CC-BY-SA-4.0,2026-08-28,reviewed,true
built-in-geography-accessible-corpus-115,built-in-geography,Geography Pack,built-in-geography-set-077,board,round-two,5,easy,maps-coordinates,Geography: Landmarks of Africa,Geograafia: Aafrika vaatamisväärsused,Which Ethiopian town is renowned for churches carved directly from rock?,Milline Etioopia linn on tuntud otse kaljusse raiutud kirikute poolest?,Lalibela,Lalibela,Roha,Roha,Lalibela contains a celebrated group of medieval rock-hewn churches.,Lalibelas asub kuulus keskaegsete kaljukirikute rühm.,Lalibela,https://en.wikipedia.org/wiki/Lalibela,CC-BY-SA-4.0,2026-08-28,reviewed,true
built-in-geography-accessible-corpus-116,built-in-geography,Geography Pack,built-in-geography-set-080,board,round-two,1,easy,maps-coordinates,Geography: Landmarks of Asia,Geograafia: Aasia vaatamisväärsused,Which red-and-white Japanese landmark was inspired by the Eiffel Tower and rises above Tokyo?,Milline Eiffeli tornist inspireeritud punavalge Jaapani vaatamisväärsus kõrgub Tōkyō kohal?,Tokyo Tower,Tōkyō torn,Tokyo Radio Tower,Tokyo Tower;Tōkyō teletorn,Tokyo Tower is a red-and-white communications and observation tower modelled on the Eiffel Tower.,Tōkyō torn on Eiffeli torni eeskujul ehitatud punavalge side- ja vaatetorn.,Tokyo Tower,https://en.wikipedia.org/wiki/Tokyo_Tower,CC-BY-SA-4.0,2026-08-28,reviewed,true
built-in-geography-accessible-corpus-117,built-in-geography,Geography Pack,built-in-geography-set-080,board,round-two,2,easy,maps-coordinates,Geography: Landmarks of Asia,Geograafia: Aasia vaatamisväärsused,"Which vast domed landmark in Istanbul has served as a church, mosque, and museum?","Milline hiiglasliku kupliga Istanbuli vaatamisväärsus on olnud kirik, mošee ja muuseum?",Hagia Sophia,Hagia Sophia,Ayasofya;Church of Holy Wisdom,Ayasofya;Püha Tarkuse kirik,Hagia Sophia was built in the sixth century and has changed functions several times during Istanbul's history.,Hagia Sophia ehitati kuuendal sajandil ning selle otstarve on Istanbuli ajaloo jooksul mitu korda muutunud.,Hagia Sophia,https://en.wikipedia.org/wiki/Hagia_Sophia,CC-BY-SA-4.0,2026-08-28,reviewed,true
built-in-geography-accessible-corpus-118,built-in-geography,Geography Pack,built-in-geography-set-080,board,round-two,3,easy,maps-coordinates,Geography: Landmarks of Asia,Geograafia: Aasia vaatamisväärsused,The rock-cut Treasury is the best-known sight in which ancient Jordanian city?,Millise Jordaania muistse linna tuntuim vaatamisväärsus on kaljusse raiutud Varakamber?,Petra,Petra,Raqmu,Raqmu,Petra is a Nabataean city in Jordan with monumental facades cut into sandstone.,"Petra on Jordaanias asuv nabatealaste linn, mille monumentaalsed fassaadid on raiutud liivakivisse.",Petra,https://en.wikipedia.org/wiki/Petra,CC-BY-SA-4.0,2026-08-28,reviewed,true
built-in-geography-accessible-corpus-119,built-in-geography,Geography Pack,built-in-geography-set-080,board,round-two,4,easy,maps-coordinates,Geography: Landmarks of Asia,Geograafia: Aasia vaatamisväärsused,What needle-like skyscraper dominates the skyline of Dubai?,Milline nõeljas pilvelõhkuja valitseb Dubai siluetti?,Burj Khalifa,Burj Khalīfah,Burj Dubai,Burj Khalifa,Burj Khalifa is the signature skyscraper of central Dubai in the United Arab Emirates.,Burj Khalīfah on Araabia Ühendemiraatide Dubai kesklinna tunnuspilvelõhkuja.,Burj Khalifa,https://en.wikipedia.org/wiki/Burj_Khalifa,CC-BY-SA-4.0,2026-08-28,reviewed,true
built-in-geography-accessible-corpus-120,built-in-geography,Geography Pack,built-in-geography-set-080,board,round-two,5,easy,maps-coordinates,Geography: Landmarks of Asia,Geograafia: Aasia vaatamisväärsused,Which vast Buddhist monument rises on the Indonesian island of Java?,Milline hiiglaslik budistlik monument kõrgub Indoneesia Jaava saarel?,Borobudur,Borobudur,Borobudur Temple,Borobuduri tempel,"Borobudur is a terraced Buddhist monument in Central Java, Indonesia.",Borobudur on astmeline budistlik monument Indoneesias Kesk-Jaaval.,Borobudur,https://en.wikipedia.org/wiki/Borobudur,CC-BY-SA-4.0,2026-08-28,reviewed,true
built-in-geography-accessible-corpus-121,built-in-geography,Geography Pack,built-in-geography-set-085,board,round-two,1,easy,human-geography,Geography: Oceans and Currents,Geograafia: Ookeanid ja hoovused,"Which ocean trench contains Challenger Deep, the deepest known point in Earth's oceans?","Millises ookeanisüvikus asub Challengeri sügavik, maailmamere sügavaim teadaolev punkt?",Mariana Trench,Mariaani süvik,the Marianas Trench,Mariaani haud,The Mariana Trench lies in the western Pacific and contains Challenger Deep.,Mariaani süvik asub Vaikse ookeani lääneosas ning seal paikneb Challengeri sügavik.,Mariana Trench,https://en.wikipedia.org/wiki/Mariana_Trench,CC-BY-SA-4.0,2026-08-28,reviewed,true
built-in-geography-accessible-corpus-122,built-in-geography,Geography Pack,built-in-geography-set-085,board,round-two,2,easy,human-geography,Geography: Oceans and Currents,Geograafia: Ookeanid ja hoovused,Which Atlantic sea is bounded by ocean currents rather than coastlines?,Millist Atlandi merd piiravad rannajoonte asemel ookeanihoovused?,Sargasso Sea,Sargasso meri,the Sargasso,Sargasso,"Rotating North Atlantic currents surround the Sargasso Sea, which has no land boundary.","Pöörlevad Põhja-Atlandi hoovused ümbritsevad Sargasso merd, millel puudub maismaapiir.",Sargasso Sea,https://en.wikipedia.org/wiki/Sargasso_Sea,CC-BY-SA-4.0,2026-08-28,reviewed,true
built-in-geography-accessible-corpus-123,built-in-geography,Geography Pack,built-in-geography-set-085,board,round-two,3,easy,human-geography,Geography: Oceans and Currents,Geograafia: Ookeanid ja hoovused,Which warm Atlantic flow helps moderate the climate of western Europe?,Milline soe Atlandi hoovus aitab pehmendada Lääne-Euroopa kliimat?,Gulf Stream,Golfi hoovus,the Gulf Stream,Golfi hoovus,The Gulf Stream carries warm water northeastward across the Atlantic system.,Golfi hoovus kannab sooja vett Atlandi süsteemis kirde poole.,Gulf Stream,https://en.wikipedia.org/wiki/Gulf_Stream,CC-BY-SA-4.0,2026-08-28,reviewed,true
built-in-geography-accessible-corpus-124,built-in-geography,Geography Pack,built-in-geography-set-085,board,round-two,4,easy,human-geography,Geography: Oceans and Currents,Geograafia: Ookeanid ja hoovused,Which ocean encircles Antarctica?,Milline ookean ümbritseb Antarktikat?,Southern Ocean,Lõuna-Jäämeri,Antarctic Ocean,Lõunaookean;Antarktika ookean,The Southern Ocean is the body of water surrounding Antarctica.,Lõuna-Jäämeri on Antarktikat ümbritsev veekogu.,Southern Ocean,https://en.wikipedia.org/wiki/Southern_Ocean,CC-BY-SA-4.0,2026-08-28,reviewed,true
built-in-geography-accessible-corpus-125,built-in-geography,Geography Pack,built-in-geography-set-085,board,round-two,5,easy,human-geography,Geography: Oceans and Currents,Geograafia: Ookeanid ja hoovused,What climate pattern begins with unusual warming of the central and eastern tropical Pacific Ocean?,Milline kliimanähtus algab troopilise Vaikse ookeani kesk- ja idaosa ebatavalise soojenemisega?,El Niño,El Niño,El Nino;El Niño event,El Nino;El Niño nähtus,El Niño is the warm phase of a recurring Pacific climate pattern and can alter weather far beyond the ocean.,"El Niño on korduva Vaikse ookeani kliimamustri soe faas, mis võib mõjutada ilma ookeanist kaugelgi.",El Niño,https://en.wikipedia.org/wiki/El_Niño,CC-BY-SA-4.0,2026-08-28,reviewed,true
built-in-geography-accessible-corpus-126,built-in-geography,Geography Pack,built-in-geography-set-094,board,round-two,1,easy,landmarks,Geography: Languages and Their Countries,Geograafia: Keeled ja nende riigid,Which language developed from Dutch and is spoken in South Africa and Namibia?,Milline hollandi keelest arenenud keel on kasutusel Lõuna-Aafrikas ja Namiibias?,Afrikaans,afrikaani keel,Afrikaans language,afrikaani,Afrikaans developed mainly from Dutch and is one of South Africa's official languages.,Afrikaani keel arenes peamiselt hollandi keelest ning on üks Lõuna-Aafrika ametlikest keeltest.,Afrikaans,https://en.wikipedia.org/wiki/Afrikaans,CC-BY-SA-4.0,2026-08-28,reviewed,true
built-in-geography-accessible-corpus-127,built-in-geography,Geography Pack,built-in-geography-set-094,board,round-two,2,easy,landmarks,Geography: Languages and Their Countries,Geograafia: Keeled ja nende riigid,"Which language, called magyar by its speakers, is official in Hungary?","Milline keel, mida kõnelejad nimetavad magyariks, on Ungari ametlik keel?",Hungarian,ungari keel,Magyar,ungari;magyari keel,Hungarian is a Uralic language and the official language of Hungary.,Ungari keel kuulub uurali keelkonda ja on Ungari ametlik keel.,Hungarian language,https://en.wikipedia.org/wiki/Hungarian_language,CC-BY-SA-4.0,2026-08-28,reviewed,true
built-in-geography-accessible-corpus-128,built-in-geography,Geography Pack,built-in-geography-set-094,board,round-two,3,easy,landmarks,Geography: Languages and Their Countries,Geograafia: Keeled ja nende riigid,Which language is spoken by most people in Turkey and uses a Latin-based alphabet?,Millist ladina tähestikul põhinevat keelt räägib enamik Türgi elanikke?,Turkish,türgi keel,Turkish language,türgi,Turkish is Turkey's official language and has been written in a Latin-based alphabet since 1928.,Türgi keel on Türgi ametlik keel ja seda kirjutatakse alates 1928. aastast ladina tähestikul põhinevas kirjas.,Turkish language,https://en.wikipedia.org/wiki/Turkish_language,CC-BY-SA-4.0,2026-08-28,reviewed,true
built-in-geography-accessible-corpus-129,built-in-geography,Geography Pack,built-in-geography-set-094,board,round-two,4,easy,landmarks,Geography: Languages and Their Countries,Geograafia: Keeled ja nende riigid,Which Bantu language serves as a major lingua franca across East Africa?,Milline bantu keel toimib suures osas Ida-Aafrikast ühise suhtluskeelena?,Swahili,suahiili keel,Kiswahili,suahiili;kiswahili,Swahili serves as a major lingua franca across East Africa.,Suahiili keel toimib suures osas Ida-Aafrikast ühise suhtluskeelena.,Swahili language,https://en.wikipedia.org/wiki/Swahili_language,CC-BY-SA-4.0,2026-08-28,reviewed,true
built-in-geography-accessible-corpus-130,built-in-geography,Geography Pack,built-in-geography-set-094,board,round-two,5,easy,landmarks,Geography: Languages and Their Countries,Geograafia: Keeled ja nende riigid,Which West Germanic language is the principal official language of the Netherlands?,Milline läänegermaani keel on Hollandi peamine ametlik keel?,Dutch,hollandi keel,Netherlandic,hollandi;nederlandi keel,Dutch is the main official language of the Netherlands and is also used in northern Belgium.,Hollandi keel on Madalmaade peamine ametlik keel ning seda kasutatakse ka Põhja-Belgias.,Dutch language,https://en.wikipedia.org/wiki/Dutch_language,CC-BY-SA-4.0,2026-08-28,reviewed,true
built-in-geography-playable-corpus-081,built-in-geography,Geography Pack,built-in-geography-set-006,board,round-two,1,medium,countries-capitals,Languages That Cross Frontiers,Üle riigipiiride kõneldavad keeled,"Barcelona, Valencia, and Andorra share which Romance language in different local forms?","Millist romaani keelt kasutatakse eri kohalikes vormides Barcelonas, Valencias ja Andorras?",Catalan,katalaani keel,Català,català;katalaani,Catalan is spoken across several eastern Iberian regions and is Andorra's official language.,Katalaani keelt räägitakse mitmes Ida-Pürenee piirkonnas ning see on Andorra ametlik keel.,Catalan language,https://en.wikipedia.org/wiki/Catalan_language,CC-BY-SA-4.0,2026-08-28,reviewed,true
built-in-geography-playable-corpus-082,built-in-geography,Geography Pack,built-in-geography-set-006,board,round-two,2,medium,countries-capitals,Languages That Cross Frontiers,Üle riigipiiride kõneldavad keeled,"Which Indigenous language group spans northern Norway, Sweden, Finland, and Russia?",Milline põlisrahva keelerühm ulatub Põhja-Norrast ja -Rootsist Soome ning Venemaale?,Sámi languages,saami keeled,Saami languages;Lappish languages,saami keel;lapi keeled,The Sámi languages form a Uralic branch spoken across Sápmi in four countries.,"Saami keeled moodustavad uurali keelkonna haru, mida kõneldakse nelja riigi Sápmi alal.",Sámi languages,https://en.wikipedia.org/wiki/Sámi_languages,CC-BY-SA-4.0,2026-08-28,reviewed,true
built-in-geography-playable-corpus-083,built-in-geography,Geography Pack,built-in-geography-set-006,board,round-two,3,medium,countries-capitals,Languages That Cross Frontiers,Üle riigipiiride kõneldavad keeled,"Which Iranian language is spoken across adjoining parts of Turkey, Iraq, Iran, and Syria?","Millist iraani keelt räägitakse Türgi, Iraagi, Iraani ja Süüria külgnevates piirkondades?",Kurdish,kurdi keel,Kurdish languages,kurdi;kurdi keeled,Kurdish comprises closely related Iranian varieties spoken across a region divided among several states.,"Kurdi keel hõlmab lähisugulasi iraani keelekujusid, mida kõneldakse mitme riigi vahel jagatud piirkonnas.",Kurdish languages,https://en.wikipedia.org/wiki/Kurdish_languages,CC-BY-SA-4.0,2026-08-28,reviewed,true
built-in-geography-playable-corpus-084,built-in-geography,Geography Pack,built-in-geography-set-006,board,round-two,4,medium,countries-capitals,Languages That Cross Frontiers,Üle riigipiiride kõneldavad keeled,"Which Indigenous language family, once spread by the Inca, is spoken from Ecuador through Peru to Bolivia?",Millist inkade levitatud põlisrahva keelkonda kõneldakse Ecuadorist läbi Peruu Boliiviani?,Quechuan languages,ketšua keeled,Quechua;Kichwa,ketšua;kichwa,Quechuan varieties are spoken along the central Andes in several South American countries.,Ketšua keelekujusid räägitakse Kesk-Andides mitmes Lõuna-Ameerika riigis.,Quechuan languages,https://en.wikipedia.org/wiki/Quechuan_languages,CC-BY-SA-4.0,2026-08-28,reviewed,true
built-in-geography-playable-corpus-085,built-in-geography,Geography Pack,built-in-geography-set-006,board,round-two,5,medium,countries-capitals,Languages That Cross Frontiers,Üle riigipiiride kõneldavad keeled,Which Chadic language serves as a major lingua franca across northern Nigeria and southern Niger?,Milline Tšaadi keelerühma keel toimib olulise suhtluskeelena Põhja-Nigeerias ja Lõuna-Nigeris?,Hausa,hausa keel,Hausa language,hausa,Hausa is spoken across a broad West African region and is widely used in trade and mass communication.,Hausa keelt räägitakse laial alal Lääne-Aafrikas ning seda kasutatakse palju kaubanduses ja massimeedias.,Hausa language,https://en.wikipedia.org/wiki/Hausa_language,CC-BY-SA-4.0,2026-08-28,reviewed,true
built-in-geography-playable-corpus-086,built-in-geography,Geography Pack,built-in-geography-set-017,board,round-two,1,medium,cities,Capitals Chosen on Purpose,Teadlikult valitud pealinnad,Pierre L’Enfant laid out which federal capital with broad avenues radiating across a street grid?,Millise föderaalse pealinna kavandas Pierre L’Enfant laia tänavavõrku lõikavate kiirjate avenüüdega?,"Washington, D.C.",Washington,Washington DC;District of Columbia,"Washington, DC;Columbia ringkond","Washington was planned as a new federal capital, combining a grid with diagonal ceremonial avenues.","Washington kavandati uueks föderaalseks pealinnaks, ühendades tänavaruudustiku diagonaalsete paraadavenüüdega.",L’Enfant Plan,https://en.wikipedia.org/wiki/L%27Enfant_Plan,CC-BY-SA-4.0,2026-08-28,reviewed,true
built-in-geography-playable-corpus-087,built-in-geography,Geography Pack,built-in-geography-set-017,board,round-two,2,medium,cities,Capitals Chosen on Purpose,Teadlikult valitud pealinnad,Which planned inland city became Australia's capital as a compromise between Sydney and Melbourne?,Milline kavandatud sisemaa linn sai Austraalia pealinnaks kompromissina Sydney ja Melbourne'i vahel?,Canberra,Canberra,Australian Capital Territory,Canberra linn,Canberra was selected and planned as the federal capital between rival Sydney and Melbourne.,Canberra valiti ja kavandati föderaalpealinnaks konkureerivate Sydney ja Melbourne'i vahele.,Canberra,https://en.wikipedia.org/wiki/Canberra,CC-BY-SA-4.0,2026-08-28,reviewed,true
built-in-geography-playable-corpus-088,built-in-geography,Geography Pack,built-in-geography-set-017,board,round-two,3,medium,cities,Capitals Chosen on Purpose,Teadlikult valitud pealinnad,Lutyens and Baker designed which ceremonial capital district around a great axis and government complex?,Millise piduliku pealinnapiirkonna kavandasid Lutyens ja Baker suure telje ning valitsuskompleksi ümber?,New Delhi,New Delhi,Lutyens’ Delhi,Lutyensi Delhi,"New Delhi was planned as the imperial capital, with monumental avenues and government buildings designed by British architects.",New Delhi kavandati keisririigi pealinnaks Briti arhitektide loodud monumentaalsete avenüüde ja valitsushoonetega.,New Delhi,https://en.wikipedia.org/wiki/New_Delhi,CC-BY-SA-4.0,2026-08-28,reviewed,true
built-in-geography-playable-corpus-089,built-in-geography,Geography Pack,built-in-geography-set-017,board,round-two,4,medium,cities,Capitals Chosen on Purpose,Teadlikult valitud pealinnad,The Margalla Hills rise behind which planned Pakistani capital that replaced Karachi?,Millise Karachi asemele rajatud Pakistani pealinna taga kõrguvad Margalla mäed?,Islamabad,Islamabad,Islamabad Capital Territory,Islamabadi pealinnaala,Islamabad was purpose-built below the Margalla Hills to serve as Pakistan's capital.,Islamabad rajati Margalla mägede jalamile Pakistani pealinnaks.,Islamabad,https://en.wikipedia.org/wiki/Islamabad,CC-BY-SA-4.0,2026-08-28,reviewed,true
built-in-geography-playable-corpus-090,built-in-geography,Geography Pack,built-in-geography-set-017,board,round-two,5,medium,cities,Capitals Chosen on Purpose,Teadlikult valitud pealinnad,Which centrally located planned city replaced Lagos as Nigeria's capital?,Milline keskse asukohaga kavandatud linn asendas Lagose Nigeeria pealinnana?,Abuja,Abuja,Federal Capital City,Abuja föderaalpealinn,Abuja was developed in central Nigeria as a purpose-built federal capital.,Abuja rajati Kesk-Nigeeriasse sihipäraselt föderaalpealinnaks.,Abuja,https://en.wikipedia.org/wiki/Abuja,CC-BY-SA-4.0,2026-08-28,reviewed,true
built-in-geography-playable-corpus-091,built-in-geography,Geography Pack,built-in-geography-set-023,board,round-two,1,medium,islands,"Two Towns, One Border","Kaks linna, üks riigipiir",Which Latvian town forms the southern half of a community divided from Estonian Valga by the state line?,Milline Läti linn moodustab riigipiiriga Eesti Valgast eraldatud kogukonna lõunapoolse osa?,Valka,Valka,Walk,Valka linn,Valka and Valga were divided by the Latvian-Estonian border after independence.,Valka ja Valga jagati Läti-Eesti piiriga pärast iseseisvumist.,Valka,https://en.wikipedia.org/wiki/Valka,CC-BY-SA-4.0,2026-08-28,reviewed,true
built-in-geography-playable-corpus-092,built-in-geography,Geography Pack,built-in-geography-set-023,board,round-two,2,medium,islands,"Two Towns, One Border","Kaks linna, üks riigipiir",Which Mexican city faces El Paso across the Rio Grande?,Milline Mehhiko linn asub Rio Grande teisel kaldal El Paso vastas?,Ciudad Juárez,Ciudad Juárez,Juárez,Juárez,Ciudad Juárez and El Paso form a major cross-border metropolitan area on the Rio Grande.,Ciudad Juárez ja El Paso moodustavad Rio Grande ääres suure piiriülese linnastu.,Ciudad Juárez,https://en.wikipedia.org/wiki/Ciudad_Juárez,CC-BY-SA-4.0,2026-08-28,reviewed,true
built-in-geography-playable-corpus-093,built-in-geography,Geography Pack,built-in-geography-set-023,board,round-two,3,medium,islands,"Two Towns, One Border","Kaks linna, üks riigipiir",Which national capital faces Kinshasa across the Congo River?,Milline riigi pealinn asub üle Kongo jõe Kinshasa vastas?,Brazzaville,Brazzaville,City of Brazzaville,Brazzaville'i linn,Brazzaville and Kinshasa are neighbouring capitals on opposite banks of the Congo River.,Brazzaville ja Kinshasa on Kongo jõe vastaskallastel paiknevad naaberpealinnad.,Brazzaville,https://en.wikipedia.org/wiki/Brazzaville,CC-BY-SA-4.0,2026-08-28,reviewed,true
built-in-geography-playable-corpus-094,built-in-geography,Geography Pack,built-in-geography-set-023,board,round-two,4,medium,islands,"Two Towns, One Border","Kaks linna, üks riigipiir",Tornio in Finland shares an urban centre and river frontier with which Swedish town?,Millise Rootsi linnaga jagab Soome Tornio linnakeskust ja jõepiiri?,Haparanda,Haparanda,Haparanda-Tornio,Haaparanta;Haparanda-Tornio,Haparanda stands opposite Tornio on the Swedish side of their shared border and the towns cooperate closely.,Haparanda asub Tornio vastas Rootsi poolel ning kaks piirilinna teevad tihedat koostööd.,Haparanda,https://en.wikipedia.org/wiki/Haparanda,CC-BY-SA-4.0,2026-08-28,reviewed,true
built-in-geography-playable-corpus-095,built-in-geography,Geography Pack,built-in-geography-set-023,board,round-two,5,medium,islands,"Two Towns, One Border","Kaks linna, üks riigipiir",Which Slovenian city was created beside Italian Gorizia after a new frontier left the old centre in Italy?,"Milline Sloveenia linn rajati Itaalia Gorizia kõrvale pärast seda, kui uus piir jättis vana keskuse Itaaliasse?",Nova Gorica,Nova Gorica,New Gorizia,Uus-Gorizia,Nova Gorica was built on the Yugoslav side of the postwar border opposite Gorizia.,Nova Gorica rajati sõjajärgse piiri Jugoslaavia poolele Gorizia vastu.,Nova Gorica,https://en.wikipedia.org/wiki/Nova_Gorica,CC-BY-SA-4.0,2026-08-28,reviewed,true
built-in-geography-playable-corpus-096,built-in-geography,Geography Pack,built-in-geography-set-025,board,round-two,1,medium,maps-coordinates,Islands Shared by Countries,Mitme riigi vahel jagatud saared,Which Polynesian island group is politically divided into an independent western state and an American territory to the east?,Milline Polüneesia saarterühm on poliitiliselt jagatud iseseisvaks läänepoolseks riigiks ja idapoolseks USA territooriumiks?,Samoan Islands,Samoa saared,Samoa,Samoa,"The archipelago is split politically into Samoa in the west and American Samoa, a US territory, in the east.",Saarestik jaguneb poliitiliselt läänes asuvaks Samoa riigiks ja idas asuvaks USA territooriumiks Ameerika Samoaks.,Samoan Islands,https://en.wikipedia.org/wiki/Samoan_Islands,CC-BY-SA-4.0,2026-08-28,reviewed,true
built-in-geography-playable-corpus-097,built-in-geography,Geography Pack,built-in-geography-set-025,board,round-two,2,medium,maps-coordinates,Islands Shared by Countries,Mitme riigi vahel jagatud saared,"Indonesian provinces occupy the western half of which immense island, while its east forms an independent state?","Millise tohutu saare lääneosa moodustavad Indoneesia provintsid, samal ajal kui idaosa on iseseisev riik?",New Guinea,Uus-Guinea,,,New Guinea is divided between independent Papua New Guinea and Indonesian provinces in the west.,Uus-Guinea on jagatud iseseisva Paapua Uus-Guinea ja saare lääneosas asuvate Indoneesia provintside vahel.,New Guinea,https://en.wikipedia.org/wiki/New_Guinea,CC-BY-SA-4.0,2026-08-28,reviewed,true
built-in-geography-playable-corpus-098,built-in-geography,Geography Pack,built-in-geography-set-025,board,round-two,3,medium,maps-coordinates,Islands Shared by Countries,Mitme riigi vahel jagatud saared,"Dili stands on the eastern half of which island, while Indonesia governs most of the west?","Millise saare idapoolses pooles asub Dili, samal ajal kui suuremat osa lääneosast valitseb Indoneesia?",Timor,Timor,Timor Island,Timori saar,Timor is divided between Timor-Leste in the east and Indonesian West Timor.,Timor on jagatud idas asuva Ida-Timori ja Indoneesiale kuuluva Lääne-Timori vahel.,Timor,https://en.wikipedia.org/wiki/Timor,CC-BY-SA-4.0,2026-08-28,reviewed,true
built-in-geography-playable-corpus-099,built-in-geography,Geography Pack,built-in-geography-set-025,board,round-two,4,medium,maps-coordinates,Islands Shared by Countries,Mitme riigi vahel jagatud saared,France and the Kingdom of the Netherlands divide which small Caribbean island?,Millist väikest Kariibi saart jagavad Prantsusmaa ja Madalmaade Kuningriik?,Saint Martin,Saint-Martin,Sint Maarten;St Martin,Sint Maarten;Saint Martini saar,The island of Saint Martin is divided between French Saint-Martin and Dutch Sint Maarten.,Saint-Martini saar on jagatud Prantsuse Saint-Martini ja Hollandi Sint Maarteni vahel.,Saint Martin (island),https://en.wikipedia.org/wiki/Saint_Martin_(island),CC-BY-SA-4.0,2026-08-28,reviewed,true
built-in-geography-playable-corpus-100,built-in-geography,Geography Pack,built-in-geography-set-025,board,round-two,5,medium,maps-coordinates,Islands Shared by Countries,Mitme riigi vahel jagatud saared,Germany and Poland share which Baltic island whose eastern end includes Świnoujście?,Millist Läänemere saart jagavad Saksamaa ja Poola ning mille idaosas asub Świnoujście?,Usedom,Usedom,Uznam,Uznam,"Usedom is divided between Germany and Poland, where its Polish portion is called Uznam.",Usedom on jagatud Saksamaa ja Poola vahel ning Poolas kannab saar nime Uznam.,Usedom,https://en.wikipedia.org/wiki/Usedom,CC-BY-SA-4.0,2026-08-28,reviewed,true
built-in-geography-playable-corpus-101,built-in-geography,Geography Pack,built-in-geography-set-031,board,round-two,1,medium,physical-geography,River Basins Across Borders,Üle piiride ulatuvad vesikonnad,Which basin drains rain forests from the Andes eastward across Brazil to the Atlantic?,Milline vesikond juhib Andidest ida poole üle Brasiilia vihmametsade vee Atlandi ookeani?,Amazon Basin,Amazonase vesikond,Amazon drainage basin;Amazonia,Amazonase jõgikond;Amasoonia,The Amazon Basin collects water from the Andes and much of tropical South America before reaching the Atlantic.,Amazonase vesikond kogub vett Andidest ja suurest osast troopilisest Lõuna-Ameerikast enne Atlandile jõudmist.,Amazon basin,https://en.wikipedia.org/wiki/Amazon_basin,CC-BY-SA-4.0,2026-08-28,reviewed,true
built-in-geography-playable-corpus-102,built-in-geography,Geography Pack,built-in-geography-set-031,board,round-two,2,medium,physical-geography,River Basins Across Borders,Üle piiride ulatuvad vesikonnad,"Waters from the Alps, Carpathians, and Balkans converge in which basin before reaching the Black Sea?","Millisesse vesikonda koonduvad Alpide, Karpaatide ja Balkani veed enne Musta merre jõudmist?",Danube Basin,Doonau vesikond,Danube drainage basin,Doonau jõgikond,The Danube drainage basin spans much of central and southeastern Europe and empties into the Black Sea.,Doonau vesikond ulatub üle suure osa Kesk- ja Kagu-Euroopast ning suubub Musta merre.,Danube,https://en.wikipedia.org/wiki/Danube,CC-BY-SA-4.0,2026-08-28,reviewed,true
built-in-geography-playable-corpus-103,built-in-geography,Geography Pack,built-in-geography-set-031,board,round-two,3,medium,physical-geography,River Basins Across Borders,Üle piiride ulatuvad vesikonnad,A great river crosses the equator twice while draining which central African basin?,"Millist Kesk-Aafrika vesikonda kuivendab suur jõgi, mis ületab ekvaatori kaks korda?",Congo Basin,Kongo vesikond,Congo River Basin,Kongo jõgikond,The Congo Basin surrounds the Congo River and its tributaries across equatorial central Africa.,Kongo vesikond hõlmab Kongo jõge ja selle lisajõgesid ekvatoriaalses Kesk-Aafrikas.,Congo Basin,https://en.wikipedia.org/wiki/Congo_Basin,CC-BY-SA-4.0,2026-08-28,reviewed,true
built-in-geography-playable-corpus-104,built-in-geography,Geography Pack,built-in-geography-set-031,board,round-two,4,medium,physical-geography,River Basins Across Borders,Üle piiride ulatuvad vesikonnad,Irrigated farms across southeastern Australia depend on which paired river basin?,Millisest kahe jõe järgi nimetatud vesikonnast sõltuvad Kagu-Austraalia niisutuspõllud?,Murray–Darling Basin,Murray-Darlingi vesikond,Murray-Darling river system,Murray-Darlingi jõgikond,The Murray-Darling Basin supports extensive agriculture across inland southeastern Australia.,Murray-Darlingi vesikond toetab ulatuslikku põllumajandust Kagu-Austraalia sisemaal.,Murray–Darling basin,https://en.wikipedia.org/wiki/Murray–Darling_basin,CC-BY-SA-4.0,2026-08-28,reviewed,true
built-in-geography-playable-corpus-105,built-in-geography,Geography Pack,built-in-geography-set-031,board,round-two,5,medium,physical-geography,River Basins Across Borders,Üle piiride ulatuvad vesikonnad,"The Paraná, Paraguay, and Uruguay rivers combine within which vast South American basin?","Millises tohutus Lõuna-Ameerika vesikonnas ühinevad Paraná, Paraguay ja Uruguay jõed?",Río de la Plata Basin,La Plata vesikond,Plata Basin;River Plate Basin,Río de la Plata jõgikond;Plata vesikond,"The Río de la Plata Basin gathers the Paraná, Paraguay, and Uruguay systems before they reach the Atlantic.","La Plata vesikond ühendab Paraná, Paraguay ja Uruguay jõesüsteemid enne Atlandile jõudmist.",Río de la Plata basin,https://en.wikipedia.org/wiki/Río_de_la_Plata_basin,CC-BY-SA-4.0,2026-08-28,reviewed,true
built-in-geography-playable-corpus-106,built-in-geography,Geography Pack,built-in-geography-set-038,board,round-two,1,medium,rivers-lakes,Water as a Sculptor,Vesi kui maastikukujundaja,"What deep, steep-sided valley is cut as a river erodes downward through rock?","Kuidas nimetatakse sügavat järsunõlvalist orgu, mille jõgi kivimisse allapoole uuristab?",Canyon,kanjon,gorge,kuristik;sälkorg,A canyon is a deep narrow valley commonly produced by long-term river incision.,"Kanjon on sügav kitsas org, mille tekitab sageli jõe pikaajaline sügavusse uuristumine.",Canyon,https://en.wikipedia.org/wiki/Canyon,CC-BY-SA-4.0,2026-08-28,reviewed,true
built-in-geography-playable-corpus-107,built-in-geography,Geography Pack,built-in-geography-set-038,board,round-two,2,medium,rivers-lakes,Water as a Sculptor,Vesi kui maastikukujundaja,What fan-shaped landform grows where a sediment-laden river divides into distributaries near its mouth?,"Milline lehvikukujuline pinnavorm kasvab jõesuudmes, kus setterikas jõgi hargneb harujõgedeks?",River delta,jõedelta,delta,delta,A river delta forms as sediment is deposited where flowing water slows near a standing body of water.,"Jõedelta tekib setete ladestumisel seal, kus vool aeglustub enne seisvasse veekogusse jõudmist.",River delta,https://en.wikipedia.org/wiki/River_delta,CC-BY-SA-4.0,2026-08-28,reviewed,true
built-in-geography-playable-corpus-108,built-in-geography,Geography Pack,built-in-geography-set-038,board,round-two,3,medium,rivers-lakes,Water as a Sculptor,Vesi kui maastikukujundaja,"When a looping meander is cut off from its river, what crescent-shaped lake may remain?","Milline sirbikujuline järv võib jääda alles, kui looklev jõesilmus peajõest ära lõigatakse?",Oxbow lake,vanajõgi,cutoff lake;horseshoe lake,soot;koolujärv,An oxbow lake occupies a former meander loop isolated when a river adopts a shorter course.,"Vanajõgi täidab endise meandrisilmuse, mis eraldus, kui jõgi võttis lühema sängi.",Oxbow lake,https://en.wikipedia.org/wiki/Oxbow_lake,CC-BY-SA-4.0,2026-08-28,reviewed,true
built-in-geography-playable-corpus-109,built-in-geography,Geography Pack,built-in-geography-set-038,board,round-two,4,medium,rivers-lakes,Water as a Sculptor,Vesi kui maastikukujundaja,"Caves, sinkholes, and underground drainage develop in which soluble-rock landscape?","Millises lahustuva kivimi maastikus tekivad koopad, karstilehtrid ja maa-alune äravool?",Karst,karst,karst landscape;karst terrain,karstimaastik,"Karst develops where water dissolves soluble rock, especially limestone, creating caves and sinkholes.","Karst tekib vee lahustades lahustuvat kivimit, eriti lubjakivi, ning kujundades koopaid ja lehtreid.",Karst,https://en.wikipedia.org/wiki/Karst,CC-BY-SA-4.0,2026-08-28,reviewed,true
built-in-geography-playable-corpus-110,built-in-geography,Geography Pack,built-in-geography-set-038,board,round-two,5,medium,rivers-lakes,Water as a Sculptor,Vesi kui maastikukujundaja,A stream leaving a narrow mountain valley spreads sediment into what cone-shaped deposit?,Millise koonusekujulise settekeha moodustab kitsast mägiorust väljuv ja laiali valguv jõgi?,Alluvial fan,uhtkoonus,alluvial cone,alluviaalkoonus;rusukoonus,An alluvial fan forms where a confined stream loses energy and deposits sediment across an open plain.,"Uhtkoonus tekib, kui kitsas orus voolanud jõgi kaotab tasandikule jõudes energiat ja ladestab setteid.",Alluvial fan,https://en.wikipedia.org/wiki/Alluvial_fan,CC-BY-SA-4.0,2026-08-28,reviewed,true
built-in-geography-playable-corpus-111,built-in-geography,Geography Pack,built-in-geography-set-041,board,round-two,1,medium,rivers-lakes,Countries Straddling the Equator,Riigid kahel pool ekvaatorit,Quito lies just south of the line that gives which South American country its name?,"Millise Lõuna-Ameerika riigi pealinn Quito asub veidi lõuna pool joonest, mis andis riigile nime?",Ecuador,Ecuador,Republic of Ecuador,Ecuadori Vabariik,"Ecuador takes its name from the equator, which crosses the country north of Quito.","Ecuador sai nime ekvaatori järgi, mis läbib riiki Quitost põhja pool.",Ecuador,https://en.wikipedia.org/wiki/Ecuador,CC-BY-SA-4.0,2026-08-28,reviewed,true
built-in-geography-playable-corpus-112,built-in-geography,Geography Pack,built-in-geography-set-041,board,round-two,2,medium,rivers-lakes,Countries Straddling the Equator,Riigid kahel pool ekvaatorit,The equator crosses the slopes of a mountain named for which East African country?,Millise Ida-Aafrika riigi järgi nimetatud mäe nõlvu läbib ekvaator?,Kenya,Keenia,Republic of Kenya,Keenia Vabariik,The equator passes through Kenya and across the Mount Kenya region.,Ekvaator läbib Keeniat ja Mount Kenya piirkonda.,Geography of Kenya,https://en.wikipedia.org/wiki/Geography_of_Kenya,CC-BY-SA-4.0,2026-08-28,reviewed,true
built-in-geography-playable-corpus-113,built-in-geography,Geography Pack,built-in-geography-set-041,board,round-two,3,medium,rivers-lakes,Countries Straddling the Equator,Riigid kahel pool ekvaatorit,The equator crosses Lake Victoria territory in which landlocked country whose capital is Kampala?,Millise merepiirita riigi Victoria järve äärset ala läbib ekvaator ning mille pealinn on Kampala?,Uganda,Uganda,Republic of Uganda,Uganda Vabariik,Uganda straddles the equator and includes part of Lake Victoria.,Uganda paikneb kahel pool ekvaatorit ja hõlmab osa Victoria järvest.,Geography of Uganda,https://en.wikipedia.org/wiki/Geography_of_Uganda,CC-BY-SA-4.0,2026-08-28,reviewed,true
built-in-geography-playable-corpus-114,built-in-geography,Geography Pack,built-in-geography-set-041,board,round-two,4,medium,rivers-lakes,Countries Straddling the Equator,Riigid kahel pool ekvaatorit,Libreville is the capital of which forested Atlantic country crossed by the equator?,Millise metsase ja ekvaatorit läbiva Atlandi-äärse riigi pealinn on Libreville?,Gabon,Gabon,Gabonese Republic,Gaboni Vabariik,Gabon lies on the equator along the Atlantic coast of central Africa.,Gabon asub ekvaatoril Kesk-Aafrika Atlandi rannikul.,Geography of Gabon,https://en.wikipedia.org/wiki/Geography_of_Gabon,CC-BY-SA-4.0,2026-08-28,reviewed,true
built-in-geography-playable-corpus-115,built-in-geography,Geography Pack,built-in-geography-set-041,board,round-two,5,medium,rivers-lakes,Countries Straddling the Equator,Riigid kahel pool ekvaatorit,"The equator crosses Ilhéu das Rolas, an islet belonging to which African island country?","Ekvaator läbib Ilhéu das Rolase laidu, mis kuulub millisele Aafrika saareriigile?",São Tomé and Príncipe,São Tomé ja Príncipe,Sao Tome and Principe,São Tomé ja Principe;Sao Tome ja Principe,Ilhéu das Rolas lies just south of São Tomé and carries a monument marking the equator.,Ilhéu das Rolas asub São Tomé saarest lõunas ning seal on ekvaatorit tähistav monument.,Ilhéu das Rolas,https://en.wikipedia.org/wiki/Ilhéu_das_Rolas,CC-BY-SA-4.0,2026-08-28,reviewed,true
built-in-geography-playable-corpus-116,built-in-geography,Geography Pack,built-in-geography-set-044,board,round-two,1,medium,rivers-lakes,Landlocked at the Crossroads,Merepiirita ristteeriigid,Lake Titicaca and the Salar de Uyuni belong to which landlocked South American state?,Millisele Lõuna-Ameerika merepiirita riigile kuuluvad Titicaca järv ja Salar de Uyuni?,Bolivia,Boliivia,Plurinational State of Bolivia,Boliivia Paljurahvuseline Riik,Bolivia lost its Pacific coast and now spans the Andes and interior lowlands.,Boliivia kaotas oma Vaikse ookeani ranniku ning ulatub Andidest sisemaa madalikeni.,Geography of Bolivia,https://en.wikipedia.org/wiki/Geography_of_Bolivia,CC-BY-SA-4.0,2026-08-28,reviewed,true
built-in-geography-playable-corpus-117,built-in-geography,Geography Pack,built-in-geography-set-044,board,round-two,2,medium,rivers-lakes,Landlocked at the Crossroads,Merepiirita ristteeriigid,Which only landlocked country in Southeast Asia is traversed for much of its length by the Mekong?,Millist Kagu-Aasia ainsat merepiirita riiki läbib suurel osal teest Mekong?,Laos,Laos,Lao PDR;Lao People's Democratic Republic,Laose RDV;Laose Demokraatlik Rahvavabariik,"Laos is landlocked among five neighbours, with the Mekong forming much of its western boundary.",Laos on viie naabri vahel merepiirita ning Mekong moodustab suure osa selle läänepiirist.,Geography of Laos,https://en.wikipedia.org/wiki/Geography_of_Laos,CC-BY-SA-4.0,2026-08-28,reviewed,true
built-in-geography-playable-corpus-118,built-in-geography,Geography Pack,built-in-geography-set-044,board,round-two,3,medium,rivers-lakes,Landlocked at the Crossroads,Merepiirita ristteeriigid,"Which landlocked “land of a thousand hills” lies between Uganda, Tanzania, Burundi, and the Democratic Republic of the Congo?","Milline merepiirita „tuhande künka maa“ jääb Uganda, Tansaania, Burundi ja Kongo Demokraatliku Vabariigi vahele?",Rwanda,Rwanda,Republic of Rwanda,Rwanda Vabariik,"Rwanda is a compact, hilly state in the Great Lakes region with four land neighbours.","Rwanda on järvede piirkonna kompaktne künklik riik, millel on neli maismaanaabrit.",Geography of Rwanda,https://en.wikipedia.org/wiki/Geography_of_Rwanda,CC-BY-SA-4.0,2026-08-28,reviewed,true
built-in-geography-playable-corpus-119,built-in-geography,Geography Pack,built-in-geography-set-044,board,round-two,4,medium,rivers-lakes,Landlocked at the Crossroads,Merepiirita ristteeriigid,The Copperbelt and Victoria Falls lie in which landlocked southern African country?,Millises Lõuna-Aafrika merepiirita riigis asuvad Vaskvöönd ja Victoria juga?,Zambia,Sambia,Republic of Zambia,Sambia Vabariik,Zambia is a landlocked plateau country containing the Copperbelt and part of Victoria Falls.,"Sambia on merepiirita platooliik, kus asuvad Vaskvöönd ja osa Victoria joast.",Geography of Zambia,https://en.wikipedia.org/wiki/Geography_of_Zambia,CC-BY-SA-4.0,2026-08-28,reviewed,true
built-in-geography-playable-corpus-120,built-in-geography,Geography Pack,built-in-geography-set-044,board,round-two,5,medium,rivers-lakes,Landlocked at the Crossroads,Merepiirita ristteeriigid,"Which landlocked country in the Tian Shan borders Kazakhstan, China, Tajikistan, and Uzbekistan?","Milline merepiirita Tjan-Šani riik piirneb Kasahstani, Hiina, Tadžikistani ja Usbekistaniga?",Kyrgyzstan,Kõrgõzstan,Kyrgyz Republic,Kirgiisia;Kõrgõzi Vabariik,Kyrgyzstan is a mountainous Central Asian state enclosed by four neighbours.,"Kõrgõzstan on mägine Kesk-Aasia riik, mida ümbritseb neli naaberriiki.",Geography of Kyrgyzstan,https://en.wikipedia.org/wiki/Geography_of_Kyrgyzstan,CC-BY-SA-4.0,2026-08-28,reviewed,true
built-in-geography-playable-corpus-121,built-in-geography,Geography Pack,built-in-geography-set-049,board,round-two,1,medium,mountains,Capitals Facing the Ocean,Ookeani poole vaatavad pealinnad,Which Moroccan capital stands on the Atlantic coast at the mouth of the Bou Regreg?,Milline Maroko pealinn asub Atlandi rannikul Bou Regregi jõe suudmes?,Rabat,Rabat,,,"Rabat lies on the Atlantic at the mouth of the Bou Regreg, opposite the city of Salé.",Rabat asub Atlandi ookeani ääres Bou Regregi jõe suudmes Salé linna vastas.,Rabat,https://en.wikipedia.org/wiki/Rabat,CC-BY-SA-4.0,2026-08-28,reviewed,true
built-in-geography-playable-corpus-122,built-in-geography,Geography Pack,built-in-geography-set-049,board,round-two,2,medium,mountains,Capitals Facing the Ocean,Ookeani poole vaatavad pealinnad,Which famously windy capital occupies hills around a harbour beside Cook Strait?,Milline tuuline pealinn paikneb sadamat ümbritsevatel küngastel Cooki väina ääres?,Wellington,Wellington,Te Whanganui-a-Tara,Te Whanganui-a-Tara,Wellington lies at the southern end of New Zealand's North Island beside Cook Strait.,Wellington asub Uus-Meremaa Põhjasaare lõunatipus Cooki väina ääres.,Wellington,https://en.wikipedia.org/wiki/Wellington,CC-BY-SA-4.0,2026-08-28,reviewed,true
built-in-geography-playable-corpus-123,built-in-geography,Geography Pack,built-in-geography-set-049,board,round-two,3,medium,mountains,Capitals Facing the Ocean,Ookeani poole vaatavad pealinnad,Gorée Island lies just offshore from which West African capital on the Cape Verde Peninsula?,Millise Cabo Verde poolsaarel asuva Lääne-Aafrika pealinna ranniku lähedal paikneb Gorée saar?,Dakar,Dakar,City of Dakar,Dakari linn,"Dakar occupies the Cape Verde Peninsula on Senegal's Atlantic coast, opposite Gorée.",Dakar paikneb Senegali Atlandi rannikul Cabo Verde poolsaarel Gorée vastas.,Dakar,https://en.wikipedia.org/wiki/Dakar,CC-BY-SA-4.0,2026-08-28,reviewed,true
built-in-geography-playable-corpus-124,built-in-geography,Geography Pack,built-in-geography-set-049,board,round-two,4,medium,mountains,Capitals Facing the Ocean,Ookeani poole vaatavad pealinnad,A natural harbour on the broad Río de la Plata shelters which South American capital?,Millist Lõuna-Ameerika pealinna kaitseb Río de la Plata laia suudme ääres looduslik sadam?,Montevideo,Montevideo,City of Montevideo,Montevideo linn,Montevideo occupies the northern shore of the Río de la Plata around an important natural harbour.,Montevideo paikneb Río de la Plata põhjakaldal tähtsa loodusliku sadama ümber.,Montevideo,https://en.wikipedia.org/wiki/Montevideo,CC-BY-SA-4.0,2026-08-28,reviewed,true
built-in-geography-playable-corpus-125,built-in-geography,Geography Pack,built-in-geography-set-049,board,round-two,5,medium,mountains,Capitals Facing the Ocean,Ookeani poole vaatavad pealinnad,Which African capital faces the Indian Ocean from a sheltered bay at the southern end of Mozambique?,Milline Aafrika pealinn avaneb India ookeanile Mosambiigi lõunaosas asuva kaitstud lahe ääres?,Maputo,Maputo,Lourenço Marques,Lourenço Marques,Maputo stands beside a large bay where several rivers reach the Indian Ocean.,"Maputo paikneb suure lahe ääres, kus mitu jõge suubub India ookeani.",Maputo,https://en.wikipedia.org/wiki/Maputo,CC-BY-SA-4.0,2026-08-28,reviewed,true
built-in-geography-playable-corpus-126,built-in-geography,Geography Pack,built-in-geography-set-050,board,round-two,1,medium,mountains,Drylands with Distinctive Faces,Omanäolised kuivmaad,Joshua trees and Death Valley mark which desert of the southwestern United States?,Millist USA edelaosa kõrbe iseloomustavad joosuapuud ja Surmaorg?,Mojave Desert,Mojave kõrb,Mojave,Mojave,"The Mojave Desert spans parts of California, Nevada, Arizona, and Utah and contains both Joshua-tree landscapes and Death Valley.","Mojave kõrb ulatub California, Nevada, Arizona ja Utah’ aladele ning hõlmab nii joosuapuude kasvualasid kui ka Surmaorgu.",Mojave Desert,https://en.wikipedia.org/wiki/Mojave_Desert,CC-BY-SA-4.0,2026-08-28,reviewed,true
built-in-geography-playable-corpus-127,built-in-geography,Geography Pack,built-in-geography-set-050,board,round-two,2,medium,mountains,Drylands with Distinctive Faces,Omanäolised kuivmaad,Giant saguaro cacti are emblematic of which desert spanning Arizona and northwestern Mexico?,Millise üle Arizona ja Loode-Mehhiko ulatuva kõrbe sümboliks on hiiglaslikud saguaaro-kaktused?,Sonoran Desert,Sonora kõrb,Sonoran,Sonora,The Sonoran Desert extends across the United States–Mexico border and is especially associated with the giant saguaro cactus.,Sonora kõrb ulatub üle USA-Mehhiko piiri ning seda seostatakse eriti hiiglasliku saguaaro-kaktusega.,Sonoran Desert,https://en.wikipedia.org/wiki/Sonoran_Desert,CC-BY-SA-4.0,2026-08-28,reviewed,true
built-in-geography-playable-corpus-128,built-in-geography,Geography Pack,built-in-geography-set-050,board,round-two,3,medium,mountains,Drylands with Distinctive Faces,Omanäolised kuivmaad,"Makhtesh Ramon, a vast erosion crater, lies in which desert of southern Israel?",Millises Lõuna-Iisraeli kõrbes asub hiiglaslik erosiooninõgu Makhtesh Ramon?,Negev,Negevi kõrb,Negev Desert,Negev,"The Negev covers much of southern Israel, and Makhtesh Ramon is one of its best-known landforms.",Negev hõlmab suure osa Lõuna-Iisraelist ning Makhtesh Ramon on selle tuntumaid pinnavorme.,Negev,https://en.wikipedia.org/wiki/Negev,CC-BY-SA-4.0,2026-08-28,reviewed,true
built-in-geography-playable-corpus-129,built-in-geography,Geography Pack,built-in-geography-set-050,board,round-two,4,medium,mountains,Drylands with Distinctive Faces,Omanäolised kuivmaad,Which sandy desert spans the India–Pakistan border east of the Indus?,Milline liivakõrb ulatub üle India ja Pakistani piiri Indusest ida pool?,Thar Desert,Thari kõrb,Great Indian Desert;Thar,Suur India kõrb;Thar,The Thar occupies northwestern India and southeastern Pakistan near the Indus plain.,Thar paikneb Loode-Indias ja Kagu-Pakistanis Induse tasandiku kõrval.,Thar Desert,https://en.wikipedia.org/wiki/Thar_Desert,CC-BY-SA-4.0,2026-08-28,reviewed,true
built-in-geography-playable-corpus-130,built-in-geography,Geography Pack,built-in-geography-set-050,board,round-two,5,medium,mountains,Drylands with Distinctive Faces,Omanäolised kuivmaad,Long parallel red dunes run across which desert in central Australia?,Millist Kesk-Austraalia kõrbe läbivad pikad paralleelsed punased luited?,Simpson Desert,Simpsoni kõrb,the Simpson,Simpson,The Simpson Desert is an arid central Australian region distinguished by extensive parallel sand dunes.,"Simpsoni kõrb on Kesk-Austraalia kuiv piirkond, mida eristavad ulatuslikud paralleelsed liivaluited.",Simpson Desert,https://en.wikipedia.org/wiki/Simpson_Desert,CC-BY-SA-4.0,2026-08-28,reviewed,true
built-in-geography-playable-corpus-131,built-in-geography,Geography Pack,built-in-geography-set-056,board,round-two,1,medium,islands,The Geography of the Monsoon,Mussooni geograafia,Which densely settled country occupies most of the low delta where the Ganges and Brahmaputra meet the sea?,"Milline tihedalt asustatud riik hõlmab suurema osa madalast deltast, kus Ganges ja Brahmaputra merre jõuavad?",Bangladesh,Bangladesh,People's Republic of Bangladesh,Bangladeshi Rahvavabariik,Bangladesh lies across the flood-prone Ganges-Brahmaputra-Meghna delta.,Bangladesh paikneb üleujutustele avatud Gangese-Brahmaputra-Meghna deltas.,Geography of Bangladesh,https://en.wikipedia.org/wiki/Geography_of_Bangladesh,CC-BY-SA-4.0,2026-08-28,reviewed,true
built-in-geography-playable-corpus-132,built-in-geography,Geography Pack,built-in-geography-set-056,board,round-two,2,medium,islands,The Geography of the Monsoon,Mussooni geograafia,What tropical climate has a pronounced wet season driven by shifting monsoon winds and a shorter dry season?,Millises troopilises kliimas toovad nihkuvad mussoontuuled selge vihmaperioodi ja lühema kuivaperioodi?,Tropical monsoon climate,troopiline mussoonkliima,monsoon climate;Am climate,mussoonkliima;Am-kliima,A tropical monsoon climate combines high temperatures with a strongly seasonal rainfall pattern.,Troopilises mussoonkliimas ühinevad kõrge temperatuur ja tugevalt sesoonne sademete jaotus.,Tropical monsoon climate,https://en.wikipedia.org/wiki/Tropical_monsoon_climate,CC-BY-SA-4.0,2026-08-28,reviewed,true
built-in-geography-playable-corpus-133,built-in-geography,Geography Pack,built-in-geography-set-056,board,round-two,3,medium,islands,The Geography of the Monsoon,Mussooni geograafia,"Moist summer winds rise against which Indian mountain chain, soaking its western slopes and drying the Deccan beyond?","Millise India mäeaheliku vastu tõusevad niisked suvetuuled, leotades läänenõlvu ja jättes Dekkani teisele poole kuivemaks?",Western Ghats,Lääne-Ghatid,Sahyadri,Sahyadri mäed,"The Western Ghats force monsoon air upward, producing heavy rain on the coast and a rain shadow inland.","Lääne-Ghatid sunnivad mussooniõhu tõusma, tuues rannikule tugeva vihma ja sisemaale vihmavarju.",Western Ghats,https://en.wikipedia.org/wiki/Western_Ghats,CC-BY-SA-4.0,2026-08-28,reviewed,true
built-in-geography-playable-corpus-134,built-in-geography,Geography Pack,built-in-geography-set-056,board,round-two,4,medium,islands,The Geography of the Monsoon,Mussooni geograafia,Living root bridges flourish in which rainy Indian state whose name means “abode of clouds”?,Millises vihmases India osariigis kasvavad elavad juuresillad ning mille nimi tähendab „pilvede kodu“?,Meghalaya,Meghalaya,State of Meghalaya,Meghalaya osariik,Meghalaya receives intense monsoon rainfall and is known for bridges trained from living tree roots.,Meghalayas sajab mussooni ajal väga palju ning piirkond on tuntud elavatest puujuurtest kujundatud sildade poolest.,Meghalaya,https://en.wikipedia.org/wiki/Meghalaya,CC-BY-SA-4.0,2026-08-28,reviewed,true
built-in-geography-playable-corpus-135,built-in-geography,Geography Pack,built-in-geography-set-056,board,round-two,5,medium,islands,The Geography of the Monsoon,Mussooni geograafia,Darwin and Kakadu lie in which northern Australian region with a tropical wet and dry rhythm?,Millises Põhja-Austraalia troopilise vihma- ja kuivaperioodiga piirkonnas asuvad Darwin ja Kakadu?,Top End,Top End,Northern Territory Top End,Põhjaterritooriumi Top End,Australia's Top End has a monsoonal tropical climate centred on a marked wet season and dry season.,Austraalia Top Endis valitseb mussoonne troopiline kliima selge vihma- ja kuivaperioodiga.,Top End,https://en.wikipedia.org/wiki/Top_End,CC-BY-SA-4.0,2026-08-28,reviewed,true
built-in-geography-playable-corpus-136,built-in-geography,Geography Pack,built-in-geography-set-061,board,round-two,1,medium,islands,Maps Built for a Purpose,Kaardid eri ülesanneteks,Isobars and fronts cross which familiar map used to present atmospheric conditions and forecasts?,Millisel tuttaval atmosfääriolusid ja ilmaprognoosi esitaval kaardil kulgevad isobaarid ning frondid?,Weather map,ilmakaart,synoptic chart;surface weather map,sünoptiline kaart;maapinnailmakaart,"Weather maps use symbols, fronts, and pressure lines to show atmospheric conditions over an area.","Ilmakaardid näitavad piirkonna atmosfääriolusid tingmärkide, frontide ja õhurõhujoontega.",Weather map,https://en.wikipedia.org/wiki/Weather_map,CC-BY-SA-4.0,2026-08-28,reviewed,true
built-in-geography-playable-corpus-137,built-in-geography,Geography Pack,built-in-geography-set-061,board,round-two,2,medium,islands,Maps Built for a Purpose,Kaardid eri ülesanneteks,"Roads, transport links, and points of interest dominate which map type designed for navigation?","Millisel navigeerimiseks mõeldud kaarditüübil on esiplaanil teed, transpordiühendused ja huvipunktid?",Road map,teedekaart,highway map;route map,maanteekaart;autokaart,A road map emphasises roads and transport links and often marks useful destinations for travellers.,Teedekaart rõhutab teid ja transpordiühendusi ning märgib sageli reisijale kasulikke sihtkohti.,Road map,https://en.wikipedia.org/wiki/Road_map,CC-BY-SA-4.0,2026-08-28,reviewed,true
built-in-geography-playable-corpus-138,built-in-geography,Geography Pack,built-in-geography-set-061,board,round-two,3,medium,islands,Maps Built for a Purpose,Kaardid eri ülesanneteks,Which map uses colours and symbols to show the rock types and geological ages exposed at the surface?,Milline kaart näitab värvide ja tingmärkidega maapinnal paljanduvate kivimite tüüpe ja geoloogilist vanust?,Geological map,geoloogiline kaart,geologic map,geoloogiakaart,A geological map records the distribution of rock units and geological features at Earth’s surface.,Geoloogiline kaart kujutab maapinnal paljanduvate kivimiüksuste ja geoloogiliste struktuuride levikut.,Geologic map,https://en.wikipedia.org/wiki/Geologic_map,CC-BY-SA-4.0,2026-08-28,reviewed,true
built-in-geography-playable-corpus-139,built-in-geography,Geography Pack,built-in-geography-set-061,board,round-two,4,medium,islands,Maps Built for a Purpose,Kaardid eri ülesanneteks,"Soundings, shoals, buoys, and safe channels fill which map made for mariners?","Milline meresõitjatele mõeldud kaart näitab sügavusi, madalikke, poid ja ohutuid laevateid?",Nautical chart,merekaart,marine chart;sea chart,navigatsioonikaart;meresõidukaart,"A nautical chart depicts water depths, seabed hazards, navigational aids, and coastal features.","Merekaart kujutab veesügavusi, põhjaohte, navigatsioonimärke ja rannikuobjekte.",Nautical chart,https://en.wikipedia.org/wiki/Nautical_chart,CC-BY-SA-4.0,2026-08-28,reviewed,true
built-in-geography-playable-corpus-140,built-in-geography,Geography Pack,built-in-geography-set-061,board,round-two,5,medium,islands,Maps Built for a Purpose,Kaardid eri ülesanneteks,Which thematic map shades regions according to a statistic such as unemployment or population density?,Milline teemakaart värvib piirkondi sellise näitaja järgi nagu töötus või rahvastikutihedus?,Choropleth map,kartogramm,choropleth,foonikaart;koropletikaart,A choropleth map uses graduated colours or shading to represent statistical values by area.,Kartogramm kasutab piirkondade statistiliste väärtuste näitamiseks astmelisi värve või varjutust.,Choropleth map,https://en.wikipedia.org/wiki/Choropleth_map,CC-BY-SA-4.0,2026-08-28,reviewed,true
built-in-geography-playable-corpus-141,built-in-geography,Geography Pack,built-in-geography-set-076,board,round-two,1,medium,maps-coordinates,Invisible Lines Around Earth,Nähtamatud jooned ümber Maa,Which meridian lies directly opposite Greenwich and passes mostly through the Pacific Ocean?,Milline meridiaan asub Greenwichi vastasküljel ja kulgeb peamiselt läbi Vaikse ookeani?,180th meridian,180. meridiaan,antimeridian,antimeridiaan,The 180th meridian is opposite the prime meridian and broadly forms the basis of the International Date Line.,180. meridiaan asub algmeridiaani vastasküljel ning on üldjoontes rahvusvahelise kuupäevaraja aluseks.,180th meridian,https://en.wikipedia.org/wiki/180th_meridian,CC-BY-SA-4.0,2026-08-28,reviewed,true
built-in-geography-playable-corpus-142,built-in-geography,Geography Pack,built-in-geography-set-076,board,round-two,2,medium,maps-coordinates,Invisible Lines Around Earth,Nähtamatud jooned ümber Maa,North of which parallel can the Sun remain above the horizon for a full day in summer?,Millisest paralleelist põhja pool võib Päike suvel terve ööpäeva horisondi kohal püsida?,Arctic Circle,põhjapolaarjoon,Northern Polar Circle,Arktika ring;põhjapolaarne ring,The Arctic Circle marks the approximate southern limit of at least one annual day of midnight sun.,"Põhjapolaarjoon tähistab ligikaudset lõunapiiri, kus esineb vähemalt üks polaarpäev aastas.",Arctic Circle,https://en.wikipedia.org/wiki/Arctic_Circle,CC-BY-SA-4.0,2026-08-28,reviewed,true
built-in-geography-playable-corpus-143,built-in-geography,Geography Pack,built-in-geography-set-076,board,round-two,3,medium,maps-coordinates,Invisible Lines Around Earth,Nähtamatud jooned ümber Maa,Which northern latitude marks the Sun’s overhead limit at the June solstice?,Milline põhjapoolne laiusring tähistab juunipööripäeval Päikese seniiti jõudmise piiri?,Tropic of Cancer,Vähi pöörijoon,Northern Tropic,põhjapöörijoon;Vähi troopikajoon,The Tropic of Cancer is the northernmost parallel at which the Sun can appear directly overhead.,"Vähi pöörijoon on põhjapoolseim laiusring, kus Päike võib paista otse seniidis.",Tropic of Cancer,https://en.wikipedia.org/wiki/Tropic_of_Cancer,CC-BY-SA-4.0,2026-08-28,reviewed,true
built-in-geography-playable-corpus-144,built-in-geography,Geography Pack,built-in-geography-set-076,board,round-two,4,medium,maps-coordinates,Invisible Lines Around Earth,Nähtamatud jooned ümber Maa,"At the December solstice, the midday Sun can stand directly overhead along which southern tropical line?",Millise lõunapoolse pöörijoone kohal võib Päike detsembrikuu pööripäeval keskpäeval seniidis olla?,Tropic of Capricorn,Kaljukitse pöörijoon,Southern Tropic,lõunapöörijoon,The Tropic of Capricorn marks the southernmost latitude where the Sun may appear at the zenith.,"Kaljukitse pöörijoon tähistab lõunapoolseimat laiust, kus Päike võib olla seniidis.",Tropic of Capricorn,https://en.wikipedia.org/wiki/Tropic_of_Capricorn,CC-BY-SA-4.0,2026-08-28,reviewed,true
built-in-geography-playable-corpus-145,built-in-geography,Geography Pack,built-in-geography-set-076,board,round-two,5,medium,maps-coordinates,Invisible Lines Around Earth,Nähtamatud jooned ümber Maa,Which southern latitude encloses the region that receives at least one full day and night of polar conditions each year?,"Milline lõunapoolne laiusring piirab ala, kus esineb igal aastal vähemalt üks terve polaarpäev ja polaaröö?",Antarctic Circle,lõunapolaarjoon,Antarctic Polar Circle,Antarktika polaarjoon,"South of the Antarctic Circle, the Sun remains continuously above or below the horizon around a solstice.",Lõunapolaarjoonest lõuna pool püsib Päike pööripäeva paiku ööpäeva jooksul horisondi kohal või all.,Antarctic Circle,https://en.wikipedia.org/wiki/Antarctic_Circle,CC-BY-SA-4.0,2026-08-28,reviewed,true
built-in-geography-playable-corpus-146,built-in-geography,Geography Pack,built-in-geography-set-081,board,round-two,1,medium,maps-coordinates,Cities with Earlier Names,Linnade varasemad nimed,Madras was the former English name of which major city on India’s southeast coast?,Millise India kaguranniku suurlinna varasem ingliskeelne nimi oli Madras?,Chennai,Chennai,,,The city was officially renamed from Madras to Chennai in 1996.,Linn nimetati 1996. aastal ametlikult Madrasest Chennaiks.,Chennai,https://en.wikipedia.org/wiki/Chennai,CC-BY-SA-4.0,2026-08-28,reviewed,true
built-in-geography-playable-corpus-147,built-in-geography,Geography Pack,built-in-geography-set-081,board,round-two,2,medium,maps-coordinates,Cities with Earlier Names,Linnade varasemad nimed,Christiania and Kristiania were earlier names of which Norwegian capital?,Millise Norra pealinna varasemad nimed olid Christiania ja Kristiania?,Oslo,Oslo,City of Oslo,Oslo linn,Norway’s capital was called Christiania and later Kristiania before the name Oslo was restored in 1925.,"Norra pealinn kandis algul nime Christiania ja hiljem Kristiania, enne kui 1925. aastal taastati nimi Oslo.",History of Oslo,https://en.wikipedia.org/wiki/History_of_Oslo,CC-BY-SA-4.0,2026-08-28,reviewed,true
built-in-geography-playable-corpus-148,built-in-geography,Geography Pack,built-in-geography-set-081,board,round-two,3,medium,maps-coordinates,Cities with Earlier Names,Linnade varasemad nimed,Saigon is the widely remembered former name of which largest Vietnamese city?,Millise Vietnami suurima linna varasema nimena mäletatakse laialt Saigoni?,Ho Chi Minh City,Hồ Chí Minhi linn,Ho Chi Minh,Hồ Chí Minh,"Saigon was renamed Ho Chi Minh City after reunification, though the old name remains common informally.","Saigon nimetati pärast taasühinemist Hồ Chí Minhi linnaks, kuigi vana nimi on mitteametlikult endiselt levinud.",Ho Chi Minh City,https://en.wikipedia.org/wiki/Ho_Chi_Minh_City,CC-BY-SA-4.0,2026-08-28,reviewed,true
built-in-geography-playable-corpus-149,built-in-geography,Geography Pack,built-in-geography-set-081,board,round-two,4,medium,maps-coordinates,Cities with Earlier Names,Linnade varasemad nimed,Salisbury was the colonial-era name of which Zimbabwean capital?,Millise Zimbabwe pealinna koloniaalajastu nimi oli Salisbury?,Harare,Harare,City of Harare,Harare linn,"Zimbabwe renamed Salisbury as Harare in 1982, two years after independence.","Zimbabwe nimetas Salisbury 1982. aastal, kaks aastat pärast iseseisvumist, ümber Harareks.",Harare,https://en.wikipedia.org/wiki/Harare,CC-BY-SA-4.0,2026-08-28,reviewed,true
built-in-geography-playable-corpus-150,built-in-geography,Geography Pack,built-in-geography-set-081,board,round-two,5,medium,maps-coordinates,Cities with Earlier Names,Linnade varasemad nimed,Léopoldville was the colonial-era name of which capital on the Congo River?,Millise Kongo jõe ääres asuva pealinna koloniaalajastu nimi oli Léopoldville?,Kinshasa,Kinshasa,City of Kinshasa,Kinshasa linn,Léopoldville was renamed Kinshasa during the post-independence Africanisation of place names.,Léopoldville nimetati pärast iseseisvumist kohanimede aafrikastamise käigus Kinshasaks.,Kinshasa,https://en.wikipedia.org/wiki/Kinshasa,CC-BY-SA-4.0,2026-08-28,reviewed,true
built-in-geography-playable-corpus-151,built-in-geography,Geography Pack,built-in-geography-set-083,board,round-two,1,medium,human-geography,Who Borders Whom?,Kes kellega piirneb?,Germany lies to the west and Belarus to the east of which Central European country?,Millisest Kesk-Euroopa riigist jääb Saksamaa läände ja Valgevene itta?,Poland,Poola,Republic of Poland,Poola Vabariik,Poland shares its western border with Germany and part of its eastern border with Belarus.,Poola läänepiir on Saksamaaga ning osa idapiirist Valgevenega.,Borders of Poland,https://en.wikipedia.org/wiki/Borders_of_Poland,CC-BY-SA-4.0,2026-08-28,reviewed,true
built-in-geography-playable-corpus-152,built-in-geography,Geography Pack,built-in-geography-set-083,board,round-two,2,medium,human-geography,Who Borders Whom?,Kes kellega piirneb?,Which country’s only land border follows the Demilitarized Zone across the Korean Peninsula?,Millise riigi ainus maismaapiir kulgeb üle Korea poolsaare mööda demilitariseeritud tsooni?,South Korea,Lõuna-Korea,Republic of Korea,Korea Vabariik,South Korea’s only land frontier is the boundary with North Korea across the Demilitarized Zone.,Lõuna-Korea ainus maismaapiir on demilitariseeritud tsooniga eraldatud piir Põhja-Koreaga.,Geography of South Korea,https://en.wikipedia.org/wiki/Geography_of_South_Korea,CC-BY-SA-4.0,2026-08-28,reviewed,true
built-in-geography-playable-corpus-153,built-in-geography,Geography Pack,built-in-geography-set-083,board,round-two,3,medium,human-geography,Who Borders Whom?,Kes kellega piirneb?,Denmark lies to the north and the Alps to the south of which central European country with nine land neighbours?,Millisel üheksa maismaanaabriga Kesk-Euroopa riigil asub põhjas Taani ja lõunas Alpid?,Germany,Saksamaa,Federal Republic of Germany,Saksa Liitvabariik,Germany shares land borders with nine countries from Denmark in the north to Austria and Switzerland in the south.,Saksamaal on üheksa maismaanaabrit Taanist põhjas Austria ja Šveitsini lõunas.,Borders of Germany,https://en.wikipedia.org/wiki/Borders_of_Germany,CC-BY-SA-4.0,2026-08-28,reviewed,true
built-in-geography-playable-corpus-154,built-in-geography,Geography Pack,built-in-geography-set-083,board,round-two,4,medium,human-geography,Who Borders Whom?,Kes kellega piirneb?,Which country shares land borders with Afghanistan and North Korea as well as Russia and India?,Milline riik jagab maismaapiiri nii Afganistani ja Põhja-Korea kui ka Venemaa ja Indiaga?,China,Hiina,People’s Republic of China,Hiina Rahvavabariik,"China has an extensive land frontier touching countries across Central, South, and Northeast Asia.","Hiinal on ulatuslik maismaapiir Kesk-, Lõuna- ja Kirde-Aasia riikidega.",Borders of China,https://en.wikipedia.org/wiki/Borders_of_China,CC-BY-SA-4.0,2026-08-28,reviewed,true
built-in-geography-playable-corpus-155,built-in-geography,Geography Pack,built-in-geography-set-083,board,round-two,5,medium,human-geography,Who Borders Whom?,Kes kellega piirneb?,Which Pacific country shares the island of New Guinea and its only land border with Indonesia?,Milline Vaikse ookeani riik jagab Uus-Guinea saart ja oma ainsat maismaapiiri Indoneesiaga?,Papua New Guinea,Paapua Uus-Guinea,Independent State of Papua New Guinea,Paapua Uus-Guinea Iseseisvusriik,Papua New Guinea occupies eastern New Guinea and shares its sole land border with Indonesia.,Paapua Uus-Guinea hõlmab Uus-Guinea idaosa ning jagab ainsat maismaapiiri Indoneesiaga.,Geography of Papua New Guinea,https://en.wikipedia.org/wiki/Geography_of_Papua_New_Guinea,CC-BY-SA-4.0,2026-08-28,reviewed,true
built-in-geography-playable-corpus-156,built-in-geography,Geography Pack,built-in-geography-set-092,board,round-two,1,medium,landmarks,Cities of Migration Memory,Rändelugude linnad,"Which Miami neighbourhood, named after Cuba’s capital, became the best-known home of Cuban exiles?",Milline Kuuba pealinna järgi nime saanud Miami linnaosa sai tuntuks Kuuba pagulaste koduna?,Little Havana,Little Havana,,,Little Havana emerged in the 1960s as Cuban refugees settled west of downtown Miami.,"Little Havana kujunes 1960. aastatel, kui Kuuba pagulased asusid elama Miami kesklinnast lääne poole.",Little Havana,https://en.wikipedia.org/wiki/Little_Havana,CC-BY-SA-4.0,2026-08-28,reviewed,true
built-in-geography-playable-corpus-157,built-in-geography,Geography Pack,built-in-geography-set-092,board,round-two,2,medium,landmarks,Cities of Migration Memory,Rändelugude linnad,Angel Island examined and often detained Asian immigrants in the bay of which California city?,Millise California linna lahes kontrolliti ja sageli peeti kinni Aasiast saabunud sisserändajaid Angel Islandil?,San Francisco,San Francisco,City of San Francisco,San Francisco linn,Angel Island Immigration Station operated in San Francisco Bay and processed many arrivals from Asia.,Angel Islandi sisserändejaam tegutses San Francisco lahes ning võttis vastu palju Aasiast saabunuid.,Angel Island Immigration Station,https://en.wikipedia.org/wiki/Angel_Island_Immigration_Station,CC-BY-SA-4.0,2026-08-28,reviewed,true
built-in-geography-playable-corpus-158,built-in-geography,Geography Pack,built-in-geography-set-092,board,round-two,3,medium,landmarks,Cities of Migration Memory,Rändelugude linnad,Millions left Europe for North America and Australia from which English city on the Mersey?,Millisest Mersey ääres asuvast Inglise linnast lahkusid miljonid inimesed Põhja-Ameerikasse ja Austraaliasse?,Liverpool,Liverpool,City of Liverpool,Liverpooli linn,Liverpool was a leading transatlantic passenger and emigrant port during the age of ocean liners.,Liverpool oli ookeanilaevade ajastul juhtiv Atlandi-ülene reisi- ja väljarändesadam.,Port of Liverpool,https://en.wikipedia.org/wiki/Port_of_Liverpool,CC-BY-SA-4.0,2026-08-28,reviewed,true
built-in-geography-playable-corpus-159,built-in-geography,Geography Pack,built-in-geography-set-092,board,round-two,4,medium,landmarks,Cities of Migration Memory,Rändelugude linnad,Vast emigration halls at BallinStadt served people leaving Europe from which German port?,Millise Saksamaa sadama kaudu Euroopast lahkujaid teenindasid BallinStadti suured väljarändajate majutushooned?,Hamburg,Hamburg,Free and Hanseatic City of Hamburg,Hamburgi vaba- ja hansalinn,BallinStadt was an emigration complex built in Hamburg for passengers awaiting transatlantic ships.,BallinStadt oli Hamburgis ehitatud väljarändajate kompleks Atlandi-laeva ootavatele reisijatele.,BallinStadt,https://en.wikipedia.org/wiki/BallinStadt,CC-BY-SA-4.0,2026-08-28,reviewed,true
built-in-geography-playable-corpus-160,built-in-geography,Geography Pack,built-in-geography-set-092,board,round-two,5,medium,landmarks,Cities of Migration Memory,Rändelugude linnad,"Canada’s Ellis Island, the terminal called Pier 21, welcomed immigrants in which Atlantic port city?","Millises Atlandi sadamalinnas võttis sisserändajaid vastu Pier 21, mida vahel kutsutakse Kanada Ellis Islandiks?",Halifax,Halifax,"Halifax, Nova Scotia","Halifax, Nova Scotia;Halifaxi linn",Pier 21 served as Canada’s major ocean immigration terminal on the Halifax waterfront.,Pier 21 tegutses Halifaxi sadamaalal Kanada peamise meritsi saabuvate sisserändajate vastuvõtukohana.,Pier 21,https://en.wikipedia.org/wiki/Pier_21,CC-BY-SA-4.0,2026-08-28,reviewed,true
built-in-geography-playable-corpus-161,built-in-geography,Geography Pack,built-in-geography-set-096,board,round-two,1,medium,landmarks,Landscapes with a Signature,Eksimatu ilmega maastikud,Hot mineral water built the white travertine terraces of which Turkish site whose name means “cotton castle”?,Millises Türgi paigas kujundas kuum mineraalvesi valged travertiiniterrassid ning mille nimi tähendab „puuvillalossi“?,Pamukkale,Pamukkale,,,Pamukkale's thermal waters deposit white carbonate terraces above the ruins of Hierapolis.,Pamukkale termaalvesi ladestab Hierapolise varemete kohal valgeid karbonaaditerrasse.,Pamukkale,https://en.wikipedia.org/wiki/Pamukkale,CC-BY-SA-4.0,2026-08-28,reviewed,true
built-in-geography-playable-corpus-162,built-in-geography,Geography Pack,built-in-geography-set-096,board,round-two,2,medium,landmarks,Landscapes with a Signature,Eksimatu ilmega maastikud,"Fairy chimneys, cave homes, and hot-air balloons are signatures of which region in central Turkey?","Millisele Kesk-Türgi piirkonnale on iseloomulikud haldjakorstnad, koobaselamud ja kuumaõhupallid?",Cappadocia,Kapadookia,,,"Cappadocia is known for eroded volcanic rock formations, historic cave dwellings, and balloon flights.","Kapadookia on tuntud erosiooni kujundatud vulkaaniliste kivimoodustiste, ajalooliste koobaselamute ja õhupallilendude poolest.",Cappadocia,https://en.wikipedia.org/wiki/Cappadocia,CC-BY-SA-4.0,2026-08-28,reviewed,true
built-in-geography-playable-corpus-163,built-in-geography,Geography Pack,built-in-geography-set-096,board,round-two,3,medium,landmarks,Landscapes with a Signature,Eksimatu ilmega maastikud,"Which flat-topped tepui rises where Venezuela, Guyana, and Brazil meet?","Milline lameda tipuga tepui kõrgub Venezuela, Guyana ja Brasiilia kohtumispaigas?",Mount Roraima,Roraima mägi,Roraima;Monte Roraima,Roraima;Monte Roraima,"Mount Roraima is a table-top mountain at the tripoint of Venezuela, Guyana, and Brazil.","Roraima mägi on lamedatipuline mägi Venezuela, Guyana ja Brasiilia kolmikpiiril.",Mount Roraima,https://en.wikipedia.org/wiki/Mount_Roraima,CC-BY-SA-4.0,2026-08-28,reviewed,true
built-in-geography-playable-corpus-164,built-in-geography,Geography Pack,built-in-geography-set-096,board,round-two,4,medium,landmarks,Landscapes with a Signature,Eksimatu ilmega maastikud,Thousands of narrow quartz-sandstone pillars rise through mist in which Chinese forest park?,Millises Hiina metsapargis kõrguvad udust tuhanded kitsad kvartsliivakivisambad?,Zhangjiajie National Forest Park,Zhangjiajie rahvuslik metsapark,Zhangjiajie Forest Park;Zhangjiajie,Zhangjiajie metsapark;Zhangjiajie,Zhangjiajie National Forest Park is known for dense groups of tall sandstone pillars.,Zhangjiajie rahvuslik metsapark on tuntud tihedalt paiknevate kõrgete liivakivisammaste poolest.,Zhangjiajie National Forest Park,https://en.wikipedia.org/wiki/Zhangjiajie_National_Forest_Park,CC-BY-SA-4.0,2026-08-28,reviewed,true
built-in-geography-playable-corpus-165,built-in-geography,Geography Pack,built-in-geography-set-096,board,round-two,5,medium,landmarks,Landscapes with a Signature,Eksimatu ilmega maastikud,Thousands of grass-covered conical mounds turn brown in the dry season on which Philippine landscape?,"Milline Filipiinide maastik koosneb tuhandetest rohuga kaetud koonilistest küngastest, mis kuivajal pruunistuvad?",Chocolate Hills,Šokolaadimäed,Chocolate Hills of Bohol,Boholi Šokolaadimäed,The Chocolate Hills are a field of unusually regular limestone mounds across part of Bohol.,Šokolaadimäed on Boholi saare osa kattev ebatavaliselt korrapäraste lubjakiviküngaste väli.,Chocolate Hills,https://en.wikipedia.org/wiki/Chocolate_Hills,CC-BY-SA-4.0,2026-08-28,reviewed,true
built-in-geography-playable-corpus-166,built-in-geography,Geography Pack,built-in-geography-set-008,board,round-one,1,hard,countries-capitals,Estonia’s Landscape Regions,Eesti maastike mosaiik,"Palmse Manor, Käsmu captains’ village, and four forested peninsulas belong to which northern Estonian region?","Millisesse Põhja-Eesti piirkonda kuuluvad Palmse mõis, Käsmu kapteniküla ja neli metsast poolsaart?",Lahemaa,Lahemaa,Lahemaa National Park,Lahemaa rahvuspark,"Lahemaa combines bays, peninsulas, forests, fishing villages, and historic manor landscapes on Estonia’s north coast.","Lahemaa ühendab Eesti põhjarannikul lahed, poolsaared, metsad, kalurikülad ja ajaloolised mõisamaastikud.",Lahemaa National Park,https://en.wikipedia.org/wiki/Lahemaa_National_Park,CC-BY-SA-4.0,2026-08-28,reviewed,true
built-in-geography-playable-corpus-167,built-in-geography,Geography Pack,built-in-geography-set-008,board,round-one,2,hard,countries-capitals,Estonia’s Landscape Regions,Eesti maastike mosaiik,Spring floods create a celebrated “fifth season” among bogs and floodplain forests in which Estonian region?,Millises Eesti piirkonnas loovad kevadised üleujutused rabade ja lammimetsade keskel kuulsa „viienda aastaaja“?,Soomaa,Soomaa,Soomaa National Park,Soomaa rahvuspark,Soomaa is a wetland landscape of large bogs and rivers whose floods produce the local fifth season.,"Soomaa on suurte rabade ja jõgedega märgala, kus üleujutused tekitavad kohaliku viienda aastaaja.",Soomaa National Park,https://en.wikipedia.org/wiki/Soomaa_National_Park,CC-BY-SA-4.0,2026-08-28,reviewed,true
built-in-geography-playable-corpus-168,built-in-geography,Geography Pack,built-in-geography-set-008,board,round-one,3,hard,countries-capitals,Estonia’s Landscape Regions,Eesti maastike mosaiik,Suur Munamägi crowns which southeastern Estonian upland of rounded hills and lakes?,Millist Kagu-Eesti kuplite ja järvedega kõrgustikku kroonib Suur Munamägi?,Haanja Upland,Haanja kõrgustik,Haanja Heights,Haanja kõrgmaa,"The Haanja Upland contains Estonia's highest terrain, including Suur Munamägi.","Haanja kõrgustikul paikneb Eesti kõrgeim maastik, sealhulgas Suur Munamägi.",Haanja Upland,https://en.wikipedia.org/wiki/Haanja_Upland,CC-BY-SA-4.0,2026-08-28,reviewed,true
built-in-geography-playable-corpus-169,built-in-geography,Geography Pack,built-in-geography-set-008,board,round-one,4,hard,countries-capitals,Estonia’s Landscape Regions,Eesti maastike mosaiik,"A shallow bay, flooded meadows, and immense bird migrations distinguish which western Estonian wetland?","Millist Lääne-Eesti märgala eristavad madal laht, üleujutatavad niidud ja hiiglaslikud linnuränded?",Matsalu,Matsalu,Matsalu National Park,Matsalu rahvuspark,"Matsalu protects a shallow Baltic bay, reed beds, and flood meadows that form a major migratory bird stopover.","Matsalu kaitseb madalat Läänemere lahte, roostikke ja lamminiite, mis moodustavad tähtsa rändlindude peatusala.",Matsalu National Park,https://en.wikipedia.org/wiki/Matsalu_National_Park,CC-BY-SA-4.0,2026-08-28,reviewed,true
built-in-geography-playable-corpus-170,built-in-geography,Geography Pack,built-in-geography-set-008,board,round-one,5,hard,countries-capitals,Estonia’s Landscape Regions,Eesti maastike mosaiik,"Which sparsely settled northeastern Estonian region is more than half bog, with forests covering much of the rest?",Milline hõreda asustusega Kirde-Eesti piirkond koosneb enam kui poole ulatuses soodest ja suures osas ka metsadest?,Alutaguse,Alutaguse,Alutaguse National Park,Alutaguse rahvuspark,Alutaguse National Park lies on the lowland of the same name and is dominated by bogs and forests.,Alutaguse rahvuspark paikneb samanimelisel madalikul ning seal valdavad sood ja metsad.,Alutaguse National Park,https://en.wikipedia.org/wiki/Alutaguse_National_Park,CC-BY-SA-4.0,2026-08-28,reviewed,true
built-in-geography-playable-corpus-171,built-in-geography,Geography Pack,built-in-geography-set-016,board,round-one,1,hard,cities,Estonia’s Waters on the Map,Eesti veed kaardil,Which river flows from Lake Võrtsjärv through Tartu toward Lake Peipus?,Milline jõgi voolab Võrtsjärvest läbi Tartu Peipsi järve suunas?,Emajõgi,Emajõgi,Ema River;Mother River,Emajõgi jõgi,The Emajõgi connects Võrtsjärv with Lake Peipus and passes through Tartu.,Emajõgi ühendab Võrtsjärve Peipsi järvega ning voolab läbi Tartu.,Emajõgi,https://en.wikipedia.org/wiki/Emajõgi,CC-BY-SA-4.0,2026-08-28,reviewed,true
built-in-geography-playable-corpus-172,built-in-geography,Geography Pack,built-in-geography-set-016,board,round-one,2,hard,cities,Estonia’s Waters on the Map,Eesti veed kaardil,Piirissaar and the site traditionally linked to the medieval Battle on the Ice belong to which lake?,Millise järve juurde kuuluvad Piirissaar ja keskaegse Jäälahingu pärimusega seotud paik?,Lake Peipus,Peipsi järv,Peipus;Lake Peipsi,Peipsi;Peipsi-Pihkva järv,Lake Peipus includes Piirissaar and is traditionally associated with the Battle on the Ice.,Peipsi järve juurde kuulub Piirissaar ning järve seostatakse pärimuses Jäälahinguga.,Lake Peipus,https://en.wikipedia.org/wiki/Lake_Peipus,CC-BY-SA-4.0,2026-08-28,reviewed,true
built-in-geography-playable-corpus-173,built-in-geography,Geography Pack,built-in-geography-set-016,board,round-one,3,hard,cities,Estonia’s Waters on the Map,Eesti veed kaardil,Which broad lake west of Tartu sends its water into the Emajõgi and onward to Lake Peipus?,Milline lai järv Tartust läänes saadab oma vee Emajõkke ja sealt edasi Peipsisse?,Lake Võrtsjärv,Võrtsjärv,Võrtsjärv;Lake Vortsjarv,Võrtsjärv,Võrtsjärv is Estonia’s largest lake wholly within the country and the source of the Emajõgi.,Võrtsjärv on suurim täielikult Eestis asuv järv ning Emajõe lähtejärv.,Võrtsjärv,https://en.wikipedia.org/wiki/Võrtsjärv,CC-BY-SA-4.0,2026-08-28,reviewed,true
built-in-geography-playable-corpus-174,built-in-geography,Geography Pack,built-in-geography-set-016,board,round-one,4,hard,cities,Estonia’s Waters on the Map,Eesti veed kaardil,Which border river carries water from Lake Peipus to the Gulf of Finland past two facing fortresses?,Milline piirijõgi viib Peipsi järve vee Soome lahte ning voolab kahe vastastikku seisva kindluse vahelt?,Narva River,Narva jõgi,River Narva,Narva,The Narva drains Lake Peipus into the Gulf of Finland and forms part of the Estonia–Russia border.,Narva jõgi viib Peipsi vee Soome lahte ning moodustab osa Eesti ja Venemaa piirist.,Narva (river),https://en.wikipedia.org/wiki/Narva_(river),CC-BY-SA-4.0,2026-08-28,reviewed,true
built-in-geography-playable-corpus-175,built-in-geography,Geography Pack,built-in-geography-set-016,board,round-one,5,hard,cities,Estonia’s Waters on the Map,Eesti veed kaardil,Which broad waterfall east of Tallinn drops over the North Estonian limestone escarpment?,Milline lai Tallinnast ida pool asuv juga langeb üle Põhja-Eesti lubjakiviastangu?,Jägala Waterfall,Jägala juga,Jägala Falls;Jagala Waterfall,Jägala joastik;Jagala juga,Jägala Waterfall descends from the North Estonian Klint on the Jägala River.,Jägala juga langeb Jägala jõel Põhja-Eesti klindilt.,Jägala Waterfall,https://en.wikipedia.org/wiki/Jägala_Waterfall,CC-BY-SA-4.0,2026-08-28,reviewed,true
built-in-geography-playable-corpus-176,built-in-geography,Geography Pack,built-in-geography-set-020,board,round-one,1,hard,physical-geography,Landmarks Along Estonia’s Coast,Maamärgid Eesti rannikul,A tall lighthouse at Saaremaa’s southern tip marks which long peninsula reaching toward Latvia?,Millist pikka Läti poole ulatuvat Saaremaa poolsaart tähistab saare lõunatipus kõrguv tuletorn?,Sõrve Peninsula,Sõrve poolsaar,Sõrve;Sorve Peninsula,Sõrve säär;Sorve poolsaar,The Sõrve Peninsula forms the long southern extension of Saaremaa and ends at Sääre lighthouse.,Sõrve poolsaar moodustab Saaremaa pika lõunaosa ning lõpeb Sääre tuletorni juures.,Sõrve Peninsula,https://en.wikipedia.org/wiki/Sõrve_Peninsula,CC-BY-SA-4.0,2026-08-28,reviewed,true
built-in-geography-playable-corpus-177,built-in-geography,Geography Pack,built-in-geography-set-020,board,round-one,2,hard,physical-geography,Landmarks Along Estonia’s Coast,Maamärgid Eesti rannikul,Estonia’s oldest national park grew from a bird sanctuary centred on which island west of Saaremaa?,Millise Saaremaast läänes asuva saare linnukaitsealast kasvas välja Eesti vanim rahvuspark?,Vilsandi,Vilsandi,Filsand,Filsand,Vilsandi is the central island of a western Estonian national park founded from an earlier bird reserve.,Vilsandi on Lääne-Eesti rahvuspargi keskne saar ning rahvuspark kasvas välja varasemast linnukaitsealast.,Vilsandi,https://en.wikipedia.org/wiki/Vilsandi,CC-BY-SA-4.0,2026-08-28,reviewed,true
built-in-geography-playable-corpus-178,built-in-geography,Geography Pack,built-in-geography-set-020,board,round-one,3,hard,physical-geography,Landmarks Along Estonia’s Coast,Maamärgid Eesti rannikul,Which high limestone cliff on Saaremaa’s north coast overlooks the Baltic from an ancient place of worship?,Milline Saaremaa põhjaranniku kõrge paekallas vaatab muistse pühapaiga juurest Läänemerele?,Panga Cliff,Panga pank,Panga escarpment,Panga paekallas,Panga Cliff is a prominent limestone escarpment on the northern coast of Saaremaa.,Panga pank on Saaremaa põhjaranniku silmapaistev lubjakiviastang.,Panga Cliff,https://en.wikipedia.org/wiki/Panga_Cliff,CC-BY-SA-4.0,2026-08-28,reviewed,true
built-in-geography-playable-corpus-179,built-in-geography,Geography Pack,built-in-geography-set-020,board,round-one,4,hard,physical-geography,Landmarks Along Estonia’s Coast,Maamärgid Eesti rannikul,Which Lahemaa captains’ village gives its name to a boulder-strewn peninsula on the Gulf of Finland?,Milline Lahemaa kapteniküla annab nime rändrahnulisele Soome lahe poolsaarele?,Käsmu,Käsmu,Käsmu Peninsula;Kasmu,Käsmu poolsaar;Kasmu,Käsmu is a historic captains’ village on a peninsula of the same name in Lahemaa.,Käsmu on Lahemaal samanimelisel poolsaarel asuv ajalooline kapteniküla.,Käsmu,https://en.wikipedia.org/wiki/Käsmu,CC-BY-SA-4.0,2026-08-28,reviewed,true
built-in-geography-playable-corpus-180,built-in-geography,Geography Pack,built-in-geography-set-020,board,round-one,5,hard,physical-geography,Landmarks Along Estonia’s Coast,Maamärgid Eesti rannikul,Which pair of limestone islands lies west of Paldiski and carries a historic lighthouse?,Milline lubjakivist saarepaar asub Paldiskist läänes ning kannab ajaloolist tuletorni?,Pakri Islands,Pakri saared,Pakri archipelago,Pakri saarestik,"The Pakri Islands, Suur-Pakri and Väike-Pakri, lie off the Pakri Peninsula near Paldiski.",Pakri saared Suur-Pakri ja Väike-Pakri paiknevad Pakri poolsaare kõrval Paldiski lähedal.,Pakri Islands,https://en.wikipedia.org/wiki/Pakri_Islands,CC-BY-SA-4.0,2026-08-28,reviewed,true
built-in-geography-playable-corpus-181,built-in-geography,Geography Pack,built-in-geography-set-022,board,round-one,1,hard,mountains,Estonia Written in Stone,Kivisse kirjutatud Eesti,"During the Ice Age, glaciers carried huge boulders into Estonia. What are these isolated rocks called?",Jääajal kandsid liustikud Eestisse suuri kivirahne. Kuidas nimetatakse selliseid üksikuid rahne?,glacial erratics,rändrahnud,glacial erratic;erratic,rändrahn;rändkivi,Glacial erratics are rocks transported by ice and deposited far from the bedrock where they formed.,"Rändrahnud on jääga teisale kantud kivimiplokid, mis jäid maha kaugel oma lähtekohast.",Glacial erratic,https://en.wikipedia.org/wiki/Glacial_erratic,CC-BY-SA-4.0,2026-08-28,reviewed,true
built-in-geography-playable-corpus-182,built-in-geography,Geography Pack,built-in-geography-set-022,board,round-one,2,hard,mountains,Estonia Written in Stone,Kivisse kirjutatud Eesti,Red Devonian sandstone forms the Suur and Väike cliffs at which celebrated Ahja River site?,Millises kuulsas Ahja jõe paigas moodustab punane Devoni liivakivi Suure ja Väikese paljandi?,Taevaskoja,Taevaskoja,Suur Taevaskoda;Taevaskoda,Suur Taevaskoda;Taevaskoda,Taevaskoja is known for high Devonian sandstone outcrops beside the Ahja River.,Taevaskoja on tuntud Ahja jõe äärsete kõrgete Devoni liivakivipaljandite poolest.,Taevaskoja,https://et.wikipedia.org/wiki/Taevaskoja,CC-BY-SA-4.0,2026-08-28,reviewed,true
built-in-geography-playable-corpus-183,built-in-geography,Geography Pack,built-in-geography-set-022,board,round-one,3,hard,mountains,Estonia Written in Stone,Kivisse kirjutatud Eesti,A former glass-sand mine created the pale underground galleries of which southeastern Estonian attraction?,Millise Kagu-Eesti vaatamisväärsuse heledad maa-alused käigud tekkisid kunagises klaasiliivakaevanduses?,Piusa Caves,Piusa koopad,Piusa cave system,Piusa liivakoopad;Piusa koobastik,The Piusa caves are man-made galleries left by underground mining of glass sand.,Piusa koopad on klaasiliiva maa-alusest kaevandamisest jäänud tehiskäigud.,Piusa koopad,https://et.wikipedia.org/wiki/Piusa_koopad,CC-BY-SA-4.0,2026-08-28,reviewed,true
built-in-geography-playable-corpus-184,built-in-geography,Geography Pack,built-in-geography-set-022,board,round-one,4,hard,mountains,Estonia Written in Stone,Kivisse kirjutatud Eesti,"During high groundwater, which famous “witch’s well” appears to boil over in a northern Estonian karst area?",Milline kuulus „nõiakaev“ hakkab Põhja-Eesti karstialal kõrge põhjavee ajal näiliselt üle keema?,Tuhala Witch’s Well,Tuhala nõiakaev,Witch’s Well of Tuhala;Tuhala Witch Well,Tuhala karstikaev,Tuhala’s Witch’s Well is a karst spring that overflows after heavy rain.,"Tuhala Nõiakaev on karstiallikas, mis ajab pärast tugevat vihma üle.",Tuhala Witch’s Well,https://en.wikipedia.org/wiki/Tuhala_Witch%27s_Well,CC-BY-SA-4.0,2026-08-28,reviewed,true
built-in-geography-playable-corpus-185,built-in-geography,Geography Pack,built-in-geography-set-022,board,round-one,5,hard,mountains,Estonia Written in Stone,Kivisse kirjutatud Eesti,At which Estonian locality does the Baltic Klint reach its highest point near Valaste Falls?,Millises Eesti paigas saavutab Balti klint Valaste joa lähedal oma suurima kõrguse?,Ontika,Ontika,Ontika Cliff,Ontika paekallas;Ontika pank,"The Baltic Klint reaches its highest point at Ontika, where nearby streams cut waterfalls through the escarpment.","Balti klint saavutab suurima kõrguse Ontikal, kus lähikonna ojad lõikuvad joastikena paekaldasse.",Baltic Klint,https://en.wikipedia.org/wiki/Baltic_Klint,CC-BY-SA-4.0,2026-08-28,reviewed,true
built-in-geography-playable-corpus-186,built-in-geography,Geography Pack,built-in-geography-set-035,board,round-one,1,hard,physical-geography,Canals as City Streets,Kanalid linnatänavatena,Six sestieri share which lagoon city whose Grand Canal is crossed at the Rialto?,"Millise laguunilinna kuue linnaosa vahel kulgeb Suur kanal, mida ületab Rialto sild?",Venice,Veneetsia,Venezia,Venezia,"Venice is divided into six sestieri and the Rialto Bridge crosses its principal waterway, the Grand Canal.","Veneetsia jaguneb kuueks linnaosaks ning Rialto sild ületab linna peamist veeteed, Suurt kanalit.",Venice,https://en.wikipedia.org/wiki/Venice,CC-BY-SA-4.0,2026-08-28,reviewed,true
built-in-geography-playable-corpus-187,built-in-geography,Geography Pack,built-in-geography-set-035,board,round-one,2,hard,physical-geography,Canals as City Streets,Kanalid linnatänavatena,"Herengracht, Keizersgracht, and Prinsengracht form the Grachtengordel of which city?","Millise linna kanalivööndi ehk Grachtengordeli moodustavad Herengracht, Keizersgracht ja Prinsengracht?",Amsterdam,Amsterdam,City of Amsterdam,Amsterdami linn,"Amsterdam’s seventeenth-century canal ring includes the Herengracht, Keizersgracht, and Prinsengracht.","Amsterdami 17. sajandi kanalivööndisse kuuluvad Herengracht, Keizersgracht ja Prinsengracht.",Canals of Amsterdam,https://en.wikipedia.org/wiki/Canals_of_Amsterdam,CC-BY-SA-4.0,2026-08-28,reviewed,true
built-in-geography-playable-corpus-188,built-in-geography,Geography Pack,built-in-geography-set-035,board,round-one,3,hard,physical-geography,Canals as City Streets,Kanalid linnatänavatena,The canals called reien wind beneath a medieval belfry in which Belgian city?,Millises Belgia linnas looklevad rei nime kandvad kanalid keskaegse kellatorni all?,Bruges,Brugge,Brugge,Bruges,Bruges preserves medieval streets and a network of canals locally known as reien.,"Brugges on säilinud keskaegsed tänavad ja kanalivõrk, mida kohapeal nimetatakse reideks.",Bruges,https://en.wikipedia.org/wiki/Bruges,CC-BY-SA-4.0,2026-08-28,reviewed,true
built-in-geography-playable-corpus-189,built-in-geography,Geography Pack,built-in-geography-set-035,board,round-one,4,hard,physical-geography,Canals as City Streets,Kanalid linnatänavatena,"Footpaths, wooden bridges, and canals serve the largely car-free old centre of which Dutch village?","Millise Hollandi küla suuresti autovabas vanas keskuses liigutakse jalgteedel, puitsildadel ja kanalitel?",Giethoorn,Giethoorn,Giethoorn village,Giethoorni küla,"Giethoorn is known for canals, footbridges, and a historic centre with few conventional roads.","Giethoorni tuntakse kanalite, jalakäijate sildade ja ajaloolise keskuse järgi, kus tavalisi teid on vähe.",Giethoorn,https://en.wikipedia.org/wiki/Giethoorn,CC-BY-SA-4.0,2026-08-28,reviewed,true
built-in-geography-playable-corpus-190,built-in-geography,Geography Pack,built-in-geography-set-035,board,round-one,5,hard,physical-geography,Canals as City Streets,Kanalid linnatänavatena,Stone bridges cross narrow waterways instead of broad roads in which famous Jiangsu water town?,"Millises kuulsas Jiangsu veelinnas viivad kivisillad üle kitsaste veeteede, mitte laiade maanteede?",Zhouzhuang,Zhouzhuang,Zhouzhuang Water Town,Zhouzhuangi veelinn,"Zhouzhuang is a historic canal town in Jiangsu noted for waterways, bridges, and waterside houses.","Zhouzhuang on Jiangsu ajalooline kanalilinn, mida tuntakse veeteede, sildade ja veeäärsete majade poolest.",Zhouzhuang,https://en.wikipedia.org/wiki/Zhouzhuang,CC-BY-SA-4.0,2026-08-28,reviewed,true
built-in-geography-playable-corpus-191,built-in-geography,Geography Pack,built-in-geography-set-042,board,round-one,1,hard,rivers-lakes,Borders with a Twist,Kummaliselt kulgevad piirid,"Because of an overseas department, which European country shares its longest national border with Brazil?",Milline Euroopa riik jagab tänu ülemeredepartemangule oma pikimat riigipiiri Brasiiliaga?,France,Prantsusmaa,French Republic,Prantsuse Vabariik,French Guiana gives France a long land border with Brazil in South America.,Prantsuse Guajaana annab Prantsusmaale Lõuna-Ameerikas pika maismaapiiri Brasiiliaga.,Borders of France,https://en.wikipedia.org/wiki/Borders_of_France,CC-BY-SA-4.0,2026-08-28,reviewed,true
built-in-geography-playable-corpus-192,built-in-geography,Geography Pack,built-in-geography-set-042,board,round-one,2,hard,rivers-lakes,Borders with a Twist,Kummaliselt kulgevad piirid,A United Nations buffer zone called the Green Line divides which Mediterranean island?,"Millist Vahemere saart jagab ÜRO puhvertsoon, mida nimetatakse Roheliseks jooneks?",Cyprus,Küpros,Republic of Cyprus,Küprose Vabariik,The Green Line is a United Nations buffer zone separating the Greek and Turkish controlled parts of Cyprus.,"Roheline joon on ÜRO puhvertsoon, mis eraldab Küprose kreeka ja türgi kontrolli all olevaid osi.",United Nations Buffer Zone in Cyprus,https://en.wikipedia.org/wiki/United_Nations_Buffer_Zone_in_Cyprus,CC-BY-SA-4.0,2026-08-28,reviewed,true
built-in-geography-playable-corpus-193,built-in-geography,Geography Pack,built-in-geography-set-042,board,round-one,3,hard,rivers-lakes,Borders with a Twist,Kummaliselt kulgevad piirid,"Nakhchivan is an exclave of which country, separated from its main territory by Armenia?","Nahhitševan on millise riigi eksklaav, mida eraldab põhiterritooriumist Armeenia?",Azerbaijan,Aserbaidžaan,,,"Nakhchivan is an autonomous republic of Azerbaijan bordered by Armenia, Iran and Turkey.","Nahhitševan on Aserbaidžaani autonoomne vabariik, mis piirneb Armeenia, Iraani ja Türgiga.",Nakhchivan Autonomous Republic,https://en.wikipedia.org/wiki/Nakhchivan_Autonomous_Republic,CC-BY-SA-4.0,2026-08-28,reviewed,true
built-in-geography-playable-corpus-194,built-in-geography,Geography Pack,built-in-geography-set-042,board,round-one,4,hard,rivers-lakes,Borders with a Twist,Kummaliselt kulgevad piirid,Which narrow country follows a river inland and is almost completely surrounded by Senegal?,Milline kitsas riik järgib jõge sisemaale ning on peaaegu täielikult Senegalist ümbritsetud?,The Gambia,Gambia,Gambia;Republic of the Gambia,Gambia Vabariik,"The Gambia is a narrow state along the Gambia River, enclosed by Senegal except at the Atlantic coast.","Gambia on kitsas Gambia jõe äärne riik, mida peale Atlandi ranniku ümbritseb Senegal.",The Gambia,https://en.wikipedia.org/wiki/The_Gambia,CC-BY-SA-4.0,2026-08-28,reviewed,true
built-in-geography-playable-corpus-195,built-in-geography,Geography Pack,built-in-geography-set-042,board,round-one,5,hard,rivers-lakes,Borders with a Twist,Kummaliselt kulgevad piirid,Which paired Belgian-Dutch village is famous for enclave boundaries running through streets and buildings?,Milline Belgia-Hollandi kaksikasula on kuulus tänavaid ja hooneid läbivate enklaavipiiride poolest?,Baarle,Baarle,Baarle-Hertog and Baarle-Nassau,Baarle-Hertog ja Baarle-Nassau,Baarle contains a complex patchwork of Belgian enclaves and Dutch counter-enclaves.,Baarle moodustab keeruka Belgia enklaavide ja Hollandi vastuenklaavide mosaiigi.,Baarle,https://en.wikipedia.org/wiki/Baarle,CC-BY-SA-4.0,2026-08-28,reviewed,true
built-in-geography-playable-corpus-196,built-in-geography,Geography Pack,built-in-geography-set-051,board,round-one,1,hard,mountains,Passes Through Mountain Walls,Teed läbi mäestike,Which Swiss pass and tunnel corridor links the Reuss valley with Italian-speaking Ticino?,Milline Šveitsi kuru- ja tunnelikoridor ühendab Reussi orgu itaaliakeelse Ticinoga?,Gotthard Pass,Gotthardi kuru,Saint Gotthard Pass;St Gotthard,Sankt Gotthardi kuru;Gotthard,The Gotthard route crosses the central Alps between northern Switzerland and Ticino.,Gotthardi tee ületab Kesk-Alpid Põhja-Šveitsi ja Ticino vahel.,Gotthard Pass,https://en.wikipedia.org/wiki/Gotthard_Pass,CC-BY-SA-4.0,2026-08-28,reviewed,true
built-in-geography-playable-corpus-197,built-in-geography,Geography Pack,built-in-geography-set-051,board,round-one,2,hard,mountains,Passes Through Mountain Walls,Teed läbi mäestike,Which low Alpine pass carries a major road and railway between Austria and Italy?,Milline madal Alpi kuru kannab tähtsat maanteed ja raudteed Austria ning Itaalia vahel?,Brenner Pass,Brenneri kuru,Brenner,Brenner,The Brenner Pass is a major trans-Alpine route between Austria's Tyrol and Italy's South Tyrol.,Brenneri kuru on oluline Alpe ületav tee Austria Tirooli ja Itaalia Lõuna-Tirooli vahel.,Brenner Pass,https://en.wikipedia.org/wiki/Brenner_Pass,CC-BY-SA-4.0,2026-08-28,reviewed,true
built-in-geography-playable-corpus-198,built-in-geography,Geography Pack,built-in-geography-set-051,board,round-one,3,hard,mountains,Passes Through Mountain Walls,Teed läbi mäestike,A celebrated staircase of hairpin bends climbs which Italian Alpine pass between Bormio and South Tyrol?,Millisele Bormio ja Lõuna-Tirooli vahelisele Itaalia Alpide kurule tõuseb kuulus järskude serpentiinide jada?,Stelvio Pass,Stelvio kuru,Stelvio;Passo dello Stelvio,Stelvio;Passo dello Stelvio,"The Stelvio Pass is a high road crossing in the Italian Alps, renowned for the many hairpin bends on its eastern approach.","Stelvio kuru on kõrge maanteekuru Itaalia Alpides, mida tuntakse idapoolse tõusu arvukate järskude serpentiinide järgi.",Stelvio Pass,https://en.wikipedia.org/wiki/Stelvio_Pass,CC-BY-SA-4.0,2026-08-28,reviewed,true
built-in-geography-playable-corpus-199,built-in-geography,Geography Pack,built-in-geography-set-051,board,round-one,4,hard,mountains,Passes Through Mountain Walls,Teed läbi mäestike,A monument to Russo-Ottoman battles crowns which road pass through Bulgaria's Balkan Mountains?,Millist Bulgaaria Balkani mäestiku maanteekuru kroonib Vene-Türgi lahingute mälestusmärk?,Shipka Pass,Šipka kuru,Shipka,Šipka,Shipka Pass crosses the central Balkan Mountains and was the site of decisive nineteenth-century battles.,Šipka kuru ületab Balkani mäestiku keskosa ning seal toimusid otsustavad 19. sajandi lahingud.,Shipka Pass,https://en.wikipedia.org/wiki/Shipka_Pass,CC-BY-SA-4.0,2026-08-28,reviewed,true
built-in-geography-playable-corpus-200,built-in-geography,Geography Pack,built-in-geography-set-051,board,round-one,5,hard,mountains,Passes Through Mountain Walls,Teed läbi mäestike,The main road from Mendoza to Santiago crosses the Andes near which historic pass below Aconcagua?,Millise ajaloolise kuru lähedal Aconcagua all ületab Mendozat ja Santiagot ühendav põhitee Andid?,Uspallata Pass,Uspallata kuru,Cumbre Pass;Bermejo Pass,Cumbre kuru;Bermejo kuru,The Uspallata corridor has long linked Argentina and Chile across the Andes near Aconcagua.,Uspallata koridor on kaua ühendanud Argentinat ja Tšiilit üle Andide Aconcagua lähedal.,Uspallata Pass,https://en.wikipedia.org/wiki/Uspallata_Pass,CC-BY-SA-4.0,2026-08-28,reviewed,true
built-in-geography-playable-corpus-201,built-in-geography,Geography Pack,built-in-geography-set-053,board,round-one,1,hard,mountains,Rivers That Never Reach an Ocean,"Jõed, mis ookeani ei jõua",Which river flows through the Sea of Galilee before ending in the Dead Sea?,Milline jõgi läbib Galilea järve ja suubub seejärel Surnumerre?,Jordan River,Jordani jõgi,Jordan,Jordan,The Jordan runs south from the Sea of Galilee into the endorheic Dead Sea.,Jordan voolab Galilea järvest lõunasse äravooluta Surnumerre.,Jordan River,https://en.wikipedia.org/wiki/Jordan_River,CC-BY-SA-4.0,2026-08-28,reviewed,true
built-in-geography-playable-corpus-202,built-in-geography,Geography Pack,built-in-geography-set-053,board,round-one,2,hard,mountains,Rivers That Never Reach an Ocean,"Jõed, mis ookeani ei jõua",Which river forms part of a traditional Europe–Asia boundary before emptying into the Caspian Sea?,Milline jõgi moodustab osa Euroopa ja Aasia traditsioonilisest piirist enne Kaspia merre suubumist?,Ural River,Uurali jõgi,the Ural;Zhayyq,Uural;Jaik,The Ural flows south through Russia and Kazakhstan to the Caspian Sea and is conventionally treated as part of the Europe–Asia boundary.,Uurali jõgi voolab läbi Venemaa ja Kasahstani Kaspia merre ning seda peetakse kokkuleppeliselt Euroopa ja Aasia piiri osaks.,Ural River,https://en.wikipedia.org/wiki/Ural_(river),CC-BY-SA-4.0,2026-08-28,reviewed,true
built-in-geography-playable-corpus-203,built-in-geography,Geography Pack,built-in-geography-set-053,board,round-one,3,hard,mountains,Rivers That Never Reach an Ocean,"Jõed, mis ookeani ei jõua",Which river rises near the Pamirs and historically fed the southern Aral Sea after crossing Central Asian deserts?,Milline Pamiiri lähistel algav jõgi toitis ajalooliselt Araali mere lõunaosa pärast Kesk-Aasia kõrbete läbimist?,Amu Darya,Amudarja,Amu River;Oxus,Amu jõgi;Oxus,"The Amu Darya flows northwest through Central Asia into the Aral basin, though irrigation diverts much of its water.","Amudarja voolab läbi Kesk-Aasia loodesse Araali vesikonda, kuigi niisutus juhib suure osa veest kõrvale.",Amu Darya,https://en.wikipedia.org/wiki/Amu_Darya,CC-BY-SA-4.0,2026-08-28,reviewed,true
built-in-geography-playable-corpus-204,built-in-geography,Geography Pack,built-in-geography-set-053,board,round-one,4,hard,mountains,Rivers That Never Reach an Ocean,"Jõed, mis ookeani ei jõua",Which river skirts the Taklamakan Desert and fades into the closed Lop Nur basin?,Milline jõgi kulgeb mööda Taklimakani kõrbe serva ja hajub suletud Lop Nuri nõos?,Tarim River,Tarimi jõgi,Tarim,Tarim,The Tarim drains the margins of the Taklamakan within the endorheic Tarim Basin.,Tarim kuivendab Taklimakani servi äravooluta Tarimi nõos.,Tarim River,https://en.wikipedia.org/wiki/Tarim_River,CC-BY-SA-4.0,2026-08-28,reviewed,true
built-in-geography-playable-corpus-205,built-in-geography,Geography Pack,built-in-geography-set-053,board,round-one,5,hard,mountains,Rivers That Never Reach an Ocean,"Jõed, mis ookeani ei jõua",Which Nevada river runs west through the Great Basin and disappears in a sink rather than reaching the Pacific?,Milline Nevada jõgi voolab läbi Suure nõo läände ja kaob ookeani jõudmata sulglohku?,Humboldt River,Humboldti jõgi,Humboldt,Humboldt,The Humboldt is an internally drained Great Basin river ending in the Humboldt Sink.,Humboldti jõgi kuulub Suure nõo siseäravoolu ja lõpeb Humboldti sulglohus.,Humboldt River,https://en.wikipedia.org/wiki/Humboldt_River,CC-BY-SA-4.0,2026-08-28,reviewed,true
built-in-geography-playable-corpus-206,built-in-geography,Geography Pack,built-in-geography-set-067,board,round-one,1,hard,borders,Rivers Crossing Countries,Jõed üle riigipiiride,Which river forms a long stretch of the border between Texas and Mexico before reaching the Gulf?,Milline jõgi moodustab pika osa Texase ja Mehhiko piirist enne lahte suubumist?,Rio Grande,Rio Grande,Río Bravo;Rio Bravo del Norte,Río Bravo;Rio Bravo del Norte,The Rio Grande forms much of the Texas–Mexico border and empties into the Gulf of Mexico.,Rio Grande moodustab suure osa Texase ja Mehhiko piirist ning suubub Mehhiko lahte.,Rio Grande,https://en.wikipedia.org/wiki/Rio_Grande,CC-BY-SA-4.0,2026-08-28,reviewed,true
built-in-geography-playable-corpus-207,built-in-geography,Geography Pack,built-in-geography-set-067,board,round-one,2,hard,borders,Rivers Crossing Countries,Jõed üle riigipiiride,Which river flows through or along ten countries before reaching the Black Sea?,Milline jõgi voolab enne Musta merre jõudmist läbi kümne riigi või piki nende piiri?,Danube,Doonau,Danube River,Doonau jõgi,"The Danube touches more countries than any other river, linking Central and southeastern Europe with the Black Sea.",Doonau puudutab rohkem riike kui ükski teine jõgi ning ühendab Kesk- ja Kagu-Euroopa Musta merega.,Danube,https://en.wikipedia.org/wiki/Danube,CC-BY-SA-4.0,2026-08-28,reviewed,true
built-in-geography-playable-corpus-208,built-in-geography,Geography Pack,built-in-geography-set-067,board,round-one,3,hard,borders,Rivers Crossing Countries,Jõed üle riigipiiride,Dresden and Hamburg stand on which river that rises in Czechia and crosses Germany?,Millise Tšehhist algava ja Saksamaad läbiva jõe ääres asuvad Dresden ning Hamburg?,Elbe,Elbe,Elbe River,Elbe jõgi,The Elbe flows from Czechia through Germany and enters the North Sea near Cuxhaven.,Elbe voolab Tšehhist läbi Saksamaa ja suubub Cuxhaveni lähedal Põhjamerre.,Elbe,https://en.wikipedia.org/wiki/Elbe,CC-BY-SA-4.0,2026-08-28,reviewed,true
built-in-geography-playable-corpus-209,built-in-geography,Geography Pack,built-in-geography-set-067,board,round-one,4,hard,borders,Rivers Crossing Countries,Jõed üle riigipiiride,Which international river passes through Lake Constance before plunging over Europe’s most powerful waterfall near Schaffhausen?,Milline rahvusvaheline jõgi läbib Bodeni järve ja langeb seejärel Schaffhauseni lähedal üle Euroopa veerohkeima joa?,Rhine,Rein,Rhine River,Reini jõgi,The Rhine links Lake Constance to the Rhine Falls before continuing north through several countries.,Rein ühendab Bodeni järve Reini joaga ja jätkab sealt teed põhja poole läbi mitme riigi.,Rhine,https://en.wikipedia.org/wiki/Rhine,CC-BY-SA-4.0,2026-08-28,reviewed,true
built-in-geography-playable-corpus-210,built-in-geography,Geography Pack,built-in-geography-set-067,board,round-one,5,hard,borders,Rivers Crossing Countries,Jõed üle riigipiiride,Which river leaves the Tibetan Plateau and crosses mainland Southeast Asia before forming a vast Vietnamese delta?,"Milline jõgi lahkub Tiibeti kiltmaalt, läbib Kagu-Aasia mandriosa ja moodustab Vietnamis ulatusliku delta?",Mekong,Mekong,Mekong River,Mekongi jõgi,The Mekong flows through China and five mainland Southeast Asian countries before reaching the South China Sea.,Mekong voolab läbi Hiina ja viie Kagu-Aasia mandririigi enne Lõuna-Hiina merre suubumist.,Mekong,https://en.wikipedia.org/wiki/Mekong,CC-BY-SA-4.0,2026-08-28,reviewed,true
built-in-geography-playable-corpus-211,built-in-geography,Geography Pack,built-in-geography-set-070,board,round-one,1,hard,borders,Straits Beyond the Obvious,Vähem tuntud tähtsad väinad,Which “Gate of Tears” links the Red Sea with the Gulf of Aden between Yemen and Djibouti?,Milline „Pisarate värav“ ühendab Punast merd Adeni lahega Jeemeni ja Djibouti vahel?,Bab-el-Mandeb,Bab el Mandeb,Bab al-Mandab,Bab al-Mandab,Bab-el-Mandeb is the narrow strategic passage between the Red Sea and Gulf of Aden.,Bab el Mandeb on kitsas strateegiline läbipääs Punase mere ja Adeni lahe vahel.,Bab-el-Mandeb,https://en.wikipedia.org/wiki/Bab-el-Mandeb,CC-BY-SA-4.0,2026-08-28,reviewed,true
built-in-geography-playable-corpus-212,built-in-geography,Geography Pack,built-in-geography-set-070,board,round-one,2,hard,borders,Straits Beyond the Obvious,Vähem tuntud tähtsad väinad,Which strait between Crimea and the Taman Peninsula connects the Black Sea with the Sea of Azov?,Milline Krimmi ja Tamani poolsaare vaheline väin ühendab Musta merd Aasovi merega?,Kerch Strait,Kertši väin,Strait of Kerch,Kertši väin,The Kerch Strait is the sole natural passage between the Black Sea and Sea of Azov.,Kertši väin on ainus looduslik läbipääs Musta mere ja Aasovi mere vahel.,Kerch Strait,https://en.wikipedia.org/wiki/Kerch_Strait,CC-BY-SA-4.0,2026-08-28,reviewed,true
built-in-geography-playable-corpus-213,built-in-geography,Geography Pack,built-in-geography-set-070,board,round-one,3,hard,borders,Straits Beyond the Obvious,Vähem tuntud tähtsad väinad,Which shallow island-filled strait separates Cape York Peninsula from New Guinea?,Milline madal saarterohke väin eraldab Cape Yorki poolsaart Uus-Guineast?,Torres Strait,Torresi väin,the Torres Strait,Torresi väin,Torres Strait lies between northern Australia and New Guinea and contains numerous islands and reefs.,Torresi väin asub Põhja-Austraalia ja Uus-Guinea vahel ning sisaldab arvukalt saari ja riffe.,Torres Strait,https://en.wikipedia.org/wiki/Torres_Strait,CC-BY-SA-4.0,2026-08-28,reviewed,true
built-in-geography-playable-corpus-214,built-in-geography,Geography Pack,built-in-geography-set-070,board,round-one,4,hard,borders,Straits Beyond the Obvious,Vähem tuntud tähtsad väinad,Krakatoa rises in which passage between Java and Sumatra?,Millises Jaava ja Sumatra vahelises väinas asub Krakatau?,Sunda Strait,Sunda väin,the Sunda Strait,Sunda väin,The Sunda Strait separates Java from Sumatra and contains the Krakatoa volcanic complex.,Sunda väin eraldab Jaavat Sumatrast ning seal asub Krakatau vulkaanikompleks.,Sunda Strait,https://en.wikipedia.org/wiki/Sunda_Strait,CC-BY-SA-4.0,2026-08-28,reviewed,true
built-in-geography-playable-corpus-215,built-in-geography,Geography Pack,built-in-geography-set-070,board,round-one,5,hard,borders,Straits Beyond the Obvious,Vähem tuntud tähtsad väinad,Which deep Indonesian passage separates Borneo from Sulawesi and carries a major throughflow toward the Java Sea?,Milline sügav Indoneesia väin eraldab Borneot Sulawesist ja juhib tähtsat hoovust Jaava mere suunas?,Makassar Strait,Makassari väin,the Makassar Strait,Makassari väin,Makassar Strait lies between Borneo and Sulawesi and is a principal route of the Indonesian Throughflow.,Makassari väin asub Borneo ja Sulawesi vahel ning on Indoneesia läbivoolu peamine tee.,Makassar Strait,https://en.wikipedia.org/wiki/Makassar_Strait,CC-BY-SA-4.0,2026-08-28,reviewed,true
built-in-geography-playable-corpus-216,built-in-geography,Geography Pack,built-in-geography-set-078,board,round-one,1,hard,maps-coordinates,Deltas with Their Own Geography,Iseloomuga deltad,Comacchio's lagoons lie in which northern Italian river delta on the Adriatic?,Millise Põhja-Itaalia jõe Aadria mere deltas asuvad Comacchio laguunid?,Po Delta,Po delta,Delta del Po,Po jõe delta,The Po branches through wetlands and lagoons before entering the northern Adriatic.,Po hargneb enne Aadria mere põhjaossa suubumist märgalade ja laguunide vahel.,Po (river),https://en.wikipedia.org/wiki/Po_(river),CC-BY-SA-4.0,2026-08-28,reviewed,true
built-in-geography-playable-corpus-217,built-in-geography,Geography Pack,built-in-geography-set-078,board,round-one,2,hard,maps-coordinates,Deltas with Their Own Geography,Iseloomuga deltad,Rice fields and bird-rich wetlands project into the Mediterranean at the mouth of which Spanish river?,Millise Hispaania jõe suudmes ulatuvad Vahemerre riisipõllud ja linnurikkad märgalad?,Ebro Delta,Ebro delta,Delta de l'Ebre,Ebre delta,"The Ebro forms a prominent Mediterranean delta with lagoons, wetlands, and rice cultivation.","Ebro moodustab Vahemeres silmapaistva laguunide, märgalade ja riisikasvatusega delta.",Ebro Delta,https://en.wikipedia.org/wiki/Ebro_Delta,CC-BY-SA-4.0,2026-08-28,reviewed,true
built-in-geography-playable-corpus-218,built-in-geography,Geography Pack,built-in-geography-set-078,board,round-one,3,hard,maps-coordinates,Deltas with Their Own Geography,Iseloomuga deltad,Yangon stands near the eastern edge of which fertile Myanmar delta?,Millise viljaka Myanmari delta idaserva lähedal asub Yangon?,Irrawaddy Delta,Irrawaddy delta,Ayeyarwady Delta,Ayeyarwady delta,"The Irrawaddy spreads across a broad, fertile delta before reaching the Andaman Sea.",Irrawaddy hargneb enne Andamani merre jõudmist laias viljakas deltas.,Irrawaddy Delta,https://en.wikipedia.org/wiki/Irrawaddy_Delta,CC-BY-SA-4.0,2026-08-28,reviewed,true
built-in-geography-playable-corpus-219,built-in-geography,Geography Pack,built-in-geography-set-078,board,round-one,4,hard,maps-coordinates,Deltas with Their Own Geography,Iseloomuga deltad,Which Siberian river forms a maze of tundra channels before entering the Laptev Sea?,Milline Siberi jõgi moodustab enne Laptevite merre suubumist tundrakanalite labürindi?,Lena Delta,Leena delta,Delta of the Lena,Leena jõe delta,The Lena divides into numerous channels across a vast Arctic delta at the Laptev Sea.,Leena hargneb Laptevite mere ääres tohutus Arktika deltas arvukateks kanaliteks.,Lena Delta,https://en.wikipedia.org/wiki/Lena_Delta,CC-BY-SA-4.0,2026-08-28,reviewed,true
built-in-geography-playable-corpus-220,built-in-geography,Geography Pack,built-in-geography-set-078,board,round-one,5,hard,maps-coordinates,Deltas with Their Own Geography,Iseloomuga deltad,"In Mali, which river spreads into lakes and floodplains far from the sea before gathering itself again?",Milline jõgi valgub Malis merest kaugel järvedeks ja lammideks ning koondub hiljem taas ühte sängi?,Inner Niger Delta,Nigeri sisemaa delta,Macina;Inland Niger Delta,Macina;Nigeri sisedelta,The Inner Niger Delta is a vast seasonal wetland where the Niger spreads across central Mali.,"Nigeri sisemaa delta on ulatuslik hooajaline märgala, kus Niger Kesk-Malis laiali valgub.",Inner Niger Delta,https://en.wikipedia.org/wiki/Inner_Niger_Delta,CC-BY-SA-4.0,2026-08-28,reviewed,true
built-in-geography-playable-corpus-221,built-in-geography,Geography Pack,built-in-geography-set-084,board,round-one,1,hard,human-geography,Karst Around the World,Karst maailma eri paigus,What water-filled limestone sinkhole gave Maya communities access to groundwater in Yucatán?,"Kuidas nimetatakse Yucatáni veega täidetud lubjakivilehtrit, mis andis maiade kogukondadele ligipääsu põhjaveele?",Cenote,cenote,natural well;sinkhole well,karstikaev;veega karstilehter,A cenote is a natural opening to groundwater formed by collapse or dissolution of limestone.,Cenote on lubjakivi lahustumisel või varingul tekkinud looduslik avaus põhjavette.,Cenote,https://en.wikipedia.org/wiki/Cenote,CC-BY-SA-4.0,2026-08-28,reviewed,true
built-in-geography-playable-corpus-222,built-in-geography,Geography Pack,built-in-geography-set-084,board,round-one,2,hard,human-geography,Karst Around the World,Karst maailma eri paigus,Towering limestone cones beside the Li River make which Chinese city-region a classic karst landscape?,Millise Hiina linnapiirkonna muudavad Li jõe äärsed kõrged lubjakivist koonused klassikaliseks karstimaastikuks?,Guilin,Guilin,Guilin karst,Guilini karst,Guilin is renowned for steep tower karst rising along the Li River in Guangxi.,Guilin on tuntud Guangxis Li jõe ääres kõrguva järsu tornkarsti poolest.,Guilin,https://en.wikipedia.org/wiki/Guilin,CC-BY-SA-4.0,2026-08-28,reviewed,true
built-in-geography-playable-corpus-223,built-in-geography,Geography Pack,built-in-geography-set-084,board,round-one,3,hard,human-geography,Karst Around the World,Karst maailma eri paigus,An underground railway carries visitors through which long Slovenian show cave?,Millises pikas Sloveenia turismikoopas veab külastajaid maa-alune raudtee?,Postojna Cave,Postojna koobas,Postojna cavern;Postojnska jama,Postojnska jama;Postojna karstikoobas,Postojna Cave is an extensive karst cave system toured partly by an underground railway.,"Postojna koobas on ulatuslik karstikoopastik, mida külastatakse osaliselt maa-aluse rongiga.",Postojna Cave,https://en.wikipedia.org/wiki/Postojna_Cave,CC-BY-SA-4.0,2026-08-28,reviewed,true
built-in-geography-playable-corpus-224,built-in-geography,Geography Pack,built-in-geography-set-084,board,round-one,4,hard,human-geography,Karst Around the World,Karst maailma eri paigus,"Clints, grikes, and rare flowers cover which bare limestone region of County Clare?","Millises Clare'i krahvkonna paljaslubjakivipiirkonnas leidub paeklotse, lõhesid ja haruldasi lilli?",The Burren,Burren,Burren,Burreni karstiala,The Burren is a karst plateau in western Ireland marked by exposed limestone pavement and fissures.,"Burren on Lääne-Iirimaa karstiplatoo, mida iseloomustavad paljandunud lubjakiviplaadid ja lõhed.",The Burren,https://en.wikipedia.org/wiki/The_Burren,CC-BY-SA-4.0,2026-08-28,reviewed,true
built-in-geography-playable-corpus-225,built-in-geography,Geography Pack,built-in-geography-set-084,board,round-one,5,hard,human-geography,Karst Around the World,Karst maailma eri paigus,The Reka River vanishes into a vast underground canyon at which Slovenian cave system?,Millises Sloveenia koopasüsteemis kaob Reka jõgi tohutusse maa-alusesse kanjonisse?,Škocjan Caves,Škocjani koopad,Skocjan Caves;Škocjanske jame,Škocjanske jame;Skocjani koopad,The Škocjan Caves contain an exceptional underground canyon carved by the Reka River.,Škocjani koobastes asub Reka jõe uuristatud erakordne maa-alune kanjon.,Škocjan Caves,https://en.wikipedia.org/wiki/Škocjan_Caves,CC-BY-SA-4.0,2026-08-28,reviewed,true
built-in-geography-playable-corpus-226,built-in-geography,Geography Pack,built-in-geography-set-089,board,round-one,1,hard,human-geography,Earth Pulling Apart,Maa rebenemisvööndid,"Which long, exceptionally deep lake occupies the western branch of the East African Rift?",Milline pikk ja erakordselt sügav järv täidab Ida-Aafrika rifti lääneharu?,Lake Tanganyika,Tanganjika järv,Tanganyika,Tanganjika,Lake Tanganyika fills a deep tectonic trough within the western East African Rift.,Tanganjika järv täidab Ida-Aafrika rifti lääneharu sügavat tektoonilist nõgu.,Lake Tanganyika,https://en.wikipedia.org/wiki/Lake_Tanganyika,CC-BY-SA-4.0,2026-08-28,reviewed,true
built-in-geography-playable-corpus-227,built-in-geography,Geography Pack,built-in-geography-set-089,board,round-one,2,hard,human-geography,Earth Pulling Apart,Maa rebenemisvööndid,At which Icelandic national park can visitors walk through a rift valley between the North American and Eurasian plates?,Millises Islandi rahvuspargis saab kõndida Põhja-Ameerika ja Euraasia laama vahelises riftiorus?,Þingvellir,Þingvellir,Thingvellir,Thingvellir,"Þingvellir lies on the Mid-Atlantic rift, where fissures record spreading between two tectonic plates.","Þingvellir paikneb Kesk-Atlandi riftis, kus lõhed näitavad kahe laama eemaldumist.",Þingvellir,https://en.wikipedia.org/wiki/Þingvellir,CC-BY-SA-4.0,2026-08-28,reviewed,true
built-in-geography-playable-corpus-228,built-in-geography,Geography Pack,built-in-geography-set-089,board,round-one,3,hard,human-geography,Earth Pulling Apart,Maa rebenemisvööndid,"Which low desert depression in Ethiopia, Eritrea, and Djibouti lies where three rift arms meet?","Milline Etioopia, Eritrea ja Djibouti madal kõrbenõgu paikneb kolme rifti haru kohtumisel?",Afar Triangle,Afari kolmnurk,Afar Depression;Danakil Depression,Afari nõgu;Danakili nõgu,"The Afar Triangle is a tectonically active triple junction where the Red Sea, Gulf of Aden, and East African rifts meet.","Afari kolmnurk on tektooniliselt aktiivne kolmikühendus, kus kohtuvad Punase mere, Adeni lahe ja Ida-Aafrika rift.",Afar Triangle,https://en.wikipedia.org/wiki/Afar_Triangle,CC-BY-SA-4.0,2026-08-28,reviewed,true
built-in-geography-playable-corpus-229,built-in-geography,Geography Pack,built-in-geography-set-089,board,round-one,4,hard,human-geography,Earth Pulling Apart,Maa rebenemisvööndid,Which active continental rift opened the deep basin occupied by Siberia's crescent-shaped lake?,Milline aktiivne mandririft avas Siberi sirbikujulist järve täitva sügava nõo?,Baikal Rift Zone,Baikali rifivöönd,Baikal Rift;Baikal rift system,Baikali rift;Baikali rifisüsteem,The Baikal Rift Zone is pulling continental crust apart beneath and around Lake Baikal.,Baikali rifivöönd venitab mandrilist maakoort Baikali järve all ja ümbruses.,Baikal Rift Zone,https://en.wikipedia.org/wiki/Baikal_Rift_Zone,CC-BY-SA-4.0,2026-08-28,reviewed,true
built-in-geography-playable-corpus-230,built-in-geography,Geography Pack,built-in-geography-set-089,board,round-one,5,hard,human-geography,Earth Pulling Apart,Maa rebenemisvööndid,Which major fault system forms the Jordan Valley and links the Red Sea rift with the Taurus region?,Milline suur murrangusüsteem kujundab Jordani orgu ning ühendab Punase mere rifti Tauruse piirkonnaga?,Dead Sea Transform,Surnumere transformmurrang,Dead Sea Rift;Levant Fault,Surnumere rift;Levandi murrang,The Dead Sea Transform is a left-lateral plate boundary running through the Jordan Valley.,Surnumere transformmurrang on Jordani orgu läbiv vasaknihkega laamapiir.,Dead Sea Transform,https://en.wikipedia.org/wiki/Dead_Sea_Transform,CC-BY-SA-4.0,2026-08-28,reviewed,true
built-in-geography-playable-corpus-231,built-in-geography,Geography Pack,built-in-geography-set-091,board,round-one,1,hard,landmarks,Deserts with a Signature,Eksimatu ilmega kõrbed,"The immense concentric Richat Structure, visible from orbit in Mauritania, lies within which desert?","Millises kõrbes asub Mauritaanias hiiglaslik kontsentriline Richati struktuur, mis paistab ka orbiidilt?",Sahara,Sahara,Sahara Desert,Sahara kõrb,The Richat Structure is a vast eroded geological dome in the Sahara of west-central Mauritania.,Richati struktuur on Lääne-Mauritaania Sahara-osas paiknev tohutu kulutatud geoloogiline kuppel.,Richat Structure,https://en.wikipedia.org/wiki/Richat_Structure,CC-BY-SA-4.0,2026-08-28,reviewed,true
built-in-geography-playable-corpus-232,built-in-geography,Geography Pack,built-in-geography-set-091,board,round-one,2,hard,landmarks,Deserts with a Signature,Eksimatu ilmega kõrbed,Badwater Basin and salt flats lie below sea level in which California desert valley?,Millises California kõrbeorus paiknevad merepinnast madalamal Badwater Basin ja soolatasandikud?,Death Valley,Surmaorg,Death Valley National Park,Surmaoru rahvuspark,Death Valley is a deep desert basin in eastern California containing the low salt flat at Badwater.,"Surmaorg on Ida-California sügav kõrbenõgu, kus asub Badwateri madal soolatasandik.",Death Valley,https://en.wikipedia.org/wiki/Death_Valley,CC-BY-SA-4.0,2026-08-28,reviewed,true
built-in-geography-playable-corpus-233,built-in-geography,Geography Pack,built-in-geography-set-091,board,round-one,3,hard,landmarks,Deserts with a Signature,Eksimatu ilmega kõrbed,Which Navajo landscape on the Arizona–Utah line is instantly recognisable from its isolated red sandstone buttes?,Millise Arizona ja Utah' piiril asuva navahode maastiku tunneb kohe ära eraldiseisvate punaste liivakivijäänukmägede järgi?,Monument Valley,Monument Valley,Tsé Biiʼ Ndzisgaii,Monumentide org;Tsé Biiʼ Ndzisgaii,Monument Valley is a Navajo landscape of towering sandstone buttes on the Arizona–Utah border.,Monument Valley on Arizona ja Utah' piiril asuv kõrgete liivakivijäänukmägedega navahode maastik.,Monument Valley,https://en.wikipedia.org/wiki/Monument_Valley,CC-BY-SA-4.0,2026-08-28,reviewed,true
built-in-geography-playable-corpus-234,built-in-geography,Geography Pack,built-in-geography-set-091,board,round-one,4,hard,landmarks,Deserts with a Signature,Eksimatu ilmega kõrbed,Red sandstone arches and the Seven Pillars of Wisdom rise in which Jordanian desert valley?,Millises Jordaania kõrbeorus kõrguvad punased liivakivikaared ja Seitse Tarkuse Sammast?,Wadi Rum,Wadi Rum,Valley of the Moon,Kuuorg,"Wadi Rum is a protected desert landscape of sandstone mountains, canyons, and natural arches in southern Jordan.","Wadi Rum on Lõuna-Jordaania kaitstav kõrbemaastik liivakivimägede, kanjonite ja looduslike kaartega.",Wadi Rum,https://en.wikipedia.org/wiki/Wadi_Rum,CC-BY-SA-4.0,2026-08-28,reviewed,true
built-in-geography-playable-corpus-235,built-in-geography,Geography Pack,built-in-geography-set-091,board,round-one,5,hard,landmarks,Deserts with a Signature,Eksimatu ilmega kõrbed,Wind-carved chalk towers and mushroom rocks give which Egyptian protected desert its colour-name?,Millisele Egiptuse kaitstavale kõrbele annavad nime tuule uuristatud kriiditornid ja seenekujulised kaljud?,White Desert,Valge kõrb,Sahara el Beyda;White Desert National Park,Sahara el Beyda;Valge kõrbe rahvuspark,Egypt’s White Desert is known for pale chalk formations sculpted into unusual shapes.,Egiptuse Valget kõrbe tuntakse veidratesse vormidesse kulutatud heledate kriidimoodustiste poolest.,White Desert National Park,https://en.wikipedia.org/wiki/White_Desert_National_Park,CC-BY-SA-4.0,2026-08-28,reviewed,true
built-in-geography-playable-corpus-236,built-in-geography,Geography Pack,built-in-geography-set-093,board,round-one,1,hard,landmarks,Where the Great Ice Lies,Suurte jääväljade asukohad,The Ross Ice Shelf fills a huge embayment of which frozen continent?,Millise jäätunud mandri suurt lahte täidab Rossi šelfiliustik?,Antarctica,Antarktika,Antarctic continent,Antarktise manner,The Ross Ice Shelf is the largest ice shelf of Antarctica and occupies the southern Ross Sea.,Rossi šelfiliustik on Antarktika suurim šelfiliustik ning paikneb Rossi mere lõunaosas.,Ross Ice Shelf,https://en.wikipedia.org/wiki/Ross_Ice_Shelf,CC-BY-SA-4.0,2026-08-28,reviewed,true
built-in-geography-playable-corpus-237,built-in-geography,Geography Pack,built-in-geography-set-093,board,round-one,2,hard,landmarks,Where the Great Ice Lies,Suurte jääväljade asukohad,"The Aletsch, the largest glacier in its mountain system, flows below Jungfrau in which European range?",Millises Euroopa mäestikus voolab Jungfrau all selle mäestiku suurim liustik Aletsch?,Alps,Alpid,Alpine range,Alpi mäestik,The Aletsch Glacier lies in the Swiss Alps below the Jungfrau–Aletsch region.,Aletschi liustik asub Šveitsi Alpides Jungfrau–Aletschi piirkonnas.,Aletsch Glacier,https://en.wikipedia.org/wiki/Aletsch_Glacier,CC-BY-SA-4.0,2026-08-28,reviewed,true
built-in-geography-playable-corpus-238,built-in-geography,Geography Pack,built-in-geography-set-093,board,round-one,3,hard,landmarks,Where the Great Ice Lies,Suurte jääväljade asukohad,Below the summit of which African mountain does Furtwängler Glacier cling?,Millise Aafrika mäe tipu all püsib Furtwängleri liustik?,Mount Kilimanjaro,Kilimanjaro,Kilimanjaro;Mount Kibo,Kilimanjaro mägi;Kibo,Furtwängler Glacier is a remnant ice body near the summit of Kilimanjaro in Tanzania.,Furtwängleri liustik on Tansaanias Kilimanjaro tipu lähedal säilinud jääkeha.,Furtwängler Glacier,https://en.wikipedia.org/wiki/Furtwängler_Glacier,CC-BY-SA-4.0,2026-08-28,reviewed,true
built-in-geography-playable-corpus-239,built-in-geography,Geography Pack,built-in-geography-set-093,board,round-one,4,hard,landmarks,Where the Great Ice Lies,Suurte jääväljade asukohad,Perito Moreno advances into Lago Argentino in which southern South American region?,Millises Lõuna-Ameerika lõunapiirkonnas liigub Perito Moreno liustik Lago Argentino järve?,Patagonia,Patagoonia,Patagonian region,Patagoonia piirkond,Perito Moreno Glacier descends from the Southern Patagonian Ice Field into Lago Argentino.,Perito Moreno liustik laskub Lõuna-Patagoonia jääväljalt Lago Argentino järve.,Perito Moreno Glacier,https://en.wikipedia.org/wiki/Perito_Moreno_Glacier,CC-BY-SA-4.0,2026-08-28,reviewed,true
built-in-geography-playable-corpus-240,built-in-geography,Geography Pack,built-in-geography-set-093,board,round-one,5,hard,landmarks,Where the Great Ice Lies,Suurte jääväljade asukohad,The Baltoro Glacier flows below K2 in which high Asian mountain range?,Millises kõrges Aasia mäestikus voolab Baltoro liustik K2 all?,Karakoram,Karakoram,Karakoram Range,Karakorami mäestik,"The Karakoram contains K2 and some of the world’s largest glaciers outside the polar regions, including the Baltoro.","Karakoramis asuvad K2 ja mitmed polaaraladest väljapoole jäävad maailma suurimad liustikud, sealhulgas Baltoro.",Karakoram,https://en.wikipedia.org/wiki/Karakoram,CC-BY-SA-4.0,2026-08-28,reviewed,true
built-in-geography-playable-corpus-241,built-in-geography,Geography Pack,built-in-geography-set-097,board,round-one,1,hard,landmarks,Maps in Everyday Life,Kaardid igapäevaelus,Which map feature lets users follow roads through stitched panoramic photographs?,Milline kaardirakenduse funktsioon laseb liikuda mööda teid ühendatud panoraamfotode kaudu?,Google Street View,Google Street View,Street View,Street View;Google'i tänavavaade,Google Street View provides interactive panoramas photographed along streets and roads.,Google Street View pakub tänavatel ja teedel pildistatud interaktiivseid panoraame.,Google Street View,https://en.wikipedia.org/wiki/Google_Street_View,CC-BY-SA-4.0,2026-08-28,reviewed,true
built-in-geography-playable-corpus-242,built-in-geography,Geography Pack,built-in-geography-set-097,board,round-one,2,hard,landmarks,Maps in Everyday Life,Kaardid igapäevaelus,Which global map can volunteers edit directly and reuse under an open data licence?,Millist üleilmset kaarti saavad vabatahtlikud ise täiendada ning avatud andmelitsentsi alusel taaskasutada?,OpenStreetMap,OpenStreetMap,OSM,OSM,OpenStreetMap is a collaborative geographic database and editable world map created by contributors.,OpenStreetMap on kaastööliste loodud koostööpõhine geograafiline andmebaas ja muudetav maailmakaart.,OpenStreetMap,https://en.wikipedia.org/wiki/OpenStreetMap,CC-BY-SA-4.0,2026-08-28,reviewed,true
built-in-geography-playable-corpus-243,built-in-geography,Geography Pack,built-in-geography-set-097,board,round-one,3,hard,landmarks,Maps in Everyday Life,Kaardid igapäevaelus,Which French tyre company became almost as famous among motorists for road maps and a red restaurant guide?,Milline Prantsuse rehvitootja sai autojuhtide seas peaaegu sama kuulsaks teedekaartide ja punase restoranijuhiga?,Michelin,Michelin,Michelin maps;Michelin Guide,Michelini kaardid;Michelini teejuht,Michelin developed road maps and travel guides to encourage motorists to travel farther.,"Michelin hakkas koostama teedekaarte ja reisijuhte, et innustada autojuhte rohkem sõitma.",Michelin Guide,https://en.wikipedia.org/wiki/Michelin_Guide,CC-BY-SA-4.0,2026-08-28,reviewed,true
built-in-geography-playable-corpus-244,built-in-geography,Geography Pack,built-in-geography-set-097,board,round-one,4,hard,landmarks,Maps in Everyday Life,Kaardid igapäevaelus,Harry Beck replaced geographic accuracy with a circuit-like diagram for which famous transit map?,"Millise kuulsa ühistranspordikaardi muutis Harry Beck skeemiks, kus geograafiline täpsus taandus elektriskeemi laadse selguse ees?",London Underground map,Londoni metrookaart,Tube map;London Tube map,Tube'i kaart;Londoni Tube'i kaart,The London Underground map uses a schematic design introduced by Harry Beck to clarify routes and interchanges.,"Londoni metrookaart kasutab Harry Becki loodud skeemlahendust, mis teeb liinid ja ümberistumised selgeks.",Tube map,https://en.wikipedia.org/wiki/Tube_map,CC-BY-SA-4.0,2026-08-28,reviewed,true
built-in-geography-playable-corpus-245,built-in-geography,Geography Pack,built-in-geography-set-097,board,round-one,5,hard,landmarks,Maps in Everyday Life,Kaardid igapäevaelus,Explorer and Landranger are series from which national mapping agency of Great Britain?,Millise Suurbritannia riikliku kaardistusasutuse sarjad on Explorer ja Landranger?,Ordnance Survey,Ordnance Survey,OS maps;OS,OS-i kaardid;OS,"Ordnance Survey produces detailed national mapping of Great Britain, including Explorer and Landranger sheets.","Ordnance Survey koostab Suurbritannia üksikasjalikke riiklikke kaarte, sealhulgas Exploreri ja Landrangeri lehti.",Ordnance Survey,https://en.wikipedia.org/wiki/Ordnance_Survey,CC-BY-SA-4.0,2026-08-28,reviewed,true
built-in-geography-playable-corpus-246,built-in-geography,Geography Pack,built-in-geography-set-099,board,round-one,1,hard,landmarks,Countries by Their Own Names,Riigid oma nime järgi,Magyarország is the endonym of which Central European country?,Millise Kesk-Euroopa riigi omakeelne nimi on Magyarország?,Hungary,Ungari,Republic of Hungary,Ungari riik,"Magyarország combines the ethnonym Magyar with ország, the Hungarian word for country.","Magyarország ühendab rahvanimetuse magyar sõnaga ország, mis tähendab ungari keeles riiki.",Name of Hungary,https://en.wikipedia.org/wiki/Name_of_Hungary,CC-BY-SA-4.0,2026-08-28,reviewed,true
built-in-geography-playable-corpus-247,built-in-geography,Geography Pack,built-in-geography-set-099,board,round-one,2,hard,landmarks,Countries by Their Own Names,Riigid oma nime järgi,Which Caucasus country calls itself Sakartvelo?,Milline Kaukaasia riik nimetab end Sakartveloks?,Georgia,Gruusia,Republic of Georgia,Gruusia Vabariik,Sakartvelo uses the Kartvel- root also found in Georgian names for the nation and its people.,"Sakartvelo sisaldab tüve Kartvel-, mida kasutatakse gruusia keeles ka rahva ja maa nimetustes.",Names of Georgia,https://en.wikipedia.org/wiki/Names_of_Georgia,CC-BY-SA-4.0,2026-08-28,reviewed,true
built-in-geography-playable-corpus-248,built-in-geography,Geography Pack,built-in-geography-set-099,board,round-one,3,hard,landmarks,Countries by Their Own Names,Riigid oma nime järgi,Which country calls itself Hayastan?,Milline riik nimetab end Hayastaniks?,Armenia,Armeenia,Republic of Armenia,Armeenia Vabariik,"Hayastan is the Armenian endonym, formed from the traditional ancestor-name Hayk and a place-name suffix.","Hayastan on armeeniakeelne endonüüm, mis koosneb pärimusliku esiisa Hayki nimest ja kohanime järelliitest.",Name of Armenia,https://en.wikipedia.org/wiki/Name_of_Armenia,CC-BY-SA-4.0,2026-08-28,reviewed,true
built-in-geography-playable-corpus-249,built-in-geography,Geography Pack,built-in-geography-set-099,board,round-one,4,hard,landmarks,Countries by Their Own Names,Riigid oma nime järgi,"Which country calls itself Crna Gora, literally “Black Mountain”?",Milline riik nimetab end Crna Goraks ehk „Mustaks mäeks“?,Montenegro,Montenegro,Republic of Montenegro,Montenegro Vabariik,The South Slavic name Crna Gora refers to the dark mountain landscape around Mount Lovćen.,Lõunaslaavi nimi Crna Gora viitab Lovćeni mäe ümbruse tumedale mägimaastikule.,Montenegro,https://en.wikipedia.org/wiki/Montenegro,CC-BY-SA-4.0,2026-08-28,reviewed,true
built-in-geography-playable-corpus-250,built-in-geography,Geography Pack,built-in-geography-set-099,board,round-one,5,hard,landmarks,Countries by Their Own Names,Riigid oma nime järgi,Shqipëria is the native name of which Balkan country?,Millise Balkani riigi omakeelne nimi on Shqipëria?,Albania,Albaania,Republic of Albania,Albaania Vabariik,Shqipëria became the modern Albanian name alongside older forms derived from Arbëria.,Shqipëria kujunes tänapäevaseks albaaniakeelseks nimeks vanemate Arbëria-tüveliste vormide kõrval.,Names of the Albanians and Albania,https://en.wikipedia.org/wiki/Names_of_the_Albanians_and_Albania,CC-BY-SA-4.0,2026-08-28,reviewed,true
built-in-geography-playable-corpus-251,built-in-geography,Geography Pack,built-in-geography-set-009,board,round-two,1,hard,countries-capitals,Languages in Europe’s Corners,Euroopa nurgatagused keeled,Cymraeg is the native name of which Celtic language seen beside English on road signs west of England?,Millise Inglismaast läänes liiklusmärkidel inglise keele kõrval nähtava keldi keele omakeelne nimi on Cymraeg?,Welsh,kõmri keel,Welsh language,kõmri;walesi keel,Welsh is a Brittonic Celtic language with official status in Wales and a strong public presence.,"Kõmri keel on briti keldi keel, millel on Walesis ametlik staatus ja tugev avalik kasutus.",Welsh language,https://en.wikipedia.org/wiki/Welsh_language,CC-BY-SA-4.0,2026-08-28,reviewed,true
built-in-geography-playable-corpus-252,built-in-geography,Geography Pack,built-in-geography-set-009,board,round-two,2,hard,countries-capitals,Languages in Europe’s Corners,Euroopa nurgatagused keeled,Which Semitic national language of a European Union island country is written in the Latin alphabet?,Milline Euroopa Liidu saareriigi semiidi rahvuskeel kasutab ladina kirja?,Maltese,malta keel,Malti;Maltese language,Malti;malta,Maltese developed from Siculo-Arabic and is the only Semitic official language of the European Union.,Malta keel arenes Sitsiilia araabia keelest ning on Euroopa Liidu ainus semiidi ametlik keel.,Maltese language,https://en.wikipedia.org/wiki/Maltese_language,CC-BY-SA-4.0,2026-08-28,reviewed,true
built-in-geography-playable-corpus-253,built-in-geography,Geography Pack,built-in-geography-set-009,board,round-two,3,hard,countries-capitals,Languages in Europe’s Corners,Euroopa nurgatagused keeled,Which insular North Germanic language is closest to Icelandic and is spoken on an autonomous Danish archipelago?,Millist islandi keele lähedast saarepõhja-germaani keelt räägitakse Taani autonoomses saarestikus?,Faroese,fääri keel,Føroyskt,føroyskt;fääri,Faroese developed in the Faroe Islands and belongs to the insular North Germanic group.,Fääri keel kujunes Fääri saartel ja kuulub saarepõhja-germaani keelte hulka.,Faroese language,https://en.wikipedia.org/wiki/Faroese_language,CC-BY-SA-4.0,2026-08-28,reviewed,true
built-in-geography-playable-corpus-254,built-in-geography,Geography Pack,built-in-geography-set-009,board,round-two,4,hard,countries-capitals,Languages in Europe’s Corners,Euroopa nurgatagused keeled,Which Romance language is a national language of Switzerland and is centred in Graubünden?,Milline romaani keel on Šveitsi rahvuskeel ja koondub Graubündeni kantonisse?,Romansh,romanši keel,Rumantsch;Rhaeto-Romance,rumantsch;retoromaani keel,Romansh is a Rhaeto-Romance language spoken chiefly in the Swiss canton of Graubünden.,"Romanši keel on retoromaani keel, mida kõneldakse peamiselt Šveitsi Graubündeni kantonis.",Romansh language,https://en.wikipedia.org/wiki/Romansh_language,CC-BY-SA-4.0,2026-08-28,reviewed,true
built-in-geography-playable-corpus-255,built-in-geography,Geography Pack,built-in-geography-set-009,board,round-two,5,hard,countries-capitals,Languages in Europe’s Corners,Euroopa nurgatagused keeled,Which Germanic language group is spoken in pockets along the Wadden Sea coast and on its islands?,Millist germaani keelerühma kõneldakse hajusalt Waddenzee rannikul ja saartel?,Frisian languages,friisi keeled,Frisian,friisi keel,The Frisian languages survive along parts of the Dutch and German North Sea coast and nearby islands.,Friisi keeled on säilinud Madalmaade ja Saksamaa Põhjamere ranniku osades ning lähisaartel.,Frisian languages,https://en.wikipedia.org/wiki/Frisian_languages,CC-BY-SA-4.0,2026-08-28,reviewed,true
built-in-geography-playable-corpus-256,built-in-geography,Geography Pack,built-in-geography-set-019,board,round-two,1,hard,cities,Farming Regions You Can Picture,Põllumajanduslikud maastikud,"Polders, glasshouse horticulture, and intensely managed dairy pasture mark which low European country?","Millist madalat Euroopa riiki iseloomustavad poldrid, kasvuhooneaiandus ja intensiivselt majandatud piimakarjamaad?",Netherlands,Madalmaad,the Netherlands;Holland,Holland;Madalmaade Kuningriik,"Dutch agriculture combines reclaimed lowlands, advanced greenhouse production, and intensive livestock farming.","Madalmaade põllumajandus ühendab kuivendatud madalikud, arenenud kasvuhoonetootmise ja intensiivse loomakasvatuse.",Agriculture in the Netherlands,https://en.wikipedia.org/wiki/Agriculture_in_the_Netherlands,CC-BY-SA-4.0,2026-08-28,reviewed,true
built-in-geography-playable-corpus-257,built-in-geography,Geography Pack,built-in-geography-set-019,board,round-two,2,hard,cities,Farming Regions You Can Picture,Põllumajanduslikud maastikud,"Olive groves, vineyards, and cypress-lined farm roads shape the postcard countryside of which Italian region?","Millise Itaalia piirkonna postkaardimaastikku kujundavad oliivisalud, viinaaiad ja küpressidega ääristatud taluteed?",Tuscany,Toscana,Tuscan region,Toscana piirkond,"Tuscany’s rolling agricultural landscape is strongly associated with vineyards, olive groves, and cypress roads.","Toscana lainjas põllumajandusmaastik seostub viinaaedade, oliivisalude ja küpressialleedega.",Tuscany,https://en.wikipedia.org/wiki/Tuscany,CC-BY-SA-4.0,2026-08-28,reviewed,true
built-in-geography-playable-corpus-258,built-in-geography,Geography Pack,built-in-geography-set-019,board,round-two,3,hard,cities,Farming Regions You Can Picture,Põllumajanduslikud maastikud,Cattle ranches and wheat fields spread across which fertile grassland surrounding Buenos Aires?,Millisel Buenos Airest ümbritseval viljakal rohumaal laiuvad veisekasvatused ja nisupõllud?,Pampas,pampa,Pampa;Argentine Pampas,Pampa;Argentina pampa,The Pampas are fertile South American plains central to Argentina’s cattle and grain farming.,"Pampa on viljakas Lõuna-Ameerika tasandik, mis on Argentina veise- ja teraviljakasvatuse kese.",Pampas,https://en.wikipedia.org/wiki/Pampas,CC-BY-SA-4.0,2026-08-28,reviewed,true
built-in-geography-playable-corpus-259,built-in-geography,Geography Pack,built-in-geography-set-019,board,round-two,4,hard,cities,Farming Regions You Can Picture,Põllumajanduslikud maastikud,Millet fields and pastoral herding share which semi-arid belt between the Sahara and wetter savannas?,Millises Sahara ja niiskemate savannide vahelises poolkuivas vööndis kohtuvad hirsipõllud ning karjakasvatus?,Sahel,Sahel,Sahelian belt,Saheli vöönd,The Sahel is a semi-arid transition zone where rain-fed farming and mobile pastoralism coexist.,"Sahel on poolkuiv üleminekuvöönd, kus kõrvuti toimivad sademetest sõltuv põllundus ja liikuv karjakasvatus.",Sahel,https://en.wikipedia.org/wiki/Sahel,CC-BY-SA-4.0,2026-08-28,reviewed,true
built-in-geography-playable-corpus-260,built-in-geography,Geography Pack,built-in-geography-set-019,board,round-two,5,hard,cities,Farming Regions You Can Picture,Põllumajanduslikud maastikud,Stone and mud walls carry irrigated paddies up the mountains around which Ifugao town?,Millise Ifugao linna ümbruse mäenõlvadel kannavad kivi- ja mullimüürid niisutatud riisiterrasse?,Banaue,Banaue,Banaue Rice Terraces,Banaue riisiterrassid,The Banaue area is celebrated for rice terraces built and maintained by Ifugao communities.,Banaue piirkond on tuntud Ifugao kogukondade rajatud ja hooldatud riisiterrasside poolest.,Banaue Rice Terraces,https://en.wikipedia.org/wiki/Banaue_Rice_Terraces,CC-BY-SA-4.0,2026-08-28,reviewed,true
built-in-geography-playable-corpus-261,built-in-geography,Geography Pack,built-in-geography-set-021,board,round-two,1,hard,rivers-lakes,Vineyards Shaped by Terrain,Maastiku kujundatud viinaaiad,Volcanic foothills and noble rot produce celebrated sweet wine around which northeastern Hungarian town?,Millise Kirde-Ungari linna ümbruses annavad vulkaanilised jalamid ja väärishallitus kuulsat magusat veini?,Tokaj,Tokaj,Tokaj-Hegyalja,Tokaj-Hegyalja,Tokaj-Hegyalja is a historic volcanic wine region known especially for botrytised sweet wines.,"Tokaj-Hegyalja on ajalooline vulkaaniline veinipiirkond, mida tuntakse eriti väärishallitusega magusate veinide poolest.",Tokaj wine region,https://en.wikipedia.org/wiki/Tokaj_wine_region,CC-BY-SA-4.0,2026-08-28,reviewed,true
built-in-geography-playable-corpus-262,built-in-geography,Geography Pack,built-in-geography-set-021,board,round-two,2,hard,rivers-lakes,Vineyards Shaped by Terrain,Maastiku kujundatud viinaaiad,Steep slate vineyards and Riesling line which German river between Trier and Koblenz?,Millise Trieri ja Koblenzi vahelise Saksamaa jõe ääres paiknevad järsud kiltkivised Rieslingi viinaaiad?,Mosel,Mosel,Moselle,Moseli jõgi,The Mosel wine region follows steep slate slopes along the Mosel River and is strongly associated with Riesling.,Moseli veinipiirkond järgib Moseli jõe järske kiltkivinõlvu ning seostub tugevalt Rieslingiga.,Mosel (wine region),https://en.wikipedia.org/wiki/Mosel_(wine_region),CC-BY-SA-4.0,2026-08-28,reviewed,true
built-in-geography-playable-corpus-263,built-in-geography,Geography Pack,built-in-geography-set-021,board,round-two,3,hard,rivers-lakes,Vineyards Shaped by Terrain,Maastiku kujundatud viinaaiad,Terraced schist slopes along which Portuguese river region supply grapes for port wine?,Millise Portugali jõepiirkonna terrassilised kiltkivinõlvad annavad viinamarju portveinile?,Douro,Douro,Alto Douro;Douro Valley,Alto Douro;Douro org,The Douro Valley's steep terraced vineyards are the historic source region for port wine.,Douro oru järsud terrassviinaaiad on portveini ajalooline päritolupiirkond.,Douro wine region,https://en.wikipedia.org/wiki/Douro_wine_region,CC-BY-SA-4.0,2026-08-28,reviewed,true
built-in-geography-playable-corpus-264,built-in-geography,Geography Pack,built-in-geography-set-021,board,round-two,4,hard,rivers-lakes,Vineyards Shaped by Terrain,Maastiku kujundatud viinaaiad,"High, dry vineyards irrigated by Andean snowmelt surround which Argentine city famous for Malbec?",Millist Malbeci poolest kuulsat Argentina linna ümbritsevad kõrged kuivad ja Andide sulaveega niisutatud viinaaiad?,Mendoza,Mendoza,Mendoza wine region,Mendoza veinipiirkond,Mendoza's vineyards occupy arid Andean foothills irrigated by mountain water.,Mendoza viinaaiad paiknevad Andide kuival jalamil ning neid niisutatakse mägedest tuleva veega.,Mendoza wine,https://en.wikipedia.org/wiki/Mendoza_wine,CC-BY-SA-4.0,2026-08-28,reviewed,true
built-in-geography-playable-corpus-265,built-in-geography,Geography Pack,built-in-geography-set-021,board,round-two,5,hard,rivers-lakes,Vineyards Shaped by Terrain,Maastiku kujundatud viinaaiad,Which eastern Georgian region is the heartland of qvevri wine and the Alazani Valley?,Milline Ida-Gruusia piirkond on qvevri-veini ja Alazani oru süda?,Kakheti,Kahhethi,Kakhetia,Kahheetia;Kakheti,"Kakheti is Georgia's principal wine region, centred on the Alazani Valley and traditional qvevri methods.","Kahhethi on Gruusia peamine veinipiirkond, mille keskmes on Alazani org ja traditsiooniline qvevri-meetod.",Kakheti,https://en.wikipedia.org/wiki/Kakheti,CC-BY-SA-4.0,2026-08-28,reviewed,true
built-in-geography-playable-corpus-266,built-in-geography,Geography Pack,built-in-geography-set-026,board,round-two,1,hard,human-geography,Minerals That Built Regions,"Maavarad, mis ehitasid piirkondi",Which coal and industrial basin takes its name from the Donets River and extends across eastern Ukraine?,Milline Donetsi jõe järgi nimetatud söe- ja tööstusbassein ulatub üle Ida-Ukraina?,Donbas,Donbass,Donets Basin;Donbass,Donetsi bassein;Donbas,"The Donbas is the Donets coal basin, a major mining and industrial region of eastern Ukraine.","Donbass on Donetsi söebassein, suur Ida-Ukraina kaevandus- ja tööstuspiirkond.",Donbas,https://en.wikipedia.org/wiki/Donbas,CC-BY-SA-4.0,2026-08-28,reviewed,true
built-in-geography-playable-corpus-267,built-in-geography,Geography Pack,built-in-geography-set-026,board,round-two,2,hard,human-geography,Minerals That Built Regions,"Maavarad, mis ehitasid piirkondi",Which Arctic Swedish mining town began relocating its centre after iron-ore extraction destabilised the ground?,"Milline Rootsi Arktika kaevanduslinn alustas keskuse teisaldamist pärast seda, kui rauamaagi kaevandamine muutis maapinna ebastabiilseks?",Kiruna,Kiruna,Kiruna mine,Kiruna kaevandus,Expansion of the underground mine forced buildings and infrastructure in Kiruna to be moved eastward.,Allmaakaevanduse laienemine sundis Kiruna hooneid ja taristut ida poole ümber paigutama.,Kiruna mine,https://en.wikipedia.org/wiki/Kiruna_mine,CC-BY-SA-4.0,2026-08-28,reviewed,true
built-in-geography-playable-corpus-268,built-in-geography,Geography Pack,built-in-geography-set-026,board,round-two,3,hard,human-geography,Minerals That Built Regions,"Maavarad, mis ehitasid piirkondi",Red earth and enormous open-pit iron mines characterise which sparsely populated region of northwestern Australia?,Millist hõredalt asustatud Loode-Austraalia piirkonda iseloomustavad punane pinnas ja hiiglaslikud rauamaagi karjäärid?,Pilbara,Pilbara,Pilbara region,Pilbara piirkond,The Pilbara contains some of the world's largest iron-ore deposits and mining operations.,Pilbaras asuvad ühed maailma suurimad rauamaagimaardlad ja kaevandused.,Pilbara,https://en.wikipedia.org/wiki/Pilbara,CC-BY-SA-4.0,2026-08-28,reviewed,true
built-in-geography-playable-corpus-269,built-in-geography,Geography Pack,built-in-geography-set-026,board,round-two,4,hard,human-geography,Minerals That Built Regions,"Maavarad, mis ehitasid piirkondi",Johannesburg grew above which South African ridge and goldfield whose name means “ridge of white waters”?,Millise Lõuna-Aafrika seljaku ja kullavälja kohale kasvas Johannesburg ning mille nimi tähendab „valgete vete seljakut“?,Witwatersrand,Witwatersrand,the Rand,Rand,The Witwatersrand basin contains the gold deposits that drove Johannesburg's growth.,"Witwatersrandi nõgu sisaldab kullamaardlaid, mis käivitasid Johannesburgi kasvu.",Witwatersrand,https://en.wikipedia.org/wiki/Witwatersrand,CC-BY-SA-4.0,2026-08-28,reviewed,true
built-in-geography-playable-corpus-270,built-in-geography,Geography Pack,built-in-geography-set-026,board,round-two,5,hard,human-geography,Minerals That Built Regions,"Maavarad, mis ehitasid piirkondi",Which “Rich Mountain” above Potosí became a symbol of Spanish colonial silver mining?,Milline Potosí kohal kõrguv „Rikas mägi“ sai Hispaania koloniaalse hõbedakaevandamise sümboliks?,Cerro Rico,Cerro Rico,Cerro de Potosí,Potosí mägi,Cerro Rico supplied enormous quantities of silver from mines above the city of Potosí.,Cerro Rico kaevandused Potosí linna kohal andsid tohututes kogustes hõbedat.,Cerro Rico,https://en.wikipedia.org/wiki/Cerro_Rico,CC-BY-SA-4.0,2026-08-28,reviewed,true
built-in-geography-playable-corpus-271,built-in-geography,Geography Pack,built-in-geography-set-034,board,round-two,1,hard,physical-geography,Rivers Harnessed for Power,Energiaks rakendatud jõed,Which Art Deco dam in Black Canyon impounds Lake Mead on the Colorado River?,Milline Black Canyoni art déco tamm paisutab Colorado jõel Meadi järve?,Hoover Dam,Hooveri tamm,Boulder Dam,Boulderi tamm,Hoover Dam spans Black Canyon on the Colorado and created Lake Mead.,Hooveri tamm ületab Colorado jõe Black Canyoni ning lõi Meadi järve.,Hoover Dam,https://en.wikipedia.org/wiki/Hoover_Dam,CC-BY-SA-4.0,2026-08-28,reviewed,true
built-in-geography-playable-corpus-272,built-in-geography,Geography Pack,built-in-geography-set-034,board,round-two,2,hard,physical-geography,Rivers Harnessed for Power,Energiaks rakendatud jõed,Which Egyptian dam created Lake Nasser and regulated the Nile's annual floods?,Milline Egiptuse tamm lõi Nasseri järve ja hakkas reguleerima Niiluse aastaseid üleujutusi?,Aswan High Dam,Aswani kõrgtamm,High Dam;Sadd el-Aali,Aswani suur tamm;Kõrgtamm,The Aswan High Dam impounds Lake Nasser and controls the Nile for irrigation and power generation.,Aswani kõrgtamm paisutab Nasseri järve ning reguleerib Niilust niisutuse ja elektritootmise jaoks.,Aswan High Dam,https://en.wikipedia.org/wiki/Aswan_High_Dam,CC-BY-SA-4.0,2026-08-28,reviewed,true
built-in-geography-playable-corpus-273,built-in-geography,Geography Pack,built-in-geography-set-034,board,round-two,3,hard,physical-geography,Rivers Harnessed for Power,Energiaks rakendatud jõed,Which huge hydroelectric dam is shared by Brazil and Paraguay on the Paraná River?,Millist hiiglaslikku Paraná jõe hüdroelektritammi jagavad Brasiilia ja Paraguay?,Itaipu Dam,Itaipu tamm,Itaipu Hydroelectric Plant;Itaipú,Itaipu hüdroelektrijaam;Itaipú,Itaipu spans the Paraná at the Brazil-Paraguay border and operates a major hydroelectric plant.,Itaipu ületab Paraná Brasiilia ja Paraguay piiril ning käitab suurt hüdroelektrijaama.,Itaipu Dam,https://en.wikipedia.org/wiki/Itaipu_Dam,CC-BY-SA-4.0,2026-08-28,reviewed,true
built-in-geography-playable-corpus-274,built-in-geography,Geography Pack,built-in-geography-set-034,board,round-two,4,hard,physical-geography,Rivers Harnessed for Power,Energiaks rakendatud jõed,Which arch dam between Zambia and Zimbabwe holds back one of the world's largest reservoirs?,Milline Sambia ja Zimbabwe vaheline kaarpais hoiab tagasi üht maailma suurimat veehoidlat?,Kariba Dam,Kariba tamm,Kariba,Kariba pais,Kariba Dam spans the Zambezi and created the vast Lake Kariba shared by Zambia and Zimbabwe.,Kariba tamm ületab Sambesi ning lõi Sambia ja Zimbabwe vahel ulatusliku Kariba järve.,Kariba Dam,https://en.wikipedia.org/wiki/Kariba_Dam,CC-BY-SA-4.0,2026-08-28,reviewed,true
built-in-geography-playable-corpus-275,built-in-geography,Geography Pack,built-in-geography-set-034,board,round-two,5,hard,physical-geography,Rivers Harnessed for Power,Energiaks rakendatud jõed,Which massive Washington State dam on the Columbia supplies power and irrigation water to the inland northwest?,Milline Washingtoni osariigi hiiglaslik Columbia jõe tamm varustab loodeosa sisemaad elektri ja niisutusveega?,Grand Coulee Dam,Grand Coulee tamm,Grand Coulee,Grand Coulee pais,Grand Coulee Dam is a major hydroelectric and irrigation project on the Columbia River.,Grand Coulee tamm on Columbia jõel asuv suur hüdroenergia- ja niisutusprojekt.,Grand Coulee Dam,https://en.wikipedia.org/wiki/Grand_Coulee_Dam,CC-BY-SA-4.0,2026-08-28,reviewed,true
built-in-geography-playable-corpus-276,built-in-geography,Geography Pack,built-in-geography-set-036,board,round-two,1,hard,physical-geography,Capitals Shifted Away from the Coast,Rannikult sisemaale viidud pealinnad,Which purpose-built inland city replaced Yangon as Myanmar's capital?,Milline sihipäraselt sisemaale rajatud linn asendas Yangoni Myanmari pealinnana?,Naypyidaw,Naypyidaw,Nay Pyi Taw;Naypyitaw,Nay Pyi Taw;Naypyitaw,Myanmar moved its administrative capital from Yangon to the newly built inland city of Naypyidaw.,Myanmar viis halduspealinna Yangonist uude sisemaale ehitatud Naypyidaw'sse.,Naypyidaw,https://en.wikipedia.org/wiki/Naypyidaw,CC-BY-SA-4.0,2026-08-28,reviewed,true
built-in-geography-playable-corpus-277,built-in-geography,Geography Pack,built-in-geography-set-036,board,round-two,2,hard,physical-geography,Capitals Shifted Away from the Coast,Rannikult sisemaale viidud pealinnad,Which centrally placed Tanzanian city replaced Dar es Salaam as the designated national capital?,Milline keskse asukohaga Tansaania linn asendas Dar es Salaami riigi ametliku pealinnana?,Dodoma,Dodoma,Dodoma City,Dodoma linn,Tanzania designated centrally located Dodoma as its capital in place of coastal Dar es Salaam.,Tansaania määras rannikul asuva Dar es Salaami asemel pealinnaks keskse asukohaga Dodoma.,Dodoma,https://en.wikipedia.org/wiki/Dodoma,CC-BY-SA-4.0,2026-08-28,reviewed,true
built-in-geography-playable-corpus-278,built-in-geography,Geography Pack,built-in-geography-set-036,board,round-two,3,hard,physical-geography,Capitals Shifted Away from the Coast,Rannikult sisemaale viidud pealinnad,Which inland birthplace of Félix Houphouët-Boigny became Côte d'Ivoire's political capital instead of Abidjan?,Milline Félix Houphouët-Boigny sisemaine sünnilinn sai Abidjani asemel Côte d'Ivoire'i poliitiliseks pealinnaks?,Yamoussoukro,Yamoussoukro,District of Yamoussoukro,Yamoussoukro autonoomne ringkond,"Yamoussoukro was made Côte d'Ivoire's official capital, while Abidjan remained the larger economic centre.","Yamoussoukro tehti Côte d'Ivoire'i ametlikuks pealinnaks, samal ajal kui Abidjan jäi suuremaks majanduskeskuseks.",Yamoussoukro,https://en.wikipedia.org/wiki/Yamoussoukro,CC-BY-SA-4.0,2026-08-28,reviewed,true
built-in-geography-playable-corpus-279,built-in-geography,Geography Pack,built-in-geography-set-036,board,round-two,4,hard,physical-geography,Capitals Shifted Away from the Coast,Rannikult sisemaale viidud pealinnad,"Which central Burundian city regained national-capital status, replacing lakeside Bujumbura?","Milline Burundi keskosas asuv linn sai taas riigi pealinnaks, asendades järveäärse Bujumbura?",Gitega,Gitega,Gitega City,Gitega linn,Burundi transferred its political capital from Bujumbura to the more centrally located Gitega.,Burundi viis poliitilise pealinna Bujumburast kesksema asukohaga Gitegasse.,Gitega,https://en.wikipedia.org/wiki/Gitega,CC-BY-SA-4.0,2026-08-28,reviewed,true
built-in-geography-playable-corpus-280,built-in-geography,Geography Pack,built-in-geography-set-036,board,round-two,5,hard,physical-geography,Capitals Shifted Away from the Coast,Rannikult sisemaale viidud pealinnad,Which small inland settlement on Pohnpei became the capital of the Federated States of Micronesia instead of coastal Kolonia?,Milline väike Pohnpei sisemaa asula sai rannikul asuva Kolonia asemel Mikroneesia Liiduriikide pealinnaks?,Palikir,Palikir,Palikir capital,Palikiri pealinn,"Palikir was developed inland on Pohnpei as the federal capital, replacing nearby Kolonia.","Palikir arendati Pohnpei sisemaal föderaalpealinnaks, asendades lähedal asuva Kolonia.",Palikir,https://en.wikipedia.org/wiki/Palikir,CC-BY-SA-4.0,2026-08-28,reviewed,true
built-in-geography-playable-corpus-281,built-in-geography,Geography Pack,built-in-geography-set-043,board,round-two,1,hard,rivers-lakes,Cities at Great Confluences,Linnad suurte jõgede ühinemiskohal,Which capital grew where the Blue Nile and White Nile meet?,Milline pealinn kasvas Sinise ja Valge Niiluse ühinemiskohal?,Khartoum,Hartum,Al-Khartoum,Khartoum;Al-Khartum,Khartoum stands at the confluence where the Blue and White Nile form the main Nile.,"Hartum asub Sinise ja Valge Niiluse ühinemiskohal, kus algab Niiluse peajõgi.",Khartoum,https://en.wikipedia.org/wiki/Khartoum,CC-BY-SA-4.0,2026-08-28,reviewed,true
built-in-geography-playable-corpus-282,built-in-geography,Geography Pack,built-in-geography-set-043,board,round-two,2,hard,rivers-lakes,Cities at Great Confluences,Linnad suurte jõgede ühinemiskohal,Kalemegdan Fortress overlooks the meeting of the Sava and Danube in which capital?,Millises pealinnas vaatab Kalemegdani kindlus Sava ja Doonau ühinemiskohale?,Belgrade,Belgrad,Beograd,Beograd,Belgrade occupies high ground above the confluence of the Sava and Danube.,Belgrad paikneb Sava ja Doonau ühinemiskoha kohal kõrgel kaldal.,Belgrade,https://en.wikipedia.org/wiki/Belgrade,CC-BY-SA-4.0,2026-08-28,reviewed,true
built-in-geography-playable-corpus-283,built-in-geography,Geography Pack,built-in-geography-set-043,board,round-two,3,hard,rivers-lakes,Cities at Great Confluences,Linnad suurte jõgede ühinemiskohal,Which French city centres on the Presqu'île between the Rhône and Saône?,Millise Prantsuse linna keskmes on Rhône'i ja Saône'i vaheline Presqu'île?,Lyon,Lyon,City of Lyon,Lyoni linn,Lyon's central peninsula lies immediately above the confluence of the Rhône and Saône.,Lyoni keskne poolsaar paikneb vahetult Rhône'i ja Saône'i ühinemiskoha kohal.,Lyon,https://en.wikipedia.org/wiki/Lyon,CC-BY-SA-4.0,2026-08-28,reviewed,true
built-in-geography-playable-corpus-284,built-in-geography,Geography Pack,built-in-geography-set-043,board,round-two,4,hard,rivers-lakes,Cities at Great Confluences,Linnad suurte jõgede ühinemiskohal,The Deutsches Eck monument marks the meeting of the Moselle and Rhine in which German city?,Millises Saksamaa linnas tähistab Deutsches Eck Moseli ja Reini ühinemist?,Koblenz,Koblenz,Coblenz,Coblenz,"Koblenz stands at the confluence of the Moselle and Rhine, known as the German Corner.","Koblenz paikneb Moseli ja Reini ühinemiskohal, mida tuntakse Saksa nurgana.",Koblenz,https://en.wikipedia.org/wiki/Koblenz,CC-BY-SA-4.0,2026-08-28,reviewed,true
built-in-geography-playable-corpus-285,built-in-geography,Geography Pack,built-in-geography-set-043,board,round-two,5,hard,rivers-lakes,Cities at Great Confluences,Linnad suurte jõgede ühinemiskohal,Which Bavarian “City of Three Rivers” stands where the Inn and Ilz join the Danube?,Milline Baieri „kolme jõe linn“ asub Inni ja Ilzi suubumisel Doonausse?,Passau,Passau,Dreiflüssestadt,Dreiflüssestadt,"Passau occupies the confluence of the Danube, Inn, and Ilz near the Austrian border.","Passau paikneb Austria piiri lähedal Doonau, Inni ja Ilzi ühinemiskohal.",Passau,https://en.wikipedia.org/wiki/Passau,CC-BY-SA-4.0,2026-08-28,reviewed,true
built-in-geography-playable-corpus-286,built-in-geography,Geography Pack,built-in-geography-set-045,board,round-two,1,hard,rivers-lakes,Archipelagos Far from the Centre,Kauged saarestikud,Longyearbyen and the Global Seed Vault lie in which Norwegian Arctic archipelago?,Millises Norra Arktika saarestikus asuvad Longyearbyen ja ülemaailmne seemnehoidla?,Svalbard,Teravmäed,Spitsbergen archipelago,Svalbard;Teravmägede saarestik,"Most of Svalbard’s population lives on its largest island, and Norway administers the archipelago under a distinctive treaty regime.",Enamik Teravmägede elanikke elab saarestiku suurimal saarel ning Norra haldab saarestikku erilise lepingukorra alusel.,Svalbard,https://en.wikipedia.org/wiki/Svalbard,CC-BY-SA-4.0,2026-08-28,reviewed,true
built-in-geography-playable-corpus-287,built-in-geography,Geography Pack,built-in-geography-set-045,board,round-two,2,hard,rivers-lakes,Archipelagos Far from the Centre,Kauged saarestikud,Tórshavn and steep bird cliffs belong to which self-governing North Atlantic archipelago within the Danish realm?,Millisesse Taani riigi omavalitsuslikku Põhja-Atlandi saarestikku kuuluvad Tórshavn ja järsud linnukaljud?,Faroe Islands,Fääri saared,Føroyar;Faroes,Føroyar;Fäärid,"The Faroe Islands are a self-governing volcanic archipelago between Scotland, Iceland, and Norway.","Fääri saared on omavalitsuslik vulkaaniline saarestik Šotimaa, Islandi ja Norra vahel.",Faroe Islands,https://en.wikipedia.org/wiki/Faroe_Islands,CC-BY-SA-4.0,2026-08-28,reviewed,true
built-in-geography-playable-corpus-288,built-in-geography,Geography Pack,built-in-geography-set-045,board,round-two,3,hard,rivers-lakes,Archipelagos Far from the Centre,Kauged saarestikud,Which Portuguese volcanic archipelago around São Miguel and Pico rises from the Mid-Atlantic Ridge region?,Milline Portugali vulkaaniline saarestik São Migueli ja Pico ümber kerkib Kesk-Atlandi seljandiku piirkonnas?,Azores,Assoorid,Azores archipelago;Açores,Açores;Assoori saared,The Azores are nine volcanic Portuguese islands in the North Atlantic.,Assoorid on üheksast vulkaanilisest Portugali saarest koosnev Põhja-Atlandi saarestik.,Azores,https://en.wikipedia.org/wiki/Azores,CC-BY-SA-4.0,2026-08-28,reviewed,true
built-in-geography-playable-corpus-289,built-in-geography,Geography Pack,built-in-geography-set-045,board,round-two,4,hard,rivers-lakes,Archipelagos Far from the Centre,Kauged saarestikud,Diego Garcia is the largest atoll of which disputed central Indian Ocean archipelago?,Millise vaidlusaluse India ookeani keskosa saarestiku suurim atoll on Diego Garcia?,Chagos Archipelago,Chagose saarestik,Chagos Islands,Chagose saared,"The Chagos Archipelago is a chain of atolls in the central Indian Ocean, including Diego Garcia.","Chagose saarestik on India ookeani keskosa atollide ahel, kuhu kuulub Diego Garcia.",Chagos Archipelago,https://en.wikipedia.org/wiki/Chagos_Archipelago,CC-BY-SA-4.0,2026-08-28,reviewed,true
built-in-geography-playable-corpus-290,built-in-geography,Geography Pack,built-in-geography-set-045,board,round-two,5,hard,rivers-lakes,Archipelagos Far from the Centre,Kauged saarestikud,Port-aux-Français is the only permanent settlement in which remote French subantarctic archipelago?,Millise kauge Prantsuse subantarktilise saarestiku ainus püsiasula on Port-aux-Français?,Kerguelen Islands,Kergueleni saared,Desolation Islands;Kerguelen Archipelago,Kõleduse saared;Kergueleni saarestik,The Kerguelen Islands are an isolated French archipelago in the southern Indian Ocean.,Kergueleni saared on eraldatud Prantsuse saarestik India ookeani lõunaosas.,Kerguelen Islands,https://en.wikipedia.org/wiki/Kerguelen_Islands,CC-BY-SA-4.0,2026-08-28,reviewed,true
built-in-geography-playable-corpus-291,built-in-geography,Geography Pack,built-in-geography-set-052,board,round-two,1,hard,mountains,Where Great Rivers Meet the Sea,Suurte jõgede kohtumine merega,Alexandria lies on the western edge of which fertile triangle where an African river reaches the Mediterranean?,"Millise viljaka kolmnurga lääneserval asub Aleksandria, seal kus Aafrika jõgi jõuab Vahemerre?",Nile Delta,Niiluse delta,Delta of the Nile,Niiluse jõe delta,The Nile fans into distributaries across northern Egypt before entering the Mediterranean.,Niilus hargneb Põhja-Egiptuses enne Vahemerre suubumist mitmeks jõeharuks.,Nile Delta,https://en.wikipedia.org/wiki/Nile_Delta,CC-BY-SA-4.0,2026-08-28,reviewed,true
built-in-geography-playable-corpus-292,built-in-geography,Geography Pack,built-in-geography-set-052,board,round-two,2,hard,mountains,Where Great Rivers Meet the Sea,Suurte jõgede kohtumine merega,A bird-foot pattern of distributaries reaches the Gulf of Mexico below New Orleans in which delta?,Millises deltas hargnevad New Orleansist allavoolu linnujala kujuliselt Mehhiko lahte suubuvad jõeharud?,Mississippi River Delta,Mississippi delta,Mississippi Delta;bird-foot delta,Mississippi jõe delta;linnujaladelta,"Below New Orleans, the Mississippi forms a projecting bird-foot delta through several distributaries.",New Orleansist allavoolu moodustab Mississippi mitme jõeharuga merre ulatuva linnujaladelta.,Mississippi River Delta,https://en.wikipedia.org/wiki/Mississippi_River_Delta,CC-BY-SA-4.0,2026-08-28,reviewed,true
built-in-geography-playable-corpus-293,built-in-geography,Geography Pack,built-in-geography-set-052,board,round-two,3,hard,mountains,Where Great Rivers Meet the Sea,Suurte jõgede kohtumine merega,"The Ganges and Brahmaputra build which immense, mangrove-fringed delta at the head of the Bay of Bengal?",Millise hiiglasliku mangroovidega ääristatud delta moodustavad Ganges ja Brahmaputra Bengali lahe sopis?,Ganges Delta,Gangese delta,Ganges–Brahmaputra Delta;Bengal Delta,Gangese-Brahmaputra delta;Bengali delta,The Ganges and Brahmaputra river systems join before spreading across the Bengal delta into the bay.,Gangese ja Brahmaputra jõesüsteemid ühinevad enne Bengali deltas hargnemist ja lahte suubumist.,Ganges Delta,https://en.wikipedia.org/wiki/Ganges_Delta,CC-BY-SA-4.0,2026-08-28,reviewed,true
built-in-geography-playable-corpus-294,built-in-geography,Geography Pack,built-in-geography-set-052,board,round-two,4,hard,mountains,Where Great Rivers Meet the Sea,Suurte jõgede kohtumine merega,Vietnamese tradition calls the distributaries of which southern delta the “Nine Dragons”?,Millise Lõuna-Vietnami delta jõeharusid nimetatakse vietnami traditsioonis „üheksaks draakoniks“?,Mekong Delta,Mekongi delta,Nine Dragon River Delta,Üheksa Draakoni delta;Mekongi jõe delta,The Mekong divides across southern Vietnam into a broad delta traditionally associated with nine branches.,"Mekong hargneb Lõuna-Vietnamis laiaks deltaks, mida on traditsiooniliselt seostatud üheksa jõeharuga.",Mekong Delta,https://en.wikipedia.org/wiki/Mekong_Delta,CC-BY-SA-4.0,2026-08-28,reviewed,true
built-in-geography-playable-corpus-295,built-in-geography,Geography Pack,built-in-geography-set-052,board,round-two,5,hard,mountains,Where Great Rivers Meet the Sea,Suurte jõgede kohtumine merega,Rotterdam stands within which complex delta shared by three rivers of the Low Countries?,Millises Madalmaade kolme jõe keerukas deltas asub Rotterdam?,Rhine–Meuse–Scheldt Delta,Reini-Maasi-Scheldti delta,Rhine-Meuse Delta;Rhine delta,Reini-Maasi delta;Reini delta,"The Rhine, Meuse, and Scheldt form an interconnected delta in the Netherlands and Belgium.","Rein, Maas ja Scheldt moodustavad Madalmaades ja Belgias omavahel ühendatud delta.",Rhine–Meuse–Scheldt delta,https://en.wikipedia.org/wiki/Rhine–Meuse–Scheldt_delta,CC-BY-SA-4.0,2026-08-28,reviewed,true
built-in-geography-playable-corpus-296,built-in-geography,Geography Pack,built-in-geography-set-054,board,round-two,1,hard,mountains,Seas That Stay Inland,"Mered, mis jäävad sisemaale",Which salt lake in Utah gave its name to Salt Lake City?,Milline Utah’ soolajärv andis nime Salt Lake Cityle?,Great Salt Lake,Suur Soolajärv,,,The Great Salt Lake is the Western Hemisphere’s largest saltwater lake and a terminal lake in northern Utah.,Suur Soolajärv on läänepoolkera suurim soolajärv ning Põhja-Utah’ umbjärv.,Great Salt Lake,https://en.wikipedia.org/wiki/Great_Salt_Lake,CC-BY-SA-4.0,2026-08-28,reviewed,true
built-in-geography-playable-corpus-297,built-in-geography,Geography Pack,built-in-geography-set-054,board,round-two,2,hard,mountains,Seas That Stay Inland,"Mered, mis jäävad sisemaale",Diversion of its feeder rivers caused which Central Asian inland sea to fragment dramatically?,Milline Kesk-Aasia sisemeri lagunes toitejõgede kõrvalejuhtimise tõttu järsult osadeks?,Aral Sea,Araali meri,the Aral,Araali järv,The Aral Sea shrank drastically after the Amu Darya and Syr Darya were diverted for irrigation.,Araali meri kahanes järsult pärast Amudarja ja Sõrdarja vee suunamist niisutusse.,Aral Sea,https://en.wikipedia.org/wiki/Aral_Sea,CC-BY-SA-4.0,2026-08-28,reviewed,true
built-in-geography-playable-corpus-298,built-in-geography,Geography Pack,built-in-geography-set-054,board,round-two,3,hard,mountains,Seas That Stay Inland,"Mered, mis jäävad sisemaale",Which freshwater lake fed by the Jordan is also known as Lake Kinneret?,Millist Jordani toidetavat mageveejärve tuntakse ka Kinnereti järvena?,Sea of Galilee,Galilea meri,Lake Tiberias,Tiberiase järv,"The Sea of Galilee is a freshwater lake in the Jordan system, despite its traditional name.",Galilea meri on oma traditsioonilisest nimest hoolimata Jordani jõesüsteemi mageveejärv.,Sea of Galilee,https://en.wikipedia.org/wiki/Sea_of_Galilee,CC-BY-SA-4.0,2026-08-28,reviewed,true
built-in-geography-playable-corpus-299,built-in-geography,Geography Pack,built-in-geography-set-054,board,round-two,4,hard,mountains,Seas That Stay Inland,"Mered, mis jäävad sisemaale",Which saline soda lake in eastern Anatolia contains Akdamar Island and has no outlet?,Milline Ida-Anatoolia soolane soodajärv sisaldab Akdamari saart ning sellel puudub väljavool?,Lake Van,Vani järv,Van Gölü;Van Lake,Van Gölü;Van,"Lake Van is Turkey’s largest lake, occupying a closed volcanic basin in the Armenian Highlands.",Vani järv on Türgi suurim järv ning paikneb Armeenia mägismaa suletud vulkaanilises nõos.,Lake Van,https://en.wikipedia.org/wiki/Lake_Van,CC-BY-SA-4.0,2026-08-28,reviewed,true
built-in-geography-playable-corpus-300,built-in-geography,Geography Pack,built-in-geography-set-054,board,round-two,5,hard,mountains,Seas That Stay Inland,"Mered, mis jäävad sisemaale",Irrigation-canal failure created which saline lake in California's Imperial Valley?,Millise California Imperial Valley soolajärve tekitas niisutuskanali purunemine?,Salton Sea,Saltoni meri,the Salton Sink lake,Saltoni järv,The modern Salton Sea formed when Colorado River water flooded the Salton Sink after canal failures.,"Tänapäevane Saltoni meri tekkis, kui kanali purunemise järel valgus Colorado jõe vesi Saltoni nõkku.",Salton Sea,https://en.wikipedia.org/wiki/Salton_Sea,CC-BY-SA-4.0,2026-08-28,reviewed,true
built-in-geography-playable-corpus-301,built-in-geography,Geography Pack,built-in-geography-set-063,board,round-two,1,hard,islands,Mountain Chains by Their Neighbours,Mäestikud naabrite järgi,"Which mountain system stretches through Morocco, Algeria, and Tunisia between the Sahara and Mediterranean?","Milline mäestik ulatub läbi Maroko, Alžeeria ja Tuneesia Sahara ning Vahemere vahel?",Atlas Mountains,Atlase mäestik,the Atlas,Atlas,The Atlas Mountains form a long North African chain separating Mediterranean lands from the Sahara.,Atlase mäestik moodustab Põhja-Aafrikas pika aheliku Vahemere maade ja Sahara vahel.,Atlas Mountains,https://en.wikipedia.org/wiki/Atlas_Mountains,CC-BY-SA-4.0,2026-08-28,reviewed,true
built-in-geography-playable-corpus-302,built-in-geography,Geography Pack,built-in-geography-set-063,board,round-two,2,hard,islands,Mountain Chains by Their Neighbours,Mäestikud naabrite järgi,Which broad upland system parallels Australia's east coast from Queensland toward Victoria?,Milline lai kõrgustikusüsteem kulgeb rööbiti Austraalia idarannikuga Queenslandist Victoria suunas?,Great Dividing Range,Suur Veelahkmeahelik,Eastern Highlands;Great Divide,Ida-Austraalia mägismaa;Suur veelahe,The Great Dividing Range is an extensive series of uplands along eastern Australia.,Suur Veelahkmeahelik on ulatuslik kõrgustike süsteem Ida-Austraalias.,Great Dividing Range,https://en.wikipedia.org/wiki/Great_Dividing_Range,CC-BY-SA-4.0,2026-08-28,reviewed,true
built-in-geography-playable-corpus-303,built-in-geography,Geography Pack,built-in-geography-set-063,board,round-two,3,hard,islands,Mountain Chains by Their Neighbours,Mäestikud naabrite järgi,"Which “Heavenly Mountains” rise between the deserts of Kazakhstan, Kyrgyzstan, and Xinjiang?","Millised „Taevamäed“ kõrguvad Kasahstani, Kõrgõzstani ja Xinjiangi kõrbete vahel?",Tian Shan,Tjan-Šan,Tianshan;Tengri Tagh,Tianshan,The Tian Shan is a high Central Asian range spanning several states north of the Tarim Basin.,"Tjan-Šan on kõrge Kesk-Aasia mäestik, mis ulatub üle mitme riigi Tarimi nõost põhja pool.",Tian Shan,https://en.wikipedia.org/wiki/Tian_Shan,CC-BY-SA-4.0,2026-08-28,reviewed,true
built-in-geography-playable-corpus-304,built-in-geography,Geography Pack,built-in-geography-set-063,board,round-two,4,hard,islands,Mountain Chains by Their Neighbours,Mäestikud naabrite järgi,Which long fold mountain belt follows western Iran beside the Mesopotamian lowlands?,Milline pikk kurdmäestik kulgeb Lääne-Iraanis Mesopotaamia madaliku kõrval?,Zagros Mountains,Zagrose mäestik,the Zagros,Zagros,The Zagros Mountains extend along western Iran and northeastern Iraq beside Mesopotamia.,Zagrose mäestik ulatub läbi Lääne-Iraani ja Kirde-Iraagi Mesopotaamia kõrval.,Zagros Mountains,https://en.wikipedia.org/wiki/Zagros_Mountains,CC-BY-SA-4.0,2026-08-28,reviewed,true
built-in-geography-playable-corpus-305,built-in-geography,Geography Pack,built-in-geography-set-063,board,round-two,5,hard,islands,Mountain Chains by Their Neighbours,Mäestikud naabrite järgi,Which mountain chain forms the eastern edge of the southern African plateau and encloses Lesotho?,Milline mäestik moodustab Lõuna-Aafrika platoo idaserva ja ümbritseb Lesothot?,Drakensberg,Draakonimäed,uKhahlamba,uKhahlamba;Drakensbergi mäestik,The Drakensberg forms the highest part of the Great Escarpment around Lesotho and eastern South Africa.,Draakonimäed moodustavad Lesotho ja Lõuna-Aafrika idaosa ümber Suure astangu kõrgeima osa.,Drakensberg,https://en.wikipedia.org/wiki/Drakensberg,CC-BY-SA-4.0,2026-08-28,reviewed,true
built-in-geography-playable-corpus-306,built-in-geography,Geography Pack,built-in-geography-set-071,board,round-two,1,hard,borders,Remarkable Coasts of the World,Maailma omapärased rannikud,Which long Baltic dune peninsula separates a lagoon from the open sea between Lithuania and Russia?,Milline pikk Läänemere luitepoolsaar eraldab Leedu ja Venemaa vahel laguuni avamerest?,Curonian Spit,Kura säär,Curonian Peninsula,Kuramaa säär;Kura poolsaar,The Curonian Spit is a narrow dune barrier separating the Curonian Lagoon from the Baltic Sea.,"Kura säär on kitsas luiteline maasäär, mis eraldab Kura lahte Läänemerest.",Curonian Spit,https://en.wikipedia.org/wiki/Curonian_Spit,CC-BY-SA-4.0,2026-08-28,reviewed,true
built-in-geography-playable-corpus-307,built-in-geography,Geography Pack,built-in-geography-set-071,board,round-two,2,hard,borders,Remarkable Coasts of the World,Maailma omapärased rannikud,Which Canadian bay between New Brunswick and Nova Scotia is famous for the world’s greatest tidal range?,Milline New Brunswicki ja Nova Scotia vaheline Kanada laht on kuulus maailma suurima loodete ulatuse poolest?,Bay of Fundy,Fundy laht,Fundy Bay,Fundy,The Bay of Fundy experiences exceptionally large tides between New Brunswick and Nova Scotia.,Fundy lahes New Brunswicki ja Nova Scotia vahel esinevad erakordselt suure ulatusega looded.,Bay of Fundy,https://en.wikipedia.org/wiki/Bay_of_Fundy,CC-BY-SA-4.0,2026-08-28,reviewed,true
built-in-geography-playable-corpus-308,built-in-geography,Geography Pack,built-in-geography-set-071,board,round-two,3,hard,borders,Remarkable Coasts of the World,Maailma omapärased rannikud,"Fog, desert dunes, and shipwrecks give which Namibian shoreline its ominous name?","Millisele Namiibia rannikule annavad kõheda nime udu, kõrbeluited ja laevavrakid?",Skeleton Coast,Skeletirannik,Skeleton Coast National Park,Skeletiranniku rahvuspark,"The Skeleton Coast is a remote Namibian shore known for dense fog, dunes, and numerous wrecks.","Skeletirannik on Namiibia kõrvaline rannik, mida tuntakse tiheda udu, luidete ja paljude vrakkide järgi.",Skeleton Coast,https://en.wikipedia.org/wiki/Skeleton_Coast,CC-BY-SA-4.0,2026-08-28,reviewed,true
built-in-geography-playable-corpus-309,built-in-geography,Geography Pack,built-in-geography-set-071,board,round-two,4,hard,borders,Remarkable Coasts of the World,Maailma omapärased rannikud,Long narrow islands run parallel to the mainland along which Croatian coastal region?,Millise Horvaatia rannikupiirkonna ääres kulgevad pikad kitsad saared mandriga paralleelselt?,Dalmatian coast,Dalmaatsia rannik,Dalmatian coastline;Dalmatia,Dalmaatsia;Dalmaatsia rannikuala,The Dalmatian coast is characterised by elongated islands and channels aligned with the mainland.,Dalmaatsia rannikut iseloomustavad mandriga samasuunalised piklikud saared ja väinad.,Dalmatian coast,https://en.wikipedia.org/wiki/Dalmatian_coast,CC-BY-SA-4.0,2026-08-28,reviewed,true
built-in-geography-playable-corpus-310,built-in-geography,Geography Pack,built-in-geography-set-071,board,round-two,5,hard,borders,Remarkable Coasts of the World,Maailma omapärased rannikud,"Vast tidal flats exposed at low tide run along the Dutch, German, and Danish coasts in which shallow sea?","Millises madalas meres ulatuvad Madalmaade, Saksamaa ja Taani rannikul laiad mõõna ajal paljanduvad loodetasandikud?",Wadden Sea,Padumeri,Waddenzee;Wattenmeer,Waddenzee;Wattenmeer,The Wadden Sea is a shallow coastal wetland of tidal flats and islands along the southeastern North Sea.,Padumeri on Põhjamere kaguosa madal rannikumärgala loodetasandike ja saartega.,Wadden Sea,https://en.wikipedia.org/wiki/Wadden_Sea,CC-BY-SA-4.0,2026-08-28,reviewed,true
built-in-geography-playable-corpus-311,built-in-geography,Geography Pack,built-in-geography-set-079,board,round-two,1,hard,maps-coordinates,Winds with Local Names,Kohalike nimedega tuuled,Which cold northwesterly wind funnels down the Rhône valley into Provence?,Milline külm loodetuul suundub läbi Rhône'i oru Provence'i?,Mistral,mistraal,the Mistral,mistraaltuul,The mistral is a strong cold wind channelled south through the Rhône valley toward the Mediterranean.,"Mistraal on tugev külm tuul, mis kanaliseerub läbi Rhône'i oru lõunasse Vahemere suunas.",Mistral (wind),https://en.wikipedia.org/wiki/Mistral_(wind),CC-BY-SA-4.0,2026-08-28,reviewed,true
built-in-geography-playable-corpus-312,built-in-geography,Geography Pack,built-in-geography-set-079,board,round-two,2,hard,maps-coordinates,Winds with Local Names,Kohalike nimedega tuuled,Which hot Saharan wind can carry dust north across the Mediterranean into southern Europe?,Milline kuum Sahara tuul võib kanda tolmu üle Vahemere Lõuna-Euroopasse?,Sirocco,siroko,scirocco;jugo,scirocco;jugo,The sirocco develops over North Africa and carries warm dusty air toward the Mediterranean.,Siroko tekib Põhja-Aafrika kohal ning kannab sooja tolmust õhku Vahemere suunas.,Sirocco,https://en.wikipedia.org/wiki/Sirocco,CC-BY-SA-4.0,2026-08-28,reviewed,true
built-in-geography-playable-corpus-313,built-in-geography,Geography Pack,built-in-geography-set-079,board,round-two,3,hard,maps-coordinates,Winds with Local Names,Kohalike nimedega tuuled,"Which warm, dry downslope wind can rapidly melt snow on the sheltered side of the Alps?",Milline soe ja kuiv laskuv tuul võib Alpide varjuküljel kiiresti lund sulatada?,Foehn,föön,föhn wind;foehn wind,fööntuul;föhn,A foehn warms and dries as air descends the lee side of a mountain barrier.,"Föön soojeneb ja kuivab, kui õhk laskub mäestiku varjuküljel.",Foehn wind,https://en.wikipedia.org/wiki/Foehn_wind,CC-BY-SA-4.0,2026-08-28,reviewed,true
built-in-geography-playable-corpus-314,built-in-geography,Geography Pack,built-in-geography-set-079,board,round-two,4,hard,maps-coordinates,Winds with Local Names,Kohalike nimedega tuuled,Which warm downslope wind east of the Rockies is nicknamed the “snow eater”?,Millist sooja Kaljumäestiku idanõlva laskuvat tuult hüütakse „lumesööjaks“?,Chinook,chinook,Chinook wind,chinook-tuul,A Chinook can bring sudden warming to the plains east of the North American Rockies.,Chinook võib tuua Põhja-Ameerika Kaljumäestikust ida poole jäävatele tasandikele järsu soojenemise.,Chinook wind,https://en.wikipedia.org/wiki/Chinook_wind,CC-BY-SA-4.0,2026-08-28,reviewed,true
built-in-geography-playable-corpus-315,built-in-geography,Geography Pack,built-in-geography-set-079,board,round-two,5,hard,maps-coordinates,Winds with Local Names,Kohalike nimedega tuuled,Which gusty cold wind descends from the Dinaric Alps toward the Adriatic?,Milline puhanguline külm tuul laskub Dinaari mäestikust Aadria mere poole?,Bora,boora,bura;bora wind,bura;booratuul,"The bora is a cold, dry downslope wind affecting the eastern Adriatic coast.","Boora on külm kuiv laskuv tuul, mis mõjutab Aadria mere idarannikut.",Bora (wind),https://en.wikipedia.org/wiki/Bora_(wind),CC-BY-SA-4.0,2026-08-28,reviewed,true
built-in-geography-playable-corpus-316,built-in-geography,Geography Pack,built-in-geography-set-087,board,round-two,1,hard,human-geography,Where Tectonic Plates Meet,Laamade kohtumispaigad,Which California fault marks a transform boundary between the Pacific and North American plates?,Milline California murrang tähistab Vaikse ookeani ja Põhja-Ameerika laama transformpiiri?,San Andreas Fault,San Andrease murrang,San Andreas,San Andreas,The San Andreas is a major strike-slip fault along the Pacific-North American plate boundary.,San Andrease murrang on Vaikse ookeani ja Põhja-Ameerika laama piiril asuv suur nihkemurrang.,San Andreas Fault,https://en.wikipedia.org/wiki/San_Andreas_Fault,CC-BY-SA-4.0,2026-08-28,reviewed,true
built-in-geography-playable-corpus-317,built-in-geography,Geography Pack,built-in-geography-set-087,board,round-two,2,hard,human-geography,Where Tectonic Plates Meet,Laamade kohtumispaigad,The continuing collision of India with Eurasia raises which mountain system?,Millist mäestikku kergitab India ja Euraasia jätkuv kokkupõrge?,Himalayas,Himaalaja,Himalayan range,Himaalaja mäestik,The Himalayas formed and continue to rise as the Indian Plate converges with Eurasia.,Himaalaja tekkis ja kerkib jätkuvalt India laama lähenemisel Euraasiale.,Geology of the Himalayas,https://en.wikipedia.org/wiki/Geology_of_the_Himalayas,CC-BY-SA-4.0,2026-08-28,reviewed,true
built-in-geography-playable-corpus-318,built-in-geography,Geography Pack,built-in-geography-set-087,board,round-two,3,hard,human-geography,Where Tectonic Plates Meet,Laamade kohtumispaigad,Which deep Pacific trench east of Honshu records subduction beneath northern Japan?,Milline Honshūst idas asuv süvik tähistab Vaikse ookeani laama sukeldumist Põhja-Jaapani alla?,Japan Trench,Jaapani süvik,Japanese Trench,Jaapani süvik,"At the Japan Trench, the Pacific Plate subducts beneath the plate carrying northern Japan.",Jaapani süvikus sukeldub Vaikse ookeani laam Põhja-Jaapanit kandva laama alla.,Japan Trench,https://en.wikipedia.org/wiki/Japan_Trench,CC-BY-SA-4.0,2026-08-28,reviewed,true
built-in-geography-playable-corpus-319,built-in-geography,Geography Pack,built-in-geography-set-087,board,round-two,4,hard,human-geography,Where Tectonic Plates Meet,Laamade kohtumispaigad,Which ocean trench parallels the Andes where the Nazca Plate descends beneath South America?,"Milline ookeanisüvik kulgeb Andidega rööbiti seal, kus Nazca laam sukeldub Lõuna-Ameerika alla?",Peru–Chile Trench,Peruu-Tšiili süvik,Atacama Trench,Atacama süvik,The Peru-Chile Trench marks subduction of the Nazca Plate beneath the South American Plate.,Peruu-Tšiili süvik tähistab Nazca laama sukeldumist Lõuna-Ameerika laama alla.,Peru–Chile Trench,https://en.wikipedia.org/wiki/Peru–Chile_Trench,CC-BY-SA-4.0,2026-08-28,reviewed,true
built-in-geography-playable-corpus-320,built-in-geography,Geography Pack,built-in-geography-set-087,board,round-two,5,hard,human-geography,Where Tectonic Plates Meet,Laamade kohtumispaigad,Which major fault runs along New Zealand's South Island beside the Southern Alps?,Milline suur murrang kulgeb Uus-Meremaa Lõunasaarel Lõuna-Alpide kõrval?,Alpine Fault,Alpi murrang,New Zealand Alpine Fault,Uus-Meremaa Alpi murrang,The Alpine Fault is the main boundary between the Pacific and Australian plates across South Island.,Alpi murrang on Lõunasaarel Vaikse ookeani ja Austraalia laama peamine piir.,Alpine Fault,https://en.wikipedia.org/wiki/Alpine_Fault,CC-BY-SA-4.0,2026-08-28,reviewed,true
built-in-geography-playable-corpus-321,built-in-geography,Geography Pack,built-in-geography-set-090,board,round-two,1,hard,human-geography,Famous Journeys by Rail,Kuulsad rongiteekonnad,Which passenger service uses High Speed 1 and the Channel Tunnel to link St Pancras with continental cities?,"Milline reisirongiliin kasutab High Speed 1 raudteed ja La Manche’i tunnelit, et ühendada St Pancras Mandri-Euroopa linnadega?",Eurostar,Eurostar,Eurostar train,Eurostari rong,Eurostar operates international passenger trains from London St Pancras through the Channel Tunnel.,Eurostar käitab rahvusvahelisi reisironge London St Pancrasest läbi La Manche’i tunneli.,Eurostar,https://en.wikipedia.org/wiki/Eurostar,CC-BY-SA-4.0,2026-08-28,reviewed,true
built-in-geography-playable-corpus-322,built-in-geography,Geography Pack,built-in-geography-set-090,board,round-two,2,hard,human-geography,Famous Journeys by Rail,Kuulsad rongiteekonnad,"What name is given to Japan’s high-speed rail network, whose first line opened between Tokyo and Osaka in 1964?","Mis nime kannab Jaapani kiirraudteevõrk, mille esimene liin avati 1964. aastal Tokyo ja Osaka vahel?",Shinkansen,Shinkansen,bullet train,Jaapani kiirrong,"The Tōkaidō Shinkansen began service in 1964 between Tokyo and Osaka, starting Japan’s high-speed rail era.",Tōkaidō Shinkansen alustas 1964. aastal liiklust Tokyo ja Osaka vahel ning sellega algas Jaapanis kiirraudtee ajastu.,Shinkansen,https://en.wikipedia.org/wiki/Shinkansen,CC-BY-SA-4.0,2026-08-28,reviewed,true
built-in-geography-playable-corpus-323,built-in-geography,Geography Pack,built-in-geography-set-090,board,round-two,3,hard,human-geography,Famous Journeys by Rail,Kuulsad rongiteekonnad,Agatha Christie helped immortalise which luxury train once associated with Paris and Constantinople?,Millise kunagi Pariisi ja Konstantinoopoliga seostatud luksusrongi tegi surematuks ka Agatha Christie?,Orient Express,Orient Express,the Orient-Express,Orient-Express,The Orient Express became a celebrated long-distance luxury service between western and southeastern Europe.,Orient Expressist sai kuulus Lääne- ja Kagu-Euroopat ühendanud luksuslik kaugrong.,Orient Express,https://en.wikipedia.org/wiki/Orient_Express,CC-BY-SA-4.0,2026-08-28,reviewed,true
built-in-geography-playable-corpus-324,built-in-geography,Geography Pack,built-in-geography-set-090,board,round-two,4,hard,human-geography,Famous Journeys by Rail,Kuulsad rongiteekonnad,"Red carriages, spiral viaducts, and the high Alps mark which scenic Swiss service to Tirano?","Millisele maalilisele Šveitsi rongiliinile Tirano suunas viitavad punased vagunid, spiraalviaduktid ja kõrg-Alpid?",Bernina Express,Bernina Express,Bernina train,Bernina ekspress,The Bernina Express crosses the Swiss Alps on the Rhaetian Railway before reaching Tirano in Italy.,Bernina Express ületab Šveitsi Alpid Rhätische Bahni liinil ja jõuab Itaalia Tiranosse.,Bernina Express,https://en.wikipedia.org/wiki/Bernina_Express,CC-BY-SA-4.0,2026-08-28,reviewed,true
built-in-geography-playable-corpus-325,built-in-geography,Geography Pack,built-in-geography-set-090,board,round-two,5,hard,human-geography,Famous Journeys by Rail,Kuulsad rongiteekonnad,Which steep Norwegian branch line descends from Myrdal to a village at the head of Aurlandsfjord?,Milline järsk Norra haruraudtee laskub Myrdalist Aurlandsfjordi sopis asuvasse külla?,Flåm Line,Flåmi raudtee,Flåm Railway;Flamsbana,Flåmsbana;Flåmi liin,The Flåm Line links the mountain station at Myrdal with Flåm beside Aurlandsfjord.,Flåmi raudtee ühendab Myrdali mägijaama Aurlandsfjordi ääres asuva Flåmiga.,Flåm Line,https://en.wikipedia.org/wiki/Flåm_Line,CC-BY-SA-4.0,2026-08-28,reviewed,true
built-in-geography-playable-corpus-326,built-in-geography,Geography Pack,built-in-geography-set-098,board,round-two,1,hard,landmarks,Population Follows the Corridor,Asustus koondub koridoridesse,"Outside a few oases, most settlement in Egypt is concentrated along which narrow fertile corridor?",Millise kitsa viljaka koridori äärde koondub väljaspool üksikuid oaase suurem osa Egiptuse asustusest?,Nile Valley,Niiluse org,Nile corridor;Valley of the Nile,Niiluse koridor;Niiluse jõe org,Egyptian settlement and agriculture cluster along the irrigated Nile Valley and delta amid surrounding desert.,Egiptuse asustus ja põllumajandus koonduvad ümbritseva kõrbe keskel niisutatud Niiluse orgu ning deltasse.,Nile Valley,https://en.wikipedia.org/wiki/Nile_Valley,CC-BY-SA-4.0,2026-08-28,reviewed,true
built-in-geography-playable-corpus-327,built-in-geography,Geography Pack,built-in-geography-set-098,board,round-two,2,hard,landmarks,Population Follows the Corridor,Asustus koondub koridoridesse,Fertile volcanic soils and historic political centres help make which Indonesian island the country's population core?,Millise Indoneesia saare muudavad viljakad vulkaanilised mullad ja ajaloolised võimukeskused riigi asustuse tuumikuks?,Java,Jaava,Java Island,Jaava saar,Java combines fertile volcanic landscapes with Indonesia's largest concentration of cities and population.,Jaava ühendab viljakad vulkaanilised maastikud Indoneesia suurima linnade ja rahvastiku koondumisega.,Java,https://en.wikipedia.org/wiki/Java,CC-BY-SA-4.0,2026-08-28,reviewed,true
built-in-geography-playable-corpus-328,built-in-geography,Geography Pack,built-in-geography-set-098,board,round-two,3,hard,landmarks,Population Follows the Corridor,Asustus koondub koridoridesse,"Guangzhou, Shenzhen, Hong Kong, and Macau form which densely urbanised southern Chinese delta region?","Millise tihedalt linnastunud Lõuna-Hiina deltapiirkonna moodustavad Guangzhou, Shenzhen, Hongkong ja Macau?",Pearl River Delta,Pärlijõe delta,Greater Bay Area;Zhujiang Delta,Suurlahe piirkond;Zhu Jiangi delta,The Pearl River Delta is a closely connected urban and industrial region around the river's South China Sea outlets.,Pärlijõe delta on jõe Lõuna-Hiina merre suubuvate harude ümber koondunud tihedalt seotud linna- ja tööstuspiirkond.,Pearl River Delta,https://en.wikipedia.org/wiki/Pearl_River_Delta,CC-BY-SA-4.0,2026-08-28,reviewed,true
built-in-geography-playable-corpus-329,built-in-geography,Geography Pack,built-in-geography-set-098,board,round-two,4,hard,landmarks,Population Follows the Corridor,Asustus koondub koridoridesse,Which urban corridor often called BosWash stretches from Boston through New York to Washington?,Milline sageli BosWashiks kutsutud linnakoridor ulatub Bostonist läbi New Yorgi Washingtonini?,Northeast megalopolis,USA kirde megalopolis,Northeastern megalopolis,Kirderanniku megalopolis,The Northeast megalopolis is a continuous chain of major metropolitan areas along the US Atlantic seaboard.,USA kirde megalopolis on Atlandi rannikul paiknev suurte linnastute peaaegu katkematu ahel.,Northeast megalopolis,https://en.wikipedia.org/wiki/Northeast_megalopolis,CC-BY-SA-4.0,2026-08-28,reviewed,true
built-in-geography-playable-corpus-330,built-in-geography,Geography Pack,built-in-geography-set-098,board,round-two,5,hard,landmarks,Population Follows the Corridor,Asustus koondub koridoridesse,What colourful nickname describes the dense European urban-industrial arc from northern Italy toward the Low Countries and Britain?,Milline värvikas hüüdnimi tähistab tihedat Euroopa linna- ja tööstuskaart Põhja-Itaaliast Madalmaade ning Suurbritannia suunas?,Blue Banana,Sinine banaan,European Megalopolis;Liverpool-Milan axis,Euroopa megalopolis;Liverpooli-Milano telg,The Blue Banana is a planning concept for a densely urbanised corridor across western Europe.,Sinine banaan on planeerimismõiste Lääne-Euroopa tihedalt linnastunud koridori kohta.,Blue Banana,https://en.wikipedia.org/wiki/Blue_Banana,CC-BY-SA-4.0,2026-08-28,reviewed,true
