clue_id,pack_id,pack_name,category_set_id,content_kind,round,tier,difficulty,macro_topic,category_name_en,category_name_et,clue_en,clue_et,response_en,response_et,accepted_variants_en,accepted_variants_et,explanation_en,explanation_et,source_title,source_url,source_license,source_retrieved_at,translation_status,enabled
built-in-science-nature-clue-0001,built-in-science-nature,Science and Nature Pack,built-in-science-nature-set-000,board,round-one,1,easy,physics,Light at the Universal Limit,Valgus kui universaalne piirkiirus,Which lowercase letter conventionally denotes the speed of light?,Milline väiketäht tähistab tavaliselt valguse kiirust?,c,c,,,"The symbol c is traditionally linked to Latin celeritas, meaning swiftness.","Sümbolit c seostatakse traditsiooniliselt ladina sõnaga celeritas, mis tähendab kiirust.",Speed of light — Wikipedia,https://en.wikipedia.org/wiki/Speed_of_light,CC-BY-SA-4.0,2026-08-20,reviewed,true
built-in-science-nature-clue-0002,built-in-science-nature,Science and Nature Pack,built-in-science-nature-set-000,board,round-one,2,easy,physics,Light at the Universal Limit,Valgus kui universaalne piirkiirus,What distance unit equals the path light travels through vacuum in one Julian year?,"Milline kaugusühik võrdub teepikkusega, mille valgus läbib vaakumis ühe juuliuse aasta jooksul?",light-year,valgusaasta,,,The light-year combines a fixed light speed with one Julian year to express an astronomical distance.,"Valgusaasta ühendab fikseeritud valguskiiruse ühe juuliuse aastaga, et väljendada astronoomilist kaugust.",Speed of light — Wikipedia,https://en.wikipedia.org/wiki/Speed_of_light,CC-BY-SA-4.0,2026-08-20,reviewed,true
built-in-science-nature-clue-0003,built-in-science-nature,Science and Nature Pack,built-in-science-nature-set-000,board,round-one,3,easy,physics,Light at the Universal Limit,Valgus kui universaalne piirkiirus,"In special relativity, what speed is invariant for every inertial observer?",Milline kiirus on erirelatiivsusteoorias kõigi inertsiaalsete vaatlejate jaoks muutumatu?,the speed of light in vacuum,valguse kiirus vaakumis,,,Lorentz transformations preserve c for all inertial observers.,Lorentzi teisendused säilitavad c kõigi inertsiaalsete vaatlejate jaoks.,Speed of light — Wikipedia,https://en.wikipedia.org/wiki/Speed_of_light,CC-BY-SA-4.0,2026-08-20,reviewed,true
built-in-science-nature-clue-0004,built-in-science-nature,Science and Nature Pack,built-in-science-nature-set-000,board,round-one,4,easy,physics,Light at the Universal Limit,Valgus kui universaalne piirkiirus,What exact speed does light have in vacuum?,Milline on valguse täpne kiirus vaakumis?,"299,792,458 metres per second",299 792 458 meetrit sekundis,,,"The SI fixes light in vacuum at exactly 299,792,458 m/s.",SI fikseerib valguse kiiruseks vaakumis täpselt 299 792 458 m/s.,Speed of light — Wikipedia,https://en.wikipedia.org/wiki/Speed_of_light,CC-BY-SA-4.0,2026-08-20,reviewed,true
built-in-science-nature-clue-0005,built-in-science-nature,Science and Nature Pack,built-in-science-nature-set-000,board,round-one,5,easy,physics,Light at the Universal Limit,Valgus kui universaalne piirkiirus,"Which SI base unit is defined using light travel during 1/299,792,458 of a second?","Milline SI-põhiühik on määratletud teepikkusena, mille valgus läbib 1/299 792 458 sekundi jooksul?",metre,meeter,meter,meeter,"Since 1983, the metre has been defined from the fixed speed of light.",Alates 1983. aastast on meeter määratletud fikseeritud valguskiiruse alusel.,Speed of light — Wikipedia,https://en.wikipedia.org/wiki/Speed_of_light,CC-BY-SA-4.0,2026-08-20,reviewed,true
built-in-science-nature-clue-0006,built-in-science-nature,Science and Nature Pack,built-in-science-nature-set-001,board,round-one,1,easy,physics,A Pendulum Tracks a Turning Earth,Pendel jälgib pöörlevat Maad,Which pendulum experiment visibly demonstrates Earth’s rotation?,Milline pendlikatse näitab nähtavalt Maa pöörlemist?,Foucault pendulum,Foucault’ pendel,,,Its swing plane appears to rotate as Earth turns beneath it.,"Pendli võnketasand näib pöörduvat, kui Maa selle all pöörleb.",Foucault pendulum — Wikipedia,https://en.wikipedia.org/wiki/Foucault_pendulum,CC-BY-SA-4.0,2026-08-20,reviewed,true
built-in-science-nature-clue-0007,built-in-science-nature,Science and Nature Pack,built-in-science-nature-set-001,board,round-one,2,easy,physics,A Pendulum Tracks a Turning Earth,Pendel jälgib pöörlevat Maad,In what year did Foucault first publicly demonstrate his pendulum experiment?,Mis aastal demonstreeris Foucault esimest korda avalikult oma pendlikatset?,1851,1851,,,Foucault gave a public demonstration in Paris in 1851.,Foucault korraldas 1851. aastal Pariisis avaliku demonstratsiooni.,Foucault pendulum — Wikipedia,https://en.wikipedia.org/wiki/Foucault_pendulum,CC-BY-SA-4.0,2026-08-20,reviewed,true
built-in-science-nature-clue-0008,built-in-science-nature,Science and Nature Pack,built-in-science-nature-set-001,board,round-one,3,easy,physics,A Pendulum Tracks a Turning Earth,Pendel jälgib pöörlevat Maad,In which Paris building did Foucault stage his celebrated public pendulum?,Millises Pariisi hoones korraldas Foucault oma kuulsa avaliku pendlikatse?,the Panthéon,Panthéon,Pantheon,Pantheon,The Panthéon installation made the rotation effect conspicuous.,Panthéoni paigaldus tegi pöörlemisefekti silmatorkavaks.,Foucault pendulum — Wikipedia,https://en.wikipedia.org/wiki/Foucault_pendulum,CC-BY-SA-4.0,2026-08-20,reviewed,true
built-in-science-nature-clue-0009,built-in-science-nature,Science and Nature Pack,built-in-science-nature-set-001,board,round-one,4,easy,physics,A Pendulum Tracks a Turning Earth,Pendel jälgib pöörlevat Maad,What property of the pendulum’s motion stays nearly fixed while Earth turns below?,"Milline pendli liikumise omadus püsib peaaegu muutumatuna, kui Maa selle all pöörleb?",its plane of swing,võnketasand,,,"In an inertial frame, the oscillation plane changes little.",Inertsiaalses taustsüsteemis muutub võnkumistasand vähe.,Foucault pendulum — Wikipedia,https://en.wikipedia.org/wiki/Foucault_pendulum,CC-BY-SA-4.0,2026-08-20,reviewed,true
built-in-science-nature-clue-0010,built-in-science-nature,Science and Nature Pack,built-in-science-nature-set-001,board,round-one,5,easy,physics,A Pendulum Tracks a Turning Earth,Pendel jälgib pöörlevat Maad,Where on Earth would the swing plane make one apparent turn per sidereal day?,Kus Maal teeks võnketasand ühe näiva täispöörde ühe tähepäeva jooksul?,at either geographic pole,kummalgi geograafilisel poolusel,North Pole|South Pole|either pole,põhjapoolus|lõunapoolus|kumb tahes poolus,The precession rate is greatest at the poles and zero at the equator.,Pretsessioonimäär on suurim poolustel ja null ekvaatoril.,Foucault pendulum — Wikipedia,https://en.wikipedia.org/wiki/Foucault_pendulum,CC-BY-SA-4.0,2026-08-20,reviewed,true
built-in-science-nature-clue-0011,built-in-science-nature,Science and Nature Pack,built-in-science-nature-set-002,board,round-one,1,easy,physics,Waves from Moving Sources,Liikuvate allikate lained,What effect changes observed frequency when source and observer move relative to one another?,"Milline nähtus muudab vaadeldavat sagedust, kui allikas ja vaatleja liiguvad teineteise suhtes?",Doppler effect,Doppleri efekt,,,Relative motion compresses or stretches successive wavefronts.,Suhteline liikumine surub järjestikused lainefrondid kokku või venitab neid.,Doppler effect — Wikipedia,https://en.wikipedia.org/wiki/Doppler_effect,CC-BY-SA-4.0,2026-08-20,reviewed,true
built-in-science-nature-clue-0012,built-in-science-nature,Science and Nature Pack,built-in-science-nature-set-002,board,round-one,2,easy,physics,Waves from Moving Sources,Liikuvate allikate lained,Does an approaching sound source produce a higher or lower observed frequency?,Kas lähenev heliallikas tekitab suurema või väiksema täheldatud sageduse?,higher,kõrgem,,,Approaching wavefronts arrive closer together.,Läheneva allika lainefrondid saabuvad tihedamalt üksteise järel.,Doppler effect — Wikipedia,https://en.wikipedia.org/wiki/Doppler_effect,CC-BY-SA-4.0,2026-08-20,reviewed,true
built-in-science-nature-clue-0013,built-in-science-nature,Science and Nature Pack,built-in-science-nature-set-002,board,round-one,3,easy,physics,Waves from Moving Sources,Liikuvate allikate lained,Which Austrian physicist described the effect in 1842?,Milline Austria füüsik kirjeldas seda nähtust 1842. aastal?,Christian Doppler,Christian Doppler,,,Christian Doppler presented the principle in Prague in 1842.,Christian Doppler esitas selle põhimõtte 1842. aastal Prahas.,Doppler effect — Wikipedia,https://en.wikipedia.org/wiki/Doppler_effect,CC-BY-SA-4.0,2026-08-20,reviewed,true
built-in-science-nature-clue-0014,built-in-science-nature,Science and Nature Pack,built-in-science-nature-set-002,board,round-one,4,easy,physics,Waves from Moving Sources,Liikuvate allikate lained,Which colourward shift marks light from a receding astronomical source?,Milline nihe spektri punase otsa poole iseloomustab eemalduva astronoomilise allika valgust?,redshift,punanihe,,,Recession lengthens observed wavelengths toward red.,Eemaldumine pikendab vaadeldavaid lainepikkusi spektri punase otsa poole.,Doppler effect — Wikipedia,https://en.wikipedia.org/wiki/Doppler_effect,CC-BY-SA-4.0,2026-08-20,reviewed,true
built-in-science-nature-clue-0015,built-in-science-nature,Science and Nature Pack,built-in-science-nature-set-002,board,round-one,5,easy,physics,Waves from Moving Sources,Liikuvate allikate lained,What weather instrument uses Doppler shifts to estimate radial wind or precipitation speed?,Milline ilmainstrument kasutab Doppleri nihet radiaaltuule või sademete kiiruse hindamiseks?,Doppler radar,Doppleri radar,,,The returned frequency shift reveals motion toward or away from the radar.,Tagasipeegeldunud signaali sagedusnihe näitab liikumist radari poole või sellest eemale.,Doppler effect — Wikipedia,https://en.wikipedia.org/wiki/Doppler_effect,CC-BY-SA-4.0,2026-08-20,reviewed,true
built-in-science-nature-clue-0016,built-in-science-nature,Science and Nature Pack,built-in-science-nature-set-003,board,round-one,1,easy,physics,Temperature on an Absolute Scale,Temperatuur absoluutskaalal,What is the SI base unit of thermodynamic temperature?,Mis on termodünaamilise temperatuuri SI baasühik?,kelvin,kelvin,,,The kelvin scale begins at absolute zero and uses intervals equal in size to Celsius degrees.,Kelvini skaala algab absoluutselt nullist ja kasutab Celsiuse kraadidega võrdseid intervalle.,Kelvin — Wikipedia,https://en.wikipedia.org/wiki/Kelvin,CC-BY-SA-4.0,2026-08-20,reviewed,true
built-in-science-nature-clue-0017,built-in-science-nature,Science and Nature Pack,built-in-science-nature-set-003,board,round-one,2,easy,physics,Temperature on an Absolute Scale,Temperatuur absoluutskaalal,What value marks absolute zero on the thermodynamic temperature scale?,Mis väärtus tähistab absoluutset nulli termodünaamilise temperatuuri skaalal?,0 K,0 K,,,"At absolute zero, a system has the minimum thermodynamic temperature permitted by the scale.","Absoluutse nulli juures on süsteemil vähim termodünaamiline temperatuur, mida skaala võimaldab.",Kelvin — Wikipedia,https://en.wikipedia.org/wiki/Kelvin,CC-BY-SA-4.0,2026-08-20,reviewed,true
built-in-science-nature-clue-0018,built-in-science-nature,Science and Nature Pack,built-in-science-nature-set-003,board,round-one,3,easy,physics,Temperature on an Absolute Scale,Temperatuur absoluutskaalal,What Celsius temperature is equivalent to zero kelvins?,Milline temperatuur Celsiuse skaalal vastab nullile kelvinile?,−273.15 °C,"−273,15 °C",-273.15 °C|minus 273.15 degrees Celsius,"-273,15 °C|miinus 273,15 kraadi Celsiuse järgi",The kelvin and Celsius scales use equal-sized intervals but offset their zero points by 273.15.,"Kelvini ja Celsiuse skaala jaotised on sama suured, kuid nende nullpunktide vahe on 273,15 kraadi.",Kelvin — Wikipedia,https://en.wikipedia.org/wiki/Kelvin,CC-BY-SA-4.0,2026-08-20,reviewed,true
built-in-science-nature-clue-0019,built-in-science-nature,Science and Nature Pack,built-in-science-nature-set-003,board,round-one,4,easy,physics,Temperature on an Absolute Scale,Temperatuur absoluutskaalal,Which physical constant fixes the modern definition of the kelvin?,Milline füüsiline konstant fikseerib kelvini tänapäevase definitsiooni?,Boltzmann constant,Boltzmanni konstant,the Boltzmann constant|k,Boltzmanni konstant|k,The kelvin is defined by fixing the Boltzmann constant exactly.,Kelvin on määratletud Boltzmanni konstandi täpselt fikseeritud väärtuse kaudu.,Kelvin — Wikipedia,https://en.wikipedia.org/wiki/Kelvin,CC-BY-SA-4.0,2026-08-20,reviewed,true
built-in-science-nature-clue-0020,built-in-science-nature,Science and Nature Pack,built-in-science-nature-set-003,board,round-one,5,easy,physics,Temperature on an Absolute Scale,Temperatuur absoluutskaalal,In what year did the present constant-based definition of the kelvin take effect?,Mis aastal jõustus kelvini praegune konstandipõhine määratlus?,2019,2019,,,The revised SI definition based on a fixed Boltzmann constant took effect in 2019.,"Muudetud SI-määratlus, mis põhineb Boltzmanni konstandi fikseeritud väärtusel, jõustus 2019. aastal.",Kelvin — Wikipedia,https://en.wikipedia.org/wiki/Kelvin,CC-BY-SA-4.0,2026-08-20,reviewed,true
built-in-science-nature-clue-0021,built-in-science-nature,Science and Nature Pack,built-in-science-nature-set-004,board,round-one,1,easy,physics,"Heat, Work, and Entropy","Soojus, töö ja entroopia","How many numbered laws of thermodynamics are conventionally recognized, including the zeroth?","Mitu nummerdatud termodünaamika seadust, sealhulgas nullseadus, tavaliselt tunnustatakse?",four,neli,,,"They are called the zeroth, first, second, and third laws.","Neid nimetatakse termodünaamika nullseaduseks, esimeseks, teiseks ja kolmandaks seaduseks.",Laws of thermodynamics — Wikipedia,https://en.wikipedia.org/wiki/Laws_of_thermodynamics,CC-BY-SA-4.0,2026-08-20,reviewed,true
built-in-science-nature-clue-0022,built-in-science-nature,Science and Nature Pack,built-in-science-nature-set-004,board,round-one,2,easy,physics,"Heat, Work, and Entropy","Soojus, töö ja entroopia",Which law makes thermal equilibrium a transitive relation?,Milline seadus muudab termilise tasakaalu transitiivseks suhteks?,zeroth law of thermodynamics,Termodünaamika nullseadus,,,"If two systems equilibrate with a third, they equilibrate with each other.","Kui kaks süsteemi on kolmanda süsteemiga soojuslikus tasakaalus, on nad tasakaalus ka teineteisega.",Laws of thermodynamics — Wikipedia,https://en.wikipedia.org/wiki/Laws_of_thermodynamics,CC-BY-SA-4.0,2026-08-20,reviewed,true
built-in-science-nature-clue-0023,built-in-science-nature,Science and Nature Pack,built-in-science-nature-set-004,board,round-one,3,easy,physics,"Heat, Work, and Entropy","Soojus, töö ja entroopia",Which law expresses conservation of energy for heat and work?,Milline seadus väljendab energia jäävust soojuse ja töö korral?,first law of thermodynamics,termodünaamika esimene seadus,,,Internal-energy change equals heat supplied minus work done by the system.,Siseenergia muutus võrdub süsteemile antud soojushulga ja süsteemi tehtud töö vahega.,Laws of thermodynamics — Wikipedia,https://en.wikipedia.org/wiki/Laws_of_thermodynamics,CC-BY-SA-4.0,2026-08-20,reviewed,true
built-in-science-nature-clue-0024,built-in-science-nature,Science and Nature Pack,built-in-science-nature-set-004,board,round-one,4,easy,physics,"Heat, Work, and Entropy","Soojus, töö ja entroopia",Which law states that an isolated system’s entropy does not decrease?,"Milline seadus ütleb, et isoleeritud süsteemi entroopia ei vähene?",second law of thermodynamics,termodünaamika teine seadus,,,The second law supplies a direction for spontaneous macroscopic processes.,Teine seadus annab suuna spontaansetele makroskoopilistele protsessidele.,Laws of thermodynamics — Wikipedia,https://en.wikipedia.org/wiki/Laws_of_thermodynamics,CC-BY-SA-4.0,2026-08-20,reviewed,true
built-in-science-nature-clue-0025,built-in-science-nature,Science and Nature Pack,built-in-science-nature-set-004,board,round-one,5,easy,physics,"Heat, Work, and Entropy","Soojus, töö ja entroopia",Which law concerns entropy as temperature approaches absolute zero?,Milline seadus puudutab entroopiat kui temperatuur läheneb absoluutsele nullile?,third law of thermodynamics,termodünaamika kolmas seadus,,,A perfect crystal approaches zero entropy at zero kelvin.,Temperatuuril null kelvinit läheneb täiusliku kristalli entroopia nullile.,Laws of thermodynamics — Wikipedia,https://en.wikipedia.org/wiki/Laws_of_thermodynamics,CC-BY-SA-4.0,2026-08-20,reviewed,true
built-in-science-nature-clue-0026,built-in-science-nature,Science and Nature Pack,built-in-science-nature-set-005,board,round-one,1,medium,physics,Photometric Weighting and SI Units,Fotomeetriline kaalumine ja SI-ühikud,Which SI base unit quantifies luminous intensity in a specified direction?,Milline SI-põhiühik mõõdab valgustugevust kindlaksmääratud suunas?,candela,kandela,,,Luminous intensity weights light by the eye’s wavelength-dependent sensitivity in a chosen direction.,Valgustugevus kaalub valgust silma lainepikkusest sõltuva tundlikkuse järgi valitud suunas.,Candela — Wikipedia,https://en.wikipedia.org/wiki/Candela,CC-BY-SA-4.0,2026-08-20,reviewed,true
built-in-science-nature-clue-0027,built-in-science-nature,Science and Nature Pack,built-in-science-nature-set-005,board,round-one,2,medium,physics,Photometric Weighting and SI Units,Fotomeetriline kaalumine ja SI-ühikud,Photometry weights radiant power according to the sensitivity of what observer?,Fotomeetria kaalub kiirgusvõimsust millise vaatleja tundlikkuse järgi?,the human eye,inimsilm,human vision|human visual system,inimnägemine|inimese nägemissüsteem,Photometric quantities model how a standard human observer perceives light at different wavelengths.,"Fotomeetrilised suurused modelleerivad seda, kuidas standardne inimvaatleja eri lainepikkustega valgust tajub.",Candela — Wikipedia,https://en.wikipedia.org/wiki/Candela,CC-BY-SA-4.0,2026-08-20,reviewed,true
built-in-science-nature-clue-0028,built-in-science-nature,Science and Nature Pack,built-in-science-nature-set-005,board,round-one,3,medium,physics,Photometric Weighting and SI Units,Fotomeetriline kaalumine ja SI-ühikud,One candela radiating through one steradian produces how much luminous flux?,Kui suure valgusvoo annab üks kandela ühe steradiaani suurusesse ruuminurka kiirates?,one lumen,üks luumen,1 lumen|a lumen,1 luumen|luumen,The derived relation is one lumen for one candela distributed through one steradian.,Tuletatud seose järgi annab läbi ühe steradiaani jaotunud üks kandela ühe luumeni.,Candela — Wikipedia,https://en.wikipedia.org/wiki/Candela,CC-BY-SA-4.0,2026-08-20,reviewed,true
built-in-science-nature-clue-0029,built-in-science-nature,Science and Nature Pack,built-in-science-nature-set-005,board,round-one,4,medium,physics,Photometric Weighting and SI Units,Fotomeetriline kaalumine ja SI-ühikud,"At the candela reference frequency, what luminous efficacy is fixed?",Milline valgusviljakus on kandela võrdlussagedusel fikseeritud?,683 lumens per watt,683 luumenit vatti kohta,683 lm/W|683 lumens per watt,683 lm/W|683 luumenit vati kohta,The fixed luminous efficacy links the candela to human-perceived brightness.,Fikseeritud valgusviljakus seob kandela inimese tajutava heledusega.,Candela — Wikipedia,https://en.wikipedia.org/wiki/Candela,CC-BY-SA-4.0,2026-08-20,reviewed,true
built-in-science-nature-clue-0030,built-in-science-nature,Science and Nature Pack,built-in-science-nature-set-005,board,round-one,5,medium,physics,Photometric Weighting and SI Units,Fotomeetriline kaalumine ja SI-ühikud,The candela definition fixes luminous efficacy at what frequency: 540 terahertz or 540 gigahertz?,Millisel sagedusel on kandela määratluses valgusviljakus fikseeritud: 540 terahertsi või 540 gigahertsi?,540 terahertz,540 terahertsi,,,The monochromatic reference frequency is 540 × 10^12 hertz.,Monokromaatilise valguse võrdlussagedus on 540 × 10^12 hertsi.,Candela — Wikipedia,https://en.wikipedia.org/wiki/Candela,CC-BY-SA-4.0,2026-08-20,reviewed,true
built-in-science-nature-clue-0031,built-in-science-nature,Science and Nature Pack,built-in-science-nature-set-006,board,round-one,1,medium,physics,Inductance in SI Relations,Induktiivsus SI-seostes,What is the SI unit of electrical inductance?,Mis on elektrilise induktiivsuse SI-ühik?,henry,henry,Henry,Henry,Inductance measures how strongly a changing flow of charge produces an induced voltage.,"Induktiivsus mõõdab, kui tugeva indutseeritud pinge tekitab muutuv elektrivool.",Henry (unit) — Wikipedia,https://en.wikipedia.org/wiki/Henry_(unit),CC-BY-SA-4.0,2026-08-20,reviewed,true
built-in-science-nature-clue-0032,built-in-science-nature,Science and Nature Pack,built-in-science-nature-set-006,board,round-one,2,medium,physics,Inductance in SI Relations,Induktiivsus SI-seostes,What uppercase symbol represents the henry?,Milline suurtäht on henry tähis?,H,H,,,The inductance unit uses the capital symbol H in SI notation.,Induktiivsuse ühiku tähis SI-süsteemis on suurtäht H.,Henry (unit) — Wikipedia,https://en.wikipedia.org/wiki/Henry_(unit),CC-BY-SA-4.0,2026-08-20,reviewed,true
built-in-science-nature-clue-0033,built-in-science-nature,Science and Nature Pack,built-in-science-nature-set-006,board,round-one,3,medium,physics,Inductance in SI Relations,Induktiivsus SI-seostes,A henry multiplied by one ampere equals which SI derived unit?,Millise SI tuletatud ühikuga võrdub ühe henry ja ühe ampri korrutis?,weber,weber,Wb,Wb,The relation 1 H = 1 Wb/A can be rearranged to 1 H·A = 1 Wb.,Seose 1 H = 1 Wb/A saab teisendada kujule 1 H·A = 1 Wb.,Henry (unit) — Wikipedia,https://en.wikipedia.org/wiki/Henry_(unit),CC-BY-SA-4.0,2026-08-20,reviewed,true
built-in-science-nature-clue-0034,built-in-science-nature,Science and Nature Pack,built-in-science-nature-set-006,board,round-one,4,medium,physics,Inductance in SI Relations,Induktiivsus SI-seostes,Which SI base unit has exponent positive one in a henry’s dimensions?,Millise SI-põhiühiku astendaja on henry dimensioonides võrdne ühega?,kilogram,kilogramm,kg,kg,"In SI base dimensions, the henry is kg·m²·s⁻²·A⁻², so the kilogram exponent is positive one.","SI-põhiühikutes on henry kg·m²·s⁻²·A⁻², seega võrdub kilogrammi astendaja ühega.",Henry (unit) — Wikipedia,https://en.wikipedia.org/wiki/Henry_(unit),CC-BY-SA-4.0,2026-08-20,reviewed,true
built-in-science-nature-clue-0035,built-in-science-nature,Science and Nature Pack,built-in-science-nature-set-006,board,round-one,5,medium,physics,Inductance in SI Relations,Induktiivsus SI-seostes,Which electromagnetic phenomenon did Joseph Henry independently discover?,Millise elektromagnetilise nähtuse avastas Joseph Henry iseseisvalt?,electromagnetic induction,elektromagnetiline induktsioon,induction,induktsioon,Henry’s experiments showed that a changing magnetic field can induce an electric effect.,"Henry katsed näitasid, et muutuv magnetväli võib tekitada elektrilise toime.",Henry (unit) — Wikipedia,https://en.wikipedia.org/wiki/Henry_(unit),CC-BY-SA-4.0,2026-08-20,reviewed,true
built-in-science-nature-clue-0036,built-in-science-nature,Science and Nature Pack,built-in-science-nature-set-007,board,round-one,1,easy,physics,Charge Storage and SI Relations,Laengu salvestamine ja SI-seosed,Which SI unit measures capacitance?,Milline SI-ühik mõõdab mahtuvust?,farad,farad,,,A farad quantifies a capacitor’s charge-storage capacity.,Farad väljendab kondensaatori võimet elektrilaengut salvestada.,Farad — Wikipedia,https://en.wikipedia.org/wiki/Farad,CC-BY-SA-4.0,2026-08-20,reviewed,true
built-in-science-nature-clue-0037,built-in-science-nature,Science and Nature Pack,built-in-science-nature-set-007,board,round-one,2,easy,physics,Charge Storage and SI Relations,Laengu salvestamine ja SI-seosed,Capacitance equals stored charge divided by what electrical quantity?,"Millise elektrilise suurusega tuleb salvestatud laeng jagada, et saada mahtuvus?",potential difference,potentsiaalide vahe,voltage|electric potential difference,pinge|elektripotentsiaalide vahe,The defining relation is capacitance C = Q/V.,Mahtuvuse määrav seos on C = Q/V.,Farad — Wikipedia,https://en.wikipedia.org/wiki/Farad,CC-BY-SA-4.0,2026-08-20,reviewed,true
built-in-science-nature-clue-0038,built-in-science-nature,Science and Nature Pack,built-in-science-nature-set-007,board,round-one,3,easy,physics,Charge Storage and SI Relations,Laengu salvestamine ja SI-seosed,Multiplying capacitance by electrical resistance produces which unit of time?,Milline ajaühik saadakse mahtuvuse ja elektritakistuse korrutamisel?,second,sekund,seconds|s,sekundid|s,"An ohm multiplied by a farad reduces to a second, the unit used for RC time constants.","Oomi ja faradi korrutis taandub sekundiks, mida kasutatakse RC-ajakonstandi ühikuna.",Farad — Wikipedia,https://en.wikipedia.org/wiki/Farad,CC-BY-SA-4.0,2026-08-20,reviewed,true
built-in-science-nature-clue-0039,built-in-science-nature,Science and Nature Pack,built-in-science-nature-set-007,board,round-one,4,easy,physics,Charge Storage and SI Relations,Laengu salvestamine ja SI-seosed,Is the capacitance unit an SI base unit or an SI derived unit?,Kas mahtuvusüksus on SI baasüksus või SI tuletatud üksus?,SI derived unit,SI tuletatud üksus,derived unit|derived SI unit,tuletatud ühik|tuletatud SI-ühik,"Capacitance is expressed through charge and potential difference, so its unit is derived.","Mahtuvust väljendatakse laengu ja potentsiaalide vahe kaudu, seega on selle ühik tuletatud.",Farad — Wikipedia,https://en.wikipedia.org/wiki/Farad,CC-BY-SA-4.0,2026-08-20,reviewed,true
built-in-science-nature-clue-0040,built-in-science-nature,Science and Nature Pack,built-in-science-nature-set-007,board,round-one,5,easy,physics,Charge Storage and SI Relations,Laengu salvestamine ja SI-seosed,Are ordinary electronic capacitors more often labelled in whole farads or microfarads?,Kas tavalised elektroonilised kondensaatorid on sagedamini märgistatud täisfaraadides või mikrofaraadides?,microfarads,mikrofaradid,,,"A whole farad is large for many conventional electronic components, so submultiples are common.","Üks farad on paljude tavaliste elektroonikakomponentide jaoks suur ühik, mistõttu kasutatakse sageli selle murdühikuid.",Farad — Wikipedia,https://en.wikipedia.org/wiki/Farad,CC-BY-SA-4.0,2026-08-20,reviewed,true
built-in-science-nature-clue-0041,built-in-science-nature,Science and Nature Pack,built-in-science-nature-set-008,board,round-one,1,hard,physics,Electric Flux and Charge,Elektrivoog ja laeng,Which law connects total electric flux with enclosed charge?,Milline seadus seob kogu elektrivoo pinna sees oleva laenguga?,Gauss’s law,Gaussi seadus,Gauss law,Gaussi seadus,Gauss’s law equates total electric flux with enclosed charge divided by permittivity.,Gaussi seadus võrdsustab kogu elektrivoo pinna sees oleva laengu ja dielektrilise läbitavuse jagatisega.,Gauss's law — Wikipedia,https://en.wikipedia.org/wiki/Gauss%27s_law,CC-BY-SA-4.0,2026-08-20,reviewed,true
built-in-science-nature-clue-0042,built-in-science-nature,Science and Nature Pack,built-in-science-nature-set-008,board,round-one,2,hard,physics,Electric Flux and Charge,Elektrivoog ja laeng,What adjective describes the surface required by Gauss’s law?,Milline peab olema Gaussi seaduses kasutatav pind?,closed,suletud,,,An open surface does not enclose a well-defined volume.,Avatud pind ei sisalda täpselt määratletud mahtu.,Gauss's law — Wikipedia,https://en.wikipedia.org/wiki/Gauss%27s_law,CC-BY-SA-4.0,2026-08-20,reviewed,true
built-in-science-nature-clue-0043,built-in-science-nature,Science and Nature Pack,built-in-science-nature-set-008,board,round-one,3,hard,physics,Electric Flux and Charge,Elektrivoog ja laeng,"In vacuum, enclosed charge is divided by which constant?",Millise konstandiga jagatakse vaakumis suletud pinna sisse jääv laeng?,vacuum permittivity,vaakumi dielektriline läbitavus,,,The integral law uses ε0 in its denominator.,Seaduse integraalkujus on nimetajas ε0.,Gauss's law — Wikipedia,https://en.wikipedia.org/wiki/Gauss%27s_law,CC-BY-SA-4.0,2026-08-20,reviewed,true
built-in-science-nature-clue-0044,built-in-science-nature,Science and Nature Pack,built-in-science-nature-set-008,board,round-one,4,hard,physics,Electric Flux and Charge,Elektrivoog ja laeng,Gauss’s law for electricity belongs to what famous set of four field equations?,Millisesse kuulsasse neljast väljvõrrandist koosnevasse süsteemi kuulub elektriline Gaussi seadus?,Maxwell’s equations,Maxwelli võrrandid,,,Together these equations form the field-theory core of classical electromagnetism.,Koos moodustavad need võrrandid klassikalise elektromagnetismi väliteooria tuumiku.,Gauss's law — Wikipedia,https://en.wikipedia.org/wiki/Gauss%27s_law,CC-BY-SA-4.0,2026-08-20,reviewed,true
built-in-science-nature-clue-0045,built-in-science-nature,Science and Nature Pack,built-in-science-nature-set-008,board,round-one,5,hard,physics,Electric Flux and Charge,Elektrivoog ja laeng,Which vector operator applied to the electric field appears in the differential form?,Milline elektriväljale rakendatav vektoroperaator esineb seaduse diferentsiaalkujus?,divergence,divergents,,,The divergence of E equals charge density divided by ε0.,Elektrivälja E divergents võrdub laengutiheduse ja ε0 jagatisega.,Gauss's law — Wikipedia,https://en.wikipedia.org/wiki/Gauss%27s_law,CC-BY-SA-4.0,2026-08-20,reviewed,true
built-in-science-nature-clue-0046,built-in-science-nature,Science and Nature Pack,built-in-science-nature-set-009,board,round-one,1,hard,physics,Inside the Standard Model,Standardmudeli sees,How many quark flavours occur in the Standard Model?,Mitu kvargilõhna esineb standardmudelis?,six,kuus,,,"They are up, down, charm, strange, top, and bottom.","Need on u-, d-, c-, s-, t- ja b-kvark.",Quark — Wikipedia,https://en.wikipedia.org/wiki/Quark,CC-BY-SA-4.0,2026-08-20,reviewed,true
built-in-science-nature-clue-0047,built-in-science-nature,Science and Nature Pack,built-in-science-nature-set-009,board,round-one,2,hard,physics,Inside the Standard Model,Standardmudeli sees,Which two quark flavours make protons and neutrons?,Millised kaks kvargilõhna moodustavad prootoneid ja neutroneid?,up and down,u- ja d-kvark,,,First-generation up and down quarks form ordinary nuclei.,Esimese põlvkonna u- ja d-kvargid moodustavad tavalisi aatomituumi.,Quark — Wikipedia,https://en.wikipedia.org/wiki/Quark,CC-BY-SA-4.0,2026-08-20,reviewed,true
built-in-science-nature-clue-0048,built-in-science-nature,Science and Nature Pack,built-in-science-nature-set-009,board,round-one,3,hard,physics,Inside the Standard Model,Standardmudeli sees,Do quarks carry integer or fractional electric charge?,Kas kvarkidel on täisarvuline või murruline elektrilaeng?,fractional electric charge,murruline elektrilaeng,,,Their charges are ±1/3 or ±2/3 of the elementary charge.,Nende laeng on ±1/3 või ±2/3 elementaarlaengust.,Quark — Wikipedia,https://en.wikipedia.org/wiki/Quark,CC-BY-SA-4.0,2026-08-20,reviewed,true
built-in-science-nature-clue-0049,built-in-science-nature,Science and Nature Pack,built-in-science-nature-set-009,board,round-one,4,hard,physics,Inside the Standard Model,Standardmudeli sees,What term describes why isolated quarks are not normally observed?,"Milline termin selgitab, miks üksikuid kvarke tavaliselt ei vaadelda?",colour confinement,värvivangistus,,,The strong interaction confines quarks inside hadrons.,Tugev vastastikmõju hoiab kvarke hadronite sees.,Quark — Wikipedia,https://en.wikipedia.org/wiki/Quark,CC-BY-SA-4.0,2026-08-20,reviewed,true
built-in-science-nature-clue-0050,built-in-science-nature,Science and Nature Pack,built-in-science-nature-set-009,board,round-one,5,hard,physics,Inside the Standard Model,Standardmudeli sees,Which physicist borrowed the word quark from James Joyce?,Milline füüsik laenas sõna quark James Joyce’ilt?,Murray Gell-Mann,Murray Gell-Mann,Gell-Mann,Gell-Mann,Gell-Mann adopted the spelling from Finnegans Wake.,Gell-Mann võttis kirjapildi teosest „Finnegans Wake“.,Quark — Wikipedia,https://en.wikipedia.org/wiki/Quark,CC-BY-SA-4.0,2026-08-20,reviewed,true
built-in-science-nature-clue-0051,built-in-science-nature,Science and Nature Pack,built-in-science-nature-set-010,board,round-one,1,easy,physics,Einstein's 1921 Nobel,Einsteini 1921. aasta Nobeli auhind,"For what phenomenon, not relativity, did Einstein receive the 1921 Nobel Prize in Physics?","Millise nähtuse, mitte relatiivsusteooria eest sai Einstein 1921. aasta Nobeli füüsikaauhinna?",the photoelectric effect,fotoefekt,,,The citation recognized his discovery of the law of the photoelectric effect.,Auhinnapõhjendus tunnustas tema fotoefekti seaduse avastamist.,Albert Einstein — Wikipedia,https://en.wikipedia.org/wiki/Albert_Einstein,CC-BY-SA-4.0,2026-08-20,reviewed,true
built-in-science-nature-clue-0052,built-in-science-nature,Science and Nature Pack,built-in-science-nature-set-010,board,round-one,2,easy,physics,Einstein's 1921 Nobel,Einsteini 1921. aasta Nobeli auhind,Which compact equation expresses mass-energy equivalence?,Milline kompaktne võrrand väljendab massi-energia samaväärsust?,E = mc²,E = mc²,E=mc2|E = mc^2,E=mc2|E = mc^2,The equation relates rest energy to mass and light speed squared.,Võrrand seob puhkeenergia massi ja valguse kiiruse ruuduga.,Albert Einstein — Wikipedia,https://en.wikipedia.org/wiki/Albert_Einstein,CC-BY-SA-4.0,2026-08-20,reviewed,true
built-in-science-nature-clue-0053,built-in-science-nature,Science and Nature Pack,built-in-science-nature-set-010,board,round-one,3,easy,physics,Einstein's 1921 Nobel,Einsteini 1921. aasta Nobeli auhind,Which 1915 theory describes gravitation as spacetime curvature?,Milline 1915. aasta teooria kirjeldab gravitatsiooni aegruumi kõverusena?,general relativity,üldrelatiivsusteooria,,,Einstein presented the general field equations in November 1915.,Einstein esitas üldised väljavõrrandid 1915. aasta novembris.,Albert Einstein — Wikipedia,https://en.wikipedia.org/wiki/Albert_Einstein,CC-BY-SA-4.0,2026-08-20,reviewed,true
built-in-science-nature-clue-0054,built-in-science-nature,Science and Nature Pack,built-in-science-nature-set-010,board,round-one,4,easy,physics,Einstein's 1921 Nobel,Einsteini 1921. aasta Nobeli auhind,In what year did Einstein publish his annus mirabilis papers?,Mis aastal avaldas Einstein oma annus mirabilis’e artiklid?,1905,1905,,,"The 1905 papers treated Brownian motion, light quanta, and special relativity.","1905. aasta artiklid käsitlesid Browni liikumist, valguskvante ja erirelatiivsusteooriat.",Albert Einstein — Wikipedia,https://en.wikipedia.org/wiki/Albert_Einstein,CC-BY-SA-4.0,2026-08-20,reviewed,true
built-in-science-nature-clue-0055,built-in-science-nature,Science and Nature Pack,built-in-science-nature-set-010,board,round-one,5,easy,physics,Einstein's 1921 Nobel,Einsteini 1921. aasta Nobeli auhind,In which German city was Einstein born in 1879?,Millises Saksamaa linnas sündis Einstein 1879. aastal?,Ulm,Ulm,,,Albert Einstein was born in Ulm on 14 March 1879.,Albert Einstein sündis 14. märtsil 1879 Ulmis.,Albert Einstein — Wikipedia,https://en.wikipedia.org/wiki/Albert_Einstein,CC-BY-SA-4.0,2026-08-20,reviewed,true
built-in-science-nature-clue-0056,built-in-science-nature,Science and Nature Pack,built-in-science-nature-set-011,board,round-one,1,easy,physics,Energy per Unit Charge,Energia laenguühiku kohta,Which scientific unit is named after the Italian nobleman Alessandro Volta?,Milline teaduslik üksus on nimetatud Itaalia aadliku Alessandro Volta järgi?,volt,volt,Volt,Volt,The volt honours Alessandro Volta and measures electric potential difference.,Volt on nimetatud Alessandro Volta auks ja mõõdab elektripotentsiaalide vahet.,Volt — Wikipedia,https://en.wikipedia.org/wiki/Volt,CC-BY-SA-4.0,2026-08-20,reviewed,true
built-in-science-nature-clue-0057,built-in-science-nature,Science and Nature Pack,built-in-science-nature-set-011,board,round-one,2,easy,physics,Energy per Unit Charge,Energia laenguühiku kohta,What capital letter is the SI symbol for electric potential difference?,Milline suurtäht on elektripotentsiaalide vahe SI-tähis?,V,V,,,The capital V follows the SI convention for a unit symbol derived from a personal name.,Suurtäht V järgib isikunimest tuletatud ühiku tähise SI-tava.,Volt — Wikipedia,https://en.wikipedia.org/wiki/Volt,CC-BY-SA-4.0,2026-08-20,reviewed,true
built-in-science-nature-clue-0058,built-in-science-nature,Science and Nature Pack,built-in-science-nature-set-011,board,round-one,3,easy,physics,Energy per Unit Charge,Energia laenguühiku kohta,One volt equals one watt divided by which SI base unit?,"Millise SI-põhiühikuga tuleb jagada üks vatt, et saada üks volt?",ampere,amper,A,A,The derived-unit relation is 1 V = 1 W/A.,Tuletatud ühiku suhe on 1 V = 1 W/A.,Volt — Wikipedia,https://en.wikipedia.org/wiki/Volt,CC-BY-SA-4.0,2026-08-20,reviewed,true
built-in-science-nature-clue-0059,built-in-science-nature,Science and Nature Pack,built-in-science-nature-set-011,board,round-one,4,easy,physics,Energy per Unit Charge,Energia laenguühiku kohta,A potential difference of one volt transfers how much energy per coulomb?,Kui palju energiat kuloni kohta kannab üle ühevoldine potentsiaalide vahe?,one joule,üks džaul,1 joule|a joule,1 džaul|džaul,A volt is equivalent to one joule of transferred energy per coulomb of charge.,Volt võrdub ühe džauli ülekantud energiaga kuloni kohta.,Volt — Wikipedia,https://en.wikipedia.org/wiki/Volt,CC-BY-SA-4.0,2026-08-20,reviewed,true
built-in-science-nature-clue-0060,built-in-science-nature,Science and Nature Pack,built-in-science-nature-set-011,board,round-one,5,easy,physics,Energy per Unit Charge,Energia laenguühiku kohta,A potential difference of one volt gives one elementary charge how much energy?,Kui palju energiat annab ühevoldine potentsiaalide vahe ühele elementaarlaengule?,one electronvolt,üks elektronvolt,1 eV|an electronvolt,1 eV|elektronvolt,An elementary charge crossing a potential difference of one volt gains one electronvolt of energy.,Ühevoldise potentsiaalide vahe läbiv elementaarlaeng saab ühe elektronvoldi energiat.,Volt — Wikipedia,https://en.wikipedia.org/wiki/Volt,CC-BY-SA-4.0,2026-08-20,reviewed,true
built-in-science-nature-clue-0061,built-in-science-nature,Science and Nature Pack,built-in-science-nature-set-012,board,round-one,1,medium,physics,Absorbed Dose and Biological Weighting,Neeldumisdoos ja bioloogiline kaalumine,Which SI unit measures absorbed dose of ionizing radiation?,Milline SI-ühik mõõdab ioniseeriva kiirguse neeldumisdoosi?,gray,grei,,,Absorbed dose compares deposited ionizing-radiation energy with the mass receiving it.,Neeldumisdoos võrdleb neeldunud ioniseeriva kiirguse energiat selle vastu võtnud massiga.,Gray (unit) — Wikipedia,https://en.wikipedia.org/wiki/Gray_(unit),CC-BY-SA-4.0,2026-08-20,reviewed,true
built-in-science-nature-clue-0062,built-in-science-nature,Science and Nature Pack,built-in-science-nature-set-012,board,round-one,2,medium,physics,Absorbed Dose and Biological Weighting,Neeldumisdoos ja bioloogiline kaalumine,One gray equals one joule of deposited energy per what mass?,Üks grei võrdub ühe džauli neeldunud energiaga millise massi kohta?,one kilogram,üks kilogramm,kilogram|1 kg,kilogramm|1 kg,The gray has the defining relation 1 Gy = 1 J/kg.,Grei määrav seos on 1 Gy = 1 J/kg.,Gray (unit) — Wikipedia,https://en.wikipedia.org/wiki/Gray_(unit),CC-BY-SA-4.0,2026-08-20,reviewed,true
built-in-science-nature-clue-0063,built-in-science-nature,Science and Nature Pack,built-in-science-nature-set-012,board,round-one,3,medium,physics,Absorbed Dose and Biological Weighting,Neeldumisdoos ja bioloogiline kaalumine,What field studies the biological effects of ionizing radiation?,Milline teadusala uurib ioniseeriva kiirguse bioloogilist mõju?,radiobiology,radiobioloogia,,,Radiobiology connects radiation exposure with effects in living tissue.,Radiobioloogia seostab kiirgusega kokkupuudet selle mõjuga eluskoele.,Gray (unit) — Wikipedia,https://en.wikipedia.org/wiki/Gray_(unit),CC-BY-SA-4.0,2026-08-20,reviewed,true
built-in-science-nature-clue-0064,built-in-science-nature,Science and Nature Pack,built-in-science-nature-set-012,board,round-one,4,medium,physics,Absorbed Dose and Biological Weighting,Neeldumisdoos ja bioloogiline kaalumine,Which unit applies biological weighting to radiation dose?,Milline ühik rakendab kiirgusdoosile bioloogilist kaalumist?,sievert,siivert,,,The sievert applies radiation and tissue weighting rather than reporting raw absorbed energy per mass.,"Siivert rakendab kiirguse ja koe kaalutegureid, mitte ei esita üksnes massiühiku kohta neeldunud energiat.",Gray (unit) — Wikipedia,https://en.wikipedia.org/wiki/Gray_(unit),CC-BY-SA-4.0,2026-08-20,reviewed,true
built-in-science-nature-clue-0065,built-in-science-nature,Science and Nature Pack,built-in-science-nature-set-012,board,round-one,5,medium,physics,Absorbed Dose and Biological Weighting,Neeldumisdoos ja bioloogiline kaalumine,How many rad equal one gray?,Mitu radi võrdub ühe greiga?,100 rad,100 rad,one hundred rad|100,sada radi|100,"The gray replaced the rad in SI usage, with 1 Gy equal to 100 rad.",SI-kasutuses asendas grei radi ning 1 Gy võrdub 100 radiga.,Gray (unit) — Wikipedia,https://en.wikipedia.org/wiki/Gray_(unit),CC-BY-SA-4.0,2026-08-20,reviewed,true
built-in-science-nature-clue-0066,built-in-science-nature,Science and Nature Pack,built-in-science-nature-set-013,board,round-one,1,easy,chemistry,Dry Ice Under Pressure,Kuivjää rõhu all,Dry ice is the solid form of which compound?,Millise ühendi tahke vorm on kuivjää?,carbon dioxide,süsinikdioksiid,CO2,CO2,At one atmosphere carbon dioxide cannot form a stable liquid because atmospheric pressure is below its triple-point pressure.,"Ühe atmosfääri rõhul ei saa süsinikdioksiid moodustada stabiilset vedelikku, sest rõhk jääb alla selle kolmikpunkti rõhu.",Dry ice — Wikipedia,https://en.wikipedia.org/wiki/Dry_ice,CC-BY-SA-4.0,2026-08-20,reviewed,true
built-in-science-nature-clue-0067,built-in-science-nature,Science and Nature Pack,built-in-science-nature-set-013,board,round-one,2,easy,chemistry,Dry Ice Under Pressure,Kuivjää rõhu all,What phase change turns dry ice directly into gas?,Milline faasimuutus muudab kuiva jää otse gaasiks?,sublimation,sublimatsioon,,,"At ordinary pressure, solid CO2 sublimates rather than melts.","Tavalisel rõhul tahke CO2 sublimeerub, mitte ei sula.",Dry ice — Wikipedia,https://en.wikipedia.org/wiki/Dry_ice,CC-BY-SA-4.0,2026-08-20,reviewed,true
built-in-science-nature-clue-0068,built-in-science-nature,Science and Nature Pack,built-in-science-nature-set-013,board,round-one,3,easy,chemistry,Dry Ice Under Pressure,Kuivjää rõhu all,Near what Celsius temperature does dry ice sublime at one atmosphere?,Ligikaudu millisel temperatuuril Celsiuse skaalal sublimeerub kuivjää ühe atmosfääri rõhul?,−78.5 °C,"−78,5 °C",-78.5 C|−78.5 degrees Celsius,"-78,5 C|−78,5 kraadi Celsiuse järgi","The value is about 194.7 K, far below water's freezing point.","See väärtus on ligikaudu 194,7 K, mis jääb vee külmumispunktist palju madalamale.",Dry ice — Wikipedia,https://en.wikipedia.org/wiki/Dry_ice,CC-BY-SA-4.0,2026-08-20,reviewed,true
built-in-science-nature-clue-0069,built-in-science-nature,Science and Nature Pack,built-in-science-nature-set-013,board,round-one,4,easy,chemistry,Dry Ice Under Pressure,Kuivjää rõhu all,Why does dry ice not leave a liquid puddle at one atmosphere?,Miks ei jäta kuivjää ühe atmosfääri rõhul vedelikulompi?,liquid carbon dioxide is not stable at that pressure,vedel süsinikdioksiid ei ole sellel rõhul stabiilne,,,CO2 requires pressure above its triple point to form liquid.,Vedeliku moodustamiseks vajab CO2 kolmikpunkti rõhust kõrgemat rõhku.,Dry ice — Wikipedia,https://en.wikipedia.org/wiki/Dry_ice,CC-BY-SA-4.0,2026-08-20,reviewed,true
built-in-science-nature-clue-0070,built-in-science-nature,Science and Nature Pack,built-in-science-nature-set-013,board,round-one,5,easy,chemistry,Dry Ice Under Pressure,Kuivjää rõhu all,"When dry ice is placed in water, where does the visible fog’s water come from?","Kui kuivjää asetatakse vette, siis kust pärineb nähtavas udus olev vesi?",the bulk water,mahutis olev vesi,water in the container|the surrounding liquid water,mahuti vesi|ümbritsev vedel vesi,"In the water-and-dry-ice setup, the fog originates from bulk water rather than atmospheric water vapour.","Vee ja kuivjää katses pärineb udu mahutis olevast veest, mitte atmosfääri veeaurust.",Dry ice — Wikipedia,https://en.wikipedia.org/wiki/Dry_ice,CC-BY-SA-4.0,2026-08-20,reviewed,true
built-in-science-nature-clue-0071,built-in-science-nature,Science and Nature Pack,built-in-science-nature-set-014,board,round-one,1,easy,chemistry,A Familiar Transition Metal,Tuttav siirdemetall,Which element has the chemical symbol Fe?,Millisel elemendil on keemiline sümbol Fe?,iron,raud,,,Fe comes from the Latin ferrum.,Tähis Fe tuleneb ladinakeelsest sõnast ferrum.,Iron — Wikipedia,https://en.wikipedia.org/wiki/Iron,CC-BY-SA-4.0,2026-08-20,reviewed,true
built-in-science-nature-clue-0072,built-in-science-nature,Science and Nature Pack,built-in-science-nature-set-014,board,round-one,2,easy,chemistry,A Familiar Transition Metal,Tuttav siirdemetall,What atomic number identifies iron?,Mis on raua aatomnumber?,26,26,,,Every iron atom has 26 protons.,Igal raua aatomil on 26 prootonit.,Iron — Wikipedia,https://en.wikipedia.org/wiki/Iron,CC-BY-SA-4.0,2026-08-20,reviewed,true
built-in-science-nature-clue-0073,built-in-science-nature,Science and Nature Pack,built-in-science-nature-set-014,board,round-one,3,easy,chemistry,A Familiar Transition Metal,Tuttav siirdemetall,Iron alloyed chiefly with which nonmetal forms steel?,Peamiselt millise mittemetalliga legeeritud raud moodustab terase?,carbon,süsinik,,,"Carbon changes iron’s crystal structure and mechanical properties, producing the alloy family called steel.",Süsinik muudab raua kristallstruktuuri ja mehaanilisi omadusi ning koos rauaga moodustab terasesulamite perekonna.,Iron — Wikipedia,https://en.wikipedia.org/wiki/Iron,CC-BY-SA-4.0,2026-08-20,reviewed,true
built-in-science-nature-clue-0074,built-in-science-nature,Science and Nature Pack,built-in-science-nature-set-014,board,round-one,4,easy,chemistry,A Familiar Transition Metal,Tuttav siirdemetall,What general class of compounds makes up ordinary rust?,Milline üldine ühendite klass moodustab tavalise rooste?,iron oxides,raudoksiidid,hydrated iron oxides|iron oxides and hydroxides,hüdraatunud raudoksiidid|raudoksiidid ja -hüdroksiidid,Rust consists mainly of hydrated iron(III) oxides and related compounds.,Rooste koosneb peamiselt hüdraatunud raud(III)oksiididest ja nendega seotud ühenditest.,Iron — Wikipedia,https://en.wikipedia.org/wiki/Iron,CC-BY-SA-4.0,2026-08-20,reviewed,true
built-in-science-nature-clue-0075,built-in-science-nature,Science and Nature Pack,built-in-science-nature-set-014,board,round-one,5,easy,chemistry,A Familiar Transition Metal,Tuttav siirdemetall,"Below its Curie temperature, what strong magnetic behavior can iron display?",Milline tugev magnetiline nähtus võib rauas ilmneda Curie’ temperatuurist madalamal?,ferromagnetism,ferromagnetism,,,Domains in iron can align to produce persistent magnetization.,Raua domeenid võivad joonduda ja tekitada püsiva magnetiseerumuse.,Iron — Wikipedia,https://en.wikipedia.org/wiki/Iron,CC-BY-SA-4.0,2026-08-20,reviewed,true
built-in-science-nature-clue-0076,built-in-science-nature,Science and Nature Pack,built-in-science-nature-set-015,board,round-one,1,easy,chemistry,Bent Molecules and Phase Points,Nurgelised molekulid ja faasipunktid,What is the common name for dihydrogen monoxide?,Mis on divesinikmonooksiidi üldnimetus?,water,vesi,,,The joke-style systematic name spells out a molecule made from two hydrogen atoms and one oxygen atom.,Naljatlev süstemaatiline nimi kirjeldab kahest vesinikuaatomist ja ühest hapnikuaatomist koosnevat molekuli.,Water — Wikipedia,https://en.wikipedia.org/wiki/Water,CC-BY-SA-4.0,2026-08-20,reviewed,true
built-in-science-nature-clue-0077,built-in-science-nature,Science and Nature Pack,built-in-science-nature-set-015,board,round-one,2,easy,chemistry,Bent Molecules and Phase Points,Nurgelised molekulid ja faasipunktid,What molecular formula represents water?,Milline molekulaarvalem tähistab vett?,H2O,H2O,,,Each molecule contains two hydrogen atoms and one oxygen atom.,Iga molekul sisaldab kahte vesinikuaatomit ja ühte hapnikuaatomit.,Water — Wikipedia,https://en.wikipedia.org/wiki/Water,CC-BY-SA-4.0,2026-08-20,reviewed,true
built-in-science-nature-clue-0078,built-in-science-nature,Science and Nature Pack,built-in-science-nature-set-015,board,round-one,3,easy,chemistry,Bent Molecules and Phase Points,Nurgelised molekulid ja faasipunktid,Is a water molecule polar or nonpolar?,Kas veemolekul on polaarne või mittepolaarne?,polar,polaarne,,,Its bent geometry leaves an uneven charge distribution.,Molekuli nurgeline geomeetria põhjustab ebaühtlase laengujaotuse.,Water — Wikipedia,https://en.wikipedia.org/wiki/Water,CC-BY-SA-4.0,2026-08-20,reviewed,true
built-in-science-nature-clue-0079,built-in-science-nature,Science and Nature Pack,built-in-science-nature-set-015,board,round-one,4,easy,chemistry,Bent Molecules and Phase Points,Nurgelised molekulid ja faasipunktid,"At one atmosphere, at what Celsius temperatures does pure water freeze and boil?",Millistel temperatuuridel Celsiuse skaalal külmub ja keeb puhas vesi ühe atmosfääri rõhul?,0 °C and 100 °C,0 °C ja 100 °C,,,The familiar phase points define the Celsius scale historically.,Need tuntud faasipunktid olid ajalooliselt Celsiuse skaala aluseks.,Water — Wikipedia,https://en.wikipedia.org/wiki/Water,CC-BY-SA-4.0,2026-08-20,reviewed,true
built-in-science-nature-clue-0080,built-in-science-nature,Science and Nature Pack,built-in-science-nature-set-015,board,round-one,5,easy,chemistry,Bent Molecules and Phase Points,Nurgelised molekulid ja faasipunktid,Near what Celsius temperature is liquid water densest?,Ligikaudu millisel temperatuuril Celsiuse skaalal on vedel vesi kõige tihedam?,4 °C,4 °C,,,Water reaches maximum density near 4 °C before expanding on further cooling.,Vesi saavutab suurima tiheduse ligikaudu 4 °C juures ja hakkab edasisel jahtumisel paisuma.,Water — Wikipedia,https://en.wikipedia.org/wiki/Water,CC-BY-SA-4.0,2026-08-20,reviewed,true
built-in-science-nature-clue-0081,built-in-science-nature,Science and Nature Pack,built-in-science-nature-set-016,board,round-one,1,easy,chemistry,SI Particle Counting,Osakeste loendamine SI-s,What base quantity does the mole measure?,Millist põhisuurust mõõdab mool?,amount of substance,ainehulk,,,Amount of substance connects a counted collection of specified microscopic entities with a macroscopic sample.,Ainehulk seob kindlaksmääratud mikroskoopiliste osakeste loendatava hulga makroskoopilise prooviga.,Mole (unit) — Wikipedia,https://en.wikipedia.org/wiki/Mole_(unit),CC-BY-SA-4.0,2026-08-20,reviewed,true
built-in-science-nature-clue-0082,built-in-science-nature,Science and Nature Pack,built-in-science-nature-set-016,board,round-one,2,easy,chemistry,SI Particle Counting,Osakeste loendamine SI-s,What is the SI symbol for mole?,Mis on mooli SI-tähis?,mol,mol,,,The SI symbol for the mole is the lowercase three-letter form mol.,Mooli SI-tähis on kolmest väiketähest koosnev mol.,Mole (unit) — Wikipedia,https://en.wikipedia.org/wiki/Mole_(unit),CC-BY-SA-4.0,2026-08-20,reviewed,true
built-in-science-nature-clue-0083,built-in-science-nature,Science and Nature Pack,built-in-science-nature-set-016,board,round-one,3,easy,chemistry,SI Particle Counting,Osakeste loendamine SI-s,Which constant gives the number of entities per mole?,Milline konstant annab olemite arvu mooli kohta?,Avogadro constant,Avogadro konstant,,,The named constant is the fixed particle-count reference used to define the mole.,"Avogadro konstant on fikseeritud osakeste arvu etalon, mille abil määratletakse mool.",Mole (unit) — Wikipedia,https://en.wikipedia.org/wiki/Mole_(unit),CC-BY-SA-4.0,2026-08-20,reviewed,true
built-in-science-nature-clue-0084,built-in-science-nature,Science and Nature Pack,built-in-science-nature-set-016,board,round-one,4,easy,chemistry,SI Particle Counting,Osakeste loendamine SI-s,How many specified entities are in exactly one mole?,Mitu kindlaksmääratud osakest on täpselt ühes moolis?,6.02214076 × 10²³,"6,02214076 × 10²³",6.02214076e23,"6,02214076e23",The SI definition fixes this count exactly when defining one mole.,SI definitsioon määrab selle arvu täpselt ühe mooli määratlemisel.,Mole (unit) — Wikipedia,https://en.wikipedia.org/wiki/Mole_(unit),CC-BY-SA-4.0,2026-08-20,reviewed,true
built-in-science-nature-clue-0085,built-in-science-nature,Science and Nature Pack,built-in-science-nature-set-016,board,round-one,5,easy,chemistry,SI Particle Counting,Osakeste loendamine SI-s,In what year did the SI definition based on an exact Avogadro constant take effect?,Mis aastal jõustus Avogadro konstandi täpsel väärtusel põhinev SI-määratlus?,2019,2019,,,The revised SI took effect on 20 May 2019.,Muudetud SI-süsteem jõustus 20. mail 2019.,Mole (unit) — Wikipedia,https://en.wikipedia.org/wiki/Mole_(unit),CC-BY-SA-4.0,2026-08-20,reviewed,true
built-in-science-nature-clue-0086,built-in-science-nature,Science and Nature Pack,built-in-science-nature-set-017,board,round-two,1,easy,chemistry,An Alloying Element with Two Allotropes,Kahe allotroobiga legeerelement,What chemical symbol represents tin?,Milline keemiline sümbol tähistab tina?,Sn,Sn,,,Sn preserves a Latin-derived historical symbol rather than the English spelling.,Sn säilitab ingliskeelse nimetuse asemel ladina keelest pärineva ajaloolise tähise.,Tin — Wikipedia,https://en.wikipedia.org/wiki/Tin,CC-BY-SA-4.0,2026-08-20,reviewed,true
built-in-science-nature-clue-0087,built-in-science-nature,Science and Nature Pack,built-in-science-nature-set-017,board,round-two,2,easy,chemistry,An Alloying Element with Two Allotropes,Kahe allotroobiga legeerelement,What is tin’s atomic number?,Mis on tina aatomnumber?,50,50,,,Tin atoms contain 50 protons.,Tina aatomid sisaldavad 50 prootonit.,Tin — Wikipedia,https://en.wikipedia.org/wiki/Tin,CC-BY-SA-4.0,2026-08-20,reviewed,true
built-in-science-nature-clue-0088,built-in-science-nature,Science and Nature Pack,built-in-science-nature-set-017,board,round-two,3,easy,chemistry,An Alloying Element with Two Allotropes,Kahe allotroobiga legeerelement,Tin combined chiefly with which metal produces bronze?,Peamiselt millise metalliga moodustab tina pronksi?,copper,vask,,,Traditional bronze is principally a copper-tin alloy.,Traditsiooniline pronks on peamiselt vase-tina sulam.,Tin — Wikipedia,https://en.wikipedia.org/wiki/Tin,CC-BY-SA-4.0,2026-08-20,reviewed,true
built-in-science-nature-clue-0089,built-in-science-nature,Science and Nature Pack,built-in-science-nature-set-017,board,round-two,4,easy,chemistry,An Alloying Element with Two Allotropes,Kahe allotroobiga legeerelement,Which Latin word explains tin’s symbol Sn?,Milline ladinakeelne sõna selgitab tina tähist Sn?,stannum,stannum,,,The symbol preserves the first letters of stannum.,Tähis säilitab sõna stannum esimesed tähed.,Tin — Wikipedia,https://en.wikipedia.org/wiki/Tin,CC-BY-SA-4.0,2026-08-20,reviewed,true
built-in-science-nature-clue-0090,built-in-science-nature,Science and Nature Pack,built-in-science-nature-set-017,board,round-two,5,easy,chemistry,An Alloying Element with Two Allotropes,Kahe allotroobiga legeerelement,What name describes beta tin changing to brittle alpha tin in cold conditions?,Milline nimi kirjeldab beeta-tina muutumist hapraks alfa-tinaks külmades tingimustes?,tin pest,tinakatk,,,The allotrope transition can make metallic tin crumble.,See allotroopne üleminek võib panna metallilise tina murenema.,Tin — Wikipedia,https://en.wikipedia.org/wiki/Tin,CC-BY-SA-4.0,2026-08-20,reviewed,true
built-in-science-nature-clue-0091,built-in-science-nature,Science and Nature Pack,built-in-science-nature-set-018,board,round-two,1,easy,chemistry,A Noble Gas from Liquefied Air,Veeldatud õhust saadav väärisgaas,Which noble gas has atomic number 10?,Millise väärisgaasi aatomnumber on 10?,neon,neoon,,,Neon belongs to group 18.,Neoon kuulub 18. rühma.,Neon — Wikipedia,https://en.wikipedia.org/wiki/Neon,CC-BY-SA-4.0,2026-08-20,reviewed,true
built-in-science-nature-clue-0092,built-in-science-nature,Science and Nature Pack,built-in-science-nature-set-018,board,round-two,2,easy,chemistry,A Noble Gas from Liquefied Air,Veeldatud õhust saadav väärisgaas,What chemical symbol represents neon?,Milline keemiline sümbol tähistab neooni?,Ne,Ne,,,"Ne uses a capital N followed by lowercase e, distinguishing neon’s symbol from ordinary letter case.",Tähises Ne järgneb suurtähele N väiketäht e.,Neon — Wikipedia,https://en.wikipedia.org/wiki/Neon,CC-BY-SA-4.0,2026-08-20,reviewed,true
built-in-science-nature-clue-0093,built-in-science-nature,Science and Nature Pack,built-in-science-nature-set-018,board,round-two,3,easy,chemistry,A Noble Gas from Liquefied Air,Veeldatud õhust saadav väärisgaas,"At standard conditions, does neon occur as single atoms or molecules?",Kas standardtingimustes esineb neoon üksikute aatomitena või molekulidena?,single atoms,üksikute aatomitena,monatomic|individual atoms,üheaatomiline|üksikud aatomid,"Like the other noble gases, neon occurs as individual atoms under standard conditions.","Nagu teised väärisgaasid, esineb ka neoon üksikute aatomitena standardtingimustes.",Neon — Wikipedia,https://en.wikipedia.org/wiki/Neon,CC-BY-SA-4.0,2026-08-20,reviewed,true
built-in-science-nature-clue-0094,built-in-science-nature,Science and Nature Pack,built-in-science-nature-set-018,board,round-two,4,easy,chemistry,A Noble Gas from Liquefied Air,Veeldatud õhust saadav väärisgaas,What colour does pure neon characteristically glow in a discharge tube?,Mis värvi helendab puhas neoon gaaslahendustorus?,reddish orange,punakasoranž,,,Excited neon emits a distinctive reddish-orange light.,Ergastatud neoon kiirgab iseloomulikku punakasoranži valgust.,Neon — Wikipedia,https://en.wikipedia.org/wiki/Neon,CC-BY-SA-4.0,2026-08-20,reviewed,true
built-in-science-nature-clue-0095,built-in-science-nature,Science and Nature Pack,built-in-science-nature-set-018,board,round-two,5,easy,chemistry,A Noble Gas from Liquefied Air,Veeldatud õhust saadav väärisgaas,Which two chemists discovered neon in 1898?,Millised kaks keemikut avastasid neooni 1898. aastal?,William Ramsay and Morris Travers,William Ramsay ja Morris Travers,Ramsay and Travers,Ramsay ja Travers,They isolated neon while studying liquefied air in 1898.,Nad eraldasid neooni 1898. aastal veeldatud õhku uurides.,Neon — Wikipedia,https://en.wikipedia.org/wiki/Neon,CC-BY-SA-4.0,2026-08-20,reviewed,true
built-in-science-nature-clue-0096,built-in-science-nature,Science and Nature Pack,built-in-science-nature-set-019,board,round-two,1,easy,chemistry,Glucose Structure and Classification,Glükoosi struktuur ja liigitus,Is glucose a monosaccharide or a polysaccharide?,Kas glükoos on monosahhariid või polüsahhariid?,monosaccharide,monosahhariid,,,Glucose is a single sugar unit.,Glükoos on üks suhkruühik.,Glucose — Wikipedia,https://en.wikipedia.org/wiki/Glucose,CC-BY-SA-4.0,2026-08-20,reviewed,true
built-in-science-nature-clue-0097,built-in-science-nature,Science and Nature Pack,built-in-science-nature-set-019,board,round-two,2,easy,chemistry,Glucose Structure and Classification,Glükoosi struktuur ja liigitus,How many carbon atoms occur in one glucose molecule?,Mitu süsinikuaatomit on ühes glükoosimolekulis?,six,kuus,,,Its six-carbon backbone distinguishes glucose from five-carbon sugars such as ribose.,"Kuue süsinikuaatomiga põhiahel eristab glükoosi viie süsinikuaatomiga suhkrutest, näiteks riboosist.",Glucose — Wikipedia,https://en.wikipedia.org/wiki/Glucose,CC-BY-SA-4.0,2026-08-20,reviewed,true
built-in-science-nature-clue-0098,built-in-science-nature,Science and Nature Pack,built-in-science-nature-set-019,board,round-two,3,easy,chemistry,Glucose Structure and Classification,Glükoosi struktuur ja liigitus,What is the molecular formula of glucose?,Mis on glükoosi molekulaarvalem?,C6H12O6,C6H12O6,,,"A glucose molecule contains six carbons, twelve hydrogens, and six oxygens.","Glükoosimolekul sisaldab kuut süsiniku-, kahtteist vesiniku- ja kuut hapnikuaatomit.",Glucose — Wikipedia,https://en.wikipedia.org/wiki/Glucose,CC-BY-SA-4.0,2026-08-20,reviewed,true
built-in-science-nature-clue-0099,built-in-science-nature,Science and Nature Pack,built-in-science-nature-set-019,board,round-two,4,easy,chemistry,Glucose Structure and Classification,Glükoosi struktuur ja liigitus,What term classifies glucose as a six-carbon sugar with an aldehyde form?,"Milline termin liigitab glükoosi kuue süsinikuaatomiga suhkruks, millel on aldehüüdrühm?",aldohexose,aldoheksoos,,,Aldo- denotes an aldehyde and hexose denotes six carbons.,Eesliide aldo- tähistab aldehüüdi ja heksoos kuut süsinikuaatomit.,Glucose — Wikipedia,https://en.wikipedia.org/wiki/Glucose,CC-BY-SA-4.0,2026-08-20,reviewed,true
built-in-science-nature-clue-0100,built-in-science-nature,Science and Nature Pack,built-in-science-nature-set-019,board,round-two,5,easy,chemistry,Glucose Structure and Classification,Glükoosi struktuur ja liigitus,"Which enantiomer, D-glucose or L-glucose, predominates in living organisms?","Milline enantiomeer, D-glükoos või L-glükoos, on elusorganismides ülekaalus?",D-glucose,D-glükoos,,,Biochemistry overwhelmingly uses D-glucose.,Biokeemilistes protsessides kasutatakse valdavalt D-glükoosi.,Glucose — Wikipedia,https://en.wikipedia.org/wiki/Glucose,CC-BY-SA-4.0,2026-08-20,reviewed,true
built-in-science-nature-clue-0101,built-in-science-nature,Science and Nature Pack,built-in-science-nature-set-020,board,round-two,1,hard,chemistry,A Turning Point in Organic Chemistry,Orgaanilise keemia pöördepunkt,Which organic compound became famous as a laboratory-made product from inorganic starting material?,"Milline orgaaniline ühend sai tuntuks seetõttu, et see valmistati laboris anorgaanilisest lähteainest?",urea,karbamiid,,,The laboratory production of urea became a landmark in the history of organic chemistry.,Karbamiidi laboratoorne valmistamine sai orgaanilise keemia ajaloo verstapostiks.,Wöhler synthesis — Wikipedia,https://en.wikipedia.org/wiki/W%C3%B6hler_synthesis,CC-BY-SA-4.0,2026-08-20,reviewed,true
built-in-science-nature-clue-0102,built-in-science-nature,Science and Nature Pack,built-in-science-nature-set-020,board,round-two,2,hard,chemistry,A Turning Point in Organic Chemistry,Orgaanilise keemia pöördepunkt,Which German chemist performed the synthesis?,Milline Saksa keemik selle sünteesi teostas?,Friedrich Wöhler,Friedrich Wöhler,Wöhler,Wöhler,The experiment took the chemist’s name and became a landmark example in organic chemistry.,Katse sai keemiku nime ja kujunes orgaanilise keemia tähelepanuväärseks näiteks.,Wöhler synthesis — Wikipedia,https://en.wikipedia.org/wiki/W%C3%B6hler_synthesis,CC-BY-SA-4.0,2026-08-20,reviewed,true
built-in-science-nature-clue-0103,built-in-science-nature,Science and Nature Pack,built-in-science-nature-set-020,board,round-two,3,hard,chemistry,A Turning Point in Organic Chemistry,Orgaanilise keemia pöördepunkt,In what year was the Wöhler synthesis first reported?,Mis aastal Wöhleri sünteesist esimest korda teatati?,1828,1828,,,The 1828 result became a landmark because it produced an organic compound from inorganic starting material.,"1828. aasta tulemus kujunes verstapostiks, sest anorgaanilisest lähteainest valmistati orgaaniline ühend.",Wöhler synthesis — Wikipedia,https://en.wikipedia.org/wiki/W%C3%B6hler_synthesis,CC-BY-SA-4.0,2026-08-20,reviewed,true
built-in-science-nature-clue-0104,built-in-science-nature,Science and Nature Pack,built-in-science-nature-set-020,board,round-two,4,hard,chemistry,A Turning Point in Organic Chemistry,Orgaanilise keemia pöördepunkt,Which inorganic salt rearranged to form urea?,"Millise anorgaanilise soola struktuur muutus, moodustades karbamiidi?",ammonium cyanate,ammooniumtsüanaat,,,"The inorganic salt rearranges without changing its elemental formula, yielding an organic compound with a different structure.",Anorgaanilise soola struktuur muutub elementkoostist muutmata ning tekib teistsuguse struktuuriga orgaaniline ühend.,Wöhler synthesis — Wikipedia,https://en.wikipedia.org/wiki/W%C3%B6hler_synthesis,CC-BY-SA-4.0,2026-08-20,reviewed,true
built-in-science-nature-clue-0105,built-in-science-nature,Science and Nature Pack,built-in-science-nature-set-020,board,round-two,5,hard,chemistry,A Turning Point in Organic Chemistry,Orgaanilise keemia pöördepunkt,Which doctrine claimed organic substances required a living vital force?,"Milline õpetus väitis, et orgaaniliste ainete tekkeks on vaja elusorganismi elujõudu?",vitalism,vitalism,,,The synthesis weakened a strict divide between organic and inorganic chemistry.,See süntees nõrgestas orgaanilise ja anorgaanilise keemia ranget eristamist.,Wöhler synthesis — Wikipedia,https://en.wikipedia.org/wiki/W%C3%B6hler_synthesis,CC-BY-SA-4.0,2026-08-20,reviewed,true
built-in-science-nature-clue-0106,built-in-science-nature,Science and Nature Pack,built-in-science-nature-set-021,board,round-two,1,easy,chemistry,An Atmospheric Element,Element atmosfääris,What chemical symbol represents oxygen?,Milline keemiline sümbol tähistab hapnikku?,O,O,,,The one-letter symbol is used for both atomic oxygen and as the first character in molecular formulas such as O2.,Ühetähelist sümbolit kasutatakse nii aatomhapniku kui ka selliste molekulaarsete valemite nagu O2 esimese märgina.,Oxygen — Wikipedia,https://en.wikipedia.org/wiki/Oxygen,CC-BY-SA-4.0,2026-08-20,reviewed,true
built-in-science-nature-clue-0107,built-in-science-nature,Science and Nature Pack,built-in-science-nature-set-021,board,round-two,2,easy,chemistry,An Atmospheric Element,Element atmosfääris,How many protons are in every oxygen atom?,Mitu prootonit on igas hapnikuaatomis?,eight,kaheksa,,,Oxygen’s atomic number is 8.,Hapniku aatominumber on 8.,Oxygen — Wikipedia,https://en.wikipedia.org/wiki/Oxygen,CC-BY-SA-4.0,2026-08-20,reviewed,true
built-in-science-nature-clue-0108,built-in-science-nature,Science and Nature Pack,built-in-science-nature-set-021,board,round-two,3,easy,chemistry,An Atmospheric Element,Element atmosfääris,What two-atom molecule makes up about 21 percent of dry air?,Milline kaheaatomiline molekul moodustab umbes 21 protsenti kuivast õhust?,O2,O2,,,Most free atmospheric oxygen is dioxygen.,Suurem osa atmosfääri vabast hapnikust esineb dihapnikuna.,Oxygen — Wikipedia,https://en.wikipedia.org/wiki/Oxygen,CC-BY-SA-4.0,2026-08-20,reviewed,true
built-in-science-nature-clue-0109,built-in-science-nature,Science and Nature Pack,built-in-science-nature-set-021,board,round-two,4,easy,chemistry,An Atmospheric Element,Element atmosfääris,Which three-oxygen allotrope absorbs much ultraviolet radiation?,Milline kolmehapnikuline allotroop neelab palju ultraviolettkiirgust?,ozone,osoon,,,Ozone has formula O3 and is concentrated in the stratospheric ozone layer.,Osoonil on valem O3 ja see on koondunud stratosfääri osoonikihti.,Oxygen — Wikipedia,https://en.wikipedia.org/wiki/Oxygen,CC-BY-SA-4.0,2026-08-20,reviewed,true
built-in-science-nature-clue-0110,built-in-science-nature,Science and Nature Pack,built-in-science-nature-set-021,board,round-two,5,easy,chemistry,An Atmospheric Element,Element atmosfääris,Which chemist coined the name oxygen in the 1770s?,Milline keemik võttis 1770. aastatel kasutusele hapniku rahvusvahelise nimetuse oxygen?,Antoine Lavoisier,Antoine Lavoisier,Lavoisier,Lavoisier,Lavoisier named the element from Greek roots meaning acid-former.,"Lavoisier tuletas elemendi nimetuse kreeka sõnatüvedest, mis tähendavad happe moodustajat.",Oxygen — Wikipedia,https://en.wikipedia.org/wiki/Oxygen,CC-BY-SA-4.0,2026-08-20,reviewed,true
built-in-science-nature-clue-0111,built-in-science-nature,Science and Nature Pack,built-in-science-nature-set-022,board,round-two,1,easy,chemistry,A Cryogenic Element,Krüogeenne element,Which element has the lowest boiling point?,Millisel elemendil on madalaim keemistemperatuur?,helium,heelium,,,"Its normal boiling point is the lowest among the elements, reflecting exceptionally weak interatomic attraction.","Selle normaalne keemispunkt on elementide hulgas kõige madalam, peegeldades erakordselt nõrka aatomidevahelist külgetõmbejõudu.",Helium — Wikipedia,https://en.wikipedia.org/wiki/Helium,CC-BY-SA-4.0,2026-08-20,reviewed,true
built-in-science-nature-clue-0112,built-in-science-nature,Science and Nature Pack,built-in-science-nature-set-022,board,round-two,2,easy,chemistry,A Cryogenic Element,Krüogeenne element,What chemical symbol represents helium?,Milline keemiline sümbol tähistab heeliumi?,He,He,,,The two-letter symbol follows chemical capitalization: an uppercase first letter and lowercase second letter.,Kahetäheline tähis järgib keemilist suur- ja väiketähtede tava: esimene täht on suur ja teine väike.,Helium — Wikipedia,https://en.wikipedia.org/wiki/Helium,CC-BY-SA-4.0,2026-08-20,reviewed,true
built-in-science-nature-clue-0113,built-in-science-nature,Science and Nature Pack,built-in-science-nature-set-022,board,round-two,3,easy,chemistry,A Cryogenic Element,Krüogeenne element,What is helium’s atomic number?,Mis on heeliumi aatominumber?,2,2,,,An atom of this element contains two protons in its nucleus.,Selle elemendi aatomi tuumas on kaks prootonit.,Helium — Wikipedia,https://en.wikipedia.org/wiki/Helium,CC-BY-SA-4.0,2026-08-20,reviewed,true
built-in-science-nature-clue-0114,built-in-science-nature,Science and Nature Pack,built-in-science-nature-set-022,board,round-two,4,easy,chemistry,A Cryogenic Element,Krüogeenne element,Approximately what is helium’s boiling point at one atmosphere?,Kui kõrge on ligikaudu heeliumi keemistemperatuur ühe atmosfääri rõhul?,4.22 K,"4,22 K",,,That value is lower than every other element's normal boiling point.,See väärtus on väiksem kui iga teise elemendi normaalne keemistemperatuur.,Helium — Wikipedia,https://en.wikipedia.org/wiki/Helium,CC-BY-SA-4.0,2026-08-20,reviewed,true
built-in-science-nature-clue-0115,built-in-science-nature,Science and Nature Pack,built-in-science-nature-set-022,board,round-two,5,easy,chemistry,A Cryogenic Element,Krüogeenne element,In what year was helium first detected in the Sun’s spectrum?,Mis aastal avastati heelium esmakordselt Päikese spektrist?,1868,1868,,,A yellow spectral line observed during the 1868 eclipse revealed a new element.,"Kollane spektraalne joon, mida täheldati 1868. aasta varjutuse ajal, näitas uut elementi.",Helium — Wikipedia,https://en.wikipedia.org/wiki/Helium,CC-BY-SA-4.0,2026-08-20,reviewed,true
built-in-science-nature-clue-0116,built-in-science-nature,Science and Nature Pack,built-in-science-nature-set-023,board,round-two,1,easy,chemistry,Rows and Groups of Elements,Elementide perioodid ja rühmad,"Which of these is not a recognized periodic-table group name: halogens, noble gases, or fluorines?","Milline neist ei ole tunnustatud perioodilisustabeli rühma nimi: halogeenid, väärisgaasid või fluorid?",fluorines,fluorid,Fluorines,Fluorid,"Fluorine belongs to the halogens, while “fluorines” is not a formal group name.","Fluor kuulub halogeenide hulka, kuid „fluorid“ ei ole ametlik rühmanimetus.",Periodic table — Wikipedia,https://en.wikipedia.org/wiki/Periodic_table,CC-BY-SA-4.0,2026-08-20,reviewed,true
built-in-science-nature-clue-0117,built-in-science-nature,Science and Nature Pack,built-in-science-nature-set-023,board,round-two,2,easy,chemistry,Rows and Groups of Elements,Elementide perioodid ja rühmad,How many periods are in the standard periodic table?,Mitu perioodi on standardses perioodilisustabelis?,seven,seitse,,,Periods are the seven horizontal rows.,Perioodid on seitse horisontaalset rida.,Periodic table — Wikipedia,https://en.wikipedia.org/wiki/Periodic_table,CC-BY-SA-4.0,2026-08-20,reviewed,true
built-in-science-nature-clue-0118,built-in-science-nature,Science and Nature Pack,built-in-science-nature-set-023,board,round-two,3,easy,chemistry,Rows and Groups of Elements,Elementide perioodid ja rühmad,How many numbered groups are in the standard periodic table?,Mitu nummerdatud gruppi on standardses perioodilisustabelis?,18,18,,,The 18 vertical columns collect elements with related valence behaviour.,18 püstist rühma koondavad sarnase valentskäitumisega elemente.,Periodic table — Wikipedia,https://en.wikipedia.org/wiki/Periodic_table,CC-BY-SA-4.0,2026-08-20,reviewed,true
built-in-science-nature-clue-0119,built-in-science-nature,Science and Nature Pack,built-in-science-nature-set-023,board,round-two,4,easy,chemistry,Rows and Groups of Elements,Elementide perioodid ja rühmad,Which numbered group contains the halogens?,Milline nummerdatud rühm sisaldab halogeene?,group 17,17. rühm,,,"Fluorine, chlorine, bromine, and iodine are group 17 elements.","Fluor, kloor, broom ja jood on 17. rühma elemendid.",Periodic table — Wikipedia,https://en.wikipedia.org/wiki/Periodic_table,CC-BY-SA-4.0,2026-08-20,reviewed,true
built-in-science-nature-clue-0120,built-in-science-nature,Science and Nature Pack,built-in-science-nature-set-023,board,round-two,5,easy,chemistry,Rows and Groups of Elements,Elementide perioodid ja rühmad,Which numbered group contains the noble gases?,Millises nummerdatud rühmas on väärisgaasid?,group 18,18. rühm,,,Helium through oganesson occupy group 18.,18. rühma väärisgaasid ulatuvad heeliumist oganessoonini.,Periodic table — Wikipedia,https://en.wikipedia.org/wiki/Periodic_table,CC-BY-SA-4.0,2026-08-20,reviewed,true
built-in-science-nature-clue-0121,built-in-science-nature,Science and Nature Pack,built-in-science-nature-set-024,board,round-two,1,medium,chemistry,People Honoured by Element Names,Elementide nimedega austatud inimesed,"Which person has no officially named chemical element: Albert Einstein, Marie Curie, or Isaac Newton?","Millise nimetatud inimese järgi ei ole ametlikult nimetatud ühtegi keemilist elementi: Albert Einsteini, Marie Curie või Isaac Newtoni?",Isaac Newton,Isaac Newton,Newton,Newton,The people-namesake table includes Einstein and the Curies but has no Newton entry.,"Inimeste järgi nimetatud elementide tabelis on Einstein ja Curie’d, kuid Newtoni kirjet ei ole.",List of chemical elements named after people — Wikipedia,https://en.wikipedia.org/wiki/List_of_chemical_elements_named_after_people,CC-BY-SA-4.0,2026-08-20,reviewed,true
built-in-science-nature-clue-0122,built-in-science-nature,Science and Nature Pack,built-in-science-nature-set-024,board,round-two,2,medium,chemistry,People Honoured by Element Names,Elementide nimedega austatud inimesed,Mendelevium is named for which scientist?,Millise teadlase järgi on nimetatud mendeleevium?,Dmitri Mendeleev,Dmitri Mendelejev,Mendeleev,Mendelejev,Mendelevium is listed as element 101 with the symbol Md.,Mendeleevium on element 101 tähisega Md.,List of chemical elements named after people — Wikipedia,https://en.wikipedia.org/wiki/List_of_chemical_elements_named_after_people,CC-BY-SA-4.0,2026-08-20,reviewed,true
built-in-science-nature-clue-0123,built-in-science-nature,Science and Nature Pack,built-in-science-nature-set-024,board,round-two,3,medium,chemistry,People Honoured by Element Names,Elementide nimedega austatud inimesed,Which element honours Marie and Pierre Curie?,Milline element on nimetatud Marie ja Pierre Curie auks?,curium,küürium,,,"Curium, element 96, commemorates both Curies.","Küürium, element 96, on nimetatud mõlema Curie auks.",List of chemical elements named after people — Wikipedia,https://en.wikipedia.org/wiki/List_of_chemical_elements_named_after_people,CC-BY-SA-4.0,2026-08-20,reviewed,true
built-in-science-nature-clue-0124,built-in-science-nature,Science and Nature Pack,built-in-science-nature-set-024,board,round-two,4,medium,chemistry,People Honoured by Element Names,Elementide nimedega austatud inimesed,What chemical symbol belongs to fermium?,Mis on fermiumi keemiline tähis?,Fm,Fm,,,"Fermium, named for Enrico Fermi, uses the symbol Fm.",Enrico Fermi järgi nimetatud fermiumi tähis on Fm.,List of chemical elements named after people — Wikipedia,https://en.wikipedia.org/wiki/List_of_chemical_elements_named_after_people,CC-BY-SA-4.0,2026-08-20,reviewed,true
built-in-science-nature-clue-0125,built-in-science-nature,Science and Nature Pack,built-in-science-nature-set-024,board,round-two,5,medium,chemistry,People Honoured by Element Names,Elementide nimedega austatud inimesed,What atomic number belongs to einsteinium?,Mis on einsteiniumi aatomnumber?,99,99,atomic number 99,aatomnumber 99,"Einsteinium, named for Albert Einstein, is element 99.",Albert Einsteini järgi nimetatud einsteinium on element 99.,List of chemical elements named after people — Wikipedia,https://en.wikipedia.org/wiki/List_of_chemical_elements_named_after_people,CC-BY-SA-4.0,2026-08-20,reviewed,true
built-in-science-nature-clue-0126,built-in-science-nature,Science and Nature Pack,built-in-science-nature-set-025,board,round-two,1,hard,chemistry,Uranium in Nature,Uraan looduses,How many protons does every uranium isotope have?,Mitu prootonit on uraani igas isotoobis?,92,92,,,Uranium is element 92.,Uraan on element 92.,Uranium-238 — Wikipedia,https://en.wikipedia.org/wiki/Uranium-238,CC-BY-SA-4.0,2026-08-20,reviewed,true
built-in-science-nature-clue-0127,built-in-science-nature,Science and Nature Pack,built-in-science-nature-set-025,board,round-two,2,hard,chemistry,Uranium in Nature,Uraan looduses,Which isotope makes up most naturally occurring uranium?,Milline isotoop moodustab suurema osa looduses esinevast uraanist?,uranium-238,uraani-238,,,"This nuclide accounts for about 99.27 percent of natural uranium, far exceeding the other isotopes.","See nukliid moodustab umbes 99,27 protsenti looduslikust uraanist, mis ületab kaugelt teisi isotoope.",Uranium-238 — Wikipedia,https://en.wikipedia.org/wiki/Uranium-238,CC-BY-SA-4.0,2026-08-20,reviewed,true
built-in-science-nature-clue-0128,built-in-science-nature,Science and Nature Pack,built-in-science-nature-set-025,board,round-two,3,hard,chemistry,Uranium in Nature,Uraan looduses,What does the mass number in the isotope notation U-238 count?,Mida loendab isotoobitähise U-238 massiarv?,protons plus neutrons,prootonite ja neutronite koguarv,,,An isotope’s mass number is the total number of protons and neutrons.,Isotoobi massiarv on prootonite ja neutronite koguarv.,Uranium-238 — Wikipedia,https://en.wikipedia.org/wiki/Uranium-238,CC-BY-SA-4.0,2026-08-20,reviewed,true
built-in-science-nature-clue-0129,built-in-science-nature,Science and Nature Pack,built-in-science-nature-set-025,board,round-two,4,hard,chemistry,Uranium in Nature,Uraan looduses,"At the end of its decay series, uranium-238 becomes which stable element?",Milliseks stabiilseks elemendiks muutub uraan-238 oma lagunemisrea lõpus?,lead,plii,,,The uranium series terminates at lead-206.,Uraani lagunemisrida lõpeb stabiilse plii-206-ga.,Uranium-238 — Wikipedia,https://en.wikipedia.org/wiki/Uranium-238,CC-BY-SA-4.0,2026-08-20,reviewed,true
built-in-science-nature-clue-0130,built-in-science-nature,Science and Nature Pack,built-in-science-nature-set-025,board,round-two,5,hard,chemistry,Uranium in Nature,Uraan looduses,About how long is uranium-238’s half-life?,Kui pikk on ligikaudu uraan-238 poolestusaeg?,4.5 billion years,"4,5 miljardit aastat",,,Its half-life is approximately 4.468 billion years.,"Selle poolestusaeg on ligikaudu 4,468 miljardit aastat.",Uranium-238 — Wikipedia,https://en.wikipedia.org/wiki/Uranium-238,CC-BY-SA-4.0,2026-08-20,reviewed,true
built-in-science-nature-clue-0131,built-in-science-nature,Science and Nature Pack,built-in-science-nature-set-026,board,round-two,1,easy,astronomy,Rubble Between Two Inner Worlds,Kivivöö planeetide vahel,Between which two planets lies the main asteroid belt?,Kumma kahe planeedi vahel asub peamine asteroidivöö?,Mars and Jupiter,Marss ja Jupiter,,,Jupiter's resonances strongly sculpt the belt beyond Mars and help explain its gaps.,Jupiteri resonantsid kujundavad tugevalt Marsist kaugemal asuvat vööd ja aitavad selgitada selle tühimikke.,Asteroid belt — Wikipedia,https://en.wikipedia.org/wiki/Asteroid_belt,CC-BY-SA-4.0,2026-08-20,reviewed,true
built-in-science-nature-clue-0132,built-in-science-nature,Science and Nature Pack,built-in-science-nature-set-026,board,round-two,2,easy,astronomy,Rubble Between Two Inner Worlds,Kivivöö planeetide vahel,Which of these is a large main-belt asteroid: Vesta or Venus?,Kumb neist on suur peavöö asteroid: Vesta või Veenus?,Vesta,Vesta,,,"As of 2026, Vesta is one of the asteroid belt’s largest bodies, whereas Venus is a planet.","2026. aasta seisuga on Vesta üks asteroidivöö suurimaid kehi, Veenus aga on planeet.",Asteroid belt — Wikipedia,https://en.wikipedia.org/wiki/Asteroid_belt,CC-BY-SA-4.0,2026-08-20,reviewed,true
built-in-science-nature-clue-0133,built-in-science-nature,Science and Nature Pack,built-in-science-nature-set-026,board,round-two,3,easy,astronomy,Rubble Between Two Inner Worlds,Kivivöö planeetide vahel,"As of 2026, which dwarf planet is the belt’s largest body?",Milline kääbusplaneet on 2026. aasta seisuga vöö suurim keha?,Ceres,Ceres,,,"As of 2026, Ceres contains a substantial fraction of the belt’s mass.",2026. aasta seisuga moodustab Ceres olulise osa vöö massist.,Asteroid belt — Wikipedia,https://en.wikipedia.org/wiki/Asteroid_belt,CC-BY-SA-4.0,2026-08-20,reviewed,true
built-in-science-nature-clue-0134,built-in-science-nature,Science and Nature Pack,built-in-science-nature-set-026,board,round-two,4,easy,astronomy,Rubble Between Two Inner Worlds,Kivivöö planeetide vahel,What name is given to orbital gaps caused by resonances with Jupiter?,Kuidas nimetatakse Jupiteri resonantside tekitatud orbiidilünki?,Kirkwood gaps,Kirkwoodi lõhed,,,Repeated Jovian perturbations clear these resonant regions.,Jupiteri korduvad häired eemaldavad neist resonantspiirkondadest ainet.,Asteroid belt — Wikipedia,https://en.wikipedia.org/wiki/Asteroid_belt,CC-BY-SA-4.0,2026-08-20,reviewed,true
built-in-science-nature-clue-0135,built-in-science-nature,Science and Nature Pack,built-in-science-nature-set-026,board,round-two,5,easy,astronomy,Rubble Between Two Inner Worlds,Kivivöö planeetide vahel,Why did belt material not accrete into a planet?,Miks ei koondunud vöö aine planeediks?,Jupiter’s gravitational perturbations,Jupiteri gravitatsioonilised häired,Jupiter's gravity,Jupiteri gravitatsioon,Jupiter stirred planetesimal velocities and inhibited accretion.,Jupiter suurendas planetesimaalide kiirusi ja takistas akretsiooni.,Asteroid belt — Wikipedia,https://en.wikipedia.org/wiki/Asteroid_belt,CC-BY-SA-4.0,2026-08-20,reviewed,true
built-in-science-nature-clue-0136,built-in-science-nature,Science and Nature Pack,built-in-science-nature-set-027,board,round-two,1,easy,astronomy,A Harsh Planetary Surface,Karm planeedipind,Which planet has the hottest average surface despite not being closest to the Sun?,"Millisel planeedil on kõrgeim keskmine pinnatemperatuur, kuigi see ei ole Päikesele lähim?",Venus,Veenus,,,A dense atmosphere produces a runaway greenhouse effect and extreme surface temperatures.,Tihe atmosfäär tekitab pidurdamatu kasvuhooneefekti ja äärmuslikud pinnatemperatuurid.,Venus — Wikipedia,https://en.wikipedia.org/wiki/Venus,CC-BY-SA-4.0,2026-08-20,reviewed,true
built-in-science-nature-clue-0137,built-in-science-nature,Science and Nature Pack,built-in-science-nature-set-027,board,round-two,2,easy,astronomy,A Harsh Planetary Surface,Karm planeedipind,Which gas dominates the atmosphere of the second planet from the Sun?,Milline gaas domineerib Päikese teise planeedi atmosfääris?,carbon dioxide,süsinikdioksiid,,,This gas constitutes roughly 96.5 percent of the atmosphere and contributes strongly to greenhouse heating.,"See gaas moodustab ligikaudu 96,5 protsenti atmosfäärist ja soodustab tugevalt kasvuhoonesoojenemist.",Venus — Wikipedia,https://en.wikipedia.org/wiki/Venus,CC-BY-SA-4.0,2026-08-20,reviewed,true
built-in-science-nature-clue-0138,built-in-science-nature,Science and Nature Pack,built-in-science-nature-set-027,board,round-two,3,easy,astronomy,A Harsh Planetary Surface,Karm planeedipind,Does Venus rotate prograde or retrograde?,Kas Veenus pöörleb prograadselt või retrograadselt?,retrograde,retrograadselt,,,Its slow spin is opposite the prograde direction followed by most planets.,Selle aeglane pöörlemine on vastupidine enamiku planeetide prograadsele suunale.,Venus — Wikipedia,https://en.wikipedia.org/wiki/Venus,CC-BY-SA-4.0,2026-08-20,reviewed,true
built-in-science-nature-clue-0139,built-in-science-nature,Science and Nature Pack,built-in-science-nature-set-027,board,round-two,4,easy,astronomy,A Harsh Planetary Surface,Karm planeedipind,Venusian surface pressure is about how many times Earth sea-level pressure?,Mitu korda suurem on Veenuse pinnarõhk Maa merepinna rõhust?,92 times,92 korda,about 92 Earth atmospheres|roughly 92 times,ligikaudu 92 atmosfääri|umbes 92 korda,The value corresponds to roughly 9.2 megapascals at the surface.,"See vastab pinnal ligikaudu 9,2 megapaskalile.",Venus — Wikipedia,https://en.wikipedia.org/wiki/Venus,CC-BY-SA-4.0,2026-08-20,reviewed,true
built-in-science-nature-clue-0140,built-in-science-nature,Science and Nature Pack,built-in-science-nature-set-027,board,round-two,5,easy,astronomy,A Harsh Planetary Surface,Karm planeedipind,Which Soviet programme returned the first images from Venus’s surface?,Milline Nõukogude programm saatis esimesed pildid Veenuse pinnalt?,Venera,Venera,Venera programme|Venera program,Venera programm|programm Venera,Venera landers transmitted surface data and images.,Venera maandurid edastasid pinnaandmeid ja pilte.,Venus — Wikipedia,https://en.wikipedia.org/wiki/Venus,CC-BY-SA-4.0,2026-08-20,reviewed,true
built-in-science-nature-clue-0141,built-in-science-nature,Science and Nature Pack,built-in-science-nature-set-028,board,round-two,1,easy,astronomy,The Solar System’s Largest Moon,Päikesesüsteemi suurim kuu,"As of 2026, the Solar System’s largest moon orbits which planet?",Millise planeedi ümber tiirleb 2026. aasta seisuga Päikesesüsteemi suurim kuu?,Jupiter,Jupiter,,,"As of 2026, Ganymede remains the largest known moon and orbits Jupiter.",2026. aasta seisuga on Ganymedes endiselt suurim teadaolev kuu ja tiirleb ümber Jupiteri.,Ganymede (moon) — Wikipedia,https://en.wikipedia.org/wiki/Ganymede_(moon),CC-BY-SA-4.0,2026-08-20,reviewed,true
built-in-science-nature-clue-0142,built-in-science-nature,Science and Nature Pack,built-in-science-nature-set-028,board,round-two,2,easy,astronomy,The Solar System’s Largest Moon,Päikesesüsteemi suurim kuu,Which planet is smaller in diameter than Ganymede?,Milline planeet on Ganymedesest väiksema läbimõõduga?,Mercury,Merkuur,,,Ganymede exceeds Mercury in diameter but not mass.,"Ganymedes on Merkuurist suurema läbimõõduga, kuid väiksema massiga.",Ganymede (moon) — Wikipedia,https://en.wikipedia.org/wiki/Ganymede_(moon),CC-BY-SA-4.0,2026-08-20,reviewed,true
built-in-science-nature-clue-0143,built-in-science-nature,Science and Nature Pack,built-in-science-nature-set-028,board,round-two,3,easy,astronomy,The Solar System’s Largest Moon,Päikesesüsteemi suurim kuu,Who discovered Ganymede in 1610?,Kes avastas Ganymedese 1610. aastal?,Galileo Galilei,Galileo Galilei,Galileo,Galileo,Galileo observed it with three other large Jovian moons in 1610.,Galileo vaatles seda 1610. aastal koos kolme teise suure Jupiteri kuuga.,Ganymede (moon) — Wikipedia,https://en.wikipedia.org/wiki/Ganymede_(moon),CC-BY-SA-4.0,2026-08-20,reviewed,true
built-in-science-nature-clue-0144,built-in-science-nature,Science and Nature Pack,built-in-science-nature-set-028,board,round-two,4,easy,astronomy,The Solar System’s Largest Moon,Päikesesüsteemi suurim kuu,What kind of field does Ganymede generate internally?,Millist liiki välja tekitab Ganymedes oma sisemuses?,an internally generated magnetic field,enda tekitatud magnetväli,intrinsic magnetic field|its own magnetic field,sisemine magnetväli|oma magnetväli,"As of 2026, Ganymede is the only moon known to generate an intrinsic magnetic field.","2026. aasta seisuga on Ganymedes ainus teadaolev kuu, mis tekitab oma magnetvälja.",Ganymede (moon) — Wikipedia,https://en.wikipedia.org/wiki/Ganymede_(moon),CC-BY-SA-4.0,2026-08-20,reviewed,true
built-in-science-nature-clue-0145,built-in-science-nature,Science and Nature Pack,built-in-science-nature-set-028,board,round-two,5,easy,astronomy,The Solar System’s Largest Moon,Päikesesüsteemi suurim kuu,What layer is inferred beneath Ganymede’s icy crust?,Millise kihi olemasolu järeldatakse Ganymedese jäise kooriku all?,a salty subsurface ocean,soolane pinnaalune ookean,ocean beneath the ice|subsurface saltwater ocean,jääalune ookean|pinnaalune soolase vee ookean,Magnetic measurements support a conductive ocean under the ice.,Magnetmõõtmised toetavad elektrit juhtiva ookeani olemasolu jää all.,Ganymede (moon) — Wikipedia,https://en.wikipedia.org/wiki/Ganymede_(moon),CC-BY-SA-4.0,2026-08-20,reviewed,true
built-in-science-nature-clue-0146,built-in-science-nature,Science and Nature Pack,built-in-science-nature-set-029,board,round-two,1,easy,astronomy,A Fast Year and a Slow Day,Kiire aasta ja aeglane päev,Which planet orbits closest to the Sun?,Milline planeet on Päikesele kõige lähemal?,Mercury,Merkuur,,,Mercury's proximity gives it the shortest planetary year as well as the smallest mean orbital distance.,Merkuuri lähedus Päikesele annab talle nii lühima planeediaasta kui ka väikseima keskmise orbiidikauguse.,Mercury (planet) — Wikipedia,https://en.wikipedia.org/wiki/Mercury_(planet),CC-BY-SA-4.0,2026-08-20,reviewed,true
built-in-science-nature-clue-0147,built-in-science-nature,Science and Nature Pack,built-in-science-nature-set-029,board,round-two,2,easy,astronomy,A Fast Year and a Slow Day,Kiire aasta ja aeglane päev,About how many Earth days does Mercury take to orbit the Sun?,Mitu Maa päeva kulub Merkuuril ligikaudu ümber Päikese tiirlemiseks?,88 days,88 päeva,,,Its orbital period is approximately 87.97 Earth days.,"Selle tiirlemisperiood on ligikaudu 87,97 Maa päeva.",Mercury (planet) — Wikipedia,https://en.wikipedia.org/wiki/Mercury_(planet),CC-BY-SA-4.0,2026-08-20,reviewed,true
built-in-science-nature-clue-0148,built-in-science-nature,Science and Nature Pack,built-in-science-nature-set-029,board,round-two,3,easy,astronomy,A Fast Year and a Slow Day,Kiire aasta ja aeglane päev,Why does Mercury have extreme day-night temperatures?,Miks on Merkuuril äärmuslikud päeva- ja öötemperatuurid?,it has almost no atmosphere to redistribute heat,tal ei ole peaaegu mingit atmosfääri soojuse ümberjaotamiseks,,,Its tenuous exosphere stores little heat.,Selle hõre eksosfäär talletab vähe soojust.,Mercury (planet) — Wikipedia,https://en.wikipedia.org/wiki/Mercury_(planet),CC-BY-SA-4.0,2026-08-20,reviewed,true
built-in-science-nature-clue-0149,built-in-science-nature,Science and Nature Pack,built-in-science-nature-set-029,board,round-two,4,easy,astronomy,A Fast Year and a Slow Day,Kiire aasta ja aeglane päev,What is the name of Mercury’s enormous impact basin?,Mis on Merkuuri hiiglasliku põrkebasseini nimi?,Caloris Planitia,Caloris Planitia,,,"Caloris spans roughly 1,550 kilometres across Mercury.",Calorise läbimõõt Merkuuril on ligikaudu 1 550 kilomeetrit.,Mercury (planet) — Wikipedia,https://en.wikipedia.org/wiki/Mercury_(planet),CC-BY-SA-4.0,2026-08-20,reviewed,true
built-in-science-nature-clue-0150,built-in-science-nature,Science and Nature Pack,built-in-science-nature-set-029,board,round-two,5,easy,astronomy,A Fast Year and a Slow Day,Kiire aasta ja aeglane päev,Mercury’s perihelion precession famously tested which theory?,Millise teooria kuulsaks kontrolliks sai Merkuuri periheeli pretsessioon?,general relativity,üldrelatiivsusteooria,,,Einstein’s theory accounted for the unexplained residual precession.,"Einsteini teooria selgitas pretsessiooni osa, mida varasem teooria ei suutnud seletada.",Mercury (planet) — Wikipedia,https://en.wikipedia.org/wiki/Mercury_(planet),CC-BY-SA-4.0,2026-08-20,reviewed,true
built-in-science-nature-clue-0151,built-in-science-nature,Science and Nature Pack,built-in-science-nature-set-030,board,round-two,1,easy,astronomy,Finding North with Polaris,Põhjasuuna leidmine Põhjanaela abil,True or false: Polaris is the brightest star in the northern night sky?,Tõsi või vale: Polaris on kõige säravam täht põhjapoolses taevas?,false,vale,False,Vale,"Polaris is useful as a navigation reference, not because it is the northern sky’s brightest star.","Polaris on kasulik navigatsiooni orientiir, kuid ei ole põhjapoolkera taeva heledaim täht.",Polaris — Wikipedia,https://en.wikipedia.org/wiki/Polaris,CC-BY-SA-4.0,2026-08-20,reviewed,true
built-in-science-nature-clue-0152,built-in-science-nature,Science and Nature Pack,built-in-science-nature-set-030,board,round-two,2,easy,astronomy,Finding North with Polaris,Põhjasuuna leidmine Põhjanaela abil,Polaris lies close to which celestial point?,Millise taevasfääri punkti lähedal asub Polaris?,the north celestial pole,põhjataevapoolus,,,Its closeness to the north celestial pole makes it a practical northern navigation reference.,"Polaris paikneb praegu põhjataevapooluse lähedal, mistõttu näib ta öö jooksul peaaegu paigal püsivat.",Polaris — Wikipedia,https://en.wikipedia.org/wiki/Polaris,CC-BY-SA-4.0,2026-08-20,reviewed,true
built-in-science-nature-clue-0153,built-in-science-nature,Science and Nature Pack,built-in-science-nature-set-030,board,round-two,3,easy,astronomy,Finding North with Polaris,Põhjasuuna leidmine Põhjanaela abil,In which constellation is Polaris found?,Millises tähtkujus asub Polaris?,Ursa Minor,Väike Karu,,,Polaris sits near the tip of the Little Dipper’s handle within this northern constellation.,Polaris asub Väikese Karu tähtkujus Väikese Vankri aisa otsas.,Polaris — Wikipedia,https://en.wikipedia.org/wiki/Polaris,CC-BY-SA-4.0,2026-08-20,reviewed,true
built-in-science-nature-clue-0154,built-in-science-nature,Science and Nature Pack,built-in-science-nature-set-030,board,round-two,4,easy,astronomy,Finding North with Polaris,Põhjasuuna leidmine Põhjanaela abil,Is Polaris a single star or a multiple-star system?,Kas Polaris on üks täht või mitmetäheline süsteem?,a multiple-star system,mitmiktähesüsteem,,,Polaris A is accompanied by close stellar companions identified through imaging and orbital evidence.,"Polaris A-l on lähedased tähekaaslased, mistõttu käsitatakse Polarist mitmiktähesüsteemina.",Polaris — Wikipedia,https://en.wikipedia.org/wiki/Polaris,CC-BY-SA-4.0,2026-08-20,reviewed,true
built-in-science-nature-clue-0155,built-in-science-nature,Science and Nature Pack,built-in-science-nature-set-030,board,round-two,5,easy,astronomy,Finding North with Polaris,Põhjasuuna leidmine Põhjanaela abil,Why will Polaris not remain the pole star forever?,Miks ei jää Polaris alatiseks poolustäheks?,Earth’s axis precesses,Maa telg pretsesseerib,axial precession,telje pretsessioon,Axial precession slowly shifts the celestial pole.,Maa pöörlemistelje aeglane pretsessioon nihutab taevapooluse asukohta.,Polaris — Wikipedia,https://en.wikipedia.org/wiki/Polaris,CC-BY-SA-4.0,2026-08-20,reviewed,true
built-in-science-nature-clue-0156,built-in-science-nature,Science and Nature Pack,built-in-science-nature-set-031,board,round-two,1,medium,astronomy,Astronomical Distance Units,Astronoomilised kaugusühikud,What abbreviation is commonly used for light-year?,Millist lühendit kasutatakse tavaliselt valgusaasta puhul?,ly,ly,,,The abbreviation comes from the initial letters of light and year and is used for interstellar distances.,Lühend koosneb ingliskeelsete sõnade light ja year algustähtedest ning seda kasutatakse tähtedevaheliste kauguste puhul.,Light-year — Wikipedia,https://en.wikipedia.org/wiki/Light-year,CC-BY-SA-4.0,2026-08-20,reviewed,true
built-in-science-nature-clue-0157,built-in-science-nature,Science and Nature Pack,built-in-science-nature-set-031,board,round-two,2,medium,astronomy,Astronomical Distance Units,Astronoomilised kaugusühikud,How many days does the fixed Julian year contain?,Mitu päeva sisaldab fikseeritud juuliuse aasta?,365.25 days,"365,25 päeva",,,Astronomers use this fixed interval instead of a calendar year whose length varies with leap days.,"Astronoomid kasutavad seda fikseeritud ajavahemikku kalendriaasta asemel, mille pikkus liigpäevade tõttu muutub.",Light-year — Wikipedia,https://en.wikipedia.org/wiki/Light-year,CC-BY-SA-4.0,2026-08-20,reviewed,true
built-in-science-nature-clue-0158,built-in-science-nature,Science and Nature Pack,built-in-science-nature-set-031,board,round-two,3,medium,astronomy,Astronomical Distance Units,Astronoomilised kaugusühikud,Approximately how far is one light-year?,Kui pikk vahemaa on ligikaudu üks valgusaasta?,9.46 trillion kilometres,"9,46 triljonit kilomeetrit",,,Light travels about 9.46 × 10¹² km in one Julian year.,"Üks valgusaasta on ligikaudu 9,46 × 10¹² km.",Light-year — Wikipedia,https://en.wikipedia.org/wiki/Light-year,CC-BY-SA-4.0,2026-08-20,reviewed,true
built-in-science-nature-clue-0159,built-in-science-nature,Science and Nature Pack,built-in-science-nature-set-031,board,round-two,4,medium,astronomy,Astronomical Distance Units,Astronoomilised kaugusühikud,One parsec is about how many light-years?,Üks parsek on mitu valgusaastat?,3.26 light-years,"3,26 valgusaastat",3.26 ly,"3,26 ly","A parsec is the distance at which one astronomical unit subtends one arcsecond, equal to about 3.26 light-years.","Üks parsek on ligikaudu 3,26 valgusaastat.",Light-year — Wikipedia,https://en.wikipedia.org/wiki/Light-year,CC-BY-SA-4.0,2026-08-20,reviewed,true
built-in-science-nature-clue-0160,built-in-science-nature,Science and Nature Pack,built-in-science-nature-set-031,board,round-two,5,medium,astronomy,Astronomical Distance Units,Astronoomilised kaugusühikud,How many seconds are in the Julian year used to define a light-year?,Mitu sekundit on valgusaasta määratlemisel kasutatavas juuliuse aastas?,"31,557,600 seconds",31 557 600 sekundit,"31557600 seconds|31,557,600",31557600 sekundit|31 557 600,"Multiplying 365.25 days by 86,400 seconds gives 31,557,600 seconds.","365,25 päeva korrutamine 86 400 sekundiga päevas annab 31 557 600 sekundit.",Light-year — Wikipedia,https://en.wikipedia.org/wiki/Light-year,CC-BY-SA-4.0,2026-08-20,reviewed,true
built-in-science-nature-clue-0161,built-in-science-nature,Science and Nature Pack,built-in-science-nature-set-032,board,round-two,1,easy,astronomy,Planets and the Solar-Wind Boundary,Planeedid ja päikesetuule piir,"Under the IAU definition in use as of 2026, how many planets orbit the Sun?",Mitu planeeti tiirleb 2026. aasta seisuga kasutatava IAU määratluse järgi ümber Päikese?,eight,kaheksa,,,The IAU-recognized total remains eight as of 2026.,IAU tunnustatud planeetide arv on 2026. aasta seisuga endiselt kaheksa.,Solar System — Wikipedia,https://en.wikipedia.org/wiki/Solar_System,CC-BY-SA-4.0,2026-08-20,reviewed,true
built-in-science-nature-clue-0162,built-in-science-nature,Science and Nature Pack,built-in-science-nature-set-032,board,round-two,2,easy,astronomy,Planets and the Solar-Wind Boundary,Planeedid ja päikesetuule piir,Which planet is farthest from the Sun?,Milline planeet on Päikesest kõige kaugemal?,Neptune,Neptuun,,,Neptune is the eighth planet by mean orbital distance.,Neptuun on keskmise orbiidikauguse järgi kaheksas planeet.,Solar System — Wikipedia,https://en.wikipedia.org/wiki/Solar_System,CC-BY-SA-4.0,2026-08-20,reviewed,true
built-in-science-nature-clue-0163,built-in-science-nature,Science and Nature Pack,built-in-science-nature-set-032,board,round-two,3,easy,astronomy,Planets and the Solar-Wind Boundary,Planeedid ja päikesetuule piir,Is Pluto listed as a planet or a dwarf planet in the Solar System?,Kas Pluto on Päikesesüsteemis loetletud planeedi või kääbusplaneedina?,dwarf planet,kääbusplaneet,,,Pluto is a dwarf planet because it has not cleared neighbouring bodies from its orbital region.,"Pluuto on kääbusplaneet, sest ta ei ole oma orbiidi ümbrust teistest taevakehadest puhastanud.",Solar System — Wikipedia,https://en.wikipedia.org/wiki/Solar_System,CC-BY-SA-4.0,2026-08-20,reviewed,true
built-in-science-nature-clue-0164,built-in-science-nature,Science and Nature Pack,built-in-science-nature-set-032,board,round-two,4,easy,astronomy,Planets and the Solar-Wind Boundary,Planeedid ja päikesetuule piir,Which icy belt beyond Neptune contains Pluto?,Milline Neptuunist kaugemal asuv jäine vöö sisaldab Pluutot?,Kuiper belt,Kuiperi vöö,,,The Kuiper belt is a reservoir of small icy bodies.,Kuiperi vöö on väikeste jäiste kehade kogum.,Solar System — Wikipedia,https://en.wikipedia.org/wiki/Solar_System,CC-BY-SA-4.0,2026-08-20,reviewed,true
built-in-science-nature-clue-0165,built-in-science-nature,Science and Nature Pack,built-in-science-nature-set-032,board,round-two,5,easy,astronomy,Planets and the Solar-Wind Boundary,Planeedid ja päikesetuule piir,What boundary marks the transition from solar wind to interstellar plasma?,Milline piir tähistab üleminekut päikesetuulelt tähtedevahelisele plasmale?,heliopause,heliopaus,,,The heliopause forms the outer edge of the heliosphere.,"Heliopaus on piir, kus päikesetuule plasma kohtub tähtedevahelise keskkonnaga.",Solar System — Wikipedia,https://en.wikipedia.org/wiki/Solar_System,CC-BY-SA-4.0,2026-08-20,reviewed,true
built-in-science-nature-clue-0166,built-in-science-nature,Science and Nature Pack,built-in-science-nature-set-033,board,round-two,1,hard,astronomy,Stellar Evolution and Spectroscopy,Tähtede areng ja spektroskoopia,Stars consist mainly of hydrogen and which other element?,Tähed koosnevad peamiselt vesinikust ja millisest teisest elemendist?,helium,heelium,,,"Helium is the principal product of hydrogen fusion, helping explain both elements' stellar abundance.","Heelium on vesiniku tuumasünteesi peamine saadus, mis aitab selgitada mõlema elemendi rohkust tähtedes.",Star — Wikipedia,https://en.wikipedia.org/wiki/Star,CC-BY-SA-4.0,2026-08-20,reviewed,true
built-in-science-nature-clue-0167,built-in-science-nature,Science and Nature Pack,built-in-science-nature-set-033,board,round-two,2,hard,astronomy,Stellar Evolution and Spectroscopy,Tähtede areng ja spektroskoopia,What does a star’s absorption spectrum reveal?,Mida näitab tähe neeldumisspekter?,its chemical composition,selle keemiline koostis,,,Each element leaves characteristic spectral lines.,Iga element jätab iseloomulikud spektraaljooned.,Star — Wikipedia,https://en.wikipedia.org/wiki/Star,CC-BY-SA-4.0,2026-08-20,reviewed,true
built-in-science-nature-clue-0168,built-in-science-nature,Science and Nature Pack,built-in-science-nature-set-033,board,round-two,3,hard,astronomy,Stellar Evolution and Spectroscopy,Tähtede areng ja spektroskoopia,What stage follows core hydrogen exhaustion in a Sun-like star?,"Milline arengujärk järgneb sellele, kui Päikese-taolise tähe tuumas saab vesinik otsa?",red giant,punane hiid,,,The core contracts while the envelope expands and cools.,"Tähe tuum tõmbub kokku, samal ajal kui väliskiht paisub ja jahtub.",Star — Wikipedia,https://en.wikipedia.org/wiki/Star,CC-BY-SA-4.0,2026-08-20,reviewed,true
built-in-science-nature-clue-0169,built-in-science-nature,Science and Nature Pack,built-in-science-nature-set-033,board,round-two,4,hard,astronomy,Stellar Evolution and Spectroscopy,Tähtede areng ja spektroskoopia,What process powers main-sequence stars?,Milline protsess annab põhijada tähtedele energia?,nuclear fusion,termotuumasüntees,,,"Hydrogen nuclei fuse into helium, releasing energy.",Vesiniku tuumad ühinevad heeliumiks ja vabastavad energiat.,Star — Wikipedia,https://en.wikipedia.org/wiki/Star,CC-BY-SA-4.0,2026-08-20,reviewed,true
built-in-science-nature-clue-0170,built-in-science-nature,Science and Nature Pack,built-in-science-nature-set-033,board,round-two,5,hard,astronomy,Stellar Evolution and Spectroscopy,Tähtede areng ja spektroskoopia,What balance keeps a stable star from collapsing or exploding?,Milline tasakaal hoiab stabiilset tähte kokku kukkumast või plahvatamast?,hydrostatic equilibrium,hüdrostaatiline tasakaal,,,Outward pressure balances inward gravity.,"Kiirgus ja kuum gaas avaldavad väljapoole rõhku, mis tasakaalustab sissepoole suunatud gravitatsiooni.",Star — Wikipedia,https://en.wikipedia.org/wiki/Star,CC-BY-SA-4.0,2026-08-20,reviewed,true
built-in-science-nature-clue-0171,built-in-science-nature,Science and Nature Pack,built-in-science-nature-set-034,board,round-one,1,easy,astronomy,Planetary Definitions and Orbits,Planeetide määratlused ja orbiidid,What central body do all Solar System planets orbit?,Millise keskse keha ümber tiirlevad kõik Päikesesüsteemi planeedid?,the Sun,Päike,,,All recognized planets in this system follow heliocentric paths around its central star.,Kõik selle süsteemi tunnustatud planeedid liiguvad heliotsentrilistel orbiitidel ümber kesktähe.,Planet — Wikipedia,https://en.wikipedia.org/wiki/Planet,CC-BY-SA-4.0,2026-08-20,reviewed,true
built-in-science-nature-clue-0172,built-in-science-nature,Science and Nature Pack,built-in-science-nature-set-034,board,round-one,2,easy,astronomy,Planetary Definitions and Orbits,Planeetide määratlused ja orbiidid,What force keeps planets in orbit around the Sun?,Milline jõud hoiab planeete ümber Päikese orbiidil?,gravity,gravitatsioon,,,Orbital motion results from continual free fall under the Sun’s attraction.,Orbiit on pidev vabalangemine Päikese gravitatsioonilise tõmbe mõjul.,Planet — Wikipedia,https://en.wikipedia.org/wiki/Planet,CC-BY-SA-4.0,2026-08-20,reviewed,true
built-in-science-nature-clue-0173,built-in-science-nature,Science and Nature Pack,built-in-science-nature-set-034,board,round-one,3,easy,astronomy,Planetary Definitions and Orbits,Planeetide määratlused ja orbiidid,What conic shape describes an ideal planetary orbit?,Milline koonuselõige kirjeldab ideaalset planeedi orbiiti?,ellipse,ellips,,,Kepler’s first law places the Sun at one focus.,Kepleri esimese seaduse järgi asub Päike ellipsi ühes fookuses.,Planet — Wikipedia,https://en.wikipedia.org/wiki/Planet,CC-BY-SA-4.0,2026-08-20,reviewed,true
built-in-science-nature-clue-0174,built-in-science-nature,Science and Nature Pack,built-in-science-nature-set-034,board,round-one,4,easy,astronomy,Planetary Definitions and Orbits,Planeetide määratlused ja orbiidid,Which organization adopted the 2006 Solar System planet definition?,Milline organisatsioon võttis vastu 2006. aasta Päikesesüsteemi planeedi määratluse?,International Astronomical Union,Rahvusvaheline astronoomiline liit,IAU,IAU,The IAU vote established the formal definition used after 2006.,IAU 2006. aasta hääletus kehtestas pärast seda kasutatud ametliku planeedimääratluse.,Planet — Wikipedia,https://en.wikipedia.org/wiki/Planet,CC-BY-SA-4.0,2026-08-20,reviewed,true
built-in-science-nature-clue-0175,built-in-science-nature,Science and Nature Pack,built-in-science-nature-set-034,board,round-one,5,easy,astronomy,Planetary Definitions and Orbits,Planeetide määratlused ja orbiidid,"Besides orbiting the Sun and being round, what must a planet have done?",Mida peab planeet peale Päikese ümber tiirlemise ja ümara kuju veel tegema?,cleared its orbital neighbourhood,puhastama oma orbiidi ümbruse,orbital clearing|cleared its orbit,orbiidi ümbruse puhastamine|puhastama oma orbiidi,Dynamical dominance is the definition’s third condition.,Dünaamiline ülekaal on määratluse kolmas tingimus.,Planet — Wikipedia,https://en.wikipedia.org/wiki/Planet,CC-BY-SA-4.0,2026-08-20,reviewed,true
built-in-science-nature-clue-0176,built-in-science-nature,Science and Nature Pack,built-in-science-nature-set-035,board,round-one,1,medium,astronomy,Dating the Observable Universe,Vaadeldava universumi vanuse määramine,"As of 2026, approximately how old is the universe?",Kui vana on 2026. aasta seisuga universum ligikaudu?,13.8 billion years,"13,8 miljardit aastat",,,The estimate combines cosmic expansion and microwave-background measurements rather than a direct clock.,"Hinnang ühendab kosmilise paisumise ja mikrolainetausta mõõtmised, mitte otsese ajamõõtmise.",Age of the universe — Wikipedia,https://en.wikipedia.org/wiki/Age_of_the_universe,CC-BY-SA-4.0,2026-08-20,reviewed,true
built-in-science-nature-clue-0177,built-in-science-nature,Science and Nature Pack,built-in-science-nature-set-035,board,round-one,2,medium,astronomy,Dating the Observable Universe,Vaadeldava universumi vanuse määramine,Does the quoted age of the universe measure time before or since the Big Bang?,Kas universumi vanus mõõdab aega enne või pärast Suurt Pauku?,since the Big Bang,alates Suurest Paugust,,,The age is the elapsed time in the cosmological model since the Big Bang.,Kosmoloogilises mudelis on universumi vanus Suurest Paugust möödunud aeg.,Age of the universe — Wikipedia,https://en.wikipedia.org/wiki/Age_of_the_universe,CC-BY-SA-4.0,2026-08-20,reviewed,true
built-in-science-nature-clue-0178,built-in-science-nature,Science and Nature Pack,built-in-science-nature-set-035,board,round-one,3,medium,astronomy,Dating the Observable Universe,Vaadeldava universumi vanuse määramine,Which astronomer’s law relates galaxy recession speed to distance?,Millise astronoomi seadus seob galaktikate eemaldumiskiiruse kaugusega?,Hubble–Lemaître law,Hubble’i–Lemaître’i seadus,Hubble's law,Hubble’i seadus,The relation is evidence for cosmic expansion.,See seos on üks kosmilise paisumise tõendeid.,Age of the universe — Wikipedia,https://en.wikipedia.org/wiki/Age_of_the_universe,CC-BY-SA-4.0,2026-08-20,reviewed,true
built-in-science-nature-clue-0179,built-in-science-nature,Science and Nature Pack,built-in-science-nature-set-035,board,round-one,4,medium,astronomy,Dating the Observable Universe,Vaadeldava universumi vanuse määramine,Which standard cosmological model underlies modern estimates of the universe’s age?,Milline standardne kosmoloogiline mudel on tänapäevaste universumi vanuse hinnangute alus?,Lambda-CDM,Lambda-CDM,ΛCDM|Lambda cold dark matter model,ΛCDM|Lambda-külma tumeaine mudel,The model combines a cosmological constant with cold dark matter.,Mudel ühendab kosmoloogilise konstandi külma tumeainega.,Age of the universe — Wikipedia,https://en.wikipedia.org/wiki/Age_of_the_universe,CC-BY-SA-4.0,2026-08-20,reviewed,true
built-in-science-nature-clue-0180,built-in-science-nature,Science and Nature Pack,built-in-science-nature-set-035,board,round-one,5,medium,astronomy,Dating the Observable Universe,Vaadeldava universumi vanuse määramine,Which mission’s data are cited for a 13.8-billion-year age estimate?,"Millise missiooni andmeid kasutatakse 13,8 miljardi aasta vanuse hinnangu juures?",Planck,Planck,Planck satellite|Planck mission,Plancki satelliit|Plancki missioon,Planck data are among the measurements used to estimate the universe’s age.,Plancki andmed kuuluvad universumi vanuse hindamiseks kasutatavate mõõtmiste hulka.,Age of the universe — Wikipedia,https://en.wikipedia.org/wiki/Age_of_the_universe,CC-BY-SA-4.0,2026-08-20,reviewed,true
built-in-science-nature-clue-0181,built-in-science-nature,Science and Nature Pack,built-in-science-nature-set-036,board,round-one,1,medium,astronomy,Moons in Literature and Rings,Kuud kirjanduses ja rõngastes,"Miranda, Ariel, Umbriel, Titania, and Oberon orbit which planet?","Millise planeedi ümber tiirlevad Miranda, Ariel, Umbriel, Titania ja Oberon?",Uranus,Uraan,,,They are the five major Uranian moons.,Need on Uraani viis suurt kuud.,Moons of Uranus — Wikipedia,https://en.wikipedia.org/wiki/Moons_of_Uranus,CC-BY-SA-4.0,2026-08-20,reviewed,true
built-in-science-nature-clue-0182,built-in-science-nature,Science and Nature Pack,built-in-science-nature-set-036,board,round-one,2,medium,astronomy,Moons in Literature and Rings,Kuud kirjanduses ja rõngastes,Most Uranian moon names come from works by which two writers?,Millise kahe kirjaniku teostest pärineb enamik Uraani kuude nimesid?,William Shakespeare and Alexander Pope,William Shakespeare ja Alexander Pope,Shakespeare and Pope,Shakespeare ja Pope,The naming scheme draws chiefly from their characters.,Nimetamisviis lähtub peamiselt nende teoste tegelastest.,Moons of Uranus — Wikipedia,https://en.wikipedia.org/wiki/Moons_of_Uranus,CC-BY-SA-4.0,2026-08-20,reviewed,true
built-in-science-nature-clue-0183,built-in-science-nature,Science and Nature Pack,built-in-science-nature-set-036,board,round-one,3,medium,astronomy,Moons in Literature and Rings,Kuud kirjanduses ja rõngastes,Who discovered Titania and Oberon in 1787?,Kes avastas Titania ja Oberoni 1787. aastal?,William Herschel,William Herschel,Herschel,Herschel,Herschel found the two largest Uranian moons in 1787.,Herschel avastas Uraani kaks suurimat kuud 1787. aastal.,Moons of Uranus — Wikipedia,https://en.wikipedia.org/wiki/Moons_of_Uranus,CC-BY-SA-4.0,2026-08-20,reviewed,true
built-in-science-nature-clue-0184,built-in-science-nature,Science and Nature Pack,built-in-science-nature-set-036,board,round-one,4,medium,astronomy,Moons in Literature and Rings,Kuud kirjanduses ja rõngastes,Which large irregular Uranian moon has a retrograde orbit?,Millisel suurel ebakorrapärasel Uraani kuul on retrograadne orbiit?,Sycorax,Sycorax,,,Sycorax likely represents a captured object.,Sycorax on tõenäoliselt Uraani gravitatsiooni püütud keha.,Moons of Uranus — Wikipedia,https://en.wikipedia.org/wiki/Moons_of_Uranus,CC-BY-SA-4.0,2026-08-20,reviewed,true
built-in-science-nature-clue-0185,built-in-science-nature,Science and Nature Pack,built-in-science-nature-set-036,board,round-one,5,medium,astronomy,Moons in Literature and Rings,Kuud kirjanduses ja rõngastes,Which small moon helps confine Uranus’s epsilon ring?,Milline väike kuu aitab Uraani epsilonrõngast piirata?,Cordelia,Cordelia,,,Cordelia acts as the inner shepherd of the epsilon ring.,Cordelia toimib epsilonrõnga sisemise karjaskuuna.,Moons of Uranus — Wikipedia,https://en.wikipedia.org/wiki/Moons_of_Uranus,CC-BY-SA-4.0,2026-08-20,reviewed,true
built-in-science-nature-clue-0186,built-in-science-nature,Science and Nature Pack,built-in-science-nature-set-037,board,round-one,1,medium,astronomy,A Photon’s Trip to Earth,Footoni teekond Maale,"To the nearest minute, how long does sunlight take to reach Earth?",Kui mitu minutit kulub päikesevalgusel ümardatult Maale jõudmiseks?,8 minutes,8 minutit,,,"Once sunlight leaves the photosphere, its vacuum transit to Earth lasts about 8 minutes 20 seconds.",Pärast fotosfäärist lahkumist kestab päikesevalguse teekond vaakumis Maale umbes 8 minutit ja 20 sekundit.,Sunlight — Wikipedia,https://en.wikipedia.org/wiki/Sunlight,CC-BY-SA-4.0,2026-08-20,reviewed,true
built-in-science-nature-clue-0187,built-in-science-nature,Science and Nature Pack,built-in-science-nature-set-037,board,round-one,2,medium,astronomy,A Photon’s Trip to Earth,Footoni teekond Maale,What distance unit is approximately Earth’s mean distance from the Sun?,Milline kaugusühik on ligikaudu Maa keskmine kaugus Päikesest?,astronomical unit,astronoomiline üksus,AU,AU,Earth’s elliptical orbit makes the actual Sun–Earth distance vary around this reference value.,Maa elliptilise orbiidi tõttu muutub tegelik Päikese ja Maa vahemaa selle etalonväärtuse ümber.,Sunlight — Wikipedia,https://en.wikipedia.org/wiki/Sunlight,CC-BY-SA-4.0,2026-08-20,reviewed,true
built-in-science-nature-clue-0188,built-in-science-nature,Science and Nature Pack,built-in-science-nature-set-037,board,round-one,3,medium,astronomy,A Photon’s Trip to Earth,Footoni teekond Maale,Why does Sun-Earth light time vary during the year?,Miks muutub valguse teekonna aeg Päikeselt Maale aasta jooksul?,Earth’s orbit is elliptical,Maa orbiit on elliptiline,,,Earth-Sun distance changes between perihelion and aphelion.,Maa ja Päikese vahemaa muutub periheeli ja afeeli vahel.,Sunlight — Wikipedia,https://en.wikipedia.org/wiki/Sunlight,CC-BY-SA-4.0,2026-08-20,reviewed,true
built-in-science-nature-clue-0189,built-in-science-nature,Science and Nature Pack,built-in-science-nature-set-037,board,round-one,4,medium,astronomy,A Photon’s Trip to Earth,Footoni teekond Maale,What range is estimated for a photon’s journey from the Sun’s centre to its surface?,Milliseks hinnatakse footoni Päikese keskpunktist pinnale jõudmise ajavahemikku?,"10,000 to 170,000 years",10 000 kuni 170 000 aastat,"10,000–170,000 years|between 10,000 and 170,000 years",10 000–170 000 aastat|10 000 ja 170 000 aasta vahel,Repeated absorption and re-emission make the interior journey vastly longer than the roughly eight-minute trip from the Sun’s surface to Earth.,Korduv neeldumine ja taasemissioon teevad teekonna Päikese sisemuses palju pikemaks kui ligikaudu kaheksaminutiline lend pinnalt Maale.,Sunlight — Wikipedia,https://en.wikipedia.org/wiki/Sunlight,CC-BY-SA-4.0,2026-08-20,reviewed,true
built-in-science-nature-clue-0190,built-in-science-nature,Science and Nature Pack,built-in-science-nature-set-037,board,round-one,5,medium,astronomy,A Photon’s Trip to Earth,Footoni teekond Maale,Which particles escape the solar core much more directly than photons?,Millised osakesed pääsevad päikesetuumast palju otsesemalt kui footonid?,neutrinos,neutriinod,,,Solar neutrinos interact weakly and leave rapidly.,Päikeseneutriinod vastastikmõjustuvad nõrgalt ja lahkuvad tuumast kiiresti.,Sunlight — Wikipedia,https://en.wikipedia.org/wiki/Sunlight,CC-BY-SA-4.0,2026-08-20,reviewed,true
built-in-science-nature-clue-0191,built-in-science-nature,Science and Nature Pack,built-in-science-nature-set-038,board,round-one,1,medium,astronomy,Evidence at the Galactic Centre,Tõendid galaktika keskmes,Toward which constellation is the Galactic centre seen?,Millise tähtkuju poole Galaktika keskust nähakse?,Sagittarius,Ambur,,,Interstellar dust along this sightline obscures the centre at visible wavelengths.,Selle vaatesuuna tähtedevaheline tolm varjab galaktika keskpunkti nähtavatel lainepikkustel.,Sagittarius A* — Wikipedia,https://en.wikipedia.org/wiki/Sagittarius_A*,CC-BY-SA-4.0,2026-08-20,reviewed,true
built-in-science-nature-clue-0192,built-in-science-nature,Science and Nature Pack,built-in-science-nature-set-038,board,round-one,2,medium,astronomy,Evidence at the Galactic Centre,Tõendid galaktika keskmes,What is the supermassive black hole at the Milky Way’s centre called?,Kuidas nimetatakse Linnutee keskmes olevat ülimassiivset musta auku?,Sagittarius A*,Sagittarius A*,Sgr A*,Sgr A*,The compact radio source at the Galactic centre carries this designation.,Seda tähist kannab galaktika keskmes asuv kompaktne raadioallikas.,Sagittarius A* — Wikipedia,https://en.wikipedia.org/wiki/Sagittarius_A*,CC-BY-SA-4.0,2026-08-20,reviewed,true
built-in-science-nature-clue-0193,built-in-science-nature,Science and Nature Pack,built-in-science-nature-set-038,board,round-one,3,medium,astronomy,Evidence at the Galactic Centre,Tõendid galaktika keskmes,Sagittarius A* has a mass of roughly how many Suns?,Ligikaudu mitme Päikese massiga on Sagittarius A*?,four million Suns,neli miljonit Päikese massi,four million solar masses|about 4 million Suns,neli miljonit Päikese massi|umbes 4 miljonit Päikest,The central object’s inferred mass is about four million times the Sun’s mass.,Keskobjekti hinnanguline mass on umbes neli miljonit Päikese massi.,Sagittarius A* — Wikipedia,https://en.wikipedia.org/wiki/Sagittarius_A*,CC-BY-SA-4.0,2026-08-20,reviewed,true
built-in-science-nature-clue-0194,built-in-science-nature,Science and Nature Pack,built-in-science-nature-set-038,board,round-one,4,medium,astronomy,Evidence at the Galactic Centre,Tõendid galaktika keskmes,What observations supplied decisive mass evidence?,Millised vaatlused andsid otsustavad tõendid selle massi kohta?,orbits of nearby stars,lähedalasuvate tähtede orbiidid,stellar orbits,täheorbiidid,"Tracking stars such as S2 reveals a massive compact object through their tight, rapid paths.",Selliste tähtede nagu S2 jälgimine paljastab nende väikeste ja kiirete orbiitide kaudu massiivse kompaktse objekti.,Sagittarius A* — Wikipedia,https://en.wikipedia.org/wiki/Sagittarius_A*,CC-BY-SA-4.0,2026-08-20,reviewed,true
built-in-science-nature-clue-0195,built-in-science-nature,Science and Nature Pack,built-in-science-nature-set-038,board,round-one,5,medium,astronomy,Evidence at the Galactic Centre,Tõendid galaktika keskmes,In what year was the first Event Horizon Telescope image of Sagittarius A* released?,Mis aastal avaldati esimene Event Horizon Telescope’i pilt Sagittarius A*-st?,2022,2022,,,The collaboration released the image on 12 May 2022.,Koostööprojekt avaldas pildi 12. mail 2022.,Sagittarius A* — Wikipedia,https://en.wikipedia.org/wiki/Sagittarius_A*,CC-BY-SA-4.0,2026-08-20,reviewed,true
built-in-science-nature-clue-0196,built-in-science-nature,Science and Nature Pack,built-in-science-nature-set-039,board,round-one,1,easy,astronomy,A Dense Atmosphere and Hydrocarbon Seas,Tihe atmosfäär ja süsivesinikumered,"As of 2026, which moon is known to have a dense atmosphere?",Millisel kuul on 2026. aasta seisuga teadaolevalt tihe atmosfäär?,Titan,Titan,,,Titan’s atmosphere is thicker than Earth’s at the surface.,Titani atmosfäär on pinnal Maa omast paksem.,Titan (moon) — Wikipedia,https://en.wikipedia.org/wiki/Titan_(moon),CC-BY-SA-4.0,2026-08-20,reviewed,true
built-in-science-nature-clue-0197,built-in-science-nature,Science and Nature Pack,built-in-science-nature-set-039,board,round-one,2,easy,astronomy,A Dense Atmosphere and Hydrocarbon Seas,Tihe atmosfäär ja süsivesinikumered,Titan orbits which planet?,Millise planeedi ümber Titan tiirleb?,Saturn,Saturn,,,"As of 2026, Titan is Saturn’s largest known moon.",2026. aasta seisuga on Titan Saturni suurim teadaolev kuu.,Titan (moon) — Wikipedia,https://en.wikipedia.org/wiki/Titan_(moon),CC-BY-SA-4.0,2026-08-20,reviewed,true
built-in-science-nature-clue-0198,built-in-science-nature,Science and Nature Pack,built-in-science-nature-set-039,board,round-one,3,easy,astronomy,A Dense Atmosphere and Hydrocarbon Seas,Tihe atmosfäär ja süsivesinikumered,Which gas dominates Titan’s atmosphere?,Milline gaas domineerib Titani atmosfääris?,nitrogen,lämmastik,,,Methane accompanies the dominant nitrogen and contributes to Titan's haze and weather.,Domineeriva lämmastikuga kaasnev metaan aitab kujundada Titani vinet ja ilmastikku.,Titan (moon) — Wikipedia,https://en.wikipedia.org/wiki/Titan_(moon),CC-BY-SA-4.0,2026-08-20,reviewed,true
built-in-science-nature-clue-0199,built-in-science-nature,Science and Nature Pack,built-in-science-nature-set-039,board,round-one,4,easy,astronomy,A Dense Atmosphere and Hydrocarbon Seas,Tihe atmosfäär ja süsivesinikumered,What hydrocarbons fill Titan’s lakes and seas?,Millised süsivesinikud täidavad Titani järvi ja meresid?,methane and ethane,metaan ja etaan,ethane and methane,etaan ja metaan,Stable liquid hydrocarbons collect near Titan’s poles.,Stabiilsed vedelad süsivesinikud kogunevad Titani pooluste lähedale.,Titan (moon) — Wikipedia,https://en.wikipedia.org/wiki/Titan_(moon),CC-BY-SA-4.0,2026-08-20,reviewed,true
built-in-science-nature-clue-0200,built-in-science-nature,Science and Nature Pack,built-in-science-nature-set-039,board,round-one,5,easy,astronomy,A Dense Atmosphere and Hydrocarbon Seas,Tihe atmosfäär ja süsivesinikumered,In what year did the Huygens probe land on Titan?,Mis aastal maandus sond Huygens Titanil?,2005,2005,,,Huygens reached Titan’s surface on 14 January 2005.,Huygens jõudis Titani pinnale 14. jaanuaril 2005.,Titan (moon) — Wikipedia,https://en.wikipedia.org/wiki/Titan_(moon),CC-BY-SA-4.0,2026-08-20,reviewed,true
built-in-science-nature-clue-0201,built-in-science-nature,Science and Nature Pack,built-in-science-nature-set-040,board,round-one,1,easy,biology,Energy Conversion in the Cell,Energia muundamine rakus,Which organelle is nicknamed the powerhouse of the cell?,Millist organelli kutsutakse raku jõujaamaks?,mitochondrion,mitokonder,mitochondria,mitokondrid,Mitochondria generate much cellular ATP through respiration.,Mitokondrid toodavad rakuhingamise kaudu suure osa raku ATP-st.,Mitochondria — Wikipedia,https://en.wikipedia.org/wiki/Mitochondria,CC-BY-SA-4.0,2026-08-20,reviewed,true
built-in-science-nature-clue-0202,built-in-science-nature,Science and Nature Pack,built-in-science-nature-set-040,board,round-one,2,easy,biology,Energy Conversion in the Cell,Energia muundamine rakus,What folds increase the inner membrane’s surface area?,Millised voldid suurendavad sisemembraani pindala?,cristae,kristad,,,Cristae provide space for respiratory-chain proteins.,Kristad annavad ruumi hingamisahela valkudele.,Mitochondria — Wikipedia,https://en.wikipedia.org/wiki/Mitochondria,CC-BY-SA-4.0,2026-08-20,reviewed,true
built-in-science-nature-clue-0203,built-in-science-nature,Science and Nature Pack,built-in-science-nature-set-040,board,round-one,3,easy,biology,Energy Conversion in the Cell,Energia muundamine rakus,How many membranes surround a mitochondrion?,Mitu membraani ümbritseb mitokondrit?,two,kaks,two membranes|2,kaks membraani|2,A mitochondrion has an outer membrane and a folded inner membrane.,Mitokondril on välismembraan ja voldistunud sisemembraan.,Mitochondria — Wikipedia,https://en.wikipedia.org/wiki/Mitochondria,CC-BY-SA-4.0,2026-08-20,reviewed,true
built-in-science-nature-clue-0204,built-in-science-nature,Science and Nature Pack,built-in-science-nature-set-040,board,round-one,4,easy,biology,Energy Conversion in the Cell,Energia muundamine rakus,Which theory says mitochondria descend from engulfed bacteria?,Millise teooria järgi põlvnevad mitokondrid raku neelatud bakteritest?,endosymbiotic theory,endosümbioositeooria,,,Their double membranes and genomes support bacterial ancestry.,Nende kaks membraani ja oma genoom toetavad bakteriaalset päritolu.,Mitochondria — Wikipedia,https://en.wikipedia.org/wiki/Mitochondria,CC-BY-SA-4.0,2026-08-20,reviewed,true
built-in-science-nature-clue-0205,built-in-science-nature,Science and Nature Pack,built-in-science-nature-set-040,board,round-one,5,easy,biology,Energy Conversion in the Cell,Energia muundamine rakus,What process across the inner membrane makes most mitochondrial ATP?,Milline sisemembraanil toimuv protsess toodab suurema osa mitokondri ATP-st?,oxidative phosphorylation,oksüdatiivne fosforüülimine,,,A proton gradient drives ATP synthase.,Prootonigradient käitab ATP süntaasi.,Mitochondria — Wikipedia,https://en.wikipedia.org/wiki/Mitochondria,CC-BY-SA-4.0,2026-08-20,reviewed,true
built-in-science-nature-clue-0206,built-in-science-nature,Science and Nature Pack,built-in-science-nature-set-041,board,round-one,1,medium,biology,Chromosomes Through Mitosis,Kromosoomid mitoosi käigus,Which is not a standard mitotic stage: prophase or Diplophase?,Mis ei ole tavaline mitootiline etapp: profaas või diplofaas?,Diplophase,diplofaas,diplophase,Diplofaas,"During prophase, chromosomes condense and the mitotic spindle begins to form; Diplophase is not among the standard phase names.",Profaasis kromosoomid kondenseeruvad ja hakkab moodustuma mitoosikääv; diplofaas ei kuulu mitoosi tavapäraste faasinimede hulka.,Mitosis — Wikipedia,https://en.wikipedia.org/wiki/Mitosis,CC-BY-SA-4.0,2026-08-20,reviewed,true
built-in-science-nature-clue-0207,built-in-science-nature,Science and Nature Pack,built-in-science-nature-set-041,board,round-one,2,medium,biology,Chromosomes Through Mitosis,Kromosoomid mitoosi käigus,Spindle attachment aligns chromosomes along the equatorial plate during which mitotic phase?,Millises mitoosifaasis joondab kääviniitide kinnitumine kromosoomid ekvatoriaaltasandile?,metaphase,metafaas,,,Metaphase chromosomes align at the metaphase plate after spindle microtubules attach to their kinetochores.,Metafaasis joonduvad kromosoomid metafaasiplaadile pärast käävi mikrotuubulite kinnitumist kinetokooridele.,Mitosis — Wikipedia,https://en.wikipedia.org/wiki/Mitosis,CC-BY-SA-4.0,2026-08-20,reviewed,true
built-in-science-nature-clue-0208,built-in-science-nature,Science and Nature Pack,built-in-science-nature-set-041,board,round-one,3,medium,biology,Chromosomes Through Mitosis,Kromosoomid mitoosi käigus,Cohesin cleavage lets sister chromosomes move toward opposite poles during which phase?,Millises faasis võimaldab kohesiini lõhustamine tütarkromosoomidel liikuda vastaspooluste poole?,anaphase,anafaas,,,"In anaphase, cohesins are cleaved and shortening kinetochore microtubules pull the daughter chromosomes apart.",Anafaasis lõhustatakse kohesiinid ja lühenevad kinetokoori mikrotuubulid tõmbavad tütarkromosoomid lahku.,Mitosis — Wikipedia,https://en.wikipedia.org/wiki/Mitosis,CC-BY-SA-4.0,2026-08-20,reviewed,true
built-in-science-nature-clue-0209,built-in-science-nature,Science and Nature Pack,built-in-science-nature-set-041,board,round-one,4,medium,biology,Chromosomes Through Mitosis,Kromosoomid mitoosi käigus,New nuclear envelopes form and chromosomes begin to decondense during which phase?,Millises faasis moodustuvad uued tuumamembraanid ja kromosoomid hakkavad dekondenseeruma?,telophase,telofaas,,,Telophase rebuilds an envelope around each separated chromosome set as the chromosomes relax.,Telofaasis taastub iga eraldatud kromosoomikomplekti ümber tuumamembraan ja kromosoomid lõdvenevad.,Mitosis — Wikipedia,https://en.wikipedia.org/wiki/Mitosis,CC-BY-SA-4.0,2026-08-20,reviewed,true
built-in-science-nature-clue-0210,built-in-science-nature,Science and Nature Pack,built-in-science-nature-set-041,board,round-one,5,medium,biology,Chromosomes Through Mitosis,Kromosoomid mitoosi käigus,What separate process partitions the cytoplasm after nuclear division?,Milline eraldi protsess jaotab tsütoplasma pärast tuumajagunemist?,cytokinesis,tsütokinees,,,"Cytokinesis is not a mitotic phase; in animal cells, a contractile ring pinches the cell into two.",Tsütokinees ei ole mitoosifaas; loomarakus pigistab kontraktiilne ring raku kaheks.,Mitosis — Wikipedia,https://en.wikipedia.org/wiki/Mitosis,CC-BY-SA-4.0,2026-08-20,reviewed,true
built-in-science-nature-clue-0211,built-in-science-nature,Science and Nature Pack,built-in-science-nature-set-042,board,round-one,1,medium,biology,The Full Name Behind DNA,DNA täisnimi,What does DNA stand for?,Mida tähendab lühend DNA?,deoxyribonucleic acid,deoksüribonukleiinhape,,,The expanded name identifies the molecule as a nucleic acid without specifying its individual bases.,"Laiendatud nimetus tähistab molekuli nukleiinhappena, täpsustamata selle üksikuid aluseid.",DNA — Wikipedia,https://en.wikipedia.org/wiki/DNA,CC-BY-SA-4.0,2026-08-20,reviewed,true
built-in-science-nature-clue-0212,built-in-science-nature,Science and Nature Pack,built-in-science-nature-set-042,board,round-one,2,medium,biology,The Full Name Behind DNA,DNA täisnimi,Which five-carbon sugar occurs in DNA?,Milline viie süsinikuaatomiga suhkur esineb DNA-s?,deoxyribose,deoksüriboos,,,"Compared with ribose, this pentose lacks an oxygen atom at the 2-prime carbon.",Riboosiga võrreldes puudub sellel pentoosil 2′-süsiniku juures hapnikuaatom.,DNA — Wikipedia,https://en.wikipedia.org/wiki/DNA,CC-BY-SA-4.0,2026-08-20,reviewed,true
built-in-science-nature-clue-0213,built-in-science-nature,Science and Nature Pack,built-in-science-nature-set-042,board,round-one,3,medium,biology,The Full Name Behind DNA,DNA täisnimi,Which four bases occur in DNA?,Millised neli alust esinevad DNA-s?,"adenine, cytosine, guanine, and thymine","adeniin, tsütosiin, guaniin ja tümiin","A, C, G, T|ACGT","A, C, G, T|ACGT",Their sequence stores genetic information.,Nende jada salvestab geneetilist informatsiooni.,DNA — Wikipedia,https://en.wikipedia.org/wiki/DNA,CC-BY-SA-4.0,2026-08-20,reviewed,true
built-in-science-nature-clue-0214,built-in-science-nature,Science and Nature Pack,built-in-science-nature-set-042,board,round-one,4,medium,biology,The Full Name Behind DNA,DNA täisnimi,What term describes the opposite orientation of DNA’s two strands?,Milline termin kirjeldab DNA kahe ahela vastassuunalisust?,antiparallel,antiparalleelne,,,One strand runs 5′ to 3′ and the other 3′ to 5′.,Üks ahel kulgeb 5′-otsast 3′-otsa ja teine 3′-otsast 5′-otsa.,DNA — Wikipedia,https://en.wikipedia.org/wiki/DNA,CC-BY-SA-4.0,2026-08-20,reviewed,true
built-in-science-nature-clue-0215,built-in-science-nature,Science and Nature Pack,built-in-science-nature-set-042,board,round-one,5,medium,biology,The Full Name Behind DNA,DNA täisnimi,What model says each new DNA double helix retains one old strand?,Millise mudeli järgi säilitab iga uus DNA kaksikheeliks ühe vana ahela?,semiconservative replication,poolkonservatiivne replikatsioon,semiconservative model,poolkonservatiivne mudel,Experiments by Meselson and Stahl supported this model in 1958.,Meselsoni ja Stahli katsed kinnitasid seda mudelit 1958. aastal.,DNA — Wikipedia,https://en.wikipedia.org/wiki/DNA,CC-BY-SA-4.0,2026-08-20,reviewed,true
built-in-science-nature-clue-0216,built-in-science-nature,Science and Nature Pack,built-in-science-nature-set-043,board,round-one,1,medium,biology,Codon Termination,Stoppkoodonid ja translatsiooni lõpp,"Which DNA triplet is a stop signal: TAA, TAC, or TAT?","Milline DNA kolmik on stoppsignaal: TAA, TAC või TAT?",TAA,TAA,,,TAA corresponds to a termination signal; TAC and TAT encode amino acids.,TAA toimib lõpetussignaalina; TAC ja TAT kodeerivad aminohappeid.,Stop codon — Wikipedia,https://en.wikipedia.org/wiki/Stop_codon,CC-BY-SA-4.0,2026-08-20,reviewed,true
built-in-science-nature-clue-0217,built-in-science-nature,Science and Nature Pack,built-in-science-nature-set-043,board,round-one,2,medium,biology,Codon Termination,Stoppkoodonid ja translatsiooni lõpp,Do ordinary stop codons encode a standard amino acid?,Kas tavalised stoppkoodonid kodeerivad mõnda standardset aminohapet?,no,ei,,,Ordinary stop codons end protein synthesis without adding a standard amino acid.,Tavalised stoppkoodonid lõpetavad valgusünteesi standardset aminohapet lisamata.,Stop codon — Wikipedia,https://en.wikipedia.org/wiki/Stop_codon,CC-BY-SA-4.0,2026-08-20,reviewed,true
built-in-science-nature-clue-0218,built-in-science-nature,Science and Nature Pack,built-in-science-nature-set-043,board,round-one,3,medium,biology,Codon Termination,Stoppkoodonid ja translatsiooni lõpp,What cellular process ends when a ribosome reaches a stop codon?,"Milline rakuprotsess lõpeb, kui ribosoom jõuab stoppkoodonini?",translation,translatsioon,,,Encountering a stop codon recruits termination machinery and releases the completed polypeptide.,Stoppkoodoniga seonduvad lõpetusfaktorid ning valmis polüpeptiid vabaneb.,Stop codon — Wikipedia,https://en.wikipedia.org/wiki/Stop_codon,CC-BY-SA-4.0,2026-08-20,reviewed,true
built-in-science-nature-clue-0219,built-in-science-nature,Science and Nature Pack,built-in-science-nature-set-043,board,round-one,4,medium,biology,Codon Termination,Stoppkoodonid ja translatsiooni lõpp,Which three mRNA codons normally signal stop?,Millised kolm mRNA koodonit annavad tavaliselt stoppsignaali?,"UAA, UAG, and UGA","UAA, UAG ja UGA",UAA/UAG/UGA,UAA/UAG/UGA,These codons do not specify standard amino acids.,Need koodonid ei määra ühtegi standardset aminohapet.,Stop codon — Wikipedia,https://en.wikipedia.org/wiki/Stop_codon,CC-BY-SA-4.0,2026-08-20,reviewed,true
built-in-science-nature-clue-0220,built-in-science-nature,Science and Nature Pack,built-in-science-nature-set-043,board,round-one,5,medium,biology,Codon Termination,Stoppkoodonid ja translatsiooni lõpp,What proteins recognize stop codons instead of transfer RNAs?,Millised valgud tunnevad stoppkoodoneid ära tRNA-de asemel?,release factors,vabanemisfaktorid,release-factor proteins,terminatsioonifaktorid,Release factors trigger peptide release from the ribosome.,Vabanemisfaktorid käivitavad peptiidi vabastamise ribosoomist.,Stop codon — Wikipedia,https://en.wikipedia.org/wiki/Stop_codon,CC-BY-SA-4.0,2026-08-20,reviewed,true
built-in-science-nature-clue-0221,built-in-science-nature,Science and Nature Pack,built-in-science-nature-set-044,board,round-one,1,medium,biology,Chromosome Counts and Medical History,Kromosoomide arv ja meditsiiniajalugu,An extra copy of which chromosome usually causes Down syndrome?,Millise kromosoomi lisakoopia põhjustab tavaliselt Downi sündroomi?,chromosome 21,kromosoom 21,,,An extra chromosome created by chromosome-separation errors raises the usual total to 47.,Kromosoomide lahknemisveast tekkinud lisakromosoom suurendab tavapärase koguarvu 47-ni.,Down syndrome — Wikipedia,https://en.wikipedia.org/wiki/Down_syndrome,CC-BY-SA-4.0,2026-08-20,reviewed,true
built-in-science-nature-clue-0222,built-in-science-nature,Science and Nature Pack,built-in-science-nature-set-044,board,round-one,2,medium,biology,Chromosome Counts and Medical History,Kromosoomide arv ja meditsiiniajalugu,What chromosome-count term describes three copies of chromosome 21?,Mis termin tähistab kromosoomi 21 kolme koopiat?,trisomy 21,trisoomia 21,,,Trisomy means three homologous chromosome copies.,Trisoomia tähendab sama kromosoomi kolme eksemplari olemasolu.,Down syndrome — Wikipedia,https://en.wikipedia.org/wiki/Down_syndrome,CC-BY-SA-4.0,2026-08-20,reviewed,true
built-in-science-nature-clue-0223,built-in-science-nature,Science and Nature Pack,built-in-science-nature-set-044,board,round-one,3,medium,biology,Chromosome Counts and Medical History,Kromosoomide arv ja meditsiiniajalugu,Which physician described the syndrome in 1866?,Milline arst kirjeldas seda sündroomi 1866. aastal?,John Langdon Down,John Langdon Down,Langdon Down,Langdon Down,Down published his clinical description in 1866.,Down avaldas oma kliinilise kirjelduse 1866. aastal.,Down syndrome — Wikipedia,https://en.wikipedia.org/wiki/Down_syndrome,CC-BY-SA-4.0,2026-08-20,reviewed,true
built-in-science-nature-clue-0224,built-in-science-nature,Science and Nature Pack,built-in-science-nature-set-044,board,round-one,4,medium,biology,Chromosome Counts and Medical History,Kromosoomide arv ja meditsiiniajalugu,In what year did Jérôme Lejeune and colleagues identify trisomy 21?,Mis aastal tuvastasid Jérôme Lejeune ja tema kolleegid trisoomia 21?,1959,1959,,,The 1959 finding was the first chromosome abnormality tied to a human disorder.,1959. aasta leid oli esimene inimese häirega seostatud kromosoomihälve.,Down syndrome — Wikipedia,https://en.wikipedia.org/wiki/Down_syndrome,CC-BY-SA-4.0,2026-08-20,reviewed,true
built-in-science-nature-clue-0225,built-in-science-nature,Science and Nature Pack,built-in-science-nature-set-044,board,round-one,5,medium,biology,Chromosome Counts and Medical History,Kromosoomide arv ja meditsiiniajalugu,What meiotic error commonly produces the extra chromosome?,Milline meioosiviga tekitab tavaliselt lisakromosoomi?,nondisjunction,lahknematus,meiotic nondisjunction,meiootiline lahknematus,Homologs or chromatids fail to separate normally.,Homoloogilised kromosoomid või kromatiidid ei lahkne tavapäraselt.,Down syndrome — Wikipedia,https://en.wikipedia.org/wiki/Down_syndrome,CC-BY-SA-4.0,2026-08-20,reviewed,true
built-in-science-nature-clue-0226,built-in-science-nature,Science and Nature Pack,built-in-science-nature-set-045,board,round-one,1,medium,biology,Cell-Cycle Preparation and Checkpoints,Rakutsükli ettevalmistus ja kontrollpunktid,During which stage do many eukaryotic cells spend most of the cell cycle?,Millises etapis veedavad paljud eukarüootsed rakud suurema osa rakutsüklist?,interphase,interfaas,,,Growth and DNA replication occur between divisions.,Kasv ja DNA replikatsioon toimuvad raku jagunemiste vahel.,Interphase — Wikipedia,https://en.wikipedia.org/wiki/Interphase,CC-BY-SA-4.0,2026-08-20,reviewed,true
built-in-science-nature-clue-0227,built-in-science-nature,Science and Nature Pack,built-in-science-nature-set-045,board,round-one,2,medium,biology,Cell-Cycle Preparation and Checkpoints,Rakutsükli ettevalmistus ja kontrollpunktid,Which interphase phase precedes DNA replication?,Milline interfaasi osa eelneb DNA replikatsioonile?,G1 phase,G1 faas,,,Cells grow and assess conditions during G1.,G1 ajal rakud kasvavad ja hindavad tingimusi.,Interphase — Wikipedia,https://en.wikipedia.org/wiki/Interphase,CC-BY-SA-4.0,2026-08-20,reviewed,true
built-in-science-nature-clue-0228,built-in-science-nature,Science and Nature Pack,built-in-science-nature-set-045,board,round-one,3,medium,biology,Cell-Cycle Preparation and Checkpoints,Rakutsükli ettevalmistus ja kontrollpunktid,During which phase is nuclear DNA replicated?,Millises faasis kopeeritakse tuuma-DNAd?,S phase,S-faas,,,S stands for synthesis.,S tähistab sünteesi.,Interphase — Wikipedia,https://en.wikipedia.org/wiki/Interphase,CC-BY-SA-4.0,2026-08-20,reviewed,true
built-in-science-nature-clue-0229,built-in-science-nature,Science and Nature Pack,built-in-science-nature-set-045,board,round-one,4,medium,biology,Cell-Cycle Preparation and Checkpoints,Rakutsükli ettevalmistus ja kontrollpunktid,Which interphase phase follows DNA replication?,Milline interfaasi osa järgneb DNA replikatsioonile?,G2 phase,G2 faas,,,Cells prepare for mitosis during G2.,G2 ajal valmistuvad rakud mitoosiks.,Interphase — Wikipedia,https://en.wikipedia.org/wiki/Interphase,CC-BY-SA-4.0,2026-08-20,reviewed,true
built-in-science-nature-clue-0230,built-in-science-nature,Science and Nature Pack,built-in-science-nature-set-045,board,round-one,5,medium,biology,Cell-Cycle Preparation and Checkpoints,Rakutsükli ettevalmistus ja kontrollpunktid,Which interphase checkpoint occurs after S phase and before mitosis?,Milline interfaasi kontrollpunkt toimib S-faasi järel ja enne mitoosi?,G2 checkpoint,G2 kontrollpunkt,,,The G2 checkpoint assesses completion of the preceding cell-cycle phase.,"G2 kontrollpunkt kontrollib, kas eelnev rakutsükli faas on lõpule jõudnud.",Interphase — Wikipedia,https://en.wikipedia.org/wiki/Interphase,CC-BY-SA-4.0,2026-08-20,reviewed,true
built-in-science-nature-clue-0231,built-in-science-nature,Science and Nature Pack,built-in-science-nature-set-046,board,round-one,1,medium,biology,Complementary Bases in DNA,DNA komplementaarsed alused,Which base pairs with adenine in DNA?,Milline alus paaristub DNA-s adeniiniga?,thymine,tüümiin,,,A-T is the other standard DNA pair.,A–T on teine DNA tavapärane aluspaar.,Base pair — Wikipedia,https://en.wikipedia.org/wiki/Base_pair,CC-BY-SA-4.0,2026-08-20,reviewed,true
built-in-science-nature-clue-0232,built-in-science-nature,Science and Nature Pack,built-in-science-nature-set-046,board,round-one,2,medium,biology,Complementary Bases in DNA,DNA komplementaarsed alused,Which base replaces thymine when adenine pairs in RNA?,Milline alus asendab RNA-s adeniiniga paaristudes tümiini?,uracil,uratsiil,,,RNA generally uses uracil instead of thymine.,RNA kasutab tavaliselt tümiini asemel uratsiili.,Base pair — Wikipedia,https://en.wikipedia.org/wiki/Base_pair,CC-BY-SA-4.0,2026-08-20,reviewed,true
built-in-science-nature-clue-0233,built-in-science-nature,Science and Nature Pack,built-in-science-nature-set-046,board,round-one,3,medium,biology,Complementary Bases in DNA,DNA komplementaarsed alused,Which nucleotide base pairs with guanine in DNA?,Milline nukleotiidialus paaristub DNA-s guaniiniga?,cytosine,tsütosiin,,,G pairs with C in the standard double helix.,Tavapärases kaksikheeliksis paaristub guaniin tsütosiiniga.,Base pair — Wikipedia,https://en.wikipedia.org/wiki/Base_pair,CC-BY-SA-4.0,2026-08-20,reviewed,true
built-in-science-nature-clue-0234,built-in-science-nature,Science and Nature Pack,built-in-science-nature-set-046,board,round-one,4,medium,biology,Complementary Bases in DNA,DNA komplementaarsed alused,How many hydrogen bonds normally join guanine and cytosine?,Mitu vesiniksidet ühendab tavaliselt guaniini ja tsütosiini?,three,kolm,,,G-C pairs have one more hydrogen bond than A-T pairs.,G–C paaris on üks vesinikside rohkem kui A–T paaris.,Base pair — Wikipedia,https://en.wikipedia.org/wiki/Base_pair,CC-BY-SA-4.0,2026-08-20,reviewed,true
built-in-science-nature-clue-0235,built-in-science-nature,Science and Nature Pack,built-in-science-nature-set-046,board,round-one,5,medium,biology,Complementary Bases in DNA,DNA komplementaarsed alused,Why does one purine pair with one pyrimidine?,Miks paaristub üks puriin ühe pürimidiiniga?,to keep the helix width uniform,et heeliksi laius püsiks ühtlane,,,Two purines are too wide and two pyrimidines too narrow.,Kaks puriini oleksid liiga laiad ja kaks pürimidiini liiga kitsad.,Base pair — Wikipedia,https://en.wikipedia.org/wiki/Base_pair,CC-BY-SA-4.0,2026-08-20,reviewed,true
built-in-science-nature-clue-0236,built-in-science-nature,Science and Nature Pack,built-in-science-nature-set-047,board,round-one,1,medium,biology,Tissues Under a Microscope,Koed mikroskoobi all,What is the microscopic study of cells and tissues called?,Kuidas nimetatakse rakkude ja kudede mikroskoopilist uurimist?,histology,histoloogia,,,Histology examines tissue architecture.,Histoloogia uurib kudede ehitust.,Histology — Wikipedia,https://en.wikipedia.org/wiki/Histology,CC-BY-SA-4.0,2026-08-20,reviewed,true
built-in-science-nature-clue-0237,built-in-science-nature,Science and Nature Pack,built-in-science-nature-set-047,board,round-one,2,medium,biology,Tissues Under a Microscope,Koed mikroskoobi all,What instrument cuts very thin tissue sections?,Milline instrument lõikab väga õhukesi koelõike?,microtome,mikrotoom,,,Thin sections let transmitted light pass through specimens.,Õhukesed lõigud lasevad läbival valgusel proovi läbida.,Histology — Wikipedia,https://en.wikipedia.org/wiki/Histology,CC-BY-SA-4.0,2026-08-20,reviewed,true
built-in-science-nature-clue-0238,built-in-science-nature,Science and Nature Pack,built-in-science-nature-set-047,board,round-one,3,medium,biology,Tissues Under a Microscope,Koed mikroskoobi all,What term describes epithelium arranged in a single layer?,"Milline termin kirjeldab epiteeli, mis on paigutatud ühte kihti?",simple epithelium,ühekihiline epiteel,,,"A simple epithelium has one cell layer, unlike stratified epithelium with multiple layers.","Ühekihilisel epiteelil on üks rakukiht, erinevalt mitmekihilisest epiteelist.",Histology — Wikipedia,https://en.wikipedia.org/wiki/Histology,CC-BY-SA-4.0,2026-08-20,reviewed,true
built-in-science-nature-clue-0239,built-in-science-nature,Science and Nature Pack,built-in-science-nature-set-047,board,round-one,4,medium,biology,Tissues Under a Microscope,Koed mikroskoobi all,Which common stain pair colours nuclei blue-purple and cytoplasm pink?,Milline tavaline värvipaar värvib rakutuumad sinakaslillaks ja tsütoplasma roosaks?,hematoxylin and eosin,hematoksüliin ja eosiin,H&E,H&E,"Hematoxylin stains nuclei blue-purple, while eosin colours protein-rich cytoplasm pink, creating useful contrast.","Hematoksüliin värvib tuumad sinakaslillaks ning eosiin valgurikka tsütoplasma roosaks, luues kasuliku kontrasti.",Histology — Wikipedia,https://en.wikipedia.org/wiki/Histology,CC-BY-SA-4.0,2026-08-20,reviewed,true
built-in-science-nature-clue-0240,built-in-science-nature,Science and Nature Pack,built-in-science-nature-set-047,board,round-one,5,medium,biology,Tissues Under a Microscope,Koed mikroskoobi all,What medical specialty interprets tissue sections to diagnose disease?,Milline meditsiinieriala tõlgendab haiguse diagnoosimiseks koelõike?,histopathology,histopatoloogia,,,Histopathology applies microscopic tissue study to disease.,Histopatoloogia rakendab haiguste uurimisel kudede mikroskoopilist vaatlust.,Histology — Wikipedia,https://en.wikipedia.org/wiki/Histology,CC-BY-SA-4.0,2026-08-20,reviewed,true
built-in-science-nature-clue-0241,built-in-science-nature,Science and Nature Pack,built-in-science-nature-set-048,board,round-one,1,medium,biology,Mitochondrial Lineages and Haplogroups,Mitokondriaalsed põlvnemisliinid ja haplorühmad,What does the abbreviation mtDNA stand for?,Mida tähendab lühend mtDNA?,mitochondrial DNA,mitokondriaalne DNA,,,The abbreviation distinguishes the mitochondrial genome from nuclear DNA.,Lühend eristab mitokondriaalset genoomi tuuma-DNA-st.,Human mitochondrial DNA haplogroup — Wikipedia,https://en.wikipedia.org/wiki/Human_mitochondrial_DNA_haplogroup,CC-BY-SA-4.0,2026-08-20,reviewed,true
built-in-science-nature-clue-0242,built-in-science-nature,Science and Nature Pack,built-in-science-nature-set-048,board,round-one,2,medium,biology,Mitochondrial Lineages and Haplogroups,Mitokondriaalsed põlvnemisliinid ja haplorühmad,Human mitochondrial haplogroups are used to trace which kind of lineage?,Millist põlvnemisliini jälgitakse inimese mitokondriaalsete haplorühmade abil?,maternal lineage,emapoolne põlvnemisliin,maternal line|matrilineal lineage,emaliin|matrilineaarne põlvnemisliin,"Mitochondrial mutations accumulate along maternal lines, allowing haplogroups to trace matrilineal ancestry.","Mitokondriaalsed mutatsioonid kogunevad emaliinides, võimaldades haplorühmadega matrilineaarset põlvnemist jälgida.",Human mitochondrial DNA haplogroup — Wikipedia,https://en.wikipedia.org/wiki/Human_mitochondrial_DNA_haplogroup,CC-BY-SA-4.0,2026-08-20,reviewed,true
built-in-science-nature-clue-0243,built-in-science-nature,Science and Nature Pack,built-in-science-nature-set-048,board,round-one,3,medium,biology,Mitochondrial Lineages and Haplogroups,Mitokondriaalsed põlvnemisliinid ja haplorühmad,What does a mitochondrial haplogroup collect: related lineages or unrelated individuals?,Mida koondab mitokondriaalne haplorühm: seotud põlvnemisliine või üksteisega mitteseotud inimesi?,related lineages,seotud põlvnemisliine,related maternal lineages|related mtDNA lineages,seotud emaliine|seotud mtDNA-liine,A haplogroup collects maternal lineages that share inherited mitochondrial variants.,"Haplorühm koondab emaliinid, millel on ühised päritud mitokondriaalsed variandid.",Human mitochondrial DNA haplogroup — Wikipedia,https://en.wikipedia.org/wiki/Human_mitochondrial_DNA_haplogroup,CC-BY-SA-4.0,2026-08-20,reviewed,true
built-in-science-nature-clue-0244,built-in-science-nature,Science and Nature Pack,built-in-science-nature-set-048,board,round-one,4,medium,biology,Mitochondrial Lineages and Haplogroups,Mitokondriaalsed põlvnemisliinid ja haplorühmad,Which haplogroup letter is used in mitochondrial-DNA nomenclature but is not shared with Y-chromosome nomenclature?,"Millist haplorühma tähte kasutatakse mitokondriaalse DNA nomenklatuuris, kuid mitte Y-kromosoomi nomenklatuuris?",U,U,,,Haplogroup U is a mitochondrial lineage label rather than a shared Y-chromosome label.,Haplorühm U tähistab mitokondriaalset põlvnemisliini; Y-kromosoomi haplorühmade nimetamisel sama tähte ei kasutata.,Human mitochondrial DNA haplogroup — Wikipedia,https://en.wikipedia.org/wiki/Human_mitochondrial_DNA_haplogroup,CC-BY-SA-4.0,2026-08-20,reviewed,true
built-in-science-nature-clue-0245,built-in-science-nature,Science and Nature Pack,built-in-science-nature-set-048,board,round-one,5,medium,biology,Mitochondrial Lineages and Haplogroups,Mitokondriaalsed põlvnemisliinid ja haplorühmad,What nickname denotes the matrilineal most recent common ancestor of living humans?,Milline hüüdnimi tähistab elavate inimeste viimast ühist matrilineaarset esivanemat?,Mitochondrial Eve,Mitokondriaalne Eeva,,,Mitochondrial Eve is the matrilineal most recent common ancestor inferred from mtDNA lineages.,Mitokondriaalne Eeva on mtDNA põlvnemisliinide põhjal järeldatud viimane ühine emaliini esivanem.,Human mitochondrial DNA haplogroup — Wikipedia,https://en.wikipedia.org/wiki/Human_mitochondrial_DNA_haplogroup,CC-BY-SA-4.0,2026-08-20,reviewed,true
built-in-science-nature-clue-0246,built-in-science-nature,Science and Nature Pack,built-in-science-nature-set-049,board,round-one,1,medium,animals,Lucy of the Afar Depression,Afari nõo Lucy,In which country was Lucy found?,Millisest riigist Lucy leiti?,Ethiopia,Etioopia,,,The Hadar site lies in Ethiopia’s Afar region.,Hadari ala asub Etioopias Afari piirkonnas.,Lucy (hominid) — Wikipedia,https://en.wikipedia.org/wiki/Lucy_(hominid),CC-BY-SA-4.0,2026-08-20,reviewed,true
built-in-science-nature-clue-0247,built-in-science-nature,Science and Nature Pack,built-in-science-nature-set-049,board,round-one,2,medium,animals,Lucy of the Afar Depression,Afari nõo Lucy,In what year was Lucy discovered?,Mis aastal Lucy avastati?,1974,1974,,,Donald Johanson’s team found Lucy in November 1974.,Donald Johansoni töörühm leidis Lucy 1974. aasta novembris.,Lucy (hominid) — Wikipedia,https://en.wikipedia.org/wiki/Lucy_(hominid),CC-BY-SA-4.0,2026-08-20,reviewed,true
built-in-science-nature-clue-0248,built-in-science-nature,Science and Nature Pack,built-in-science-nature-set-049,board,round-one,3,medium,animals,Lucy of the Afar Depression,Afari nõo Lucy,Which Beatles song inspired the fossil’s nickname?,Milline Beatlesi laul inspireeris fossiili hüüdnime?,Lucy in the Sky with Diamonds,Lucy in the Sky with Diamonds,,,The excavation team repeatedly played the song.,Kaevamisrühm mängis seda laulu korduvalt.,Lucy (hominid) — Wikipedia,https://en.wikipedia.org/wiki/Lucy_(hominid),CC-BY-SA-4.0,2026-08-20,reviewed,true
built-in-science-nature-clue-0249,built-in-science-nature,Science and Nature Pack,built-in-science-nature-set-049,board,round-one,4,medium,animals,Lucy of the Afar Depression,Afari nõo Lucy,What scientific species name is assigned to the fossil Lucy?,Milline teaduslik liiginimi on antud fossiilile Lucy?,Australopithecus afarensis,Australopithecus afarensis,,,Lucy is the partial skeleton catalogued AL 288-1.,Lucy on osaline luustik kataloogitähisega AL 288-1.,Lucy (hominid) — Wikipedia,https://en.wikipedia.org/wiki/Lucy_(hominid),CC-BY-SA-4.0,2026-08-20,reviewed,true
built-in-science-nature-clue-0250,built-in-science-nature,Science and Nature Pack,built-in-science-nature-set-049,board,round-one,5,medium,animals,Lucy of the Afar Depression,Afari nõo Lucy,Which pelvic and leg traits did Lucy help document?,Milliseid vaagna ja alajäsemete tunnuseid aitas Lucy dokumenteerida?,habitual bipedalism,harjumuspärane kahel jalal liikumine,bipedalism,bipedalism,Her anatomy supports regular upright walking.,Tema anatoomia näitab korrapärast püstist kahel jalal liikumist.,Lucy (hominid) — Wikipedia,https://en.wikipedia.org/wiki/Lucy_(hominid),CC-BY-SA-4.0,2026-08-20,reviewed,true
built-in-science-nature-clue-0251,built-in-science-nature,Science and Nature Pack,built-in-science-nature-set-050,board,round-one,1,medium,animals,Neanderthal Range and Biology,Neandertallaste levila ja bioloogia,Were Neanderthals direct ancestors of all modern humans?,Kas neandertallased olid kõigi tänapäeva inimeste otsesed esivanemad?,no,ei,,,They were a sister lineage that also interbred with some modern-human populations.,"Nad moodustasid sõsarliini, mis ristus ka mõningate nüüdisinimeste populatsioonidega.",Neanderthal — Wikipedia,https://en.wikipedia.org/wiki/Neanderthal,CC-BY-SA-4.0,2026-08-20,reviewed,true
built-in-science-nature-clue-0252,built-in-science-nature,Science and Nature Pack,built-in-science-nature-set-050,board,round-one,2,medium,animals,Neanderthal Range and Biology,Neandertallaste levila ja bioloogia,Across which broad region have Neanderthal fossils been found?,Millisest ulatuslikust piirkonnast on leitud neandertallaste fossiile?,Europe and Asia,Euroopa ja Aasia,Eurasia,Euraasia,Their range extended across Europe and western to central Asia.,Nende levila ulatus üle Euroopa ning Lääne- ja Kesk-Aasia.,Neanderthal — Wikipedia,https://en.wikipedia.org/wiki/Neanderthal,CC-BY-SA-4.0,2026-08-20,reviewed,true
built-in-science-nature-clue-0253,built-in-science-nature,Science and Nature Pack,built-in-science-nature-set-050,board,round-one,3,medium,animals,Neanderthal Range and Biology,Neandertallaste levila ja bioloogia,Which German valley gave Neanderthals their name?,Milline Saksa org andis neandertallastele nende nime?,Neander Valley,Neanderi org,Neandertal Valley,Neandertali org,The type specimen was found there in 1856.,Tüüpeksemplar leiti sealt 1856. aastal.,Neanderthal — Wikipedia,https://en.wikipedia.org/wiki/Neanderthal,CC-BY-SA-4.0,2026-08-20,reviewed,true
built-in-science-nature-clue-0254,built-in-science-nature,Science and Nature Pack,built-in-science-nature-set-050,board,round-one,4,medium,animals,Neanderthal Range and Biology,Neandertallaste levila ja bioloogia,What process left Neanderthal DNA in many living people?,Millise protsessi tõttu leidub paljudes tänapäeva inimestes neandertallaste DNAd?,interbreeding,ristumine,admixture|gene flow,segunemine|geenivoog,Gene flow occurred after modern humans dispersed from Africa.,Geenivoog toimus pärast tänapäeva inimeste väljarännet Aafrikast.,Neanderthal — Wikipedia,https://en.wikipedia.org/wiki/Neanderthal,CC-BY-SA-4.0,2026-08-20,reviewed,true
built-in-science-nature-clue-0255,built-in-science-nature,Science and Nature Pack,built-in-science-nature-set-050,board,round-one,5,medium,animals,Neanderthal Range and Biology,Neandertallaste levila ja bioloogia,What prominent skull feature is common in Neanderthals?,Milline silmatorkav koljutunnus on neandertallastel tavaline?,a strong brow ridge,tugev kulmukaar,supraorbital torus|prominent brow ridge,supraorbitaalne toorus|silmatorkav kulmukaar,Neanderthal skulls often have large supraorbital tori.,Neandertallaste koljudel on sageli suured supraorbitaalsed toorused.,Neanderthal — Wikipedia,https://en.wikipedia.org/wiki/Neanderthal,CC-BY-SA-4.0,2026-08-20,reviewed,true
built-in-science-nature-clue-0256,built-in-science-nature,Science and Nature Pack,built-in-science-nature-set-051,board,round-two,1,easy,animals,A Landmark Cloning Experiment,Murranguline kloonimiskatse,What kind of animal was Dolly?,Mis loom oli Dolly?,sheep,lammas,,,Dolly was a Finn Dorset sheep.,Dolly oli Finn Dorseti lammas.,Dolly (sheep) — Wikipedia,https://en.wikipedia.org/wiki/Dolly_(sheep),CC-BY-SA-4.0,2026-08-20,reviewed,true
built-in-science-nature-clue-0257,built-in-science-nature,Science and Nature Pack,built-in-science-nature-set-051,board,round-two,2,easy,animals,A Landmark Cloning Experiment,Murranguline kloonimiskatse,"In what year was Dolly, the first mammal cloned from an adult somatic cell, born?","Mis aastal sündis Dolly, esimene imetaja, kes klooniti täiskasvanud somaatilisest rakust?",1996,1996,,,Dolly was born on 5 July 1996.,Dolly sündis 5. juulil 1996.,Dolly (sheep) — Wikipedia,https://en.wikipedia.org/wiki/Dolly_(sheep),CC-BY-SA-4.0,2026-08-20,reviewed,true
built-in-science-nature-clue-0258,built-in-science-nature,Science and Nature Pack,built-in-science-nature-set-051,board,round-two,3,easy,animals,A Landmark Cloning Experiment,Murranguline kloonimiskatse,What cloning method created Dolly?,Millist kloonimismeetodit kasutati Dolly loomiseks?,somatic cell nuclear transfer,somaatilise raku tuuma ülekanne,SCNT,SCNT,A donor nucleus was placed into an enucleated egg.,"Doonori tuum paigutati munarakku, mille enda tuum oli eemaldatud.",Dolly (sheep) — Wikipedia,https://en.wikipedia.org/wiki/Dolly_(sheep),CC-BY-SA-4.0,2026-08-20,reviewed,true
built-in-science-nature-clue-0259,built-in-science-nature,Science and Nature Pack,built-in-science-nature-set-051,board,round-two,4,easy,animals,A Landmark Cloning Experiment,Murranguline kloonimiskatse,From what adult tissue did Dolly’s donor nucleus come?,Millisest täiskasvanud koest pärines Dolly doonortuum?,mammary gland,piimanääre,,,Researchers used a cell from an adult ewe’s mammary gland.,Teadlased kasutasid täiskasvanud ute piimanäärme rakku.,Dolly (sheep) — Wikipedia,https://en.wikipedia.org/wiki/Dolly_(sheep),CC-BY-SA-4.0,2026-08-20,reviewed,true
built-in-science-nature-clue-0260,built-in-science-nature,Science and Nature Pack,built-in-science-nature-set-051,board,round-two,5,easy,animals,A Landmark Cloning Experiment,Murranguline kloonimiskatse,In what year was Dolly’s creation announced publicly?,Mis aastal teatati Dolly loomisest avalikult?,1997,1997,,,The Roslin Institute announced her in February 1997.,Roslini Instituut avalikustas Dolly sünni 1997. aasta veebruaris.,Dolly (sheep) — Wikipedia,https://en.wikipedia.org/wiki/Dolly_(sheep),CC-BY-SA-4.0,2026-08-20,reviewed,true
built-in-science-nature-clue-0261,built-in-science-nature,Science and Nature Pack,built-in-science-nature-set-052,board,round-two,1,medium,biology,"Hormones, Enzymes, and Islet Cells","Hormoonid, ensüümid ja saarerakud",Which organ produces insulin?,Milline organ toodab insuliini?,pancreas,kõhunääre,,,This organ has endocrine islets that release hormones into the bloodstream.,"Sellel elundil on sisesekretoorsed saarekesed, mis vabastavad hormoone vereringesse.",Pancreas — Wikipedia,https://en.wikipedia.org/wiki/Pancreas,CC-BY-SA-4.0,2026-08-20,reviewed,true
built-in-science-nature-clue-0262,built-in-science-nature,Science and Nature Pack,built-in-science-nature-set-052,board,round-two,2,medium,biology,"Hormones, Enzymes, and Islet Cells","Hormoonid, ensüümid ja saarerakud",Is the pancreas both endocrine and exocrine?,Kas kõhunääre on nii endokriinne kui ka eksokriin?,yes,jah,,,It releases hormones into blood and digestive enzymes into ducts.,See vabastab hormoone verre ja seedeensüüme kanalitesse.,Pancreas — Wikipedia,https://en.wikipedia.org/wiki/Pancreas,CC-BY-SA-4.0,2026-08-20,reviewed,true
built-in-science-nature-clue-0263,built-in-science-nature,Science and Nature Pack,built-in-science-nature-set-052,board,round-two,3,medium,biology,"Hormones, Enzymes, and Islet Cells","Hormoonid, ensüümid ja saarerakud",The pancreas lies mostly behind which organ?,Millise elundi taga asub suurem osa kõhunäärmest?,stomach,magu,,,It extends across the upper abdomen behind the stomach.,Kõhunääre paikneb ülakõhus suures osas mao taga.,Pancreas — Wikipedia,https://en.wikipedia.org/wiki/Pancreas,CC-BY-SA-4.0,2026-08-20,reviewed,true
built-in-science-nature-clue-0264,built-in-science-nature,Science and Nature Pack,built-in-science-nature-set-052,board,round-two,4,medium,biology,"Hormones, Enzymes, and Islet Cells","Hormoonid, ensüümid ja saarerakud",Which islet cells secrete insulin?,Millised saarekeste rakud eritavad insuliini?,beta cells,beetarakud,,,These islet cells release insulin in response to rising blood glucose.,Need saarekeste rakud vabastavad insuliini vastuseks vere glükoositaseme tõusule.,Pancreas — Wikipedia,https://en.wikipedia.org/wiki/Pancreas,CC-BY-SA-4.0,2026-08-20,reviewed,true
built-in-science-nature-clue-0265,built-in-science-nature,Science and Nature Pack,built-in-science-nature-set-052,board,round-two,5,medium,biology,"Hormones, Enzymes, and Islet Cells","Hormoonid, ensüümid ja saarerakud",Into which part of the small intestine does the pancreatic duct empty?,Millisesse peensoole ossa suubub kõhunäärmejuha?,duodenum,kaksteistsõrmiksool,,,Pancreatic juice enters near the start of the small intestine.,Kõhunäärmenõre suubub peensoolde selle alguse lähedal.,Pancreas — Wikipedia,https://en.wikipedia.org/wiki/Pancreas,CC-BY-SA-4.0,2026-08-20,reviewed,true
built-in-science-nature-clue-0266,built-in-science-nature,Science and Nature Pack,built-in-science-nature-set-053,board,round-two,1,medium,biology,Knee Mechanics and Development,Põlve mehaanika ja areng,What is the anatomical name for the kneecap?,Mis on põlvekedra anatoomiline nimetus?,patella,patella,,,The patella sits at the front of the knee.,Patella asub põlve esiküljel.,Patella — Wikipedia,https://en.wikipedia.org/wiki/Patella,CC-BY-SA-4.0,2026-08-20,reviewed,true
built-in-science-nature-clue-0267,built-in-science-nature,Science and Nature Pack,built-in-science-nature-set-053,board,round-two,2,medium,biology,Knee Mechanics and Development,Põlve mehaanika ja areng,What type of bone is the patella?,Mis liiki luu on patella?,sesamoid bone,seesamluu,,,It develops within a tendon.,See areneb kõõluse sees.,Patella — Wikipedia,https://en.wikipedia.org/wiki/Patella,CC-BY-SA-4.0,2026-08-20,reviewed,true
built-in-science-nature-clue-0268,built-in-science-nature,Science and Nature Pack,built-in-science-nature-set-053,board,round-two,3,medium,biology,Knee Mechanics and Development,Põlve mehaanika ja areng,Within which muscle group’s tendon is the patella embedded?,Millise lihasrühma kõõluses asub patella?,quadriceps femoris,reie nelipealihas,quadriceps,reie nelipealihas,The patella is a sesamoid bone that develops inside this tendon and improves the knee extensor’s leverage.,"Patella on selle kõõluse sees arenev seesamluu, mis suurendab põlvesirutaja jõuõlga.",Patella — Wikipedia,https://en.wikipedia.org/wiki/Patella,CC-BY-SA-4.0,2026-08-20,reviewed,true
built-in-science-nature-clue-0269,built-in-science-nature,Science and Nature Pack,built-in-science-nature-set-053,board,round-two,4,medium,biology,Knee Mechanics and Development,Põlve mehaanika ja areng,Is the patella fully ossified at birth?,Kas patella on sündides täielikult luustunud?,no,ei,,,It begins largely as cartilage and ossifies during childhood.,Patella koosneb algul suuresti kõhrest ja luustub lapsepõlves.,Patella — Wikipedia,https://en.wikipedia.org/wiki/Patella,CC-BY-SA-4.0,2026-08-20,reviewed,true
built-in-science-nature-clue-0270,built-in-science-nature,Science and Nature Pack,built-in-science-nature-set-053,board,round-two,5,medium,biology,Knee Mechanics and Development,Põlve mehaanika ja areng,What does the patella increase for knee extension?,Mida suurendab patella põlve sirutamisel?,the quadriceps lever arm,reie nelipealihase jõuõlga,,,It holds the tendon farther from the joint axis.,See hoiab kõõlust liigese teljest kaugemal.,Patella — Wikipedia,https://en.wikipedia.org/wiki/Patella,CC-BY-SA-4.0,2026-08-20,reviewed,true
built-in-science-nature-clue-0271,built-in-science-nature,Science and Nature Pack,built-in-science-nature-set-054,board,round-two,1,medium,biology,The Adult Human Skeleton,Täiskasvanud inimese luustik,How many bones are normally counted in an adult human skeleton?,Kui palju luid loetakse tavaliselt täiskasvanud inimese skeletis?,206,206,,,Some individual variation occurs through fused or accessory bones.,Kokkukasvanud või lisaluude tõttu esineb inimeste vahel mõningast erinevust.,Human skeleton — Wikipedia,https://en.wikipedia.org/wiki/Human_skeleton,CC-BY-SA-4.0,2026-08-20,reviewed,true
built-in-science-nature-clue-0272,built-in-science-nature,Science and Nature Pack,built-in-science-nature-set-054,board,round-two,2,medium,biology,The Adult Human Skeleton,Täiskasvanud inimese luustik,What two divisions make up the human skeleton?,Millised kaks osa moodustavad inimese luustiku?,axial and appendicular skeletons,aksiaalne ja appendikulaarne luustik,axial and appendicular,aksiaalne ja appendikulaarne,The adult skeleton is divided into axial and appendicular parts.,Täiskasvanu luustik jaguneb aksiaalseks ja appendikulaarseks osaks.,Human skeleton — Wikipedia,https://en.wikipedia.org/wiki/Human_skeleton,CC-BY-SA-4.0,2026-08-20,reviewed,true
built-in-science-nature-clue-0273,built-in-science-nature,Science and Nature Pack,built-in-science-nature-set-054,board,round-two,3,medium,biology,The Adult Human Skeleton,Täiskasvanud inimese luustik,Which skeletal division contains the limbs and their girdles?,Milline luustiku osa sisaldab jäsemeid ja nende vöötmeid?,appendicular skeleton,appendikulaarne luustik,,,The appendicular skeleton comprises the limbs plus shoulder and pelvic girdles.,Appendikulaarne luustik koosneb jäsemetest ning õla- ja vaagnavöötmest.,Human skeleton — Wikipedia,https://en.wikipedia.org/wiki/Human_skeleton,CC-BY-SA-4.0,2026-08-20,reviewed,true
built-in-science-nature-clue-0274,built-in-science-nature,Science and Nature Pack,built-in-science-nature-set-054,board,round-two,4,medium,biology,The Adult Human Skeleton,Täiskasvanud inimese luustik,How many bones form the axial skeleton?,Mitu luud moodustavad aksiaalse luustiku?,80,80,,,"The axial skeleton includes skull, vertebral column, and thoracic cage.","Aksiaalne luustik hõlmab koljut, lülisammast ja rinnakorvi.",Human skeleton — Wikipedia,https://en.wikipedia.org/wiki/Human_skeleton,CC-BY-SA-4.0,2026-08-20,reviewed,true
built-in-science-nature-clue-0275,built-in-science-nature,Science and Nature Pack,built-in-science-nature-set-054,board,round-two,5,medium,biology,The Adult Human Skeleton,Täiskasvanud inimese luustik,How many bones form the appendicular skeleton?,Mitu luud moodustavad appendikulaarse luustiku?,126,126,,,Limbs and girdles make up the appendicular skeleton.,Appendikulaarse luustiku moodustavad jäsemed ja vöötmed.,Human skeleton — Wikipedia,https://en.wikipedia.org/wiki/Human_skeleton,CC-BY-SA-4.0,2026-08-20,reviewed,true
built-in-science-nature-clue-0276,built-in-science-nature,Science and Nature Pack,built-in-science-nature-set-055,board,round-two,1,medium,biology,A Scar at the Waist,Arm vöökohal,What anatomical word is another name for the navel?,Milline anatoomiline sõna on nabale teine nimi?,umbilicus,umbilicus,navel|belly button,naba|nabanupp,The umbilicus is the central abdominal scar commonly called the navel or belly button.,"Umbilicus on kõhu keskosas olev arm, mida tavaliselt nimetatakse nabaks või nabanupuks.",Navel — Wikipedia,https://en.wikipedia.org/wiki/Navel,CC-BY-SA-4.0,2026-08-20,reviewed,true
built-in-science-nature-clue-0277,built-in-science-nature,Science and Nature Pack,built-in-science-nature-set-055,board,round-two,2,medium,biology,A Scar at the Waist,Arm vöökohal,The navel marks the former attachment site of which fetal structure?,Millise loote struktuuri endist kinnituskohta tähistab naba?,umbilical cord,nabanöör,the umbilical cord,nabanöör,"After the umbilical cord detaches, it leaves the scarred area called the navel.","Nabanööri irdumise järel jääb maha armistunud piirkond, mida nimetatakse nabaks.",Navel — Wikipedia,https://en.wikipedia.org/wiki/Navel,CC-BY-SA-4.0,2026-08-20,reviewed,true
built-in-science-nature-clue-0278,built-in-science-nature,Science and Nature Pack,built-in-science-nature-set-055,board,round-two,3,medium,biology,A Scar at the Waist,Arm vöökohal,Which three broad surface forms can a navel have?,Millised kolm üldist kuju võivad nabal olla?,"protruding, flat, or hollowed","väljaulatuv, lame või õõnes","hollowed, flat, or protruding|protruding flat or hollowed","õõnes, lame või väljaulatuv|väljaulatuv, lame või õõnes","The detached scar can heal into protruding, flat, or hollowed forms.","Arm võib pärast nabanööri irdumist kujuneda väljaulatuvaks, lamedaks või õõnsaks.",Navel — Wikipedia,https://en.wikipedia.org/wiki/Navel,CC-BY-SA-4.0,2026-08-20,reviewed,true
built-in-science-nature-clue-0279,built-in-science-nature,Science and Nature Pack,built-in-science-nature-set-055,board,round-two,4,medium,biology,A Scar at the Waist,Arm vöökohal,Which thoracic spinal nerve supplies skin at the level of the umbilicus?,Milline rindkere seljaajunärv innerveerib nahka naba kõrgusel?,T10,T10,tenth thoracic spinal nerve|thoracic nerve T10,kümnes rindkere seljaajunärv|rindkere närv T10,Skin around the waist at umbilical level is supplied by the T10 dermatome.,Naba kõrgusel innerveerib vöökoha ümbruse nahka T10 dermatoom.,Navel — Wikipedia,https://en.wikipedia.org/wiki/Navel,CC-BY-SA-4.0,2026-08-20,reviewed,true
built-in-science-nature-clue-0280,built-in-science-nature,Science and Nature Pack,built-in-science-nature-set-055,board,round-two,5,medium,biology,A Scar at the Waist,Arm vöökohal,The umbilicus typically lies near the junction of which two vertebral levels?,Millise kahe lülitasandi piiri lähedal naba tavaliselt asub?,L3 and L4,L3 ja L4,L3–L4|L3/L4,L3–L4|L3/L4,The umbilicus usually lies near the junction between the L3 and L4 vertebral levels.,Naba asub tavaliselt L3 ja L4 lülitasandi piiri lähedal.,Navel — Wikipedia,https://en.wikipedia.org/wiki/Navel,CC-BY-SA-4.0,2026-08-20,reviewed,true
built-in-science-nature-clue-0281,built-in-science-nature,Science and Nature Pack,built-in-science-nature-set-056,board,round-two,1,medium,biology,Bones of Arm and Leg,Käe- ja jalaluud,What single long bone forms the upper arm?,Milline pikk luu moodustab õlavarre?,humerus,õlavarreluu,,,This bone spans the shoulder to the elbow and is the sole long bone of the upper arm.,See luu ulatub õlast küünarnukini ja on õlavarre ainus pikk luu.,Arm — Wikipedia,https://en.wikipedia.org/wiki/Arm,CC-BY-SA-4.0,2026-08-20,reviewed,true
built-in-science-nature-clue-0282,built-in-science-nature,Science and Nature Pack,built-in-science-nature-set-056,board,round-two,2,medium,biology,Bones of Arm and Leg,Käe- ja jalaluud,"Which bone is not among the arm’s three named long bones: ulna, humerus, or tibia?","Milline luu ei kuulu käe kolme nimetatud pika luu hulka: küünarluu, õlavarreluu või sääreluu?",tibia,sääreluu,,,"The source identifies humerus, ulna, and radius as the arm’s three long bones, excluding tibia.","Õlavarreluu, küünarluu ja kodarluu on käe kolm pikka luud; sääreluu nende hulka ei kuulu.",Arm — Wikipedia,https://en.wikipedia.org/wiki/Arm,CC-BY-SA-4.0,2026-08-20,reviewed,true
built-in-science-nature-clue-0283,built-in-science-nature,Science and Nature Pack,built-in-science-nature-set-056,board,round-two,3,medium,biology,Bones of Arm and Leg,Käe- ja jalaluud,What is the arm region between the elbow and wrist called?,Kuidas nimetatakse käe piirkonda küünarnuki ja randme vahel?,forearm,küünarvars,the forearm|lower arm,küünarvars|käe alaosa,The forearm is the upper-limb region extending from the elbow to the wrist.,Küünarvars on ülajäseme piirkond küünarnukist randmeni.,Arm — Wikipedia,https://en.wikipedia.org/wiki/Arm,CC-BY-SA-4.0,2026-08-20,reviewed,true
built-in-science-nature-clue-0284,built-in-science-nature,Science and Nature Pack,built-in-science-nature-set-056,board,round-two,4,medium,biology,Bones of Arm and Leg,Käe- ja jalaluud,What joint joins the head of the humerus to the scapula?,Milline liiges ühendab õlavarreluu pead abaluuga?,glenohumeral joint,glenohumeraalliiges,shoulder joint,õlaliiges,The ball-like humeral head meets the scapula at this shoulder articulation.,Kerakujuline õlavarreluu pea liigendub selles õlaliigeses abaluuga.,Arm — Wikipedia,https://en.wikipedia.org/wiki/Arm,CC-BY-SA-4.0,2026-08-20,reviewed,true
built-in-science-nature-clue-0285,built-in-science-nature,Science and Nature Pack,built-in-science-nature-set-056,board,round-two,5,medium,biology,Bones of Arm and Leg,Käe- ja jalaluud,Which Latin term serves as a root for many anatomical names of the arm?,Milline ladinakeelne termin on paljude käe anatoomiliste nimede juur?,brachium,brachium,the brachium,brachium,Brachium can denote the arm as a whole or its upper part and supplies the root of many anatomical terms.,Brachium võib tähistada kätt tervikuna või selle ülaosa ning on paljude anatoomiliste terminite tüvi.,Arm — Wikipedia,https://en.wikipedia.org/wiki/Arm,CC-BY-SA-4.0,2026-08-20,reviewed,true
built-in-science-nature-clue-0286,built-in-science-nature,Science and Nature Pack,built-in-science-nature-set-057,board,round-two,1,medium,biology,Lung Structure and Gas Exchange,Kopsude ehitus ja gaasivahetus,How many lobes does the right human lung have?,Mitu sagarat on inimese paremas kopsus?,three,kolm,,,"They are superior, middle, and inferior lobes.","Need on üla-, kesk- ja alasagar.",Lung — Wikipedia,https://en.wikipedia.org/wiki/Lung,CC-BY-SA-4.0,2026-08-20,reviewed,true
built-in-science-nature-clue-0287,built-in-science-nature,Science and Nature Pack,built-in-science-nature-set-057,board,round-two,2,medium,biology,Lung Structure and Gas Exchange,Kopsude ehitus ja gaasivahetus,How many lobes does the left lung have?,Mitu sagarat vasakul kopsul on?,two,kaks,,,The left lung leaves space for the heart.,Vasak kops jätab südamele ruumi.,Lung — Wikipedia,https://en.wikipedia.org/wiki/Lung,CC-BY-SA-4.0,2026-08-20,reviewed,true
built-in-science-nature-clue-0288,built-in-science-nature,Science and Nature Pack,built-in-science-nature-set-057,board,round-two,3,medium,biology,Lung Structure and Gas Exchange,Kopsude ehitus ja gaasivahetus,What tiny air sacs exchange gases with blood?,Millised tillukesed õhukotid vahetavad gaase verega?,alveoli,alveoolid,,,Thin alveolar walls permit diffusion.,Õhukesed alveooliseinad võimaldavad difusiooni.,Lung — Wikipedia,https://en.wikipedia.org/wiki/Lung,CC-BY-SA-4.0,2026-08-20,reviewed,true
built-in-science-nature-clue-0289,built-in-science-nature,Science and Nature Pack,built-in-science-nature-set-057,board,round-two,4,medium,biology,Lung Structure and Gas Exchange,Kopsude ehitus ja gaasivahetus,Which fissure separates the right upper and middle lobes?,Milline lõhe eraldab parema ülemise ja keskmise sagara?,horizontal fissure,horisontaallõhe,minor fissure,väike lõhe,The oblique fissure separates the lower lobe.,Kaldlõhe eraldab alasagara.,Lung — Wikipedia,https://en.wikipedia.org/wiki/Lung,CC-BY-SA-4.0,2026-08-20,reviewed,true
built-in-science-nature-clue-0290,built-in-science-nature,Science and Nature Pack,built-in-science-nature-set-057,board,round-two,5,medium,biology,Lung Structure and Gas Exchange,Kopsude ehitus ja gaasivahetus,What double-layered membrane surrounds each lung?,Milline kahekihiline membraan ümbritseb iga kopsu?,pleura,pleura,pleural membranes,pleuramembraanid,Visceral and parietal pleura enclose a lubricated space.,Vistseraalne ja parietaalne pleura ümbritsevad vedelikuga libestatud pleuraõõnt.,Lung — Wikipedia,https://en.wikipedia.org/wiki/Lung,CC-BY-SA-4.0,2026-08-20,reviewed,true
built-in-science-nature-clue-0291,built-in-science-nature,Science and Nature Pack,built-in-science-nature-set-058,board,round-two,1,medium,medicine-history,How Circulation Became Visible,Kuidas vereringe nähtavaks sai,What are the smallest blood vessels?,Millised on väikseimad veresooned?,capillaries,kapillaarid,,,Their microscopic diameter and thin walls place blood close to surrounding tissues.,Nende mikroskoopiline läbimõõt ja õhukesed seinad toovad vere ümbritsevate kudede lähedale.,Capillary — Wikipedia,https://en.wikipedia.org/wiki/Capillary,CC-BY-SA-4.0,2026-08-20,reviewed,true
built-in-science-nature-clue-0292,built-in-science-nature,Science and Nature Pack,built-in-science-nature-set-058,board,round-two,2,medium,medicine-history,How Circulation Became Visible,Kuidas vereringe nähtavaks sai,Who first directly observed and correctly described capillaries in a frog's lung in 1661?,Kes vaatles 1661. aastal esimesena otseselt konna kopsu kapillaare ja kirjeldas neid õigesti?,Marcello Malpighi,Marcello Malpighi,Malpighi,Malpighi,His microscopic observation supplied the missing link between arteries and veins.,Tema mikroskoopiline vaatlus andis puuduva seose arterite ja veenide vahel.,Capillary — Wikipedia,https://en.wikipedia.org/w/index.php?title=Capillary&oldid=1342754630,CC-BY-SA-4.0,2026-08-20,reviewed,true
built-in-science-nature-clue-0293,built-in-science-nature,Science and Nature Pack,built-in-science-nature-set-058,board,round-two,3,medium,medicine-history,How Circulation Became Visible,Kuidas vereringe nähtavaks sai,Who wrote in 1653 that blood passes from arteries into veins through connections or tissue porosities?,"Kes kirjutas 1653. aastal, et veri liigub arteritest veenidesse ühenduste või koe pooride kaudu?",William Harvey,William Harvey,Harvey,Harvey,He inferred a route between the two vessel systems without directly seeing capillaries.,Ta järeldas kahe veresoontesüsteemi vahelise tee olemasolu kapillaare otseselt nägemata.,Capillary — Wikipedia,https://en.wikipedia.org/w/index.php?title=Capillary&oldid=1342754630,CC-BY-SA-4.0,2026-08-20,reviewed,true
built-in-science-nature-clue-0294,built-in-science-nature,Science and Nature Pack,built-in-science-nature-set-058,board,round-two,4,medium,medicine-history,How Circulation Became Visible,Kuidas vereringe nähtavaks sai,Which 13th-century physician left the earliest known manuscript description of capillary passages?,Milline 13. sajandi arst jättis vanima teadaoleva käsikirjalise kirjelduse kapillaarsetest ühendustest?,Ibn al-Nafis,Ibn al-Nafis,Ibn Nafis,Ibn Nafis,He described perceptible passages between the pulmonary artery and pulmonary vein.,Ta kirjeldas märgatavaid ühendusi kopsuarteri ja kopsuveeni vahel.,Capillary — Wikipedia,https://en.wikipedia.org/w/index.php?title=Capillary&oldid=1342754630,CC-BY-SA-4.0,2026-08-20,reviewed,true
built-in-science-nature-clue-0295,built-in-science-nature,Science and Nature Pack,built-in-science-nature-set-058,board,round-two,5,medium,medicine-history,How Circulation Became Visible,Kuidas vereringe nähtavaks sai,Who received the 1920 Nobel Prize in Physiology or Medicine for work on capillary function?,Kes sai 1920. aasta Nobeli füsioloogia- või meditsiiniauhinna kapillaaride talitluse uurimise eest?,August Krogh,August Krogh,Krogh,Krogh,His research explained how capillaries provide nutrients to animal tissue.,"Tema uuringud selgitasid, kuidas kapillaarid varustavad loomkudesid toitainetega.",Capillary — Wikipedia,https://en.wikipedia.org/w/index.php?title=Capillary&oldid=1342754630,CC-BY-SA-4.0,2026-08-20,reviewed,true
built-in-science-nature-clue-0296,built-in-science-nature,Science and Nature Pack,built-in-science-nature-set-059,board,round-two,1,medium,medicine-history,Landmarks in Heart Medicine,Südamemeditsiini verstapostid,How many chambers does the human heart have?,Mitu kambrit on inimsüdamel?,four,neli,,,Two atria receive blood and two ventricles pump it.,Kaks koda võtavad verd vastu ja kaks vatsakest pumpavad seda.,Heart — Wikipedia,https://en.wikipedia.org/wiki/Heart,CC-BY-SA-4.0,2026-08-20,reviewed,true
built-in-science-nature-clue-0297,built-in-science-nature,Science and Nature Pack,built-in-science-nature-set-059,board,round-two,2,medium,medicine-history,Landmarks in Heart Medicine,Südamemeditsiini verstapostid,Which French physician invented the stethoscope in 1816?,Milline Prantsuse arst leiutas 1816. aastal stetoskoobi?,René Laennec,René Laennec,Rene Laennec|Laennec,Rene Laennec|Laennec,His original instrument was a monaural wooden tube used for listening to internal sounds.,"Tema algne instrument oli ühe kõrva kaudu kuulatav puittoru, millega kuulati keha sisehelisid.",Stethoscope — Wikipedia,https://en.wikipedia.org/w/index.php?title=Stethoscope&oldid=1364481103,CC-BY-SA-4.0,2026-08-20,reviewed,true
built-in-science-nature-clue-0298,built-in-science-nature,Science and Nature Pack,built-in-science-nature-set-059,board,round-two,3,medium,medicine-history,Landmarks in Heart Medicine,Südamemeditsiini verstapostid,Who performed the first human-to-human heart transplant on 3 December 1967?,Kes tegi 3. detsembril 1967 esimese inimeselt inimesele südamesiirdamise?,Christiaan Barnard,Christiaan Barnard,Christian Barnard|Barnard,Christian Barnard|Barnard,The operation took place at Groote Schuur Hospital in Cape Town.,Operatsioon toimus Kaplinnas Groote Schuuri haiglas.,Christiaan Barnard — Wikipedia,https://en.wikipedia.org/w/index.php?title=Christiaan_Barnard&oldid=1361661941,CC-BY-SA-4.0,2026-08-20,reviewed,true
built-in-science-nature-clue-0299,built-in-science-nature,Science and Nature Pack,built-in-science-nature-set-059,board,round-two,4,medium,medicine-history,Landmarks in Heart Medicine,Südamemeditsiini verstapostid,Which Dutch physiologist invented the first practical electrocardiograph and received the 1924 medicine Nobel?,Milline Hollandi füsioloog leiutas esimese praktilise elektrokardiograafi ja sai 1924. aasta Nobeli füsioloogia- või meditsiiniauhinna?,Willem Einthoven,Willem Einthoven,Einthoven,Einthoven,His string-galvanometer system made clinical recording of the heart’s electrical activity practical.,Tema niitgalvanomeetril põhinev süsteem muutis südame elektrilise aktiivsuse kliinilise registreerimise praktiliseks.,Willem Einthoven — Wikipedia,https://en.wikipedia.org/w/index.php?title=Willem_Einthoven&oldid=1342403562,CC-BY-SA-4.0,2026-08-20,reviewed,true
built-in-science-nature-clue-0300,built-in-science-nature,Science and Nature Pack,built-in-science-nature-set-059,board,round-two,5,medium,medicine-history,Landmarks in Heart Medicine,Südamemeditsiini verstapostid,Which five letters label the standard successive electrocardiogram deflections?,Millised viis tähte tähistavad elektrokardiogrammi tavapäraseid järjestikuseid laineid?,"P, Q, R, S and T","P, Q, R, S ja T",P Q R S T|PQRST,P Q R S T|PQRST,The conventional sequence runs from the atrial P wave through the ventricular T wave.,Tavapärane järjestus kulgeb kodade P-lainest vatsakeste T-laineni.,Willem Einthoven — Wikipedia,https://en.wikipedia.org/w/index.php?title=Willem_Einthoven&oldid=1342403562,CC-BY-SA-4.0,2026-08-20,reviewed,true
built-in-science-nature-clue-0301,built-in-science-nature,Science and Nature Pack,built-in-science-nature-set-060,board,round-two,1,medium,medicine-history,Ideas About Blood and the Lungs,Arusaamad verest ja kopsudest,Which artery carries deoxygenated blood from the heart?,Milline arter kannab südamest hapnikuvaest verd?,pulmonary artery,kopsuarter,pulmonary arteries|pulmonary trunk,kopsuarterid|kopsutüvi,"Unlike most arteries, this vessel carries low-oxygen blood from the heart toward the lungs.",Erinevalt enamikust arteritest kannab see veresoon hapnikuvaest verd südamest kopsude poole.,Pulmonary artery — Wikipedia,https://en.wikipedia.org/wiki/Pulmonary_artery,CC-BY-SA-4.0,2026-08-20,reviewed,true
built-in-science-nature-clue-0302,built-in-science-nature,Science and Nature Pack,built-in-science-nature-set-060,board,round-two,2,medium,medicine-history,Ideas About Blood and the Lungs,Arusaamad verest ja kopsudest,Which Greek physician first described the lung blood-flow system as distinct from circulation through the rest of the body?,Milline Kreeka arst kirjeldas esimesena kopsude verevoolu ülejäänud keha vereringest eraldi süsteemina?,Hippocrates,Hippokrates,,,"His account treated the lung circuit separately, although many details remained inaccurate.","Tema käsitlus vaatles kopsuvereringet eraldi, kuigi paljud üksikasjad jäid ebatäpseks.",Pulmonary circulation — Wikipedia,https://en.wikipedia.org/w/index.php?title=Pulmonary_circulation&oldid=1364832374,CC-BY-SA-4.0,2026-08-20,reviewed,true
built-in-science-nature-clue-0303,built-in-science-nature,Science and Nature Pack,built-in-science-nature-set-060,board,round-two,3,medium,medicine-history,Ideas About Blood and the Lungs,Arusaamad verest ja kopsudest,Which Renaissance polymath proposed that the heart was a muscle but still defended pores between the ventricles?,"Milline renessansiajastu õpetlane oletas, et süda on lihas, kuid kaitses siiski vatsakestevaheliste pooride ideed?",Leonardo da Vinci,Leonardo da Vinci,Leonardo,Leonardo,He moved toward a muscular view of the heart while retaining part of Galen’s model.,"Ta liikus südame lihaselise käsitluse poole, kuid säilitas osa Galenose mudelist.",Pulmonary circulation — Wikipedia,https://en.wikipedia.org/w/index.php?title=Pulmonary_circulation&oldid=1364832374,CC-BY-SA-4.0,2026-08-20,reviewed,true
built-in-science-nature-clue-0304,built-in-science-nature,Science and Nature Pack,built-in-science-nature-set-060,board,round-two,4,medium,medicine-history,Ideas About Blood and the Lungs,Arusaamad verest ja kopsudest,Which Spanish physician published an accurate European description of the lung blood-flow system in 1553?,Milline Hispaania arst avaldas täpse Euroopa kirjelduse kopsuverevoolu süsteemi kohta 1553. aastal?,Michael Servetus,Michael Servet,Servetus,Servet,The description appeared in his theological work Christianismi Restitutio.,Kirjeldus ilmus tema teoloogilises teoses Christianismi Restitutio.,Pulmonary circulation — Wikipedia,https://en.wikipedia.org/w/index.php?title=Pulmonary_circulation&oldid=1364832374,CC-BY-SA-4.0,2026-08-20,reviewed,true
built-in-science-nature-clue-0305,built-in-science-nature,Science and Nature Pack,built-in-science-nature-set-060,board,round-two,5,medium,medicine-history,Ideas About Blood and the Lungs,Arusaamad verest ja kopsudest,Who published De re anatomica in 1559 with an accurate description of blood passing through the lungs?,"Kes avaldas 1559. aastal teose De re anatomica, milles kirjeldas täpselt vere liikumist läbi kopsude?",Realdo Colombo,Realdo Colombo,Renaldus Columbus|Colombo,Renaldus Columbus|Colombo,His account traced blood from the right side of the heart through the lungs to the left side.,Tema kirjeldus jälgis vere liikumist südame paremast poolest läbi kopsude vasakusse poolde.,Pulmonary circulation — Wikipedia,https://en.wikipedia.org/w/index.php?title=Pulmonary_circulation&oldid=1364832374,CC-BY-SA-4.0,2026-08-20,reviewed,true
built-in-science-nature-clue-0306,built-in-science-nature,Science and Nature Pack,built-in-science-nature-set-061,board,round-two,1,medium,medicine-history,Names and Pages in Anatomy,Nimed ja teosed anatoomia ajaloos,Which major superficial muscle spans the neck and upper back?,Milline suur pindmine lihas ulatub üle kaela ja ülaselja?,trapezius,trapetslihas,trapezius muscle,musculus trapezius,"The broad paired muscle spans the neck, shoulders, and upper back.","Lai paarislihas ulatub üle kaela, õlgade ja ülaselja.",Trapezius — Wikipedia,https://en.wikipedia.org/wiki/Trapezius,CC-BY-SA-4.0,2026-08-20,reviewed,true
built-in-science-nature-clue-0307,built-in-science-nature,Science and Nature Pack,built-in-science-nature-set-061,board,round-two,2,medium,medicine-history,Names and Pages in Anatomy,Nimed ja teosed anatoomia ajaloos,Which ancient physician’s animal-based anatomical teachings dominated Europe before the Renaissance?,Millise antiikaja arsti loomadel põhinev anatoomiaõpetus valitses Euroopas enne renessanssi?,Galen,Galenos,,,Later human dissection exposed differences between Galen’s descriptions and human bodies.,Hilisem inimeste lahkamine tõi esile erinevused Galenose kirjelduste ja inimkeha vahel.,History of anatomy — Wikipedia,https://en.wikipedia.org/w/index.php?title=History_of_anatomy&oldid=1365093065,CC-BY-SA-4.0,2026-08-20,reviewed,true
built-in-science-nature-clue-0308,built-in-science-nature,Science and Nature Pack,built-in-science-nature-set-061,board,round-two,3,medium,medicine-history,Names and Pages in Anatomy,Nimed ja teosed anatoomia ajaloos,Who wrote the anatomy textbook first published in London in 1858 as Anatomy: Descriptive and Surgical?,Kes kirjutas 1858. aastal Londonis esmakordselt avaldatud anatoomiaõpiku Anatomy: Descriptive and Surgical?,Henry Gray,Henry Gray,Gray,Gray,The reference work became commonly known as Gray's Anatomy.,Teos sai üldtuntuks nime all Gray’s Anatomy.,Gray's Anatomy — Wikipedia,https://en.wikipedia.org/w/index.php?title=Gray%27s_Anatomy&oldid=1368245580,CC-BY-SA-4.0,2026-08-20,reviewed,true
built-in-science-nature-clue-0309,built-in-science-nature,Science and Nature Pack,built-in-science-nature-set-061,board,round-two,4,medium,medicine-history,Names and Pages in Anatomy,Nimed ja teosed anatoomia ajaloos,"Which anatomist published De humani corporis fabrica in 1543, challenging animal-based teachings that had dominated European anatomy?",Milline anatomist avaldas 1543. aastal teose De humani corporis fabrica ning seadis kahtluse alla Euroopa anatoomias valitsenud loomade anatoomial põhinenud õpetused?,Andreas Vesalius,Andreas Vesalius,Vesalius,Vesalius,His treatise used detailed human dissection and illustrations to correct inherited anatomical claims.,"Tema traktaadis kasutati üksikasjalikke inimkeha lahkamisi ja illustratsioone, et parandada varasemast pärandunud anatoomilisi väiteid.",History of anatomy — Wikipedia,https://en.wikipedia.org/w/index.php?title=History_of_anatomy&oldid=1365093065,CC-BY-SA-4.0,2026-08-20,reviewed,true
built-in-science-nature-clue-0310,built-in-science-nature,Science and Nature Pack,built-in-science-nature-set-061,board,round-two,5,medium,medicine-history,Names and Pages in Anatomy,Nimed ja teosed anatoomia ajaloos,Who supplied the illustrations for the 1858 textbook Anatomy: Descriptive and Surgical?,Kes tegi illustratsioonid 1858. aasta õpikule Anatomy: Descriptive and Surgical?,Henry Vandyke Carter,Henry Vandyke Carter,Henry Carter|H. V. Carter|Carter,Henry Carter|H. V. Carter|Carter,His detailed anatomical plates accompanied the book’s first edition.,Tema üksikasjalikud anatoomilised tahvlid ilmusid raamatu esmatrükis.,Gray's Anatomy — Wikipedia,https://en.wikipedia.org/w/index.php?title=Gray%27s_Anatomy&oldid=1368245580,CC-BY-SA-4.0,2026-08-20,reviewed,true
built-in-science-nature-clue-0311,built-in-science-nature,Science and Nature Pack,built-in-science-nature-set-062,board,round-two,1,medium,medicine-history,Bones and the Rise of Medical Imaging,Luud ja meditsiinilise kuvamise areng,The tibia is found in which part of the body?,Millisest kehaosast leitakse sääreluu?,leg,jalg,lower leg|the leg,säär|jalg,The tibia runs from the knee to the ankle in the lower limb.,Sääreluu kulgeb alajäsemes põlvest pahkluuni.,Tibia — Wikipedia,https://en.wikipedia.org/wiki/Tibia,CC-BY-SA-4.0,2026-08-20,reviewed,true
built-in-science-nature-clue-0312,built-in-science-nature,Science and Nature Pack,built-in-science-nature-set-062,board,round-two,2,medium,medicine-history,Bones and the Rise of Medical Imaging,Luud ja meditsiinilise kuvamise areng,Who used a magnetic-field gradient in 1973 to make a two-dimensional NMR image of two water tubes?,"Kes kasutas 1973. aastal magnetvälja gradienti, et teha kahemõõtmeline NMR-kujutis kahest veega täidetud torust?",Paul Lauterbur,Paul Lauterbur,Lauterbur,Lauterbur,He called the method zeugmatography and imaged proton spin density in the two-tube sample.,Ta nimetas meetodit zeugmatograafiaks ja kujutas kahe toruga proovis prootonite spinnitihedust.,Magnetic resonance imaging — Wikipedia,https://en.wikipedia.org/w/index.php?title=Magnetic_resonance_imaging&oldid=1369650837,CC-BY-SA-4.0,2026-08-20,reviewed,true
built-in-science-nature-clue-0313,built-in-science-nature,Science and Nature Pack,built-in-science-nature-set-062,board,round-two,3,medium,medicine-history,Bones and the Rise of Medical Imaging,Luud ja meditsiinilise kuvamise areng,Which engineer developed the scanner used for the first clinical CT examination?,"Milline insener töötas välja skänneri, mida kasutati esimesel kliinilisel kompuutertomograafia uuringul?",Godfrey Hounsfield,Godfrey Hounsfield,Hounsfield,Hounsfield,His system reconstructed cross-sectional images from X-ray measurements taken around the head.,Tema süsteem rekonstrueeris pea eri suundadest tehtud röntgenmõõtmiste põhjal ristlõikekujutised.,History of computed tomography — Wikipedia,https://en.wikipedia.org/w/index.php?title=History_of_computed_tomography&oldid=1369639024,CC-BY-SA-4.0,2026-08-20,reviewed,true
built-in-science-nature-clue-0314,built-in-science-nature,Science and Nature Pack,built-in-science-nature-set-062,board,round-two,4,medium,medicine-history,Bones and the Rise of Medical Imaging,Luud ja meditsiinilise kuvamise areng,Which physicist shared the 1979 medicine Nobel for the development of computed tomography?,Milline füüsik jagas 1979. aasta Nobeli füsioloogia- või meditsiiniauhinda kompuutertomograafia arendamise eest?,Allan Cormack,Allan Cormack,Allan M. Cormack|Cormack,Allan M. Cormack|Cormack,His mathematical reconstruction work complemented the engineering of clinical CT scanners.,Tema matemaatiline rekonstrueerimistöö täiendas kliiniliste KT-skannerite insenerilahendusi.,History of computed tomography — Wikipedia,https://en.wikipedia.org/w/index.php?title=History_of_computed_tomography&oldid=1369639024,CC-BY-SA-4.0,2026-08-20,reviewed,true
built-in-science-nature-clue-0315,built-in-science-nature,Science and Nature Pack,built-in-science-nature-set-062,board,round-two,5,medium,medicine-history,Bones and the Rise of Medical Imaging,Luud ja meditsiinilise kuvamise areng,At which London hospital was the first clinical CT patient examined on 1 October 1971?,Millises Londoni haiglas uuriti 1. oktoobril 1971 esimest patsienti kliinilisel KT-uuringul?,Atkinson Morley Hospital,Atkinson Morley haigla,Atkinson Morley,Atkinson Morley,The first patient scan there was performed with neuroradiologist James Ambrose.,Esimene patsiendi KT-uuring tehti seal koos neuroradioloog James Ambrose’iga.,History of computed tomography — Wikipedia,https://en.wikipedia.org/w/index.php?title=History_of_computed_tomography&oldid=1369639024,CC-BY-SA-4.0,2026-08-20,reviewed,true
built-in-science-nature-clue-0316,built-in-science-nature,Science and Nature Pack,built-in-science-nature-set-063,board,round-two,1,medium,medicine-history,Upper-Limb Medical Milestones,Ülajäseme meditsiini verstapostid,"The humerus, radius, and ulna meet at which joint?","Millises liigeses kohtuvad õlavarreluu, kodarluu ja küünarluu?",elbow,küünarliiges,elbow joint,küünarliiges,Three articulations share one capsule.,Kolmel liigesel on ühine liigesekapsel.,Elbow — Wikipedia,https://en.wikipedia.org/wiki/Elbow,CC-BY-SA-4.0,2026-08-20,reviewed,true
built-in-science-nature-clue-0317,built-in-science-nature,Science and Nature Pack,built-in-science-nature-set-063,board,round-two,2,medium,medicine-history,Upper-Limb Medical Milestones,Ülajäseme meditsiini verstapostid,What clinical term names the common racket-sport overuse condition affecting the common extensor tendon near the lateral epicondyle?,"Milline kliiniline termin tähistab reketispordis levinud ülekoormusseisundit, mis tabab lateraalse põndapealse lähedal sirutajalihaste ühist kõõlust?",lateral epicondylitis,lateraalne epikondüliit,,,The condition involves pain associated with the common extensor origin near the lateral epicondyle.,Seisundiga kaasneb valu lateraalse põndapealse lähedal asuva sirutajalihaste ühise lähtekoha piirkonnas.,Tennis elbow — Wikipedia,https://en.wikipedia.org/w/index.php?title=Tennis_elbow&oldid=1367524365,CC-BY-SA-4.0,2026-08-20,reviewed,true
built-in-science-nature-clue-0318,built-in-science-nature,Science and Nature Pack,built-in-science-nature-set-063,board,round-two,3,medium,medicine-history,Upper-Limb Medical Milestones,Ülajäseme meditsiini verstapostid,Which surgeon performed the first reconstruction of an ulnar collateral ligament on 25 September 1974?,Milline kirurg tegi 25. septembril 1974 küünarluu kollateraalsideme esimese rekonstruktsiooni?,Frank Jobe,Frank Jobe,Frank Wilson Jobe|Jobe,Frank Wilson Jobe|Jobe,"He devised the operation for pitcher Tommy John, whose name later became attached to the procedure.","Ta töötas operatsiooni välja pesapalliviskaja Tommy Johni jaoks, kelle nimega protseduuri hiljem seostati.",Frank Jobe — Wikipedia,https://en.wikipedia.org/w/index.php?title=Frank_Jobe&oldid=1361633133,CC-BY-SA-4.0,2026-08-20,reviewed,true
built-in-science-nature-clue-0319,built-in-science-nature,Science and Nature Pack,built-in-science-nature-set-063,board,round-two,4,medium,medicine-history,Upper-Limb Medical Milestones,Ülajäseme meditsiini verstapostid,Which German physician is credited with the first 1873 description of the overuse condition later associated with racket sports?,Millisele Saksa arstile omistatakse reketispordiga hiljem seostatud ülekoormusseisundi esimene kirjeldus 1873. aastal?,F. Runge,F. Runge,Runge,Runge,"He called the condition writer’s cramp, or Schreibekrampf.",Ta nimetas seisundit kirjutajakrammiks ehk Schreibekrampf’iks.,Tennis elbow — Wikipedia,https://en.wikipedia.org/w/index.php?title=Tennis_elbow&oldid=1367524365,CC-BY-SA-4.0,2026-08-20,reviewed,true
built-in-science-nature-clue-0320,built-in-science-nature,Science and Nature Pack,built-in-science-nature-set-063,board,round-two,5,medium,medicine-history,Upper-Limb Medical Milestones,Ülajäseme meditsiini verstapostid,Which Japanese Baseball Hall of Fame pitcher underwent ulnar collateral ligament reconstruction in 1982?,Millisele Jaapani pesapalli kuulsuste halli viskajale tehti 1982. aastal küünarluu kollateraalsideme rekonstruktsioon?,Choji Murata,Choji Murata,Chōji Murata|Murata,Chōji Murata|Murata,His operation was the first performance of the procedure in Japan.,"Tema operatsioon oli esimene kord, kui seda protseduuri Jaapanis tehti.",Frank Jobe — Wikipedia,https://en.wikipedia.org/w/index.php?title=Frank_Jobe&oldid=1361633133,CC-BY-SA-4.0,2026-08-20,reviewed,true
built-in-science-nature-clue-0321,built-in-science-nature,Science and Nature Pack,built-in-science-nature-set-064,board,round-two,1,hard,medicine-history,The History and Biology of Celiac Disease,Tsöliaakia ajalugu ja bioloogia,Does celiac disease primarily affect the heart or small intestine?,Kas tsöliaakia kahjustab peamiselt südant või peensoolt?,small intestine,peensoolt,,,The immune reaction injures the small-intestinal lining and impairs absorption.,Immuunreaktsioon kahjustab peensoole limaskesta ja halvendab imendumist.,Coeliac disease — Wikipedia,https://en.wikipedia.org/wiki/Coeliac_disease,CC-BY-SA-4.0,2026-08-20,reviewed,true
built-in-science-nature-clue-0322,built-in-science-nature,Science and Nature Pack,built-in-science-nature-set-064,board,round-two,2,hard,medicine-history,The History and Biology of Celiac Disease,Tsöliaakia ajalugu ja bioloogia,Which grain protein mixture triggers celiac disease?,Milline teraviljavalkude segu vallandab tsöliaakia?,gluten,gluteen,,,Gluten occurs in wheat and related cereals.,Gluteeni leidub nisus ja sugulasteraviljades.,Coeliac disease — Wikipedia,https://en.wikipedia.org/wiki/Coeliac_disease,CC-BY-SA-4.0,2026-08-20,reviewed,true
built-in-science-nature-clue-0323,built-in-science-nature,Science and Nature Pack,built-in-science-nature-set-064,board,round-two,3,hard,medicine-history,The History and Biology of Celiac Disease,Tsöliaakia ajalugu ja bioloogia,Which intestinal projections can become damaged?,Millised peensoole limaskesta jätked võivad kahjustuda?,villi,soolehatud,,,Damage to these projections reduces the small intestine’s nutrient-absorbing surface.,Nende väljasopistuste kahjustus vähendab peensoole toitainete imendumispinda.,Coeliac disease — Wikipedia,https://en.wikipedia.org/wiki/Coeliac_disease,CC-BY-SA-4.0,2026-08-20,reviewed,true
built-in-science-nature-clue-0324,built-in-science-nature,Science and Nature Pack,built-in-science-nature-set-064,board,round-two,4,hard,medicine-history,The History and Biology of Celiac Disease,Tsöliaakia ajalugu ja bioloogia,The word celiac derives from a Greek word for which body cavity?,"Sõna tsöliaakia pärineb kreekakeelsest sõnast, mis tähistab millist kehaõõnt?",abdomen,kõht,,,Koiliakos means abdominal.,Koiliakos tähendab kõhuga seotut.,Coeliac disease — Wikipedia,https://en.wikipedia.org/wiki/Coeliac_disease,CC-BY-SA-4.0,2026-08-20,reviewed,true
built-in-science-nature-clue-0325,built-in-science-nature,Science and Nature Pack,built-in-science-nature-set-064,board,round-two,5,hard,medicine-history,The History and Biology of Celiac Disease,Tsöliaakia ajalugu ja bioloogia,Which ancient physician gave an early description of the condition?,Milline antiikaja arst andis seisundi varase kirjelduse?,Aretaeus of Cappadocia,Aretaeus Kappadookiast,Aretaeus,Aretaeus,Aretaeus described an abdominal wasting illness in antiquity.,Aretaeus kirjeldas antiikajal kõhnumisega kulgevat kõhuhaigust.,Coeliac disease — Wikipedia,https://en.wikipedia.org/wiki/Coeliac_disease,CC-BY-SA-4.0,2026-08-20,reviewed,true
built-in-science-nature-clue-0326,built-in-science-nature,Science and Nature Pack,built-in-science-nature-set-065,board,round-two,1,hard,medicine-history,A 1910 Neurodegenerative Namesake,1910. aastal nime saanud neurodegeneratiivne haigus,The Auguste Deter case involved progressive disease of which organ?,Millise elundi progresseeruvat haigust käsitles Auguste Deteri juhtum?,brain,aju,,,Memory and cognitive decline in the case reflected progressive disease of the brain.,Juhtumil täheldatud mälu- ja tunnetusvõime langus peegeldas progresseeruvat ajuhaigust.,Alzheimer's disease — Wikipedia,https://en.wikipedia.org/wiki/Alzheimer%27s_disease,CC-BY-SA-4.0,2026-08-20,reviewed,true
built-in-science-nature-clue-0327,built-in-science-nature,Science and Nature Pack,built-in-science-nature-set-065,board,round-two,2,hard,medicine-history,A 1910 Neurodegenerative Namesake,1910. aastal nime saanud neurodegeneratiivne haigus,Which German physician described the famous Auguste Deter case?,Milline saksa arst kirjeldas kuulsat Auguste Deteri juhtumit?,Alois Alzheimer,Alois Alzheimer,Alzheimer,Alzheimer,He presented the case in 1906.,Ta tutvustas juhtumit 1906. aastal.,Alzheimer's disease — Wikipedia,https://en.wikipedia.org/wiki/Alzheimer%27s_disease,CC-BY-SA-4.0,2026-08-20,reviewed,true
built-in-science-nature-clue-0328,built-in-science-nature,Science and Nature Pack,built-in-science-nature-set-065,board,round-two,3,hard,medicine-history,A 1910 Neurodegenerative Namesake,1910. aastal nime saanud neurodegeneratiivne haigus,Who coined the term Alzheimer’s disease in 1910?,Kes võttis 1910. aastal kasutusele termini „Alzheimeri tõbi“?,Emil Kraepelin,Emil Kraepelin,,,Kraepelin used the name in his 1910 psychiatry textbook.,Kraepelin kasutas seda nimetust oma 1910. aasta psühhiaatriaõpikus.,Alzheimer's disease — Wikipedia,https://en.wikipedia.org/wiki/Alzheimer%27s_disease,CC-BY-SA-4.0,2026-08-20,reviewed,true
built-in-science-nature-clue-0329,built-in-science-nature,Science and Nature Pack,built-in-science-nature-set-065,board,round-two,4,hard,medicine-history,A 1910 Neurodegenerative Namesake,1910. aastal nime saanud neurodegeneratiivne haigus,Which protein accumulates in extracellular plaques?,Milline valk koguneb ekstratsellulaarsetesse naastudesse?,amyloid beta,beeta-amüloid,beta-amyloid|Aβ,beeta-amüloid|Aβ,Amyloid plaques are a characteristic pathological finding.,Amüloidnaastud on iseloomulik patoloogiline leid.,Alzheimer's disease — Wikipedia,https://en.wikipedia.org/wiki/Alzheimer%27s_disease,CC-BY-SA-4.0,2026-08-20,reviewed,true
built-in-science-nature-clue-0330,built-in-science-nature,Science and Nature Pack,built-in-science-nature-set-065,board,round-two,5,hard,medicine-history,A 1910 Neurodegenerative Namesake,1910. aastal nime saanud neurodegeneratiivne haigus,Which protein forms intracellular neurofibrillary tangles?,Milline valk moodustab rakusiseseid neurofibrillaarseid sangleid?,tau,tau,tau protein,tau-valk,Abnormally modified tau aggregates inside neurons.,Ebanormaalselt muundunud tau-valk kuhjub neuronites.,Alzheimer's disease — Wikipedia,https://en.wikipedia.org/wiki/Alzheimer%27s_disease,CC-BY-SA-4.0,2026-08-20,reviewed,true
built-in-science-nature-clue-0331,built-in-science-nature,Science and Nature Pack,built-in-science-nature-set-066,board,round-two,1,hard,medicine-history,A Nobel in Hormone Research,Nobeli auhind hormooniuuringutes,Banting and Macleod won a Nobel Prize for work on what hormone?,Millise hormooni uurimise eest said Banting ja Macleod Nobeli auhinna?,insulin,insuliin,,,"Their work concerned diabetes treatment, not quantum mechanics.","Nende töö käsitles diabeediravi, mitte kvantmehaanikat.",Insulin — Wikipedia,https://en.wikipedia.org/wiki/Insulin,CC-BY-SA-4.0,2026-08-20,reviewed,true
built-in-science-nature-clue-0332,built-in-science-nature,Science and Nature Pack,built-in-science-nature-set-066,board,round-two,2,hard,medicine-history,A Nobel in Hormone Research,Nobeli auhind hormooniuuringutes,In what year did Banting and Macleod receive the prize?,Mis aastal said Banting ja MacLeod auhinna?,1923,1923,,,The award followed the first clinical insulin treatments and recognized the discovery rather than later manufacture.,Auhind järgnes esimesele kliinilisele insuliiniravile ja tunnustas pigem avastamist kui hilisemat tootmist.,Insulin — Wikipedia,https://en.wikipedia.org/wiki/Insulin,CC-BY-SA-4.0,2026-08-20,reviewed,true
built-in-science-nature-clue-0333,built-in-science-nature,Science and Nature Pack,built-in-science-nature-set-066,board,round-two,3,hard,medicine-history,A Nobel in Hormone Research,Nobeli auhind hormooniuuringutes,Which two scientists were the named 1923 laureates?,Millised kaks teadlast olid 1923. aasta laureaadid?,Frederick Banting and John Macleod,Frederick Banting ja John Macleod,,,The Nobel committee officially named Frederick Banting and John Macleod as the laureates.,Nobeli komitee nimetas laureaatideks ametlikult Frederick Bantingi ja John Macleodi.,Insulin — Wikipedia,https://en.wikipedia.org/wiki/Insulin,CC-BY-SA-4.0,2026-08-20,reviewed,true
built-in-science-nature-clue-0334,built-in-science-nature,Science and Nature Pack,built-in-science-nature-set-066,board,round-two,4,hard,medicine-history,A Nobel in Hormone Research,Nobeli auhind hormooniuuringutes,With whom did Frederick Banting share half of his Nobel prize money?,Kellega jagas Frederick Banting poole oma Nobeli auhinnarahast?,Charles Best,Charles Best,Best,Best,"Banting shared his award money with Charles Best, who was not one of the named laureates.","Banting jagas auhinnaraha Charles Bestiga, kes ei kuulunud nimetatud laureaatide hulka.",Insulin — Wikipedia,https://en.wikipedia.org/wiki/Insulin,CC-BY-SA-4.0,2026-08-20,reviewed,true
built-in-science-nature-clue-0335,built-in-science-nature,Science and Nature Pack,built-in-science-nature-set-066,board,round-two,5,hard,medicine-history,A Nobel in Hormone Research,Nobeli auhind hormooniuuringutes,With whom did John Macleod share half of his Nobel prize money?,Kellega jagas John Macleod poole oma Nobeli auhinnarahast?,James Collip,James Collip,Collip,Collip,Macleod shared his award money with biochemist James Collip.,Macleod jagas auhinnaraha biokeemik James Collipiga.,Insulin — Wikipedia,https://en.wikipedia.org/wiki/Insulin,CC-BY-SA-4.0,2026-08-20,reviewed,true
built-in-science-nature-clue-0336,built-in-science-nature,Science and Nature Pack,built-in-science-nature-set-067,board,round-one,1,hard,medicine-history,"Pressure, Vision, and Early Ophthalmoscopy","Rõhk, nägemine ja varane oftalmoskoopia",Which organs does glaucoma affect?,Milliseid organeid glaukoom mõjutab?,eyes,silmad,,,Glaucoma comprises optic-neuropathy diseases.,Glaukoom on nägemisnärvi kahjustavate haiguste rühm.,Glaucoma — Wikipedia,https://en.wikipedia.org/wiki/Glaucoma,CC-BY-SA-4.0,2026-08-20,reviewed,true
built-in-science-nature-clue-0337,built-in-science-nature,Science and Nature Pack,built-in-science-nature-set-067,board,round-one,2,hard,medicine-history,"Pressure, Vision, and Early Ophthalmoscopy","Rõhk, nägemine ja varane oftalmoskoopia",Which nerve is progressively damaged?,Milline närv kahjustub järk-järgult?,optic nerve,nägemisnärv,,,Damage can produce characteristic visual-field loss.,Kahjustus võib põhjustada iseloomulikku nägemisvälja kadu.,Glaucoma — Wikipedia,https://en.wikipedia.org/wiki/Glaucoma,CC-BY-SA-4.0,2026-08-20,reviewed,true
built-in-science-nature-clue-0338,built-in-science-nature,Science and Nature Pack,built-in-science-nature-set-067,board,round-one,3,hard,medicine-history,"Pressure, Vision, and Early Ophthalmoscopy","Rõhk, nägemine ja varane oftalmoskoopia",What term means pressure inside the eye?,Mis termin tähendab silma siserõhku?,intraocular pressure,silmasisene rõhk,IOP,IOP,"Raised pressure is an important risk factor, though not universal.","Kõrgenenud rõhk on oluline riskitegur, kuid seda ei esine kõigil juhtudel.",Glaucoma — Wikipedia,https://en.wikipedia.org/wiki/Glaucoma,CC-BY-SA-4.0,2026-08-20,reviewed,true
built-in-science-nature-clue-0339,built-in-science-nature,Science and Nature Pack,built-in-science-nature-set-067,board,round-one,4,hard,medicine-history,"Pressure, Vision, and Early Ophthalmoscopy","Rõhk, nägemine ja varane oftalmoskoopia",The word glaucoma comes from a Greek term associated with what colour?,"Sõna glaukoom tuleneb kreeka terminist, mida seostatakse millise värviga?",blue-green,sinakasroheline,,,Ancient usage referred to a glazed or discoloured appearance.,Antiikajal viitas sõnakasutus klaasjale või muutunud värvusega välimusele.,Glaucoma — Wikipedia,https://en.wikipedia.org/wiki/Glaucoma,CC-BY-SA-4.0,2026-08-20,reviewed,true
built-in-science-nature-clue-0340,built-in-science-nature,Science and Nature Pack,built-in-science-nature-set-067,board,round-one,5,hard,medicine-history,"Pressure, Vision, and Early Ophthalmoscopy","Rõhk, nägemine ja varane oftalmoskoopia",Which 1851 invention allowed physicians to inspect the living retina?,Milline 1851. aasta leiutis võimaldas arstidel vaadelda elusa patsiendi võrkkesta?,ophthalmoscope,oftalmoskoop,,,Helmholtz introduced the ophthalmoscope in 1851.,Helmholtz tutvustas oftalmoskoopi 1851. aastal.,Glaucoma — Wikipedia,https://en.wikipedia.org/wiki/Glaucoma,CC-BY-SA-4.0,2026-08-20,reviewed,true
built-in-science-nature-clue-0341,built-in-science-nature,Science and Nature Pack,built-in-science-nature-set-068,board,round-one,1,hard,medicine-history,A Viennese School of Psychology,Viini psühholoogiakoolkond,Which psychological approach is most associated with Sigmund Freud?,Milline psühholoogiline lähenemine seostub enim Sigmund Freudiga?,psychoanalysis,psühhoanalüüs,,,"Psychoanalysis emphasizes unconscious processes, internal conflict, and early experience.","Psühhoanalüüs rõhutab alateadlikke protsesse, sisekonflikte ja varajasi kogemusi.",Psychoanalysis — Wikipedia,https://en.wikipedia.org/wiki/Psychoanalysis,CC-BY-SA-4.0,2026-08-20,reviewed,true
built-in-science-nature-clue-0342,built-in-science-nature,Science and Nature Pack,built-in-science-nature-set-068,board,round-one,2,hard,medicine-history,A Viennese School of Psychology,Viini psühholoogiakoolkond,In which city did Freud develop much of his work?,Millises linnas tegi Freud suure osa oma tööst?,Vienna,Viin,,,Freud practised in Vienna for decades.,Freud töötas Viinis aastakümneid.,Psychoanalysis — Wikipedia,https://en.wikipedia.org/wiki/Psychoanalysis,CC-BY-SA-4.0,2026-08-20,reviewed,true
built-in-science-nature-clue-0343,built-in-science-nature,Science and Nature Pack,built-in-science-nature-set-068,board,round-one,3,hard,medicine-history,A Viennese School of Psychology,Viini psühholoogiakoolkond,Which patient of Josef Breuer popularized the phrase talking cure?,Milline Josef Breueri patsient tegi tuntuks väljendi „rääkimisravi“?,Anna O.,Anna O.,Bertha Pappenheim,Bertha Pappenheim,The case influenced Freud and Breuer’s 1895 Studies on Hysteria.,Juhtum mõjutas Freudi ja Breueri 1895. aasta teost Studies on Hysteria.,Psychoanalysis — Wikipedia,https://en.wikipedia.org/wiki/Psychoanalysis,CC-BY-SA-4.0,2026-08-20,reviewed,true
built-in-science-nature-clue-0344,built-in-science-nature,Science and Nature Pack,built-in-science-nature-set-068,board,round-one,4,hard,medicine-history,A Viennese School of Psychology,Viini psühholoogiakoolkond,What technique asks a patient to verbalize thoughts without selection?,Milline tehnika palub patsiendil oma mõtteid valimata sõnastada?,free association,vaba assotsiatsioon,,,Freud adopted it instead of hypnosis.,Freud võttis selle kasutusele hüpnoosi asemel.,Psychoanalysis — Wikipedia,https://en.wikipedia.org/wiki/Psychoanalysis,CC-BY-SA-4.0,2026-08-20,reviewed,true
built-in-science-nature-clue-0345,built-in-science-nature,Science and Nature Pack,built-in-science-nature-set-068,board,round-one,5,hard,medicine-history,A Viennese School of Psychology,Viini psühholoogiakoolkond,Which three agencies form Freud’s structural model?,Millised kolm osa moodustavad Freudi struktuurimudeli?,"id, ego, and superego","id, ego ja superego","ego, id, and superego|superego, ego, and id","ego, id ja superego|superego, ego ja id",Freud elaborated this model in the 1920s.,Freud arendas selle mudeli välja 1920. aastatel.,Psychoanalysis — Wikipedia,https://en.wikipedia.org/wiki/Psychoanalysis,CC-BY-SA-4.0,2026-08-20,reviewed,true
built-in-science-nature-clue-0346,built-in-science-nature,Science and Nature Pack,built-in-science-nature-set-069,board,round-one,1,hard,medicine-history,A Mid-Century Vaccine Trial,Sajandi keskpaiga vaktsiiniuuring,Who developed the injectable polio vaccine evaluated in a large field trial?,"Kes töötas välja süstitava poliomüeliidi vaktsiini, mida hinnati suures väliuuringus?",Jonas Salk,Jonas Salk,Salk,Salk,Salk led the team responsible for the injectable vaccine preparation.,Salk juhtis süstitava vaktsiinipreparaadi eest vastutanud töörühma.,Jonas Salk — Wikipedia,https://en.wikipedia.org/wiki/Jonas_Salk,CC-BY-SA-4.0,2026-08-20,reviewed,true
built-in-science-nature-clue-0347,built-in-science-nature,Science and Nature Pack,built-in-science-nature-set-069,board,round-one,2,hard,medicine-history,A Mid-Century Vaccine Trial,Sajandi keskpaiga vaktsiiniuuring,Was Salk’s polio vaccine inactivated or live attenuated?,Kas Salki poliovaktsiin oli inaktiveeritud või elusnõrgestatud?,inactivated,inaktiveeritud,,,Salk’s injectable vaccine used inactivated poliovirus.,Salki süstitav vaktsiin kasutas inaktiveeritud polioviirust.,Jonas Salk — Wikipedia,https://en.wikipedia.org/wiki/Jonas_Salk,CC-BY-SA-4.0,2026-08-20,reviewed,true
built-in-science-nature-clue-0348,built-in-science-nature,Science and Nature Pack,built-in-science-nature-set-069,board,round-one,3,hard,medicine-history,A Mid-Century Vaccine Trial,Sajandi keskpaiga vaktsiiniuuring,In what year did the large Salk field trial begin?,Mis aastal algas Salki suur väliuuring?,1954,1954,,,The trial enrolled about 1.8 million US children in 1954.,"Uuringusse kaasati 1954. aastal umbes 1,8 miljonit USA last.",Jonas Salk — Wikipedia,https://en.wikipedia.org/wiki/Jonas_Salk,CC-BY-SA-4.0,2026-08-20,reviewed,true
built-in-science-nature-clue-0349,built-in-science-nature,Science and Nature Pack,built-in-science-nature-set-069,board,round-one,4,hard,medicine-history,A Mid-Century Vaccine Trial,Sajandi keskpaiga vaktsiiniuuring,On what date were the successful Salk trial results announced?,Mis kuupäeval teatati Salki uuringu edukatest tulemustest?,12 April 1955,12. aprill 1955,"April 12, 1955",12. aprill 1955,The announcement followed analysis of the 1954 field trial and publicly confirmed the vaccine’s effectiveness.,Teade järgnes 1954. aasta väliuuringu analüüsile ja kinnitas avalikult vaktsiini tõhusust.,Jonas Salk — Wikipedia,https://en.wikipedia.org/wiki/Jonas_Salk,CC-BY-SA-4.0,2026-08-20,reviewed,true
built-in-science-nature-clue-0350,built-in-science-nature,Science and Nature Pack,built-in-science-nature-set-069,board,round-one,5,hard,medicine-history,A Mid-Century Vaccine Trial,Sajandi keskpaiga vaktsiiniuuring,Which researcher developed the later oral live vaccine?,Milline teadlane töötas välja hilisema suukaudse elusvaktsiini?,Albert Sabin,Albert Sabin,Sabin,Sabin,Sabin’s oral vaccine entered wide use in the early 1960s.,Sabini suukaudne vaktsiin võeti 1960. aastate alguses laialdaselt kasutusele.,Jonas Salk — Wikipedia,https://en.wikipedia.org/wiki/Jonas_Salk,CC-BY-SA-4.0,2026-08-20,reviewed,true
built-in-science-nature-clue-0351,built-in-science-nature,Science and Nature Pack,built-in-science-nature-set-070,board,round-one,1,hard,medicine-history,A New Kind of Radiation,Uus kiirgusliik,Who discovered X-rays?,Kes avastas röntgenikiirguse?,Wilhelm Conrad Röntgen,Wilhelm Conrad Röntgen,Röntgen|Roentgen|Rontgen,Röntgen|Roentgen|Rontgen,Röntgen detected the new radiation in Würzburg.,Röntgen avastas Würzburgis uue kiirguse.,Wilhelm Röntgen — Wikipedia,https://en.wikipedia.org/wiki/Wilhelm_R%C3%B6ntgen,CC-BY-SA-4.0,2026-08-20,reviewed,true
built-in-science-nature-clue-0352,built-in-science-nature,Science and Nature Pack,built-in-science-nature-set-070,board,round-one,2,hard,medicine-history,A New Kind of Radiation,Uus kiirgusliik,In what year did Röntgen report X-rays?,Mis aastal teatas Röntgen röntgenikiirgusest?,1895,1895,,,He submitted his first paper in December 1895.,Ta esitas oma esimese artikli 1895. aasta detsembris.,Wilhelm Röntgen — Wikipedia,https://en.wikipedia.org/wiki/Wilhelm_R%C3%B6ntgen,CC-BY-SA-4.0,2026-08-20,reviewed,true
built-in-science-nature-clue-0353,built-in-science-nature,Science and Nature Pack,built-in-science-nature-set-070,board,round-one,3,hard,medicine-history,A New Kind of Radiation,Uus kiirgusliik,Why did Röntgen call the radiation X-rays?,Miks nimetas Röntgen kiirgust X-kiirteks?,X marked an unknown quantity,X tähistas tundmatut suurust,,,The provisional mathematical symbol became the common name.,Esialgne matemaatiline sümbol sai üldnimetuseks.,Wilhelm Röntgen — Wikipedia,https://en.wikipedia.org/wiki/Wilhelm_R%C3%B6ntgen,CC-BY-SA-4.0,2026-08-20,reviewed,true
built-in-science-nature-clue-0354,built-in-science-nature,Science and Nature Pack,built-in-science-nature-set-070,board,round-one,4,hard,medicine-history,A New Kind of Radiation,Uus kiirgusliik,Which inaugural Nobel did Röntgen receive in 1901?,Millise esimese Nobeli auhinna sai Röntgen 1901. aastal?,Nobel Prize in Physics,Nobeli füüsikapreemia,Physics,Füüsika,He was the first Physics laureate in 1901.,Ta oli 1901. aastal esimene füüsikaauhinna laureaat.,Wilhelm Röntgen — Wikipedia,https://en.wikipedia.org/wiki/Wilhelm_R%C3%B6ntgen,CC-BY-SA-4.0,2026-08-20,reviewed,true
built-in-science-nature-clue-0355,built-in-science-nature,Science and Nature Pack,built-in-science-nature-set-070,board,round-one,5,hard,medicine-history,A New Kind of Radiation,Uus kiirgusliik,Which woman was Wilhelm Röntgen married to?,Kellega oli Wilhelm Röntgen abielus?,Anna Bertha Röntgen,Anna Bertha Röntgen,Anna Bertha,Anna Bertha,Anna Bertha Röntgen was Wilhelm’s wife and the subject of his famous early hand radiograph.,Anna Bertha Röntgen oli Wilhelmi abikaasa ning tema käest tehti kuulus varajane röntgeniülesvõte.,Wilhelm Röntgen — Wikipedia,https://en.wikipedia.org/wiki/Wilhelm_R%C3%B6ntgen,CC-BY-SA-4.0,2026-08-20,reviewed,true
built-in-science-nature-clue-0356,built-in-science-nature,Science and Nature Pack,built-in-science-nature-set-071,board,round-two,1,hard,medicine-history,Schools of Psychology,Psühholoogiakoolkonnad,Psychology is commonly defined as the science of behaviour and what else?,Psühholoogiat määratletakse tavaliselt käitumise ja veel mille teadusena?,mind,psüühika,,,The definition includes internal cognitive processes as well as directly observable actions.,Määratlus hõlmab sisemisi kognitiivseid protsesse ja otseselt jälgitavaid tegevusi.,Psychology — Wikipedia,https://en.wikipedia.org/wiki/Psychology,CC-BY-SA-4.0,2026-08-20,reviewed,true
built-in-science-nature-clue-0357,built-in-science-nature,Science and Nature Pack,built-in-science-nature-set-071,board,round-two,2,hard,medicine-history,Schools of Psychology,Psühholoogiakoolkonnad,Which school emphasized observable behaviour over introspection?,Milline koolkond rõhutas vaadeldavat käitumist enesevaatluse asemel?,behaviourism,biheiviorism,,,Behaviourism became influential in the early twentieth century.,Biheiviorism muutus mõjukaks kahekümnenda sajandi alguses.,Psychology — Wikipedia,https://en.wikipedia.org/wiki/Psychology,CC-BY-SA-4.0,2026-08-20,reviewed,true
built-in-science-nature-clue-0358,built-in-science-nature,Science and Nature Pack,built-in-science-nature-set-071,board,round-two,3,hard,medicine-history,Schools of Psychology,Psühholoogiakoolkonnad,Which school argued that organized wholes differ from sums of parts?,"Milline koolkond väitis, et organiseeritud tervikud erinevad osade summast?",Gestalt psychology,Gestalti psühholoogia,,,Gestalt researchers studied perception and organization.,Gestaltpsühholoogia uurijad käsitlesid taju ja organiseerimist.,Psychology — Wikipedia,https://en.wikipedia.org/wiki/Psychology,CC-BY-SA-4.0,2026-08-20,reviewed,true
built-in-science-nature-clue-0359,built-in-science-nature,Science and Nature Pack,built-in-science-nature-set-071,board,round-two,4,hard,medicine-history,Schools of Psychology,Psühholoogiakoolkonnad,Who established the Leipzig laboratory widely treated as a milestone in experimental psychology around 1880?,"Kes asutas Leipzigi labori, mida laialdaselt käsitletakse katsepsühholoogia verstapostina umbes 1880. aastal?",Wilhelm Wundt,Wilhelm Wundt,Wundt,Wundt,Wundt’s Leipzig laboratory helped establish psychology as an experimental discipline.,Wundti Leipzigi labor aitas kujundada psühholoogia eksperimentaalseks teadusharuks.,Psychology — Wikipedia,https://en.wikipedia.org/wiki/Psychology,CC-BY-SA-4.0,2026-08-20,reviewed,true
built-in-science-nature-clue-0360,built-in-science-nature,Science and Nature Pack,built-in-science-nature-set-071,board,round-two,5,hard,medicine-history,Schools of Psychology,Psühholoogiakoolkonnad,Which mid-twentieth-century movement renewed study of internal mental processes?,Milline kahekümnenda sajandi keskpaiga liikumine taaselustas sisemiste psüühiliste protsesside uurimise?,cognitive revolution,kognitiivne revolutsioon,,,It challenged strict behaviourism using information-processing models.,See seadis infotöötlusmudelite abil range biheiviorismi kahtluse alla.,Psychology — Wikipedia,https://en.wikipedia.org/wiki/Psychology,CC-BY-SA-4.0,2026-08-20,reviewed,true
built-in-science-nature-clue-0361,built-in-science-nature,Science and Nature Pack,built-in-science-nature-set-072,board,round-one,1,hard,earth-science,The Soft End of Mohs Scale,Mohsi skaala pehme ots,Which mineral has hardness 1 on the Mohs scale?,Millise mineraali kõvadus Mohsi skaalal on 1?,talc,talk,,,"Talc defines hardness 1, the soft endpoint of the Mohs comparison scale.",Talk määrab Mohsi võrdlusskaala pehme otsa ehk kõvaduse 1.,Talc — Wikipedia,https://en.wikipedia.org/wiki/Talc,CC-BY-SA-4.0,2026-08-20,reviewed,true
built-in-science-nature-clue-0362,built-in-science-nature,Science and Nature Pack,built-in-science-nature-set-072,board,round-one,2,hard,earth-science,The Soft End of Mohs Scale,Mohsi skaala pehme ots,Talc is a hydrated silicate of which metal?,Millise metalli hüdreeritud silikaat on talk?,magnesium,magneesium,,,"Its formula, Mg3Si4O10(OH)2, shows magnesium combined with silicate sheets and hydroxyl groups.",Valem Mg3Si4O10(OH)2 näitab magneesiumi koos silikaadikihtide ja hüdroksüülrühmadega.,Talc — Wikipedia,https://en.wikipedia.org/wiki/Talc,CC-BY-SA-4.0,2026-08-20,reviewed,true
built-in-science-nature-clue-0363,built-in-science-nature,Science and Nature Pack,built-in-science-nature-set-072,board,round-one,3,hard,earth-science,The Soft End of Mohs Scale,Mohsi skaala pehme ots,Talc is chiefly a hydrated silicate of which two elements?,Millise kahe elemendi hüdreeritud silikaat on talk peamiselt?,magnesium and silicon,magneesium ja räni,,,"Its formula includes magnesium, silicon, oxygen, and hydroxyl.","Selle valem sisaldab magneesiumi, räni, hapnikku ja hüdroksüülrühmi.",Talc — Wikipedia,https://en.wikipedia.org/wiki/Talc,CC-BY-SA-4.0,2026-08-20,reviewed,true
built-in-science-nature-clue-0364,built-in-science-nature,Science and Nature Pack,built-in-science-nature-set-072,board,round-one,4,hard,earth-science,The Soft End of Mohs Scale,Mohsi skaala pehme ots,In which crystal system does talc crystallize?,Millises kristallisüsteemis talk kristalliseerub?,monoclinic,monokliinne,,,The mineral’s lattice belongs to the monoclinic crystal system.,Mineraali kristallvõre kuulub monokliinsesse kristallisüsteemi.,Talc — Wikipedia,https://en.wikipedia.org/wiki/Talc,CC-BY-SA-4.0,2026-08-20,reviewed,true
built-in-science-nature-clue-0365,built-in-science-nature,Science and Nature Pack,built-in-science-nature-set-072,board,round-one,5,hard,earth-science,The Soft End of Mohs Scale,Mohsi skaala pehme ots,"What texture describes talc occurring in thin, leaflike sheets?","Milline tekstuur kirjeldab talki, mis esineb õhukestes lehtedes?",foliated,kihiline,,,The term describes talc’s tendency to occur in thin sheets or leaflike masses.,Termin kirjeldab talgi kalduvust esineda õhukeste kihtide või lehetaoliste massidena.,Talc — Wikipedia,https://en.wikipedia.org/wiki/Talc,CC-BY-SA-4.0,2026-08-20,reviewed,true
built-in-science-nature-clue-0366,built-in-science-nature,Science and Nature Pack,built-in-science-nature-set-073,board,round-one,1,hard,earth-science,Soil From Litter to Bedrock,Pinnas varisest aluskivimini,Which horizon is dominated by surface organic litter?,Millises horisondis domineerib pinnal olev orgaaniline varis?,O horizon,O-horisont,,,O material includes decomposing leaves and humus.,O-materjal hõlmab lagunevaid lehti ja huumust.,Soil horizon — Wikipedia,https://en.wikipedia.org/wiki/Soil_horizon,CC-BY-SA-4.0,2026-08-20,reviewed,true
built-in-science-nature-clue-0367,built-in-science-nature,Science and Nature Pack,built-in-science-nature-set-073,board,round-one,2,hard,earth-science,Soil From Litter to Bedrock,Pinnas varisest aluskivimini,Which mineral horizon is commonly called topsoil?,Millist mineraalhorisonti nimetatakse tavaliselt pealismullaks?,A horizon,A-horisont,,,It mixes mineral particles with organic matter.,Selles segunevad mineraalosakesed orgaanilise ainega.,Soil horizon — Wikipedia,https://en.wikipedia.org/wiki/Soil_horizon,CC-BY-SA-4.0,2026-08-20,reviewed,true
built-in-science-nature-clue-0368,built-in-science-nature,Science and Nature Pack,built-in-science-nature-set-073,board,round-one,3,hard,earth-science,Soil From Litter to Bedrock,Pinnas varisest aluskivimini,Which soil-profile horizon denotes hard bedrock?,Milline mullaprofiili horisont tähistab kõva aluskivimit?,R horizon,R-horisont,,,R is consolidated bedrock beneath the loose soil and weathered-parent-material horizons.,R on lahtise mulla ja murenenud lähtekivimi horisontide all olev kõva aluskivim.,Soil horizon — Wikipedia,https://en.wikipedia.org/wiki/Soil_horizon,CC-BY-SA-4.0,2026-08-20,reviewed,true
built-in-science-nature-clue-0369,built-in-science-nature,Science and Nature Pack,built-in-science-nature-set-073,board,round-one,4,hard,earth-science,Soil From Litter to Bedrock,Pinnas varisest aluskivimini,Which horizon is often pale because clay and iron have been leached out?,"Milline horisont on sageli kahvatu, sest savi ja raud on sellest välja leostunud?",E horizon,E-horisont,,,E is the principal eluviation layer.,E on peamine väljauhtekiht.,Soil horizon — Wikipedia,https://en.wikipedia.org/wiki/Soil_horizon,CC-BY-SA-4.0,2026-08-20,reviewed,true
built-in-science-nature-clue-0370,built-in-science-nature,Science and Nature Pack,built-in-science-nature-set-073,board,round-one,5,hard,earth-science,Soil From Litter to Bedrock,Pinnas varisest aluskivimini,Which horizon commonly accumulates clay or iron from above?,Millisesse horisonti koguneb sageli ülevalt savi või rauda?,B horizon,B-horisont,,,B is a zone of illuviation and soil development.,B on sisseuhte ja mulla arengu vöönd.,Soil horizon — Wikipedia,https://en.wikipedia.org/wiki/Soil_horizon,CC-BY-SA-4.0,2026-08-20,reviewed,true
built-in-science-nature-clue-0371,built-in-science-nature,Science and Nature Pack,built-in-science-nature-set-074,board,round-one,1,hard,earth-science,Wind-Driven Ocean Productivity,Tuulest põhjustatud ookeani produktiivsus,What process brings cold nutrient-rich deep water toward the ocean surface?,Milline protsess toob külma toitainerikka sügava vee ookeani pinnale?,upwelling,süvaveekerge,,,Rising water replaces surface water driven away.,Tõusev vesi asendab eemale liikunud pinnavett.,Upwelling — Wikipedia,https://en.wikipedia.org/wiki/Upwelling,CC-BY-SA-4.0,2026-08-20,reviewed,true
built-in-science-nature-clue-0372,built-in-science-nature,Science and Nature Pack,built-in-science-nature-set-074,board,round-one,2,hard,earth-science,Wind-Driven Ocean Productivity,Tuulest põhjustatud ookeani produktiivsus,Why does upwelling support abundant phytoplankton?,Miks soodustab süvaveekerge fütoplanktoni rohkust?,it supplies nutrients to sunlit water,see toob toitained valgusrikkasse vette,,,Nitrate and phosphate fuel primary production.,Nitraat ja fosfaat toidavad esmastootmist.,Upwelling — Wikipedia,https://en.wikipedia.org/wiki/Upwelling,CC-BY-SA-4.0,2026-08-20,reviewed,true
built-in-science-nature-clue-0373,built-in-science-nature,Science and Nature Pack,built-in-science-nature-set-074,board,round-one,3,hard,earth-science,Wind-Driven Ocean Productivity,Tuulest põhjustatud ookeani produktiivsus,What commonly pushes surface water away from an upwelling coast?,Mis lükkab pinnavee süvaveekerkega rannikult tavaliselt eemale?,alongshore wind,piki rannikut puhuv tuul,,,Wind-driven transport moves the upper ocean offshore.,Tuule ajendatud transport viib ookeani ülemise kihi avamere poole.,Upwelling — Wikipedia,https://en.wikipedia.org/wiki/Upwelling,CC-BY-SA-4.0,2026-08-20,reviewed,true
built-in-science-nature-clue-0374,built-in-science-nature,Science and Nature Pack,built-in-science-nature-set-074,board,round-one,4,hard,earth-science,Wind-Driven Ocean Productivity,Tuulest põhjustatud ookeani produktiivsus,What named transport moves surface water roughly perpendicular to wind?,Milline nimeline transpordiprotsess liigutab pinnavett tuule suunaga ligikaudu risti?,Ekman transport,Ekmani transport,,,Coriolis effects rotate the net upper-ocean flow.,Coriolise efekt pöörab ookeani ülemise kihi summaarse voolu suunda.,Upwelling — Wikipedia,https://en.wikipedia.org/wiki/Upwelling,CC-BY-SA-4.0,2026-08-20,reviewed,true
built-in-science-nature-clue-0375,built-in-science-nature,Science and Nature Pack,built-in-science-nature-set-074,board,round-one,5,hard,earth-science,Wind-Driven Ocean Productivity,Tuulest põhjustatud ookeani produktiivsus,"As of 2026, which named cold flow supports Peru’s upwelling system?",Milline külm hoovus toetab 2026. aasta seisuga Peruu süvaveekerke süsteemi?,Humboldt Current,Humboldti hoovus,Peru Current,Peruu hoovus,"As of 2026, this ocean flow and local winds sustain highly productive waters.",2026. aasta seisuga säilitavad see ookeanihoovus ja kohalikud tuuled piirkonna vee suure bioloogilise tootlikkuse.,Upwelling — Wikipedia,https://en.wikipedia.org/wiki/Upwelling,CC-BY-SA-4.0,2026-08-20,reviewed,true
built-in-science-nature-clue-0376,built-in-science-nature,Science and Nature Pack,built-in-science-nature-set-075,board,round-one,1,hard,earth-science,Measuring Earth's Shape,Maa kuju mõõtmine,Is Earth a perfect sphere?,Kas Maa on täiuslik kera?,no,ei,,,"Measured equatorial and polar diameters differ slightly, so a sphere is only an approximation.","Mõõdetud ekvatoriaal- ja polaardiameeter erinevad veidi, seega on kerakuju vaid lähendus.",Figure of the Earth — Wikipedia,https://en.wikipedia.org/wiki/Figure_of_the_Earth,CC-BY-SA-4.0,2026-08-20,reviewed,true
built-in-science-nature-clue-0377,built-in-science-nature,Science and Nature Pack,built-in-science-nature-set-075,board,round-one,2,hard,earth-science,Measuring Earth's Shape,Maa kuju mõõtmine,What simple shape best approximates Earth’s rotational flattening?,Milline lihtne keha kujutab kõige paremini Maa pöörlemisest tingitud lapikust?,oblate spheroid,lapik sferoid,,,An oblate spheroid bulges at its equator.,Lapik sferoid on ekvaatori kohalt laiem.,Figure of the Earth — Wikipedia,https://en.wikipedia.org/wiki/Figure_of_the_Earth,CC-BY-SA-4.0,2026-08-20,reviewed,true
built-in-science-nature-clue-0378,built-in-science-nature,Science and Nature Pack,built-in-science-nature-set-075,board,round-one,3,hard,earth-science,Measuring Earth's Shape,Maa kuju mõõtmine,What motion chiefly causes the equatorial bulge?,Milline liikumine põhjustab peamiselt ekvatoriaalset kumerust?,rotation,pöörlemine,,,Centrifugal effects oppose gravity most strongly at the equator.,Tsentrifugaalne mõju vastustab gravitatsiooni kõige tugevamalt ekvaatoril.,Figure of the Earth — Wikipedia,https://en.wikipedia.org/wiki/Figure_of_the_Earth,CC-BY-SA-4.0,2026-08-20,reviewed,true
built-in-science-nature-clue-0379,built-in-science-nature,Science and Nature Pack,built-in-science-nature-set-075,board,round-one,4,hard,earth-science,Measuring Earth's Shape,Maa kuju mõõtmine,What irregular gravity-defined surface approximates mean sea level?,Milline ebakorrapärane gravitatsiooniga määratletud pind vastab ligikaudu keskmisele merepinnale?,geoid,geoid,,,The geoid reflects variations in Earth’s gravity field.,Geoid peegeldab Maa gravitatsioonivälja erinevusi.,Figure of the Earth — Wikipedia,https://en.wikipedia.org/wiki/Figure_of_the_Earth,CC-BY-SA-4.0,2026-08-20,reviewed,true
built-in-science-nature-clue-0380,built-in-science-nature,Science and Nature Pack,built-in-science-nature-set-075,board,round-one,5,hard,earth-science,Measuring Earth's Shape,Maa kuju mõõtmine,What science measures and represents Earth’s figure?,Milline teadus mõõdab ja kujutab Maa kuju?,geodesy,geodeesia,,,"Geodesy studies Earth’s figure, orientation, and gravity field.","Geodeesia uurib Maa kuju, orientatsiooni ja gravitatsioonivälja.",Figure of the Earth — Wikipedia,https://en.wikipedia.org/wiki/Figure_of_the_Earth,CC-BY-SA-4.0,2026-08-20,reviewed,true
built-in-science-nature-clue-0381,built-in-science-nature,Science and Nature Pack,built-in-science-nature-set-076,board,round-one,1,hard,earth-science,Seismic Boundaries and Plate Recycling,Seismilised piirid ja laamade ringlus,What is Earth’s thin outermost solid layer called?,Kuidas nimetatakse Maa õhukest välimist tahket kihti?,crust,maakoor,,,The crust overlies the mantle.,Maakoor asub vahevöö kohal.,Earth's crust — Wikipedia,https://en.wikipedia.org/wiki/Earth%27s_crust,CC-BY-SA-4.0,2026-08-20,reviewed,true
built-in-science-nature-clue-0382,built-in-science-nature,Science and Nature Pack,built-in-science-nature-set-076,board,round-one,2,hard,earth-science,Seismic Boundaries and Plate Recycling,Seismilised piirid ja laamade ringlus,What are the two main crust types?,Millised on kaks peamist kooriku tüüpi?,continental and oceanic crust,mandriline ja ookeaniline maakoor,,,"They differ in thickness, density, and composition.","Need erinevad paksuse, tiheduse ja koostise poolest.",Earth's crust — Wikipedia,https://en.wikipedia.org/wiki/Earth%27s_crust,CC-BY-SA-4.0,2026-08-20,reviewed,true
built-in-science-nature-clue-0383,built-in-science-nature,Science and Nature Pack,built-in-science-nature-set-076,board,round-one,3,hard,earth-science,Seismic Boundaries and Plate Recycling,Seismilised piirid ja laamade ringlus,What boundary separates crust from mantle?,Milline piir eraldab kooriku mantlist?,Mohorovičić discontinuity,Mohorovičići piirpind,Moho,Moho,Seismic-wave speeds increase across the Moho.,Seismiliste lainete kiirus suureneb Moho ületamisel.,Earth's crust — Wikipedia,https://en.wikipedia.org/wiki/Earth%27s_crust,CC-BY-SA-4.0,2026-08-20,reviewed,true
built-in-science-nature-clue-0384,built-in-science-nature,Science and Nature Pack,built-in-science-nature-set-076,board,round-one,4,hard,earth-science,Seismic Boundaries and Plate Recycling,Seismilised piirid ja laamade ringlus,Which dark volcanic rock dominates oceanic crust?,Milline tume vulkaaniline kivim domineerib ookeanilises maakoores?,basalt,basalt,,,Basaltic crust forms at mid-ocean ridges.,Basaltne maakoor tekib ookeani keskahelikes.,Earth's crust — Wikipedia,https://en.wikipedia.org/wiki/Earth%27s_crust,CC-BY-SA-4.0,2026-08-20,reviewed,true
built-in-science-nature-clue-0385,built-in-science-nature,Science and Nature Pack,built-in-science-nature-set-076,board,round-one,5,hard,earth-science,Seismic Boundaries and Plate Recycling,Seismilised piirid ja laamade ringlus,At what tectonic setting is old oceanic crust returned to the mantle?,Millises tektoonilises keskkonnas suunatakse vana ookeaniline maakoor tagasi vahevöösse?,subduction zone,subduktsioonivöönd,,,Dense oceanic lithosphere descends beneath another plate.,Tihe ookeaniline litosfäär laskub teise laama alla.,Earth's crust — Wikipedia,https://en.wikipedia.org/wiki/Earth%27s_crust,CC-BY-SA-4.0,2026-08-20,reviewed,true
built-in-science-nature-clue-0386,built-in-science-nature,Science and Nature Pack,built-in-science-nature-set-077,board,round-one,1,hard,earth-science,Radiometric Clocks Date Earth,Radiomeetrilised kellad dateerivad Maad,Approximately how old is Earth?,Kui vana on Maa?,4.54 billion years,"4,54 miljardit aastat",,,The estimate comes chiefly from radiometric ages of meteorites and has an uncertainty of roughly one percent.,Hinnang pärineb peamiselt meteoriitide radiomeetrilistest vanustest ja selle määramatus on ligikaudu üks protsent.,Age of Earth — Wikipedia,https://en.wikipedia.org/wiki/Age_of_Earth,CC-BY-SA-4.0,2026-08-20,reviewed,true
built-in-science-nature-clue-0387,built-in-science-nature,Science and Nature Pack,built-in-science-nature-set-077,board,round-one,2,hard,earth-science,Radiometric Clocks Date Earth,Radiomeetrilised kellad dateerivad Maad,Why are meteorites useful for dating Earth?,Miks on meteoriidid kasulikud Maa vanuse määramiseks?,they formed with the Solar System,need tekkisid koos Päikesesüsteemiga,,,Primitive meteorites preserve early Solar System ages.,Ürgsed meteoriidid säilitavad andmeid Päikesesüsteemi varase kujunemisaja kohta.,Age of Earth — Wikipedia,https://en.wikipedia.org/wiki/Age_of_Earth,CC-BY-SA-4.0,2026-08-20,reviewed,true
built-in-science-nature-clue-0388,built-in-science-nature,Science and Nature Pack,built-in-science-nature-set-077,board,round-one,3,hard,earth-science,Radiometric Clocks Date Earth,Radiomeetrilised kellad dateerivad Maad,Which physical process underlies radiometric dating?,Milline füüsiline protsess on radiomeetrilise dateerimise aluseks?,radioactive decay,radioaktiivne lagunemine,,,Known isotope half-lives act as clocks.,Teadaolevad isotoopide poolestusajad toimivad kelladena.,Age of Earth — Wikipedia,https://en.wikipedia.org/wiki/Age_of_Earth,CC-BY-SA-4.0,2026-08-20,reviewed,true
built-in-science-nature-clue-0389,built-in-science-nature,Science and Nature Pack,built-in-science-nature-set-077,board,round-one,4,hard,earth-science,Radiometric Clocks Date Earth,Radiomeetrilised kellad dateerivad Maad,Who published the influential 4.55-billion-year estimate in 1956?,"Kes avaldas 1956. aastal mõjuka 4,55 miljardi aasta vanusehinnangu?",Clair Patterson,Clair Patterson,Patterson,Patterson,Patterson dated lead isotopes in the Canyon Diablo meteorite.,Patterson dateeris Canyon Diablo meteoriidi pliisotoope.,Age of Earth — Wikipedia,https://en.wikipedia.org/wiki/Age_of_Earth,CC-BY-SA-4.0,2026-08-20,reviewed,true
built-in-science-nature-clue-0390,built-in-science-nature,Science and Nature Pack,built-in-science-nature-set-077,board,round-one,5,hard,earth-science,Radiometric Clocks Date Earth,Radiomeetrilised kellad dateerivad Maad,Which mineral contains some of Earth’s oldest dated crystals?,Milline mineraal sisaldab mõnda Maa vanimat dateeritud kristalli?,zircon,tsirkoon,,,Zircons preserve uranium-lead ages exceeding four billion years.,Tsirkoonides säilivad uuraan-plii meetodil määratud enam kui nelja miljardi aasta vanused dateeringud.,Age of Earth — Wikipedia,https://en.wikipedia.org/wiki/Age_of_Earth,CC-BY-SA-4.0,2026-08-20,reviewed,true
built-in-science-nature-clue-0391,built-in-science-nature,Science and Nature Pack,built-in-science-nature-set-078,board,round-one,1,hard,earth-science,Earth-Moon Dynamics,Maa ja Kuu dünaamika,Do Earth and Moon have roughly the same mass?,Kas Maal ja Kuul on umbes sama mass?,no,ei,,,"Earth has about 81 times the Moon’s mass, so the two bodies are far from equal in mass.","Maa mass on umbes 81 korda suurem kui Kuu mass, seega pole nende kehade massid kaugeltki võrdsed.",Moon — Wikipedia,https://en.wikipedia.org/wiki/Moon,CC-BY-SA-4.0,2026-08-20,reviewed,true
built-in-science-nature-clue-0392,built-in-science-nature,Science and Nature Pack,built-in-science-nature-set-078,board,round-one,2,hard,earth-science,Earth-Moon Dynamics,Maa ja Kuu dünaamika,The Moon’s diameter is roughly what fraction of Earth’s?,Kui suure osa Maa läbimõõdust moodustab ligikaudu Kuu läbimõõt?,one quarter,üks neljandik,about one-quarter|1/4,umbes veerand|1/4,"The Moon is about 3,474 kilometres wide, close to one quarter of Earth’s diameter.",Kuu läbimõõt on umbes 3 474 kilomeetrit ehk ligi veerand Maa läbimõõdust.,Moon — Wikipedia,https://en.wikipedia.org/wiki/Moon,CC-BY-SA-4.0,2026-08-20,reviewed,true
built-in-science-nature-clue-0393,built-in-science-nature,Science and Nature Pack,built-in-science-nature-set-078,board,round-one,3,hard,earth-science,Earth-Moon Dynamics,Maa ja Kuu dünaamika,Lunar surface gravity is about what fraction of Earth’s?,Kui suure osa Maa pinnagravitatsioonist moodustab Kuu pinnagravitatsioon?,one sixth,üks kuues,1/6,1/6,The Moon’s smaller mass yields weaker gravity.,Kuu väiksem mass põhjustab nõrgema gravitatsiooni.,Moon — Wikipedia,https://en.wikipedia.org/wiki/Moon,CC-BY-SA-4.0,2026-08-20,reviewed,true
built-in-science-nature-clue-0394,built-in-science-nature,Science and Nature Pack,built-in-science-nature-set-078,board,round-one,4,hard,earth-science,Earth-Moon Dynamics,Maa ja Kuu dünaamika,Where is the Earth-Moon barycentre located?,Kus asub Maa ja Kuu ühine massikese?,inside Earth,Maa sees,,,It lies beneath Earth’s surface but away from its centre.,"See asub Maa pinna all, kuid Maa keskpunktist eemal.",Moon — Wikipedia,https://en.wikipedia.org/wiki/Moon,CC-BY-SA-4.0,2026-08-20,reviewed,true
built-in-science-nature-clue-0395,built-in-science-nature,Science and Nature Pack,built-in-science-nature-set-078,board,round-one,5,hard,earth-science,Earth-Moon Dynamics,Maa ja Kuu dünaamika,What rotational state keeps nearly the same lunar face toward Earth?,Milline pöörlemisolek hoiab Kuu peaaegu sama külje Maa poole?,synchronous rotation,sünkroonne pöörlemine,tidal locking,loodeline lukustumine,The Moon rotates once per orbit.,Kuu teeb ühe pöörde ühe tiiru jooksul.,Moon — Wikipedia,https://en.wikipedia.org/wiki/Moon,CC-BY-SA-4.0,2026-08-20,reviewed,true
built-in-science-nature-clue-0396,built-in-science-nature,Science and Nature Pack,built-in-science-nature-set-079,board,round-one,1,hard,earth-science,A Landsat Mission That Never Reached Orbit,"Landsati missioon, mis ei jõudnud orbiidile",What kind of observation was Landsat built to perform?,Millist Maa seiret pidi Landsat tegema?,Earth remote sensing,Maa kaugseire,Earth observation,Maavaatlus,Its instruments were intended to image land surfaces.,Selle instrumendid olid mõeldud maismaapinna pildistamiseks.,Landsat 6 — Wikipedia,https://en.wikipedia.org/wiki/Landsat_6,CC-BY-SA-4.0,2026-08-20,reviewed,true
built-in-science-nature-clue-0397,built-in-science-nature,Science and Nature Pack,built-in-science-nature-set-079,board,round-one,2,hard,earth-science,A Landsat Mission That Never Reached Orbit,"Landsati missioon, mis ei jõudnud orbiidile",Which Landsat satellite failed to reach orbit?,Milline Landsati satelliit ei jõudnud orbiidile?,Landsat 6,Landsat 6,,,A launch-system failure doomed Landsat 6.,Stardisüsteemi rike takistas Landsat 6 jõudmist orbiidile.,Landsat 6 — Wikipedia,https://en.wikipedia.org/wiki/Landsat_6,CC-BY-SA-4.0,2026-08-20,reviewed,true
built-in-science-nature-clue-0398,built-in-science-nature,Science and Nature Pack,built-in-science-nature-set-079,board,round-one,3,hard,earth-science,A Landsat Mission That Never Reached Orbit,"Landsati missioon, mis ei jõudnud orbiidile",In what year was Landsat 6 launched?,Mis aastal Landsat 6 välja saadeti?,1993,1993,,,It launched on 5 October 1993.,See saadeti teele 5. oktoobril 1993.,Landsat 6 — Wikipedia,https://en.wikipedia.org/wiki/Landsat_6,CC-BY-SA-4.0,2026-08-20,reviewed,true
built-in-science-nature-clue-0399,built-in-science-nature,Science and Nature Pack,built-in-science-nature-set-079,board,round-one,4,hard,earth-science,A Landsat Mission That Never Reached Orbit,"Landsati missioon, mis ei jõudnud orbiidile",What ruptured after Landsat 6 separated from its launch vehicle?,"Mis purunes pärast seda, kui Landsat 6 kanderaketist eraldus?",a hydrazine manifold,hüdrasiinkollektor,the hydrazine manifold|spacecraft hydrazine manifold,hüdrasiinikollektor|kosmoselaeva hüdrasiinikollektor,An explosion ruptured a manifold in the spacecraft’s liquid-fuel hydrazine system.,Plahvatus lõhkus kosmoselaeva vedelkütusel töötava hüdrasiinisüsteemi kollektori.,Landsat 6 — Wikipedia,https://en.wikipedia.org/wiki/Landsat_6,CC-BY-SA-4.0,2026-08-20,reviewed,true
built-in-science-nature-clue-0400,built-in-science-nature,Science and Nature Pack,built-in-science-nature-set-079,board,round-one,5,hard,earth-science,A Landsat Mission That Never Reached Orbit,"Landsati missioon, mis ei jõudnud orbiidile",What imaging instrument was Landsat 6 built to carry?,Millist pildistusinstrumenti pidi Landsat 6 kandma?,Enhanced Thematic Mapper,Enhanced Thematic Mapper,ETM,ETM,Landsat 6 carried the Enhanced Thematic Mapper for Earth observation.,Landsat 6 kandis Maa vaatlemiseks instrumenti Enhanced Thematic Mapper.,Landsat 6 — Wikipedia,https://en.wikipedia.org/wiki/Landsat_6,CC-BY-SA-4.0,2026-08-20,reviewed,true
built-in-science-nature-clue-0401,built-in-science-nature,Science and Nature Pack,built-in-science-nature-set-080,board,round-one,1,hard,earth-science,Anomalocaris Anatomy and Fossils,Anomalocaris’e anatoomia ja fossiilid,During which geological period did Anomalocaris live?,Millisel geoloogilisel ajastul elas Anomalocaris?,Cambrian,kambrium,,,It inhabited Cambrian seas more than 500 million years ago.,Anomalocaris elas kambriumi meredes enam kui 500 miljonit aastat tagasi.,Anomalocaris — Wikipedia,https://en.wikipedia.org/wiki/Anomalocaris,CC-BY-SA-4.0,2026-08-20,reviewed,true
built-in-science-nature-clue-0402,built-in-science-nature,Science and Nature Pack,built-in-science-nature-set-080,board,round-one,2,hard,earth-science,Anomalocaris Anatomy and Fossils,Anomalocaris’e anatoomia ja fossiilid,What does the name Anomalocaris mean?,Mida nimi Anomalocaris tähendab?,abnormal shrimp,ebatavaline krevett,anomalous shrimp,anomaalne krevett,Early workers mistook separated appendages for shrimp bodies.,Varased uurijad pidasid eraldunud jätkeid ekslikult krevettide kehadeks.,Anomalocaris — Wikipedia,https://en.wikipedia.org/wiki/Anomalocaris,CC-BY-SA-4.0,2026-08-20,reviewed,true
built-in-science-nature-clue-0403,built-in-science-nature,Science and Nature Pack,built-in-science-nature-set-080,board,round-one,3,hard,earth-science,Anomalocaris Anatomy and Fossils,Anomalocaris’e anatoomia ja fossiilid,Which Canadian fossil deposit preserves famous specimens?,Milline Kanada fossiilileiukoht säilitab kuulsaid isendeid?,Burgess Shale,Burgess Shale,,,Burgess Shale fossils helped reconstruct the whole animal.,Burgess Shale’i fossiilid aitasid terve looma rekonstrueerida.,Anomalocaris — Wikipedia,https://en.wikipedia.org/wiki/Anomalocaris,CC-BY-SA-4.0,2026-08-20,reviewed,true
built-in-science-nature-clue-0404,built-in-science-nature,Science and Nature Pack,built-in-science-nature-set-080,board,round-one,4,hard,earth-science,Anomalocaris Anatomy and Fossils,Anomalocaris’e anatoomia ja fossiilid,Anomalocaris belongs to which extinct arthropod-related group?,Millisesse väljasurnud lülijalgsetega seotud rühma kuulub Anomalocaris?,radiodonts,radiodondid,Radiodonta,Radiodonta,Radiodonts are stem-group arthropods distinguished by frontal appendages and a plated mouth apparatus.,"Radiodondid on lülijalgsete tüvirühma loomad, keda eristavad eesmised jätked ja plaatidest suuaparaat.",Anomalocaris — Wikipedia,https://en.wikipedia.org/wiki/Anomalocaris,CC-BY-SA-4.0,2026-08-20,reviewed,true
built-in-science-nature-clue-0405,built-in-science-nature,Science and Nature Pack,built-in-science-nature-set-080,board,round-one,5,hard,earth-science,Anomalocaris Anatomy and Fossils,Anomalocaris’e anatoomia ja fossiilid,What term is used for the mouthpiece of Anomalocaris?,Kuidas nimetatakse Anomalocarise suuaparaati?,oral cone,suukoonus,,,The oral cone is assembled from plates around the mouth opening rather than forming a hinged jaw.,Suukoonus koosneb suuava ümbritsevatest plaatidest ega moodusta liigenduvat lõuga.,Anomalocaris — Wikipedia,https://en.wikipedia.org/wiki/Anomalocaris,CC-BY-SA-4.0,2026-08-20,reviewed,true
built-in-science-nature-clue-0406,built-in-science-nature,Science and Nature Pack,built-in-science-nature-set-081,board,round-one,1,easy,earth-science,Oceans Cover Most of Earth,Ookeanid katavad suurema osa Maast,About what percentage of Earth’s surface is covered by water?,Ligikaudu mitu protsenti Maa pinnast on veega kaetud?,71 percent,71 protsenti,,,Nearly all of this water-covered area is connected ocean rather than isolated inland water.,"Peaaegu kogu veega kaetud ala moodustab omavahel ühendatud maailmameri, mitte eraldatud siseveekogud.",Ocean — Wikipedia,https://en.wikipedia.org/wiki/Ocean,CC-BY-SA-4.0,2026-08-20,reviewed,true
built-in-science-nature-clue-0407,built-in-science-nature,Science and Nature Pack,built-in-science-nature-set-081,board,round-one,2,easy,earth-science,Oceans Cover Most of Earth,Ookeanid katavad suurema osa Maast,Is most of Earth’s water saltwater or freshwater?,Kas suurem osa Maa veest on soolane või mage?,saltwater,soolavesi,,,Oceans contain roughly 97 percent of Earth’s water.,Ookeanid sisaldavad ligikaudu 97 protsenti Maa veest.,Ocean — Wikipedia,https://en.wikipedia.org/wiki/Ocean,CC-BY-SA-4.0,2026-08-20,reviewed,true
built-in-science-nature-clue-0408,built-in-science-nature,Science and Nature Pack,built-in-science-nature-set-081,board,round-one,3,easy,earth-science,Oceans Cover Most of Earth,Ookeanid katavad suurema osa Maast,Which ocean has the greatest area?,Millisel ookeanil on suurim pindala?,Pacific Ocean,Vaikne ookean,,,The Pacific exceeds the Atlantic in both surface area and water volume.,Vaikne ookean ületab Atlandi ookeani nii pindala kui ka veemahu poolest.,Ocean — Wikipedia,https://en.wikipedia.org/wiki/Ocean,CC-BY-SA-4.0,2026-08-20,reviewed,true
built-in-science-nature-clue-0409,built-in-science-nature,Science and Nature Pack,built-in-science-nature-set-081,board,round-one,4,easy,earth-science,Oceans Cover Most of Earth,Ookeanid katavad suurema osa Maast,What is the deepest named point in the ocean?,Mis on maailmamere sügavaim nimeline koht?,Challenger Deep,Challengeri süvik,,,It lies in the Mariana Trench.,See asub Mariaani süvikus.,Ocean — Wikipedia,https://en.wikipedia.org/wiki/Ocean,CC-BY-SA-4.0,2026-08-20,reviewed,true
built-in-science-nature-clue-0410,built-in-science-nature,Science and Nature Pack,built-in-science-nature-set-081,board,round-one,5,easy,earth-science,Oceans Cover Most of Earth,Ookeanid katavad suurema osa Maast,What global circulation links surface and deep ocean through density differences?,Milline üleilmne ringlus ühendab tiheduserinevuste kaudu ookeani pinna- ja süvavee?,thermohaline circulation,termohaliinne ringlus,ocean conveyor belt,ookeani konveierlint,Temperature and salinity help drive the overturning.,Temperatuur ja soolsus aitavad pöördringlust käitada.,Ocean — Wikipedia,https://en.wikipedia.org/wiki/Ocean,CC-BY-SA-4.0,2026-08-20,reviewed,true
built-in-science-nature-clue-0411,built-in-science-nature,Science and Nature Pack,built-in-science-nature-set-082,board,round-one,1,hard,weather-climate,Katrina: Intensity and Coastal Effects,Katrina: tugevus ja mõju rannikule,Which basin’s naming list included Katrina?,Millise ookeanibasseini nimeloend sisaldas Katrinat?,Atlantic,Atlandi ookean,,,"Atlantic names rotate on international lists, and Katrina was retired after the 2005 season.",Atlandi orkaanide nimed vahelduvad rahvusvahelistes loendites; Katrina nimi eemaldati pärast 2005. aasta hooaega.,Hurricane Katrina — Wikipedia,https://en.wikipedia.org/wiki/Hurricane_Katrina,CC-BY-SA-4.0,2026-08-20,reviewed,true
built-in-science-nature-clue-0412,built-in-science-nature,Science and Nature Pack,built-in-science-nature-set-082,board,round-one,2,hard,weather-climate,Katrina: Intensity and Coastal Effects,Katrina: tugevus ja mõju rannikule,What peak Saffir-Simpson category did Hurricane Katrina reach in August 2005?,Millise kõrgeima Saffir-Simpsoni kategooriani jõudis orkaan Katrina 2005. aasta augustis?,Category 5,5. kategooria,,,Katrina reached Category 5 over the Gulf of Mexico.,Katrina jõudis Mehhiko lahe kohal 5. kategooriasse.,Hurricane Katrina — Wikipedia,https://en.wikipedia.org/wiki/Hurricane_Katrina,CC-BY-SA-4.0,2026-08-20,reviewed,true
built-in-science-nature-clue-0413,built-in-science-nature,Science and Nature Pack,built-in-science-nature-set-082,board,round-one,3,hard,weather-climate,Katrina: Intensity and Coastal Effects,Katrina: tugevus ja mõju rannikule,At what category did Katrina make its final Louisiana landfall on 29 August 2005?,Millise kategooria orkaanina jõudis Katrina 29. augustil 2005 viimast korda Louisiana rannikule?,Category 3,3. kategooria,,,It weakened before the Louisiana landfall.,Orkaan nõrgenes enne Louisiana rannikule jõudmist.,Hurricane Katrina — Wikipedia,https://en.wikipedia.org/wiki/Hurricane_Katrina,CC-BY-SA-4.0,2026-08-20,reviewed,true
built-in-science-nature-clue-0414,built-in-science-nature,Science and Nature Pack,built-in-science-nature-set-082,board,round-one,4,hard,weather-climate,Katrina: Intensity and Coastal Effects,Katrina: tugevus ja mõju rannikule,What coastal hazard caused much of Katrina’s destruction?,Milline rannikuoht põhjustas suure osa Katrina tekitatud hävingust?,storm surge,tormiaju,,,Wind-driven water overtopped and breached protection systems.,Tuule aetud vesi tõusis kaitserajatiste kohale ja murdis neist läbi.,Hurricane Katrina — Wikipedia,https://en.wikipedia.org/wiki/Hurricane_Katrina,CC-BY-SA-4.0,2026-08-20,reviewed,true
built-in-science-nature-clue-0415,built-in-science-nature,Science and Nature Pack,built-in-science-nature-set-082,board,round-one,5,hard,weather-climate,Katrina: Intensity and Coastal Effects,Katrina: tugevus ja mõju rannikule,What atmospheric quantity falling sharply signals cyclone intensity?,Millise atmosfäärisuuruse järsk langus näitab tsükloni tugevnemist?,central pressure,õhurõhk tsükloni keskmes,barometric pressure|minimum central pressure,õhurõhk|madalaim keskne õhurõhk,Stronger tropical cyclones generally have lower central pressure.,Tugevamatel troopilistel tsüklonitel on üldiselt madalam keskne õhurõhk.,Hurricane Katrina — Wikipedia,https://en.wikipedia.org/wiki/Hurricane_Katrina,CC-BY-SA-4.0,2026-08-20,reviewed,true
built-in-science-nature-clue-0416,built-in-science-nature,Science and Nature Pack,built-in-science-nature-set-083,board,round-two,1,hard,weather-climate,Estimating Violent Winds,Tugevate tuulte hindamine,Tetsuya Fujita developed a scale for which weather phenomenon?,Millise ilmanähtuse jaoks töötas Tetsuya Fujita välja oma skaala?,tornadoes,tornaadod,,,Fujita devised the scale specifically to compare the intensity of tornadoes.,Fujita kujundas skaala spetsiaalselt tornaadode intensiivsuse võrdlemiseks.,Fujita scale — Wikipedia,https://en.wikipedia.org/wiki/Fujita_scale,CC-BY-SA-4.0,2026-08-20,reviewed,true
built-in-science-nature-clue-0417,built-in-science-nature,Science and Nature Pack,built-in-science-nature-set-083,board,round-two,2,hard,weather-climate,Estimating Violent Winds,Tugevate tuulte hindamine,What observable evidence did the original scale chiefly use?,Milliseid vaadeldavaid tõendeid kasutas algne skaala peamiselt?,damage,kahjustusi,,,Investigators inferred wind intensity from damage patterns.,Uurijad tuletasid kahjustuste mustrist tuule tugevuse.,Fujita scale — Wikipedia,https://en.wikipedia.org/wiki/Fujita_scale,CC-BY-SA-4.0,2026-08-20,reviewed,true
built-in-science-nature-clue-0418,built-in-science-nature,Science and Nature Pack,built-in-science-nature-set-083,board,round-two,3,hard,weather-climate,Estimating Violent Winds,Tugevate tuulte hindamine,In what year was the Fujita scale introduced?,Mis aastal Fujita skaala kasutusele võeti?,1971,1971,,,The 1971 publication formalized damage-based intensity categories later used operationally.,"1971. aasta kirjutis vormistas kahjustustel põhinevad tugevuskategooriad, mida hiljem ilmateenistustes kasutati.",Fujita scale — Wikipedia,https://en.wikipedia.org/wiki/Fujita_scale,CC-BY-SA-4.0,2026-08-20,reviewed,true
built-in-science-nature-clue-0419,built-in-science-nature,Science and Nature Pack,built-in-science-nature-set-083,board,round-two,4,hard,weather-climate,Estimating Violent Winds,Tugevate tuulte hindamine,What labels ran from weakest to strongest on the original scale?,Millised tähised märkisid algsel skaalal astmeid nõrgimast tugevaimani?,F0 to F5,F0 kuni F5,F0–F5|F0 through F5,F0–F5|F0 kuni F5,Six categories represented increasing estimated wind damage.,Kuus kategooriat tähistasid hinnangulise tuulekahju suurenemist.,Fujita scale — Wikipedia,https://en.wikipedia.org/wiki/Fujita_scale,CC-BY-SA-4.0,2026-08-20,reviewed,true
built-in-science-nature-clue-0420,built-in-science-nature,Science and Nature Pack,built-in-science-nature-set-083,board,round-two,5,hard,weather-climate,Estimating Violent Winds,Tugevate tuulte hindamine,What revised scale entered US use in 2007?,Milline muudetud skaala võeti USA-s 2007. aastal kasutusele?,Enhanced Fujita scale,täiustatud Fujita skaala,EF scale,EF-skaala,The EF scale updated damage indicators and wind estimates.,EF-skaala uuendas kahjustusnäitajaid ja tuulekiiruse hinnanguid.,Fujita scale — Wikipedia,https://en.wikipedia.org/wiki/Fujita_scale,CC-BY-SA-4.0,2026-08-20,reviewed,true
built-in-science-nature-clue-0421,built-in-science-nature,Science and Nature Pack,built-in-science-nature-set-084,board,round-one,1,easy,weather-climate,"Clouds, Surfaces, and Ultraviolet","Pilved, pinnad ja ultraviolettkiirgus",Can ultraviolet radiation cause sunburn on a cloudy day?,Kas ultraviolettkiirgus võib põhjustada päikesepõletust ka pilvise ilmaga?,yes,jah,,,Clouds often transmit a substantial fraction of ultraviolet radiation.,Pilved lasevad sageli läbi märkimisväärse osa ultraviolettkiirgusest.,Sunburn — Wikipedia,https://en.wikipedia.org/wiki/Sunburn,CC-BY-SA-4.0,2026-08-20,reviewed,true
built-in-science-nature-clue-0422,built-in-science-nature,Science and Nature Pack,built-in-science-nature-set-084,board,round-one,2,easy,weather-climate,"Clouds, Surfaces, and Ultraviolet","Pilved, pinnad ja ultraviolettkiirgus",Do all clouds block the same amount of ultraviolet radiation?,Kas kõik pilved peavad kinni sama suure osa ultraviolettkiirgusest?,no,ei,,,"Thickness, type, and coverage change transmission.","Pilvede paksus, liik ja katvus muudavad kiirguse läbilaskvust.",Sunburn — Wikipedia,https://en.wikipedia.org/wiki/Sunburn,CC-BY-SA-4.0,2026-08-20,reviewed,true
built-in-science-nature-clue-0423,built-in-science-nature,Science and Nature Pack,built-in-science-nature-set-084,board,round-one,3,easy,weather-climate,"Clouds, Surfaces, and Ultraviolet","Pilved, pinnad ja ultraviolettkiirgus",Which ultraviolet band is chiefly responsible for sunburn?,Milline ultraviolettkiirguse vahemik põhjustab peamiselt päikesepõletust?,UVB,UVB,UV-B,UV-B,UVB is strongly absorbed by skin and DNA.,Nahk ja DNA neelavad UVB-kiirgust tugevalt.,Sunburn — Wikipedia,https://en.wikipedia.org/wiki/Sunburn,CC-BY-SA-4.0,2026-08-20,reviewed,true
built-in-science-nature-clue-0424,built-in-science-nature,Science and Nature Pack,built-in-science-nature-set-084,board,round-one,4,easy,weather-climate,"Clouds, Surfaces, and Ultraviolet","Pilved, pinnad ja ultraviolettkiirgus",Which frozen white surface can strongly reflect ultraviolet radiation?,Milline külmunud veest koosnev valge pind võib ultraviolettkiirgust tugevalt peegeldada?,snow,lumi,,,"Snow’s bright surface can return ultraviolet radiation upward, increasing reflected exposure.",Lume hele pind võib ultraviolettkiirgust tagasi üles peegeldada ja suurendada kokkupuudet peegeldunud kiirgusega.,Sunburn — Wikipedia,https://en.wikipedia.org/wiki/Sunburn,CC-BY-SA-4.0,2026-08-20,reviewed,true
built-in-science-nature-clue-0425,built-in-science-nature,Science and Nature Pack,built-in-science-nature-set-084,board,round-one,5,easy,weather-climate,"Clouds, Surfaces, and Ultraviolet","Pilved, pinnad ja ultraviolettkiirgus",Which atmospheric layer absorbs much solar UVB?,Milline atmosfäärikiht neelab suure osa Päikese UVB-kiirgusest?,stratospheric ozone layer,stratosfääri osoonikiht,ozone layer,osoonikiht,Ozone filters high-energy ultraviolet wavelengths.,Osoon filtreerib suure energiaga ultraviolettkiirguse lainepikkusi.,Sunburn — Wikipedia,https://en.wikipedia.org/wiki/Sunburn,CC-BY-SA-4.0,2026-08-20,reviewed,true
built-in-science-nature-clue-0426,built-in-science-nature,Science and Nature Pack,built-in-science-nature-set-085,board,round-two,1,easy,weather-climate,Boiling Water on Two Scales,Vee keemine kahel skaalal,What Fahrenheit temperature equals 100 °C?,Milline Fahrenheiti temperatuur on 100 °C?,212 °F,212 °F,,,"Because Fahrenheit degrees are 5/9 the size of Celsius degrees, the two scales meet at −40.",Ühe Fahrenheiti kraadi suurus on 5/9 Celsiuse kraadist ning skaalad kohtuvad temperatuuril −40.,Fahrenheit — Wikipedia,https://en.wikipedia.org/wiki/Fahrenheit,CC-BY-SA-4.0,2026-08-20,reviewed,true
built-in-science-nature-clue-0427,built-in-science-nature,Science and Nature Pack,built-in-science-nature-set-085,board,round-two,2,easy,weather-climate,Boiling Water on Two Scales,Vee keemine kahel skaalal,"At one atmosphere, where is water’s freezing point on the Fahrenheit scale?",Kus asub ühe atmosfääri rõhul vee külmumispunkt Fahrenheiti skaalal?,32 °F,32 °F,,,"The Fahrenheit span from water's freezing to boiling points is 180 degrees, versus 100 Celsius degrees.","Fahrenheiti skaalal on vee külmumis- ja keemispunkti vahe 180 kraadi, Celsiuse skaalal 100 kraadi.",Fahrenheit — Wikipedia,https://en.wikipedia.org/wiki/Fahrenheit,CC-BY-SA-4.0,2026-08-20,reviewed,true
built-in-science-nature-clue-0428,built-in-science-nature,Science and Nature Pack,built-in-science-nature-set-085,board,round-two,3,easy,weather-climate,Boiling Water on Two Scales,Vee keemine kahel skaalal,A Celsius degree is how many times a Fahrenheit degree?,Mitu korda on Celsiuse kraad suurem Fahrenheiti kraadist?,1.8 times,"1,8 korda",9/5,9/5,Nine Fahrenheit degrees span the same interval as five Celsius degrees.,Üheksa Fahrenheiti kraadi katavad sama vahemiku kui viis Celsiuse kraadi.,Fahrenheit — Wikipedia,https://en.wikipedia.org/wiki/Fahrenheit,CC-BY-SA-4.0,2026-08-20,reviewed,true
built-in-science-nature-clue-0429,built-in-science-nature,Science and Nature Pack,built-in-science-nature-set-085,board,round-two,4,easy,weather-climate,Boiling Water on Two Scales,Vee keemine kahel skaalal,What formula converts Celsius C to Fahrenheit F?,Milline valem teisendab Celsiuse C Fahrenheiti F-ks?,F = 9C/5 + 32,F = 9C/5 + 32,F=(9/5)C+32|F=1.8C+32,"F=(9/5)C+32|F=1,8C+32",The offset aligns freezing points and the factor aligns interval sizes.,Liidetav nihe joondab külmumispunktid ja kordaja intervallide suurused.,Fahrenheit — Wikipedia,https://en.wikipedia.org/wiki/Fahrenheit,CC-BY-SA-4.0,2026-08-20,reviewed,true
built-in-science-nature-clue-0430,built-in-science-nature,Science and Nature Pack,built-in-science-nature-set-085,board,round-two,5,easy,weather-climate,Boiling Water on Two Scales,Vee keemine kahel skaalal,Which physicist proposed the Fahrenheit scale in 1724?,Milline füüsik pakkus välja Fahrenheiti skaala 1724. aastal?,Daniel Gabriel Fahrenheit,Daniel Gabriel Fahrenheit,,,He described his temperature scale in 1724.,Ta kirjeldas oma temperatuuriskaalat 1724. aastal.,Fahrenheit — Wikipedia,https://en.wikipedia.org/wiki/Fahrenheit,CC-BY-SA-4.0,2026-08-20,reviewed,true
built-in-science-nature-clue-0431,built-in-science-nature,Science and Nature Pack,built-in-science-nature-set-086,board,round-two,1,hard,astronomy,An Orbiting Eye on the Hot Universe,Kuuma universumi orbiidil tiirlev silm,Which high-energy band spans Chandra’s stated observing range of about 0.12 to 12 nanometres?,"Milline suure energiaga kiirgusvahemik katab Chandra märgitud vaatlusala ligikaudu 0,12 kuni 12 nanomeetrit?",X-rays,röntgenikiirgus,X rays|X-ray radiation,röntgenikiired|X-kiirgus,That wavelength interval corresponds to photon energies of roughly 0.1 to 10 keV.,"See lainepikkuste vahemik vastab footonite energiale ligikaudu 0,1 kuni 10 keV.",Chandra X-ray Observatory — Wikipedia,https://en.wikipedia.org/w/index.php?title=Chandra_X-ray_Observatory&oldid=1366825860,CC-BY-SA-4.0,2026-08-20,reviewed,true
built-in-science-nature-clue-0432,built-in-science-nature,Science and Nature Pack,built-in-science-nature-set-086,board,round-two,2,hard,astronomy,An Orbiting Eye on the Hot Universe,Kuuma universumi orbiidil tiirlev silm,Which space shuttle broke apart during re-entry on 1 February 2003?,Milline kosmosesüstik purunes 1. veebruaril 2003 taassisenemise ajal?,Columbia,Columbia,Space Shuttle Columbia,Kosmosesüstik Columbia,Columbia became the second Space Shuttle lost in a fatal accident.,Columbia oli teine surmaga lõppenud õnnetuses kaotatud kosmosesüstik.,Space Shuttle Columbia disaster — Wikipedia,https://en.wikipedia.org/wiki/Space_Shuttle_Columbia_disaster,CC-BY-SA-4.0,2026-08-20,reviewed,true
built-in-science-nature-clue-0433,built-in-science-nature,Science and Nature Pack,built-in-science-nature-set-086,board,round-two,3,hard,astronomy,An Orbiting Eye on the Hot Universe,Kuuma universumi orbiidil tiirlev silm,"Which Nobel-winning astrophysicist, known for determining the maximum mass of white-dwarf stars, was honored when AXAF was renamed in 1998?","Millist Nobeli auhinna saanud astrofüüsikut, kes määras valgete kääbuste suurima massi, austati AXAF-i ümbernimetamisel 1998. aastal?",Subrahmanyan Chandrasekhar,Subrahmanyan Chandrasekhar,Chandrasekhar|S. Chandrasekhar,Chandrasekhar|S. Chandrasekhar,A NASA contest selected the name Chandra in his honor.,NASA konkursil valiti tema auks nimi Chandra.,Chandra X-ray Observatory — Wikipedia,https://en.wikipedia.org/w/index.php?title=Chandra_X-ray_Observatory&oldid=1366825860,CC-BY-SA-4.0,2026-08-20,reviewed,true
built-in-science-nature-clue-0434,built-in-science-nature,Science and Nature Pack,built-in-science-nature-set-086,board,round-two,4,hard,astronomy,An Orbiting Eye on the Hot Universe,Kuuma universumi orbiidil tiirlev silm,Which supernova remnant was the target of Chandra’s first-light image?,Milline supernoovajäänuk oli Chandra esimese vaatluskujutise sihtmärk?,Cassiopeia A,Cassiopeia A,Cas A,Cas A,The observation revealed a compact object near the remnant’s center.,Vaatlus näitas jäänuki keskme lähedal kompaktset objekti.,Chandra X-ray Observatory — Wikipedia,https://en.wikipedia.org/w/index.php?title=Chandra_X-ray_Observatory&oldid=1366825860,CC-BY-SA-4.0,2026-08-20,reviewed,true
built-in-science-nature-clue-0435,built-in-science-nature,Science and Nature Pack,built-in-science-nature-set-086,board,round-two,5,hard,astronomy,An Orbiting Eye on the Hot Universe,Kuuma universumi orbiidil tiirlev silm,Which 1999 shuttle mission had deploying Chandra as its primary objective?,Millise 1999. aasta süstiku missiooni peamine eesmärk oli Chandra lähetamine?,STS-93,STS-93,STS 93,STS 93,The mission carried the observatory and its inertial upper stage into orbit.,Missioon viis observatooriumi ja selle inertsiaalse ülemise astme orbiidile.,STS-93 — Wikipedia,https://en.wikipedia.org/w/index.php?title=STS-93&oldid=1313039223,CC-BY-SA-4.0,2026-08-20,reviewed,true
built-in-science-nature-clue-0436,built-in-science-nature,Science and Nature Pack,built-in-science-nature-set-087,board,round-two,1,hard,animals,How Great Whites Sense and Investigate,Kuidas valgehaid tajuvad ja uurivad,What kind of bite may a great white use while investigating an unfamiliar object?,Millist hammustust võib valgehai tundmatu objekti uurimisel kasutada?,test bite,proovihammustus,investigatory bite|exploratory bite|bump and bite|test bite,uuriv hammustus|uurimishammustus|müks ja hammustus|proovihammustus,Great whites may investigate unfamiliar objects with a brief test bite rather than a sustained predatory bite.,"Valgehai võib tundmatut objekti uurida lühikese proovihammustusega, mitte pikema saagihammustusega.",Great white shark — Wikipedia,https://en.wikipedia.org/wiki/Great_white_shark,CC-BY-SA-4.0,2026-08-20,reviewed,true
built-in-science-nature-clue-0437,built-in-science-nature,Science and Nature Pack,built-in-science-nature-set-087,board,round-two,2,hard,animals,How Great Whites Sense and Investigate,Kuidas valgehaid tajuvad ja uurivad,Do great white sharks lay external eggs or bear live young?,Kas valgehaid munevad väliskeskkonda või sünnitavad elusaid poegi?,bear live young,sünnitavad elusaid poegi,live-bearing|aplacental viviparity,elussünnitamine|aplatsentaarne vivipaarsus,Embryos hatch inside the mother before birth.,Embrüod kooruvad ema sees enne sündi.,Great white shark — Wikipedia,https://en.wikipedia.org/wiki/Great_white_shark,CC-BY-SA-4.0,2026-08-20,reviewed,true
built-in-science-nature-clue-0438,built-in-science-nature,Science and Nature Pack,built-in-science-nature-set-087,board,round-two,3,hard,animals,How Great Whites Sense and Investigate,Kuidas valgehaid tajuvad ja uurivad,What is the great white shark’s scientific name?,Mis on valgehai teaduslik nimi?,Carcharodon carcharias,Carcharodon carcharias,,,It is the only living species in Carcharodon.,See on perekonna Carcharodon ainus elav liik.,Great white shark — Wikipedia,https://en.wikipedia.org/wiki/Great_white_shark,CC-BY-SA-4.0,2026-08-20,reviewed,true
built-in-science-nature-clue-0439,built-in-science-nature,Science and Nature Pack,built-in-science-nature-set-087,board,round-two,4,hard,animals,How Great Whites Sense and Investigate,Kuidas valgehaid tajuvad ja uurivad,Which head organs give great white sharks electroreception?,Millised peaelundid võimaldavad valgehaidel elektrivälju tajuda?,ampullae of Lorenzini,Lorenzini ampullid,Lorenzini ampullae,Lorenzini ampullid,"The pits provide one of the shark’s five hunting senses, alongside sight, hearing, smell, and water-flow detection.","Need elundid annavad haile ühe viiest jahimeelest nägemise, kuulmise, haistmise ja veevoolu tajumise kõrval.",Great white shark — Wikipedia,https://en.wikipedia.org/wiki/Great_white_shark,CC-BY-SA-4.0,2026-08-20,reviewed,true
built-in-science-nature-clue-0440,built-in-science-nature,Science and Nature Pack,built-in-science-nature-set-087,board,round-two,5,hard,animals,How Great Whites Sense and Investigate,Kuidas valgehaid tajuvad ja uurivad,What adaptation lets great whites keep parts of the body warmer than surrounding water?,Milline kohastumus võimaldab valgehaidel hoida mõningaid kehaosi ümbritsevast veest soojemana?,regional endothermy,piirkondlik endotermia,,,Countercurrent heat exchangers retain metabolic heat.,Vastuvoolu soojusvahetid säilitavad metaboolse soojuse.,Great white shark — Wikipedia,https://en.wikipedia.org/wiki/Great_white_shark,CC-BY-SA-4.0,2026-08-20,reviewed,true
built-in-science-nature-clue-0441,built-in-science-nature,Science and Nature Pack,built-in-science-nature-set-088,board,round-two,1,hard,animals,Anatomy of Cartilaginous Fishes,Kõhrkalade anatoomia,Which animal belongs to class Chondrichthyes: great white shark or tuna?,Milline loom kuulub klassi Chondrichthyes: suur valgehai või tuunikala?,great white shark,valgehai,,,Sharks are cartilaginous fishes; tuna are bony fishes.,"Haid on kõhrkalad, tuunid aga luukalad.",Chondrichthyes — Wikipedia,https://en.wikipedia.org/wiki/Chondrichthyes,CC-BY-SA-4.0,2026-08-20,reviewed,true
built-in-science-nature-clue-0442,built-in-science-nature,Science and Nature Pack,built-in-science-nature-set-088,board,round-two,2,hard,animals,Anatomy of Cartilaginous Fishes,Kõhrkalade anatoomia,What material chiefly forms a chondrichthyan skeleton?,Millisest materjalist koosneb kõhrkala luustik peamiselt?,cartilage,kõhr,,,The class name means cartilage fish.,Klassi nimetus tähendab kõhrkalu.,Chondrichthyes — Wikipedia,https://en.wikipedia.org/wiki/Chondrichthyes,CC-BY-SA-4.0,2026-08-20,reviewed,true
built-in-science-nature-clue-0443,built-in-science-nature,Science and Nature Pack,built-in-science-nature-set-088,board,round-two,3,hard,animals,Anatomy of Cartilaginous Fishes,Kõhrkalade anatoomia,What two major living groups divide Chondrichthyes?,Millised kaks suurt elavat rühma moodustavad kõhrkalade klassi?,elasmobranchs and holocephalans,elasmobranhid ja täispeased,Elasmobranchii and Holocephali|holocephalans and elasmobranchs,Elasmobranchii ja Holocephali|täispeased ja elasmobranhid,Sharks and rays are elasmobranchs; chimaeras are holocephalans.,Haid ja raid on elasmobranhid; kimäärid on täispeased.,Chondrichthyes — Wikipedia,https://en.wikipedia.org/wiki/Chondrichthyes,CC-BY-SA-4.0,2026-08-20,reviewed,true
built-in-science-nature-clue-0444,built-in-science-nature,Science and Nature Pack,built-in-science-nature-set-088,board,round-two,4,hard,animals,Anatomy of Cartilaginous Fishes,Kõhrkalade anatoomia,Do most sharks have covered gills or separate gill slits?,Kas enamikul haidel on lõpusekaas või eraldi lõpusepilud?,separate gill slits,eraldi lõpusepilud,,,"Unlike bony fishes, they generally lack a bony operculum.",Erinevalt luukaladest puudub neil üldiselt luine lõpusekaas.,Chondrichthyes — Wikipedia,https://en.wikipedia.org/wiki/Chondrichthyes,CC-BY-SA-4.0,2026-08-20,reviewed,true
built-in-science-nature-clue-0445,built-in-science-nature,Science and Nature Pack,built-in-science-nature-set-088,board,round-two,5,hard,animals,Anatomy of Cartilaginous Fishes,Kõhrkalade anatoomia,What toothlike structures cover the skin of cartilaginous fishes?,Millised hambataolised moodustised katavad kõhrkalade nahka?,dermal denticles,nahahambakesed,placoid scales,plakoidsoomused,Dermal denticles protect the skin and streamline water flow over the body.,Nahahambakesed kaitsevad nahka ja vähendavad keha ümber voolava vee takistust.,Chondrichthyes — Wikipedia,https://en.wikipedia.org/wiki/Chondrichthyes,CC-BY-SA-4.0,2026-08-20,reviewed,true
built-in-science-nature-clue-0446,built-in-science-nature,Science and Nature Pack,built-in-science-nature-set-089,board,round-two,1,hard,animals,Centipede Segments and Anatomy,Sajajalgsete segmendid ja anatoomia,What sensory appendages project from a centipede’s head?,Millised meeleelunditena toimivad jätked ulatuvad sajajalgse peast?,antennae,tundlad,,,The paired antennae carry sensory receptors used to explore the centipede’s surroundings.,"Paaristundlatel on meeleretseptorid, millega sajajalgne ümbrust uurib.",Centipede — Wikipedia,https://en.wikipedia.org/wiki/Centipede,CC-BY-SA-4.0,2026-08-20,reviewed,true
built-in-science-nature-clue-0447,built-in-science-nature,Science and Nature Pack,built-in-science-nature-set-089,board,round-two,2,hard,animals,Centipede Segments and Anatomy,Sajajalgsete segmendid ja anatoomia,How many legs can no centipede have exactly?,Täpselt mitu jalga ei saa ühelgi sajajalgsel olla?,100,100,,,Odd counts of leg-bearing trunk segments prevent the total from being exactly 100.,Jalgu kandvate kehalülide paaritu arv ei lase jalgade koguarvul olla täpselt 100.,Centipede — Wikipedia,https://en.wikipedia.org/wiki/Centipede,CC-BY-SA-4.0,2026-08-20,reviewed,true
built-in-science-nature-clue-0448,built-in-science-nature,Science and Nature Pack,built-in-science-nature-set-089,board,round-two,3,hard,animals,Centipede Segments and Anatomy,Sajajalgsete segmendid ja anatoomia,How many leg pairs occur on each leg-bearing trunk segment?,Mitu jalapaari on igal jalgu kandval kehalülil?,one pair,üks paar,,,"Because each leg-bearing segment carries one pair and the segment count is odd, the total cannot be exactly 100.","Igal jalgu kandval lülil on üks paar jalgu ja lülide arv on paaritu, seega ei saa jalgade koguarv olla täpselt 100.",Centipede — Wikipedia,https://en.wikipedia.org/wiki/Centipede,CC-BY-SA-4.0,2026-08-20,reviewed,true
built-in-science-nature-clue-0449,built-in-science-nature,Science and Nature Pack,built-in-science-nature-set-089,board,round-two,4,hard,animals,Centipede Segments and Anatomy,Sajajalgsete segmendid ja anatoomia,To which arthropod class do centipedes belong?,Millisesse lülijalgsete klassi kuuluvad sajajalgsed?,Chilopoda,Chilopoda,,,Chilopods are distinct from millipede class Diplopoda.,Sajajalgsete klass Chilopoda erineb tuhatjalgsete klassist Diplopoda.,Centipede — Wikipedia,https://en.wikipedia.org/wiki/Centipede,CC-BY-SA-4.0,2026-08-20,reviewed,true
built-in-science-nature-clue-0450,built-in-science-nature,Science and Nature Pack,built-in-science-nature-set-089,board,round-two,5,hard,animals,Centipede Segments and Anatomy,Sajajalgsete segmendid ja anatoomia,What modified appendages deliver centipede venom?,Millised muundunud jätked viivad sajajalgse mürgi ohvrisse?,forcipules,lõugjalad,venom claws,mürgiküüned,The first trunk appendages form venom claws.,Esimese kehalüli jätketest moodustuvad mürgiküünised.,Centipede — Wikipedia,https://en.wikipedia.org/wiki/Centipede,CC-BY-SA-4.0,2026-08-20,reviewed,true
built-in-science-nature-clue-0451,built-in-science-nature,Science and Nature Pack,built-in-science-nature-set-090,board,round-two,1,easy,animals,Chihuahua Traits and Registry,Chihuahua omadused ja tõuregister,The Chihuahua originated in which country?,Millisest riigist chihuahua pärit on?,Mexico,Mehhiko,,,The breed developed in Mexico before becoming internationally standardized.,Tõug arenes Mehhikos enne rahvusvahelist standardimist.,Chihuahua (dog breed) — Wikipedia,https://en.wikipedia.org/wiki/Chihuahua_(dog_breed),CC-BY-SA-4.0,2026-08-20,reviewed,true
built-in-science-nature-clue-0452,built-in-science-nature,Science and Nature Pack,built-in-science-nature-set-090,board,round-two,2,easy,animals,Chihuahua Traits and Registry,Chihuahua omadused ja tõuregister,Is the Chihuahua classified in the toy group?,Kas chihuahua kuulub kääbuskoerte rühma?,yes,jah,,,Kennel clubs classify the breed by its very small size in the toy group.,Kennelorganisatsioonid liigitavad tõu selle väga väikese kasvu tõttu kääbuskoerte rühma.,Chihuahua (dog breed) — Wikipedia,https://en.wikipedia.org/wiki/Chihuahua_(dog_breed),CC-BY-SA-4.0,2026-08-20,reviewed,true
built-in-science-nature-clue-0453,built-in-science-nature,Science and Nature Pack,built-in-science-nature-set-090,board,round-two,3,easy,animals,Chihuahua Traits and Registry,Chihuahua omadused ja tõuregister,Which two coat varieties does the Chihuahua breed standard recognize?,Milliseid kahte karvatüüpi chihuahua tõustandard tunnustab?,smooth coat and long coat,sile- ja pikakarvaline,long coat and smooth coat,pika- ja siledakarvaline,The varieties are short-haired (smooth) and long-haired.,Tüübid on lühikese sileda karvaga ja pika karvaga.,Chihuahua (dog breed) — Wikipedia,https://en.wikipedia.org/wiki/Chihuahua_(dog_breed),CC-BY-SA-4.0,2026-08-20,reviewed,true
built-in-science-nature-clue-0454,built-in-science-nature,Science and Nature Pack,built-in-science-nature-set-090,board,round-two,4,easy,animals,Chihuahua Traits and Registry,Chihuahua omadused ja tõuregister,How are a Chihuahua’s large ears typically held?,Kuidas asetsevad tavaliselt chihuahua suured kõrvad?,erect,püstiselt,upright|erect ears,püstised|püstised kõrvad,"Alongside its large erect ears, the breed is characterized by a high, dramatically rounded skull.",Lisaks suurtele püstistele kõrvadele iseloomustab tõugu kõrge ja tugevalt ümar kolju.,Chihuahua (dog breed) — Wikipedia,https://en.wikipedia.org/wiki/Chihuahua_(dog_breed),CC-BY-SA-4.0,2026-08-20,reviewed,true
built-in-science-nature-clue-0455,built-in-science-nature,Science and Nature Pack,built-in-science-nature-set-090,board,round-two,5,easy,animals,Chihuahua Traits and Registry,Chihuahua omadused ja tõuregister,In what year did the American Kennel Club first register a Chihuahua?,Mis aastal registreeris American Kennel Club esmakordselt chihuahua?,1904,1904,,,The first AKC registration in 1904 began the breed’s official registry record.,1904. aasta esimene AKC registreering oli tõu esimene ametlik kanne registris.,Chihuahua (dog breed) — Wikipedia,https://en.wikipedia.org/wiki/Chihuahua_(dog_breed),CC-BY-SA-4.0,2026-08-20,reviewed,true
built-in-science-nature-clue-0456,built-in-science-nature,Science and Nature Pack,built-in-science-nature-set-091,board,round-two,1,hard,animals,Shrimp Anatomy and Taxonomy,Krevettide anatoomia ja taksonoomia,Can shrimp propel themselves rapidly backward?,Kas krevetid suudavad kiiresti tagurpidi liikuda?,yes,jah,,,Shrimp can flex the abdomen and tail to move rapidly backward.,Krevetid saavad tagakeha ja saba painutades kiiresti tahapoole liikuda.,Shrimp — Wikipedia,https://en.wikipedia.org/wiki/Shrimp,CC-BY-SA-4.0,2026-08-20,reviewed,true
built-in-science-nature-clue-0457,built-in-science-nature,Science and Nature Pack,built-in-science-nature-set-091,board,round-two,2,hard,animals,Shrimp Anatomy and Taxonomy,Krevettide anatoomia ja taksonoomia,Which organs do shrimp use for gas exchange?,Milliseid elundeid kasutavad krevetid gaasivahetuseks?,gills,lõpuseid,,,Water passes over gills beneath the carapace.,Vesi liigub üle pearindmiku kilbi all olevate lõpuste.,Shrimp — Wikipedia,https://en.wikipedia.org/wiki/Shrimp,CC-BY-SA-4.0,2026-08-20,reviewed,true
built-in-science-nature-clue-0458,built-in-science-nature,Science and Nature Pack,built-in-science-nature-set-091,board,round-two,3,hard,animals,Shrimp Anatomy and Taxonomy,Krevettide anatoomia ja taksonoomia,Common true shrimp such as Palaemon belong to which infraorder?,"Millisesse infraseltsi kuuluvad tavalised päriskrevetid, näiteks Palaemon?",Caridea,Caridea,,,Carideans are decapods whose second abdominal segment overlaps both the first and third.,"Caridea esindajad on kümnejalalised, kelle teine tagakehalüli ulatub nii esimese kui ka kolmanda peale.",Shrimp — Wikipedia,https://en.wikipedia.org/wiki/Shrimp,CC-BY-SA-4.0,2026-08-20,reviewed,true
built-in-science-nature-clue-0459,built-in-science-nature,Science and Nature Pack,built-in-science-nature-set-091,board,round-two,4,hard,animals,Shrimp Anatomy and Taxonomy,Krevettide anatoomia ja taksonoomia,Which structures form the fan at a shrimp’s tail?,Millised struktuurid moodustavad kreveti sabalehviku?,uropods and telson,uropoodid ja telson,telson and uropods,telson ja uropoodid,The uropods flank the telson to form the tail fan.,Uropoodid paiknevad telsoni külgedel ja moodustavad sabalehviku.,Shrimp — Wikipedia,https://en.wikipedia.org/wiki/Shrimp,CC-BY-SA-4.0,2026-08-20,reviewed,true
built-in-science-nature-clue-0460,built-in-science-nature,Science and Nature Pack,built-in-science-nature-set-091,board,round-two,5,hard,animals,Shrimp Anatomy and Taxonomy,Krevettide anatoomia ja taksonoomia,What abdominal appendages help shrimp swim forward?,Millised tagakehajätked aitavad krevetil edasi ujuda?,pleopods,pleopoodid,,,"Shrimp use pleopods, also called swimmerets, for ordinary forward swimming.",Krevetid kasutavad tavaliseks edasisuunas ujumiseks pleopoode ehk ujujalgu.,Shrimp — Wikipedia,https://en.wikipedia.org/wiki/Shrimp,CC-BY-SA-4.0,2026-08-20,reviewed,true
built-in-science-nature-clue-0461,built-in-science-nature,Science and Nature Pack,built-in-science-nature-set-092,board,round-two,1,hard,animals,A Western Lowland Primate,Lääne tasandikugorilla,In which African region does the western lowland gorilla live?,Millises Aafrika piirkonnas elab lääne tasandikugorilla?,central Africa,Kesk-Aafrika,west-central Africa,Lääne-Kesk-Aafrika,Populations inhabit lowland forests of west-central Africa.,Populatsioonid elavad Lääne-Kesk-Aafrika madalikumetsades.,Western lowland gorilla — Wikipedia,https://en.wikipedia.org/wiki/Western_lowland_gorilla,CC-BY-SA-4.0,2026-08-20,reviewed,true
built-in-science-nature-clue-0462,built-in-science-nature,Science and Nature Pack,built-in-science-nature-set-092,board,round-two,2,hard,animals,A Western Lowland Primate,Lääne tasandikugorilla,Is the western lowland gorilla’s diet mainly plant material or meat?,Kas lääne tasandikugorilla toit koosneb peamiselt taimsest ainest või lihast?,plant material,taimsest ainest,,,"Fruit, leaves, and stems dominate, with some invertebrates.","Toidus on ülekaalus viljad, lehed ja varred; lisaks sööb ta mõningaid selgrootuid.",Western lowland gorilla — Wikipedia,https://en.wikipedia.org/wiki/Western_lowland_gorilla,CC-BY-SA-4.0,2026-08-20,reviewed,true
built-in-science-nature-clue-0463,built-in-science-nature,Science and Nature Pack,built-in-science-nature-set-092,board,round-two,3,hard,animals,A Western Lowland Primate,Lääne tasandikugorilla,What locomotor style uses the middle finger bones to support weight?,Milline liikumisviis kasutab keharaskuse toetamiseks sõrmede keskmisi lülisid?,knuckle-walking,sõrmenukkidel kõndimine,knuckle walking,nukkidel kõndimine,Gorillas move quadrupedally on their knuckles.,Gorillad liiguvad neljal jäsemel sõrmenukkidele toetudes.,Western lowland gorilla — Wikipedia,https://en.wikipedia.org/wiki/Western_lowland_gorilla,CC-BY-SA-4.0,2026-08-20,reviewed,true
built-in-science-nature-clue-0464,built-in-science-nature,Science and Nature Pack,built-in-science-nature-set-092,board,round-two,4,hard,animals,A Western Lowland Primate,Lääne tasandikugorilla,Is the western lowland gorilla a species or subspecies?,Kas lääne tasandikugorilla on liik või alamliik?,subspecies,alamliik,,,The third word of its trinomial identifies a taxonomic level below species.,Kolmas sõna kolmiknimes tähistab liigist madalamat taksonoomilist taset.,Western lowland gorilla — Wikipedia,https://en.wikipedia.org/wiki/Western_lowland_gorilla,CC-BY-SA-4.0,2026-08-20,reviewed,true
built-in-science-nature-clue-0465,built-in-science-nature,Science and Nature Pack,built-in-science-nature-set-092,board,round-two,5,hard,animals,A Western Lowland Primate,Lääne tasandikugorilla,What is the western lowland gorilla’s scientific trinomial?,Mis on lääne tasandikugorilla teaduslik kolmiknimi?,Gorilla gorilla gorilla,Gorilla gorilla gorilla,,,"The repeated name marks genus, species, and subspecies.","Korduv nimi tähistab perekonda, liiki ja alamliiki.",Western lowland gorilla — Wikipedia,https://en.wikipedia.org/wiki/Western_lowland_gorilla,CC-BY-SA-4.0,2026-08-20,reviewed,true
built-in-science-nature-clue-0466,built-in-science-nature,Science and Nature Pack,built-in-science-nature-set-093,board,round-two,1,hard,animals,"Ming the Clam: Shell, Age, and Collection","Karp Ming: koda, vanus ja kogumine","In 2013, what age was reported for the bivalve nicknamed Ming?",Kui vanaks hinnati 2013. aastal kahepoolmeline karp hüüdnimega Ming?,507 years,507 aastat,,,The revised estimate increased Ming’s reported age to 507 years.,Uuendatud hinnang suurendas Mingi teatatud vanuse 507 aastani.,Ming (clam) — Wikipedia,https://en.wikipedia.org/wiki/Ming_(clam),CC-BY-SA-4.0,2026-08-20,reviewed,true
built-in-science-nature-clue-0467,built-in-science-nature,Science and Nature Pack,built-in-science-nature-set-093,board,round-two,2,hard,animals,"Ming the Clam: Shell, Age, and Collection","Karp Ming: koda, vanus ja kogumine",What species was Ming?,Mis liik oli Ming?,Arctica islandica,Arctica islandica,ocean quahog,islandi südakarp,Arctica islandica is the bivalve species commonly called the ocean quahog.,"Arctica islandica on kahepoolmeliste liik, mida tavaliselt nimetatakse islandi südakarbiks.",Ming (clam) — Wikipedia,https://en.wikipedia.org/wiki/Ming_(clam),CC-BY-SA-4.0,2026-08-20,reviewed,true
built-in-science-nature-clue-0468,built-in-science-nature,Science and Nature Pack,built-in-science-nature-set-093,board,round-two,3,hard,animals,"Ming the Clam: Shell, Age, and Collection","Karp Ming: koda, vanus ja kogumine",What shell feature was counted to estimate its age?,Millist karbi tunnust loendati tema vanuse hindamiseks?,annual growth lines,aastaseid kasvujooni,growth rings,kasvurõngad,Seasonal shell bands function like tree rings.,Karbikoja hooajalised kasvuvöödid toimivad nagu puude aastarõngad.,Ming (clam) — Wikipedia,https://en.wikipedia.org/wiki/Ming_(clam),CC-BY-SA-4.0,2026-08-20,reviewed,true
built-in-science-nature-clue-0469,built-in-science-nature,Science and Nature Pack,built-in-science-nature-set-093,board,round-two,4,hard,animals,"Ming the Clam: Shell, Age, and Collection","Karp Ming: koda, vanus ja kogumine",In what year was the clam collected near Iceland?,Mis aastal koguti see karp Islandi lähedalt?,2006,2006,,,The 2006 collection preceded the revised 2013 age estimate by seven years.,"Karp koguti 2006. aastal, seitse aastat enne 2013. aasta muudetud vanusehinnangut.",Ming (clam) — Wikipedia,https://en.wikipedia.org/wiki/Ming_(clam),CC-BY-SA-4.0,2026-08-20,reviewed,true
built-in-science-nature-clue-0470,built-in-science-nature,Science and Nature Pack,built-in-science-nature-set-093,board,round-two,5,hard,animals,"Ming the Clam: Shell, Age, and Collection","Karp Ming: koda, vanus ja kogumine",Why was the clam nicknamed Ming?,Miks pandi sellele merekarbile hüüdnimeks Ming?,it was born during China’s Ming dynasty,ta sündis Hiina Mingi dünastia ajal,born in the Ming dynasty,sündinud Mingi dünastias,Its estimated birth around 1499 fell within that dynasty.,Tema hinnanguline sünniaeg umbes 1499 langes selle dünastia aega.,Ming (clam) — Wikipedia,https://en.wikipedia.org/wiki/Ming_(clam),CC-BY-SA-4.0,2026-08-20,reviewed,true
built-in-science-nature-clue-0471,built-in-science-nature,Science and Nature Pack,built-in-science-nature-set-094,board,round-two,1,easy,medicine-history,"Signals, Salivation, and Learning","Signaalid, süljeeritus ja õppimine",Which experiments are the classic example of classical conditioning?,Milliseid katseid peetakse klassikalise tingimise tuntuimaks näiteks?,Pavlov’s dog experiments,Pavlovi koerakatsed,Pavlov's dogs,Pavlovi koerad,The dogs learned to respond to a previously neutral signal after repeated pairings.,Koerad õppisid pärast korduvaid paaristamisi reageerima varem neutraalsele signaalile.,Classical conditioning — Wikipedia,https://en.wikipedia.org/wiki/Classical_conditioning,CC-BY-SA-4.0,2026-08-20,reviewed,true
built-in-science-nature-clue-0472,built-in-science-nature,Science and Nature Pack,built-in-science-nature-set-094,board,round-two,2,easy,medicine-history,"Signals, Salivation, and Learning","Signaalid, süljeeritus ja õppimine","In Pavlov’s setup, what was the unconditioned stimulus?",Mis oli Pavlovi katses tingimatu stiimul?,food,toit,,,Food naturally elicited salivation.,Toit tekitas loomulikult süljeeritust.,Classical conditioning — Wikipedia,https://en.wikipedia.org/wiki/Classical_conditioning,CC-BY-SA-4.0,2026-08-20,reviewed,true
built-in-science-nature-clue-0473,built-in-science-nature,Science and Nature Pack,built-in-science-nature-set-094,board,round-two,3,easy,medicine-history,"Signals, Salivation, and Learning","Signaalid, süljeeritus ja õppimine","After learning, what did the bell become?",Milleks muutus kell pärast õppimist?,conditioned stimulus,tingitud stiimul,CS,CS,The signal elicited a learned response.,Signaal kutsus esile õpitud vastuse.,Classical conditioning — Wikipedia,https://en.wikipedia.org/wiki/Classical_conditioning,CC-BY-SA-4.0,2026-08-20,reviewed,true
built-in-science-nature-clue-0474,built-in-science-nature,Science and Nature Pack,built-in-science-nature-set-094,board,round-two,4,easy,medicine-history,"Signals, Salivation, and Learning","Signaalid, süljeeritus ja õppimine",What is repeated signal presentation without food called when responding fades?,"Kuidas nimetatakse signaali korduvat esitamist ilma toiduta, kui reaktsioon hääbub?",extinction,kustumine,,,The conditioned response weakens without reinforcement.,Tingitud reaktsioon nõrgeneb kinnistamiseta.,Classical conditioning — Wikipedia,https://en.wikipedia.org/wiki/Classical_conditioning,CC-BY-SA-4.0,2026-08-20,reviewed,true
built-in-science-nature-clue-0475,built-in-science-nature,Science and Nature Pack,built-in-science-nature-set-094,board,round-two,5,easy,medicine-history,"Signals, Salivation, and Learning","Signaalid, süljeeritus ja õppimine",Which bodily process was central to Pavlov’s prize-winning research?,Milline kehaline protsess oli Pavlovi auhinnatud uurimistöö keskmes?,digestion,seedimine,,,Pavlov’s work on digestive glands and secretions led to the physiology prize associated with his name.,Pavlovi seedenäärmeid ja nende eritisi käsitlenud töö tõi talle Nobeli füsioloogia- või meditsiiniauhinna.,Classical conditioning — Wikipedia,https://en.wikipedia.org/wiki/Classical_conditioning,CC-BY-SA-4.0,2026-08-20,reviewed,true
built-in-science-nature-clue-0476,built-in-science-nature,Science and Nature Pack,built-in-science-nature-set-095,board,round-two,1,medium,plants,Quercus robur: Fruit and Leaves,Quercus robur: viljad ja lehed,"Which growth form describes Quercus robur: tree, shrub, or herb?","Milline kasvuvorm kirjeldab liiki Quercus robur: puu, põõsas või rohttaim?",tree,puu,,,"Quercus robur is a large deciduous tree, not a shrub or herb.","Quercus robur on suur lehtpuu, mitte põõsas ega rohttaim.",Quercus robur — Wikipedia,https://en.wikipedia.org/wiki/Quercus_robur,CC-BY-SA-4.0,2026-08-20,reviewed,true
built-in-science-nature-clue-0477,built-in-science-nature,Science and Nature Pack,built-in-science-nature-set-095,board,round-two,2,medium,plants,Quercus robur: Fruit and Leaves,Quercus robur: viljad ja lehed,Quercus robur is native to Europe and which neighbouring part of Asia?,Quercus robur on pärit Euroopast ja millisest naabruses asuvast Aasia osast?,western Asia,Lääne-Aasia,West Asia,Lääne-Aasia,The native distribution spans most of Europe and continues east into western Asia.,Looduslik levila katab suurema osa Euroopast ja jätkub idas Lääne-Aasiasse.,Quercus robur — Wikipedia,https://en.wikipedia.org/wiki/Quercus_robur,CC-BY-SA-4.0,2026-08-20,reviewed,true
built-in-science-nature-clue-0478,built-in-science-nature,Science and Nature Pack,built-in-science-nature-set-095,board,round-two,3,medium,plants,Quercus robur: Fruit and Leaves,Quercus robur: viljad ja lehed,How many rounded lobes usually occur on each side of a Quercus robur leaf?,Mitu ümarat hõlma on tavaliselt Quercus robur’i lehe kummalgi küljel?,three to six,kolm kuni kuus,3–6|3 to 6,3–6|3 kuni 6,"Its leaves have three to six rounded lobes on each side, divided no farther than halfway to the midrib.",Lehe kummalgi küljel on kolm kuni kuus ümarat hõlma; nendevahelised sisselõiked ulatuvad keskrooni suunas kõige rohkem poolele teele.,Quercus robur — Wikipedia,https://en.wikipedia.org/wiki/Quercus_robur,CC-BY-SA-4.0,2026-08-20,reviewed,true
built-in-science-nature-clue-0479,built-in-science-nature,Science and Nature Pack,built-in-science-nature-set-095,board,round-two,4,medium,plants,Quercus robur: Fruit and Leaves,Quercus robur: viljad ja lehed,What common oak name refers to its long fruit stalks?,Milline ingliskeelne tamme üldnimetus viitab pikkadele viljavartele?,pedunculate oak,pedunculate oak,,,Its acorns hang on peduncles.,"Ingliskeelne nimetus „pedunculate oak” viitab sellele, et liigi Quercus robur tõrud ripuvad pikkadel viljaraagudel.",Quercus robur — Wikipedia,https://en.wikipedia.org/wiki/Quercus_robur,CC-BY-SA-4.0,2026-08-20,reviewed,true
built-in-science-nature-clue-0480,built-in-science-nature,Science and Nature Pack,built-in-science-nature-set-095,board,round-two,5,medium,plants,Quercus robur: Fruit and Leaves,Quercus robur: viljad ja lehed,What rounded structures occur at the bases of Quercus robur leaves?,Millised ümarad moodustised asuvad Quercus robur’i lehelaba alusel?,auricles,kõrvakesed,,,Small lobes clasp the short petiole.,Väikesed hõlmad ümbritsevad lühikest leherootsu.,Quercus robur — Wikipedia,https://en.wikipedia.org/wiki/Quercus_robur,CC-BY-SA-4.0,2026-08-20,reviewed,true
built-in-science-nature-clue-0481,built-in-science-nature,Science and Nature Pack,built-in-science-nature-set-096,board,round-two,1,hard,plants,Strawberry Floral Anatomy,Maasika õieanatoomia,"Botanically, is a strawberry a true berry?",Kas maasikas on botaaniliselt tõeline mari?,no,ei,,,It is an aggregate accessory fruit.,See on kogulisavili.,Strawberry — Wikipedia,https://en.wikipedia.org/wiki/Strawberry,CC-BY-SA-4.0,2026-08-20,reviewed,true
built-in-science-nature-clue-0482,built-in-science-nature,Science and Nature Pack,built-in-science-nature-set-096,board,round-two,2,hard,plants,Strawberry Floral Anatomy,Maasika õieanatoomia,What word describes a fruit formed from many ovaries of one flower?,Milline sõna kirjeldab ühe õie paljudest sigimikest moodustunud vilja?,aggregate fruit,koguvili,,,Each ovary contributes a small fruitlet.,Iga sigimik annab ühe väikese viljakese.,Strawberry — Wikipedia,https://en.wikipedia.org/wiki/Strawberry,CC-BY-SA-4.0,2026-08-20,reviewed,true
built-in-science-nature-clue-0483,built-in-science-nature,Science and Nature Pack,built-in-science-nature-set-096,board,round-two,3,hard,plants,Strawberry Floral Anatomy,Maasika õieanatoomia,To which plant family do strawberries belong?,Millisesse taimesugukonda maasikad kuuluvad?,rose family,roosõieliste sugukond,Rosaceae,Rosaceae,Fragaria is in Rosaceae.,Perekond Fragaria kuulub sugukonda Rosaceae.,Strawberry — Wikipedia,https://en.wikipedia.org/wiki/Strawberry,CC-BY-SA-4.0,2026-08-20,reviewed,true
built-in-science-nature-clue-0484,built-in-science-nature,Science and Nature Pack,built-in-science-nature-set-096,board,round-two,4,hard,plants,Strawberry Floral Anatomy,Maasika õieanatoomia,What are the seed-like structures on a strawberry’s surface?,Millised on seemnesarnased struktuurid maasika pinnal?,achenes,pähklikesed,,,Each achene is a dry fruit containing one seed.,Iga pähklike on üht seemet sisaldav kuivvili.,Strawberry — Wikipedia,https://en.wikipedia.org/wiki/Strawberry,CC-BY-SA-4.0,2026-08-20,reviewed,true
built-in-science-nature-clue-0485,built-in-science-nature,Science and Nature Pack,built-in-science-nature-set-096,board,round-two,5,hard,plants,Strawberry Floral Anatomy,Maasika õieanatoomia,Which flower part enlarges into most of the red flesh?,Milline õieosa paisub ja moodustab suurema osa punasest viljalihast?,receptacle,õiepõhi,,,The ovaries remain as surface achenes.,Sigimikud jäävad pinnale pähklikestena.,Strawberry — Wikipedia,https://en.wikipedia.org/wiki/Strawberry,CC-BY-SA-4.0,2026-08-20,reviewed,true
built-in-science-nature-clue-0486,built-in-science-nature,Science and Nature Pack,built-in-science-nature-set-097,board,round-two,1,easy,plants,Across Growing Seasons,Kasvuperioodide vältel,What word describes a plant that persists across repeated growing seasons?,"Milline sõna kirjeldab taime, mis püsib mitu kasvuperioodi?",perennial,mitmeaastane,,,Perennials survive beyond a single seasonal cycle and resume growth in later years.,Mitmeaastased taimed elavad kauem kui ühe hooajatsükli ja jätkavad hilisematel aastatel kasvu.,Perennial — Wikipedia,https://en.wikipedia.org/wiki/Perennial,CC-BY-SA-4.0,2026-08-20,reviewed,true
built-in-science-nature-clue-0487,built-in-science-nature,Science and Nature Pack,built-in-science-nature-set-097,board,round-two,2,easy,plants,Across Growing Seasons,Kasvuperioodide vältel,Does perennial necessarily mean evergreen?,Kas mitmeaastane tähendab tingimata igihaljast?,no,ei,,,Many perennials shed leaves or die back seasonally.,Paljud mitmeaastased taimed langetavad lehed või nende maapealsed osad surevad hooajaliselt.,Perennial — Wikipedia,https://en.wikipedia.org/wiki/Perennial,CC-BY-SA-4.0,2026-08-20,reviewed,true
built-in-science-nature-clue-0488,built-in-science-nature,Science and Nature Pack,built-in-science-nature-set-097,board,round-two,3,easy,plants,Across Growing Seasons,Kasvuperioodide vältel,How many growing seasons does a biennial normally require?,Mitu kasvuperioodi vajab kaheaastane taim tavaliselt?,two,kaks,,,"A biennial completes its life cycle across two growing periods, unlike a perennial that persists longer.","Kaheaastane taim läbib kogu elutsükli kahe kasvuperioodi jooksul, erinevalt kauem püsivast mitmeaastasest taimest.",Perennial — Wikipedia,https://en.wikipedia.org/wiki/Perennial,CC-BY-SA-4.0,2026-08-20,reviewed,true
built-in-science-nature-clue-0489,built-in-science-nature,Science and Nature Pack,built-in-science-nature-set-097,board,round-two,4,easy,plants,Across Growing Seasons,Kasvuperioodide vältel,"Can perennial plants be herbaceous, woody, or both?","Kas mitmeaastased taimed võivad olla rohtsed, puitunud või mõlemat tüüpi?",both,mõlemad,,,"Perennial describes longevity, while herbaceous and woody describe growth form; either form can persist for years.","Mitmeaastasus kirjeldab eluiga, rohtsus ja puitumine aga kasvuvormi; mõlemad vormid võivad püsida aastaid.",Perennial — Wikipedia,https://en.wikipedia.org/wiki/Perennial,CC-BY-SA-4.0,2026-08-20,reviewed,true
built-in-science-nature-clue-0490,built-in-science-nature,Science and Nature Pack,built-in-science-nature-set-097,board,round-two,5,easy,plants,Across Growing Seasons,Kasvuperioodide vältel,What resting state helps many perennials survive an unfavourable season?,Milline puhkeseisund aitab paljudel mitmeaastastel taimedel ebasoodsa aastaaja üle elada?,dormancy,puhkeseisund,,,Growth pauses while protected organs persist.,"Kasv peatub, kuid kaitstud elundid jäävad püsima.",Perennial — Wikipedia,https://en.wikipedia.org/wiki/Perennial,CC-BY-SA-4.0,2026-08-20,reviewed,true
built-in-science-nature-clue-0491,built-in-science-nature,Science and Nature Pack,built-in-science-nature-set-098,board,round-two,1,medium,plants,Leaf Pigments and Spectra,Lehepigmendid ja spektrid,Which pigment gives most leaves their green colour?,Milline pigment annab enamikule lehtedele rohelise värvuse?,chlorophyll,klorofüll,,,Chlorophyll reflects more green light than red or blue.,Klorofüll peegeldab rohkem rohelist valgust kui punast või sinist.,Chlorophyll — Wikipedia,https://en.wikipedia.org/wiki/Chlorophyll,CC-BY-SA-4.0,2026-08-20,reviewed,true
built-in-science-nature-clue-0492,built-in-science-nature,Science and Nature Pack,built-in-science-nature-set-098,board,round-two,2,medium,plants,Leaf Pigments and Spectra,Lehepigmendid ja spektrid,In which plant organelles is chlorophyll concentrated?,Millistes taime organellides on klorofüll koondunud?,chloroplasts,kloroplastid,chloroplast,kloroplast,"Within chloroplasts, chlorophyll is concentrated in thylakoid membranes that capture light energy.",Kloroplastides on klorofüll koondunud valgusenergiat püüdvatesse tülakoidimembraanidesse.,Chlorophyll — Wikipedia,https://en.wikipedia.org/wiki/Chlorophyll,CC-BY-SA-4.0,2026-08-20,reviewed,true
built-in-science-nature-clue-0493,built-in-science-nature,Science and Nature Pack,built-in-science-nature-set-098,board,round-two,3,medium,plants,Leaf Pigments and Spectra,Lehepigmendid ja spektrid,Which form of photosynthesis uses chlorophyll pigments?,Milline fotosüntees kasutab klorofüllipigmente?,oxygenic photosynthesis,oksügeenne fotosüntees,oxygen-producing photosynthesis,hapnikku tootev fotosüntees,Chlorophyll pigments absorb light energy for the oxygen-producing form of photosynthesis.,Klorofüllpigmendid neelavad valgusenergiat hapnikku tootvas fotosünteesis.,Chlorophyll — Wikipedia,https://en.wikipedia.org/wiki/Chlorophyll,CC-BY-SA-4.0,2026-08-20,reviewed,true
built-in-science-nature-clue-0494,built-in-science-nature,Science and Nature Pack,built-in-science-nature-set-098,board,round-two,4,medium,plants,Leaf Pigments and Spectra,Lehepigmendid ja spektrid,Which two visible colour regions does chlorophyll absorb strongly?,Milliseid kahte nähtavat värvipiirkonda klorofüll tugevalt neelab?,red and blue,punast ja sinist valguspiirkonda,,,Weak green absorption produces the familiar appearance.,Rohelise valguse nõrk neeldumine annab lehtedele tuttava välimuse.,Chlorophyll — Wikipedia,https://en.wikipedia.org/wiki/Chlorophyll,CC-BY-SA-4.0,2026-08-20,reviewed,true
built-in-science-nature-clue-0495,built-in-science-nature,Science and Nature Pack,built-in-science-nature-set-098,board,round-two,5,medium,plants,Leaf Pigments and Spectra,Lehepigmendid ja spektrid,Which metal ion lies at the centre of a chlorophyll molecule?,Milline metalliioon asub klorofülli molekuli keskel?,magnesium,magneesium,,,Magnesium is coordinated within the porphyrin-like ring.,Magneesium on porfüriinilaadse rõnga keskmes koordinatiivselt seotud.,Chlorophyll — Wikipedia,https://en.wikipedia.org/wiki/Chlorophyll,CC-BY-SA-4.0,2026-08-20,reviewed,true
built-in-science-nature-clue-0496,built-in-science-nature,Science and Nature Pack,built-in-science-nature-set-099,board,round-two,1,hard,plants,Pepper Chemistry and Pungency,Tšillipipra keemia ja tulisus,Plants of which genus produce capsaicin?,Millise perekonna taimed toodavad kapsaitsiini?,Capsicum,Capsicum,,,Capsicum includes the chilli-pepper species that synthesize capsaicinoids in their fruits.,"Capsicum hõlmab tšillipiparde liike, mis sünteesivad viljades kapsaitsinoide.",Capsaicin — Wikipedia,https://en.wikipedia.org/wiki/Capsaicin,CC-BY-SA-4.0,2026-08-20,reviewed,true
built-in-science-nature-clue-0497,built-in-science-nature,Science and Nature Pack,built-in-science-nature-set-099,board,round-two,2,hard,plants,Pepper Chemistry and Pungency,Tšillipipra keemia ja tulisus,Which scale compares chilli-pepper pungency?,Milline skaala võrdleb tšillipiparde tulisust?,Scoville scale,Scoville’i skaala,Scoville test,Scoville’i test,The Scoville scale expresses perceived pungency associated with capsaicinoid concentration.,Scoville’i skaala väljendab kapsaitsinoidide kontsentratsiooniga seotud tajutavat tulisust.,Capsaicin — Wikipedia,https://en.wikipedia.org/wiki/Capsaicin,CC-BY-SA-4.0,2026-08-20,reviewed,true
built-in-science-nature-clue-0498,built-in-science-nature,Science and Nature Pack,built-in-science-nature-set-099,board,round-two,3,hard,plants,Pepper Chemistry and Pungency,Tšillipipra keemia ja tulisus,Which heat-sensing receptor does capsaicin activate?,Milline soojustundlik retseptor kapsaitsiini aktiveerib?,TRPV1,TRPV1,vanilloid receptor 1,vanilloidi retseptor 1,TRPV1 activation opens a cation channel and produces a heat sensation without itself increasing tissue temperature.,"TRPV1 aktiveerimine avab katioonkanali ja tekitab kuumatunde, tõstmata ise koe temperatuuri.",Capsaicin — Wikipedia,https://en.wikipedia.org/wiki/Capsaicin,CC-BY-SA-4.0,2026-08-20,reviewed,true
built-in-science-nature-clue-0499,built-in-science-nature,Science and Nature Pack,built-in-science-nature-set-099,board,round-two,4,hard,plants,Pepper Chemistry and Pungency,Tšillipipra keemia ja tulisus,In which pepper tissue is capsaicin concentrated?,Millises tšillipipra koes on kapsaitsiin koondunud?,placental tissue,seemnekandja kude ehk platsenta,placenta|internal ribs,platsenta|sisemised vaheseinad,"It is produced around the internal ribs, not mainly in seeds.","Seda toodetakse vilja sisemiste vaheseinte ümbruses, mitte peamiselt seemnetes.",Capsaicin — Wikipedia,https://en.wikipedia.org/wiki/Capsaicin,CC-BY-SA-4.0,2026-08-20,reviewed,true
built-in-science-nature-clue-0500,built-in-science-nature,Science and Nature Pack,built-in-science-nature-set-099,board,round-two,5,hard,plants,Pepper Chemistry and Pungency,Tšillipipra keemia ja tulisus,What is capsaicin’s molecular formula?,Mis on kapsaitsiini molekulvalem?,C18H27NO3,C18H27NO3,,,"Capsaicin contains carbon, hydrogen, nitrogen, and oxygen.","Kapsaitsiin sisaldab süsinikku, vesinikku, lämmastikku ja hapnikku.",Capsaicin — Wikipedia,https://en.wikipedia.org/wiki/Capsaicin,CC-BY-SA-4.0,2026-08-20,reviewed,true
