clue_id,pack_id,pack_name,category_set_id,content_kind,round,tier,difficulty,macro_topic,category_name_en,category_name_et,clue_en,clue_et,response_en,response_et,accepted_variants_en,accepted_variants_et,explanation_en,explanation_et,source_title,source_url,source_license,source_retrieved_at,translation_status,enabled
built-in-literature-language-clue-0001,built-in-literature-language,Literature and Language Pack,built-in-literature-language-set-001,board,round-one,1,easy,world-literature,Navigating a Nineteenth-Century Sea Epic,Navigeerimine üheksateistkümnenda sajandi mereeeposes,Which American novelist wrote the 1851 sea novel commonly called “Moby-Dick”?,"Milline Ameerika romaanikirjanik kirjutas 1851. aastal ilmunud mereromaani, mida tuntakse üldiselt pealkirja „Moby-Dick“ all?",Herman Melville,Herman Melville,,,"Published in 1851, the novel grew from Melville’s experience at sea and his knowledge of whaling.",1851. aastal ilmunud romaan põhineb Melville’i meresõidukogemustel ja teadmistel vaalapüügist.,Moby-Dick — Wikipedia revision 1361356191,https://en.wikipedia.org/w/index.php?title=Moby-Dick&oldid=1361356191,CC-BY-SA-4.0,2026-08-21,reviewed,true
built-in-literature-language-clue-0002,built-in-literature-language,Literature and Language Pack,built-in-literature-language-set-001,board,round-one,2,easy,world-literature,Navigating a Nineteenth-Century Sea Epic,Navigeerimine üheksateistkümnenda sajandi mereeeposes,What first name belongs to the sailor who narrates “Moby-Dick”?,Mis on romaani „Moby-Dick“ jutustava meremehe eesnimi?,Ishmael,Ishmael,,,Ishmael narrates the voyage and introduces himself at the novel’s opening.,Ishmael jutustab merereisist ja tutvustab end romaani alguses.,Moby-Dick — Wikipedia revision 1361356191,https://en.wikipedia.org/w/index.php?title=Moby-Dick&oldid=1361356191,CC-BY-SA-4.0,2026-08-21,reviewed,true
built-in-literature-language-clue-0003,built-in-literature-language,Literature and Language Pack,built-in-literature-language-set-001,board,round-one,3,easy,world-literature,Navigating a Nineteenth-Century Sea Epic,Navigeerimine üheksateistkümnenda sajandi mereeeposes,Which captain obsessively pursues the creature at the center of Melville’s 1851 sea novel?,Milline kapten jälitab kinnisideeliselt Melville’i 1851. aasta mereromaani keskmes olevat olendit?,Ahab,Ahab,,,Captain Ahab’s pursuit drives the voyage toward disaster.,Kapten Ahabi jälitusretk viib merereisi katastroofini.,Moby-Dick — Wikipedia revision 1361356191,https://en.wikipedia.org/w/index.php?title=Moby-Dick&oldid=1361356191,CC-BY-SA-4.0,2026-08-21,reviewed,true
built-in-literature-language-clue-0004,built-in-literature-language,Literature and Language Pack,built-in-literature-language-set-001,board,round-one,4,easy,world-literature,Navigating a Nineteenth-Century Sea Epic,Navigeerimine üheksateistkümnenda sajandi mereeeposes,What is the name of the whaling ship on which Ishmael sails?,"Mis nime kannab vaalapüügilaev, millel Ishmael merd sõidab?",Pequod,Pequod,,,The Pequod carries the crew on the hunt at the center of the novel.,Pequod viib meeskonna romaani keskmes olevale jahiretkele.,Moby-Dick — Wikipedia revision 1361356191,https://en.wikipedia.org/w/index.php?title=Moby-Dick&oldid=1361356191,CC-BY-SA-4.0,2026-08-21,reviewed,true
built-in-literature-language-clue-0005,built-in-literature-language,Literature and Language Pack,built-in-literature-language-set-001,board,round-one,5,easy,world-literature,Navigating a Nineteenth-Century Sea Epic,Navigeerimine üheksateistkümnenda sajandi mereeeposes,What shorter title did the first British edition of “Moby-Dick” carry?,Millist lühemat pealkirja kandis „Moby-Dicki“ esimene Briti väljaanne?,The Whale,The Whale,,,The London edition was issued as “The Whale” shortly before the American edition.,Londoni väljaanne ilmus pealkirja „The Whale“ all veidi enne Ameerika väljaannet.,Moby-Dick — Wikipedia revision 1361356191,https://en.wikipedia.org/w/index.php?title=Moby-Dick&oldid=1361356191,CC-BY-SA-4.0,2026-08-21,reviewed,true
built-in-literature-language-clue-0006,built-in-literature-language,Literature and Language Pack,built-in-literature-language-set-002,board,round-one,1,easy,world-literature,Alliances in a Chinese Historical Epic,Liidud Hiina ajaloolises eeposes,This long historical narrative is counted among how many Classic Chinese Novels?,Mitme klassikalise Hiina romaani hulka see pikk ajalooline jutustus kuulub?,Four,Neli,,,It is traditionally grouped with three other works as the Four Classic Chinese Novels.,Traditsiooniliselt rühmitatakse see koos kolme teise teosega neljaks klassikaliseks Hiina romaaniks.,Romance of the Three Kingdoms — Wikipedia revision 1370207459,https://en.wikipedia.org/w/index.php?title=Romance_of_the_Three_Kingdoms&oldid=1370207459,CC-BY-SA-4.0,2026-08-21,reviewed,true
built-in-literature-language-clue-0007,built-in-literature-language,Literature and Language Pack,built-in-literature-language-set-002,board,round-one,2,easy,world-literature,Alliances in a Chinese Historical Epic,Liidud Hiina ajaloolises eeposes,"To which writer is the Chinese historical novel featuring Liu Bei, Guan Yu, and Zhang Fei traditionally attributed?","Millisele kirjanikule omistatakse traditsiooniliselt Hiina ajalooline romaan, milles tegutsevad Liu Bei, Guan Yu ja Zhang Fei?",Luo Guanzhong,Luo Guanzhong,,,The historical novel dramatizes the collapse of the Han dynasty and the rival Three Kingdoms.,Ajalooline romaan dramatiseerib Hani dünastia kokkuvarisemist ja omavahel võistlevaid kolme kuningriiki.,Romance of the Three Kingdoms — Wikipedia revision 1370207459,https://en.wikipedia.org/w/index.php?title=Romance_of_the_Three_Kingdoms&oldid=1370207459,CC-BY-SA-4.0,2026-08-21,reviewed,true
built-in-literature-language-clue-0008,built-in-literature-language,Literature and Language Pack,built-in-literature-language-set-002,board,round-one,3,easy,world-literature,Alliances in a Chinese Historical Epic,Liidud Hiina ajaloolises eeposes,Which Chinese dynasty is collapsing at the start of the historical novel traditionally attributed to Luo Guanzhong?,Milline Hiina dünastia variseb kokku Luo Guanzhongile omistatud ajaloolise romaani alguses?,Han dynasty,Hani dünastia,,,Its action begins amid the decline of the Eastern Han and continues into the Three Kingdoms era.,Tegevus algab Ida-Hani languse ajal ja jätkub kolme kuningriigi ajastul.,Romance of the Three Kingdoms — Wikipedia revision 1370207459,https://en.wikipedia.org/w/index.php?title=Romance_of_the_Three_Kingdoms&oldid=1370207459,CC-BY-SA-4.0,2026-08-21,reviewed,true
built-in-literature-language-clue-0009,built-in-literature-language,Literature and Language Pack,built-in-literature-language-set-002,board,round-one,4,easy,world-literature,Alliances in a Chinese Historical Epic,Liidud Hiina ajaloolises eeposes,"Liu Bei, Guan Yu and Zhang Fei are linked by the Peach Garden oath; which general named Zhao was not one of the three?","Liu Beid, Guan Yud ja Zhang Feid seob virsikuaia vanne. Milline Zhao-nimeline väejuht ei kuulunud nende kolme hulka?",Zhao Yun,Zhao Yun,,,Zhao Yun is a major general in the narrative but not one of the oath’s three sworn brothers.,"Zhao Yun on jutustuse tähtis väejuht, kuid mitte üks kolmest vandevennast.",Romance of the Three Kingdoms — Wikipedia revision 1370207459,https://en.wikipedia.org/w/index.php?title=Romance_of_the_Three_Kingdoms&oldid=1370207459,CC-BY-SA-4.0,2026-08-21,reviewed,true
built-in-literature-language-clue-0010,built-in-literature-language,Literature and Language Pack,built-in-literature-language-set-002,board,round-one,5,easy,world-literature,Alliances in a Chinese Historical Epic,Liidud Hiina ajaloolises eeposes,Which chronicle by Chen Shou supplied major history for “Romance of the Three Kingdoms”?,Milline Chen Shou kroonika oli romaani „Kolme kuningriigi lugu“ oluline ajalooallikas?,Records of the Three Kingdoms,Kolme kuningriigi ülestähendused,,,Chen Shou’s “Records of the Three Kingdoms” is a principal historical source behind the later narrative.,Chen Shou „Kolme kuningriigi ülestähendused“ on hilisema jutustuse üks peamisi ajalooallikaid.,Romance of the Three Kingdoms — Wikipedia revision 1370207459,https://en.wikipedia.org/w/index.php?title=Romance_of_the_Three_Kingdoms&oldid=1370207459,CC-BY-SA-4.0,2026-08-21,reviewed,true
built-in-literature-language-clue-0011,built-in-literature-language,Literature and Language Pack,built-in-literature-language-set-003,board,round-one,1,easy,world-literature,A Danish Tale of Matches and Winter,Taani lugu tikkudest ja talvest,Which Danish writer created “The Little Match Girl”?,Milline Taani kirjanik lõi muinasjutu „Väike tuletikumüüja“?,Hans Christian Andersen,Hans Christian Andersen,,,The tale follows an impoverished child selling matches in winter and blends realism with visionary scenes.,"Lugu jälgib vaest last, kes müüb talvel tikke, ning ühendab realismi nägemuslike stseenidega.",The Little Match Girl — Wikipedia revision 1369282167,https://en.wikipedia.org/w/index.php?title=The_Little_Match_Girl&oldid=1369282167,CC-BY-SA-4.0,2026-08-21,reviewed,true
built-in-literature-language-clue-0012,built-in-literature-language,Literature and Language Pack,built-in-literature-language-set-003,board,round-one,2,easy,world-literature,A Danish Tale of Matches and Winter,Taani lugu tikkudest ja talvest,What term describes “The Little Match Girl” as an authored tale rather than an anonymously transmitted folk narrative?,"Millise terminiga kirjeldatakse „Väikest tuletikumüüjat“, sest see on autorilooming, mitte anonüümselt edasi antud rahvajutt?",A literary fairy tale,Kirjanduslik muinasjutt,,,It is an authored literary fairy tale rather than an anonymously transmitted folk tale.,"See on autori loodud kirjanduslik muinasjutt, mitte anonüümselt edasi antud rahvajutt.",The Little Match Girl — Wikipedia revision 1369282167,https://en.wikipedia.org/w/index.php?title=The_Little_Match_Girl&oldid=1369282167,CC-BY-SA-4.0,2026-08-21,reviewed,true
built-in-literature-language-clue-0013,built-in-literature-language,Literature and Language Pack,built-in-literature-language-set-003,board,round-one,3,easy,world-literature,A Danish Tale of Matches and Winter,Taani lugu tikkudest ja talvest,In what year was “The Little Match Girl” first published?,Mis aastal avaldati „Väike tuletikumüüja“ esimest korda?,1845,1845,,,It appeared in December 1845 in a Danish calendar bearing the publication year 1846.,"See ilmus 1845. aasta detsembris Taani kalendris, millel oli ilmumisaastaks märgitud 1846.",The Little Match Girl — Wikipedia revision 1369282167,https://en.wikipedia.org/w/index.php?title=The_Little_Match_Girl&oldid=1369282167,CC-BY-SA-4.0,2026-08-21,reviewed,true
built-in-literature-language-clue-0014,built-in-literature-language,Literature and Language Pack,built-in-literature-language-set-003,board,round-one,4,easy,world-literature,A Danish Tale of Matches and Winter,Taani lugu tikkudest ja talvest,On the eve of which holiday does the girl try to sell matches?,Millise püha eelõhtul püüab tüdruk tikke müüa?,New Year’s Day,Uusaastapäev,,,The action takes place on a cold New Year’s Eve.,Tegevus toimub külmal vana-aastaõhtul.,The Little Match Girl — Wikipedia revision 1369282167,https://en.wikipedia.org/w/index.php?title=The_Little_Match_Girl&oldid=1369282167,CC-BY-SA-4.0,2026-08-21,reviewed,true
built-in-literature-language-clue-0015,built-in-literature-language,Literature and Language Pack,built-in-literature-language-set-003,board,round-one,5,easy,world-literature,A Danish Tale of Matches and Winter,Taani lugu tikkudest ja talvest,Which Danish title begins “Den Lille Pige” and names the girl carrying matches?,Milline Taani pealkiri algab sõnadega „Den Lille Pige“ ja nimetab tikke kandvat tüdrukut?,Den Lille Pige med Svovlstikkerne,Den Lille Pige med Svovlstikkerne,,,The Danish wording literally identifies the little girl with the matchsticks.,Taanikeelne pealkiri tähendab sõna-sõnalt väikest tüdrukut tikkudega.,The Little Match Girl — Wikipedia revision 1369282167,https://en.wikipedia.org/w/index.php?title=The_Little_Match_Girl&oldid=1369282167,CC-BY-SA-4.0,2026-08-21,reviewed,true
built-in-literature-language-clue-0016,built-in-literature-language,Literature and Language Pack,built-in-literature-language-set-004,board,round-one,1,easy,world-literature,Two Boys Trade Places at a Royal Court,Kaks poissi vahetavad kuningakojas kohad,Which American author wrote a novel about two lookalike boys exchanging places at the court of Henry VIII?,"Milline Ameerika kirjanik kirjutas romaani kahest sarnase välimusega poisist, kes vahetavad Henry VIII õukonnas kohad?",Mark Twain,Mark Twain,,,"Published in 1881, the novel places the boys’ exchange against the court of Henry VIII.",1881. aastal ilmunud romaan asetab poiste kohavahetuse Henry VIII õukonna taustale.,The Prince and the Pauper — Wikipedia revision 1364427191,https://en.wikipedia.org/w/index.php?title=The_Prince_and_the_Pauper&oldid=1364427191,CC-BY-SA-4.0,2026-08-21,reviewed,true
built-in-literature-language-clue-0017,built-in-literature-language,Literature and Language Pack,built-in-literature-language-set-004,board,round-one,2,easy,world-literature,Two Boys Trade Places at a Royal Court,Kaks poissi vahetavad kuningakojas kohad,What is the title of Twain’s novel in which a royal boy and a poor boy exchange clothes and social positions?,"Mis on Twaini romaani pealkiri, milles kuninglik ja vaene poiss vahetavad riided ning ühiskondliku seisuse?",The Prince and the Pauper,Prints ja kerjus,,,“The Prince and the Pauper” names the two social roles exchanged by the boys.,"Pealkiri „Prints ja kerjus“ nimetab kahte ühiskondlikku rolli, mille poisid omavahel vahetavad.",The Prince and the Pauper — Wikipedia revision 1364427191,https://en.wikipedia.org/w/index.php?title=The_Prince_and_the_Pauper&oldid=1364427191,CC-BY-SA-4.0,2026-08-21,reviewed,true
built-in-literature-language-clue-0018,built-in-literature-language,Literature and Language Pack,built-in-literature-language-set-004,board,round-one,3,easy,world-literature,Two Boys Trade Places at a Royal Court,Kaks poissi vahetavad kuningakojas kohad,Which two boys exchange social positions in Twain’s “The Prince and the Pauper”?,Millised kaks poissi vahetavad Twaini romaanis „Prints ja kerjus“ oma ühiskondliku seisuse?,Edward Tudor and Tom Canty,Edward Tudor ja Tom Canty,Edward and Tom|Tom Canty and Edward Tudor,Edward ja Tom|Tom Canty ja Edward Tudor,Prince Edward Tudor and the pauper Tom Canty are mistaken for one another after changing clothes.,Prints Edward Tudorit ja kerjust Tom Cantyt peetakse pärast riiete vahetamist ekslikult teineteiseks.,The Prince and the Pauper — Wikipedia revision 1364427191,https://en.wikipedia.org/w/index.php?title=The_Prince_and_the_Pauper&oldid=1364427191,CC-BY-SA-4.0,2026-08-21,reviewed,true
built-in-literature-language-clue-0019,built-in-literature-language,Literature and Language Pack,built-in-literature-language-set-004,board,round-one,4,easy,world-literature,Two Boys Trade Places at a Royal Court,Kaks poissi vahetavad kuningakojas kohad,What regnal name does the royal boy in Twain’s role-swap novel later use?,Millist valitsejanime kasutab hiljem Twaini kohavahetusromaani kuninglik poiss?,Edward VI,Edward VI,,,The prince is the future King Edward VI of England.,Printsist saab tulevane Inglismaa kuningas Edward VI.,The Prince and the Pauper — Wikipedia revision 1364427191,https://en.wikipedia.org/w/index.php?title=The_Prince_and_the_Pauper&oldid=1364427191,CC-BY-SA-4.0,2026-08-21,reviewed,true
built-in-literature-language-clue-0020,built-in-literature-language,Literature and Language Pack,built-in-literature-language-set-004,board,round-one,5,easy,world-literature,Two Boys Trade Places at a Royal Court,Kaks poissi vahetavad kuningakojas kohad,Which country first published Twain’s role-swap novel in 1881?,Millises riigis avaldati Twaini kohavahetusromaan esimest korda 1881. aastal?,Canada,Kanada,,,The book appeared in Canada in 1881 and in the United States in 1882.,Raamat ilmus Kanadas 1881. aastal ja Ameerika Ühendriikides 1882. aastal.,The Prince and the Pauper — Wikipedia revision 1364427191,https://en.wikipedia.org/w/index.php?title=The_Prince_and_the_Pauper&oldid=1364427191,CC-BY-SA-4.0,2026-08-21,reviewed,true
built-in-literature-language-clue-0021,built-in-literature-language,Literature and Language Pack,built-in-literature-language-set-005,board,round-one,1,easy,world-literature,A Bear Arrives with a Label,"Karu saabub, silt kaelas",Which English author created the marmalade-loving children’s character found by the Brown family at a London station?,"Milline Inglise kirjanik lõi marmelaadi armastava lasteraamatutegelase, kelle Browni pere leiab Londoni raudteejaamast?",Michael Bond,Michael Bond,,,Bond introduced the marmalade-loving bear in the 1958 book “A Bear Called Paddington”.,Bond tutvustas marmelaadi armastavat karu 1958. aasta raamatus „Karu nimega Paddington“.,Paddington Bear — Wikipedia revision 1361307789,https://en.wikipedia.org/w/index.php?title=Paddington_Bear&oldid=1361307789,CC-BY-SA-4.0,2026-08-21,reviewed,true
built-in-literature-language-clue-0022,built-in-literature-language,Literature and Language Pack,built-in-literature-language-set-005,board,round-one,2,easy,world-literature,A Bear Arrives with a Label,"Karu saabub, silt kaelas",In which 1958 book did the bear first appear?,Millises 1958. aasta raamatus ilmus karu esimest korda?,A Bear Called Paddington,Karu nimega Paddington,,,The character debuted in Michael Bond’s “A Bear Called Paddington”.,Tegelane debüteeris Michael Bondi raamatus „Karu nimega Paddington“.,Paddington Bear — Wikipedia revision 1361307789,https://en.wikipedia.org/w/index.php?title=Paddington_Bear&oldid=1361307789,CC-BY-SA-4.0,2026-08-21,reviewed,true
built-in-literature-language-clue-0023,built-in-literature-language,Literature and Language Pack,built-in-literature-language-set-005,board,round-one,3,easy,world-literature,A Bear Arrives with a Label,"Karu saabub, silt kaelas",At which London railway station does the Brown family find him?,Millisest Londoni raudteejaamast Browni pere ta leiab?,Paddington station,Paddingtoni jaam,,,The Browns discover the bear at Paddington station and name him after it.,Brownid leiavad karu Paddingtoni jaamast ja panevad talle selle järgi nime.,Paddington Bear — Wikipedia revision 1361307789,https://en.wikipedia.org/w/index.php?title=Paddington_Bear&oldid=1361307789,CC-BY-SA-4.0,2026-08-21,reviewed,true
built-in-literature-language-clue-0024,built-in-literature-language,Literature and Language Pack,built-in-literature-language-set-005,board,round-one,4,easy,world-literature,A Bear Arrives with a Label,"Karu saabub, silt kaelas",From which South American country has the bear travelled?,Millisest Lõuna-Ameerika riigist on karu pärit?,Peru,Peruu,,,Paddington is described as coming from Peru.,Paddingtoni kirjeldatakse Peruust pärit karuna.,Paddington Bear — Wikipedia revision 1361307789,https://en.wikipedia.org/w/index.php?title=Paddington_Bear&oldid=1361307789,CC-BY-SA-4.0,2026-08-21,reviewed,true
built-in-literature-language-clue-0025,built-in-literature-language,Literature and Language Pack,built-in-literature-language-set-005,board,round-one,5,easy,world-literature,A Bear Arrives with a Label,"Karu saabub, silt kaelas",What request is written on the label attached to the bear when the Browns find him?,"Milline palve on kirjas karu küljes oleval sildil, kui Brownid ta leiavad?",Please look after this bear,Palun hoolitsege selle karu eest,,,"His label asks the finder, “Please look after this bear”.",Sildil palutakse leidjal: „Palun hoolitsege selle karu eest.“,Paddington Bear — Wikipedia revision 1361307789,https://en.wikipedia.org/w/index.php?title=Paddington_Bear&oldid=1361307789,CC-BY-SA-4.0,2026-08-21,reviewed,true
built-in-literature-language-clue-0026,built-in-literature-language,Literature and Language Pack,built-in-literature-language-set-006,board,round-one,1,easy,world-literature,A Long-Running Pirate Manga,Kauaaegne piraadimanga,Which manga artist created “One Piece”?,Milline mangakunstnik lõi „One Piece’i“?,Eiichiro Oda,Eiichiro Oda,,,Eiichiro Oda writes and illustrates the manga series.,Eiichiro Oda kirjutab ja illustreerib seda mangasarja.,One Piece — Wikipedia revision 1370415518,https://en.wikipedia.org/w/index.php?title=One_Piece&oldid=1370415518,CC-BY-SA-4.0,2026-08-21,reviewed,true
built-in-literature-language-clue-0027,built-in-literature-language,Literature and Language Pack,built-in-literature-language-set-006,board,round-one,2,easy,world-literature,A Long-Running Pirate Manga,Kauaaegne piraadimanga,Who is the main pirate protagonist of “One Piece”?,Kes on „One Piece’i“ piraadist peategelane?,Monkey D. Luffy,Monkey D. Luffy,Luffy,Luffy,Luffy’s quest to find the One Piece drives his ambition to become King of the Pirates.,Luffy püüdlus leida One Piece kannustab tema soovi saada piraatide kuningaks.,One Piece — Wikipedia revision 1370415518,https://en.wikipedia.org/w/index.php?title=One_Piece&oldid=1370415518,CC-BY-SA-4.0,2026-08-21,reviewed,true
built-in-literature-language-clue-0028,built-in-literature-language,Literature and Language Pack,built-in-literature-language-set-006,board,round-one,3,easy,world-literature,A Long-Running Pirate Manga,Kauaaegne piraadimanga,Which Japanese magazine began serializing “One Piece” in 1997?,Milline Jaapani ajakiri alustas 1997. aastal „One Piece’i“ järjejutuna avaldamist?,Weekly Shōnen Jump,Weekly Shōnen Jump,Weekly Shonen Jump,Weekly Shonen Jump,The series began in Shueisha’s “Weekly Shōnen Jump” in 1997.,Sari hakkas 1997. aastal ilmuma Shueisha ajakirjas „Weekly Shōnen Jump“.,One Piece — Wikipedia revision 1370415518,https://en.wikipedia.org/w/index.php?title=One_Piece&oldid=1370415518,CC-BY-SA-4.0,2026-08-21,reviewed,true
built-in-literature-language-clue-0029,built-in-literature-language,Literature and Language Pack,built-in-literature-language-set-006,board,round-one,4,easy,world-literature,A Long-Running Pirate Manga,Kauaaegne piraadimanga,What collective name does Luffy’s pirate crew use?,Millist ühisnime kasutab Luffy piraadimeeskond?,Straw Hat Pirates,Õlgkübarapiraadid,Straw Hats,Õlgkübarad,The crew name comes from the straw hat that marks Luffy’s appearance and identity.,"Meeskonna nimi pärineb õlgkübarast, mis on Luffy välimuse ja identiteedi tunnus.",One Piece — Wikipedia revision 1370415518,https://en.wikipedia.org/w/index.php?title=One_Piece&oldid=1370415518,CC-BY-SA-4.0,2026-08-21,reviewed,true
built-in-literature-language-clue-0030,built-in-literature-language,Literature and Language Pack,built-in-literature-language-set-006,board,round-one,5,easy,world-literature,A Long-Running Pirate Manga,Kauaaegne piraadimanga,Which executed Pirate King announces the treasure sought in “One Piece”?,Milline hukatud piraadikuningas kuulutab välja „One Piece’is“ otsitava aarde?,Gol D. Roger,Gol D. Roger,Gold Roger,Gold Roger,Gol D. Roger’s announcement inspires the Great Pirate Era and the search for the One Piece.,Gol D. Rogeri teadaanne käivitab suure piraadiajastu ja One Piece’i otsingud.,One Piece — Wikipedia revision 1370415518,https://en.wikipedia.org/w/index.php?title=One_Piece&oldid=1370415518,CC-BY-SA-4.0,2026-08-21,reviewed,true
built-in-literature-language-clue-0031,built-in-literature-language,Literature and Language Pack,built-in-literature-language-set-007,board,round-one,1,hard,world-literature,A Belgian Reporter in Drawn Adventures,Belgia reporter joonistatud seiklustes,"Which Belgian cartoonist, using a pen name, created “The Adventures of Tintin”?",Milline Belgia karikaturist lõi pseudonüümi all „Tintini seiklused“?,Hergé,Hergé,,,Georges Remi created the series under the pen name Hergé.,Georges Remi lõi sarja pseudonüümi Hergé all.,The Adventures of Tintin — Wikipedia revision 1366341890,https://en.wikipedia.org/w/index.php?title=The_Adventures_of_Tintin&oldid=1366341890,CC-BY-SA-4.0,2026-08-21,reviewed,true
built-in-literature-language-clue-0032,built-in-literature-language,Literature and Language Pack,built-in-literature-language-set-007,board,round-one,2,hard,world-literature,A Belgian Reporter in Drawn Adventures,Belgia reporter joonistatud seiklustes,The young reporter Tintin was created in which European country?,Millises Euroopa riigis loodi noor reporter Tintin?,Belgium,Belgia,,,The comic series originated in Belgium.,Koomiksisari sai alguse Belgias.,The Adventures of Tintin — Wikipedia revision 1366341890,https://en.wikipedia.org/w/index.php?title=The_Adventures_of_Tintin&oldid=1366341890,CC-BY-SA-4.0,2026-08-21,reviewed,true
built-in-literature-language-clue-0033,built-in-literature-language,Literature and Language Pack,built-in-literature-language-set-007,board,round-one,3,hard,world-literature,A Belgian Reporter in Drawn Adventures,Belgia reporter joonistatud seiklustes,What is the English name of Tintin’s white Wire Fox Terrier?,Mis on Tintini valge karmikarvalise foksterjeri ingliskeelne nimi?,Snowy,Snowy,,,Tintin’s dog is called Snowy in English and Milou in French.,Tintini koera nimi on inglise keeles Snowy ja prantsuse keeles Milou.,The Adventures of Tintin — Wikipedia revision 1366341890,https://en.wikipedia.org/w/index.php?title=The_Adventures_of_Tintin&oldid=1366341890,CC-BY-SA-4.0,2026-08-21,reviewed,true
built-in-literature-language-clue-0034,built-in-literature-language,Literature and Language Pack,built-in-literature-language-set-007,board,round-one,4,hard,world-literature,A Belgian Reporter in Drawn Adventures,Belgia reporter joonistatud seiklustes,How many completed albums precede the unfinished “Tintin and Alph-Art”?,Mitu lõpetatud albumit eelneb lõpetamata teosele „Tintin and Alph-Art“?,23,23,,,The series has 23 completed albums; its twenty-fourth title remained unfinished.,Sarjas on 23 lõpetatud albumit; kahekümne neljas teos jäi lõpetamata.,The Adventures of Tintin — Wikipedia revision 1366341890,https://en.wikipedia.org/w/index.php?title=The_Adventures_of_Tintin&oldid=1366341890,CC-BY-SA-4.0,2026-08-21,reviewed,true
built-in-literature-language-clue-0035,built-in-literature-language,Literature and Language Pack,built-in-literature-language-set-007,board,round-one,5,hard,world-literature,A Belgian Reporter in Drawn Adventures,Belgia reporter joonistatud seiklustes,In which newspaper supplement did Tintin first appear in 1929?,Millises ajalehelisas ilmus Tintin esimest korda 1929. aastal?,Le Petit Vingtième,Le Petit Vingtième,,,"Tintin debuted in “Le Petit Vingtième”, the youth supplement of “Le Vingtième Siècle”.",Tintin debüteeris ajalehe „Le Vingtième Siècle“ noortelisas „Le Petit Vingtième“.,The Adventures of Tintin — Wikipedia revision 1366341890,https://en.wikipedia.org/w/index.php?title=The_Adventures_of_Tintin&oldid=1366341890,CC-BY-SA-4.0,2026-08-21,reviewed,true
built-in-literature-language-clue-0036,built-in-literature-language,Literature and Language Pack,built-in-literature-language-set-008,board,round-one,1,hard,world-literature,A Guild Quest in Print,Gildiretk trükis,"Is “Monster Hunter Orage” a prose novel, a manga, or a stage play?","Kas „Monster Hunter Orage“ on proosaromaan, manga või lavastus?",Manga,Manga,,,The work is a Japanese manga series.,Teos on Jaapani mangasari.,Monster Hunter Orage — Wikipedia revision 1354288020,https://en.wikipedia.org/w/index.php?title=Monster_Hunter_Orage&oldid=1354288020,CC-BY-SA-4.0,2026-08-21,reviewed,true
built-in-literature-language-clue-0037,built-in-literature-language,Literature and Language Pack,built-in-literature-language-set-008,board,round-one,2,hard,world-literature,A Guild Quest in Print,Gildiretk trükis,Which artist wrote and illustrated “Monster Hunter Orage”?,Milline kunstnik kirjutas ja illustreeris „Monster Hunter Orage’i“?,Hiro Mashima,Hiro Mashima,,,Hiro Mashima created the manga adaptation.,Hiro Mashima lõi selle mangaadaptsiooni.,Monster Hunter Orage — Wikipedia revision 1354288020,https://en.wikipedia.org/w/index.php?title=Monster_Hunter_Orage&oldid=1354288020,CC-BY-SA-4.0,2026-08-21,reviewed,true
built-in-literature-language-clue-0038,built-in-literature-language,Literature and Language Pack,built-in-literature-language-set-008,board,round-one,3,hard,world-literature,A Guild Quest in Print,Gildiretk trükis,How many collected volumes were published?,Mitu koondköidet avaldati?,Four,Neli,4,4,The serialized chapters were collected into four volumes.,Järjejutuna ilmunud peatükid koondati nelja köitesse.,Monster Hunter Orage — Wikipedia revision 1354288020,https://en.wikipedia.org/w/index.php?title=Monster_Hunter_Orage&oldid=1354288020,CC-BY-SA-4.0,2026-08-21,reviewed,true
built-in-literature-language-clue-0039,built-in-literature-language,Literature and Language Pack,built-in-literature-language-set-008,board,round-one,4,hard,world-literature,A Guild Quest in Print,Gildiretk trükis,During which two years was “Monster Hunter Orage” serialized?,Millistel kahel aastal ilmus „Monster Hunter Orage“ järjejutuna?,2008 and 2009,2008 ja 2009,2008–2009|2008-2009,2008–2009|2008-2009,Serialization ran from April 2008 to May 2009.,Järjejutuna avaldamine kestis 2008. aasta aprillist 2009. aasta maini.,Monster Hunter Orage — Wikipedia revision 1354288020,https://en.wikipedia.org/w/index.php?title=Monster_Hunter_Orage&oldid=1354288020,CC-BY-SA-4.0,2026-08-21,reviewed,true
built-in-literature-language-clue-0040,built-in-literature-language,Literature and Language Pack,built-in-literature-language-set-008,board,round-one,5,hard,world-literature,A Guild Quest in Print,Gildiretk trükis,Which Kodansha magazine serialized “Monster Hunter Orage”?,Milline Kodansha ajakiri avaldas järjejutuna „Monster Hunter Orage’i“?,Monthly Shōnen Rival,Monthly Shōnen Rival,Monthly Shonen Rival,Monthly Shonen Rival,The monthly magazine carried the manga during its 2008–2009 serialization.,See kuukiri avaldas mangat järjejutuna aastatel 2008–2009.,Monster Hunter Orage — Wikipedia revision 1354288020,https://en.wikipedia.org/w/index.php?title=Monster_Hunter_Orage&oldid=1354288020,CC-BY-SA-4.0,2026-08-21,reviewed,true
built-in-literature-language-clue-0041,built-in-literature-language,Literature and Language Pack,built-in-literature-language-set-009,board,round-one,1,hard,world-literature,A Novelist’s Semi-Fictional County,Romaanikirjaniku poolväljamõeldud krahvkond,Which novelist and poet used a semi-fictional version of Dorset and neighboring counties as the setting for much of his fiction?,Milline romaanikirjanik ja luuletaja kasutas suure osa oma ilukirjanduse tegevuspaigana Dorseti ja naaberkrahvkondade poolväljamõeldud versiooni?,Thomas Hardy,Thomas Hardy,,,Thomas Hardy used Wessex as the shared setting for much of his fiction and poetry.,Thomas Hardy kasutas Wessexit suure osa oma ilukirjanduse ja luule ühise tegevuspaigana.,Thomas Hardy's Wessex — Wikipedia revision 1359312307,https://en.wikipedia.org/w/index.php?title=Thomas_Hardy%27s_Wessex&oldid=1359312307,CC-BY-SA-4.0,2026-08-21,reviewed,true
built-in-literature-language-clue-0042,built-in-literature-language,Literature and Language Pack,built-in-literature-language-set-009,board,round-one,2,hard,world-literature,A Novelist’s Semi-Fictional County,Romaanikirjaniku poolväljamõeldud krahvkond,Which part of England corresponds chiefly to Hardy’s semi-fictional region?,Millisele Inglismaa osale vastab peamiselt Hardy poolväljamõeldud piirkond?,Southwest England,Edela-Inglismaa,,,The mapped region covers much of southwest England.,Kaardistatud piirkond hõlmab suurt osa Edela-Inglismaast.,Thomas Hardy's Wessex — Wikipedia revision 1359312307,https://en.wikipedia.org/w/index.php?title=Thomas_Hardy%27s_Wessex&oldid=1359312307,CC-BY-SA-4.0,2026-08-21,reviewed,true
built-in-literature-language-clue-0043,built-in-literature-language,Literature and Language Pack,built-in-literature-language-set-009,board,round-one,3,hard,world-literature,A Novelist’s Semi-Fictional County,Romaanikirjaniku poolväljamõeldud krahvkond,What name did the author of “Tess of the d’Urbervilles” give his semi-fictional county?,Mis nime andis „D’Urberville’ide Tessi“ autor oma poolväljamõeldud krahvkonnale?,Wessex,Wessex,,,Hardy revived the name Wessex for a semi-fictional region in southwest England.,Hardy taaselustas nime Wessex Edela-Inglismaa poolväljamõeldud piirkonna jaoks.,Thomas Hardy's Wessex — Wikipedia revision 1359312307,https://en.wikipedia.org/w/index.php?title=Thomas_Hardy%27s_Wessex&oldid=1359312307,CC-BY-SA-4.0,2026-08-21,reviewed,true
built-in-literature-language-clue-0044,built-in-literature-language,Literature and Language Pack,built-in-literature-language-set-009,board,round-one,4,hard,world-literature,A Novelist’s Semi-Fictional County,Romaanikirjaniku poolväljamõeldud krahvkond,Which real Dorset town is represented by Casterbridge in Hardy’s scheme?,Millist tegelikku Dorseti linna kujutab Hardy süsteemis Casterbridge?,Dorchester,Dorchester,,,"Casterbridge corresponds to Dorchester, where Hardy lived and worked.","Casterbridge vastab Dorchesterile, kus Hardy elas ja töötas.",Thomas Hardy's Wessex — Wikipedia revision 1359312307,https://en.wikipedia.org/w/index.php?title=Thomas_Hardy%27s_Wessex&oldid=1359312307,CC-BY-SA-4.0,2026-08-21,reviewed,true
built-in-literature-language-clue-0045,built-in-literature-language,Literature and Language Pack,built-in-literature-language-set-009,board,round-one,5,hard,world-literature,A Novelist’s Semi-Fictional County,Romaanikirjaniku poolväljamõeldud krahvkond,Hardy borrowed the regional name from which early medieval Anglo-Saxon kingdom?,Milliselt varakeskaegselt anglosaksi kuningriigilt laenas Hardy piirkonna nime?,Kingdom of Wessex,Wessexi kuningriik,,,The fictional region takes its name from the historical Kingdom of Wessex.,Väljamõeldud piirkond sai nime ajaloolise Wessexi kuningriigi järgi.,Thomas Hardy's Wessex — Wikipedia revision 1359312307,https://en.wikipedia.org/w/index.php?title=Thomas_Hardy%27s_Wessex&oldid=1359312307,CC-BY-SA-4.0,2026-08-21,reviewed,true
built-in-literature-language-clue-0046,built-in-literature-language,Literature and Language Pack,built-in-literature-language-set-010,board,round-one,1,hard,world-literature,Two Thinkers Issue a Political Programme,Kaks mõtlejat esitavad poliitilise programmi,Which German thinker is named first as an author of a nineteenth-century political programme whose opening discusses a spectre?,"Milline Saksa mõtleja on nimetatud esimesena üheksateistkümnenda sajandi poliitilise programmi autoriks, mille alguses räägitakse ühest viirastusest?",Karl Marx,Karl Marx,,,Karl Marx co-wrote the pamphlet with Friedrich Engels.,Karl Marx kirjutas brošüüri koos Friedrich Engelsiga.,The Communist Manifesto — Wikipedia revision 1369584744,https://en.wikipedia.org/w/index.php?title=The_Communist_Manifesto&oldid=1369584744,CC-BY-SA-4.0,2026-08-21,reviewed,true
built-in-literature-language-clue-0047,built-in-literature-language,Literature and Language Pack,built-in-literature-language-set-010,board,round-one,2,hard,world-literature,Two Thinkers Issue a Political Programme,Kaks mõtlejat esitavad poliitilise programmi,Who co-wrote the pamphlet with Karl Marx?,Kes kirjutas brošüüri koos Karl Marxiga?,Friedrich Engels,Friedrich Engels,,,Engels collaborated with Marx on the programme issued for the Communist League.,Engels tegi Marxiga koostööd Kommunistide Liidule koostatud programmi kallal.,The Communist Manifesto — Wikipedia revision 1369584744,https://en.wikipedia.org/w/index.php?title=The_Communist_Manifesto&oldid=1369584744,CC-BY-SA-4.0,2026-08-21,reviewed,true
built-in-literature-language-clue-0048,built-in-literature-language,Literature and Language Pack,built-in-literature-language-set-010,board,round-one,3,hard,world-literature,Two Thinkers Issue a Political Programme,Kaks mõtlejat esitavad poliitilise programmi,In what revolutionary European year was the pamphlet first published?,Millisel Euroopa revolutsiooniaastal avaldati brošüür esimest korda?,1848,1848,,,The first edition appeared in February 1848.,Esimene väljaanne ilmus 1848. aasta veebruaris.,The Communist Manifesto — Wikipedia revision 1369584744,https://en.wikipedia.org/w/index.php?title=The_Communist_Manifesto&oldid=1369584744,CC-BY-SA-4.0,2026-08-21,reviewed,true
built-in-literature-language-clue-0049,built-in-literature-language,Literature and Language Pack,built-in-literature-language-set-010,board,round-one,4,hard,world-literature,Two Thinkers Issue a Political Programme,Kaks mõtlejat esitavad poliitilise programmi,Which international organization commissioned “The Communist Manifesto”?,Milline rahvusvaheline organisatsioon tellis „Kommunistliku manifesti“?,Communist League,Kommunistide Liit,,,The Communist League commissioned Marx and Engels to write its programme.,Kommunistide Liit tegi Marxile ja Engelsile ülesandeks kirjutada oma programm.,The Communist Manifesto — Wikipedia revision 1369584744,https://en.wikipedia.org/w/index.php?title=The_Communist_Manifesto&oldid=1369584744,CC-BY-SA-4.0,2026-08-21,reviewed,true
built-in-literature-language-clue-0050,built-in-literature-language,Literature and Language Pack,built-in-literature-language-set-010,board,round-one,5,hard,world-literature,Two Thinkers Issue a Political Programme,Kaks mõtlejat esitavad poliitilise programmi,Which city published the first edition of “The Communist Manifesto”?,Millises linnas avaldati „Kommunistliku manifesti“ esimene trükk?,London,London,,,The German-language first edition was printed in London.,Saksakeelne esmatrükk trükiti Londonis.,The Communist Manifesto — Wikipedia revision 1369584744,https://en.wikipedia.org/w/index.php?title=The_Communist_Manifesto&oldid=1369584744,CC-BY-SA-4.0,2026-08-21,reviewed,true
built-in-literature-language-clue-0051,built-in-literature-language,Literature and Language Pack,built-in-literature-language-set-011,board,round-two,1,easy,authors,A California Writer on the Road,California kirjanik maanteel,Which writer recounted a road journey with his poodle in “Travels with Charley”?,Milline kirjanik jutustas teoses „Travels with Charley“ oma maanteereisist koos puudliga?,John Steinbeck,John Steinbeck,,,Steinbeck described the 1960 trip in “Travels with Charley”.,Steinbeck kirjeldas teoses „Travels with Charley“ oma 1960. aasta reisi.,John Steinbeck — Wikipedia revision 1370452338,https://en.wikipedia.org/w/index.php?title=John_Steinbeck&oldid=1370452338,CC-BY-SA-4.0,2026-08-21,reviewed,true
built-in-literature-language-clue-0052,built-in-literature-language,Literature and Language Pack,built-in-literature-language-set-011,board,round-two,2,easy,authors,A California Writer on the Road,California kirjanik maanteel,Which 1939 Steinbeck novel follows the Joad family during the Great Depression?,Milline Steinbecki 1939. aasta romaan jälgib Joadide perekonda suure depressiooni ajal?,The Grapes of Wrath,Vihakobarad,,,The Joad family’s westward journey anchors Steinbeck’s 1939 novel.,Joadide perekonna teekond läände on Steinbecki 1939. aasta romaani telg.,John Steinbeck — Wikipedia revision 1370452338,https://en.wikipedia.org/w/index.php?title=John_Steinbeck&oldid=1370452338,CC-BY-SA-4.0,2026-08-21,reviewed,true
built-in-literature-language-clue-0053,built-in-literature-language,Literature and Language Pack,built-in-literature-language-set-011,board,round-two,3,easy,authors,A California Writer on the Road,California kirjanik maanteel,In which year did Steinbeck receive the Nobel Prize in Literature?,Mis aastal sai Steinbeck Nobeli kirjandusauhinna?,1962,1962,,,"The Swedish Academy awarded Steinbeck the literature prize late in his career, in 1962.","Rootsi Akadeemia andis Steinbeckile Nobeli kirjandusauhinna tema karjääri lõpuosas, 1962. aastal.",John Steinbeck — Wikipedia revision 1370452338,https://en.wikipedia.org/w/index.php?title=John_Steinbeck&oldid=1370452338,CC-BY-SA-4.0,2026-08-21,reviewed,true
built-in-literature-language-clue-0054,built-in-literature-language,Literature and Language Pack,built-in-literature-language-set-011,board,round-two,4,easy,authors,A California Writer on the Road,California kirjanik maanteel,"What name, borrowed from Don Quixote’s horse, did Steinbeck give his camper truck?",Mis nime pani Steinbeck oma matkaautole Don Quijote hobuse järgi?,Rocinante,Rocinante,,,He named the custom camper Rocinante after Don Quixote’s horse.,Ta nimetas eritellimusel valmistatud matkaauto Don Quijote hobuse järgi Rocinanteks.,John Steinbeck — Wikipedia revision 1370452338,https://en.wikipedia.org/w/index.php?title=John_Steinbeck&oldid=1370452338,CC-BY-SA-4.0,2026-08-21,reviewed,true
built-in-literature-language-clue-0055,built-in-literature-language,Literature and Language Pack,built-in-literature-language-set-011,board,round-two,5,easy,authors,A California Writer on the Road,California kirjanik maanteel,Which marine biologist accompanied Steinbeck on the expedition behind “The Log from the Sea of Cortez”?,"Milline merebioloog osales koos Steinbeckiga ekspeditsioonil, millest sündis „The Log from the Sea of Cortez“?",Ed Ricketts,Ed Ricketts,,,"Steinbeck collaborated with his friend, marine biologist Ed Ricketts.","Steinbeck tegi koostööd oma sõbra, merebioloogi Ed Rickettsiga.",John Steinbeck — Wikipedia revision 1370452338,https://en.wikipedia.org/w/index.php?title=John_Steinbeck&oldid=1370452338,CC-BY-SA-4.0,2026-08-21,reviewed,true
built-in-literature-language-clue-0056,built-in-literature-language,Literature and Language Pack,built-in-literature-language-set-012,board,round-one,1,hard,authors,Prizes and Sea Service of a British Novelist,Briti romaanikirjaniku auhinnad ja mereväeteenistus,Which British novelist wrote “Lord of the Flies”?,Milline Briti romaanikirjanik kirjutas „Kärbeste jumala“?,William Golding,William Golding,,,William Golding wrote the 1954 novel.,William Golding kirjutas selle 1954. aasta romaani.,William Golding — Wikipedia revision 1370098230,https://en.wikipedia.org/w/index.php?title=William_Golding&oldid=1370098230,CC-BY-SA-4.0,2026-08-21,reviewed,true
built-in-literature-language-clue-0057,built-in-literature-language,Literature and Language Pack,built-in-literature-language-set-012,board,round-one,2,hard,authors,Prizes and Sea Service of a British Novelist,Briti romaanikirjaniku auhinnad ja mereväeteenistus,Golding received which international literary prize in 1983?,Millise rahvusvahelise kirjandusauhinna sai Golding 1983. aastal?,Nobel Prize in Literature,Nobeli kirjandusauhind,,,The Swedish Academy awarded Golding the Nobel Prize in Literature in 1983.,Rootsi Akadeemia andis Goldingile 1983. aastal Nobeli kirjandusauhinna.,William Golding — Wikipedia revision 1370098230,https://en.wikipedia.org/w/index.php?title=William_Golding&oldid=1370098230,CC-BY-SA-4.0,2026-08-21,reviewed,true
built-in-literature-language-clue-0058,built-in-literature-language,Literature and Language Pack,built-in-literature-language-set-012,board,round-one,3,hard,authors,Prizes and Sea Service of a British Novelist,Briti romaanikirjaniku auhinnad ja mereväeteenistus,In which branch of Britain’s armed forces did Golding serve during the Second World War?,Millises Suurbritannia relvajõudude harus teenis Golding teise maailmasõja ajal?,Royal Navy,Kuninglik merevägi,,,His wartime naval service included participation in operations connected with the Normandy landings.,Tema sõjaaegne mereväeteenistus hõlmas osalemist Normandia dessandiga seotud operatsioonides.,William Golding — Wikipedia revision 1370098230,https://en.wikipedia.org/w/index.php?title=William_Golding&oldid=1370098230,CC-BY-SA-4.0,2026-08-21,reviewed,true
built-in-literature-language-clue-0059,built-in-literature-language,Literature and Language Pack,built-in-literature-language-set-012,board,round-one,4,hard,authors,Prizes and Sea Service of a British Novelist,Briti romaanikirjaniku auhinnad ja mereväeteenistus,Which Golding novel won the Booker Prize in 1980?,Milline Goldingi romaan võitis 1980. aastal Bookeri auhinna?,Rites of Passage,Rites of Passage,,,The Booker-winning novel opens the sea trilogy later collected as “To the Ends of the Earth”.,"Bookeri auhinna võitnud romaan avab meretriloogia, mis koondati hiljem pealkirja „To the Ends of the Earth“ alla.",William Golding — Wikipedia revision 1370098230,https://en.wikipedia.org/w/index.php?title=William_Golding&oldid=1370098230,CC-BY-SA-4.0,2026-08-21,reviewed,true
built-in-literature-language-clue-0060,built-in-literature-language,Literature and Language Pack,built-in-literature-language-set-012,board,round-one,5,hard,authors,Prizes and Sea Service of a British Novelist,Briti romaanikirjaniku auhinnad ja mereväeteenistus,“Rites of Passage” begins which sea trilogy by Golding?,Millise Goldingi meretriloogia avab „Rites of Passage“?,To the Ends of the Earth,To the Ends of the Earth,,,The trilogy follows Edmund Talbot’s sea journey across three linked novels.,Triloogia jälgib Edmund Talboti merereisi kolmes omavahel seotud romaanis.,William Golding — Wikipedia revision 1370098230,https://en.wikipedia.org/w/index.php?title=William_Golding&oldid=1370098230,CC-BY-SA-4.0,2026-08-21,reviewed,true
built-in-literature-language-clue-0061,built-in-literature-language,Literature and Language Pack,built-in-literature-language-set-013,board,round-one,1,medium,authors,A Spy Novelist Writes Beyond Espionage,Spiooniromaanide autor kirjutab ka muust,Which author created the secret agent James Bond?,Milline autor lõi salaagent James Bondi?,Ian Fleming,Ian Fleming,,,Ian Fleming created James Bond for a series of spy novels.,Ian Fleming lõi James Bondi oma spiooniromaanide sarja jaoks.,Ian Fleming — Wikipedia revision 1367342881,https://en.wikipedia.org/w/index.php?title=Ian_Fleming&oldid=1367342881,CC-BY-SA-4.0,2026-08-21,reviewed,true
built-in-literature-language-clue-0062,built-in-literature-language,Literature and Language Pack,built-in-literature-language-set-013,board,round-one,2,medium,authors,A Spy Novelist Writes Beyond Espionage,Spiooniromaanide autor kirjutab ka muust,Which children’s book about a magical car was written by the same novelist?,Millise võluautost rääkiva lasteraamatu kirjutas sama romaanikirjanik?,Chitty-Chitty-Bang-Bang,Chitty-Chitty-Bang-Bang,,,The magical-car story grew from tales Fleming told his son and was published after Fleming’s death.,"Võluauto lugu kasvas välja juttudest, mida Fleming oma pojale rääkis, ning avaldati pärast Flemingi surma.",Ian Fleming — Wikipedia revision 1367342881,https://en.wikipedia.org/w/index.php?title=Ian_Fleming&oldid=1367342881,CC-BY-SA-4.0,2026-08-21,reviewed,true
built-in-literature-language-clue-0063,built-in-literature-language,Literature and Language Pack,built-in-literature-language-set-013,board,round-one,3,medium,authors,A Spy Novelist Writes Beyond Espionage,Spiooniromaanide autor kirjutab ka muust,Fleming worked for which British intelligence division during the Second World War?,Millises Briti luureüksuses töötas Fleming teise maailmasõja ajal?,Naval Intelligence Division,Mereväeluure osakond,,,He served as assistant to the director of the Royal Navy’s Naval Intelligence Division.,Ta teenis Kuningliku Mereväe mereväeluure osakonna direktori abina.,Ian Fleming — Wikipedia revision 1367342881,https://en.wikipedia.org/w/index.php?title=Ian_Fleming&oldid=1367342881,CC-BY-SA-4.0,2026-08-21,reviewed,true
built-in-literature-language-clue-0064,built-in-literature-language,Literature and Language Pack,built-in-literature-language-set-013,board,round-one,4,medium,authors,A Spy Novelist Writes Beyond Espionage,Spiooniromaanide autor kirjutab ka muust,"What name did Fleming give his Jamaican estate, later borrowed by a film studio?","Mis nime pani Fleming oma Jamaica valdusele, mille nime laenas hiljem filmistuudio?",Goldeneye,Goldeneye,,,Fleming built and named the estate Goldeneye in Jamaica.,Fleming rajas Jamaical valduse ja pani sellele nimeks Goldeneye.,Ian Fleming — Wikipedia revision 1367342881,https://en.wikipedia.org/w/index.php?title=Ian_Fleming&oldid=1367342881,CC-BY-SA-4.0,2026-08-21,reviewed,true
built-in-literature-language-clue-0065,built-in-literature-language,Literature and Language Pack,built-in-literature-language-set-013,board,round-one,5,medium,authors,A Spy Novelist Writes Beyond Espionage,Spiooniromaanide autor kirjutab ka muust,At which British newspaper did Fleming become foreign manager after the war?,Millises Briti ajalehes sai Fleming pärast sõda välisuudiste juhiks?,The Sunday Times,The Sunday Times,,,The newspaper role put Fleming in charge of its network of foreign correspondents.,Selles ametis juhtis Fleming ajalehe väliskorrespondentide võrgustikku.,Ian Fleming — Wikipedia revision 1367342881,https://en.wikipedia.org/w/index.php?title=Ian_Fleming&oldid=1367342881,CC-BY-SA-4.0,2026-08-21,reviewed,true
built-in-literature-language-clue-0066,built-in-literature-language,Literature and Language Pack,built-in-literature-language-set-014,board,round-two,1,easy,authors,A Career Before and After a Young Wizard,Karjäär enne ja pärast noort võlurit,Which British novelist authored the seven main “Harry Potter” books?,Milline Briti romaanikirjanik kirjutas seitse peamist „Harry Potteri“ raamatut?,J. K. Rowling,J. K. Rowling,JK Rowling|Joanne Rowling,JK Rowling|Joanne Rowling,J. K. Rowling wrote the “Harry Potter” fantasy series.,J. K. Rowling kirjutas „Harry Potteri“ fantaasiasarja.,J. K. Rowling — Wikipedia revision 1369864405,https://en.wikipedia.org/w/index.php?title=J._K._Rowling&oldid=1369864405,CC-BY-SA-4.0,2026-08-21,reviewed,true
built-in-literature-language-clue-0067,built-in-literature-language,Literature and Language Pack,built-in-literature-language-set-014,board,round-two,2,easy,authors,A Career Before and After a Young Wizard,Karjäär enne ja pärast noort võlurit,Under what pen name does Rowling publish the Cormoran Strike crime novels?,Millise pseudonüümi all avaldab Rowling Cormoran Strike’i kriminaalromaane?,Robert Galbraith,Robert Galbraith,,,Rowling uses Robert Galbraith for the Cormoran Strike series.,Rowling kasutab Cormoran Strike’i sarja puhul nime Robert Galbraith.,J. K. Rowling — Wikipedia revision 1369864405,https://en.wikipedia.org/w/index.php?title=J._K._Rowling&oldid=1369864405,CC-BY-SA-4.0,2026-08-21,reviewed,true
built-in-literature-language-clue-0068,built-in-literature-language,Literature and Language Pack,built-in-literature-language-set-014,board,round-two,3,easy,authors,A Career Before and After a Young Wizard,Karjäär enne ja pärast noort võlurit,What was the title of Rowling’s first novel for adult readers?,Mis oli Rowlingi esimese täiskasvanutele mõeldud romaani pealkiri?,The Casual Vacancy,Ootamatu võimalus,,,“The Casual Vacancy” was her first novel marketed for adults.,„Ootamatu võimalus“ oli tema esimene täiskasvanutele turundatud romaan.,J. K. Rowling — Wikipedia revision 1369864405,https://en.wikipedia.org/w/index.php?title=J._K._Rowling&oldid=1369864405,CC-BY-SA-4.0,2026-08-21,reviewed,true
built-in-literature-language-clue-0069,built-in-literature-language,Literature and Language Pack,built-in-literature-language-set-014,board,round-two,4,easy,authors,A Career Before and After a Young Wizard,Karjäär enne ja pärast noort võlurit,In which English county was Rowling born?,Millises Inglismaa krahvkonnas Rowling sündis?,Gloucestershire,Gloucestershire,,,"Rowling was born in Yate, Gloucestershire.",Rowling sündis Gloucestershire’i krahvkonnas Yate’is.,J. K. Rowling — Wikipedia revision 1369864405,https://en.wikipedia.org/w/index.php?title=J._K._Rowling&oldid=1369864405,CC-BY-SA-4.0,2026-08-21,reviewed,true
built-in-literature-language-clue-0070,built-in-literature-language,Literature and Language Pack,built-in-literature-language-set-014,board,round-two,5,easy,authors,A Career Before and After a Young Wizard,Karjäär enne ja pärast noort võlurit,"At the University of Exeter, Rowling studied French and which classical field?",Millist klassikalist eriala õppis Rowling Exeteri ülikoolis koos prantsuse keelega?,Classics,Klassikaline filoloogia,,,Her degree combined French and Classics.,Tema õppekava ühendas prantsuse keele ja klassikalise filoloogia.,J. K. Rowling — Wikipedia revision 1369864405,https://en.wikipedia.org/w/index.php?title=J._K._Rowling&oldid=1369864405,CC-BY-SA-4.0,2026-08-21,reviewed,true
built-in-literature-language-clue-0071,built-in-literature-language,Literature and Language Pack,built-in-literature-language-set-015,board,round-one,1,medium,authors,Subjective Reporting and a Las Vegas Chronicle,Subjektiivne reportaaž ja Las Vegase kroonika,Who wrote “Fear and Loathing in Las Vegas”?,Kes kirjutas „Hirm ja jälestus Las Vegases“?,Hunter S. Thompson,Hunter S. Thompson,,,"Hunter S. Thompson wrote the book, first serialized in 1971.","Hunter S. Thompson kirjutas raamatu, mis ilmus esimest korda järjejutuna 1971. aastal.",Hunter S. Thompson — Wikipedia revision 1370089444,https://en.wikipedia.org/w/index.php?title=Hunter_S._Thompson&oldid=1370089444,CC-BY-SA-4.0,2026-08-21,reviewed,true
built-in-literature-language-clue-0072,built-in-literature-language,Literature and Language Pack,built-in-literature-language-set-015,board,round-one,2,medium,authors,Subjective Reporting and a Las Vegas Chronicle,Subjektiivne reportaaž ja Las Vegase kroonika,What name is given to the subjective reporting style closely associated with Thompson?,Kuidas nimetatakse Thompsoniga tihedalt seotud subjektiivset reportaažistiili?,Gonzo journalism,gonzo-ajakirjandus,,,Thompson became the leading figure associated with Gonzo journalism.,Thompsonist sai gonzo-ajakirjanduse tuntuim esindaja.,Hunter S. Thompson — Wikipedia revision 1370089444,https://en.wikipedia.org/w/index.php?title=Hunter_S._Thompson&oldid=1370089444,CC-BY-SA-4.0,2026-08-21,reviewed,true
built-in-literature-language-clue-0073,built-in-literature-language,Literature and Language Pack,built-in-literature-language-set-015,board,round-one,3,medium,authors,Subjective Reporting and a Las Vegas Chronicle,Subjektiivne reportaaž ja Las Vegase kroonika,In which Kentucky city was Thompson born?,Millises Kentucky linnas Thompson sündis?,Louisville,Louisville,,,"Born in Louisville in 1937, Thompson later made the city the starting point of his biography.","Thompson sündis 1937. aastal Louisville’is, millest sai hiljem tema eluloo lähtepunkt.",Hunter S. Thompson — Wikipedia revision 1370089444,https://en.wikipedia.org/w/index.php?title=Hunter_S._Thompson&oldid=1370089444,CC-BY-SA-4.0,2026-08-21,reviewed,true
built-in-literature-language-clue-0074,built-in-literature-language,Literature and Language Pack,built-in-literature-language-set-015,board,round-one,4,medium,authors,Subjective Reporting and a Las Vegas Chronicle,Subjektiivne reportaaž ja Las Vegase kroonika,Which United States presidential campaign did Thompson cover in a book subtitled “On the Campaign Trail ’72”?,Millist USA presidendikampaaniat käsitles Thompson raamatus alapealkirjaga „On the Campaign Trail ’72“?,The 1972 presidential campaign,1972. aasta presidendikampaania,1972 U.S. presidential campaign,1972. aasta USA presidendikampaania,His Rolling Stone reporting on the 1972 campaign became a book.,Tema Rolling Stone’i reportaažid 1972. aasta kampaaniast said raamatuks.,Hunter S. Thompson — Wikipedia revision 1370089444,https://en.wikipedia.org/w/index.php?title=Hunter_S._Thompson&oldid=1370089444,CC-BY-SA-4.0,2026-08-21,reviewed,true
built-in-literature-language-clue-0075,built-in-literature-language,Literature and Language Pack,built-in-literature-language-set-015,board,round-one,5,medium,authors,Subjective Reporting and a Las Vegas Chronicle,Subjektiivne reportaaž ja Las Vegase kroonika,Which newspaper sent Thompson to South America as a correspondent in the early 1960s?,Milline ajaleht saatis Thompsoni 1960. aastate alguses korrespondendina Lõuna-Ameerikasse?,National Observer,National Observer,,,He worked as a South American correspondent for the “National Observer”.,Ta töötas ajalehe „National Observer“ Lõuna-Ameerika korrespondendina.,Hunter S. Thompson — Wikipedia revision 1370089444,https://en.wikipedia.org/w/index.php?title=Hunter_S._Thompson&oldid=1370089444,CC-BY-SA-4.0,2026-08-21,reviewed,true
built-in-literature-language-clue-0076,built-in-literature-language,Literature and Language Pack,built-in-literature-language-set-016,board,round-two,1,easy,authors,Radicals and Romantics in One Literary Family,Radikaalid ja romantikud ühes kirjandusperes,Who was the original author of “Frankenstein”?,Kes oli „Frankensteini“ algne autor?,Mary Shelley,Mary Shelley,Mary Wollstonecraft Shelley,Mary Wollstonecraft Shelley,"Mary Shelley wrote “Frankenstein; or, The Modern Prometheus”.",Mary Shelley kirjutas „Frankensteini ehk moodsa Prometheuse“.,Mary Shelley — Wikipedia revision 1362405646,https://en.wikipedia.org/w/index.php?title=Mary_Shelley&oldid=1362405646,CC-BY-SA-4.0,2026-08-21,reviewed,true
built-in-literature-language-clue-0077,built-in-literature-language,Literature and Language Pack,built-in-literature-language-set-016,board,round-two,2,easy,authors,Radicals and Romantics in One Literary Family,Radikaalid ja romantikud ühes kirjandusperes,Which Romantic poet became Mary Shelley’s husband?,Millisest romantismi poeedist sai Mary Shelley abikaasa?,Percy Bysshe Shelley,Percy Bysshe Shelley,Percy Shelley,Percy Shelley,Percy and Mary married in 1816 after the death of Percy’s first wife.,Percy ja Mary abiellusid 1816. aastal pärast Percy esimese abikaasa surma.,Mary Shelley — Wikipedia revision 1362405646,https://en.wikipedia.org/w/index.php?title=Mary_Shelley&oldid=1362405646,CC-BY-SA-4.0,2026-08-21,reviewed,true
built-in-literature-language-clue-0078,built-in-literature-language,Literature and Language Pack,built-in-literature-language-set-016,board,round-two,3,easy,authors,Radicals and Romantics in One Literary Family,Radikaalid ja romantikud ühes kirjandusperes,Which pioneering writer of “A Vindication of the Rights of Woman” was Shelley’s mother?,Milline teose „A Vindication of the Rights of Woman“ teedrajav autor oli Shelley ema?,Mary Wollstonecraft,Mary Wollstonecraft,,,Mary Shelley was the daughter of philosopher and writer Mary Wollstonecraft.,Mary Shelley oli filosoofi ja kirjaniku Mary Wollstonecrafti tütar.,Mary Shelley — Wikipedia revision 1362405646,https://en.wikipedia.org/w/index.php?title=Mary_Shelley&oldid=1362405646,CC-BY-SA-4.0,2026-08-21,reviewed,true
built-in-literature-language-clue-0079,built-in-literature-language,Literature and Language Pack,built-in-literature-language-set-016,board,round-two,4,easy,authors,Radicals and Romantics in One Literary Family,Radikaalid ja romantikud ühes kirjandusperes,Which 1826 Shelley novel imagines the last surviving human after a future plague?,Milline Shelley 1826. aasta romaan kujutab viimast ellujäänud inimest pärast tulevast katku?,The Last Man,The Last Man,,,“The Last Man” is her apocalyptic novel published in 1826.,„The Last Man“ on tema 1826. aastal avaldatud apokalüptiline romaan.,Mary Shelley — Wikipedia revision 1362405646,https://en.wikipedia.org/w/index.php?title=Mary_Shelley&oldid=1362405646,CC-BY-SA-4.0,2026-08-21,reviewed,true
built-in-literature-language-clue-0080,built-in-literature-language,Literature and Language Pack,built-in-literature-language-set-016,board,round-two,5,easy,authors,Radicals and Romantics in One Literary Family,Radikaalid ja romantikud ühes kirjandusperes,What title did Shelley give her account of travels in Germany and Italy published in 1844?,Millise pealkirja andis Shelley oma 1844. aastal avaldatud Saksamaa- ja Itaalia-reiside kirjeldusele?,Rambles in Germany and Italy,Rambles in Germany and Italy,,,Her 1844 travel narrative is “Rambles in Germany and Italy”.,Tema 1844. aasta reisijutustus kannab pealkirja „Rambles in Germany and Italy“.,Mary Shelley — Wikipedia revision 1362405646,https://en.wikipedia.org/w/index.php?title=Mary_Shelley&oldid=1362405646,CC-BY-SA-4.0,2026-08-21,reviewed,true
built-in-literature-language-clue-0081,built-in-literature-language,Literature and Language Pack,built-in-literature-language-set-017,board,round-one,1,medium,authors,A Picture-Book Artist’s Other Worlds,Pildiraamatukunstniku teised maailmad,Which picture book made Maurice Sendak especially famous?,Milline pildiraamat tegi Maurice Sendaki eriti kuulsaks?,Where the Wild Things Are,Kus elavad metsakollid,,,Sendak wrote and illustrated “Where the Wild Things Are”.,Sendak kirjutas ja illustreeris raamatu „Kus elavad metsakollid“.,Maurice Sendak — Wikipedia revision 1368676305,https://en.wikipedia.org/w/index.php?title=Maurice_Sendak&oldid=1368676305,CC-BY-SA-4.0,2026-08-21,reviewed,true
built-in-literature-language-clue-0082,built-in-literature-language,Literature and Language Pack,built-in-literature-language-set-017,board,round-one,2,medium,authors,A Picture-Book Artist’s Other Worlds,Pildiraamatukunstniku teised maailmad,Which Sendak picture book follows a child named Mickey through a surreal bakery?,Milline Sendaki pildiraamat jälgib Mickey-nimelist last sürrealistlikus pagarikojas?,In the Night Kitchen,Öököögis,,,“In the Night Kitchen” is another book written and illustrated by Sendak.,„Öököögis“ on veel üks Sendaki kirjutatud ja illustreeritud raamat.,Maurice Sendak — Wikipedia revision 1368676305,https://en.wikipedia.org/w/index.php?title=Maurice_Sendak&oldid=1368676305,CC-BY-SA-4.0,2026-08-21,reviewed,true
built-in-literature-language-clue-0083,built-in-literature-language,Literature and Language Pack,built-in-literature-language-set-017,board,round-one,3,medium,authors,A Picture-Book Artist’s Other Worlds,Pildiraamatukunstniku teised maailmad,In which New York City borough was Sendak born?,Millises New Yorgi linnaosas Sendak sündis?,Brooklyn,Brooklyn,,,Sendak was born in Brooklyn to Polish-Jewish immigrant parents.,Sendak sündis Brooklynis Poola juudi päritolu sisserändajate peres.,Maurice Sendak — Wikipedia revision 1368676305,https://en.wikipedia.org/w/index.php?title=Maurice_Sendak&oldid=1368676305,CC-BY-SA-4.0,2026-08-21,reviewed,true
built-in-literature-language-clue-0084,built-in-literature-language,Literature and Language Pack,built-in-literature-language-set-017,board,round-one,4,medium,authors,A Picture-Book Artist’s Other Worlds,Pildiraamatukunstniku teised maailmad,Sendak illustrated the “Little Bear” books written by which author?,Millise autori kirjutatud „Väikese karu“ raamatuid Sendak illustreeris?,Else Holmelund Minarik,Else Holmelund Minarik,,,Else Holmelund Minarik wrote the “Little Bear” series illustrated by Sendak.,Else Holmelund Minarik kirjutas Sendaki illustreeritud „Väikese karu“ sarja.,Maurice Sendak — Wikipedia revision 1368676305,https://en.wikipedia.org/w/index.php?title=Maurice_Sendak&oldid=1368676305,CC-BY-SA-4.0,2026-08-21,reviewed,true
built-in-literature-language-clue-0085,built-in-literature-language,Literature and Language Pack,built-in-literature-language-set-017,board,round-one,5,medium,authors,A Picture-Book Artist’s Other Worlds,Pildiraamatukunstniku teised maailmad,Sendak designed sets and costumes for a 1980 production of which Mozart opera?,Millise Mozarti ooperi 1980. aasta lavastusele kujundas Sendak dekoratsioonid ja kostüümid?,The Magic Flute,Võluflööt,,,The opera project extended Sendak’s visual storytelling from picture books into stage design.,Ooperiprojekt viis Sendaki visuaalse jutustamise pildiraamatutest lavakujundusse.,Maurice Sendak — Wikipedia revision 1368676305,https://en.wikipedia.org/w/index.php?title=Maurice_Sendak&oldid=1368676305,CC-BY-SA-4.0,2026-08-21,reviewed,true
built-in-literature-language-clue-0086,built-in-literature-language,Literature and Language Pack,built-in-literature-language-set-018,board,round-two,1,hard,authors,Evans Publishes Under Another Name,Evans avaldab teise nime all,What pen name did novelist Mary Ann Evans use?,Millist pseudonüümi kasutas romaanikirjanik Mary Ann Evans?,George Eliot,George Eliot,,,Mary Ann Evans published fiction under the name George Eliot.,Mary Ann Evans avaldas ilukirjandust George Elioti nime all.,George Eliot — Wikipedia revision 1364793655,https://en.wikipedia.org/w/index.php?title=George_Eliot&oldid=1364793655,CC-BY-SA-4.0,2026-08-21,reviewed,true
built-in-literature-language-clue-0087,built-in-literature-language,Literature and Language Pack,built-in-literature-language-set-018,board,round-two,2,hard,authors,Evans Publishes Under Another Name,Evans avaldab teise nime all,Which Eliot novel is subtitled “A Study of Provincial Life”?,Milline Elioti romaan kannab alapealkirja „A Study of Provincial Life“?,Middlemarch,Middlemarch,,,“Middlemarch” carries the subtitle “A Study of Provincial Life”.,„Middlemarch“ kannab alapealkirja „A Study of Provincial Life“.,George Eliot — Wikipedia revision 1364793655,https://en.wikipedia.org/w/index.php?title=George_Eliot&oldid=1364793655,CC-BY-SA-4.0,2026-08-21,reviewed,true
built-in-literature-language-clue-0088,built-in-literature-language,Literature and Language Pack,built-in-literature-language-set-018,board,round-two,3,hard,authors,Evans Publishes Under Another Name,Evans avaldab teise nime all,Which Eliot novel centers on siblings Tom and Maggie Tulliver?,Milline Elioti romaan keskendub õele ja vennale Maggie ning Tom Tulliverile?,The Mill on the Floss,Veski Flossi jõel,,,The 1860 novel follows the Tulliver siblings at Dorlcote Mill and draws on Eliot’s Midlands childhood.,1860. aasta romaan jälgib Tulliveride õde-venda Dorlcote’i veskis ning tugineb Elioti lapsepõlvele Midlandsi piirkonnas.,George Eliot — Wikipedia revision 1364793655,https://en.wikipedia.org/w/index.php?title=George_Eliot&oldid=1364793655,CC-BY-SA-4.0,2026-08-21,reviewed,true
built-in-literature-language-clue-0089,built-in-literature-language,Literature and Language Pack,built-in-literature-language-set-018,board,round-two,4,hard,authors,Evans Publishes Under Another Name,Evans avaldab teise nime all,What is the surname of the linen weaver who gives his name to an 1861 Eliot novel?,Mis on 1861. aasta Elioti romaanile nime andva linakuduja perekonnanimi?,Marner,Marner,,,Silas Marner is the title character of Eliot’s 1861 novel.,Silas Marner on Elioti 1861. aasta romaani nimitegelane.,George Eliot — Wikipedia revision 1364793655,https://en.wikipedia.org/w/index.php?title=George_Eliot&oldid=1364793655,CC-BY-SA-4.0,2026-08-21,reviewed,true
built-in-literature-language-clue-0090,built-in-literature-language,Literature and Language Pack,built-in-literature-language-set-018,board,round-two,5,hard,authors,Evans Publishes Under Another Name,Evans avaldab teise nime all,Eliot served as de facto editor of which intellectual journal in the early 1850s?,Millise intellektuaalse ajakirja tegelik toimetaja oli Eliot 1850. aastate alguses?,The Westminster Review,The Westminster Review,,,Evans worked as assistant editor and effectively ran much of “The Westminster Review”.,Evans töötas abitoimetajana ja juhtis tegelikult suurt osa ajakirja „The Westminster Review“ tööst.,George Eliot — Wikipedia revision 1364793655,https://en.wikipedia.org/w/index.php?title=George_Eliot&oldid=1364793655,CC-BY-SA-4.0,2026-08-21,reviewed,true
built-in-literature-language-clue-0091,built-in-literature-language,Literature and Language Pack,built-in-literature-language-set-019,board,round-two,1,hard,authors,A Playwright Across Stage and Screen,Näitekirjanik laval ja ekraanil,Who wrote the play cycle “Angels in America”?,Kes kirjutas näidenditsükli „Angels in America“?,Tony Kushner,Tony Kushner,,,The two-part drama comprises “Millennium Approaches” and “Perestroika”.,Kaheosaline draama koosneb osadest „Millennium Approaches“ ja „Perestroika“.,Tony Kushner — Wikipedia revision 1365846454,https://en.wikipedia.org/w/index.php?title=Tony_Kushner&oldid=1365846454,CC-BY-SA-4.0,2026-08-21,reviewed,true
built-in-literature-language-clue-0092,built-in-literature-language,Literature and Language Pack,built-in-literature-language-set-019,board,round-two,2,hard,authors,A Playwright Across Stage and Screen,Näitekirjanik laval ja ekraanil,Which major American drama prize did “Millennium Approaches” receive in 1993?,Millise tähtsa Ameerika draamaauhinna sai „Millennium Approaches“ 1993. aastal?,Pulitzer Prize for Drama,Pulitzeri draamaauhind,Pulitzer Prize,Pulitzeri auhind,The first part of “Angels in America” won the 1993 Pulitzer Prize for Drama.,„Angels in America“ esimene osa võitis 1993. aasta Pulitzeri draamaauhinna.,Tony Kushner — Wikipedia revision 1365846454,https://en.wikipedia.org/w/index.php?title=Tony_Kushner&oldid=1365846454,CC-BY-SA-4.0,2026-08-21,reviewed,true
built-in-literature-language-clue-0093,built-in-literature-language,Literature and Language Pack,built-in-literature-language-set-019,board,round-two,3,hard,authors,A Playwright Across Stage and Screen,Näitekirjanik laval ja ekraanil,What is the subtitle of the second part of “Angels in America”?,Mis on „Angels in America“ teise osa alapealkiri?,Perestroika,Perestroika,,,The two parts are “Millennium Approaches” and “Perestroika”.,Kaks osa on „Millennium Approaches“ ja „Perestroika“.,Tony Kushner — Wikipedia revision 1365846454,https://en.wikipedia.org/w/index.php?title=Tony_Kushner&oldid=1365846454,CC-BY-SA-4.0,2026-08-21,reviewed,true
built-in-literature-language-clue-0094,built-in-literature-language,Literature and Language Pack,built-in-literature-language-set-019,board,round-two,4,hard,authors,A Playwright Across Stage and Screen,Näitekirjanik laval ja ekraanil,Which one-word 2012 Spielberg film had a screenplay by Kushner?,Millise ühesõnalise 2012. aasta Spielbergi filmi stsenaariumi kirjutas Kushner?,Lincoln,Lincoln,,,Kushner’s screenplay centers the final months of Lincoln’s presidency and the Thirteenth Amendment.,Kushneri stsenaarium keskendub Lincolni presidendiaja viimastele kuudele ja USA põhiseaduse kolmeteistkümnendale parandusele.,Tony Kushner — Wikipedia revision 1365846454,https://en.wikipedia.org/w/index.php?title=Tony_Kushner&oldid=1365846454,CC-BY-SA-4.0,2026-08-21,reviewed,true
built-in-literature-language-clue-0095,built-in-literature-language,Literature and Language Pack,built-in-literature-language-set-019,board,round-two,5,hard,authors,A Playwright Across Stage and Screen,Näitekirjanik laval ja ekraanil,At which New York university did Kushner earn his undergraduate degree?,Millises New Yorgi ülikoolis omandas Kushner bakalaureusekraadi?,Columbia University,Columbia ülikool,Columbia,Columbia,Kushner earned a bachelor’s degree at Columbia University.,Kushner omandas Columbia ülikoolis bakalaureusekraadi.,Tony Kushner — Wikipedia revision 1365846454,https://en.wikipedia.org/w/index.php?title=Tony_Kushner&oldid=1365846454,CC-BY-SA-4.0,2026-08-21,reviewed,true
built-in-literature-language-clue-0096,built-in-literature-language,Literature and Language Pack,built-in-literature-language-set-020,board,round-two,1,hard,authors,A Comics Career Outside the Big Two,Koomiksikarjäär väljaspool suurt kahte,Who co-created and wrote “The Walking Dead” comic series?,Kes oli koomiksisarja „The Walking Dead“ kaaslooja ja stsenarist?,Robert Kirkman,Robert Kirkman,,,The comic debuted in 2003 with Kirkman writing and Tony Moore drawing its earliest issues.,Koomiks debüteeris 2003. aastal: Kirkman kirjutas ja Tony Moore joonistas selle esimesed numbrid.,Robert Kirkman — Wikipedia revision 1370366106,https://en.wikipedia.org/w/index.php?title=Robert_Kirkman&oldid=1370366106,CC-BY-SA-4.0,2026-08-21,reviewed,true
built-in-literature-language-clue-0097,built-in-literature-language,Literature and Language Pack,built-in-literature-language-set-020,board,round-two,2,hard,authors,A Comics Career Outside the Big Two,Koomiksikarjäär väljaspool suurt kahte,At which comics publisher did Kirkman become a partner in 2008?,Millise koomiksikirjastuse partneriks sai Kirkman 2008. aastal?,Image Comics,Image Comics,,,"Image Comics is known for creator-owned series, including Kirkman’s major comics work.","Image Comics on tuntud autoritele kuuluvate sarjade, sealhulgas Kirkmani tähtsamate koomiksite poolest.",Robert Kirkman — Wikipedia revision 1370366106,https://en.wikipedia.org/w/index.php?title=Robert_Kirkman&oldid=1370366106,CC-BY-SA-4.0,2026-08-21,reviewed,true
built-in-literature-language-clue-0098,built-in-literature-language,Literature and Language Pack,built-in-literature-language-set-020,board,round-two,3,hard,authors,A Comics Career Outside the Big Two,Koomiksikarjäär väljaspool suurt kahte,Which Kirkman superhero series follows Mark Grayson?,Milline Kirkmani superkangelasesari jälgib Mark Graysonit?,Invincible,Invincible,,,"Kirkman co-created “Invincible”, whose protagonist is Mark Grayson.",Kirkman oli Mark Graysonist rääkiva „Invincible’i“ kaaslooja.,Robert Kirkman — Wikipedia revision 1370366106,https://en.wikipedia.org/w/index.php?title=Robert_Kirkman&oldid=1370366106,CC-BY-SA-4.0,2026-08-21,reviewed,true
built-in-literature-language-clue-0099,built-in-literature-language,Literature and Language Pack,built-in-literature-language-set-020,board,round-two,4,hard,authors,A Comics Career Outside the Big Two,Koomiksikarjäär väljaspool suurt kahte,Which artist drew the first six issues of “The Walking Dead”?,Milline kunstnik joonistas „The Walking Deadi“ esimesed kuus numbrit?,Tony Moore,Tony Moore,,,Tony Moore co-created the series and drew its first six issues.,Tony Moore oli sarja kaaslooja ja joonistas selle esimesed kuus numbrit.,Robert Kirkman — Wikipedia revision 1370366106,https://en.wikipedia.org/w/index.php?title=Robert_Kirkman&oldid=1370366106,CC-BY-SA-4.0,2026-08-21,reviewed,true
built-in-literature-language-clue-0100,built-in-literature-language,Literature and Language Pack,built-in-literature-language-set-020,board,round-two,5,hard,authors,A Comics Career Outside the Big Two,Koomiksikarjäär väljaspool suurt kahte,What irreverent superhero comic did Kirkman co-create with Tony Moore before “The Walking Dead”?,Millise lugupidamatu superkangelasekoomiksi lõi Kirkman koos Tony Moore’iga enne „The Walking Deadi“?,Battle Pope,Battle Pope,,,Kirkman and Moore created “Battle Pope” together.,Kirkman ja Moore lõid koos koomiksi „Battle Pope“.,Robert Kirkman — Wikipedia revision 1370366106,https://en.wikipedia.org/w/index.php?title=Robert_Kirkman&oldid=1370366106,CC-BY-SA-4.0,2026-08-21,reviewed,true
built-in-literature-language-clue-0101,built-in-literature-language,Literature and Language Pack,built-in-literature-language-set-021,board,round-two,1,easy,novels,A Disaffected Prep-School Narrator,Võõrandunud internaadikooli jutustaja,Which American writer published “The Catcher in the Rye” in 1951?,Milline Ameerika kirjanik avaldas 1951. aastal romaani „Kuristik rukkis“?,J. D. Salinger,J. D. Salinger,J.D. Salinger,J.D. Salinger,Salinger’s only novel uses Holden Caulfield’s first-person voice to recount his departure from school.,Salingeri ainsas romaanis jutustab Holden Caulfield minavormis oma koolist lahkumisest.,The Catcher in the Rye — Wikipedia revision 1370273428,https://en.wikipedia.org/w/index.php?title=The_Catcher_in_the_Rye&oldid=1370273428,CC-BY-SA-4.0,2026-08-21,reviewed,true
built-in-literature-language-clue-0102,built-in-literature-language,Literature and Language Pack,built-in-literature-language-set-021,board,round-two,2,easy,novels,A Disaffected Prep-School Narrator,Võõrandunud internaadikooli jutustaja,Who is the teenage narrator of “The Catcher in the Rye”?,Kes on romaani „Kuristik rukkis“ teismeline jutustaja?,Holden Caulfield,Holden Caulfield,,,Holden Caulfield narrates the novel and is its protagonist.,Holden Caulfield jutustab romaani ja on selle peategelane.,The Catcher in the Rye — Wikipedia revision 1370273428,https://en.wikipedia.org/w/index.php?title=The_Catcher_in_the_Rye&oldid=1370273428,CC-BY-SA-4.0,2026-08-21,reviewed,true
built-in-literature-language-clue-0103,built-in-literature-language,Literature and Language Pack,built-in-literature-language-set-021,board,round-two,3,easy,novels,A Disaffected Prep-School Narrator,Võõrandunud internaadikooli jutustaja,In which grammatical person does Holden tell the story?,Millises grammatilises isikus Holden seda lugu räägib?,First person,Esimene isik,,,Holden narrates his own experiences using first-person narration.,Holden jutustab oma kogemustest minavormis.,The Catcher in the Rye — Wikipedia revision 1370273428,https://en.wikipedia.org/w/index.php?title=The_Catcher_in_the_Rye&oldid=1370273428,CC-BY-SA-4.0,2026-08-21,reviewed,true
built-in-literature-language-clue-0104,built-in-literature-language,Literature and Language Pack,built-in-literature-language-set-021,board,round-two,4,easy,novels,A Disaffected Prep-School Narrator,Võõrandunud internaadikooli jutustaja,From which fictional preparatory school is Holden expelled?,Millisest väljamõeldud ettevalmistuskoolist Holden välja heidetakse?,Pencey Prep,Pencey Prep,,,Holden begins his account after being expelled from Pencey Prep.,Holden alustab jutustust pärast Pencey Prepist väljaviskamist.,The Catcher in the Rye — Wikipedia revision 1370273428,https://en.wikipedia.org/w/index.php?title=The_Catcher_in_the_Rye&oldid=1370273428,CC-BY-SA-4.0,2026-08-21,reviewed,true
built-in-literature-language-clue-0105,built-in-literature-language,Literature and Language Pack,built-in-literature-language-set-021,board,round-two,5,easy,novels,A Disaffected Prep-School Narrator,Võõrandunud internaadikooli jutustaja,The title “The Catcher in the Rye” alludes to which Robert Burns poem?,„Kuristik rukkis“ viitab millisele Robert Burnsi luuletusele?,Comin’ Through the Rye,Comin’ Through the Rye,Comin Through the Rye,Comin Through the Rye,Holden misremembers a line from Burns’s “Comin’ Through the Rye”.,Holden mäletab valesti üht rida Burnsi luuletusest „Comin’ Through the Rye“.,The Catcher in the Rye — Wikipedia revision 1370273428,https://en.wikipedia.org/w/index.php?title=The_Catcher_in_the_Rye&oldid=1370273428,CC-BY-SA-4.0,2026-08-21,reviewed,true
built-in-literature-language-clue-0106,built-in-literature-language,Literature and Language Pack,built-in-literature-language-set-022,board,round-one,1,easy,novels,An Experiment in Nested Narratives,Katse pesastatud jutustustega,"What surname belongs to Victor, the scientist who animates the creature?",Mis on olendi ellu äratanud teadlase Victori perekonnanimi?,Frankenstein,Frankenstein,,,Victor Frankenstein is the Genevan scientist whose experiment creates the living being.,"Victor Frankenstein on Genfi teadlane, kelle eksperiment loob elava olendi.",Frankenstein — Wikipedia revision 1370223019,https://en.wikipedia.org/w/index.php?title=Frankenstein&oldid=1370223019,CC-BY-SA-4.0,2026-08-21,reviewed,true
built-in-literature-language-clue-0107,built-in-literature-language,Literature and Language Pack,built-in-literature-language-set-022,board,round-one,2,easy,novels,An Experiment in Nested Narratives,Katse pesastatud jutustustega,What mythic subtitle follows “Frankenstein” in the novel’s full title?,Milline müütiline alapealkiri järgneb romaani täispealkirjas sõnale „Frankenstein“?,The Modern Prometheus,Moodne Prometheus,,,"The full title is “Frankenstein; or, The Modern Prometheus”.",Täispealkiri on „Frankenstein ehk moodne Prometheus“.,Frankenstein — Wikipedia revision 1370223019,https://en.wikipedia.org/w/index.php?title=Frankenstein&oldid=1370223019,CC-BY-SA-4.0,2026-08-21,reviewed,true
built-in-literature-language-clue-0108,built-in-literature-language,Literature and Language Pack,built-in-literature-language-set-022,board,round-one,3,easy,novels,An Experiment in Nested Narratives,Katse pesastatud jutustustega,Was Shelley’s name printed on the title page of the first 1818 edition?,Kas Shelley nimi oli trükitud 1818. aasta esmatrüki tiitellehele?,No,Ei,"No, it was anonymous|It was published anonymously","Ei, see ilmus anonüümselt|See avaldati anonüümselt",The 1818 first edition was published anonymously.,1818. aasta esimene väljaanne avaldati anonüümselt.,Frankenstein — Wikipedia revision 1370223019,https://en.wikipedia.org/w/index.php?title=Frankenstein&oldid=1370223019,CC-BY-SA-4.0,2026-08-21,reviewed,true
built-in-literature-language-clue-0109,built-in-literature-language,Literature and Language Pack,built-in-literature-language-set-022,board,round-one,4,easy,novels,An Experiment in Nested Narratives,Katse pesastatud jutustustega,Which documentary form frames “Frankenstein” through messages sent home by an Arctic explorer?,Milline dokumentaalne vorm raamib „Frankensteini“ Arktika maadeuurija koju saadetud sõnumite kaudu?,Letters,Kirjad,Epistolary letters|Correspondence,Epistolaarsed kirjad|Kirjavahetus,Letters from an Arctic explorer frame the nested narratives.,Arktika maadeuurija kirjad raamivad pesastatud jutustusi.,Epistolary novel — permanent revision 1369579857,https://en.wikipedia.org/w/index.php?title=Epistolary_novel&oldid=1369579857,CC-BY-SA-4.0,2026-08-21,reviewed,true
built-in-literature-language-clue-0110,built-in-literature-language,Literature and Language Pack,built-in-literature-language-set-022,board,round-one,5,easy,novels,An Experiment in Nested Narratives,Katse pesastatud jutustustega,Which explorer writes the opening letters of “Frankenstein” to his sister Margaret Saville?,Milline maadeuurija kirjutab „Frankensteini“ avakirjad oma õele Margaret Saville’ile?,Robert Walton,Robert Walton,Walton,Walton,Captain Robert Walton writes the letters that frame Victor Frankenstein’s account.,"Kapten Robert Walton kirjutab kirjad, mis raamivad Victor Frankensteini jutustust.",Frankenstein — Wikipedia revision 1370223019,https://en.wikipedia.org/w/index.php?title=Frankenstein&oldid=1370223019,CC-BY-SA-4.0,2026-08-21,reviewed,true
built-in-literature-language-clue-0111,built-in-literature-language,Literature and Language Pack,built-in-literature-language-set-023,board,round-two,1,easy,novels,Young Rivals in an Oklahoma Novel,Noored rivaalid Oklahoma romaanis,What is the first name of the Curtis brother who narrates the novel?,Mis on romaani jutustava Curtise venna eesnimi?,Ponyboy,Ponyboy,,,The first-person narration follows the youngest Curtis brother through the Greaser–Soc conflict.,Minavormis jutustus jälgib noorimat Curtise venda Greaserite ja Socside konfliktis.,The Outsiders (novel) — Wikipedia revision 1365316776,https://en.wikipedia.org/w/index.php?title=The_Outsiders_(novel)&oldid=1365316776,CC-BY-SA-4.0,2026-08-21,reviewed,true
built-in-literature-language-clue-0112,built-in-literature-language,Literature and Language Pack,built-in-literature-language-set-023,board,round-two,2,easy,novels,Young Rivals in an Oklahoma Novel,Noored rivaalid Oklahoma romaanis,Which author wrote “The Outsiders” while still a teenager?,Milline autor kirjutas teismelisena „The Outsidersi“?,S. E. Hinton,S. E. Hinton,S.E. Hinton,S.E. Hinton,S. E. Hinton began the novel in high school and published it in 1967.,S. E. Hinton alustas romaani keskkoolis ja avaldas selle 1967. aastal.,The Outsiders (novel) — Wikipedia revision 1365316776,https://en.wikipedia.org/w/index.php?title=The_Outsiders_(novel)&oldid=1365316776,CC-BY-SA-4.0,2026-08-21,reviewed,true
built-in-literature-language-clue-0113,built-in-literature-language,Literature and Language Pack,built-in-literature-language-set-023,board,round-two,3,easy,novels,Young Rivals in an Oklahoma Novel,Noored rivaalid Oklahoma romaanis,What collective name is used for Ponyboy’s working-class group?,Millist ühisnime kasutatakse Ponyboy töölisklassi rühma kohta?,Greasers,Greasers,The Greasers,The Greasers,Ponyboy and his friends are known as the Greasers.,Ponyboyd ja tema sõpru tuntakse Greaseritena.,The Outsiders (novel) — Wikipedia revision 1365316776,https://en.wikipedia.org/w/index.php?title=The_Outsiders_(novel)&oldid=1365316776,CC-BY-SA-4.0,2026-08-21,reviewed,true
built-in-literature-language-clue-0114,built-in-literature-language,Literature and Language Pack,built-in-literature-language-set-023,board,round-two,4,easy,novels,Young Rivals in an Oklahoma Novel,Noored rivaalid Oklahoma romaanis,What name is given to the affluent rival group?,Millise nimega kutsutakse jõukat rivaalitsevat rühma?,Socs,Socs,Socials,Socials,"The Greasers’ affluent rivals are the Socs, short for Socials.","Greaserite jõukad rivaalid on Socsid, mis on lühend sõnast Socials.",The Outsiders (novel) — Wikipedia revision 1365316776,https://en.wikipedia.org/w/index.php?title=The_Outsiders_(novel)&oldid=1365316776,CC-BY-SA-4.0,2026-08-21,reviewed,true
built-in-literature-language-clue-0115,built-in-literature-language,Literature and Language Pack,built-in-literature-language-set-023,board,round-two,5,easy,novels,Young Rivals in an Oklahoma Novel,Noored rivaalid Oklahoma romaanis,In which Oklahoma city is S. E. Hinton’s “The Outsiders” set?,Millises Oklahoma linnas toimub S. E. Hintoni romaani „The Outsiders“ tegevus?,Tulsa,Tulsa,,,"Hinton set the novel in her home city, dividing its teenagers between Greasers and Socs.",Hinton paigutas romaani oma kodulinna ning jagas selle teismelised Greaseriteks ja Socsideks.,The Outsiders (novel) — Wikipedia revision 1365316776,https://en.wikipedia.org/w/index.php?title=The_Outsiders_(novel)&oldid=1365316776,CC-BY-SA-4.0,2026-08-21,reviewed,true
built-in-literature-language-clue-0116,built-in-literature-language,Literature and Language Pack,built-in-literature-language-set-024,board,round-two,1,easy,novels,A Wizard Advertises in Chicago,Võlur reklaamib end Chicagos,Which urban-fantasy series follows a professional wizard who advertises in Chicago?,Milline linnafantaasiasari jälgib Chicagos end reklaamivat elukutselist võlurit?,The Dresden Files,The Dresden Files,,,Jim Butcher’s “The Dresden Files” follows wizard Harry Dresden.,Jim Butcheri „The Dresden Files“ jälgib võlur Harry Dresdenit.,The Dresden Files — Wikipedia revision 1366141529,https://en.wikipedia.org/w/index.php?title=The_Dresden_Files&oldid=1366141529,CC-BY-SA-4.0,2026-08-21,reviewed,true
built-in-literature-language-clue-0117,built-in-literature-language,Literature and Language Pack,built-in-literature-language-set-024,board,round-two,2,easy,novels,A Wizard Advertises in Chicago,Võlur reklaamib end Chicagos,Which American author launched in 2000 the novel sequence whose setting combines modern Chicago with magic?,"Milline Ameerika autor alustas 2000. aastal romaanisarja, mille tegevus ühendab tänapäeva Chicago ja maagia?",Jim Butcher,Jim Butcher,,,"The series follows Harry Dresden, a Chicago wizard who works as a private investigator.","Sari jälgib Harry Dresdenit, eradetektiivina töötavat Chicago võlurit.",The Dresden Files — Wikipedia revision 1366141529,https://en.wikipedia.org/w/index.php?title=The_Dresden_Files&oldid=1366141529,CC-BY-SA-4.0,2026-08-21,reviewed,true
built-in-literature-language-clue-0118,built-in-literature-language,Literature and Language Pack,built-in-literature-language-set-024,board,round-two,3,easy,novels,A Wizard Advertises in Chicago,Võlur reklaamib end Chicagos,What is the full name of the wizard who narrates most of the novels?,Mis on enamikku romaane jutustava võluri täisnimi?,Harry Dresden,Harry Dresden,,,Harry Blackstone Copperfield Dresden is the series’ principal narrator.,Harry Blackstone Copperfield Dresden on sarja peamine jutustaja.,The Dresden Files — Wikipedia revision 1366141529,https://en.wikipedia.org/w/index.php?title=The_Dresden_Files&oldid=1366141529,CC-BY-SA-4.0,2026-08-21,reviewed,true
built-in-literature-language-clue-0119,built-in-literature-language,Literature and Language Pack,built-in-literature-language-set-024,board,round-two,4,easy,novels,A Wizard Advertises in Chicago,Võlur reklaamib end Chicagos,"Besides “wizard,” what investigative occupation does Dresden advertise?",Millist uurijaametit reklaamib Dresden peale võluriameti?,Private investigator,Eradetektiiv,Private detective,Eradetektiiv,Dresden works as a private investigator and supernatural consultant.,Dresden töötab eradetektiivina ja üleloomuliku konsultandina.,The Dresden Files — Wikipedia revision 1366141529,https://en.wikipedia.org/w/index.php?title=The_Dresden_Files&oldid=1366141529,CC-BY-SA-4.0,2026-08-21,reviewed,true
built-in-literature-language-clue-0120,built-in-literature-language,Literature and Language Pack,built-in-literature-language-set-024,board,round-two,5,easy,novels,A Wizard Advertises in Chicago,Võlur reklaamib end Chicagos,Which 2000 title opened “The Dresden Files”?,Milline 2000. aasta teos avas sarja „The Dresden Files“?,Storm Front,Storm Front,,,"Published in 2000, the opening novel introduces Harry Dresden’s supernatural detective work.",2000. aastal avaldatud avaromaanis tutvustatakse Harry Dresdeni üleloomulikku detektiivitööd.,The Dresden Files — Wikipedia revision 1366141529,https://en.wikipedia.org/w/index.php?title=The_Dresden_Files&oldid=1366141529,CC-BY-SA-4.0,2026-08-21,reviewed,true
built-in-literature-language-clue-0121,built-in-literature-language,Literature and Language Pack,built-in-literature-language-set-025,board,round-two,1,hard,novels,Down a Rabbit Hole and Through a Frame,Küülikuauku ja läbi raami,What is the first name of the girl who follows the White Rabbit?,Mis on Valgele Küülikule järgneva tüdruku eesnimi?,Alice,Alice,,,Alice is the child protagonist of the novel.,Alice on selle romaani peategelane.,Alice's Adventures in Wonderland — Wikipedia revision 1369184997,https://en.wikipedia.org/w/index.php?title=Alice%27s_Adventures_in_Wonderland&oldid=1369184997,CC-BY-SA-4.0,2026-08-21,reviewed,true
built-in-literature-language-clue-0122,built-in-literature-language,Literature and Language Pack,built-in-literature-language-set-025,board,round-two,2,hard,novels,Down a Rabbit Hole and Through a Frame,Küülikuauku ja läbi raami,What is the name of Alice’s cat?,Mis on Alice’i kassi nimi?,Dinah,Dinah,,,Alice talks about her cat Dinah during the adventures.,Alice räägib seikluste jooksul oma kassist Dinah’st.,Alice (Alice’s Adventures in Wonderland) — permanent revision 1365697159,https://en.wikipedia.org/w/index.php?title=Alice_(Alice%27s_Adventures_in_Wonderland)&oldid=1365697159,CC-BY-SA-4.0,2026-08-21,reviewed,true
built-in-literature-language-clue-0123,built-in-literature-language,Literature and Language Pack,built-in-literature-language-set-025,board,round-two,3,hard,novels,Down a Rabbit Hole and Through a Frame,Küülikuauku ja läbi raami,What was the legal name of the writer who used the pen name Lewis Carroll?,Mis oli pseudonüümi Lewis Carroll kasutanud kirjaniku kodanikunimi?,Charles Lutwidge Dodgson,Charles Lutwidge Dodgson,Charles Dodgson,Charles Dodgson,Dodgson was also an Oxford mathematician and photographer; Lewis Carroll was his literary name.,Dodgson oli ka Oxfordi matemaatik ja fotograaf; Lewis Carroll oli tema kirjanikunimi.,Alice's Adventures in Wonderland — Wikipedia revision 1369184997,https://en.wikipedia.org/w/index.php?title=Alice%27s_Adventures_in_Wonderland&oldid=1369184997,CC-BY-SA-4.0,2026-08-21,reviewed,true
built-in-literature-language-clue-0124,built-in-literature-language,Literature and Language Pack,built-in-literature-language-set-025,board,round-two,4,hard,novels,Down a Rabbit Hole and Through a Frame,Küülikuauku ja läbi raami,Which artist drew the illustrations for the first published edition?,Milline kunstnik joonistas illustratsioonid esimese väljaande jaoks?,John Tenniel,John Tenniel,,,Sir John Tenniel illustrated the 1865 published edition.,Sir John Tenniel illustreeris 1865. aasta väljaannet.,Alice's Adventures in Wonderland — Wikipedia revision 1369184997,https://en.wikipedia.org/w/index.php?title=Alice%27s_Adventures_in_Wonderland&oldid=1369184997,CC-BY-SA-4.0,2026-08-21,reviewed,true
built-in-literature-language-clue-0125,built-in-literature-language,Literature and Language Pack,built-in-literature-language-set-025,board,round-two,5,hard,novels,Down a Rabbit Hole and Through a Frame,Küülikuauku ja läbi raami,What title did Carroll give the handwritten manuscript presented to Alice Liddell?,Millise pealkirja andis Carroll Alice Liddellile kingitud käsikirjalisele teosele?,Alice’s Adventures Under Ground,Alice’s Adventures Under Ground,Alice’s Adventures Underground,Alice’s Adventures Underground,Carroll later expanded the handwritten gift manuscript into “Alice’s Adventures in Wonderland”.,Carroll laiendas käsitsi kirjutatud kingikäsikirja hiljem teoseks „Alice’s Adventures in Wonderland“.,Alice's Adventures in Wonderland — Wikipedia revision 1369184997,https://en.wikipedia.org/w/index.php?title=Alice%27s_Adventures_in_Wonderland&oldid=1369184997,CC-BY-SA-4.0,2026-08-21,reviewed,true
built-in-literature-language-clue-0126,built-in-literature-language,Literature and Language Pack,built-in-literature-language-set-026,board,round-two,1,easy,novels,A Parish Boy Meets London Crime,Kihelkonnapoiss kohtub Londoni kuritegevusega,Which Victorian novelist wrote the serial about the orphan Oliver?,Milline Victoria ajastu romaanikirjanik kirjutas järjejutuna ilmunud loo orb Oliverist?,Charles Dickens,Charles Dickens,,,The novel was Dickens’s second and was first issued as a serial.,See oli Dickensi teine romaan ja ilmus esimest korda järjejutuna.,Oliver Twist — Wikipedia revision 1368858874,https://en.wikipedia.org/w/index.php?title=Oliver_Twist&oldid=1368858874,CC-BY-SA-4.0,2026-08-21,reviewed,true
built-in-literature-language-clue-0127,built-in-literature-language,Literature and Language Pack,built-in-literature-language-set-026,board,round-two,2,easy,novels,A Parish Boy Meets London Crime,Kihelkonnapoiss kohtub Londoni kuritegevusega,What surname belongs to the orphan named Oliver?,Mis on Oliveri-nimelise orvu perekonnanimi?,Twist,Twist,,,Oliver Twist is the novel’s title character.,Oliver Twist on romaani nimitegelane.,Oliver Twist — Wikipedia revision 1368858874,https://en.wikipedia.org/w/index.php?title=Oliver_Twist&oldid=1368858874,CC-BY-SA-4.0,2026-08-21,reviewed,true
built-in-literature-language-clue-0128,built-in-literature-language,Literature and Language Pack,built-in-literature-language-set-026,board,round-two,3,easy,novels,A Parish Boy Meets London Crime,Kihelkonnapoiss kohtub Londoni kuritegevusega,Which criminal elder directs the child thieves whom Oliver meets?,"Milline kuritegelik vanamees juhib lapsvargaid, kellega Oliver kohtub?",Fagin,Fagin,,,Fagin trains and controls the group of young pickpockets.,Fagin õpetab ja juhib noorte taskuvaraste rühma.,Oliver Twist — Wikipedia revision 1368858874,https://en.wikipedia.org/w/index.php?title=Oliver_Twist&oldid=1368858874,CC-BY-SA-4.0,2026-08-21,reviewed,true
built-in-literature-language-clue-0129,built-in-literature-language,Literature and Language Pack,built-in-literature-language-set-026,board,round-two,4,easy,novels,A Parish Boy Meets London Crime,Kihelkonnapoiss kohtub Londoni kuritegevusega,By what nickname is Jack Dawkins known?,Mis hüüdnime järgi on Jack Dawkins tuntud?,The Artful Dodger,The Artful Dodger,,,Jack Dawkins is a skilled young pickpocket in Fagin’s group of child thieves.,Jack Dawkins on Fagini lapsvaraste rühma osav noor taskuvaras.,Oliver Twist — Wikipedia revision 1368858874,https://en.wikipedia.org/w/index.php?title=Oliver_Twist&oldid=1368858874,CC-BY-SA-4.0,2026-08-21,reviewed,true
built-in-literature-language-clue-0130,built-in-literature-language,Literature and Language Pack,built-in-literature-language-set-026,board,round-two,5,easy,novels,A Parish Boy Meets London Crime,Kihelkonnapoiss kohtub Londoni kuritegevusega,Which magazine first serialized “Oliver Twist”?,Milline ajakiri avaldas „Oliver Twisti“ esimest korda järjejutuna?,Bentley’s Miscellany,Bentley’s Miscellany,,,The magazine issued the novel in monthly installments from 1837 to 1839.,Ajakiri avaldas romaani igakuiste osadena aastatel 1837–1839.,Oliver Twist — Wikipedia revision 1368858874,https://en.wikipedia.org/w/index.php?title=Oliver_Twist&oldid=1368858874,CC-BY-SA-4.0,2026-08-21,reviewed,true
built-in-literature-language-clue-0131,built-in-literature-language,Literature and Language Pack,built-in-literature-language-set-027,board,round-two,1,medium,novels,At the Ford of Bruinen,Bruineni koolmel,The golden-haired lord who confronts the Nazgûl belongs to which immortal people of Middle-earth?,"Kuldjuukseline isand, kes astub Nazgûlidele vastu, kuulub millise Keskmaa surematu rahva hulka?",Elves,Haldjad,Elf,Haldjas,"Tolkien’s Elves are the immortal Firstborn, although they can die through violence or grief.","Tolkieni haldjad on surematud Esmasündinud, kuigi nad võivad surra vägivalla või leina tõttu.",Glorfindel — Wikipedia revision 1368648487,https://en.wikipedia.org/w/index.php?title=Glorfindel&oldid=1368648487,CC-BY-SA-4.0,2026-08-21,reviewed,true
built-in-literature-language-clue-0132,built-in-literature-language,Literature and Language Pack,built-in-literature-language-set-027,board,round-two,2,medium,novels,At the Ford of Bruinen,Bruineni koolmel,Which author created the golden-haired Elf who confronts the Nazgûl at a river crossing?,"Milline autor lõi kuldjuukselise haldja, kes seisab jõeületuskohal Nazgûlidele vastu?",J. R. R. Tolkien,J. R. R. Tolkien,J.R.R. Tolkien,J.R.R. Tolkien,J. R. R. Tolkien created Glorfindel in his Middle-earth writings.,J. R. R. Tolkien lõi Glorfindeli oma Keskmaa-teostes.,Glorfindel — Wikipedia revision 1368648487,https://en.wikipedia.org/w/index.php?title=Glorfindel&oldid=1368648487,CC-BY-SA-4.0,2026-08-21,reviewed,true
built-in-literature-language-clue-0133,built-in-literature-language,Literature and Language Pack,built-in-literature-language-set-027,board,round-two,3,medium,novels,At the Ford of Bruinen,Bruineni koolmel,What is the name of the horse that carries Frodo toward Rivendell?,"Mis on selle hobuse nimi, kes kannab Frodot Rivendelli suunas?",Asfaloth,Asfaloth,,,Asfaloth carries Frodo during the flight to the Ford.,Asfaloth kannab Frodot põgenemisel Bruineni koolme poole.,Glorfindel — Wikipedia revision 1368648487,https://en.wikipedia.org/w/index.php?title=Glorfindel&oldid=1368648487,CC-BY-SA-4.0,2026-08-21,reviewed,true
built-in-literature-language-clue-0134,built-in-literature-language,Literature and Language Pack,built-in-literature-language-set-027,board,round-two,4,medium,novels,At the Ford of Bruinen,Bruineni koolmel,Which Elf owns Asfaloth in Tolkien’s novel?,Millisele haldjale kuulub Asfaloth Tolkieni romaanis?,Glorfindel,Glorfindel,,,"In “The Lord of the Rings”, Asfaloth belongs to Glorfindel.",„Sõrmuste isandas“ kuulub Asfaloth Glorfindelile.,Glorfindel — Wikipedia revision 1368648487,https://en.wikipedia.org/w/index.php?title=Glorfindel&oldid=1368648487,CC-BY-SA-4.0,2026-08-21,reviewed,true
built-in-literature-language-clue-0135,built-in-literature-language,Literature and Language Pack,built-in-literature-language-set-027,board,round-two,5,medium,novels,At the Ford of Bruinen,Bruineni koolmel,Glorfindel’s earlier narrative appearance is tied to the fall of which hidden city?,Glorfindeli varasem esinemine lugudes on seotud millise varjatud linna langemisega?,Gondolin,Gondolin,,,A Glorfindel dies defending refugees during the Fall of Gondolin.,"Glorfindel sureb, kaitstes põgenikke Gondolini langemise ajal.",Glorfindel — Wikipedia revision 1368648487,https://en.wikipedia.org/w/index.php?title=Glorfindel&oldid=1368648487,CC-BY-SA-4.0,2026-08-21,reviewed,true
built-in-literature-language-clue-0136,built-in-literature-language,Literature and Language Pack,built-in-literature-language-set-028,board,round-two,1,easy,novels,Guarding a Stone at Hogwarts,Sigatüükas kivi valvamas,Which first novel in a seven-book wizard series was published in Britain in 1997?,Milline seitsmeköitelise võlurisarja esimene romaan ilmus Suurbritannias 1997. aastal?,Harry Potter and the Philosopher’s Stone,Harry Potter ja tarkade kivi,Harry Potter and the Sorcerer’s Stone,Harry Potter ja nõiakivi,The American edition changed “Philosopher’s Stone” to “Sorcerer’s Stone”.,Ameerika väljaandes asendati „Philosopher’s Stone“ pealkirjaga „Sorcerer’s Stone“.,Harry Potter and the Philosopher's Stone — Wikipedia revision 1369899225,https://en.wikipedia.org/w/index.php?title=Harry_Potter_and_the_Philosopher%27s_Stone&oldid=1369899225,CC-BY-SA-4.0,2026-08-21,reviewed,true
built-in-literature-language-clue-0137,built-in-literature-language,Literature and Language Pack,built-in-literature-language-set-028,board,round-two,2,easy,novels,Guarding a Stone at Hogwarts,Sigatüükas kivi valvamas,To which Hogwarts house is Harry sorted?,Millisesse Sigatüüka majja Harry määratakse?,Gryffindor,Gryffindor,,,The Sorting Hat places Harry in Gryffindor.,Sorteerimiskübar määrab Harry Gryffindori majja.,Harry Potter and the Philosopher's Stone — Wikipedia revision 1369899225,https://en.wikipedia.org/w/index.php?title=Harry_Potter_and_the_Philosopher%27s_Stone&oldid=1369899225,CC-BY-SA-4.0,2026-08-21,reviewed,true
built-in-literature-language-clue-0138,built-in-literature-language,Literature and Language Pack,built-in-literature-language-set-028,board,round-two,3,easy,novels,Guarding a Stone at Hogwarts,Sigatüükas kivi valvamas,Which noun replaced “Philosopher” in the first United States title?,Milline ingliskeelne nimisõna asendas USA esimeses pealkirjas sõna „Philosopher“?,Sorcerer,Sorcerer,,,The U.S. edition was titled “Harry Potter and the Sorcerer’s Stone”.,USA väljaande pealkiri oli „Harry Potter and the Sorcerer’s Stone“.,Harry Potter and the Philosopher's Stone — Wikipedia revision 1369899225,https://en.wikipedia.org/w/index.php?title=Harry_Potter_and_the_Philosopher%27s_Stone&oldid=1369899225,CC-BY-SA-4.0,2026-08-21,reviewed,true
built-in-literature-language-clue-0139,built-in-literature-language,Literature and Language Pack,built-in-literature-language-set-028,board,round-two,4,easy,novels,Guarding a Stone at Hogwarts,Sigatüükas kivi valvamas,What name does Hagrid give the three-headed dog guarding a trapdoor?,Mis nime annab Hagrid luuki valvavale kolme peaga koerale?,Fluffy,Fluffy,,,Fluffy guards the route toward the Stone.,Fluffy valvab teed Kivi poole.,Magical creatures in Harry Potter — permanent revision 1370123804,https://en.wikipedia.org/w/index.php?title=Magical_creatures_in_Harry_Potter&oldid=1370123804,CC-BY-SA-4.0,2026-08-21,reviewed,true
built-in-literature-language-clue-0140,built-in-literature-language,Literature and Language Pack,built-in-literature-language-set-028,board,round-two,5,easy,novels,Guarding a Stone at Hogwarts,Sigatüükas kivi valvamas,Which British publisher issued the first edition of the wizard-school novel?,Milline Briti kirjastaja andis välja võlurikooli romaani esimese väljaande?,Bloomsbury,Bloomsbury,,,Bloomsbury published the first British edition in 1997.,Bloomsbury avaldas 1997. aastal esimese Briti väljaande.,Harry Potter and the Philosopher's Stone — Wikipedia revision 1369899225,https://en.wikipedia.org/w/index.php?title=Harry_Potter_and_the_Philosopher%27s_Stone&oldid=1369899225,CC-BY-SA-4.0,2026-08-21,reviewed,true
built-in-literature-language-clue-0141,built-in-literature-language,Literature and Language Pack,built-in-literature-language-set-029,board,round-two,1,medium,novels,Thieves and Confidence Games in Fantasy,Vargad ja petumängud fantaasiamaailmas,Which fantasy author wrote “The Lies of Locke Lamora”?,Milline fantaasiakirjanik kirjutas „The Lies of Locke Lamora“?,Scott Lynch,Scott Lynch,,,The 2006 debut launched Lynch’s Gentleman Bastard sequence.,2006. aasta debüütromaan alustas Lynchi „Gentleman Bastardi“ romaanitsüklit.,The Lies of Locke Lamora — Wikipedia revision 1366353852,https://en.wikipedia.org/w/index.php?title=The_Lies_of_Locke_Lamora&oldid=1366353852,CC-BY-SA-4.0,2026-08-21,reviewed,true
built-in-literature-language-clue-0142,built-in-literature-language,Literature and Language Pack,built-in-literature-language-set-029,board,round-two,2,medium,novels,Thieves and Confidence Games in Fantasy,Vargad ja petumängud fantaasiamaailmas,Which sequence begins with “The Lies of Locke Lamora”?,Milline romaanitsükkel algab teosega „The Lies of Locke Lamora“?,Gentleman Bastard series,Gentleman Bastardi sari,Gentleman Bastard Sequence,Gentleman Bastardi romaanitsükkel,"Published in 2006, the book introduced Locke Lamora and the Gentleman Bastard sequence.",2006. aastal ilmunud raamat tutvustas Locke Lamorat ja „Gentleman Bastardi“ romaanitsüklit.,The Lies of Locke Lamora — Wikipedia revision 1366353852,https://en.wikipedia.org/w/index.php?title=The_Lies_of_Locke_Lamora&oldid=1366353852,CC-BY-SA-4.0,2026-08-21,reviewed,true
built-in-literature-language-clue-0143,built-in-literature-language,Literature and Language Pack,built-in-literature-language-set-029,board,round-two,3,medium,novels,Thieves and Confidence Games in Fantasy,Vargad ja petumängud fantaasiamaailmas,In which fictional city does Locke’s first published adventure take place?,Millises väljamõeldud linnas toimub Locke’i esimene avaldatud seiklus?,Camorr,Camorr,,,The novel is set chiefly in Camorr.,Romaani tegevus toimub peamiselt Camorris.,The Lies of Locke Lamora — Wikipedia revision 1366353852,https://en.wikipedia.org/w/index.php?title=The_Lies_of_Locke_Lamora&oldid=1366353852,CC-BY-SA-4.0,2026-08-21,reviewed,true
built-in-literature-language-clue-0144,built-in-literature-language,Literature and Language Pack,built-in-literature-language-set-029,board,round-two,4,medium,novels,Thieves and Confidence Games in Fantasy,Vargad ja petumängud fantaasiamaailmas,What is the name of Locke’s small band of thieves?,Mis on Locke’i väikese vargajõugu nimi?,Gentleman Bastards,Gentleman Bastards,,,Locke’s crew are confidence artists who target Camorr’s wealthy elite.,"Locke’i rühm koosneb petukunstnikest, kes võtavad sihikule Camorri jõuka eliidi.",The Lies of Locke Lamora — Wikipedia revision 1366353852,https://en.wikipedia.org/w/index.php?title=The_Lies_of_Locke_Lamora&oldid=1366353852,CC-BY-SA-4.0,2026-08-21,reviewed,true
built-in-literature-language-clue-0145,built-in-literature-language,Literature and Language Pack,built-in-literature-language-set-029,board,round-two,5,medium,novels,Thieves and Confidence Games in Fantasy,Vargad ja petumängud fantaasiamaailmas,What title does Camorr’s criminal world give the mysterious thief attributed with Locke’s schemes?,"Millise tiitli annab Camorri kuritegelik maailm salapärasele vargale, kellele omistatakse Locke’i skeemid?",The Thorn of Camorr,The Thorn of Camorr,,,Locke is identified with the feared Thorn of Camorr.,Locke’i seostatakse kardetud Camorri Okkaga.,The Lies of Locke Lamora — Wikipedia revision 1366353852,https://en.wikipedia.org/w/index.php?title=The_Lies_of_Locke_Lamora&oldid=1366353852,CC-BY-SA-4.0,2026-08-21,reviewed,true
built-in-literature-language-clue-0146,built-in-literature-language,Literature and Language Pack,built-in-literature-language-set-030,board,round-two,1,easy,novels,A Vocabulary Bet for Beginning Readers,Sõnavarakihlvedu algajatele lugejatele,Which children’s author wrote “Green Eggs and Ham”?,Milline lastekirjanik kirjutas „Green Eggs and Ham“?,Dr. Seuss,Dr. Seuss,Theodor Seuss Geisel,Theodor Seuss Geisel,Dr. Seuss wrote and illustrated the book.,Dr Seuss kirjutas ja illustreeris seda raamatut.,Green Eggs and Ham — Wikipedia revision 1355064860,https://en.wikipedia.org/w/index.php?title=Green_Eggs_and_Ham&oldid=1355064860,CC-BY-SA-4.0,2026-08-21,reviewed,true
built-in-literature-language-clue-0147,built-in-literature-language,Literature and Language Pack,built-in-literature-language-set-030,board,round-two,2,easy,novels,A Vocabulary Bet for Beginning Readers,Sõnavarakihlvedu algajatele lugejatele,Is the character who first refuses green eggs and ham given a name?,"Kas tegelasele, kes algul rohelistest munadest ja singist keeldub, antakse nimi?",No,Ei,He is unnamed|No name,Ta on nimetu|Nime ei anta,The original book never gives the resistant character a personal name.,Algupärases raamatus ei anta tõrkuvale tegelasele isikunime.,Green Eggs and Ham — Wikipedia revision 1355064860,https://en.wikipedia.org/w/index.php?title=Green_Eggs_and_Ham&oldid=1355064860,CC-BY-SA-4.0,2026-08-21,reviewed,true
built-in-literature-language-clue-0148,built-in-literature-language,Literature and Language Pack,built-in-literature-language-set-030,board,round-two,3,easy,novels,A Vocabulary Bet for Beginning Readers,Sõnavarakihlvedu algajatele lugejatele,How many different words does “Green Eggs and Ham” use?,Mitut erinevat sõna kasutab „Green Eggs and Ham“?,50,50,Fifty,Viiskümmend,The text was composed with a vocabulary of fifty distinct words.,Tekst koostati viiekümnest erinevast sõnast koosneva sõnavaraga.,Green Eggs and Ham — Wikipedia revision 1355064860,https://en.wikipedia.org/w/index.php?title=Green_Eggs_and_Ham&oldid=1355064860,CC-BY-SA-4.0,2026-08-21,reviewed,true
built-in-literature-language-clue-0149,built-in-literature-language,Literature and Language Pack,built-in-literature-language-set-030,board,round-two,4,easy,novels,A Vocabulary Bet for Beginning Readers,Sõnavarakihlvedu algajatele lugejatele,Which publisher issued “Green Eggs and Ham” in 1960?,Milline kirjastus avaldas „Green Eggs and Ham“ 1960. aastal?,Random House,Random House,,,Publisher Bennett Cerf challenged Seuss to write the book using only fifty different words.,Kirjastaja Bennett Cerf esitas Seussile väljakutse kirjutada raamat ainult viiekümne erineva sõnaga.,Green Eggs and Ham — Wikipedia revision 1355064860,https://en.wikipedia.org/w/index.php?title=Green_Eggs_and_Ham&oldid=1355064860,CC-BY-SA-4.0,2026-08-21,reviewed,true
built-in-literature-language-clue-0150,built-in-literature-language,Literature and Language Pack,built-in-literature-language-set-030,board,round-two,5,easy,novels,A Vocabulary Bet for Beginning Readers,Sõnavarakihlvedu algajatele lugejatele,Which publisher challenged Seuss to write a book using no more than fifty different words?,Milline kirjastaja kutsus Seussi üles kirjutama raamatut mitte rohkem kui viiekümne erineva sõnaga?,Bennett Cerf,Bennett Cerf,,,Bennett Cerf made the vocabulary wager with Seuss.,Bennett Cerf sõlmis Seussiga sõnavarakihlveo.,Green Eggs and Ham — Wikipedia revision 1355064860,https://en.wikipedia.org/w/index.php?title=Green_Eggs_and_Ham&oldid=1355064860,CC-BY-SA-4.0,2026-08-21,reviewed,true
built-in-literature-language-clue-0151,built-in-literature-language,Literature and Language Pack,built-in-literature-language-set-031,board,round-two,1,medium,drama,A Manhattan Musical Retells Verona,Manhattani muusikal jutustab Verona loo ümber,Which rival gangs drive the conflict in the 1957 Broadway musical inspired by “Romeo and Juliet”?,Millised rivaalitsevad jõugud on 1957. aasta „Romeost ja Juliast“ inspireeritud Broadway muusikali konflikti keskmes?,Jets and Sharks,Jets ja Sharks,,,The Jets and Sharks replace the feuding families of the source play.,Jets ja Sharks asendavad lähtenäidendi vaenutsevaid perekondi.,West Side Story — Wikipedia revision 1370117430,https://en.wikipedia.org/w/index.php?title=West_Side_Story&oldid=1370117430,CC-BY-SA-4.0,2026-08-21,reviewed,true
built-in-literature-language-clue-0152,built-in-literature-language,Literature and Language Pack,built-in-literature-language-set-031,board,round-two,2,medium,drama,A Manhattan Musical Retells Verona,Manhattani muusikal jutustab Verona loo ümber,"Who composed the score whose musical language blends classical, jazz, and Latin influences?","Kes lõi partituuri, mille muusikakeel ühendab klassikalise muusika, džässi ja Ladina-Ameerika mõjud?",Leonard Bernstein,Leonard Bernstein,,,"His score blends classical, jazz, and Latin-influenced musical language.","Tema partituuri muusikakeeles põimuvad klassikalise muusika, džässi ja Ladina-Ameerika muusika mõjud.",West Side Story — Wikipedia revision 1370117430,https://en.wikipedia.org/w/index.php?title=West_Side_Story&oldid=1370117430,CC-BY-SA-4.0,2026-08-21,reviewed,true
built-in-literature-language-clue-0153,built-in-literature-language,Literature and Language Pack,built-in-literature-language-set-031,board,round-two,3,medium,drama,A Manhattan Musical Retells Verona,Manhattani muusikal jutustab Verona loo ümber,Who wrote the lyrics for the 1957 musical?,Kes kirjutas 1957. aasta muusikali sõnad?,Stephen Sondheim,Stephen Sondheim,,,Sondheim supplied words to Bernstein’s score before becoming known as a composer-lyricist.,"Sondheim kirjutas Bernsteini muusikale sõnad, enne kui sai tuntuks helilooja ja laulusõnade autorina.",West Side Story — Wikipedia revision 1370117430,https://en.wikipedia.org/w/index.php?title=West_Side_Story&oldid=1370117430,CC-BY-SA-4.0,2026-08-21,reviewed,true
built-in-literature-language-clue-0154,built-in-literature-language,Literature and Language Pack,built-in-literature-language-set-031,board,round-two,4,medium,drama,A Manhattan Musical Retells Verona,Manhattani muusikal jutustab Verona loo ümber,Which Manhattan neighborhood provides the principal setting of “West Side Story”?,Milline Manhattani linnaosa on „West Side Story“ peamine tegevuspaik?,Upper West Side,Upper West Side,,,The rival gangs inhabit Manhattan’s Upper West Side in the mid-1950s.,Rivaalitsevad jõugud elavad kesk-1950. aastatel Manhattani Upper West Side’is.,West Side Story — Wikipedia revision 1370117430,https://en.wikipedia.org/w/index.php?title=West_Side_Story&oldid=1370117430,CC-BY-SA-4.0,2026-08-21,reviewed,true
built-in-literature-language-clue-0155,built-in-literature-language,Literature and Language Pack,built-in-literature-language-set-031,board,round-two,5,medium,drama,A Manhattan Musical Retells Verona,Manhattani muusikal jutustab Verona loo ümber,Who directed and choreographed the original Broadway production?,Kes lavastas Broadway algupärase lavastuse ja lõi sellele koreograafia?,Jerome Robbins,Jerome Robbins,,,Robbins also conceived the show and shaped its movement around the rival street gangs.,Robbins mõtles välja ka etenduse idee ning kujundas selle liikumiskeele rivaalitsevate tänavajõukude ümber.,West Side Story — Wikipedia revision 1370117430,https://en.wikipedia.org/w/index.php?title=West_Side_Story&oldid=1370117430,CC-BY-SA-4.0,2026-08-21,reviewed,true
built-in-literature-language-clue-0156,built-in-literature-language,Literature and Language Pack,built-in-literature-language-set-032,board,round-one,1,easy,drama,Three People Behind a Locked Door,Kolm inimest lukustatud ukse taga,The short fragment “Hell is other people” comes from which play?,Millisest näidendist pärineb lühike lause „Põrgu on teised inimesed“?,No Exit,Kinnine kohus,Huis clos,Huis clos,The line is associated with Sartre’s “No Exit”.,Lause seostub Sartre’i näidendiga „Kinnine kohus“.,No Exit — Wikipedia revision 1368224378,https://en.wikipedia.org/w/index.php?title=No_Exit&oldid=1368224378,CC-BY-SA-4.0,2026-08-21,reviewed,true
built-in-literature-language-clue-0157,built-in-literature-language,Literature and Language Pack,built-in-literature-language-set-032,board,round-one,2,easy,drama,Three People Behind a Locked Door,Kolm inimest lukustatud ukse taga,Which French philosopher wrote the play about three people confined together?,Milline Prantsuse filosoof kirjutas näidendi kolmest koos ühte ruumi suletud inimesest?,Jean-Paul Sartre,Jean-Paul Sartre,,,Sartre used the confined-room drama to stage questions associated with existentialism.,Sartre kasutas piiratud ruumi draamat eksistentsialismiga seotud küsimuste lavastamiseks.,No Exit — Wikipedia revision 1368224378,https://en.wikipedia.org/w/index.php?title=No_Exit&oldid=1368224378,CC-BY-SA-4.0,2026-08-21,reviewed,true
built-in-literature-language-clue-0158,built-in-literature-language,Literature and Language Pack,built-in-literature-language-set-032,board,round-one,3,easy,drama,Three People Behind a Locked Door,Kolm inimest lukustatud ukse taga,How many acts are in Sartre’s drama about three people confined together?,Mitu vaatust on Sartre’i draamas kolmest koos suletud inimesest?,One,Üks,1,1,"The single act keeps Garcin, Inès, and Estelle together in one room without scene changes.","Üksainus vaatus hoiab Garcini, Inèsi ja Estelle’i ühes ruumis ilma stseenimuutusteta.",No Exit — Wikipedia revision 1368224378,https://en.wikipedia.org/w/index.php?title=No_Exit&oldid=1368224378,CC-BY-SA-4.0,2026-08-21,reviewed,true
built-in-literature-language-clue-0159,built-in-literature-language,Literature and Language Pack,built-in-literature-language-set-032,board,round-one,4,easy,drama,Three People Behind a Locked Door,Kolm inimest lukustatud ukse taga,Sartre’s play is closely associated with which philosophical movement?,Sartre’i näidend on tihedalt seotud millise filosoofilise liikumisega?,Existentialism,Eksistentsialism,,,The work dramatizes themes associated with existentialism.,Teos dramatiseerib eksistentsialismiga seotud teemasid.,No Exit — Wikipedia revision 1368224378,https://en.wikipedia.org/w/index.php?title=No_Exit&oldid=1368224378,CC-BY-SA-4.0,2026-08-21,reviewed,true
built-in-literature-language-clue-0160,built-in-literature-language,Literature and Language Pack,built-in-literature-language-set-032,board,round-one,5,easy,drama,Three People Behind a Locked Door,Kolm inimest lukustatud ukse taga,In what year was Sartre’s play first performed?,Mis aastal Sartre’i näidendit esimest korda etendati?,1944,1944,,,The one-act drama premiered in Paris in May 1944.,Ühevaatuseline draama esietendus Pariisis 1944. aasta mais.,No Exit — Wikipedia revision 1368224378,https://en.wikipedia.org/w/index.php?title=No_Exit&oldid=1368224378,CC-BY-SA-4.0,2026-08-21,reviewed,true
built-in-literature-language-clue-0161,built-in-literature-language,Literature and Language Pack,built-in-literature-language-set-033,board,round-two,1,medium,drama,A Tragedy Announces Its Ending,Tragöödia kuulutab oma lõppu,Who wrote “Romeo and Juliet”?,Kes kirjutas „Romeo ja Julia“?,William Shakespeare,William Shakespeare,,,The tragedy was written early in Shakespeare’s career and centers on feuding Verona households.,Shakespeare kirjutas tragöödia oma karjääri alguses; selle keskmes on Verona vaenutsevad perekonnad.,Romeo and Juliet — Wikipedia revision 1368549343,https://en.wikipedia.org/w/index.php?title=Romeo_and_Juliet&oldid=1368549343,CC-BY-SA-4.0,2026-08-21,reviewed,true
built-in-literature-language-clue-0162,built-in-literature-language,Literature and Language Pack,built-in-literature-language-set-033,board,round-two,2,medium,drama,A Tragedy Announces Its Ending,Tragöödia kuulutab oma lõppu,Which Italian city houses the feuding families in “Romeo and Juliet”?,Millises Itaalia linnas elavad vaenutsevad perekonnad Romeos ja Julias?,Verona,Verona,,,Verona provides the setting for the Montague–Capulet feud that traps the young lovers.,Verona on noored armastajad lõksu püüdva Montague’de ja Capuletide vaenu tegevuspaik.,Romeo and Juliet — Wikipedia revision 1368549343,https://en.wikipedia.org/w/index.php?title=Romeo_and_Juliet&oldid=1368549343,CC-BY-SA-4.0,2026-08-21,reviewed,true
built-in-literature-language-clue-0163,built-in-literature-language,Literature and Language Pack,built-in-literature-language-set-033,board,round-two,3,medium,drama,A Tragedy Announces Its Ending,Tragöödia kuulutab oma lõppu,What are the surnames of the two feuding families?,Mis on kahe vaenutseva perekonna nimed?,Montague and Capulet,Montague ja Capulet,Montagues and Capulets,Montague’d ja Capuletid,Romeo is a Montague and Juliet a Capulet.,Romeo on Montague ja Julia Capulet.,Romeo and Juliet — Wikipedia revision 1368549343,https://en.wikipedia.org/w/index.php?title=Romeo_and_Juliet&oldid=1368549343,CC-BY-SA-4.0,2026-08-21,reviewed,true
built-in-literature-language-clue-0164,built-in-literature-language,Literature and Language Pack,built-in-literature-language-set-033,board,round-two,4,medium,drama,A Tragedy Announces Its Ending,Tragöödia kuulutab oma lõppu,Who delivers the opening sonnet in “Romeo and Juliet”?,Kes esitab „Romeo ja Julia“ avasoneti?,Chorus,Koor,,,The Chorus presents the feud and lovers in the patterned form of a Shakespearean sonnet.,Koor tutvustab vaenu ja armastajaid Shakespeare’i soneti korrapärases vormis.,Romeo and Juliet — Wikipedia revision 1368549343,https://en.wikipedia.org/w/index.php?title=Romeo_and_Juliet&oldid=1368549343,CC-BY-SA-4.0,2026-08-21,reviewed,true
built-in-literature-language-clue-0165,built-in-literature-language,Literature and Language Pack,built-in-literature-language-set-033,board,round-two,5,medium,drama,A Tragedy Announces Its Ending,Tragöödia kuulutab oma lõppu,Which English poet’s “The Tragical History of Romeus and Juliet” was Shakespeare’s chief narrative source?,Millise Inglise poeedi teos „The Tragical History of Romeus and Juliet“ oli Shakespeare’i peamine jutustuslik allikas?,Arthur Brooke,Arthur Brooke,,,Shakespeare drew heavily on Arthur Brooke’s 1562 poem.,Shakespeare tugines suuresti Arthur Brooke’i 1562. aasta poeemile.,Romeo and Juliet — Wikipedia revision 1368549343,https://en.wikipedia.org/w/index.php?title=Romeo_and_Juliet&oldid=1368549343,CC-BY-SA-4.0,2026-08-21,reviewed,true
built-in-literature-language-clue-0166,built-in-literature-language,Literature and Language Pack,built-in-literature-language-set-034,board,round-one,1,hard,drama,A Broadway Fraud Becomes a Hit,Broadway pettusest saab hitt,Which musical about fraudulent Broadway producers won a then-record twelve Tony Awards?,Milline petturlikest Broadway produtsentidest rääkiv muusikal võitis tollase rekordi ehk kaksteist Tony auhinda?,The Producers,Produtsendid,,,The original Broadway production won twelve Tony Awards.,Broadway algupärane lavastus võitis kaksteist Tony auhinda.,The Producers (musical) — Wikipedia revision 1368924829,https://en.wikipedia.org/w/index.php?title=The_Producers_(musical)&oldid=1368924829,CC-BY-SA-4.0,2026-08-21,reviewed,true
built-in-literature-language-clue-0167,built-in-literature-language,Literature and Language Pack,built-in-literature-language-set-034,board,round-one,2,hard,drama,A Broadway Fraud Becomes a Hit,Broadway pettusest saab hitt,Which comedian-filmmaker adapted his 1967 film about a Broadway fraud into a musical?,Milline koomikust filmitegija kohandas oma 1967. aasta filmi Broadway pettusest muusikaliks?,Mel Brooks,Mel Brooks,,,Mel Brooks wrote and directed the original film.,Mel Brooks kirjutas ja lavastas algupärase filmi.,The Producers (musical) — Wikipedia revision 1368924829,https://en.wikipedia.org/w/index.php?title=The_Producers_(musical)&oldid=1368924829,CC-BY-SA-4.0,2026-08-21,reviewed,true
built-in-literature-language-clue-0168,built-in-literature-language,Literature and Language Pack,built-in-literature-language-set-034,board,round-one,3,hard,drama,A Broadway Fraud Becomes a Hit,Broadway pettusest saab hitt,What deliberately offensive show do the fraudulent producers in the musical “The Producers” expect to fail?,Millise meelega solvava etenduse läbikukkumist ootavad muusikali „Produtsendid“ petturitest produtsendid?,Springtime for Hitler,Springtime for Hitler,,,The producers oversell “Springtime for Hitler” expecting a flop.,"Produtsendid müüvad lavastusele „Springtime for Hitler“ tahtlikult liiga palju osakuid, sest ootavad selle läbikukkumist.",The Producers (musical) — Wikipedia revision 1368924829,https://en.wikipedia.org/w/index.php?title=The_Producers_(musical)&oldid=1368924829,CC-BY-SA-4.0,2026-08-21,reviewed,true
built-in-literature-language-clue-0169,built-in-literature-language,Literature and Language Pack,built-in-literature-language-set-034,board,round-one,4,hard,drama,A Broadway Fraud Becomes a Hit,Broadway pettusest saab hitt,What are the surnames of scheming producers Max and Leo?,Mis on produtsentide Max ja Leo perekonnanimed?,Bialystock and Bloom,Bialystock ja Bloom,,,Max Bialystock and Leo Bloom drive the plot.,Max Bialystock ja Leo Bloom viivad süžeed edasi.,The Producers (musical) — Wikipedia revision 1368924829,https://en.wikipedia.org/w/index.php?title=The_Producers_(musical)&oldid=1368924829,CC-BY-SA-4.0,2026-08-21,reviewed,true
built-in-literature-language-clue-0170,built-in-literature-language,Literature and Language Pack,built-in-literature-language-set-034,board,round-one,5,hard,drama,A Broadway Fraud Becomes a Hit,Broadway pettusest saab hitt,In what year did the stage musical open on Broadway?,Mis aastal jõudis lavamuusikal Broadwayle?,2001,2001,,,The stage adaptation opened on Broadway in 2001.,Lavaadaptatsioon jõudis Broadwayle 2001. aastal.,The Producers (musical) — Wikipedia revision 1368924829,https://en.wikipedia.org/w/index.php?title=The_Producers_(musical)&oldid=1368924829,CC-BY-SA-4.0,2026-08-21,reviewed,true
built-in-literature-language-clue-0171,built-in-literature-language,Literature and Language Pack,built-in-literature-language-set-035,board,round-one,1,easy,drama,A Rock Musical About New York Artists,Rokkmuusikal New Yorgi kunstnikest,"Who wrote the music, lyrics, and book for the rock musical that won the 1996 Tony Award for Best Musical?","Kes kirjutas muusika, sõnad ja raamatu rokkmuusikale, mis võitis 1996. aasta Tony auhinna parima muusikali eest?",Jonathan Larson,Jonathan Larson,,,Larson adapted the broad framework of Puccini’s “La bohème” for 1990s New York.,Larson kohandas Puccini „La bohème’i“ üldise raamistiku 1990. aastate New Yorki.,Rent (musical) — Wikipedia revision 1369921145,https://en.wikipedia.org/w/index.php?title=Rent_(musical)&oldid=1369921145,CC-BY-SA-4.0,2026-08-21,reviewed,true
built-in-literature-language-clue-0172,built-in-literature-language,Literature and Language Pack,built-in-literature-language-set-035,board,round-one,2,easy,drama,A Rock Musical About New York Artists,Rokkmuusikal New Yorgi kunstnikest,Which work won the 1996 Tony Award for Best Musical?,Milline teos võitis 1996. aasta Tony auhinna parima muusikali kategoorias?,Rent,Rent,,,“Rent” won Best Musical and three other Tony Awards.,„Rent“ võitis parima muusikali ja veel kolm Tony auhinda.,Rent (musical) — Wikipedia revision 1369921145,https://en.wikipedia.org/w/index.php?title=Rent_(musical)&oldid=1369921145,CC-BY-SA-4.0,2026-08-21,reviewed,true
built-in-literature-language-clue-0173,built-in-literature-language,Literature and Language Pack,built-in-literature-language-set-035,board,round-one,3,easy,drama,A Rock Musical About New York Artists,Rokkmuusikal New Yorgi kunstnikest,Which Puccini opera supplied “Rent” with its story framework?,Milline Puccini ooper andis „Rentile“ loo raamistiku?,La bohème,La bohème,La Boheme,La Boheme,“Rent” reworks Puccini’s “La bohème” in contemporary New York.,„Rent“ töötleb Puccini „La bohème’i“ ümber tänapäeva New Yorgi oludesse.,Rent (musical) — Wikipedia revision 1369921145,https://en.wikipedia.org/w/index.php?title=Rent_(musical)&oldid=1369921145,CC-BY-SA-4.0,2026-08-21,reviewed,true
built-in-literature-language-clue-0174,built-in-literature-language,Literature and Language Pack,built-in-literature-language-set-035,board,round-one,4,easy,drama,A Rock Musical About New York Artists,Rokkmuusikal New Yorgi kunstnikest,Which Manhattan neighborhood provides the principal setting?,Milline Manhattani linnaosa on peamine tegevuspaik?,East Village,East Village,,,The story follows artists in Manhattan’s East Village.,Lugu jälgib kunstnikke Manhattani East Village’is.,Rent (musical) — Wikipedia revision 1369921145,https://en.wikipedia.org/w/index.php?title=Rent_(musical)&oldid=1369921145,CC-BY-SA-4.0,2026-08-21,reviewed,true
built-in-literature-language-clue-0175,built-in-literature-language,Literature and Language Pack,built-in-literature-language-set-035,board,round-one,5,easy,drama,A Rock Musical About New York Artists,Rokkmuusikal New Yorgi kunstnikest,Which 1996 drama prize did Jonathan Larson’s rock musical receive?,Millise 1996. aasta draamaauhinna sai Jonathan Larsoni rokkmuusikal?,Pulitzer Prize for Drama,Pulitzeri draamaauhind,Pulitzer Prize,Pulitzeri auhind,“Rent” won the 1996 Pulitzer Prize for Drama.,„Rent“ võitis 1996. aasta Pulitzeri draamapreemia.,Rent (musical) — Wikipedia revision 1369921145,https://en.wikipedia.org/w/index.php?title=Rent_(musical)&oldid=1369921145,CC-BY-SA-4.0,2026-08-21,reviewed,true
built-in-literature-language-clue-0176,built-in-literature-language,Literature and Language Pack,built-in-literature-language-set-036,board,round-one,1,easy,drama,A Revenge Tragedy Stages a Test,Kättemaksudraama lavastab proovilepaneku,In which tragedy does Ophelia die?,Millises tragöödias Ophelia sureb?,Hamlet,Hamlet,,,Ophelia drowns after the deaths and political violence surrounding Denmark’s royal court.,Ophelia upub pärast Taani kuningakohtu ümber toimunud surmajuhtumeid ja poliitilist vägivalda.,Hamlet — Wikipedia revision 1368693685,https://en.wikipedia.org/w/index.php?title=Hamlet&oldid=1368693685,CC-BY-SA-4.0,2026-08-21,reviewed,true
built-in-literature-language-clue-0177,built-in-literature-language,Literature and Language Pack,built-in-literature-language-set-036,board,round-one,2,easy,drama,A Revenge Tragedy Stages a Test,Kättemaksudraama lavastab proovilepaneku,What royal title does Hamlet hold?,Millist kuninglikku tiitlit Hamlet kannab?,Prince of Denmark,Taani prints,,,Hamlet is the Prince of Denmark.,Hamlet on Taani prints.,Hamlet — Wikipedia revision 1368693685,https://en.wikipedia.org/w/index.php?title=Hamlet&oldid=1368693685,CC-BY-SA-4.0,2026-08-21,reviewed,true
built-in-literature-language-clue-0178,built-in-literature-language,Literature and Language Pack,built-in-literature-language-set-036,board,round-one,3,easy,drama,A Revenge Tragedy Stages a Test,Kättemaksudraama lavastab proovilepaneku,What length distinction does “Hamlet” hold among Shakespeare’s plays?,Milline pikkusrekord on „Hamletil“ Shakespeare’i näidendite seas?,Shakespeare’s longest play,Shakespeare’i pikim näidend,,,"By word count, “Hamlet” is Shakespeare’s longest play.",Sõnade arvu järgi on „Hamlet“ Shakespeare’i pikim näidend.,Hamlet — Wikipedia revision 1368693685,https://en.wikipedia.org/w/index.php?title=Hamlet&oldid=1368693685,CC-BY-SA-4.0,2026-08-21,reviewed,true
built-in-literature-language-clue-0179,built-in-literature-language,Literature and Language Pack,built-in-literature-language-set-036,board,round-one,4,easy,drama,A Revenge Tragedy Stages a Test,Kättemaksudraama lavastab proovilepaneku,What is the name of the castle where the action occurs?,"Mis on lossi nimi, kus tegevus toimub?",Elsinore,Elsinore,,,The Danish court is at Elsinore Castle.,Taani õukond asub Elsinore’i lossis.,Hamlet — Wikipedia revision 1368693685,https://en.wikipedia.org/w/index.php?title=Hamlet&oldid=1368693685,CC-BY-SA-4.0,2026-08-21,reviewed,true
built-in-literature-language-clue-0180,built-in-literature-language,Literature and Language Pack,built-in-literature-language-set-036,board,round-one,5,easy,drama,A Revenge Tragedy Stages a Test,Kättemaksudraama lavastab proovilepaneku,What title does Hamlet give the court performance used to test Claudius?,Millise pealkirja annab Hamlet Claudiuse proovilepanekuks kasutatud õukonnaetendusele?,The Murder of Gonzago,The Murder of Gonzago,,,The players stage “The Murder of Gonzago” while Hamlet watches Claudius react.,"Näitlejad esitavad „The Murder of Gonzago“, samal ajal kui Hamlet jälgib Claudiuse reaktsiooni.",Hamlet — Wikipedia revision 1368693685,https://en.wikipedia.org/w/index.php?title=Hamlet&oldid=1368693685,CC-BY-SA-4.0,2026-08-21,reviewed,true
built-in-literature-language-clue-0181,built-in-literature-language,Literature and Language Pack,built-in-literature-language-set-037,board,round-one,1,hard,drama,A French Opera of Freedom and Jealousy,Prantsuse ooper vabadusest ja armukadedusest,Who composed the opera about a free-spirited factory worker and a jealous soldier?,Kes komponeeris ooperi vaba vaimuga tehasetöölisest ja armukadedast sõdurist?,Georges Bizet,Georges Bizet,,,The 1875 opera adapts a novella by Prosper Mérimée.,1875. aasta ooper kohandab Prosper Mérimée novelli.,Carmen — Wikipedia revision 1369757348,https://en.wikipedia.org/w/index.php?title=Carmen&oldid=1369757348,CC-BY-SA-4.0,2026-08-21,reviewed,true
built-in-literature-language-clue-0182,built-in-literature-language,Literature and Language Pack,built-in-literature-language-set-037,board,round-one,2,hard,drama,A French Opera of Freedom and Jealousy,Prantsuse ooper vabadusest ja armukadedusest,What was the final completed opera by the composer of “The Pearl Fishers”?,Milline oli „Pärlipüüdjate“ helilooja viimane lõpetatud ooper?,Carmen,Carmen,,,The opera premiered at the Opéra-Comique in 1875 and adapts Prosper Mérimée’s novella.,Ooper esietendus Opéra-Comique’is 1875. aastal ja kohandab Prosper Mérimée novelli.,Carmen — Wikipedia revision 1369757348,https://en.wikipedia.org/w/index.php?title=Carmen&oldid=1369757348,CC-BY-SA-4.0,2026-08-21,reviewed,true
built-in-literature-language-clue-0183,built-in-literature-language,Literature and Language Pack,built-in-literature-language-set-037,board,round-one,3,hard,drama,A French Opera of Freedom and Jealousy,Prantsuse ooper vabadusest ja armukadedusest,Which Spanish city hosts Bizet’s opera about a factory worker and a soldier?,"Millises Hispaania linnas toimub Bizet’ ooperi tegevus, mis räägib tehasetöölisest ja sõdurist?",Seville,Sevilla,,,The story is set in and near Seville.,Lugu toimub Sevillas ja selle lähistel.,Carmen — Wikipedia revision 1369757348,https://en.wikipedia.org/w/index.php?title=Carmen&oldid=1369757348,CC-BY-SA-4.0,2026-08-21,reviewed,true
built-in-literature-language-clue-0184,built-in-literature-language,Literature and Language Pack,built-in-literature-language-set-037,board,round-one,4,hard,drama,A French Opera of Freedom and Jealousy,Prantsuse ooper vabadusest ja armukadedusest,Whose novella supplied Bizet’s opera with its source story?,Kelle novell andis Bizet’ ooperile lähteloo?,Prosper Mérimée,Prosper Mérimée,Prosper Merimee,Prosper Merimee,The libretto adapts Prosper Mérimée’s novella “Carmen”.,Libreto kohandab Prosper Mérimée novelli „Carmen“.,Carmen — Wikipedia revision 1369757348,https://en.wikipedia.org/w/index.php?title=Carmen&oldid=1369757348,CC-BY-SA-4.0,2026-08-21,reviewed,true
built-in-literature-language-clue-0185,built-in-literature-language,Literature and Language Pack,built-in-literature-language-set-037,board,round-one,5,hard,drama,A French Opera of Freedom and Jealousy,Prantsuse ooper vabadusest ja armukadedusest,At which Paris theatre did Bizet’s four-act opera premiere in 1875?,Millises Pariisi teatris esietendus Bizet’ neljavaatuseline ooper 1875. aastal?,Opéra-Comique,Opéra-Comique,Opera-Comique,Opera-Comique,The Opéra-Comique premiere took place in Paris in March 1875.,Opéra-Comique’i esietendus toimus Pariisis 1875. aasta märtsis.,Carmen — Wikipedia revision 1369757348,https://en.wikipedia.org/w/index.php?title=Carmen&oldid=1369757348,CC-BY-SA-4.0,2026-08-21,reviewed,true
built-in-literature-language-clue-0186,built-in-literature-language,Literature and Language Pack,built-in-literature-language-set-038,board,round-one,1,medium,drama,Counting a Playwright’s Canon,Näitekirjaniku kaanoni loendamine,Into which three broad genres are Shakespeare’s plays traditionally divided?,Millisesse kolme laia žanri jagatakse Shakespeare’i näidendid traditsiooniliselt?,"Comedies, histories, and tragedies","Komöödiad, ajaloodraamad ja tragöödiad",,,"Editors traditionally group the plays as comedies, histories, and tragedies.","Toimetajad rühmitavad näidendid traditsiooniliselt komöödiateks, ajaloodraamadeks ja tragöödiateks.",Shakespeare's plays — Wikipedia revision 1358930261,https://en.wikipedia.org/w/index.php?title=Shakespeare%27s_plays&oldid=1358930261,CC-BY-SA-4.0,2026-08-21,reviewed,true
built-in-literature-language-clue-0187,built-in-literature-language,Literature and Language Pack,built-in-literature-language-set-038,board,round-one,2,medium,drama,Counting a Playwright’s Canon,Näitekirjaniku kaanoni loendamine,How many plays is Shakespeare traditionally credited with writing?,Mitu näidendit omistatakse traditsiooniliselt Shakespeare’ile?,37,37,Thirty-seven,Kolmkümmend seitse,"A traditional count gives Shakespeare thirty-seven plays, though modern attribution can vary.","Traditsioonilise arvestuse järgi kirjutas Shakespeare kolmkümmend seitse näidendit, kuigi tänapäevased omistamised võivad erineda.",Shakespeare's plays — Wikipedia revision 1358930261,https://en.wikipedia.org/w/index.php?title=Shakespeare%27s_plays&oldid=1358930261,CC-BY-SA-4.0,2026-08-21,reviewed,true
built-in-literature-language-clue-0188,built-in-literature-language,Literature and Language Pack,built-in-literature-language-set-038,board,round-one,3,medium,drama,Counting a Playwright’s Canon,Näitekirjaniku kaanoni loendamine,What 1623 collection preserved most of the plays after Shakespeare’s death?,Milline 1623. aasta kogumik säilitas enamiku näidenditest pärast Shakespeare’i surma?,First Folio,First Folio,,,The First Folio collected thirty-six plays in 1623.,First Folio koondas 1623. aastal kolmkümmend kuus näidendit.,Shakespeare's plays — Wikipedia revision 1358930261,https://en.wikipedia.org/w/index.php?title=Shakespeare%27s_plays&oldid=1358930261,CC-BY-SA-4.0,2026-08-21,reviewed,true
built-in-literature-language-clue-0189,built-in-literature-language,Literature and Language Pack,built-in-literature-language-set-038,board,round-one,4,medium,drama,Counting a Playwright’s Canon,Näitekirjaniku kaanoni loendamine,Which two fellow actors compiled the First Folio?,Millised kaks kaasnäitlejat koostasid First Folio?,John Heminges and Henry Condell,John Heminges ja Henry Condell,,,Heminges and Condell prepared the volume.,Heminges ja Condell valmistasid selle ette.,Shakespeare's plays — Wikipedia revision 1358930261,https://en.wikipedia.org/w/index.php?title=Shakespeare%27s_plays&oldid=1358930261,CC-BY-SA-4.0,2026-08-21,reviewed,true
built-in-literature-language-clue-0190,built-in-literature-language,Literature and Language Pack,built-in-literature-language-set-038,board,round-one,5,medium,drama,Counting a Playwright’s Canon,Näitekirjaniku kaanoni loendamine,Which playwright collaborated with Shakespeare on “The Two Noble Kinsmen”?,Milline näitekirjanik tegi Shakespeare’iga koostööd näidendi „The Two Noble Kinsmen“ kallal?,John Fletcher,John Fletcher,,,Modern scholarship attributes the play jointly to Shakespeare and John Fletcher.,Tänapäeva uurijad omistavad näidendi ühiselt Shakespeare’ile ja John Fletcherile.,Shakespeare's plays — Wikipedia revision 1358930261,https://en.wikipedia.org/w/index.php?title=Shakespeare%27s_plays&oldid=1358930261,CC-BY-SA-4.0,2026-08-21,reviewed,true
built-in-literature-language-clue-0191,built-in-literature-language,Literature and Language Pack,built-in-literature-language-set-039,board,round-one,1,medium,drama,A Neighborhood Musical Before Broadway,Linnajao muusikal enne Broadwayd,Which composer-lyricist created a Broadway musical about a Dominican American community in upper Manhattan?,Milline helilooja ja laulusõnade autor lõi Broadway muusikali Manhattani põhjaosa Dominikaani päritolu ameeriklaste kogukonnast?,Lin-Manuel Miranda,Lin-Manuel Miranda,,,Lin-Manuel Miranda created the score and co-wrote the book with Quiara Alegría Hudes.,Lin-Manuel Miranda lõi muusika ja kirjutas koos Quiara Alegría Hudesiga libreto.,In the Heights — Wikipedia revision 1366266791,https://en.wikipedia.org/w/index.php?title=In_the_Heights&oldid=1366266791,CC-BY-SA-4.0,2026-08-21,reviewed,true
built-in-literature-language-clue-0192,built-in-literature-language,Literature and Language Pack,built-in-literature-language-set-039,board,round-one,2,medium,drama,A Neighborhood Musical Before Broadway,Linnajao muusikal enne Broadwayd,Which Manhattan neighborhood gives Lin-Manuel Miranda’s “In the Heights” its title and setting?,Milline Manhattani linnaosa annab Lin-Manuel Miranda „In the Heightsile“ pealkirja ja tegevuspaiga?,Washington Heights,Washington Heights,,,The musical portrays a largely Dominican-American community in Upper Manhattan.,Muusikal kujutab peamiselt Dominikaani päritolu ameeriklaste kogukonda Manhattani põhjaosas.,In the Heights — Wikipedia revision 1366266791,https://en.wikipedia.org/w/index.php?title=In_the_Heights&oldid=1366266791,CC-BY-SA-4.0,2026-08-21,reviewed,true
built-in-literature-language-clue-0193,built-in-literature-language,Literature and Language Pack,built-in-literature-language-set-039,board,round-one,3,medium,drama,A Neighborhood Musical Before Broadway,Linnajao muusikal enne Broadwayd,What is the first name of the bodega owner who narrates much of the musical?,Mis on suuremat osa muusikalist jutustava väikekaupluse omaniku eesnimi?,Usnavi,Usnavi,,,The bodega owner also acts as a storyteller for the Washington Heights community.,Väikekaupluse omanik on ka Washington Heightsi kogukonna jutuvestja.,In the Heights — Wikipedia revision 1366266791,https://en.wikipedia.org/w/index.php?title=In_the_Heights&oldid=1366266791,CC-BY-SA-4.0,2026-08-21,reviewed,true
built-in-literature-language-clue-0194,built-in-literature-language,Literature and Language Pack,built-in-literature-language-set-039,board,round-one,4,medium,drama,A Neighborhood Musical Before Broadway,Linnajao muusikal enne Broadwayd,Which Tony category did “In the Heights” win over its competing new shows?,Millises Tony auhinna kategoorias edestas „In the Heights“ teisi uusi lavastusi?,Best Musical,Parim muusikal,,,The musical received thirteen nominations and won four awards during the 2008 Tony season.,Muusikal sai 2008. aasta Tony hooajal kolmteist nominatsiooni ja võitis neli auhinda.,In the Heights — Wikipedia revision 1366266791,https://en.wikipedia.org/w/index.php?title=In_the_Heights&oldid=1366266791,CC-BY-SA-4.0,2026-08-21,reviewed,true
built-in-literature-language-clue-0195,built-in-literature-language,Literature and Language Pack,built-in-literature-language-set-039,board,round-one,5,medium,drama,A Neighborhood Musical Before Broadway,Linnajao muusikal enne Broadwayd,In what year did “In the Heights” open on Broadway?,Mis aastal jõudis „In the Heights“ Broadwayle?,2008,2008,,,"After an Off-Broadway run, the production transferred to Broadway’s Richard Rodgers Theatre in 2008.",Pärast Off-Broadway etendusi kolis lavastus 2008. aastal Broadway Richard Rodgersi teatrisse.,In the Heights — Wikipedia revision 1366266791,https://en.wikipedia.org/w/index.php?title=In_the_Heights&oldid=1366266791,CC-BY-SA-4.0,2026-08-21,reviewed,true
built-in-literature-language-clue-0196,built-in-literature-language,Literature and Language Pack,built-in-literature-language-set-040,board,round-one,1,medium,drama,A Scottish Actor Crosses Genres,Šoti näitleja eri žanrides,Which numbered incarnation of the Doctor made David Tennant an international television star?,Milline doktori numbriline kehastus tegi David Tennantist rahvusvahelise teletähe?,Tenth Doctor,Kümnes Doktor,The Tenth Doctor,Kümnes Doktor,Tennant played the Tenth Doctor in “Doctor Who”.,Tennant mängis sarjas „Doctor Who“ Kümnendat Doktorit.,David Tennant — Wikipedia revision 1369916346,https://en.wikipedia.org/w/index.php?title=David_Tennant&oldid=1369916346,CC-BY-SA-4.0,2026-08-21,reviewed,true
built-in-literature-language-clue-0197,built-in-literature-language,Literature and Language Pack,built-in-literature-language-set-040,board,round-one,2,medium,drama,A Scottish Actor Crosses Genres,Šoti näitleja eri žanrides,Which Shakespearean prince did David Tennant portray on stage in 2008?,Millist Shakespeare’i printsi kehastas David Tennant laval 2008. aastal?,Hamlet,Hamlet,,,Tennant played Hamlet in the RSC production.,Tennant mängis Hamletit RSC lavastuses.,David Tennant — Wikipedia revision 1369916346,https://en.wikipedia.org/w/index.php?title=David_Tennant&oldid=1369916346,CC-BY-SA-4.0,2026-08-21,reviewed,true
built-in-literature-language-clue-0198,built-in-literature-language,Literature and Language Pack,built-in-literature-language-set-040,board,round-one,3,medium,drama,A Scottish Actor Crosses Genres,Šoti näitleja eri žanrides,What does the theatre initialism RSC stand for?,Mida tähendab teatri initsialism RSC?,Royal Shakespeare Company,Royal Shakespeare Company,,,The Royal Shakespeare Company produced Tennant’s “Hamlet”.,Royal Shakespeare Company tõi lavale Tennanti „Hamleti“.,David Tennant — Wikipedia revision 1369916346,https://en.wikipedia.org/w/index.php?title=David_Tennant&oldid=1369916346,CC-BY-SA-4.0,2026-08-21,reviewed,true
built-in-literature-language-clue-0199,built-in-literature-language,Literature and Language Pack,built-in-literature-language-set-040,board,round-one,4,medium,drama,A Scottish Actor Crosses Genres,Šoti näitleja eri žanrides,What surname was Tennant given at birth?,Millise perekonnanime sai Tennant sündides?,McDonald,McDonald,,,He was born David John McDonald and adopted a stage surname.,Ta sündis David John McDonaldina ja võttis hiljem lavanimeks teise perekonnanime.,David Tennant — Wikipedia revision 1369916346,https://en.wikipedia.org/w/index.php?title=David_Tennant&oldid=1369916346,CC-BY-SA-4.0,2026-08-21,reviewed,true
built-in-literature-language-clue-0200,built-in-literature-language,Literature and Language Pack,built-in-literature-language-set-040,board,round-one,5,medium,drama,A Scottish Actor Crosses Genres,Šoti näitleja eri žanrides,At which Scottish conservatoire did Tennant study acting?,Millises Šoti konservatooriumis õppis Tennant näitlemist?,Royal Conservatoire of Scotland,Royal Conservatoire of Scotland,,,"He attended Saturday classes there, entered at 16, and studied there between ages 17 and 20.","Ta käis seal laupäevatundides, astus sisse 16-aastaselt ning õppis seal 17.–20. eluaastani.",David Tennant — Wikipedia revision 1369916346,https://en.wikipedia.org/w/index.php?title=David_Tennant&oldid=1369916346,CC-BY-SA-4.0,2026-08-21,reviewed,true
built-in-literature-language-clue-0201,built-in-literature-language,Literature and Language Pack,built-in-literature-language-set-041,board,round-one,1,medium,fictional-characters,Travellers Consult an Electronic Guide,Rändurid kasutavad elektroonilist reisijuhti,Which English writer created “The Hitchhiker’s Guide to the Galaxy”?,Milline Inglise kirjanik lõi „Pöidlaküüdi reisijuhi galaktikas“?,Douglas Adams,Douglas Adams,,,Douglas Adams created the comic science-fiction series.,Douglas Adams lõi selle koomilise ulmesarja.,The Hitchhiker's Guide to the Galaxy — Wikipedia revision 1369394325,https://en.wikipedia.org/w/index.php?title=The_Hitchhiker%27s_Guide_to_the_Galaxy&oldid=1369394325,CC-BY-SA-4.0,2026-08-21,reviewed,true
built-in-literature-language-clue-0202,built-in-literature-language,Literature and Language Pack,built-in-literature-language-set-041,board,round-one,2,medium,fictional-characters,Travellers Consult an Electronic Guide,Rändurid kasutavad elektroonilist reisijuhti,What is the name of the bewildered human taken off Earth just before its destruction?,"Mis on selle segaduses inimese nimi, kes võeti Maalt ära vahetult enne selle hävitamist?",Arthur Dent,Arthur Dent,,,Arthur Dent is the principal human protagonist.,Arthur Dent on teose peamine inimesest tegelane.,The Hitchhiker's Guide to the Galaxy — Wikipedia revision 1369394325,https://en.wikipedia.org/w/index.php?title=The_Hitchhiker%27s_Guide_to_the_Galaxy&oldid=1369394325,CC-BY-SA-4.0,2026-08-21,reviewed,true
built-in-literature-language-clue-0203,built-in-literature-language,Literature and Language Pack,built-in-literature-language-set-041,board,round-one,3,medium,fictional-characters,Travellers Consult an Electronic Guide,Rändurid kasutavad elektroonilist reisijuhti,What is the name of the chronically depressed robot?,Mis on krooniliselt masendunud roboti nimi?,Marvin,Marvin,Marvin the Paranoid Android,"Marvin, paranoiline android",Marvin is the shipboard android noted for his pessimism.,"Marvin on laevaandroid, kes on tuntud oma pessimismi poolest.",The Hitchhiker's Guide to the Galaxy — Wikipedia revision 1369394325,https://en.wikipedia.org/w/index.php?title=The_Hitchhiker%27s_Guide_to_the_Galaxy&oldid=1369394325,CC-BY-SA-4.0,2026-08-21,reviewed,true
built-in-literature-language-clue-0204,built-in-literature-language,Literature and Language Pack,built-in-literature-language-set-041,board,round-one,4,medium,fictional-characters,Travellers Consult an Electronic Guide,Rändurid kasutavad elektroonilist reisijuhti,Which friend reveals himself as an alien researcher for the Guide?,"Milline sõber paljastab, et ta on tulnukast uurija, kes kirjutab Reisijuhile?",Ford Prefect,Ford Prefect,,,Ford Prefect rescues Arthur and writes for the Guide.,Ford Prefect päästab Arthuri ja kirjutab Reisijuhile.,The Hitchhiker's Guide to the Galaxy — Wikipedia revision 1369394325,https://en.wikipedia.org/w/index.php?title=The_Hitchhiker%27s_Guide_to_the_Galaxy&oldid=1369394325,CC-BY-SA-4.0,2026-08-21,reviewed,true
built-in-literature-language-clue-0205,built-in-literature-language,Literature and Language Pack,built-in-literature-language-set-041,board,round-one,5,medium,fictional-characters,Travellers Consult an Electronic Guide,Rändurid kasutavad elektroonilist reisijuhti,What short farewell do the dolphins leave humanity before departing Earth?,Millise lühikese hüvastijätu jätavad delfiinid inimkonnale enne Maalt lahkumist?,"So long, and thanks for all the fish",Nägemiseni ja aitäh kala eest,,,The dolphins’ final message thanks humanity for the fish.,Delfiinide viimane sõnum tänab inimkonda kala eest.,The Hitchhiker's Guide to the Galaxy — Wikipedia revision 1369394325,https://en.wikipedia.org/w/index.php?title=The_Hitchhiker%27s_Guide_to_the_Galaxy&oldid=1369394325,CC-BY-SA-4.0,2026-08-21,reviewed,true
built-in-literature-language-clue-0206,built-in-literature-language,Literature and Language Pack,built-in-literature-language-set-042,board,round-one,1,medium,fictional-characters,A Fertility Deity in Weird Fiction,Viljakusjumalus õudusulmes,The fictional entity Shub-Niggurath belongs to what shared mythology?,Millisesse ühismütoloogiasse kuulub väljamõeldud olend Shub-Niggurath?,Cthulhu Mythos,Cthulhu müüdistik,,,Later writers grouped Shub-Niggurath within the Cthulhu Mythos.,Hilisemad kirjanikud paigutasid Shub-Niggurathi Cthulhu müüdistikku.,Shub-Niggurath — Wikipedia revision 1359074213,https://en.wikipedia.org/w/index.php?title=Shub-Niggurath&oldid=1359074213,CC-BY-SA-4.0,2026-08-21,reviewed,true
built-in-literature-language-clue-0207,built-in-literature-language,Literature and Language Pack,built-in-literature-language-set-042,board,round-one,2,medium,fictional-characters,A Fertility Deity in Weird Fiction,Viljakusjumalus õudusulmes,Which American weird-fiction author created Shub-Niggurath?,Milline Ameerika õudusulme autor lõi Shub-Niggurathi?,H. P. Lovecraft,H. P. Lovecraft,H.P. Lovecraft,H.P. Lovecraft,H. P. Lovecraft introduced the entity in his fiction and letters.,H. P. Lovecraft tutvustas olendit oma ilukirjanduses ja kirjades.,Shub-Niggurath — Wikipedia revision 1359074213,https://en.wikipedia.org/w/index.php?title=Shub-Niggurath&oldid=1359074213,CC-BY-SA-4.0,2026-08-21,reviewed,true
built-in-literature-language-clue-0208,built-in-literature-language,Literature and Language Pack,built-in-literature-language-set-042,board,round-one,3,medium,fictional-characters,A Fertility Deity in Weird Fiction,Viljakusjumalus õudusulmes,Did J. R. R. Tolkien create Shub-Niggurath for “The Lord of the Rings”?,Kas J. R. R. Tolkien lõi Shub-Niggurathi „Sõrmuste isanda“ jaoks?,No,Ei,"No, Lovecraft did","Ei, selle lõi Lovecraft","Shub-Niggurath is associated with Lovecraft, not Tolkien’s Middle-earth.","Shub-Niggurath seostub Lovecraftiga, mitte Tolkieni Keskmaaga.",Shub-Niggurath — Wikipedia revision 1359074213,https://en.wikipedia.org/w/index.php?title=Shub-Niggurath&oldid=1359074213,CC-BY-SA-4.0,2026-08-21,reviewed,true
built-in-literature-language-clue-0209,built-in-literature-language,Literature and Language Pack,built-in-literature-language-set-042,board,round-one,4,medium,fictional-characters,A Fertility Deity in Weird Fiction,Viljakusjumalus õudusulmes,Which 1933 Lovecraft story contains an early published mention of Azathoth?,Milline Lovecrafti 1933. aasta lugu sisaldab Azathothi varajast trükimainimist?,The Dreams in the Witch House,The Dreams in the Witch House,,,The story appeared in “Weird Tales” in 1933 and includes one of Lovecraft’s early published uses of the name.,Lugu ilmus 1933. aastal ajakirjas „Weird Tales“ ja sisaldab üht Lovecrafti varajast nimekasutust.,Shub-Niggurath — Wikipedia revision 1359074213,https://en.wikipedia.org/w/index.php?title=Shub-Niggurath&oldid=1359074213,CC-BY-SA-4.0,2026-08-21,reviewed,true
built-in-literature-language-clue-0210,built-in-literature-language,Literature and Language Pack,built-in-literature-language-set-042,board,round-one,5,medium,fictional-characters,A Fertility Deity in Weird Fiction,Viljakusjumalus õudusulmes,What maternal epithet is commonly attached to Shub-Niggurath?,Milline emaepiteet on tavaliselt seotud Shub-Niggurathiga?,The Black Goat of the Woods with a Thousand Young,Metsade Must Kits tuhande järglasega,,,The long epithet presents the deity as a dark fertility figure.,Pikk epiteet kujutab jumalust tumeda viljakuskujuna.,Shub-Niggurath — Wikipedia revision 1359074213,https://en.wikipedia.org/w/index.php?title=Shub-Niggurath&oldid=1359074213,CC-BY-SA-4.0,2026-08-21,reviewed,true
built-in-literature-language-clue-0211,built-in-literature-language,Literature and Language Pack,built-in-literature-language-set-043,board,round-one,1,medium,fictional-characters,A Supercomputer Calculates for Millennia,Superarvuti arvutab aastatuhandeid,"In Douglas Adams’s fiction, what number answers the Ultimate Question?",Milline arv vastab Douglas Adamsi loomingus Ülimale Küsimusele?,42,42,Forty-two,Nelikümmend kaks,The supercomputer Deep Thought announces the answer as forty-two.,"Superarvuti Deep Thought teatab, et vastus on nelikümmend kaks.",42 (number) — Wikipedia revision 1370412921,https://en.wikipedia.org/w/index.php?title=42_(number)&oldid=1370412921,CC-BY-SA-4.0,2026-08-21,reviewed,true
built-in-literature-language-clue-0212,built-in-literature-language,Literature and Language Pack,built-in-literature-language-set-043,board,round-one,2,medium,fictional-characters,A Supercomputer Calculates for Millennia,Superarvuti arvutab aastatuhandeid,Which fictional computer calculates the answer 42 in Douglas Adams’s fiction?,Milline väljamõeldud arvuti arvutab Douglas Adamsi loomingus vastuse 42?,Deep Thought,Deep Thought,,,Deep Thought spends millions of years computing the answer.,Deep Thought kulutab vastuse arvutamisele miljoneid aastaid.,42 (number) — Wikipedia revision 1370412921,https://en.wikipedia.org/w/index.php?title=42_(number)&oldid=1370412921,CC-BY-SA-4.0,2026-08-21,reviewed,true
built-in-literature-language-clue-0213,built-in-literature-language,Literature and Language Pack,built-in-literature-language-set-043,board,round-one,3,medium,fictional-characters,A Supercomputer Calculates for Millennia,Superarvuti arvutab aastatuhandeid,For how many years does Deep Thought calculate before announcing the result?,Mitu aastat arvutab Deep Thought enne tulemuse teatamist?,7.5 million years,"7,5 miljonit aastat",Seven and a half million years,Seitse ja pool miljonit aastat,The calculation takes seven and a half million years.,Arvutamine võtab seitse ja pool miljonit aastat.,42 (number) — Wikipedia revision 1370412921,https://en.wikipedia.org/w/index.php?title=42_(number)&oldid=1370412921,CC-BY-SA-4.0,2026-08-21,reviewed,true
built-in-literature-language-clue-0214,built-in-literature-language,Literature and Language Pack,built-in-literature-language-set-043,board,round-one,4,medium,fictional-characters,A Supercomputer Calculates for Millennia,Superarvuti arvutab aastatuhandeid,What planet-sized computer is built to determine the corresponding question?,Milline planeedi suurune arvuti on ehitatud vastava küsimuse määramiseks?,Earth,Maa,,,Earth is designed as Deep Thought’s successor to compute the Ultimate Question.,"Maa projekteeritakse Deep Thoughti järglaseks, et arvutada välja Ülim Küsimus.",42 (number) — Wikipedia revision 1370412921,https://en.wikipedia.org/w/index.php?title=42_(number)&oldid=1370412921,CC-BY-SA-4.0,2026-08-21,reviewed,true
built-in-literature-language-clue-0215,built-in-literature-language,Literature and Language Pack,built-in-literature-language-set-043,board,round-one,5,medium,fictional-characters,A Supercomputer Calculates for Millennia,Superarvuti arvutab aastatuhandeid,What simple reason did Douglas Adams give for choosing the number?,Millise lihtsa põhjuse tõi Douglas Adams selle arvu valimiseks?,It was a joke,See oli nali,A joke|No hidden meaning,Nali|Varjatud tähendust polnud,"Adams said he chose an ordinary small number as a joke, not from hidden mathematical symbolism.","Adams ütles, et ta valis tavalise väikese arvu naljana, mitte varjatud matemaatilise sümbolina.",42 (number) — Wikipedia revision 1370412921,https://en.wikipedia.org/w/index.php?title=42_(number)&oldid=1370412921,CC-BY-SA-4.0,2026-08-21,reviewed,true
built-in-literature-language-clue-0216,built-in-literature-language,Literature and Language Pack,built-in-literature-language-set-044,board,round-one,1,medium,fictional-characters,A Bowman Faces the Mountain Dragon,Vibukütt astub vastu mäedraakonile,Which author wrote “The Hobbit”?,Milline autor kirjutas „Kääbiku“?,J. R. R. Tolkien,J. R. R. Tolkien,J.R.R. Tolkien,J.R.R. Tolkien,J. R. R. Tolkien wrote the fantasy novel.,J. R. R. Tolkien kirjutas selle fantaasiaromaani.,The Hobbit — Wikipedia revision 1369773395,https://en.wikipedia.org/w/index.php?title=The_Hobbit&oldid=1369773395,CC-BY-SA-4.0,2026-08-21,reviewed,true
built-in-literature-language-clue-0217,built-in-literature-language,Literature and Language Pack,built-in-literature-language-set-044,board,round-one,2,medium,fictional-characters,A Bowman Faces the Mountain Dragon,Vibukütt astub vastu mäedraakonile,Which hobbit is recruited as the company’s burglar?,Milline kääbik värvatakse rühma murdvargaks?,Bilbo Baggins,Bilbo Baggins,,,Bilbo Baggins joins Thorin’s expedition.,Bilbo Baggins liitub Thorini retkega.,The Hobbit — Wikipedia revision 1369773395,https://en.wikipedia.org/w/index.php?title=The_Hobbit&oldid=1369773395,CC-BY-SA-4.0,2026-08-21,reviewed,true
built-in-literature-language-clue-0218,built-in-literature-language,Literature and Language Pack,built-in-literature-language-set-044,board,round-one,3,medium,fictional-characters,A Bowman Faces the Mountain Dragon,Vibukütt astub vastu mäedraakonile,What is the name of the dragon occupying the Lonely Mountain?,Mis on Üksildast mäge hõivava lohe nimi?,Smaug,Smaug,,,Smaug guards the dwarves’ treasure in Erebor.,Smaug valvab Ereboris päkapikkude aaret.,The Hobbit — Wikipedia revision 1369773395,https://en.wikipedia.org/w/index.php?title=The_Hobbit&oldid=1369773395,CC-BY-SA-4.0,2026-08-21,reviewed,true
built-in-literature-language-clue-0219,built-in-literature-language,Literature and Language Pack,built-in-literature-language-set-044,board,round-one,4,medium,fictional-characters,A Bowman Faces the Mountain Dragon,Vibukütt astub vastu mäedraakonile,Who kills Smaug?,Kes tapab Smaugi?,Bard the Bowman,Vibukütt Bard,Bard,Bard,Bard shoots the arrow that kills Smaug.,"Bard tulistab noolt, mis tapab Smaugi.",The Hobbit — Wikipedia revision 1369773395,https://en.wikipedia.org/w/index.php?title=The_Hobbit&oldid=1369773395,CC-BY-SA-4.0,2026-08-21,reviewed,true
built-in-literature-language-clue-0220,built-in-literature-language,Literature and Language Pack,built-in-literature-language-set-044,board,round-one,5,medium,fictional-characters,A Bowman Faces the Mountain Dragon,Vibukütt astub vastu mäedraakonile,Which bird communicates the information about Smaug’s bare patch to Bard?,Milline lind edastab Bardile teabe Smaugi palja koha kohta?,A thrush,Rästas,Thrush,Rästas,A thrush relays Bilbo’s observation to Bard.,Rästas edastab Bardile Bilbo tähelepaneku.,The Hobbit — Wikipedia revision 1369773395,https://en.wikipedia.org/w/index.php?title=The_Hobbit&oldid=1369773395,CC-BY-SA-4.0,2026-08-21,reviewed,true
built-in-literature-language-clue-0221,built-in-literature-language,Literature and Language Pack,built-in-literature-language-set-045,board,round-one,1,medium,fictional-characters,An Engineer Commands an Undersea Vessel,Insener juhib veealust laeva,In which Jules Verne novel does an enigmatic submarine commander first appear?,Millises Jules Verne’i romaanis ilmub esimest korda salapärane allveelaevakapten?,Twenty Thousand Leagues Under the Seas,Kakskümmend tuhat ljööd vee all,"20,000 Leagues Under the Sea",20 000 ljööd vee all,The Nautilus is central to Verne’s undersea novel.,Nautilus on Verne’i veealuse romaani keskmes.,Nautilus (fictional submarine) — Wikipedia revision 1355792995,https://en.wikipedia.org/w/index.php?title=Nautilus_(fictional_submarine)&oldid=1355792995,CC-BY-SA-4.0,2026-08-21,reviewed,true
built-in-literature-language-clue-0222,built-in-literature-language,Literature and Language Pack,built-in-literature-language-set-045,board,round-one,2,medium,fictional-characters,An Engineer Commands an Undersea Vessel,Insener juhib veealust laeva,Who commands the fictional submarine?,Kes juhib väljamõeldud allveelaeva?,Captain Nemo,Kapten Nemo,Nemo,Nemo,Captain Nemo designed and commands the vessel.,Kapten Nemo kavandas ja juhib laeva.,Nautilus (fictional submarine) — Wikipedia revision 1355792995,https://en.wikipedia.org/w/index.php?title=Nautilus_(fictional_submarine)&oldid=1355792995,CC-BY-SA-4.0,2026-08-21,reviewed,true
built-in-literature-language-clue-0223,built-in-literature-language,Literature and Language Pack,built-in-literature-language-set-045,board,round-one,3,medium,fictional-characters,An Engineer Commands an Undersea Vessel,Insener juhib veealust laeva,What is the name of the submarine in “Twenty Thousand Leagues Under the Seas”?,Mis on romaani „Kakskümmend tuhat ljööd vee all“ allveelaeva nimi?,Nautilus,Nautilus,The Nautilus,Nautilus,The electrically powered vessel is called Nautilus.,Elektrijõul liikuv laev kannab nime Nautilus.,Nautilus (fictional submarine) — Wikipedia revision 1355792995,https://en.wikipedia.org/w/index.php?title=Nautilus_(fictional_submarine)&oldid=1355792995,CC-BY-SA-4.0,2026-08-21,reviewed,true
built-in-literature-language-clue-0224,built-in-literature-language,Literature and Language Pack,built-in-literature-language-set-045,board,round-one,4,medium,fictional-characters,An Engineer Commands an Undersea Vessel,Insener juhib veealust laeva,Which professor narrates “Twenty Thousand Leagues Under the Seas”?,Milline professor jutustab romaani „Kakskümmend tuhat ljööd vee all“?,Pierre Aronnax,Pierre Aronnax,,,Professor Pierre Aronnax recounts the voyage aboard Nemo’s submarine.,Professor Pierre Aronnax jutustab reisist Nemo allveelaeval.,Nautilus (fictional submarine) — Wikipedia revision 1355792995,https://en.wikipedia.org/w/index.php?title=Nautilus_(fictional_submarine)&oldid=1355792995,CC-BY-SA-4.0,2026-08-21,reviewed,true
built-in-literature-language-clue-0225,built-in-literature-language,Literature and Language Pack,built-in-literature-language-set-045,board,round-one,5,medium,fictional-characters,An Engineer Commands an Undersea Vessel,Insener juhib veealust laeva,What Latin motto on Nemo’s vessel means “Mobile in a mobile element”?,Milline ladinakeelne moto Nemo laeval tähendab „liikuv liikuvas keskkonnas“?,Mobilis in mobili,Mobilis in mobili,,,The Nautilus bears the motto “Mobilis in mobili”.,Nautilus kannab motot „Mobilis in mobili“.,Nautilus (fictional submarine) — Wikipedia revision 1355792995,https://en.wikipedia.org/w/index.php?title=Nautilus_(fictional_submarine)&oldid=1355792995,CC-BY-SA-4.0,2026-08-21,reviewed,true
built-in-literature-language-clue-0226,built-in-literature-language,Literature and Language Pack,built-in-literature-language-set-046,board,round-one,1,medium,fictional-characters,A Satire of California Dreamers,California unistajate satiir,Which American novelist wrote “The Day of the Locust”?,Milline Ameerika romaanikirjanik kirjutas „The Day of the Locusti“?,Nathanael West,Nathanael West,,,Nathanael West wrote the 1939 novel.,Nathanael West kirjutas 1939. aasta romaani.,The Day of the Locust — Wikipedia revision 1364462892,https://en.wikipedia.org/w/index.php?title=The_Day_of_the_Locust&oldid=1364462892,CC-BY-SA-4.0,2026-08-21,reviewed,true
built-in-literature-language-clue-0227,built-in-literature-language,Literature and Language Pack,built-in-literature-language-set-046,board,round-one,2,medium,fictional-characters,A Satire of California Dreamers,California unistajate satiir,Which California entertainment district provides “The Day of the Locust” with its setting?,Milline California meelelahutuspiirkond on romaani „The Day of the Locust“ tegevuspaik?,Hollywood,Hollywood,,,The story follows people on Hollywood’s margins.,Lugu jälgib Hollywoodi äärealadel elavaid inimesi.,The Day of the Locust — Wikipedia revision 1364462892,https://en.wikipedia.org/w/index.php?title=The_Day_of_the_Locust&oldid=1364462892,CC-BY-SA-4.0,2026-08-21,reviewed,true
built-in-literature-language-clue-0228,built-in-literature-language,Literature and Language Pack,built-in-literature-language-set-046,board,round-one,3,medium,fictional-characters,A Satire of California Dreamers,California unistajate satiir,Which aspiring artist comes to California for film-design work in “The Day of the Locust”?,Milline kunstnikuks pürgija tuleb romaanis „The Day of the Locust“ Californiasse filmikujundajana töötama?,Tod Hackett,Tod Hackett,,,Tod Hackett is the principal observer and an aspiring painter.,Tod Hackett on loo peamine vaatleja ja kunstnikuks pürgija.,The Day of the Locust — Wikipedia revision 1364462892,https://en.wikipedia.org/w/index.php?title=The_Day_of_the_Locust&oldid=1364462892,CC-BY-SA-4.0,2026-08-21,reviewed,true
built-in-literature-language-clue-0229,built-in-literature-language,Literature and Language Pack,built-in-literature-language-set-046,board,round-one,4,medium,fictional-characters,A Satire of California Dreamers,California unistajate satiir,What is Homer Simpson’s former occupation in Nathanael West’s 1939 novel?,Mis oli Homer Simpsoni endine elukutse Nathanael Westi 1939. aasta romaanis?,Hotel bookkeeper,Hotelli raamatupidaja,,,West presents Homer as a retired hotel bookkeeper living alone near Hollywood.,"West kujutab Homerit pensionile jäänud hotelli raamatupidajana, kes elab üksi Hollywoodi lähedal.",The Day of the Locust — Wikipedia revision 1364462892,https://en.wikipedia.org/w/index.php?title=The_Day_of_the_Locust&oldid=1364462892,CC-BY-SA-4.0,2026-08-21,reviewed,true
built-in-literature-language-clue-0230,built-in-literature-language,Literature and Language Pack,built-in-literature-language-set-046,board,round-one,5,medium,fictional-characters,A Satire of California Dreamers,California unistajate satiir,Which painting title was the working title of “The Day of the Locust”?,Millise maali pealkiri oli romaani „The Day of the Locust“ tööpealkiri?,The Burning of Los Angeles,The Burning of Los Angeles,,,"Tod imagines a painting called “The Burning of Los Angeles”, West’s working title.","Tod kujutleb maali pealkirjaga „The Burning of Los Angeles“, mis oli ka Westi romaani tööpealkiri.",The Day of the Locust — Wikipedia revision 1364462892,https://en.wikipedia.org/w/index.php?title=The_Day_of_the_Locust&oldid=1364462892,CC-BY-SA-4.0,2026-08-21,reviewed,true
built-in-literature-language-clue-0231,built-in-literature-language,Literature and Language Pack,built-in-literature-language-set-047,board,round-one,1,medium,fictional-characters,A Brilliant Witch Tracks Dark Objects,Hiilgav nõid otsib tumedaid esemeid,To which Hogwarts house does Hermione Granger belong?,Millisesse Sigatüüka majja kuulub Hermione Granger?,Gryffindor,Gryffindor,,,The Sorting Hat places her in the same house as Harry and Ron.,Valikukübar paigutab ta Harry ja Roniga samasse majja.,Hermione Granger — Wikipedia revision 1363299276,https://en.wikipedia.org/w/index.php?title=Hermione_Granger&oldid=1363299276,CC-BY-SA-4.0,2026-08-21,reviewed,true
built-in-literature-language-clue-0232,built-in-literature-language,Literature and Language Pack,built-in-literature-language-set-047,board,round-one,2,medium,fictional-characters,A Brilliant Witch Tracks Dark Objects,Hiilgav nõid otsib tumedaid esemeid,Who portrays Hermione in the eight main Harry Potter films?,Kes kehastab Hermionet kaheksas peamises Harry Potteri filmis?,Emma Watson,Emma Watson,,,Emma Watson plays Hermione in the film series.,Emma Watson mängib filmisarjas Hermionet.,Hermione Granger — Wikipedia revision 1363299276,https://en.wikipedia.org/w/index.php?title=Hermione_Granger&oldid=1363299276,CC-BY-SA-4.0,2026-08-21,reviewed,true
built-in-literature-language-clue-0233,built-in-literature-language,Literature and Language Pack,built-in-literature-language-set-047,board,round-one,3,medium,fictional-characters,A Brilliant Witch Tracks Dark Objects,Hiilgav nõid otsib tumedaid esemeid,Which two boys form Hermione’s closest school friendship?,Millised kaks poissi on Hermione lähimad koolisõbrad?,Harry Potter and Ron Weasley,Harry Potter ja Ron Weasley,,,Hermione forms the central trio with Harry and Ron.,Hermione moodustab Harry ja Roniga keskse kolmiku.,Hermione Granger — Wikipedia revision 1363299276,https://en.wikipedia.org/w/index.php?title=Hermione_Granger&oldid=1363299276,CC-BY-SA-4.0,2026-08-21,reviewed,true
built-in-literature-language-clue-0234,built-in-literature-language,Literature and Language Pack,built-in-literature-language-set-047,board,round-one,4,medium,fictional-characters,A Brilliant Witch Tracks Dark Objects,Hiilgav nõid otsib tumedaid esemeid,Did Hermione destroy Hufflepuff’s cup with the Sword of Gryffindor?,Kas Hermione hävitas Hufflepuffi karika Gryffindori mõõgaga?,No,Ei,"No, with a basilisk fang","Ei, basiiliku kihvaga","Hermione destroys the cup with a basilisk fang, not the sword.","Hermione hävitab karika basiiliku kihvaga, mitte mõõgaga.",Hermione Granger — Wikipedia revision 1363299276,https://en.wikipedia.org/w/index.php?title=Hermione_Granger&oldid=1363299276,CC-BY-SA-4.0,2026-08-21,reviewed,true
built-in-literature-language-clue-0235,built-in-literature-language,Literature and Language Pack,built-in-literature-language-set-047,board,round-one,5,medium,fictional-characters,A Brilliant Witch Tracks Dark Objects,Hiilgav nõid otsib tumedaid esemeid,Which senior wizarding-government office does Hermione eventually hold?,Millisele kõrgele ametikohale võlurite valitsuses Hermione lõpuks jõuab?,Minister for Magic,Võlukunstiminister,,,Her later career culminates in service as Minister for Magic.,Tema hilisem karjäär kulmineerub teenimisega võlukunstiministrina.,Hermione Granger — Wikipedia revision 1363299276,https://en.wikipedia.org/w/index.php?title=Hermione_Granger&oldid=1363299276,CC-BY-SA-4.0,2026-08-21,reviewed,true
built-in-literature-language-clue-0236,built-in-literature-language,Literature and Language Pack,built-in-literature-language-set-048,board,round-one,1,medium,fictional-characters,A Middle-earth Companion’s Journey,Keskmaa kaaslase teekond,Gimli is a member of which people of Middle-earth?,Millise Keskmaa rahva hulka kuulub Gimli?,Dwarves,Päkapikud,Dwarf,Päkapikk,Gimli is a Dwarf of Durin’s Folk.,Gimli on Durini soost päkapikk.,Gimli (Middle-earth) — Wikipedia revision 1368648460,https://en.wikipedia.org/w/index.php?title=Gimli_(Middle-earth)&oldid=1368648460,CC-BY-SA-4.0,2026-08-21,reviewed,true
built-in-literature-language-clue-0237,built-in-literature-language,Literature and Language Pack,built-in-literature-language-set-048,board,round-one,2,medium,fictional-characters,A Middle-earth Companion’s Journey,Keskmaa kaaslase teekond,Which company of nine does Gimli join in Rivendell?,Millise üheksaliikmelise vennaskonnaga liitub Gimli Rivendellis?,Fellowship of the Ring,Sõrmuse Vennaskond,,,Gimli represents the Dwarves in the Fellowship.,Gimli esindab Sõrmuse Vennaskonnas päkapikke.,Gimli (Middle-earth) — Wikipedia revision 1368648460,https://en.wikipedia.org/w/index.php?title=Gimli_(Middle-earth)&oldid=1368648460,CC-BY-SA-4.0,2026-08-21,reviewed,true
built-in-literature-language-clue-0238,built-in-literature-language,Literature and Language Pack,built-in-literature-language-set-048,board,round-one,3,medium,fictional-characters,A Middle-earth Companion’s Journey,Keskmaa kaaslase teekond,Which Elf forms an especially close friendship with Gimli?,Millise haldjaga tekib Gimlil eriti lähedane sõprus?,Legolas,Legolas,,,Gimli and Legolas overcome the traditional distrust between their peoples.,Gimli ja Legolas ületavad oma rahvaste traditsioonilise umbusu.,Gimli (Middle-earth) — Wikipedia revision 1368648460,https://en.wikipedia.org/w/index.php?title=Gimli_(Middle-earth)&oldid=1368648460,CC-BY-SA-4.0,2026-08-21,reviewed,true
built-in-literature-language-clue-0239,built-in-literature-language,Literature and Language Pack,built-in-literature-language-set-048,board,round-one,4,medium,fictional-characters,A Middle-earth Companion’s Journey,Keskmaa kaaslase teekond,Who is Gimli’s father?,Kes on Gimli isa?,Glóin,Glóin,Gloin,Gloin,"Glóin, a companion in “The Hobbit”, is Gimli’s father.","Glóin, „Kääbiku“ retkeline, on Gimli isa.",Gimli (Middle-earth) — Wikipedia revision 1368648460,https://en.wikipedia.org/w/index.php?title=Gimli_(Middle-earth)&oldid=1368648460,CC-BY-SA-4.0,2026-08-21,reviewed,true
built-in-literature-language-clue-0240,built-in-literature-language,Literature and Language Pack,built-in-literature-language-set-048,board,round-one,5,medium,fictional-characters,A Middle-earth Companion’s Journey,Keskmaa kaaslase teekond,Of which underground realm does Gimli become lord after the War of the Ring?,Millise maa-aluse riigi isandaks saab Gimli pärast Sõrmuse sõda?,Glittering Caves,Helkivad koopad,,,Gimli establishes a Dwarf colony and becomes Lord of the Glittering Caves.,Gimli rajab sinna päkapikkude koloonia ja saab Helkivate koobaste isandaks.,Gimli (Middle-earth) — Wikipedia revision 1368648460,https://en.wikipedia.org/w/index.php?title=Gimli_(Middle-earth)&oldid=1368648460,CC-BY-SA-4.0,2026-08-21,reviewed,true
built-in-literature-language-clue-0241,built-in-literature-language,Literature and Language Pack,built-in-literature-language-set-049,board,round-one,1,medium,fictional-characters,Names and Tools of a Hogwarts Scholar,Sigatüüka õpetlase nimed ja tööriistad,What surname belongs to Harry Potter’s friend Hermione?,Mis on Harry Potteri sõbra Hermione perekonnanimi?,Granger,Granger,,,Hermione Granger is one of Harry’s closest friends.,Hermione Granger on üks Harry lähimaid sõpru.,Hermione Granger — Wikipedia revision 1363299276,https://en.wikipedia.org/w/index.php?title=Hermione_Granger&oldid=1363299276,CC-BY-SA-4.0,2026-08-21,reviewed,true
built-in-literature-language-clue-0242,built-in-literature-language,Literature and Language Pack,built-in-literature-language-set-049,board,round-one,2,medium,fictional-characters,Names and Tools of a Hogwarts Scholar,Sigatüüka õpetlase nimed ja tööriistad,What term describes Hermione’s status as a witch born to non-magical parents?,"Milline termin kirjeldab Hermione staatust nõiana, kes sündis mittemaagilistele vanematele?",Muggle-born,Mugusündinu,,,Both of Hermione’s parents are Muggles.,Hermione mõlemad vanemad on mugud.,Hermione Granger — Wikipedia revision 1363299276,https://en.wikipedia.org/w/index.php?title=Hermione_Granger&oldid=1363299276,CC-BY-SA-4.0,2026-08-21,reviewed,true
built-in-literature-language-clue-0243,built-in-literature-language,Literature and Language Pack,built-in-literature-language-set-049,board,round-one,3,medium,fictional-characters,Names and Tools of a Hogwarts Scholar,Sigatüüka õpetlase nimed ja tööriistad,What is the name of Hermione’s cat?,Mis on Hermione kassi nimi?,Crookshanks,Crookshanks,,,Hermione buys Crookshanks before her third school year.,Hermione ostab Crookshanksi enne oma kolmandat kooliaastat.,Hermione Granger — Wikipedia revision 1363299276,https://en.wikipedia.org/w/index.php?title=Hermione_Granger&oldid=1363299276,CC-BY-SA-4.0,2026-08-21,reviewed,true
built-in-literature-language-clue-0244,built-in-literature-language,Literature and Language Pack,built-in-literature-language-set-049,board,round-one,4,medium,fictional-characters,Names and Tools of a Hogwarts Scholar,Sigatüüka õpetlase nimed ja tööriistad,What magical device lets Hermione attend overlapping classes?,Milline maagiline seade laseb Hermionel kattuvates tundides osaleda?,Time-Turner,ajapööraja,,,She uses a Time-Turner during her third year.,Ta kasutab kolmandal kooliaastal ajapöörajat.,Hermione Granger — Wikipedia revision 1363299276,https://en.wikipedia.org/w/index.php?title=Hermione_Granger&oldid=1363299276,CC-BY-SA-4.0,2026-08-21,reviewed,true
built-in-literature-language-clue-0245,built-in-literature-language,Literature and Language Pack,built-in-literature-language-set-049,board,round-one,5,medium,fictional-characters,Names and Tools of a Hogwarts Scholar,Sigatüüka õpetlase nimed ja tööriistad,What is Hermione Granger’s middle name?,Mis on Hermione Grangeri teine eesnimi?,Jean,Jean,,,Rowling later established Hermione’s middle name as Jean.,"Rowling avaldas hiljem, et Hermione teine eesnimi on Jean.",Hermione Granger — Wikipedia revision 1363299276,https://en.wikipedia.org/w/index.php?title=Hermione_Granger&oldid=1363299276,CC-BY-SA-4.0,2026-08-21,reviewed,true
built-in-literature-language-clue-0246,built-in-literature-language,Literature and Language Pack,built-in-literature-language-set-050,board,round-one,1,medium,fictional-characters,A Bear Family Learns in Picture Books,Karupere õpib pildiraamatutes,Which married author-illustrators created the long-running picture-book series about a family of bears?,Milline abielus autorite ja illustraatorite paar lõi pika pildiraamatusarja karuperest?,Stan and Jan Berenstain,Stan ja Jan Berenstain,,,Stan and Jan Berenstain created the children’s series.,Stan ja Jan Berenstain lõid selle lastesarja.,Berenstain Bears — Wikipedia revision 1362883912,https://en.wikipedia.org/w/index.php?title=Berenstain_Bears&oldid=1362883912,CC-BY-SA-4.0,2026-08-21,reviewed,true
built-in-literature-language-clue-0247,built-in-literature-language,Literature and Language Pack,built-in-literature-language-set-050,board,round-one,2,medium,fictional-characters,A Bear Family Learns in Picture Books,Karupere õpib pildiraamatutes,What are the parents in the bear family usually called?,Kuidas nimetatakse tavaliselt karupere vanemaid?,Mama Bear and Papa Bear,Emakaru ja Isakaru,,,Mama and Papa appear with Brother and Sister Bear throughout the family series.,Emakaru ja Isakaru esinevad kogu peresarjas koos Vendkaru ja Õdekaruga.,Berenstain Bears — Wikipedia revision 1362883912,https://en.wikipedia.org/w/index.php?title=Berenstain_Bears&oldid=1362883912,CC-BY-SA-4.0,2026-08-21,reviewed,true
built-in-literature-language-clue-0248,built-in-literature-language,Literature and Language Pack,built-in-literature-language-set-050,board,round-one,3,medium,fictional-characters,A Bear Family Learns in Picture Books,Karupere õpib pildiraamatutes,What are the two original cubs called?,Kuidas nimetatakse kaht algupärast karupoega?,Brother Bear and Sister Bear,Vendkaru ja Õdekaru,,,Brother and Sister Bear are the family’s first two children.,Vendkaru ja Õdekaru on pere kaks esimest last.,Berenstain Bears — Wikipedia revision 1362883912,https://en.wikipedia.org/w/index.php?title=Berenstain_Bears&oldid=1362883912,CC-BY-SA-4.0,2026-08-21,reviewed,true
built-in-literature-language-clue-0249,built-in-literature-language,Literature and Language Pack,built-in-literature-language-set-050,board,round-one,4,medium,fictional-characters,A Bear Family Learns in Picture Books,Karupere õpib pildiraamatutes,Which 1962 book introduced the family?,Milline 1962. aasta raamat tutvustas perekonda?,The Big Honey Hunt,The Big Honey Hunt,,,The 1962 story was the first published book to feature the bear family.,"1962. aasta lugu oli esimene avaldatud raamat, milles karupere esines.",Berenstain Bears — Wikipedia revision 1362883912,https://en.wikipedia.org/w/index.php?title=Berenstain_Bears&oldid=1362883912,CC-BY-SA-4.0,2026-08-21,reviewed,true
built-in-literature-language-clue-0250,built-in-literature-language,Literature and Language Pack,built-in-literature-language-set-050,board,round-one,5,medium,fictional-characters,A Bear Family Learns in Picture Books,Karupere õpib pildiraamatutes,Is the family surname correctly spelled “Berenstein”?,Kas perekonnanimi kirjutatakse õigesti „Berenstein“?,No,Ei,"No, Berenstain","Ei, Berenstain","The published surname is Berenstain, ending in “-stain”.","Avaldatud perekonnanimi on Berenstain, mille lõpus on „-stain“.",Berenstain Bears — Wikipedia revision 1362883912,https://en.wikipedia.org/w/index.php?title=Berenstain_Bears&oldid=1362883912,CC-BY-SA-4.0,2026-08-21,reviewed,true
built-in-literature-language-clue-0251,built-in-literature-language,Literature and Language Pack,built-in-literature-language-set-051,board,round-one,1,hard,literary-movements,A Scarlet Mark in Puritan Boston,Punane märk puritaanlikus Bostonis,Which novelist created the character Hester Prynne?,Milline romaanikirjanik lõi Hester Prynne’i tegelaskuju?,Nathaniel Hawthorne,Nathaniel Hawthorne,,,Nathaniel Hawthorne wrote the 1850 work.,Nathaniel Hawthorne kirjutas 1850. aastal ilmunud teose.,The Scarlet Letter — Wikipedia revision 1369839212,https://en.wikipedia.org/w/index.php?title=The_Scarlet_Letter&oldid=1369839212,CC-BY-SA-4.0,2026-08-21,reviewed,true
built-in-literature-language-clue-0252,built-in-literature-language,Literature and Language Pack,built-in-literature-language-set-051,board,round-one,2,hard,literary-movements,A Scarlet Mark in Puritan Boston,Punane märk puritaanlikus Bostonis,The novel about Hester Prynne is listed as Historical and which other genre?,Hester Prynne’ist rääkiva romaani žanriteks on märgitud ajalooline romaan ja milline teine žanr?,Romantic,Romantiline,,,The revision’s infobox lists the novel’s genres as “Romantic” and “Historical”.,Redaktsiooni infokastis on romaani žanriteks märgitud „Romantic“ ja „Historical“.,The Scarlet Letter — Wikipedia revision 1369839212,https://en.wikipedia.org/w/index.php?title=The_Scarlet_Letter&oldid=1369839212,CC-BY-SA-4.0,2026-08-21,reviewed,true
built-in-literature-language-clue-0253,built-in-literature-language,Literature and Language Pack,built-in-literature-language-set-051,board,round-one,3,hard,literary-movements,A Scarlet Mark in Puritan Boston,Punane märk puritaanlikus Bostonis,In what year was “The Scarlet Letter” first published?,Mis aastal ilmus esimest korda „The Scarlet Letter“?,1850,1850,,,"Published in 1850, the novel is set in the Puritan Massachusetts Bay Colony.",1850. aastal ilmunud romaani tegevus toimub puritaanlikus Massachusettsi lahe koloonias.,The Scarlet Letter — Wikipedia revision 1369839212,https://en.wikipedia.org/w/index.php?title=The_Scarlet_Letter&oldid=1369839212,CC-BY-SA-4.0,2026-08-21,reviewed,true
built-in-literature-language-clue-0254,built-in-literature-language,Literature and Language Pack,built-in-literature-language-set-051,board,round-one,4,hard,literary-movements,A Scarlet Mark in Puritan Boston,Punane märk puritaanlikus Bostonis,Which Puritan colony provides the setting of “The Scarlet Letter”?,Milline puritaanlik koloonia on romaani „The Scarlet Letter“ tegevuspaik?,Massachusetts Bay Colony,Massachusettsi lahe koloonia,,,The story takes place in seventeenth-century Puritan Massachusetts.,Lugu toimub seitsmeteistkümnenda sajandi puritaanlikus Massachusettsis.,The Scarlet Letter — Wikipedia revision 1369839212,https://en.wikipedia.org/w/index.php?title=The_Scarlet_Letter&oldid=1369839212,CC-BY-SA-4.0,2026-08-21,reviewed,true
built-in-literature-language-clue-0255,built-in-literature-language,Literature and Language Pack,built-in-literature-language-set-051,board,round-one,5,hard,literary-movements,A Scarlet Mark in Puritan Boston,Punane märk puritaanlikus Bostonis,Which federal workplace gives the introductory sketch of “The Scarlet Letter” its name?,Milline föderaalne töökoht annab romaani „The Scarlet Letter“ sissejuhatavale visandile nime?,Custom House,Tollihoone,,,“The Custom-House” frames the romance with a fictional manuscript discovery.,„The Custom-House“ raamib romaani väljamõeldud käsikirja leidmisega.,The Scarlet Letter — Wikipedia revision 1369839212,https://en.wikipedia.org/w/index.php?title=The_Scarlet_Letter&oldid=1369839212,CC-BY-SA-4.0,2026-08-21,reviewed,true
built-in-literature-language-clue-0256,built-in-literature-language,Literature and Language Pack,built-in-literature-language-set-052,board,round-two,1,hard,literary-movements,A Poem Makes a General Claim,Luuletus esitab üldistava väite,Which British writer wrote a controversial poem that his wife called “suffragette verses”?,"Milline Briti kirjanik kirjutas vastuolulise luuletuse, mida tema abikaasa nimetas „sufražettide värssideks“?",Rudyard Kipling,Rudyard Kipling,,,Kipling’s poem first appeared in 1911 and builds a sequence of paired comparisons.,Kiplingi luuletus ilmus esimest korda 1911. aastal ja koosneb paarisvõrdluste jadast.,The Female of the Species (poem) — Wikipedia revision 1353084198,https://en.wikipedia.org/w/index.php?title=The_Female_of_the_Species_(poem)&oldid=1353084198,CC-BY-SA-4.0,2026-08-21,reviewed,true
built-in-literature-language-clue-0257,built-in-literature-language,Literature and Language Pack,built-in-literature-language-set-052,board,round-two,2,hard,literary-movements,A Poem Makes a General Claim,Luuletus esitab üldistava väite,Which expression contrasting women and men did Kipling’s poem popularize?,Millise naisi ja mehi vastandava väljendi Kiplingi luuletus populariseeris?,The female of the species,Liigi emasloom,,,Its refrain became a widely reused expression.,Selle refräänist sai laialt kasutatud väljend.,The Female of the Species (poem) — Wikipedia revision 1353084198,https://en.wikipedia.org/w/index.php?title=The_Female_of_the_Species_(poem)&oldid=1353084198,CC-BY-SA-4.0,2026-08-21,reviewed,true
built-in-literature-language-clue-0258,built-in-literature-language,Literature and Language Pack,built-in-literature-language-set-052,board,round-two,3,hard,literary-movements,A Poem Makes a General Claim,Luuletus esitab üldistava väite,Which comparison recurs as the best-known refrain of Kipling’s poem about the sexes?,Milline võrdlus kordub Kiplingi sugupooli käsitleva luuletuse tuntuima refräänina?,The female is deadlier than the male,Emasloom on isasloomast surmavam,,,The poem repeatedly asserts that the female of a species can be more dangerous.,"Luuletus kinnitab korduvalt, et liigi emasloom võib olla ohtlikum.",The Female of the Species (poem) — Wikipedia revision 1353084198,https://en.wikipedia.org/w/index.php?title=The_Female_of_the_Species_(poem)&oldid=1353084198,CC-BY-SA-4.0,2026-08-21,reviewed,true
built-in-literature-language-clue-0259,built-in-literature-language,Literature and Language Pack,built-in-literature-language-set-052,board,round-two,4,hard,literary-movements,A Poem Makes a General Claim,Luuletus esitab üldistava väite,In what year did Kipling first publish his poem contrasting the sexes?,Mis aastal avaldas Kipling esimest korda oma sugupooli vastandava luuletuse?,1911,1911,,,The poem appeared in “The Morning Post” in 1911 before later collection in book form.,Luuletus ilmus 1911. aastal ajalehes „The Morning Post“ ja lisati hiljem raamatukogumikku.,The Female of the Species (poem) — Wikipedia revision 1353084198,https://en.wikipedia.org/w/index.php?title=The_Female_of_the_Species_(poem)&oldid=1353084198,CC-BY-SA-4.0,2026-08-21,reviewed,true
built-in-literature-language-clue-0260,built-in-literature-language,Literature and Language Pack,built-in-literature-language-set-052,board,round-two,5,hard,literary-movements,A Poem Makes a General Claim,Luuletus esitab üldistava väite,Which newspaper first published Kipling’s poem contrasting the sexes?,Milline ajaleht avaldas esimesena Kiplingi sugupooli vastandava luuletuse?,The Morning Post,The Morning Post,Morning Post,Morning Post,The poem first appeared in the British newspaper “The Morning Post”.,Luuletus ilmus esimest korda Briti ajalehes „The Morning Post“.,The Female of the Species (poem) — Wikipedia revision 1353084198,https://en.wikipedia.org/w/index.php?title=The_Female_of_the_Species_(poem)&oldid=1353084198,CC-BY-SA-4.0,2026-08-21,reviewed,true
built-in-literature-language-clue-0261,built-in-literature-language,Literature and Language Pack,built-in-literature-language-set-053,board,round-two,1,hard,literary-movements,Anonymous Writers Build a Shared Archive,Anonüümsed autorid loovad ühist arhiivi,Which three-word motto is represented by the initials SCP?,Millist kolmesõnalist motot esindavad initsiaalid SCP?,"Secure, Contain, Protect","Turva, hoia vaos, kaitse",,,"The fictional organization uses “Secure, Contain, Protect” as its motto.","Väljamõeldud organisatsioon kasutab motot „Secure, Contain, Protect“.",SCP Foundation — Wikipedia revision 1367387495,https://en.wikipedia.org/w/index.php?title=SCP_Foundation&oldid=1367387495,CC-BY-SA-4.0,2026-08-21,reviewed,true
built-in-literature-language-clue-0262,built-in-literature-language,Literature and Language Pack,built-in-literature-language-set-053,board,round-two,2,hard,literary-movements,Anonymous Writers Build a Shared Archive,Anonüümsed autorid loovad ühist arhiivi,Is the SCP Foundation the work of one named novelist or an online collaborative writing project?,Kas SCP Foundation on ühe nimepidi tuntud romaanikirjaniku teos või veebipõhine ühiskirjutusprojekt?,An online collaborative writing project,Veebipõhine ühiskirjutusprojekt,Collaborative writing project,Ühiskirjutusprojekt,Many authors contribute fiction in a shared setting.,Paljud autorid kirjutavad ühises tegevusmaailmas lugusid.,SCP Foundation — Wikipedia revision 1367387495,https://en.wikipedia.org/w/index.php?title=SCP_Foundation&oldid=1367387495,CC-BY-SA-4.0,2026-08-21,reviewed,true
built-in-literature-language-clue-0263,built-in-literature-language,Literature and Language Pack,built-in-literature-language-set-053,board,round-two,3,hard,literary-movements,Anonymous Writers Build a Shared Archive,Anonüümsed autorid loovad ühist arhiivi,What designation identifies the first entry in the collaborative SCP database?,Milline nimetus tähistab esimest kannet koostööpõhises SCP andmebaasis?,SCP-173,SCP-173,,,SCP-173 began as a post on 4chan before the dedicated wiki.,SCP-173 ilmus enne eraldi viki loomist 4chani postitusena.,SCP Foundation — Wikipedia revision 1367387495,https://en.wikipedia.org/w/index.php?title=SCP_Foundation&oldid=1367387495,CC-BY-SA-4.0,2026-08-21,reviewed,true
built-in-literature-language-clue-0264,built-in-literature-language,Literature and Language Pack,built-in-literature-language-set-053,board,round-two,4,hard,literary-movements,Anonymous Writers Build a Shared Archive,Anonüümsed autorid loovad ühist arhiivi,What kind of object is SCP-173 depicted as?,Millise esemena kujutatakse SCP-173?,A statue,Kuju,Sculpture,Skulptuur,The entry describes a dangerous statue-like object.,Sissekanne kirjeldab ohtlikku kujulaadset objekti.,SCP Foundation — Wikipedia revision 1367387495,https://en.wikipedia.org/w/index.php?title=SCP_Foundation&oldid=1367387495,CC-BY-SA-4.0,2026-08-21,reviewed,true
built-in-literature-language-clue-0265,built-in-literature-language,Literature and Language Pack,built-in-literature-language-set-053,board,round-two,5,hard,literary-movements,Anonymous Writers Build a Shared Archive,Anonüümsed autorid loovad ühist arhiivi,On which imageboard did the first entry appear in 2007?,Millisele pilditahvlile ilmus esimene sissekanne 2007. aastal?,4chan,4chan,,,The SCP-173 post appeared on 4chan’s paranormal board.,SCP-173 postitus ilmus 4chani paranormaalsete teemade tahvlil.,SCP Foundation — Wikipedia revision 1367387495,https://en.wikipedia.org/w/index.php?title=SCP_Foundation&oldid=1367387495,CC-BY-SA-4.0,2026-08-21,reviewed,true
built-in-literature-language-clue-0266,built-in-literature-language,Literature and Language Pack,built-in-literature-language-set-054,board,round-two,1,easy,literary-movements,Early Novels from a Prolific Genre Writer,Viljaka žanrikirjaniku varased romaanid,Which 1974 novel was Stephen King’s first published novel?,Milline 1974. aasta romaan oli Stephen Kingi esimene avaldatud romaan?,Carrie,Carrie,,,“Carrie” began King’s published novel bibliography.,„Carrie“ oli Kingi esimene avaldatud romaan.,Stephen King bibliography — Wikipedia revision 1370401937,https://en.wikipedia.org/w/index.php?title=Stephen_King_bibliography&oldid=1370401937,CC-BY-SA-4.0,2026-08-21,reviewed,true
built-in-literature-language-clue-0267,built-in-literature-language,Literature and Language Pack,built-in-literature-language-set-054,board,round-two,2,easy,literary-movements,Early Novels from a Prolific Genre Writer,Viljaka žanrikirjaniku varased romaanid,King is especially associated with which literary genre?,Millise kirjandusžanriga seostatakse Kingi eriti tugevalt?,Horror,Õuduskirjandus,,,King’s bibliography is dominated by horror and supernatural fiction.,Kingi bibliograafias domineerivad õudus- ja üleloomulik kirjandus.,Stephen King bibliography — Wikipedia revision 1370401937,https://en.wikipedia.org/w/index.php?title=Stephen_King_bibliography&oldid=1370401937,CC-BY-SA-4.0,2026-08-21,reviewed,true
built-in-literature-language-clue-0268,built-in-literature-language,Literature and Language Pack,built-in-literature-language-set-054,board,round-two,3,easy,literary-movements,Early Novels from a Prolific Genre Writer,Viljaka žanrikirjaniku varased romaanid,In what year was “The Shining” published?,Mis aastal ilmus „The Shining“?,1977,1977,,,The novel followed “Salem’s Lot” and became King’s third published novel.,Romaan ilmus pärast „Salem’s Loti“ ja oli Kingi kolmas avaldatud romaan.,Stephen King bibliography — Wikipedia revision 1370401937,https://en.wikipedia.org/w/index.php?title=Stephen_King_bibliography&oldid=1370401937,CC-BY-SA-4.0,2026-08-21,reviewed,true
built-in-literature-language-clue-0269,built-in-literature-language,Literature and Language Pack,built-in-literature-language-set-054,board,round-two,4,easy,literary-movements,Early Novels from a Prolific Genre Writer,Viljaka žanrikirjaniku varased romaanid,Which year saw publication of the original version of “The Stand”?,Mis aastal avaldati „The Standi“ algversioon?,1978,1978,,,The original edition of “The Stand” appeared in 1978.,„The Standi“ algväljaanne ilmus 1978. aastal.,Stephen King bibliography — Wikipedia revision 1370401937,https://en.wikipedia.org/w/index.php?title=Stephen_King_bibliography&oldid=1370401937,CC-BY-SA-4.0,2026-08-21,reviewed,true
built-in-literature-language-clue-0270,built-in-literature-language,Literature and Language Pack,built-in-literature-language-set-054,board,round-two,5,easy,literary-movements,Early Novels from a Prolific Genre Writer,Viljaka žanrikirjaniku varased romaanid,"Among “Cujo”, “It”, and “Misery”, which was published first?","Milline ilmus esimesena: „Cujo“, „It“ või „Misery“?",Cujo,Cujo,,,"“Cujo” appeared in 1981, before “It” and “Misery”.","„Cujo“ ilmus 1981. aastal, enne teoseid „It“ ja „Misery“.",Stephen King bibliography — Wikipedia revision 1370401937,https://en.wikipedia.org/w/index.php?title=Stephen_King_bibliography&oldid=1370401937,CC-BY-SA-4.0,2026-08-21,reviewed,true
built-in-literature-language-clue-0271,built-in-literature-language,Literature and Language Pack,built-in-literature-language-set-055,board,round-two,1,medium,literary-movements,Holmes Across Page and Popular Culture,Holmes kirjanduses ja populaarkultuuris,Which author created Sherlock Holmes?,Milline autor lõi Sherlock Holmesi?,Arthur Conan Doyle,Arthur Conan Doyle,Sir Arthur Conan Doyle,Sir Arthur Conan Doyle,Doyle introduced Holmes and Dr. Watson together in an 1887 novel.,Doyle tutvustas Holmesit ja doktor Watsonit koos 1887. aasta romaanis.,Sherlock Holmes — Wikipedia revision 1368267015,https://en.wikipedia.org/w/index.php?title=Sherlock_Holmes&oldid=1368267015,CC-BY-SA-4.0,2026-08-21,reviewed,true
built-in-literature-language-clue-0272,built-in-literature-language,Literature and Language Pack,built-in-literature-language-set-055,board,round-two,2,medium,literary-movements,Holmes Across Page and Popular Culture,Holmes kirjanduses ja populaarkultuuris,Holmes became an enduring model for protagonists in which fiction genre?,Millise ilukirjandusžanri peategelaste püsivaks eeskujuks sai Holmes?,Detective fiction,Detektiivkirjandus,,,The stories helped define modern detective fiction.,Need lood aitasid kujundada tänapäevast detektiivkirjandust.,Sherlock Holmes — Wikipedia revision 1368267015,https://en.wikipedia.org/w/index.php?title=Sherlock_Holmes&oldid=1368267015,CC-BY-SA-4.0,2026-08-21,reviewed,true
built-in-literature-language-clue-0273,built-in-literature-language,Literature and Language Pack,built-in-literature-language-set-055,board,round-two,3,medium,literary-movements,Holmes Across Page and Popular Culture,Holmes kirjanduses ja populaarkultuuris,Which doctor narrates most Holmes stories?,Milline arst jutustab enamiku Holmesi lugudest?,John Watson,John Watson,Dr. Watson,dr Watson,Dr. John Watson records most investigations.,Doktor John Watson paneb kirja enamiku juurdlustest.,Sherlock Holmes — Wikipedia revision 1368267015,https://en.wikipedia.org/w/index.php?title=Sherlock_Holmes&oldid=1368267015,CC-BY-SA-4.0,2026-08-21,reviewed,true
built-in-literature-language-clue-0274,built-in-literature-language,Literature and Language Pack,built-in-literature-language-set-055,board,round-two,4,medium,literary-movements,Holmes Across Page and Popular Culture,Holmes kirjanduses ja populaarkultuuris,In which 1887 novel did Holmes first appear?,Millises 1887. aasta romaanis ilmus Holmes esimest korda?,A Study in Scarlet,A Study in Scarlet,,,The novel first appeared in “Beeton’s Christmas Annual” in 1887.,Romaan ilmus esimest korda 1887. aastal väljaandes „Beeton’s Christmas Annual“.,Sherlock Holmes — Wikipedia revision 1368267015,https://en.wikipedia.org/w/index.php?title=Sherlock_Holmes&oldid=1368267015,CC-BY-SA-4.0,2026-08-21,reviewed,true
built-in-literature-language-clue-0275,built-in-literature-language,Literature and Language Pack,built-in-literature-language-set-055,board,round-two,5,medium,literary-movements,Holmes Across Page and Popular Culture,Holmes kirjanduses ja populaarkultuuris,"Does the exact phrase “Elementary, my dear Watson” occur in Conan Doyle’s Holmes books?","Kas täpne fraas „Elementary, my dear Watson“ esineb Conan Doyle’i Holmesi-raamatutes?",No,Ei,"No, it does not","Ei, seda ei esine","The familiar wording is a later popular formulation, not an exact line in the canon.","Tuttav sõnastus on hilisem populaarne vormel, mitte kaanonis leiduv täpne tsitaat.",Sherlock Holmes — Wikipedia revision 1368267015,https://en.wikipedia.org/w/index.php?title=Sherlock_Holmes&oldid=1368267015,CC-BY-SA-4.0,2026-08-21,reviewed,true
built-in-literature-language-clue-0276,built-in-literature-language,Literature and Language Pack,built-in-literature-language-set-056,board,round-two,1,medium,literary-movements,Rhyming Books for New Readers,Riimuvad raamatud algajatele lugejatele,What was the legal name of the author who used the pen name Dr. Seuss?,Mis oli kirjanikunime Dr. Seuss kasutanud autori kodanikunimi?,Theodor Seuss Geisel,Theodor Seuss Geisel,Theodor Geisel,Theodor Geisel,Theodor Seuss Geisel wrote and illustrated as Dr. Seuss.,Theodor Seuss Geisel kirjutas ja illustreeris Dr. Seussi nime all.,Dr. Seuss — Wikipedia revision 1367533961,https://en.wikipedia.org/w/index.php?title=Dr._Seuss&oldid=1367533961,CC-BY-SA-4.0,2026-08-21,reviewed,true
built-in-literature-language-clue-0277,built-in-literature-language,Literature and Language Pack,built-in-literature-language-set-056,board,round-two,2,medium,literary-movements,Rhyming Books for New Readers,Riimuvad raamatud algajatele lugejatele,In which Massachusetts city was Dr. Seuss born?,Millises Massachusettsi linnas sündis dr Seuss?,Springfield,Springfield,,,"Theodor Geisel was born in Springfield, Massachusetts.","Theodor Geisel sündis Springfieldis, Massachusettsis.",Dr. Seuss — Wikipedia revision 1367533961,https://en.wikipedia.org/w/index.php?title=Dr._Seuss&oldid=1367533961,CC-BY-SA-4.0,2026-08-21,reviewed,true
built-in-literature-language-clue-0278,built-in-literature-language,Literature and Language Pack,built-in-literature-language-set-056,board,round-two,3,medium,literary-movements,Rhyming Books for New Readers,Riimuvad raamatud algajatele lugejatele,At which college did Geisel first publish cartoons under variants of “Seuss”?,Millises kolledžis avaldas Geisel esimest korda „Seussi“ nimekujusid kasutades karikatuure?,Dartmouth College,Dartmouthi kolledž,Dartmouth,Dartmouth,His Dartmouth humor-magazine work helped establish the pseudonym.,Tema töö Dartmouthi huumoriajakirjas aitas pseudonüümil kinnistuda.,Dr. Seuss — Wikipedia revision 1367533961,https://en.wikipedia.org/w/index.php?title=Dr._Seuss&oldid=1367533961,CC-BY-SA-4.0,2026-08-21,reviewed,true
built-in-literature-language-clue-0279,built-in-literature-language,Literature and Language Pack,built-in-literature-language-set-056,board,round-two,4,medium,literary-movements,Rhyming Books for New Readers,Riimuvad raamatud algajatele lugejatele,What Random House imprint did Geisel help found for early readers?,Millise Random House’i kirjastussarja aitas Geisel algajatele lugejatele asutada?,Beginner Books,Beginner Books,,,Beginner Books published controlled-vocabulary works for children learning to read.,Beginner Books avaldas lugema õppivatele lastele piiratud sõnavaraga teoseid.,Dr. Seuss — Wikipedia revision 1367533961,https://en.wikipedia.org/w/index.php?title=Dr._Seuss&oldid=1367533961,CC-BY-SA-4.0,2026-08-21,reviewed,true
built-in-literature-language-clue-0280,built-in-literature-language,Literature and Language Pack,built-in-literature-language-set-056,board,round-two,5,medium,literary-movements,Rhyming Books for New Readers,Riimuvad raamatud algajatele lugejatele,Geisel noted that the German pronunciation of “Seuss” rhymed with which English word?,"Geisel märkis, et sõna „Seuss“ saksapärane hääldus riimub millise ingliskeelse sõnaga?",Voice,Voice,,,"His family name originally rhymed with “voice”, not “juice”.","Tema perekonnanimi riimus algselt ingliskeelse sõnaga „voice“, mitte „juice“.",Dr. Seuss — Wikipedia revision 1367533961,https://en.wikipedia.org/w/index.php?title=Dr._Seuss&oldid=1367533961,CC-BY-SA-4.0,2026-08-21,reviewed,true
built-in-literature-language-clue-0281,built-in-literature-language,Literature and Language Pack,built-in-literature-language-set-057,board,round-two,1,medium,literary-movements,A School Series from First to Last,Koolisari algusest lõpuni,Which magical school does Harry attend in the main novel series?,Millises võlukoolis Harry peamises romaanisarjas õpib?,Hogwarts,Sigatüügas,,,Hogwarts School of Witchcraft and Wizardry is the series’ principal school setting.,Sigatüüka nõiduse ja võlukunsti kool on sarja peamine koolikeskkond.,Harry Potter — Wikipedia revision 1368993584,https://en.wikipedia.org/w/index.php?title=Harry_Potter&oldid=1368993584,CC-BY-SA-4.0,2026-08-21,reviewed,true
built-in-literature-language-clue-0282,built-in-literature-language,Literature and Language Pack,built-in-literature-language-set-057,board,round-two,2,medium,literary-movements,A School Series from First to Last,Koolisari algusest lõpuni,What broad literary genre describes the main “Harry Potter” novels?,Millisesse laia kirjandusžanri kuuluvad peamised „Harry Potteri“ romaanid?,Fantasy,Fantaasia,,,The series combines fantasy with school-story and coming-of-age elements.,Sari ühendab fantaasiat kooliloo ja kujunemisromaani elementidega.,Harry Potter — Wikipedia revision 1368993584,https://en.wikipedia.org/w/index.php?title=Harry_Potter&oldid=1368993584,CC-BY-SA-4.0,2026-08-21,reviewed,true
built-in-literature-language-clue-0283,built-in-literature-language,Literature and Language Pack,built-in-literature-language-set-057,board,round-two,3,medium,literary-movements,A School Series from First to Last,Koolisari algusest lõpuni,Which broomstick sport is played by witches and wizards in the “Harry Potter” series?,Millist luudadel mängitavat spordiala harrastavad „Harry Potteri“ sarja nõiad ja võlurid?,Quidditch,Quidditch,,,Quidditch is the wizarding sport played on flying broomsticks.,"Quidditch on võlurite spordiala, mida mängitakse lendluudadel.",Harry Potter — Wikipedia revision 1368993584,https://en.wikipedia.org/w/index.php?title=Harry_Potter&oldid=1368993584,CC-BY-SA-4.0,2026-08-21,reviewed,true
built-in-literature-language-clue-0284,built-in-literature-language,Literature and Language Pack,built-in-literature-language-set-057,board,round-two,4,medium,literary-movements,A School Series from First to Last,Koolisari algusest lõpuni,Which volume ends the sequence?,Milline raamat sarja lõpetab?,Harry Potter and the Deathly Hallows,Harry Potter ja surma vägised,,,The seventh novel concludes the main story.,Seitsmes romaan lõpetab põhiloo.,Harry Potter — Wikipedia revision 1368993584,https://en.wikipedia.org/w/index.php?title=Harry_Potter&oldid=1368993584,CC-BY-SA-4.0,2026-08-21,reviewed,true
built-in-literature-language-clue-0285,built-in-literature-language,Literature and Language Pack,built-in-literature-language-set-057,board,round-two,5,medium,literary-movements,A School Series from First to Last,Koolisari algusest lõpuni,Which phrase is not the title of a main-series book: “The House Elf” or “The Half-Blood Prince”?,Milline fraas ei ole põhisarja raamatu pealkiri: „Majahaldjas“ või „Segavereline prints“?,The House Elf,Majahaldjas,,,No main novel is titled “The House Elf”; “The Half-Blood Prince” is the sixth.,Ühegi põhisarja romaani pealkiri pole „Majahaldjas“; „Segavereline prints“ on kuues raamat.,Harry Potter — Wikipedia revision 1368993584,https://en.wikipedia.org/w/index.php?title=Harry_Potter&oldid=1368993584,CC-BY-SA-4.0,2026-08-21,reviewed,true
built-in-literature-language-clue-0286,built-in-literature-language,Literature and Language Pack,built-in-literature-language-set-058,board,round-two,1,medium,novels,Publication and Worldbuilding in a Caper,Kelmiromaani avaldamine ja maailmaehitus,What broad genre describes “The Lies of Locke Lamora”?,Millisesse laia žanri kuulub „The Lies of Locke Lamora“?,Fantasy novel,Fantaasiaromaan,Fantasy,Fantaasia,The work is published and described as a fantasy novel.,Teos on avaldatud ja seda kirjeldatakse fantaasiaromaanina.,The Lies of Locke Lamora — Wikipedia revision 1366353852,https://en.wikipedia.org/w/index.php?title=The_Lies_of_Locke_Lamora&oldid=1366353852,CC-BY-SA-4.0,2026-08-21,reviewed,true
built-in-literature-language-clue-0287,built-in-literature-language,Literature and Language Pack,built-in-literature-language-set-058,board,round-two,2,medium,novels,Publication and Worldbuilding in a Caper,Kelmiromaani avaldamine ja maailmaehitus,In what year was “The Lies of Locke Lamora” first published?,Mis aastal ilmus esimest korda „The Lies of Locke Lamora“?,2006,2006,,,The fantasy novel was first published in 2006.,Fantaasiaromaan avaldati esmakordselt 2006. aastal.,The Lies of Locke Lamora — Wikipedia revision 1366353852,https://en.wikipedia.org/w/index.php?title=The_Lies_of_Locke_Lamora&oldid=1366353852,CC-BY-SA-4.0,2026-08-21,reviewed,true
built-in-literature-language-clue-0288,built-in-literature-language,Literature and Language Pack,built-in-literature-language-set-058,board,round-two,3,medium,novels,Publication and Worldbuilding in a Caper,Kelmiromaani avaldamine ja maailmaehitus,For which major fantasy prize was “The Lies of Locke Lamora” nominated in 2007?,Millise suure fantaasiaauhinna kandidaadiks nimetati „The Lies of Locke Lamora“ 2007. aastal?,World Fantasy Award,Maailmafantaasiaauhind,,,The novel reached the final ballot for the 2007 World Fantasy Award.,Romaan pääses 2007. aasta World Fantasy Awardi lõpphääletusele.,The Lies of Locke Lamora — Wikipedia revision 1366353852,https://en.wikipedia.org/w/index.php?title=The_Lies_of_Locke_Lamora&oldid=1366353852,CC-BY-SA-4.0,2026-08-21,reviewed,true
built-in-literature-language-clue-0289,built-in-literature-language,Literature and Language Pack,built-in-literature-language-set-058,board,round-two,4,medium,novels,Publication and Worldbuilding in a Caper,Kelmiromaani avaldamine ja maailmaehitus,Which British publisher first issued “The Lies of Locke Lamora” in 2006?,Milline Briti kirjastaja avaldas „The Lies of Locke Lamora“ esimest korda 2006. aastal?,Gollancz,Gollancz,,,Gollancz first published the novel in the United Kingdom in 2006.,Gollancz avaldas selle romaani esmakordselt Ühendkuningriigis 2006. aastal.,The Lies of Locke Lamora — Wikipedia revision 1366353852,https://en.wikipedia.org/w/index.php?title=The_Lies_of_Locke_Lamora&oldid=1366353852,CC-BY-SA-4.0,2026-08-21,reviewed,true
built-in-literature-language-clue-0290,built-in-literature-language,Literature and Language Pack,built-in-literature-language-set-058,board,round-two,5,medium,novels,Publication and Worldbuilding in a Caper,Kelmiromaani avaldamine ja maailmaehitus,"In Throne Therin, what does the surname “Lamora” mean?",Mida tähendab perekonnanimi „Lamora“ Throne Therini keeles?,Shadow,Vari,,,"In the Camorr setting, the surname is glossed as the Throne Therin word for shadow.","Camorri maailmas selgitatakse perekonnanime Throne Therini sõnana, mis tähendab varju.",Locke Lamora — permanent revision 6234,https://camorr.fandom.com/api.php?action=parse&oldid=6234&prop=wikitext&format=json,CC-BY-SA-3.0,2026-08-21,reviewed,true
built-in-literature-language-clue-0291,built-in-literature-language,Literature and Language Pack,built-in-literature-language-set-059,board,round-two,1,medium,literary-movements,A Legal Novelist Tries a Literary Crime,Õigusromaanide autor katsetab kirjandusliku kuriteoga,Which former lawyer wrote a crime novel about manuscripts stolen from Princeton?,Milline endine advokaat kirjutas kuriteoromaani Princetonist varastatud käsikirjadest?,John Grisham,John Grisham,,,The former attorney shifted from legal thrillers to a plot about stolen manuscripts.,Endine advokaat liikus õiguspõnevikelt varastatud käsikirjade ümber keerleva loo juurde.,Camino Island — Wikipedia revision 1354728487,https://en.wikipedia.org/w/index.php?title=Camino_Island&oldid=1354728487,CC-BY-SA-4.0,2026-08-21,reviewed,true
built-in-literature-language-clue-0292,built-in-literature-language,Literature and Language Pack,built-in-literature-language-set-059,board,round-two,2,medium,literary-movements,A Legal Novelist Tries a Literary Crime,Õigusromaanide autor katsetab kirjandusliku kuriteoga,What broad crime-fiction genre describes the novel about manuscripts stolen from Princeton?,Millisesse laia kriminaalkirjanduse žanri kuulub romaan Princetonist varastatud käsikirjadest?,Thriller,Põnevik,Crime thriller,Kriminaalpõnevik,The book is a crime thriller involving theft and the rare-book trade.,Raamat on vargust ja haruldaste raamatutega kauplemist käsitlev kriminaalpõnevik.,Camino Island — Wikipedia revision 1354728487,https://en.wikipedia.org/w/index.php?title=Camino_Island&oldid=1354728487,CC-BY-SA-4.0,2026-08-21,reviewed,true
built-in-literature-language-clue-0293,built-in-literature-language,Literature and Language Pack,built-in-literature-language-set-059,board,round-two,3,medium,literary-movements,A Legal Novelist Tries a Literary Crime,Õigusromaanide autor katsetab kirjandusliku kuriteoga,Which Grisham novel was conceived during a Florida road trip while discussing stolen books?,Millise Grishami romaani idee tekkis Florida autoreisil varastatud raamatuid arutades?,Camino Island,Camino Island,,,Grisham developed the idea that became “Camino Island” during a road trip.,"Grisham arendas autoreisil ideed, millest sai „Camino Island“.",Camino Island — Wikipedia revision 1354728487,https://en.wikipedia.org/w/index.php?title=Camino_Island&oldid=1354728487,CC-BY-SA-4.0,2026-08-21,reviewed,true
built-in-literature-language-clue-0294,built-in-literature-language,Literature and Language Pack,built-in-literature-language-set-059,board,round-two,4,medium,literary-movements,A Legal Novelist Tries a Literary Crime,Õigusromaanide autor katsetab kirjandusliku kuriteoga,In what year was John Grisham’s novel about manuscripts stolen from Princeton published?,Mis aastal avaldati John Grishami romaan Princetonist varastatud käsikirjadest?,2017,2017,,,Doubleday published the novel in 2017.,Doubleday avaldas romaani 2017. aastal.,Camino Island — Wikipedia revision 1354728487,https://en.wikipedia.org/w/index.php?title=Camino_Island&oldid=1354728487,CC-BY-SA-4.0,2026-08-21,reviewed,true
built-in-literature-language-clue-0295,built-in-literature-language,Literature and Language Pack,built-in-literature-language-set-059,board,round-two,5,medium,literary-movements,A Legal Novelist Tries a Literary Crime,Õigusromaanide autor katsetab kirjandusliku kuriteoga,Whose original manuscripts are stolen at the beginning?,Kelle originaalkäsikirjad varastati alguses?,F. Scott Fitzgerald,F. Scott Fitzgerald,,,The thieves steal Fitzgerald manuscripts from Princeton.,Vargad viivad Princetonist kaasa Fitzgeraldi käsikirjad.,Camino Island — Wikipedia revision 1354728487,https://en.wikipedia.org/w/index.php?title=Camino_Island&oldid=1354728487,CC-BY-SA-4.0,2026-08-21,reviewed,true
built-in-literature-language-clue-0296,built-in-literature-language,Literature and Language Pack,built-in-literature-language-set-060,board,round-two,1,medium,fictional-characters,Comic Relief in a Fantasy Trio,Koomiline vaheldus fantaasiakolmikus,"What wizarding surname belongs to Ron, Harry’s red-haired friend?",Mis perekonnanimi on Harry punapäisel võlurist sõbral Ronil?,Weasley,Weasley,,,Ron Weasley belongs to the large Weasley family.,Ron Weasley kuulub suurde Weasleyde perre.,Ron Weasley — Wikipedia revision 1356329411,https://en.wikipedia.org/w/index.php?title=Ron_Weasley&oldid=1356329411,CC-BY-SA-4.0,2026-08-21,reviewed,true
built-in-literature-language-clue-0297,built-in-literature-language,Literature and Language Pack,built-in-literature-language-set-060,board,round-two,2,medium,fictional-characters,Comic Relief in a Fantasy Trio,Koomiline vaheldus fantaasiakolmikus,Which Hogwarts house is Ron sorted into?,Millisesse Sigatüüka majja Ron paigutatakse?,Gryffindor,Gryffindor,,,Ron joins Harry and Hermione in Gryffindor.,Ron ühineb Harry ja Hermionega Gryffindoris.,Ron Weasley — Wikipedia revision 1356329411,https://en.wikipedia.org/w/index.php?title=Ron_Weasley&oldid=1356329411,CC-BY-SA-4.0,2026-08-21,reviewed,true
built-in-literature-language-clue-0298,built-in-literature-language,Literature and Language Pack,built-in-literature-language-set-060,board,round-two,3,medium,fictional-characters,Comic Relief in a Fantasy Trio,Koomiline vaheldus fantaasiakolmikus,What is the name of Ron’s pet rat?,Mis on Roni lemmikroti nimi?,Scabbers,Scabbers,,,Ron owns the rat Scabbers during the early books.,Sarja esimestes raamatutes kuulub Ronile rott Scabbers.,Ron Weasley — Wikipedia revision 1356329411,https://en.wikipedia.org/w/index.php?title=Ron_Weasley&oldid=1356329411,CC-BY-SA-4.0,2026-08-21,reviewed,true
built-in-literature-language-clue-0299,built-in-literature-language,Literature and Language Pack,built-in-literature-language-set-060,board,round-two,4,medium,fictional-characters,Comic Relief in a Fantasy Trio,Koomiline vaheldus fantaasiakolmikus,Which actor plays Ron in the film series?,Milline näitleja mängib Roni filmisarjas?,Rupert Grint,Rupert Grint,,,Grint played the character across all eight films in the main series.,Grint kehastas tegelast põhisarja kõigis kaheksas filmis.,Ron Weasley — Wikipedia revision 1356329411,https://en.wikipedia.org/w/index.php?title=Ron_Weasley&oldid=1356329411,CC-BY-SA-4.0,2026-08-21,reviewed,true
built-in-literature-language-clue-0300,built-in-literature-language,Literature and Language Pack,built-in-literature-language-set-060,board,round-two,5,medium,fictional-characters,Comic Relief in a Fantasy Trio,Koomiline vaheldus fantaasiakolmikus,What is Ron Weasley’s middle name?,Mis on Ron Weasley teine eesnimi?,Bilius,Bilius,,,Ron’s full name is Ronald Bilius Weasley.,Roni täisnimi on Ronald Bilius Weasley.,Ron Weasley — Wikipedia revision 1356329411,https://en.wikipedia.org/w/index.php?title=Ron_Weasley&oldid=1356329411,CC-BY-SA-4.0,2026-08-21,reviewed,true
built-in-literature-language-clue-0301,built-in-literature-language,Literature and Language Pack,built-in-literature-language-set-061,board,round-two,1,medium,linguistics,A Multilingual Confederation,Mitmekeelne konföderatsioon,"In 2020, which language was spoken by the largest share of Switzerland’s population?",Millist keelt rääkis 2020. aastal suurim osa Šveitsi elanikkonnast?,German,Saksa keel,,,"In 2020, 62.3% of Switzerland’s population were native speakers of German at home.","2020. aastal rääkis 62,3% Šveitsi elanikkonnast kodus emakeelena saksa keelt.",Languages of Switzerland — Wikipedia revision 1363155864,https://en.wikipedia.org/w/index.php?title=Languages_of_Switzerland&oldid=1363155864,CC-BY-SA-4.0,2026-08-21,reviewed,true
built-in-literature-language-clue-0302,built-in-literature-language,Literature and Language Pack,built-in-literature-language-set-061,board,round-two,2,medium,linguistics,A Multilingual Confederation,Mitmekeelne konföderatsioon,How many national languages does the Swiss Confederation recognize?,Mitut rahvuskeelt tunnustab Šveitsi Konföderatsioon?,Four,Neli,4,4,"German, French, Italian, and Romansh are national languages.","Saksa, prantsuse, itaalia ja romanši keel on rahvuskeeled.",Languages of Switzerland — Wikipedia revision 1363155864,https://en.wikipedia.org/w/index.php?title=Languages_of_Switzerland&oldid=1363155864,CC-BY-SA-4.0,2026-08-21,reviewed,true
built-in-literature-language-clue-0303,built-in-literature-language,Literature and Language Pack,built-in-literature-language-set-061,board,round-two,3,medium,linguistics,A Multilingual Confederation,Mitmekeelne konföderatsioon,Which national language predominates in western Switzerland?,Milline rahvuskeel on ülekaalus Lääne-Šveitsis?,French,Prantsuse,,,French predominates in the region known as Romandy.,"Prantsuse keel domineerib piirkonnas, mida tuntakse Romandiana.",Languages of Switzerland — Wikipedia revision 1363155864,https://en.wikipedia.org/w/index.php?title=Languages_of_Switzerland&oldid=1363155864,CC-BY-SA-4.0,2026-08-21,reviewed,true
built-in-literature-language-clue-0304,built-in-literature-language,Literature and Language Pack,built-in-literature-language-set-061,board,round-two,4,medium,linguistics,A Multilingual Confederation,Mitmekeelne konföderatsioon,"In 2020, which of Switzerland’s national languages had the smallest speaker share?",Millisel Šveitsi rahvuskeelel oli 2020. aastal kõige väiksem kõnelejate osakaal?,Romansh,Romanši keel,,,"In 2020, Romansh accounted for 0.5%, the smallest share among the four.","2020. aastal oli romanši keele osakaal 0,5%, väikseim nelja rahvuskeele seas.",Languages of Switzerland — Wikipedia revision 1363155864,https://en.wikipedia.org/w/index.php?title=Languages_of_Switzerland&oldid=1363155864,CC-BY-SA-4.0,2026-08-21,reviewed,true
built-in-literature-language-clue-0305,built-in-literature-language,Literature and Language Pack,built-in-literature-language-set-061,board,round-two,5,medium,linguistics,A Multilingual Confederation,Mitmekeelne konföderatsioon,German-speaking Swiss commonly speak Alemannic dialects but write which standardized variety?,"Saksakeelsed šveitslased räägivad tavaliselt alemanni murdeid, kuid millist standardkeelekuju nad kirjas kasutavad?",Swiss Standard German,Šveitsi standardsaksa keel,Standard German,Standardsaksa keel,Formal writing generally uses Swiss Standard German.,Ametlikus kirjas kasutatakse üldiselt Šveitsi standardsaksa keelt.,Languages of Switzerland — Wikipedia revision 1363155864,https://en.wikipedia.org/w/index.php?title=Languages_of_Switzerland&oldid=1363155864,CC-BY-SA-4.0,2026-08-21,reviewed,true
built-in-literature-language-clue-0306,built-in-literature-language,Literature and Language Pack,built-in-literature-language-set-062,board,round-two,1,medium,linguistics,Suffixes Build Turkish Grammar,Liited kujundavad türgi grammatikat,"Turkish is commonly described as what morphological type, building words from strings of suffixes?","Millise morfoloogilise tüübina kirjeldatakse türgi keelt, kus sõnu moodustatakse liidete jadadega?",Agglutinative,Aglutineeriv,,,Turkish commonly builds complex word forms by attaching ordered suffixes to a stable stem.,Türgi keeles moodustatakse keerukaid sõnavorme tavaliselt korrapäraste liidete lisamisega püsivale tüvele.,Turkish grammar — Wikipedia revision 1360913553,https://en.wikipedia.org/w/index.php?title=Turkish_grammar&oldid=1360913553,CC-BY-SA-4.0,2026-08-21,reviewed,true
built-in-literature-language-clue-0307,built-in-literature-language,Literature and Language Pack,built-in-literature-language-set-062,board,round-two,2,medium,linguistics,Suffixes Build Turkish Grammar,Liited kujundavad türgi grammatikat,"What is the usual unmarked order of subject, object, and verb in Turkish?","Milline on türgi keele tavaline markeerimata aluse, sihitise ja öeldise järjekord?",Subject–object–verb,Alus–sihitis–öeldis,SOV|Subject object verb,SOV|Alus sihitis öeldis,Turkish generally places the verb after the object.,Türgi keeles paikneb öeldis üldiselt sihitise järel.,Turkish grammar — Wikipedia revision 1360913553,https://en.wikipedia.org/w/index.php?title=Turkish_grammar&oldid=1360913553,CC-BY-SA-4.0,2026-08-21,reviewed,true
built-in-literature-language-clue-0308,built-in-literature-language,Literature and Language Pack,built-in-literature-language-set-062,board,round-two,3,medium,linguistics,Suffixes Build Turkish Grammar,Liited kujundavad türgi grammatikat,Which phonological process makes many suffix vowels agree with vowels in the stem?,Milline fonoloogiline protsess paneb paljude liidete täishäälikud tüve täishäälikutega sobituma?,Vowel harmony,Vokaalharmoonia,,,Turkish suffix forms are selected through vowel harmony.,Türgi keele liitekujud valitakse vokaalharmoonia järgi.,Turkish grammar — Wikipedia revision 1360913553,https://en.wikipedia.org/w/index.php?title=Turkish_grammar&oldid=1360913553,CC-BY-SA-4.0,2026-08-21,reviewed,true
built-in-literature-language-clue-0309,built-in-literature-language,Literature and Language Pack,built-in-literature-language-set-062,board,round-two,4,medium,linguistics,Suffixes Build Turkish Grammar,Liited kujundavad türgi grammatikat,Does standard Turkish assign nouns to grammatical genders?,Kas türgi kirjakeeles jagatakse nimisõnad grammatilistesse sugudesse?,No,Ei,No grammatical gender,Grammatiline sugu puudub,Turkish instead marks many grammatical relationships through suffixes and word order.,Türgi keel märgib paljusid grammatilisi suhteid liidete ja sõnajärjega.,Turkish grammar — Wikipedia revision 1360913553,https://en.wikipedia.org/w/index.php?title=Turkish_grammar&oldid=1360913553,CC-BY-SA-4.0,2026-08-21,reviewed,true
built-in-literature-language-clue-0310,built-in-literature-language,Literature and Language Pack,built-in-literature-language-set-062,board,round-two,5,medium,linguistics,Suffixes Build Turkish Grammar,Liited kujundavad türgi grammatikat,Which past-tense suffix often marks information inferred or reported rather than directly witnessed?,"Milline minevikuliide märgib sageli järeldatud või kuuldud, mitte vahetult kogetud teavet?",-miş,-miş,-miş past|-mis,-miş-minevik|-mis,The -miş form carries indirect or evidential meaning.,Vormil -miş on kaudne või tõenduslik tähendus.,Turkish grammar — Wikipedia revision 1360913553,https://en.wikipedia.org/w/index.php?title=Turkish_grammar&oldid=1360913553,CC-BY-SA-4.0,2026-08-21,reviewed,true
built-in-literature-language-clue-0311,built-in-literature-language,Literature and Language Pack,built-in-literature-language-set-063,board,round-two,1,medium,linguistics,Modern English Letter Facts,Tänapäeva inglise tähestiku faktid,How many letters are in the modern English alphabet?,Mitu tähte on tänapäeva inglise tähestikus?,26,26,Twenty-six,Kakskümmend kuus,Modern English uses twenty-six basic letters.,Tänapäeva inglise keeles kasutatakse kahtkümmet kuut põhitähte.,English alphabet — Wikipedia revision 1364945547,https://en.wikipedia.org/w/index.php?title=English_alphabet&oldid=1364945547,CC-BY-SA-4.0,2026-08-21,reviewed,true
built-in-literature-language-clue-0312,built-in-literature-language,Literature and Language Pack,built-in-literature-language-set-063,board,round-two,2,medium,linguistics,Modern English Letter Facts,Tänapäeva inglise tähestiku faktid,The English alphabet is a variety of which ancient-derived alphabet?,Millise antiikse päritoluga tähestiku teisend on inglise tähestik?,Latin alphabet,Ladina tähestik,,,English writes with the Latin script.,Inglise keelt kirjutatakse ladina kirjas.,English alphabet — Wikipedia revision 1364945547,https://en.wikipedia.org/w/index.php?title=English_alphabet&oldid=1364945547,CC-BY-SA-4.0,2026-08-21,reviewed,true
built-in-literature-language-clue-0313,built-in-literature-language,Literature and Language Pack,built-in-literature-language-set-063,board,round-two,3,medium,linguistics,Modern English Letter Facts,Tänapäeva inglise tähestiku faktid,"Which letter, separated from doubled U, is often described as the last added to the basic set?",Millist kahekordsest U-st eraldi täheks kujunenud tähte kirjeldatakse sageli kui viimast põhikomplekti lisatud tähte?,W,W,,,W developed as a distinct letter in medieval writing.,W kujunes keskaegses kirjas eraldi täheks.,English alphabet — Wikipedia revision 1364945547,https://en.wikipedia.org/w/index.php?title=English_alphabet&oldid=1364945547,CC-BY-SA-4.0,2026-08-21,reviewed,true
built-in-literature-language-clue-0314,built-in-literature-language,Literature and Language Pack,built-in-literature-language-set-063,board,round-two,4,medium,linguistics,Modern English Letter Facts,Tänapäeva inglise tähestiku faktid,Which five letters are conventionally treated as the basic vowel letters?,Milliseid viit tähte käsitletakse tavaliselt kui põhilisi täishäälikutähti?,"A, E, I, O, and U","A, E, I, O ja U",AEIOU,AEIOU,"These five normally represent vowel sounds, while Y can also do so.","Need viis tähte tähistavad tavaliselt täishäälikuid, kuid seda võib teha ka Y.",English alphabet — Wikipedia revision 1364945547,https://en.wikipedia.org/w/index.php?title=English_alphabet&oldid=1364945547,CC-BY-SA-4.0,2026-08-21,reviewed,true
built-in-literature-language-clue-0315,built-in-literature-language,Literature and Language Pack,built-in-literature-language-set-063,board,round-two,5,medium,linguistics,Modern English Letter Facts,Tänapäeva inglise tähestiku faktid,Which former English letter represented the “th” sound before falling out of the modern alphabet?,"Milline endine inglise täht tähistas „th“-häälikut, enne kui tänapäeva tähestikust kadus?",Thorn,Thorn,Þ|þ,Þ|þ,"The letter thorn, written Þ or þ, represented a dental fricative.","Täht thorn, mida kirjutati Þ või þ, tähistas dentaalset frikatiivi.",English alphabet — Wikipedia revision 1364945547,https://en.wikipedia.org/w/index.php?title=English_alphabet&oldid=1364945547,CC-BY-SA-4.0,2026-08-21,reviewed,true
built-in-literature-language-clue-0316,built-in-literature-language,Literature and Language Pack,built-in-literature-language-set-064,board,round-two,1,medium,linguistics,Particles Organize Japanese Sentences,Partiklid korraldavad jaapani lauseid,What is the usual basic word order of Japanese clauses?,Milline on jaapani lausete tavaline põhisõnajärg?,Subject–object–verb,Alus–sihitis–öeldis,SOV|Subject object verb,SOV|Alus sihitis öeldis,Japanese normally places the verb at the end.,Tavaliselt asetab jaapani keel verbi lõppu.,Japanese grammar — Wikipedia revision 1347248191,https://en.wikipedia.org/w/index.php?title=Japanese_grammar&oldid=1347248191,CC-BY-SA-4.0,2026-08-21,reviewed,true
built-in-literature-language-clue-0317,built-in-literature-language,Literature and Language Pack,built-in-literature-language-set-064,board,round-two,2,medium,linguistics,Particles Organize Japanese Sentences,Partiklid korraldavad jaapani lauseid,Japanese grammatical particles follow their noun phrases; what are such markers called in contrast with prepositions?,Jaapani grammatilised partiklid järgnevad nimisõnafraasile; kuidas nimetatakse selliseid markereid vastandina eessõnadele?,Postpositions,Postpositsioonid,,,These markers come after the noun phrase whose relationship they express.,"Need markerid järgnevad nimisõnafraasile, mille suhet nad väljendavad.",Japanese grammar — Wikipedia revision 1347248191,https://en.wikipedia.org/w/index.php?title=Japanese_grammar&oldid=1347248191,CC-BY-SA-4.0,2026-08-21,reviewed,true
built-in-literature-language-clue-0318,built-in-literature-language,Literature and Language Pack,built-in-literature-language-set-064,board,round-two,3,medium,linguistics,Particles Organize Japanese Sentences,Partiklid korraldavad jaapani lauseid,Japanese often leaves subjects unstated when context supplies them; what is this property called?,"Jaapani keeles jäetakse alus sageli nimetamata, kui see on kontekstist selge; kuidas seda omadust nimetatakse?",Pro-drop,Pro-drop,Null-subject language,Nullalusega keel,Context permits omission of recoverable pronouns.,Kontekst võimaldab arusaadavad asesõnad lausest välja jätta.,Japanese grammar — Wikipedia revision 1347248191,https://en.wikipedia.org/w/index.php?title=Japanese_grammar&oldid=1347248191,CC-BY-SA-4.0,2026-08-21,reviewed,true
built-in-literature-language-clue-0319,built-in-literature-language,Literature and Language Pack,built-in-literature-language-set-064,board,round-two,4,medium,linguistics,Particles Organize Japanese Sentences,Partiklid korraldavad jaapani lauseid,What kind of classifier word accompanies numerals when counting many Japanese nouns?,Milline klassifikaatorsõna käib paljude jaapani nimisõnade loendamisel arvsõnaga kaasas?,Counter word,Loendursõna,Counters|Numeral classifier,Loendursõnad|Arvsõnaklassifikaator,Japanese uses specialized counters for classes of objects.,Jaapani keeles kasutatakse esemeklasside jaoks erilisi loendursõnu.,Japanese grammar — Wikipedia revision 1347248191,https://en.wikipedia.org/w/index.php?title=Japanese_grammar&oldid=1347248191,CC-BY-SA-4.0,2026-08-21,reviewed,true
built-in-literature-language-clue-0320,built-in-literature-language,Literature and Language Pack,built-in-literature-language-set-064,board,round-two,5,medium,linguistics,Particles Organize Japanese Sentences,Partiklid korraldavad jaapani lauseid,Which hiragana character is written for the Japanese topic particle pronounced “wa”?,"Millist hiragana märki kirjutatakse jaapani teemapartikli jaoks, mida hääldatakse „wa“?",は,は,,,The particle は is pronounced wa when used as the topic marker.,Teemapartiklina kasutades hääldatakse märki は „wa“.,Japanese grammar — Wikipedia revision 1347248191,https://en.wikipedia.org/w/index.php?title=Japanese_grammar&oldid=1347248191,CC-BY-SA-4.0,2026-08-21,reviewed,true
built-in-literature-language-clue-0321,built-in-literature-language,Literature and Language Pack,built-in-literature-language-set-065,board,round-two,1,medium,linguistics,A Scandinavian Standard Language,Skandinaavia kirjakeel,Swedish is the principal language of which country?,Millise riigi peamine keel on rootsi keel?,Sweden,Rootsi,,,Swedish is Sweden’s principal national language and is also an official language of Finland.,Rootsi keel on Rootsi peamine riigikeel ja üks Soome ametlikest keeltest.,Swedish language — Wikipedia revision 1364236208,https://en.wikipedia.org/w/index.php?title=Swedish_language&oldid=1364236208,CC-BY-SA-4.0,2026-08-21,reviewed,true
built-in-literature-language-clue-0322,built-in-literature-language,Literature and Language Pack,built-in-literature-language-set-065,board,round-two,2,medium,linguistics,A Scandinavian Standard Language,Skandinaavia kirjakeel,Swedish belongs to which branch of the Indo-European language family?,Millisesse indoeuroopa keeleperekonna harusse kuulub rootsi keel?,North Germanic,Põhjagermaani keeled,,,"The North Germanic branch also includes Danish, Norwegian, Icelandic, and Faroese.","Põhjagermaani harusse kuuluvad ka taani, norra, islandi ja fääri keel.",Swedish language — Wikipedia revision 1364236208,https://en.wikipedia.org/w/index.php?title=Swedish_language&oldid=1364236208,CC-BY-SA-4.0,2026-08-21,reviewed,true
built-in-literature-language-clue-0323,built-in-literature-language,Literature and Language Pack,built-in-literature-language-set-065,board,round-two,3,medium,linguistics,A Scandinavian Standard Language,Skandinaavia kirjakeel,"What basic subject, verb, and object order does Swedish commonly use?","Millist aluse, öeldise ja sihitise põhisõnajärge rootsi keel tavaliselt kasutab?",Subject–verb–object,Alus–öeldis–sihitis,SVO|Subject verb object,SVO|Alus öeldis sihitis,Main clauses usually follow SVO order.,Pealaused järgivad tavaliselt SVO-sõnajärge.,Swedish language — Wikipedia revision 1364236208,https://en.wikipedia.org/w/index.php?title=Swedish_language&oldid=1364236208,CC-BY-SA-4.0,2026-08-21,reviewed,true
built-in-literature-language-clue-0324,built-in-literature-language,Literature and Language Pack,built-in-literature-language-set-065,board,round-two,4,medium,linguistics,A Scandinavian Standard Language,Skandinaavia kirjakeel,"Along with Norwegian, Swedish is notable for contrasting words with what kind of accent?",Millist tüüpi rõhuga eristab rootsi keel sarnaselt norra keelega sõnu?,Pitch accent,Toonirõhk,Tonal word accent,Sõnatoonirõhk,Many Swedish dialects distinguish lexical pitch accents.,Paljud rootsi murded eristavad leksikaalseid toonirõhke.,Swedish language — Wikipedia revision 1364236208,https://en.wikipedia.org/w/index.php?title=Swedish_language&oldid=1364236208,CC-BY-SA-4.0,2026-08-21,reviewed,true
built-in-literature-language-clue-0325,built-in-literature-language,Literature and Language Pack,built-in-literature-language-set-065,board,round-two,5,medium,linguistics,A Scandinavian Standard Language,Skandinaavia kirjakeel,What Swedish noun means “window”?,Milline rootsi nimisõna tähendab „akent“?,fönster,fönster,Fönster,Fönster,The common Swedish word for window is “fönster”.,Tavaline rootsikeelne sõna akna kohta on fönster.,fönster — permanent revision 87879126,https://en.wiktionary.org/w/index.php?title=f%C3%B6nster&oldid=87879126,CC-BY-SA-4.0,2026-08-21,reviewed,true
built-in-literature-language-clue-0326,built-in-literature-language,Literature and Language Pack,built-in-literature-language-set-066,board,round-two,1,medium,linguistics,French Distinguishes Glass from Ice,Prantsuse keel eristab klaasi jääst,French developed chiefly from which language of the Roman Empire?,Millisest Rooma impeeriumi keelest arenes prantsuse keel peamiselt?,Latin,Ladina keel,,,French is a Romance language descended from Vulgar Latin.,"Prantsuse keel on romaani keel, mis põlvneb rahvaladina keelest.",French language — Wikipedia revision 1370384936,https://en.wikipedia.org/w/index.php?title=French_language&oldid=1370384936,CC-BY-SA-4.0,2026-08-21,reviewed,true
built-in-literature-language-clue-0327,built-in-literature-language,Literature and Language Pack,built-in-literature-language-set-066,board,round-two,2,medium,linguistics,French Distinguishes Glass from Ice,Prantsuse keel eristab klaasi jääst,How many grammatical genders do standard French nouns have?,Mitu grammatilist sugu on prantsuse nimisõnadel?,Two,Kaks,2,2,French nouns are masculine or feminine.,Prantsuse nimisõnad on mees- või naissoost.,French language — Wikipedia revision 1370384936,https://en.wikipedia.org/w/index.php?title=French_language&oldid=1370384936,CC-BY-SA-4.0,2026-08-21,reviewed,true
built-in-literature-language-clue-0328,built-in-literature-language,Literature and Language Pack,built-in-literature-language-set-066,board,round-two,3,medium,linguistics,French Distinguishes Glass from Ice,Prantsuse keel eristab klaasi jääst,What generally happens to the written plural ending -s on a French noun pronounced in isolation?,Mis juhtub eraldi hääldatud prantsuse nimisõna kirjaliku mitmuse lõpu -s-iga tavaliselt?,Usually silent,Tavaliselt hääldamata,Normally silent|Generally silent,Harilikult hääldamata|Üldiselt hääldamata,"Final plural -s is normally silent, though liaison can reveal plurality.","Mitmuse lõpu -s jääb tavaliselt hääldamata, kuigi liaison võib mitmust kuuldavaks teha.",French language — Wikipedia revision 1370384936,https://en.wikipedia.org/w/index.php?title=French_language&oldid=1370384936,CC-BY-SA-4.0,2026-08-21,reviewed,true
built-in-literature-language-clue-0329,built-in-literature-language,Literature and Language Pack,built-in-literature-language-set-066,board,round-two,4,medium,linguistics,French Distinguishes Glass from Ice,Prantsuse keel eristab klaasi jääst,Is “glace” the ordinary French word for a drinking glass?,Kas „glace“ on tavaline prantsuskeelne sõna joogiklaasi kohta?,No,Ei,"No, verre is","Ei, see on verre",“Glace” commonly means ice or ice cream; a drinking glass is “verre”.,„Glace“ tähendab tavaliselt jääd või jäätist; joogiklaas on „verre“.,French language — Wikipedia revision 1370384936,https://en.wikipedia.org/w/index.php?title=French_language&oldid=1370384936,CC-BY-SA-4.0,2026-08-21,reviewed,true
built-in-literature-language-clue-0330,built-in-literature-language,Literature and Language Pack,built-in-literature-language-set-066,board,round-two,5,medium,linguistics,French Distinguishes Glass from Ice,Prantsuse keel eristab klaasi jääst,Which international organization of French-speaking states is called the OIF?,Millist prantsuse keelt kõnelevate riikide rahvusvahelist organisatsiooni nimetatakse OIF-iks?,Organisation internationale de la Francophonie,Organisation internationale de la Francophonie,International Organisation of La Francophonie,International Organisation of La Francophonie,The OIF promotes cooperation among Francophone governments.,OIF edendab prantsuskeelsete valitsuste koostööd.,French language — Wikipedia revision 1370384936,https://en.wikipedia.org/w/index.php?title=French_language&oldid=1370384936,CC-BY-SA-4.0,2026-08-21,reviewed,true
built-in-literature-language-clue-0331,built-in-literature-language,Literature and Language Pack,built-in-literature-language-set-067,board,round-two,1,medium,linguistics,Portuguese Spells Its Largest Country,Suurima portugalikeelse riigi nime kirjapilt,Portuguese uses an alphabet derived from which script?,Millisest kirjast pärinevat tähestikku kasutab portugali keel?,Latin script,Ladina kiri,,,Portuguese writes its words with the Latin alphabet supplemented by diacritics.,Portugali keelt kirjutatakse diakriitikutega täiendatud ladina tähestikus.,Portuguese orthography — Wikipedia revision 1370018895,https://en.wikipedia.org/w/index.php?title=Portuguese_orthography&oldid=1370018895,CC-BY-SA-4.0,2026-08-21,reviewed,true
built-in-literature-language-clue-0332,built-in-literature-language,Literature and Language Pack,built-in-literature-language-set-067,board,round-two,2,medium,linguistics,Portuguese Spells Its Largest Country,Suurima portugalikeelse riigi nime kirjapilt,The cedilla appears under which letter in native Portuguese spelling?,Millise tähe all kasutatakse portugali omasõnade kirjapildis sedilji?,C,C,c,c,Ç represents an /s/ sound before certain vowels.,Ç tähistab teatavate täishäälikute ees /s/-häälikut.,Portuguese orthography — Wikipedia revision 1370018895,https://en.wikipedia.org/w/index.php?title=Portuguese_orthography&oldid=1370018895,CC-BY-SA-4.0,2026-08-21,reviewed,true
built-in-literature-language-clue-0333,built-in-literature-language,Literature and Language Pack,built-in-literature-language-set-067,board,round-two,3,medium,linguistics,Portuguese Spells Its Largest Country,Suurima portugalikeelse riigi nime kirjapilt,How is “Brazil” spelled in Portuguese?,Kuidas kirjutatakse „Brazil“ portugali keeles?,Brasil,Brasil,,,Portuguese writes the country name “Brasil” with s.,Portugali keeles kirjutatakse riigi nimi s-tähega: „Brasil“.,Portuguese orthography — Wikipedia revision 1370018895,https://en.wikipedia.org/w/index.php?title=Portuguese_orthography&oldid=1370018895,CC-BY-SA-4.0,2026-08-21,reviewed,true
built-in-literature-language-clue-0334,built-in-literature-language,Literature and Language Pack,built-in-literature-language-set-067,board,round-two,4,medium,linguistics,Portuguese Spells Its Largest Country,Suurima portugalikeelse riigi nime kirjapilt,What does an acute accent often mark on a Portuguese vowel?,Mida märgib akuut portugali keele täishäälikul sageli?,Stress and vowel quality,Rõhku ja täishääliku kvaliteeti,,,Acute accents can mark stressed open vowels.,Akuut võib märkida rõhulist avatud täishäälikut.,Portuguese orthography — Wikipedia revision 1370018895,https://en.wikipedia.org/w/index.php?title=Portuguese_orthography&oldid=1370018895,CC-BY-SA-4.0,2026-08-21,reviewed,true
built-in-literature-language-clue-0335,built-in-literature-language,Literature and Language Pack,built-in-literature-language-set-067,board,round-two,5,medium,linguistics,Portuguese Spells Its Largest Country,Suurima portugalikeelse riigi nime kirjapilt,What 1990 international agreement sought to unify Portuguese spelling conventions?,Millise 1990. aasta rahvusvahelise kokkuleppe eesmärk oli ühtlustada portugali õigekirja?,Portuguese Language Orthographic Agreement of 1990,1990. aasta portugali keele ortograafiakokkulepe,1990 Orthographic Agreement,1990. aasta ortograafiline kokkulepe,The 1990 agreement coordinated official orthography across countries.,1990. aasta kokkulepe koordineeris ametlikku ortograafiat portugalikeelsetes riikides.,Portuguese orthography — Wikipedia revision 1370018895,https://en.wikipedia.org/w/index.php?title=Portuguese_orthography&oldid=1370018895,CC-BY-SA-4.0,2026-08-21,reviewed,true
built-in-literature-language-clue-0336,built-in-literature-language,Literature and Language Pack,built-in-literature-language-set-068,board,round-one,1,hard,linguistics,Canada Legislates Two Federal Languages,Kanada kehtestab kaks föderaalkeelt,"At Canada’s federal level, does French share official status with another language?",Kas prantsuse keel jagab Kanada föderaaltasandil mõne teise keelega ametliku keele staatust?,Yes,Jah,"Yes, with English","Jah, inglise keelega",French and English have equal federal status.,Prantsuse ja inglise keelel on föderaaltasandil võrdne staatus.,Official bilingualism in Canada — Wikipedia revision 1363124662,https://en.wikipedia.org/w/index.php?title=Official_bilingualism_in_Canada&oldid=1363124662,CC-BY-SA-4.0,2026-08-21,reviewed,true
built-in-literature-language-clue-0337,built-in-literature-language,Literature and Language Pack,built-in-literature-language-set-068,board,round-one,2,hard,linguistics,Canada Legislates Two Federal Languages,Kanada kehtestab kaks föderaalkeelt,Which province is constitutionally bilingual in English and French?,Milline provints on põhiseaduse järgi inglise- ja prantsuskeelne?,New Brunswick,New Brunswick,,,New Brunswick is Canada’s only officially bilingual province.,New Brunswick on Kanada ainus ametlikult kakskeelne provints.,Official bilingualism in Canada — Wikipedia revision 1363124662,https://en.wikipedia.org/w/index.php?title=Official_bilingualism_in_Canada&oldid=1363124662,CC-BY-SA-4.0,2026-08-21,reviewed,true
built-in-literature-language-clue-0338,built-in-literature-language,Literature and Language Pack,built-in-literature-language-set-068,board,round-one,3,hard,linguistics,Canada Legislates Two Federal Languages,Kanada kehtestab kaks föderaalkeelt,Which 1969 federal law established official bilingualism in federal institutions?,Milline 1969. aasta föderaalseadus kehtestas föderaalasutustes ametliku kakskeelsuse?,Official Languages Act,Ametlike keelte seadus,,,The first Official Languages Act was adopted in 1969.,Esimene ametlike keelte seadus võeti vastu 1969. aastal.,Official bilingualism in Canada — Wikipedia revision 1363124662,https://en.wikipedia.org/w/index.php?title=Official_bilingualism_in_Canada&oldid=1363124662,CC-BY-SA-4.0,2026-08-21,reviewed,true
built-in-literature-language-clue-0339,built-in-literature-language,Literature and Language Pack,built-in-literature-language-set-068,board,round-one,4,hard,linguistics,Canada Legislates Two Federal Languages,Kanada kehtestab kaks föderaalkeelt,Which national constitutional document protects English and French language rights?,Milline riigi põhiseaduslik dokument kaitseb inglise ja prantsuse keele õigusi?,Canadian Charter of Rights and Freedoms,Kanada õiguste ja vabaduste harta,Charter of Rights and Freedoms,Õiguste ja vabaduste harta,The Charter constitutionalizes several language rights.,Harta annab mitmele keeleõigusele põhiseadusliku kaitse.,Official bilingualism in Canada — Wikipedia revision 1363124662,https://en.wikipedia.org/w/index.php?title=Official_bilingualism_in_Canada&oldid=1363124662,CC-BY-SA-4.0,2026-08-21,reviewed,true
built-in-literature-language-clue-0340,built-in-literature-language,Literature and Language Pack,built-in-literature-language-set-068,board,round-one,5,hard,linguistics,Canada Legislates Two Federal Languages,Kanada kehtestab kaks föderaalkeelt,Which numbered section of the Canadian Charter establishes English and French as federal official languages?,Milline Kanada harta nummerdatud paragrahv sätestab inglise ja prantsuse keele föderaalsete ametlike keeltena?,Section 16,Paragrahv 16,Section sixteen,Paragrahv kuusteist,That Charter provision states the two languages’ equal status in federal institutions.,See harta säte kinnitab kahe keele võrdset staatust föderaalasutustes.,Official bilingualism in Canada — Wikipedia revision 1363124662,https://en.wikipedia.org/w/index.php?title=Official_bilingualism_in_Canada&oldid=1363124662,CC-BY-SA-4.0,2026-08-21,reviewed,true
built-in-literature-language-clue-0341,built-in-literature-language,Literature and Language Pack,built-in-literature-language-set-069,board,round-one,1,easy,linguistics,A Tuscan Standard Names Everyday Foods,Toscana kirjakeel nimetab igapäevatoite,Italian belongs to which major Indo-European branch?,Millisesse suurde indoeuroopa keelte harusse kuulub itaalia keel?,Romance languages,Romaani keeled,Romance,Romaani haru,Italian developed from Latin within the Romance branch.,Itaalia keel arenes ladina keelest romaani keelte harus.,Italian language — Wikipedia revision 1370308262,https://en.wikipedia.org/w/index.php?title=Italian_language&oldid=1370308262,CC-BY-SA-4.0,2026-08-21,reviewed,true
built-in-literature-language-clue-0342,built-in-literature-language,Literature and Language Pack,built-in-literature-language-set-069,board,round-one,2,easy,linguistics,A Tuscan Standard Names Everyday Foods,Toscana kirjakeel nimetab igapäevatoite,The standard language is based chiefly on the dialect of which city?,Millise linna murdel põhineb itaalia kirjakeel peamiselt?,Florence,Firenze,,,"Standard Italian is historically based on literary Tuscan, especially Florentine.","Itaalia kirjakeel põhineb ajalooliselt kirjanduslikul Toscana keelel, eriti Firenze murdel.",Italian language — Wikipedia revision 1370308262,https://en.wikipedia.org/w/index.php?title=Italian_language&oldid=1370308262,CC-BY-SA-4.0,2026-08-21,reviewed,true
built-in-literature-language-clue-0343,built-in-literature-language,Literature and Language Pack,built-in-literature-language-set-069,board,round-one,3,easy,linguistics,A Tuscan Standard Names Everyday Foods,Toscana kirjakeel nimetab igapäevatoite,Which two grammatical genders do Italian nouns use?,Millist kahte grammatilist sugu kasutavad itaalia nimisõnad?,Masculine and feminine,Mees- ja naissugu,,,Articles and adjectives agree with the noun’s masculine or feminine gender.,Artiklid ja omadussõnad ühilduvad nimisõna mees- või naissooga.,Italian language — Wikipedia revision 1370308262,https://en.wikipedia.org/w/index.php?title=Italian_language&oldid=1370308262,CC-BY-SA-4.0,2026-08-21,reviewed,true
built-in-literature-language-clue-0344,built-in-literature-language,Literature and Language Pack,built-in-literature-language-set-069,board,round-one,4,easy,linguistics,A Tuscan Standard Names Everyday Foods,Toscana kirjakeel nimetab igapäevatoite,Italian meaning can distinguish single and doubled versions of what speech sounds?,Milliste kõnehelide üksik- ja kaksikhääldus võib itaalia keeles tähendust eristada?,Consonants,Kaashäälikud,,,"Consonant length, or gemination, is contrastive in Italian.",Kaashääliku pikkus ehk geminatsioon eristab itaalia keeles tähendusi.,Italian language — Wikipedia revision 1370308262,https://en.wikipedia.org/w/index.php?title=Italian_language&oldid=1370308262,CC-BY-SA-4.0,2026-08-21,reviewed,true
built-in-literature-language-clue-0345,built-in-literature-language,Literature and Language Pack,built-in-literature-language-set-069,board,round-one,5,easy,linguistics,A Tuscan Standard Names Everyday Foods,Toscana kirjakeel nimetab igapäevatoite,What is the Italian word for “tomato”?,Milline itaalia sõna tähendab „tomatit“?,pomodoro,pomodoro,Pomodoro,Pomodoro,The singular Italian noun is “pomodoro”.,Itaalia ainsuslik nimisõna on „pomodoro“.,pomodoro — permanent revision 87923759,https://en.wiktionary.org/w/index.php?title=pomodoro&oldid=87923759,CC-BY-SA-4.0,2026-08-21,reviewed,true
built-in-literature-language-clue-0346,built-in-literature-language,Literature and Language Pack,built-in-literature-language-set-070,board,round-one,1,hard,linguistics,One Scandinavian Character’s History,Ühe Skandinaavia tähe ajalugu,Which diacritic appears above the letter Å?,Milline diakriit on tähe Å kohal?,Ring,Rõngas,A ring,Rõngas,Å is an A topped by a ring.,"Å on A, mille kohal on rõngas.",Å — Wikipedia revision 1368825929,https://en.wikipedia.org/w/index.php?title=%C3%85&oldid=1368825929,CC-BY-SA-4.0,2026-08-21,reviewed,true
built-in-literature-language-clue-0347,built-in-literature-language,Literature and Language Pack,built-in-literature-language-set-070,board,round-one,2,hard,linguistics,One Scandinavian Character’s History,Ühe Skandinaavia tähe ajalugu,Name one Scandinavian language whose alphabet includes Å.,"Nimeta üks Skandinaavia keel, mille tähestikus on Å.",Swedish,Rootsi keel,Danish|Norwegian,Taani keel|Norra keel,"Swedish, Danish, and Norwegian use Å.","Rootsi, taani ja norra keel kasutavad Å-d.",Å — Wikipedia revision 1368825929,https://en.wikipedia.org/w/index.php?title=%C3%85&oldid=1368825929,CC-BY-SA-4.0,2026-08-21,reviewed,true
built-in-literature-language-clue-0348,built-in-literature-language,Literature and Language Pack,built-in-literature-language-set-070,board,round-one,3,hard,linguistics,One Scandinavian Character’s History,Ühe Skandinaavia tähe ajalugu,Which two-letter sequence did Å replace in Danish and Norwegian spelling reforms?,Millise kahetähelise jada Å asendas Taani ja Norra õigekirjareformides?,Aa,Aa,AA,AA,Å historically developed from and replaced “aa” in many words.,Å kujunes ajalooliselt ühendist „aa“ ja asendas selle paljudes sõnades.,Å — Wikipedia revision 1368825929,https://en.wikipedia.org/w/index.php?title=%C3%85&oldid=1368825929,CC-BY-SA-4.0,2026-08-21,reviewed,true
built-in-literature-language-clue-0349,built-in-literature-language,Literature and Language Pack,built-in-literature-language-set-070,board,round-one,4,hard,linguistics,One Scandinavian Character’s History,Ühe Skandinaavia tähe ajalugu,"In Swedish alphabetical order, does Å appear before A or near the end after Z?","Rootsi tähestikulises järjekorras, kas Å ilmub enne A või lõpus pärast Z?",After Z,Pärast Z-d,Near the end after Z,Tähestiku lõpuosas pärast Z-d,Swedish sorts Å near the end of the alphabet.,Rootsi tähestikus paikneb Å lõpuosas.,Å — Wikipedia revision 1368825929,https://en.wikipedia.org/w/index.php?title=%C3%85&oldid=1368825929,CC-BY-SA-4.0,2026-08-21,reviewed,true
built-in-literature-language-clue-0350,built-in-literature-language,Literature and Language Pack,built-in-literature-language-set-070,board,round-one,5,hard,linguistics,One Scandinavian Character’s History,Ühe Skandinaavia tähe ajalugu,"In several Scandinavian languages, what does the independent word “å” mean?",Mida tähendab iseseisev sõna mitmes Skandinaavia keeles?,River,Jõgi,Stream,Oja,The word å can mean a small river or stream.,Sõna å võib tähendada väikest jõge või oja.,Å — Wikipedia revision 1368825929,https://en.wikipedia.org/w/index.php?title=%C3%85&oldid=1368825929,CC-BY-SA-4.0,2026-08-21,reviewed,true
built-in-literature-language-clue-0351,built-in-literature-language,Literature and Language Pack,built-in-literature-language-set-071,board,round-two,1,hard,etymology,One Common English Noun: Origins and Usage,Ühe tavalise inglise nimisõna päritolu ja kasutus,What mass noun covers recently received information about events?,Milline massinimisõna tähistab hiljuti saadud teavet sündmuste kohta?,News,Uudised,,,"News denotes reports about recent events delivered through print, broadcasting, or online publication.","Uudised tähistavad teateid hiljutistest sündmustest, mida edastatakse trükimeedias, ringhäälingus või veebiväljaannetes.",News — Wikipedia revision 1358060278,https://en.wikipedia.org/w/index.php?title=News&oldid=1358060278,CC-BY-SA-4.0,2026-08-21,reviewed,true
built-in-literature-language-clue-0352,built-in-literature-language,Literature and Language Pack,built-in-literature-language-set-071,board,round-two,2,hard,etymology,One Common English Noun: Origins and Usage,Ühe tavalise inglise nimisõna päritolu ja kasutus,"In standard English, does the noun for recent-event reports normally take a singular or plural verb?",Kas hiljutiste sündmuste teadete ingliskeelne nimisõna ühildub tavaliselt ainsusliku või mitmusliku verbiga?,Singular,Ainsus,,,Wiktionary labels “news” uncountable and illustrates it with “The news is …”.,Wiktionary märgib sõna „news“ loendamatuks ja näitlikustab seda fraasiga „The news is …“.,news — Wiktionary revision 91983861,https://en.wiktionary.org/w/index.php?title=news&oldid=91983861,CC-BY-SA-4.0,2026-08-21,reviewed,true
built-in-literature-language-clue-0353,built-in-literature-language,Literature and Language Pack,built-in-literature-language-set-071,board,round-two,3,hard,etymology,One Common English Noun: Origins and Usage,Ühe tavalise inglise nimisõna päritolu ja kasutus,What word can follow the common mass noun for recent-event reports to form the name of a printed daily or weekly periodical?,"Milline sõna võib järgneda hiljutiste sündmuste teadete massinimisõnale, moodustades trükitud päeva- või nädalalehe nimetuse?",paper,paper,Newspaper,newspaper,A newspaper is a printed publication carrying news.,"Ajaleht on trükitud väljaanne, mis sisaldab uudiseid.",News — Wikipedia revision 1358060278,https://en.wikipedia.org/w/index.php?title=News&oldid=1358060278,CC-BY-SA-4.0,2026-08-21,reviewed,true
built-in-literature-language-clue-0354,built-in-literature-language,Literature and Language Pack,built-in-literature-language-set-071,board,round-two,4,hard,etymology,One Common English Noun: Origins and Usage,Ühe tavalise inglise nimisõna päritolu ja kasutus,Which adjective is the direct lexical base of the English noun “news”?,Milline omadussõna on inglise nimisõna „news“ otsene tüvi?,New,New,,,"The noun developed from the adjective “new”, not from compass-direction initials.","Nimisõna arenes omadussõnast „new“, mitte ilmakaarte ingliskeelsete nimetuste algustähtedest.",News — Wikipedia revision 1358060278,https://en.wikipedia.org/w/index.php?title=News&oldid=1358060278,CC-BY-SA-4.0,2026-08-21,reviewed,true
built-in-literature-language-clue-0355,built-in-literature-language,Literature and Language Pack,built-in-literature-language-set-071,board,round-two,5,hard,etymology,One Common English Noun: Origins and Usage,Ühe tavalise inglise nimisõna päritolu ja kasutus,"Does “news” come from the initials of north, east, west, and south?","Kas „news“ pärineb ingliskeelsete ilmakaarte north, east, west ja south algustähtedest?",No,Ei,False,Väär,The compass-initial claim is a false etymology; “news” is a plural form of “new”.,Ilmakaarte algustähtede seletus on vale etümoloogia; „news“ on sõna „new“ mitmusevorm.,List of common false etymologies of English words — Wikipedia revision 1361495699,https://en.wikipedia.org/w/index.php?title=List_of_common_false_etymologies_of_English_words&oldid=1361495699,CC-BY-SA-4.0,2026-08-21,reviewed,true
built-in-literature-language-clue-0356,built-in-literature-language,Literature and Language Pack,built-in-literature-language-set-072,board,round-one,1,easy,etymology,Everyday English from South Asia,Igapäevane inglise keel Lõuna-Aasiast,What is a word adopted into one language from another called?,Kuidas nimetatakse ühest keelest teise üle võetud sõna?,Loanword,Laenusõna,,,A loanword is borrowed from a donor language.,Laenusõna võetakse üle lähtekeelest.,Loanword — Wikipedia revision 1369688690,https://en.wikipedia.org/w/index.php?title=Loanword&oldid=1369688690,CC-BY-SA-4.0,2026-08-21,reviewed,true
built-in-literature-language-clue-0357,built-in-literature-language,Literature and Language Pack,built-in-literature-language-set-072,board,round-one,2,easy,etymology,Everyday English from South Asia,Igapäevane inglise keel Lõuna-Aasiast,What term names the language from which a borrowing comes?,"Milline termin tähistab keelt, millest laen pärineb?",Donor language,Lähtekeel,,,The source of a loanword is its donor language.,Laenusõna päritolukeel on selle lähtekeel.,Loanword — Wikipedia revision 1369688690,https://en.wikipedia.org/w/index.php?title=Loanword&oldid=1369688690,CC-BY-SA-4.0,2026-08-21,reviewed,true
built-in-literature-language-clue-0358,built-in-literature-language,Literature and Language Pack,built-in-literature-language-set-072,board,round-one,3,easy,etymology,Everyday English from South Asia,Igapäevane inglise keel Lõuna-Aasiast,The words “bungalow” and “shampoo” reached English from languages of which country?,Millise riigi keeltest jõudsid inglise keelde sõnad „bungalow“ ja „shampoo“?,India,India,,,Both are well-known English borrowings from the Indian subcontinent.,Mõlemad on tuntud inglise laenud India allkontinendilt.,List of English words of Hindi or Urdu origin — permanent revision 1366638717,https://en.wikipedia.org/w/index.php?title=List_of_English_words_of_Hindi_or_Urdu_origin&oldid=1366638717,CC-BY-SA-4.0,2026-08-21,reviewed,true
built-in-literature-language-clue-0359,built-in-literature-language,Literature and Language Pack,built-in-literature-language-set-072,board,round-one,4,easy,etymology,Everyday English from South Asia,Igapäevane inglise keel Lõuna-Aasiast,English “bungalow” ultimately comes through Hindi from a word meaning “of” which region?,Millisest piirkonnast pärinemist tähendavast sõnast pärineb inglise „bungalow“ hindi keele kaudu?,Bengal,Bengal,,,The borrowing traces to a South Asian term associated with Bengal.,Laen pärineb Bengaliga seotud Lõuna-Aasia terminist.,bungalow — permanent revision 91247677,https://en.wiktionary.org/w/index.php?title=bungalow&oldid=91247677,CC-BY-SA-4.0,2026-08-21,reviewed,true
built-in-literature-language-clue-0360,built-in-literature-language,Literature and Language Pack,built-in-literature-language-set-072,board,round-one,5,easy,etymology,Everyday English from South Asia,Igapäevane inglise keel Lõuna-Aasiast,The English verb “shampoo” entered from a Hindi imperative meaning to do what?,"Millist tegevust tähendab hindi käskiv vorm, millest pärineb inglise verb „shampoo“?",Press or massage,Vajutamine või masseerimine,Massage,Masseerimine,The Hindi source referred to pressing or massaging.,Hindi allikas viitas pressimisele või masseerimisele.,shampoo — permanent revision 91805940,https://en.wiktionary.org/w/index.php?title=shampoo&oldid=91805940,CC-BY-SA-4.0,2026-08-21,reviewed,true
built-in-literature-language-clue-0361,built-in-literature-language,Literature and Language Pack,built-in-literature-language-set-073,board,round-one,1,hard,etymology,A Ligature Becomes an English Symbol,Ligatuurist saab inglise sümbol,What English name is given to the character &?,Milline ingliskeelne nimi on antud märgile &?,Ampersand,Ampersand,,,"The sign developed as a ligature of the Latin letters in “et”, meaning “and”.",Märk kujunes ladina sõna „et“ ehk „ja“ tähtede ligatuurist.,Ampersand — Wikipedia revision 1370147916,https://en.wikipedia.org/w/index.php?title=Ampersand&oldid=1370147916,CC-BY-SA-4.0,2026-08-21,reviewed,true
built-in-literature-language-clue-0362,built-in-literature-language,Literature and Language Pack,built-in-literature-language-set-073,board,round-one,2,hard,etymology,A Ligature Becomes an English Symbol,Ligatuurist saab inglise sümbol,Which conjunction does the symbol ordinarily represent?,Millist sidesõna see sümbol tavaliselt tähistab?,And,Ja,,,The ampersand functions as a logogram for “and”.,Ampersand toimib sidesõna „ja“ logogrammina.,Ampersand — Wikipedia revision 1370147916,https://en.wikipedia.org/w/index.php?title=Ampersand&oldid=1370147916,CC-BY-SA-4.0,2026-08-21,reviewed,true
built-in-literature-language-clue-0363,built-in-literature-language,Literature and Language Pack,built-in-literature-language-set-073,board,round-one,3,hard,etymology,A Ligature Becomes an English Symbol,Ligatuurist saab inglise sümbol,The shape developed as a ligature of which two Latin letters?,Millise kahe ladina tähe ligatuurina märk kujunes?,E and T,E ja T,ET|et,ET|et,"It combines letters of Latin “et”, meaning “and”.",See ühendab ladina sõna „et“ ehk „ja“ tähed.,Ampersand — Wikipedia revision 1370147916,https://en.wikipedia.org/w/index.php?title=Ampersand&oldid=1370147916,CC-BY-SA-4.0,2026-08-21,reviewed,true
built-in-literature-language-clue-0364,built-in-literature-language,Literature and Language Pack,built-in-literature-language-set-073,board,round-one,4,hard,etymology,A Ligature Becomes an English Symbol,Ligatuurist saab inglise sümbol,Which Latin phrase meaning “by itself” followed alphabet letters that could stand as words?,"Milline ladina fraas tähendusega „iseenesest“ järgnes tähestikutähtedele, mis võisid ise sõnad olla?",Per se,Per se,,,Speakers said forms such as “and per se and”.,Kõnelejad ütlesid selliseid vormeleid nagu „and per se and“.,Ampersand — Wikipedia revision 1370147916,https://en.wikipedia.org/w/index.php?title=Ampersand&oldid=1370147916,CC-BY-SA-4.0,2026-08-21,reviewed,true
built-in-literature-language-clue-0365,built-in-literature-language,Literature and Language Pack,built-in-literature-language-set-073,board,round-one,5,hard,etymology,A Ligature Becomes an English Symbol,Ligatuurist saab inglise sümbol,“Ampersand” arose by slurring which four-word expression?,Millise neljasõnalise väljendi kokkusulamisel tekkis „ampersand“?,And per se and,Ja iseenesest ja,,,Repeated pronunciation fused “and per se and” into the modern word.,Korduv hääldamine sulatas fraasi „and per se and“ tänapäevaseks sõnaks.,Ampersand — Wikipedia revision 1370147916,https://en.wikipedia.org/w/index.php?title=Ampersand&oldid=1370147916,CC-BY-SA-4.0,2026-08-21,reviewed,true
built-in-literature-language-clue-0366,built-in-literature-language,Literature and Language Pack,built-in-literature-language-set-074,board,round-one,1,hard,etymology,Gongoozler in British English,„Gongoozler“ Briti inglise keeles,What does the British term for a person watching activity around locks and boats mean?,"Mida tähendab Briti termin inimese kohta, kes vaatab tegevust lüüside ja paatide ümber?",An idle spectator,Tegevusetu pealtvaataja,Idle onlooker,Tegevusetu vaatleja,"A gongoozler watches activity, especially on canals, without taking part.","Gongoozler vaatab tegevust, eriti kanalitel, ise selles osalemata.",Gongoozler — Wikipedia revision 1359068831,https://en.wikipedia.org/w/index.php?title=Gongoozler&oldid=1359068831,CC-BY-SA-4.0,2026-08-21,reviewed,true
built-in-literature-language-clue-0367,built-in-literature-language,Literature and Language Pack,built-in-literature-language-set-074,board,round-one,2,hard,etymology,Gongoozler in British English,„Gongoozler“ Briti inglise keeles,With which transport waterways is “gongoozler” particularly associated?,Milliste transpordiveeteedega on eriti seotud „gongoozler“?,Canals,Kanalid,,,The term is strongly linked to people watching canal boats and locks.,Termin seostub tugevalt kanalipaate ja lüüse vaatavate inimestega.,Gongoozler — Wikipedia revision 1359068831,https://en.wikipedia.org/w/index.php?title=Gongoozler&oldid=1359068831,CC-BY-SA-4.0,2026-08-21,reviewed,true
built-in-literature-language-clue-0368,built-in-literature-language,Literature and Language Pack,built-in-literature-language-set-074,board,round-one,3,hard,etymology,Gongoozler in British English,„Gongoozler“ Briti inglise keeles,Is “gongoozler” primarily a noun or a verb?,Kas „gongoozler“ on peamiselt nimisõna või tegusõna?,Noun,Nimisõna,,,It names a person who watches.,"See nimetab inimest, kes vaatab.",Gongoozler — Wikipedia revision 1359068831,https://en.wikipedia.org/w/index.php?title=Gongoozler&oldid=1359068831,CC-BY-SA-4.0,2026-08-21,reviewed,true
built-in-literature-language-clue-0369,built-in-literature-language,Literature and Language Pack,built-in-literature-language-set-074,board,round-one,4,hard,etymology,Gongoozler in British English,„Gongoozler“ Briti inglise keeles,From approximately which century is “gongoozler” recorded in English?,Umbes millisest sajandist on sõna „gongoozler“ inglise keeles kirja pandud?,Nineteenth century,Üheksateistkümnes sajand,19th century,19. sajand,Documented use dates from the nineteenth century.,Dokumenteeritud kasutus pärineb üheksateistkümnendast sajandist.,Gongoozler — Wikipedia revision 1359068831,https://en.wikipedia.org/w/index.php?title=Gongoozler&oldid=1359068831,CC-BY-SA-4.0,2026-08-21,reviewed,true
built-in-literature-language-clue-0370,built-in-literature-language,Literature and Language Pack,built-in-literature-language-set-074,board,round-one,5,hard,etymology,Gongoozler in British English,„Gongoozler“ Briti inglise keeles,Is the deeper origin of “gongoozler” securely established?,Kas sõna „gongoozler“ sügavam päritolu on kindlalt teada?,No,Ei,Uncertain,Ebakindel,"Proposed origins exist, but its etymology is uncertain.","Päritolu kohta on ettepanekuid, kuid etümoloogia pole kindel.",Gongoozler — Wikipedia revision 1359068831,https://en.wikipedia.org/w/index.php?title=Gongoozler&oldid=1359068831,CC-BY-SA-4.0,2026-08-21,reviewed,true
built-in-literature-language-clue-0371,built-in-literature-language,Literature and Language Pack,built-in-literature-language-set-075,board,round-two,1,hard,etymology,Contraband Hides Beside a Tall Boot,Salakaup peitub kõrge saapa kõrval,"Which word can mean something made, distributed, or sold illegally?","Milline sõna võib tähendada midagi, mis on tehtud, levitatud või müüdud illegaalselt?",Bootleg,Bootleg,,,“Bootleg” labels illicit goods or copies.,„Bootleg“ tähistab ebaseaduslikke kaupu või koopiaid.,Bootleg — Wikipedia revision 1368541656,https://en.wikipedia.org/w/index.php?title=Bootleg&oldid=1368541656,CC-BY-SA-4.0,2026-08-21,reviewed,true
built-in-literature-language-clue-0372,built-in-literature-language,Literature and Language Pack,built-in-literature-language-set-075,board,round-two,2,hard,etymology,Contraband Hides Beside a Tall Boot,Salakaup peitub kõrge saapa kõrval,"During U.S. Prohibition, what product did illicit sellers and transporters handle?",Millise tootega tegelesid USA alkoholikeelu ajal ebaseaduslikud müüjad ja vedajad?,Alcohol,Alkohol,Liquor,Kange alkohol,Bootleggers made or transported illicit alcoholic drinks.,Salaviinavedajad valmistasid või vedasid ebaseaduslikke alkohoolseid jooke.,Bootleg — Wikipedia revision 1368541656,https://en.wikipedia.org/w/index.php?title=Bootleg&oldid=1368541656,CC-BY-SA-4.0,2026-08-21,reviewed,true
built-in-literature-language-clue-0373,built-in-literature-language,Literature and Language Pack,built-in-literature-language-set-075,board,round-two,3,hard,etymology,Contraband Hides Beside a Tall Boot,Salakaup peitub kõrge saapa kõrval,"In music culture, what kind of unofficial audio is called a bootleg recording?",Millist mitteametlikku helisalvestist nimetatakse muusikakultuuris bootleg-salvestiseks?,An unauthorized recording,Loata salvestis,,,Live performances or releases circulated without authorization are bootlegs.,Loata levitatud kontserdisalvestised või väljaanded on bootleg’id.,Bootleg — Wikipedia revision 1368541656,https://en.wikipedia.org/w/index.php?title=Bootleg&oldid=1368541656,CC-BY-SA-4.0,2026-08-21,reviewed,true
built-in-literature-language-clue-0374,built-in-literature-language,Literature and Language Pack,built-in-literature-language-set-075,board,round-two,4,hard,etymology,Contraband Hides Beside a Tall Boot,Salakaup peitub kõrge saapa kõrval,What noun names a person who produces or sells bootleg goods?,Milline nimisõna tähistab bootleg-kaupade valmistajat või müüjat?,Bootlegger,Bootlegger,,,A bootlegger engages in the illicit trade.,Salakaubavedaja tegeleb ebaseadusliku kaubandusega.,Bootleg — Wikipedia revision 1368541656,https://en.wikipedia.org/w/index.php?title=Bootleg&oldid=1368541656,CC-BY-SA-4.0,2026-08-21,reviewed,true
built-in-literature-language-clue-0375,built-in-literature-language,Literature and Language Pack,built-in-literature-language-set-075,board,round-two,5,hard,etymology,Contraband Hides Beside a Tall Boot,Salakaup peitub kõrge saapa kõrval,Which part of an item of footwear supplied the word’s literal image?,Milline jalatsi osa andis sõnale otsese kujundi?,The leg of a boot,Saapasäär,,,The term evokes concealing a flask in a tall boot.,Sõna loob kujutluse kõrgesse saapasse peidetud plaskust.,Bootleg — Wikipedia revision 1368541656,https://en.wikipedia.org/w/index.php?title=Bootleg&oldid=1368541656,CC-BY-SA-4.0,2026-08-21,reviewed,true
built-in-literature-language-clue-0376,built-in-literature-language,Literature and Language Pack,built-in-literature-language-set-076,board,round-one,1,hard,poetry,Names Across a Poem and a Railway,Nimed luuletuses ja raudteel,Which English poet wrote “The Windhover” after becoming a Jesuit priest?,Milline Inglise luuletaja kirjutas pärast jesuiidipreestriks saamist „The Windhoveri“?,Gerard Manley Hopkins,Gerard Manley Hopkins,,,Hopkins composed the sonnet in 1877.,Hopkins kirjutas soneti 1877. aastal.,The Windhover — Wikipedia revision 1368630326,https://en.wikipedia.org/w/index.php?title=The_Windhover&oldid=1368630326,CC-BY-SA-4.0,2026-08-21,reviewed,true
built-in-literature-language-clue-0377,built-in-literature-language,Literature and Language Pack,built-in-literature-language-set-076,board,round-one,2,hard,poetry,Names Across a Poem and a Railway,Nimed luuletuses ja raudteel,In what year did Hopkins write “The Windhover”?,Mis aastal kirjutas Hopkins „The Windhoveri“?,1877,1877,,,Hopkins composed the sonnet in 1877 and dedicated it to Christ.,Hopkins kirjutas soneti 1877. aastal ja pühendas selle Kristusele.,The Windhover — Wikipedia revision 1368630326,https://en.wikipedia.org/w/index.php?title=The_Windhover&oldid=1368630326,CC-BY-SA-4.0,2026-08-21,reviewed,true
built-in-literature-language-clue-0378,built-in-literature-language,Literature and Language Pack,built-in-literature-language-set-076,board,round-one,3,hard,poetry,Names Across a Poem and a Railway,Nimed luuletuses ja raudteel,In what year was “The Windhover” first published?,Mis aastal avaldati „The Windhover“ esimest korda?,1918,1918,,,The poem appeared posthumously in the 1918 collection edited by Robert Bridges.,Luuletus ilmus postuumselt Robert Bridgesi toimetatud 1918. aasta kogumikus.,The Windhover — Wikipedia revision 1368630326,https://en.wikipedia.org/w/index.php?title=The_Windhover&oldid=1368630326,CC-BY-SA-4.0,2026-08-21,reviewed,true
built-in-literature-language-clue-0379,built-in-literature-language,Literature and Language Pack,built-in-literature-language-set-076,board,round-one,4,hard,poetry,Names Across a Poem and a Railway,Nimed luuletuses ja raudteel,To whom does the subtitle of “The Windhover” dedicate the poem?,Kellele pühendab „The Windhoveri“ alapealkiri luuletuse?,Christ our Lord,"Kristus, meie Issand",Christ,Kristus,Hopkins explicitly addresses the poem to Christ.,Hopkins pöördub luuletuses sõnaselgelt Kristuse poole.,The Windhover — Wikipedia revision 1368630326,https://en.wikipedia.org/w/index.php?title=The_Windhover&oldid=1368630326,CC-BY-SA-4.0,2026-08-21,reviewed,true
built-in-literature-language-clue-0380,built-in-literature-language,Literature and Language Pack,built-in-literature-language-set-076,board,round-one,5,hard,poetry,Names Across a Poem and a Railway,Nimed luuletuses ja raudteel,What was Sir Handel’s original name on the Mid-Sodor Railway?,Mis oli Sir Handeli algne nimi Mid-Sodori raudteel?,Falcon,Falcon,,,The engine later called Sir Handel originally worked under the name Falcon.,Hiljem Sir Handeliks nimetatud vedur töötas algselt nime Falcon all.,The Railway Series and Thomas & Friends characters — permanent revision 1369704890,https://en.wikipedia.org/w/index.php?title=List_of_The_Railway_Series_and_Thomas_%26_Friends_characters&oldid=1369704890,CC-BY-SA-4.0,2026-08-21,reviewed,true
built-in-literature-language-clue-0381,built-in-literature-language,Literature and Language Pack,built-in-literature-language-set-077,board,round-one,1,easy,poetry,Counting Lives and Books,Eluetappide ja raamatute loendamine,"In the speech beginning “All the world’s a stage,” people are compared to what profession?","Millise elukutse esindajatega võrreldakse inimesi kõnes, mis algab sõnadega „All the world’s a stage“?",Players,Näitlejad,Actors,Esinejad,Men and women enter and leave like performers.,Mehed ja naised sisenevad ja lahkuvad nagu esinejad.,All the world's a stage — Wikipedia revision 1368617198,https://en.wikipedia.org/w/index.php?title=All_the_worlds_a_stage&oldid=1368617198,CC-BY-SA-4.0,2026-08-21,reviewed,true
built-in-literature-language-clue-0382,built-in-literature-language,Literature and Language Pack,built-in-literature-language-set-077,board,round-one,2,easy,poetry,Counting Lives and Books,Eluetappide ja raamatute loendamine,How many novels form the main “Harry Potter” series?,Mitu romaani moodustab peamise „Harry Potteri“ sarja?,Seven,Seitse,7,7,The main Harry Potter sequence consists of seven novels.,Peamine „Harry Potteri“ sari koosneb seitsmest romaanist.,Harry Potter — permanent revision 1368993584,https://en.wikipedia.org/w/index.php?title=Harry_Potter&oldid=1368993584,CC-BY-SA-4.0,2026-08-21,reviewed,true
built-in-literature-language-clue-0383,built-in-literature-language,Literature and Language Pack,built-in-literature-language-set-077,board,round-one,3,easy,poetry,Counting Lives and Books,Eluetappide ja raamatute loendamine,Which melancholy courtier delivers the “All the world’s a stage” speech?,Milline melanhoolne õukondlane peab kõne „All the world’s a stage“?,Jaques,Jaques,,,Jaques gives the monologue in the Forest of Arden.,Jaques peab monoloogi Ardeni metsas.,All the world's a stage — Wikipedia revision 1368617198,https://en.wikipedia.org/w/index.php?title=All_the_worlds_a_stage&oldid=1368617198,CC-BY-SA-4.0,2026-08-21,reviewed,true
built-in-literature-language-clue-0384,built-in-literature-language,Literature and Language Pack,built-in-literature-language-set-077,board,round-one,4,easy,poetry,Counting Lives and Books,Eluetappide ja raamatute loendamine,In which Shakespeare comedy does the “seven ages” speech appear?,Millises Shakespeare’i komöödias esineb kõne „seitse eluaega“?,As You Like It,Nagu sulle meeldib,,,The monologue occurs in Act II of this pastoral comedy.,Monoloog esineb selle pastoraalkomöödia II vaatuses.,All the world's a stage — Wikipedia revision 1368617198,https://en.wikipedia.org/w/index.php?title=All_the_worlds_a_stage&oldid=1368617198,CC-BY-SA-4.0,2026-08-21,reviewed,true
built-in-literature-language-clue-0385,built-in-literature-language,Literature and Language Pack,built-in-literature-language-set-077,board,round-one,5,easy,poetry,Counting Lives and Books,Eluetappide ja raamatute loendamine,"What phrase names the final age, stripped of teeth, sight, taste, and everything?","Milline fraas nimetab viimast elujärku, milles pole enam hambaid, nägemist, maitset ega midagi muud?",Second childishness,Teine lapselikkus,,,The speech closes with a return to helpless dependence.,Kõne lõpeb tagasipöördumisega abitu sõltuvuse juurde.,All the world's a stage — Wikipedia revision 1368617198,https://en.wikipedia.org/w/index.php?title=All_the_worlds_a_stage&oldid=1368617198,CC-BY-SA-4.0,2026-08-21,reviewed,true
built-in-literature-language-clue-0386,built-in-literature-language,Literature and Language Pack,built-in-literature-language-set-078,board,round-one,1,hard,poetry,Places Shared by Song and Horror,Laulu ja õudusromaani ühised kohad,Which song by Frederic Weatherly is commonly sung to a traditional Irish air?,Millist Frederic Weatherly laulu lauldakse tavaliselt traditsioonilise Iiri viisi järgi?,Danny Boy,Danny Boy,,,Frederic Weatherly’s words made the tune internationally familiar under that title.,Frederic Weatherly sõnad tegid viisi selle pealkirja all rahvusvaheliselt tuntuks.,Londonderry Air — Wikipedia revision 1351539200,https://en.wikipedia.org/w/index.php?title=Londonderry_Air&oldid=1351539200,CC-BY-SA-4.0,2026-08-21,reviewed,true
built-in-literature-language-clue-0387,built-in-literature-language,Literature and Language Pack,built-in-literature-language-set-078,board,round-one,2,hard,poetry,Places Shared by Song and Horror,Laulu ja õudusromaani ühised kohad,Where does Stephen King’s novel “It” take place?,Kus toimub Stephen Kingi romaani „It“ tegevus?,"Derry, Maine","Derry, Maine",Derry,Derry,"King’s novel is set in the fictional town of Derry, Maine.",Kingi romaani tegevus toimub väljamõeldud Derry linnas Maine’is.,It (novel) — permanent revision 1368921205,https://en.wikipedia.org/w/index.php?title=It_(novel)&oldid=1368921205,CC-BY-SA-4.0,2026-08-21,reviewed,true
built-in-literature-language-clue-0388,built-in-literature-language,Literature and Language Pack,built-in-literature-language-set-078,board,round-one,3,hard,poetry,Places Shared by Song and Horror,Laulu ja õudusromaani ühised kohad,Who transcribed the traditional Irish melody in Limavady in 1851?,Kes transkribeeris traditsioonilise Iiri meloodia Limavadys aastal 1851?,Jane Ross,Jane Ross,,,Ross transcribed the tune and sent it for publication.,Ross kirjutas viisi üles ja saatis selle avaldamiseks.,Londonderry Air — Wikipedia revision 1351539200,https://en.wikipedia.org/w/index.php?title=Londonderry_Air&oldid=1351539200,CC-BY-SA-4.0,2026-08-21,reviewed,true
built-in-literature-language-clue-0389,built-in-literature-language,Literature and Language Pack,built-in-literature-language-set-078,board,round-one,4,hard,poetry,Places Shared by Song and Horror,Laulu ja õudusromaani ühised kohad,Which Irish antiquarian first published the tune after receiving Ross’s transcription?,Milline Iiri antikvaar avaldas viisi pärast Rossi üleskirjutuse saamist esimesena?,George Petrie,George Petrie,,,Petrie included it in his collection of Irish music.,Petrie lisas viisi oma Iiri muusika kogumikku.,Londonderry Air — Wikipedia revision 1351539200,https://en.wikipedia.org/w/index.php?title=Londonderry_Air&oldid=1351539200,CC-BY-SA-4.0,2026-08-21,reviewed,true
built-in-literature-language-clue-0390,built-in-literature-language,Literature and Language Pack,built-in-literature-language-set-078,board,round-one,5,hard,poetry,Places Shared by Song and Horror,Laulu ja õudusromaani ühised kohad,Is a definite composer of the melody known?,Kas on teada kindel meloodia helilooja?,No,Ei,Unknown,Tundmatu,The air is traditional and its composer has not been established.,Viis on rahvapärimuslik ja selle heliloojat pole kindlaks tehtud.,Londonderry Air — Wikipedia revision 1351539200,https://en.wikipedia.org/w/index.php?title=Londonderry_Air&oldid=1351539200,CC-BY-SA-4.0,2026-08-21,reviewed,true
built-in-literature-language-clue-0391,built-in-literature-language,Literature and Language Pack,built-in-literature-language-set-079,board,round-one,1,hard,poetry,A Hunted Animal Across Genres,Jahitud loom eri žanrides,Which English poet born in 1793 became known for close observation of the countryside?,Milline 1793. aastal sündinud inglise luuletaja sai tuntuks maaelu tähelepaneliku vaatlemise poolest?,John Clare,John Clare,,,Clare repeatedly wrote about rural animals and landscapes.,Clare kirjutas korduvalt maaelu loomadest ja maastikest.,John Clare — Wikipedia revision 1370097518,https://en.wikipedia.org/w/index.php?title=John_Clare&oldid=1370097518,CC-BY-SA-4.0,2026-08-21,reviewed,true
built-in-literature-language-clue-0392,built-in-literature-language,Literature and Language Pack,built-in-literature-language-set-079,board,round-one,2,hard,poetry,A Hunted Animal Across Genres,Jahitud loom eri žanrides,"In Beatrix Potter’s books, what kind of animal is Tommy Brock?",Milline loom on Tommy Brock Beatrix Potteri raamatutes?,Badger,Mäger,,,Tommy Brock is the badger in Beatrix Potter’s “The Tale of Mr. Tod”.,Tommy Brock on Beatrix Potteri raamatu „The Tale of Mr. Tod“ mäger.,The Tale of Mr. Tod — permanent revision 1313731399,https://en.wikipedia.org/w/index.php?title=The_Tale_of_Mr._Tod&oldid=1313731399,CC-BY-SA-4.0,2026-08-21,reviewed,true
built-in-literature-language-clue-0393,built-in-literature-language,Literature and Language Pack,built-in-literature-language-set-079,board,round-one,3,hard,poetry,A Hunted Animal Across Genres,Jahitud loom eri žanrides,In which village was poet John Clare born?,Millises külas sündis poeet John Clare?,Helpston,Helpston,,,He was born in Helpston in 1793.,Ta sündis 1793. aastal Helpstonis.,John Clare — Wikipedia revision 1370097518,https://en.wikipedia.org/w/index.php?title=John_Clare&oldid=1370097518,CC-BY-SA-4.0,2026-08-21,reviewed,true
built-in-literature-language-clue-0394,built-in-literature-language,Literature and Language Pack,built-in-literature-language-set-079,board,round-one,4,hard,poetry,A Hunted Animal Across Genres,Jahitud loom eri žanrides,What class-based label was often attached to Clare because he worked as an agricultural labourer?,"Millist klassipõhist nimetust kasutati Clare’i kohta sageli, sest ta töötas põllutöölisena?",The Northamptonshire Peasant Poet,Northamptonshire’i talupoeet,Peasant Poet,Talupoeet,Publishers and readers marketed Clare through this description.,Kirjastajad ja lugejad kujundasid selle nimetuse kaudu Clare’i kuvandit.,John Clare — Wikipedia revision 1370097518,https://en.wikipedia.org/w/index.php?title=John_Clare&oldid=1370097518,CC-BY-SA-4.0,2026-08-21,reviewed,true
built-in-literature-language-clue-0395,built-in-literature-language,Literature and Language Pack,built-in-literature-language-set-079,board,round-one,5,hard,poetry,A Hunted Animal Across Genres,Jahitud loom eri žanrides,What 1820 collection first brought Clare wide attention?,Milline 1820. aasta kogumik tõi Clare’ile esimest korda laialdast tähelepanu?,Poems Descriptive of Rural Life and Scenery,Poems Descriptive of Rural Life and Scenery,,,His debut collection established his reputation for rural observation.,Tema debüütkogumik rajas tema maine maaelu tähelepaneliku vaatlejana.,John Clare — Wikipedia revision 1370097518,https://en.wikipedia.org/w/index.php?title=John_Clare&oldid=1370097518,CC-BY-SA-4.0,2026-08-21,reviewed,true
built-in-literature-language-clue-0396,built-in-literature-language,Literature and Language Pack,built-in-literature-language-set-080,board,round-one,1,easy,poetry,A Tragic Prologue in Verse,Traagiline värssproloog,Which Shakespeare tragedy centers on two young lovers from feuding families?,Milline Shakespeare’i tragöödia keskendub kahele vaenutsevatest perekondadest pärit noorele armastajale?,Romeo and Juliet,Romeo ja Julia,,,The title characters fall in love despite their households’ conflict.,Nimitegelased armuvad oma perekondade vaenust hoolimata.,Romeo and Juliet — Wikipedia revision 1368549343,https://en.wikipedia.org/w/index.php?title=Romeo_and_Juliet&oldid=1368549343,CC-BY-SA-4.0,2026-08-21,reviewed,true
built-in-literature-language-clue-0397,built-in-literature-language,Literature and Language Pack,built-in-literature-language-set-080,board,round-one,2,easy,poetry,A Tragic Prologue in Verse,Traagiline värssproloog,What hyphenated description does the prologue give its doomed lovers?,Millise sidekriipsuga kirjelduse annab proloog hukule määratud armastajatele?,Star-crossed,Tähtede poolt hukule määratud,Star-crossed lovers,Tähtede poolt hukule määratud armastajad,The prologue identifies the lovers as star-crossed and announces their fate.,Proloog nimetab armastajaid tähtede poolt hukule määratuks ja kuulutab ette nende saatuse.,Romeo and Juliet — Wikipedia revision 1368549343,https://en.wikipedia.org/w/index.php?title=Romeo_and_Juliet&oldid=1368549343,CC-BY-SA-4.0,2026-08-21,reviewed,true
built-in-literature-language-clue-0398,built-in-literature-language,Literature and Language Pack,built-in-literature-language-set-080,board,round-one,3,easy,poetry,A Tragic Prologue in Verse,Traagiline värssproloog,What verse form shapes Shakespeare’s opening prologue about two feuding households?,Milline värsivorm kujundab Shakespeare’i avaproloogi kahest vaenutsevast perekonnast?,Sonnet,Sonett,,,The prologue compresses the feud and the lovers’ fate into a formal opening poem.,Proloog tihendab vaenu ja armastajate saatuse vormiliseks avaluuletuseks.,Romeo and Juliet — Wikipedia revision 1368549343,https://en.wikipedia.org/w/index.php?title=Romeo_and_Juliet&oldid=1368549343,CC-BY-SA-4.0,2026-08-21,reviewed,true
built-in-literature-language-clue-0399,built-in-literature-language,Literature and Language Pack,built-in-literature-language-set-080,board,round-one,4,easy,poetry,A Tragic Prologue in Verse,Traagiline värssproloog,What rhyme scheme does the Shakespearean sonnet form use?,Millist riimiskeemi kasutab Shakespeare’i sonetivorm?,ABAB CDCD EFEF GG,ABAB CDCD EFEF GG,,,The pattern groups the sonnet into three quatrains followed by a closing couplet.,"Skeem jagab soneti kolmeks nelikvärsiks, millele järgneb lõpetav paarisvärss.",Rhyme scheme — permanent revision 1368372501,https://en.wikipedia.org/w/index.php?title=Rhyme_scheme&oldid=1368372501,CC-BY-SA-4.0,2026-08-21,reviewed,true
built-in-literature-language-clue-0400,built-in-literature-language,Literature and Language Pack,built-in-literature-language-set-080,board,round-one,5,easy,poetry,A Tragic Prologue in Verse,Traagiline värssproloog,What five-beat meter underlies most lines of the prologue?,Milline viiejalaline värsimõõt on enamiku proloogi ridade aluseks?,Iambic pentameter,Jambiline pentameeter,,,The lines generally arrange five iambic feet.,Read koosnevad üldiselt viiest jambilisest värsijalast.,Romeo and Juliet — Wikipedia revision 1368549343,https://en.wikipedia.org/w/index.php?title=Romeo_and_Juliet&oldid=1368549343,CC-BY-SA-4.0,2026-08-21,reviewed,true
built-in-literature-language-clue-0401,built-in-literature-language,Literature and Language Pack,built-in-literature-language-set-081,board,round-two,1,easy,poetry,Prophecy and Meter in a Scottish Play,Ennustus ja värsimõõt Šoti näidendis,What royal title is Macbeth prophesied to hold eventually?,Millist kuninglikku tiitlit ennustatakse Macbethile tulevikuks?,King of Scotland,Šotimaa kuningas,King,Kuningas,Their prophecy awakens Macbeth’s ambition for the Scottish crown.,Nende ennustus äratab Macbethis iha Šotimaa krooni järele.,Macbeth — Wikipedia revision 1369397365,https://en.wikipedia.org/w/index.php?title=Macbeth&oldid=1369397365,CC-BY-SA-4.0,2026-08-21,reviewed,true
built-in-literature-language-clue-0402,built-in-literature-language,Literature and Language Pack,built-in-literature-language-set-081,board,round-two,2,easy,poetry,Prophecy and Meter in a Scottish Play,Ennustus ja värsimõõt Šoti näidendis,What collective name is given to the three prophetic figures who meet Macbeth on the heath?,"Milline kollektiivne nimi on antud kolmele prohvetlikule tegelasele, kes kohtuvad Macbethiga nõmmel?",The Weird Sisters,Veidrad õed,Three Witches|Witches,Kolm nõida|Nõiad,Shakespeare’s witches are also called the Weird Sisters.,Shakespeare’i nõidu nimetatakse ka Veidrateks õdedeks.,Macbeth — Wikipedia revision 1369397365,https://en.wikipedia.org/w/index.php?title=Macbeth&oldid=1369397365,CC-BY-SA-4.0,2026-08-21,reviewed,true
built-in-literature-language-clue-0403,built-in-literature-language,Literature and Language Pack,built-in-literature-language-set-081,board,round-two,3,easy,poetry,Prophecy and Meter in a Scottish Play,Ennustus ja värsimõõt Šoti näidendis,The chant’s ingredient list includes the eye of what small amphibian?,Millise väikese kahepaikse silm kuulub loitsu koostisosade loetellu?,Newt,Vesilik,,,An eye of newt appears among the cauldron ingredients.,Katla koostisosade seas on vesiliku silm.,"Macbeth (1918 Yale), Act IV — permanent revision 11177216",https://en.wikisource.org/w/index.php?title=Macbeth_(1918)_Yale%2FText%2FAct_IV&oldid=11177216,CC-BY-SA-4.0,2026-08-21,reviewed,true
built-in-literature-language-clue-0404,built-in-literature-language,Literature and Language Pack,built-in-literature-language-set-081,board,round-two,4,easy,poetry,Prophecy and Meter in a Scottish Play,Ennustus ja värsimõõt Šoti näidendis,What Scottish title does Macbeth hold when the play begins?,Millist Šoti tiitlit kannab Macbeth näidendi alguses?,Thane of Glamis,Glamise taan,,,Macbeth begins the play as Thane of Glamis before receiving another thaneship.,"Macbeth alustab näidendit Glamise taanina, enne kui saab teise taani tiitli.",Macbeth — Wikipedia revision 1369397365,https://en.wikipedia.org/w/index.php?title=Macbeth&oldid=1369397365,CC-BY-SA-4.0,2026-08-21,reviewed,true
built-in-literature-language-clue-0405,built-in-literature-language,Literature and Language Pack,built-in-literature-language-set-081,board,round-two,5,easy,poetry,Prophecy and Meter in a Scottish Play,Ennustus ja värsimõõt Šoti näidendis,Which Scottish noble kills Macbeth in the final battle?,Milline Šoti aadlik tapab Macbethi lõpulahingus?,Macduff,Macduff,,,Macduff defeats and beheads Macbeth before Malcolm becomes king.,"Macduff võidab Macbethi ja raiub tal pea maha, enne kui Malcolm kuningaks saab.",Macbeth — Wikipedia revision 1369397365,https://en.wikipedia.org/w/index.php?title=Macbeth&oldid=1369397365,CC-BY-SA-4.0,2026-08-21,reviewed,true
built-in-literature-language-clue-0406,built-in-literature-language,Literature and Language Pack,built-in-literature-language-set-082,board,round-two,1,easy,poetry,A Founding-Era Biography on Stage,Asutamisajastu elulugu laval,Which American founding figure is the musical’s title character?,Milline Ameerika Ühendriikide rajaja on muusikali nimitegelane?,Alexander Hamilton,Alexander Hamilton,,,The story follows Hamilton’s public career and relationships.,Lugu jälgib Hamiltoni avalikku karjääri ja suhteid.,Hamilton (musical) — Wikipedia revision 1369484734,https://en.wikipedia.org/w/index.php?title=Hamilton_musical&oldid=1369484734,CC-BY-SA-4.0,2026-08-21,reviewed,true
built-in-literature-language-clue-0407,built-in-literature-language,Literature and Language Pack,built-in-literature-language-set-082,board,round-two,2,easy,poetry,A Founding-Era Biography on Stage,Asutamisajastu elulugu laval,"Who wrote the music, lyrics, and book for the musical “Hamilton”?","Kes kirjutas muusikali „Hamilton“ muusika, laulusõnad ja libreto?",Lin-Manuel Miranda,Lin-Manuel Miranda,,,Miranda created all three principal written components.,Miranda lõi kõik kolm peamist kirjalikku komponenti.,Hamilton (musical) — Wikipedia revision 1369484734,https://en.wikipedia.org/w/index.php?title=Hamilton_musical&oldid=1369484734,CC-BY-SA-4.0,2026-08-21,reviewed,true
built-in-literature-language-clue-0408,built-in-literature-language,Literature and Language Pack,built-in-literature-language-set-082,board,round-two,3,easy,poetry,A Founding-Era Biography on Stage,Asutamisajastu elulugu laval,Which two vocal modes dominate the score instead of long stretches of spoken dialogue?,Millised kaks vokaalset väljendusviisi domineerivad partituuris pikkade kõnedialoogide asemel?,Singing and rapping,Laulmine ja räppimine,Song and rap,Laul ja räpp,The musical conveys most of its text through songs and rap.,Muusikal edastab suurema osa tekstist laulude ja räpi kaudu.,Hamilton (musical) — Wikipedia revision 1369484734,https://en.wikipedia.org/w/index.php?title=Hamilton_musical&oldid=1369484734,CC-BY-SA-4.0,2026-08-21,reviewed,true
built-in-literature-language-clue-0409,built-in-literature-language,Literature and Language Pack,built-in-literature-language-set-082,board,round-two,4,easy,poetry,A Founding-Era Biography on Stage,Asutamisajastu elulugu laval,Whose 2004 biography inspired Miranda’s project?,Kelle 2004. aasta elulugu inspireeris Miranda projekti?,Ron Chernow,Ron Chernow,,,Miranda adapted ideas from Chernow’s biography of Hamilton.,Miranda kohandas Chernowi Hamiltoni-eluloost pärit ideid.,Hamilton (musical) — Wikipedia revision 1369484734,https://en.wikipedia.org/w/index.php?title=Hamilton_musical&oldid=1369484734,CC-BY-SA-4.0,2026-08-21,reviewed,true
built-in-literature-language-clue-0410,built-in-literature-language,Literature and Language Pack,built-in-literature-language-set-082,board,round-two,5,easy,poetry,A Founding-Era Biography on Stage,Asutamisajastu elulugu laval,At which New York institution did the show open off-Broadway in 2015?,Millises New Yorgi asutuses esietendus lavastus 2015. aastal Off-Broadwayl?,The Public Theater,The Public Theater,,,The Public Theater presented the production before its Broadway transfer.,The Public Theater esitas lavastust enne selle Broadwayle viimist.,Hamilton (musical) — Wikipedia revision 1369484734,https://en.wikipedia.org/w/index.php?title=Hamilton_musical&oldid=1369484734,CC-BY-SA-4.0,2026-08-21,reviewed,true
built-in-literature-language-clue-0411,built-in-literature-language,Literature and Language Pack,built-in-literature-language-set-083,board,round-one,1,hard,poetry,Politics and Adaptation in Julius Caesar,Poliitika ja mugandus „Julius Caesaris“,Which playwright wrote the tragedy commonly called “Julius Caesar”?,"Milline näitekirjanik kirjutas tragöödia, mida tavaliselt nimetatakse „Julius Caesariks“?",William Shakespeare,William Shakespeare,Shakespeare,Shakespeare,Shakespeare dramatized Caesar’s death and its aftermath.,Shakespeare dramatiseeris Caesari surma ja selle tagajärgi.,Julius Caesar (play) — Wikipedia revision 1367108439,https://en.wikipedia.org/w/index.php?title=Julius_Caesar_play&oldid=1367108439,CC-BY-SA-4.0,2026-08-21,reviewed,true
built-in-literature-language-clue-0412,built-in-literature-language,Literature and Language Pack,built-in-literature-language-set-083,board,round-one,2,hard,poetry,Politics and Adaptation in Julius Caesar,Poliitika ja mugandus „Julius Caesaris“,In what ancient capital does the central political action unfold?,Millises muistses pealinnas toimub keskne poliitiline tegevus?,Rome,Rooma,,,The conspiracy and assassination occur in Rome.,Roomas toimub vandenõu ja atentaat.,Julius Caesar (play) — Wikipedia revision 1367108439,https://en.wikipedia.org/w/index.php?title=Julius_Caesar_play&oldid=1367108439,CC-BY-SA-4.0,2026-08-21,reviewed,true
built-in-literature-language-clue-0413,built-in-literature-language,Literature and Language Pack,built-in-literature-language-set-083,board,round-one,3,hard,poetry,Politics and Adaptation in Julius Caesar,Poliitika ja mugandus „Julius Caesaris“,Which conflicted senator becomes the tragedy’s central conspirator?,Millisest sisekonfliktiga senaatorist saab tragöödia keskne vandenõulane?,Brutus,Brutus,Marcus Brutus,Marcus Brutus,Brutus joins the plot while wrestling with loyalty and republican ideals.,"Brutus liitub vandenõuga, maadledes lojaalsuse ja vabariiklike ideaalidega.",Julius Caesar (play) — Wikipedia revision 1367108439,https://en.wikipedia.org/w/index.php?title=Julius_Caesar_play&oldid=1367108439,CC-BY-SA-4.0,2026-08-21,reviewed,true
built-in-literature-language-clue-0414,built-in-literature-language,Literature and Language Pack,built-in-literature-language-set-083,board,round-one,4,hard,poetry,Politics and Adaptation in Julius Caesar,Poliitika ja mugandus „Julius Caesaris“,What short Latin question does Shakespeare’s Caesar utter upon recognizing Brutus among his attackers?,"Millise lühikese ladinakeelse küsimuse lausub Shakespeare’i Caesar, kui tunneb ründajate seas ära Brutuse?","Et tu, Brute?","Et tu, Brute?",Et tu Brute,Et tu Brute,The play gives Caesar this compact expression of shocked recognition.,Näidendis väljendab Caesar selle lühikese lausega oma šokeeritud äratundmist.,Julius Caesar (play) — Wikipedia revision 1367108439,https://en.wikipedia.org/w/index.php?title=Julius_Caesar_play&oldid=1367108439,CC-BY-SA-4.0,2026-08-21,reviewed,true
built-in-literature-language-clue-0415,built-in-literature-language,Literature and Language Pack,built-in-literature-language-set-083,board,round-one,5,hard,poetry,Politics and Adaptation in Julius Caesar,Poliitika ja mugandus „Julius Caesaris“,"Which Greek biographer, read in English through Thomas North, supplied major narrative material for the play?","Milline Kreeka biograaf, keda loeti inglise keeles Thomas Northi vahendusel, andis näidendile olulise jutumaterjali?",Plutarch,Plutarchos,,,North’s translation of Plutarch’s Lives was Shakespeare’s chief source.,Shakespeare’i peamine allikas oli Northi tõlge Plutarchose „Elulugudest“.,Julius Caesar (play) — Wikipedia revision 1367108439,https://en.wikipedia.org/w/index.php?title=Julius_Caesar_play&oldid=1367108439,CC-BY-SA-4.0,2026-08-21,reviewed,true
built-in-literature-language-clue-0416,built-in-literature-language,Literature and Language Pack,built-in-literature-language-set-084,board,round-two,1,hard,poetry,Verse and Prose in a Scottish Play,Värss ja proosa Šoti näidendis,"Is Shakespeare’s “Macbeth” conventionally classified as a comedy, history, or tragedy?","Kas Shakespeare’i „Macbethi“ liigitatakse tavaliselt komöödiaks, ajaloodraamaks või tragöödiaks?",Tragedy,Tragöödia,,,The rise and fall of Macbeth forms a Shakespearean tragedy.,Macbethi tõus ja langus moodustab Shakespeare’i tragöödia.,Macbeth — Wikipedia revision 1369397365,https://en.wikipedia.org/w/index.php?title=Macbeth&oldid=1369397365,CC-BY-SA-4.0,2026-08-21,reviewed,true
built-in-literature-language-clue-0417,built-in-literature-language,Literature and Language Pack,built-in-literature-language-set-084,board,round-two,2,hard,poetry,Verse and Prose in a Scottish Play,Värss ja proosa Šoti näidendis,What military title does Macbeth hold when the drama begins?,Millist sõjaväelist auastet kannab Macbeth draama alguses?,General,Kindral,Scottish general,Šoti kindral,He first appears as a celebrated Scottish general.,Esimest korda ilmub ta tunnustatud Šoti kindralina.,Macbeth — Wikipedia revision 1369397365,https://en.wikipedia.org/w/index.php?title=Macbeth&oldid=1369397365,CC-BY-SA-4.0,2026-08-21,reviewed,true
built-in-literature-language-clue-0418,built-in-literature-language,Literature and Language Pack,built-in-literature-language-set-084,board,round-two,3,hard,poetry,Verse and Prose in a Scottish Play,Värss ja proosa Šoti näidendis,Which reigning king does Macbeth murder to seize the crown?,Millise valitseva kuninga Macbeth krooni haaramiseks mõrvab?,Duncan,Duncan,King Duncan,Kuningas Duncan,The killing of King Duncan begins Macbeth’s rule.,Kuningas Duncani tapmisega algab Macbethi valitsusaeg.,Macbeth — Wikipedia revision 1369397365,https://en.wikipedia.org/w/index.php?title=Macbeth&oldid=1369397365,CC-BY-SA-4.0,2026-08-21,reviewed,true
built-in-literature-language-clue-0419,built-in-literature-language,Literature and Language Pack,built-in-literature-language-set-084,board,round-two,4,hard,poetry,Verse and Prose in a Scottish Play,Värss ja proosa Šoti näidendis,What word-count distinction is usually given to “Macbeth” among Shakespeare’s tragedies?,Milline sõnade arvul põhinev eristus omistatakse „Macbethile“ Shakespeare’i tragöödiate seas?,Shortest,Lühim,,,Macbeth is generally identified as Shakespeare’s shortest tragedy.,Macbethi peetakse üldiselt Shakespeare’i lühimaks tragöödiaks.,Macbeth — Wikipedia revision 1369397365,https://en.wikipedia.org/w/index.php?title=Macbeth&oldid=1369397365,CC-BY-SA-4.0,2026-08-21,reviewed,true
built-in-literature-language-clue-0420,built-in-literature-language,Literature and Language Pack,built-in-literature-language-set-084,board,round-two,5,hard,poetry,Verse and Prose in a Scottish Play,Värss ja proosa Šoti näidendis,Around what year is “Macbeth” generally believed to have been written?,Umbes mis aastal arvatakse „Macbeth“ olevat kirjutatud?,1606,1606,About 1606,Ligikaudu 1606,Scholars commonly date the play to about 1606.,Uurijad dateerivad näidendi tavaliselt umbes 1606. aastasse.,Macbeth — Wikipedia revision 1369397365,https://en.wikipedia.org/w/index.php?title=Macbeth&oldid=1369397365,CC-BY-SA-4.0,2026-08-21,reviewed,true
built-in-literature-language-clue-0421,built-in-literature-language,Literature and Language Pack,built-in-literature-language-set-085,board,round-two,1,hard,poetry,Defiance in Poetry and Comics,Trots luules ja koomiksites,Which English poet wrote “Invictus”?,Milline inglise poeet kirjutas „Invictuse“?,William Ernest Henley,William Ernest Henley,,,Henley is the author of this meditation on endurance.,Henley kirjutas selle vastupidavusest kõneleva mõtiskluse.,Invictus — Wikipedia revision 1364466235,https://en.wikipedia.org/w/index.php?title=Invictus&oldid=1364466235,CC-BY-SA-4.0,2026-08-21,reviewed,true
built-in-literature-language-clue-0422,built-in-literature-language,Literature and Language Pack,built-in-literature-language-set-085,board,round-two,2,hard,poetry,Defiance in Poetry and Comics,Trots luules ja koomiksites,Which superhero team appears in the “Invincible” comics?,Milline superkangelaste meeskond esineb „Invincible’i“ koomiksites?,Guardians of the Globe,Guardians of the Globe,,,The Guardians of the Globe are the premier superhero team in “Invincible”.,Guardians of the Globe on „Invincible’i“ tähtsaim superkangelaste meeskond.,Invincible (comics) — permanent revision 1370389490,https://en.wikipedia.org/w/index.php?title=Invincible_(comics)&oldid=1370389490,CC-BY-SA-4.0,2026-08-21,reviewed,true
built-in-literature-language-clue-0423,built-in-literature-language,Literature and Language Pack,built-in-literature-language-set-085,board,round-two,3,hard,poetry,Defiance in Poetry and Comics,Trots luules ja koomiksites,How many four-line stanzas make up “Invictus”?,Mitu neljarealist stroofi moodustab „Invictuse“?,Four,Neli,4,4,Its compact structure consists of four quatrains.,Luuletuse kompaktne struktuur koosneb neljast nelikvärsist.,Invictus — Wikipedia revision 1364466235,https://en.wikipedia.org/w/index.php?title=Invictus&oldid=1364466235,CC-BY-SA-4.0,2026-08-21,reviewed,true
built-in-literature-language-clue-0424,built-in-literature-language,Literature and Language Pack,built-in-literature-language-set-085,board,round-two,4,hard,poetry,Defiance in Poetry and Comics,Trots luules ja koomiksites,In what year did Henley write “Invictus” while recovering from surgery?,Mis aastal kirjutas Henley operatsioonist taastudes „Invictuse“?,1875,1875,,,He composed it in 1875 during a difficult period of illness.,Ta kirjutas selle 1875. aastal raske haiguse ajal.,Invictus — Wikipedia revision 1364466235,https://en.wikipedia.org/w/index.php?title=Invictus&oldid=1364466235,CC-BY-SA-4.0,2026-08-21,reviewed,true
built-in-literature-language-clue-0425,built-in-literature-language,Literature and Language Pack,built-in-literature-language-set-085,board,round-two,5,hard,poetry,Defiance in Poetry and Comics,Trots luules ja koomiksites,Did Henley himself publish the poem under the title “Invictus”?,Kas Henley ise avaldas luuletuse pealkirja all „Invictus“?,No,Ei,It was untitled,See oli pealkirjata,The poem originally appeared without a title; the Latin title was applied later.,Luuletus ilmus algselt pealkirjata; ladinakeelne pealkiri lisati hiljem.,Invictus — Wikipedia revision 1364466235,https://en.wikipedia.org/w/index.php?title=Invictus&oldid=1364466235,CC-BY-SA-4.0,2026-08-21,reviewed,true
built-in-literature-language-clue-0426,built-in-literature-language,Literature and Language Pack,built-in-literature-language-set-086,board,round-two,1,hard,poetry,Vices in an Epic and a Webcomic,Pahed eeposes ja veebikoomiksis,Which part of the “Divine Comedy” follows “Inferno” and precedes “Paradiso”?,Milline „Jumaliku komöödia“ osa järgneb „Inferno“ ja eelneb „Paradiso“ osale?,Purgatorio,Purgatorio,,,Purgatorio is the epic’s middle cantica.,„Purgatorio“ on eepose keskmine osa.,Purgatorio — Wikipedia revision 1368630389,https://en.wikipedia.org/w/index.php?title=Purgatorio&oldid=1368630389,CC-BY-SA-4.0,2026-08-21,reviewed,true
built-in-literature-language-clue-0427,built-in-literature-language,Literature and Language Pack,built-in-literature-language-set-086,board,round-two,2,hard,poetry,Vices in an Epic and a Webcomic,Pahed eeposes ja veebikoomiksis,Which Florentine poet wrote “Purgatorio”?,Milline Firenze luuletaja kirjutas „Purgatorio“?,Dante Alighieri,Dante Alighieri,Dante,Dante,Dante is both author and pilgrim figure in the poem.,Dante on luuletuses nii autor kui ka palverändurist tegelane.,Purgatorio — Wikipedia revision 1368630389,https://en.wikipedia.org/w/index.php?title=Purgatorio&oldid=1368630389,CC-BY-SA-4.0,2026-08-21,reviewed,true
built-in-literature-language-clue-0428,built-in-literature-language,Literature and Language Pack,built-in-literature-language-set-086,board,round-two,3,hard,poetry,Vices in an Epic and a Webcomic,Pahed eeposes ja veebikoomiksis,Which Roman poet continues to guide Dante up most of the mountain?,Milline Rooma luuletaja juhib Dantet suurema osa teest mäest üles?,Virgil,Virgil,,,Virgil leads the pilgrim until near the earthly paradise.,Virgil juhib palverändurit maise paradiisi lähedale.,Purgatorio — Wikipedia revision 1368630389,https://en.wikipedia.org/w/index.php?title=Purgatorio&oldid=1368630389,CC-BY-SA-4.0,2026-08-21,reviewed,true
built-in-literature-language-clue-0429,built-in-literature-language,Literature and Language Pack,built-in-literature-language-set-086,board,round-two,4,hard,poetry,Vices in an Epic and a Webcomic,Pahed eeposes ja veebikoomiksis,How many principal terraces correspond to the deadly sins?,Mitu põhiterrassi vastab surmapattudele?,Seven,Seitse,7,7,The mountain’s seven terraces purge seven rooted vices.,Mäe seitse terrassi on mõeldud seitsmest juurdunud pahest puhastumiseks.,Purgatorio — Wikipedia revision 1368630389,https://en.wikipedia.org/w/index.php?title=Purgatorio&oldid=1368630389,CC-BY-SA-4.0,2026-08-21,reviewed,true
built-in-literature-language-clue-0430,built-in-literature-language,Literature and Language Pack,built-in-literature-language-set-086,board,round-two,5,hard,poetry,Vices in an Epic and a Webcomic,Pahed eeposes ja veebikoomiksis,"In the webcomic “Ava’s Demon”, which sin is Nevy Nervine based on?",Millisel patul põhineb Nevy Nervine veebikoomiksis „Ava’s Demon“?,Envy,Kadedus,,,Nevy Nervine is explicitly associated with the sin of envy.,Nevy Nervine on otseselt seotud kadeduse patuga.,Nevy Nervine — permanent revision 16726,https://avas-demon.fandom.com/api.php?action=parse&oldid=16726&prop=wikitext&format=json,CC-BY-SA-3.0,2026-08-21,reviewed,true
built-in-literature-language-clue-0431,built-in-literature-language,Literature and Language Pack,built-in-literature-language-set-087,board,round-two,1,hard,poetry,A Gotham Foe Meets Children’s Verse,Gothami vaenlane kohtub lasteluulega,By what villain name is Batman foe Dr. Jonathan Crane known?,Millise kurjategijanime all tuntakse Batmani vaenlast doktor Jonathan Crane’i?,Scarecrow,Hernehirmutis,,,Jonathan Crane is a psychologist whose Scarecrow identity centers on inducing fear.,"Jonathan Crane on psühholoog, kelle hernehirmutise identiteedi keskmes on hirmu tekitamine.",Scarecrow (DC Comics) — permanent revision 1369969389,https://en.wikipedia.org/w/index.php?title=Scarecrow_(DC_Comics)&oldid=1369969389,CC-BY-SA-4.0,2026-08-21,reviewed,true
built-in-literature-language-clue-0432,built-in-literature-language,Literature and Language Pack,built-in-literature-language-set-087,board,round-two,2,hard,poetry,A Gotham Foe Meets Children’s Verse,Gothami vaenlane kohtub lasteluulega,Which country was home to the writer born in Charlton in 1873 who later received the Order of Merit?,"Millises riigis elas 1873. aastal Charltonis sündinud kirjanik, kes sai hiljem Teeneteordeni?",England,Inglismaa,English,Inglismaa,"He was an English poet, short-story writer, and novelist.","Ta oli inglise luuletaja, lühilugude kirjanik ja romaanikirjanik.",Walter de la Mare — Wikipedia revision 1370098154,https://en.wikipedia.org/w/index.php?title=Walter_de_la_Mare&oldid=1370098154,CC-BY-SA-4.0,2026-08-21,reviewed,true
built-in-literature-language-clue-0433,built-in-literature-language,Literature and Language Pack,built-in-literature-language-set-087,board,round-two,3,hard,poetry,A Gotham Foe Meets Children’s Verse,Gothami vaenlane kohtub lasteluulega,Which poet and story writer was born in Charlton in 1873?,Milline luuletaja ja lookirjanik sündis Charltonis 1873. aastal?,Walter de la Mare,Walter de la Mare,,,The English writer produced poetry for both adults and children.,Inglise kirjanik lõi luulet nii täiskasvanutele kui ka lastele.,Walter de la Mare — Wikipedia revision 1370098154,https://en.wikipedia.org/w/index.php?title=Walter_de_la_Mare&oldid=1370098154,CC-BY-SA-4.0,2026-08-21,reviewed,true
built-in-literature-language-clue-0434,built-in-literature-language,Literature and Language Pack,built-in-literature-language-set-087,board,round-two,4,hard,poetry,A Gotham Foe Meets Children’s Verse,Gothami vaenlane kohtub lasteluulega,What 1913 collection established Walter de la Mare’s reputation for children’s poetry?,Milline 1913. aasta kogumik kinnistas Walter de la Mare’i mainet lasteluuletajana?,Peacock Pie,Peacock Pie,,,Peacock Pie became one of his best-known verse collections.,„Peacock Pie“ sai üheks tema tuntuimaks luulekoguks.,Walter de la Mare — Wikipedia revision 1370098154,https://en.wikipedia.org/w/index.php?title=Walter_de_la_Mare&oldid=1370098154,CC-BY-SA-4.0,2026-08-21,reviewed,true
built-in-literature-language-clue-0435,built-in-literature-language,Literature and Language Pack,built-in-literature-language-set-087,board,round-two,5,hard,poetry,A Gotham Foe Meets Children’s Verse,Gothami vaenlane kohtub lasteluulega,Which major British literary award did Walter de la Mare’s “Collected Stories for Children” win in 1947?,Millise suure Briti kirjandusauhinna võitis Walter de la Mare’i „Collected Stories for Children“ 1947. aastal?,Carnegie Medal,Carnegie medal,,,The Library Association awarded the book the Carnegie Medal.,Library Association andis raamatule Carnegie medali.,Walter de la Mare — Wikipedia revision 1370098154,https://en.wikipedia.org/w/index.php?title=Walter_de_la_Mare&oldid=1370098154,CC-BY-SA-4.0,2026-08-21,reviewed,true
built-in-literature-language-clue-0436,built-in-literature-language,Literature and Language Pack,built-in-literature-language-set-088,board,round-two,1,hard,world-literature,"Watchmen: Creators, Characters, and Sources","„Watchmen“: loojad, tegelased ja allikad","Is “Watchmen” a prose novel, stage play, or comic-book limited series?","Kas „Watchmen“ on proosaromaan, näidend või koomiksi miniseriaal?",Comic-book limited series,Koomiksi miniseriaal,Limited comic series,Piiratud koomiksisari,The work first appeared as a sequence of comic issues.,Teos ilmus esimest korda koomiksivihikute sarjana.,Watchmen — Wikipedia revision 1364430596,https://en.wikipedia.org/w/index.php?title=Watchmen&oldid=1364430596,CC-BY-SA-4.0,2026-08-21,reviewed,true
built-in-literature-language-clue-0437,built-in-literature-language,Literature and Language Pack,built-in-literature-language-set-088,board,round-two,2,hard,world-literature,"Watchmen: Creators, Characters, and Sources","„Watchmen“: loojad, tegelased ja allikad",Who wrote the series?,Kes selle sarja kirjutas?,Alan Moore,Alan Moore,,,Moore scripted the twelve installments.,Moore kirjutas kõigi kaheteistkümne osa stsenaariumi.,Watchmen — Wikipedia revision 1364430596,https://en.wikipedia.org/w/index.php?title=Watchmen&oldid=1364430596,CC-BY-SA-4.0,2026-08-21,reviewed,true
built-in-literature-language-clue-0438,built-in-literature-language,Literature and Language Pack,built-in-literature-language-set-088,board,round-two,3,hard,world-literature,"Watchmen: Creators, Characters, and Sources","„Watchmen“: loojad, tegelased ja allikad",Which artist drew and lettered it?,Milline kunstnik selle joonistas ja kujundas koomiksi tekstid?,Dave Gibbons,Dave Gibbons,,,Gibbons supplied the line art and lettering.,Gibbons tegi joonistused ja kujundas tekstid.,Watchmen — Wikipedia revision 1364430596,https://en.wikipedia.org/w/index.php?title=Watchmen&oldid=1364430596,CC-BY-SA-4.0,2026-08-21,reviewed,true
built-in-literature-language-clue-0439,built-in-literature-language,Literature and Language Pack,built-in-literature-language-set-088,board,round-two,4,hard,world-literature,"Watchmen: Creators, Characters, and Sources","„Watchmen“: loojad, tegelased ja allikad",What is the civilian name of the second Nite Owl?,Mis on teise Öökulli tsiviilnimi?,Daniel Dreiberg,Daniel Dreiberg,,,Dreiberg is the retired costumed adventurer who becomes active again.,"Dreiberg on erru läinud kostümeeritud seikleja, kes hakkab uuesti tegutsema.",Watchmen — Wikipedia revision 1364430596,https://en.wikipedia.org/w/index.php?title=Watchmen&oldid=1364430596,CC-BY-SA-4.0,2026-08-21,reviewed,true
built-in-literature-language-clue-0440,built-in-literature-language,Literature and Language Pack,built-in-literature-language-set-088,board,round-two,5,hard,world-literature,"Watchmen: Creators, Characters, and Sources","„Watchmen“: loojad, tegelased ja allikad",The title echoes a question traditionally attributed to which Roman satirist?,"Pealkiri kajastab küsimust, mida traditsiooniliselt omistatakse millisele Rooma satiirikule?",Juvenal,Juvenalis,,,The phrase about watching the watchmen derives from Juvenal.,Valvurite valvamise fraas pärineb Juvenaliselt.,Watchmen — Wikipedia revision 1364430596,https://en.wikipedia.org/w/index.php?title=Watchmen&oldid=1364430596,CC-BY-SA-4.0,2026-08-21,reviewed,true
built-in-literature-language-clue-0441,built-in-literature-language,Literature and Language Pack,built-in-literature-language-set-089,board,round-two,1,hard,authors,A British Writer Across Comics and Performance,Briti kirjanik koomiksis ja etenduskunstis,In which country was comics writer Alan Moore born?,Millises riigis sündis koomiksikirjanik Alan Moore?,England,Inglismaa,,,"He was born in Northampton, England.",Ta sündis Inglismaal Northamptonis.,Alan Moore — Wikipedia revision 1364587817,https://en.wikipedia.org/w/index.php?title=Alan_Moore&oldid=1364587817,CC-BY-SA-4.0,2026-08-21,reviewed,true
built-in-literature-language-clue-0442,built-in-literature-language,Literature and Language Pack,built-in-literature-language-set-089,board,round-two,2,hard,authors,A British Writer Across Comics and Performance,Briti kirjanik koomiksis ja etenduskunstis,In which town was Alan Moore born?,Millises linnas Alan Moore sündis?,Northampton,Northampton,,,Moore was born in Northampton and has remained closely associated with the town.,Moore sündis Northamptonis ja on jäänud linnaga tihedalt seotuks.,Alan Moore — Wikipedia revision 1364587817,https://en.wikipedia.org/w/index.php?title=Alan_Moore&oldid=1364587817,CC-BY-SA-4.0,2026-08-21,reviewed,true
built-in-literature-language-clue-0443,built-in-literature-language,Literature and Language Pack,built-in-literature-language-set-089,board,round-two,3,hard,authors,A British Writer Across Comics and Performance,Briti kirjanik koomiksis ja etenduskunstis,Which Batman graphic novel did Moore write for artist Brian Bolland?,Millise Batmani graafilise romaani kirjutas Moore kunstnik Brian Bollandile?,The Killing Joke,The Killing Joke,Batman: The Killing Joke,Batman: The Killing Joke,Moore scripted the one-shot published by DC.,Moore kirjutas DC avaldatud üksikväljaande stsenaariumi.,Alan Moore — Wikipedia revision 1364587817,https://en.wikipedia.org/w/index.php?title=Alan_Moore&oldid=1364587817,CC-BY-SA-4.0,2026-08-21,reviewed,true
built-in-literature-language-clue-0444,built-in-literature-language,Literature and Language Pack,built-in-literature-language-set-089,board,round-two,4,hard,authors,A British Writer Across Comics and Performance,Briti kirjanik koomiksis ja etenduskunstis,Which dystopian comic pairs the masked V with Evey Hammond?,Milline düstoopiline koomiks viib kokku maskis V ja Evey Hammondi?,V for Vendetta,V for Vendetta,,,Moore wrote the serial with artist David Lloyd.,Moore kirjutas sarja koos kunstnik David Lloydiga.,Alan Moore — Wikipedia revision 1364587817,https://en.wikipedia.org/w/index.php?title=Alan_Moore&oldid=1364587817,CC-BY-SA-4.0,2026-08-21,reviewed,true
built-in-literature-language-clue-0445,built-in-literature-language,Literature and Language Pack,built-in-literature-language-set-089,board,round-two,5,hard,authors,A British Writer Across Comics and Performance,Briti kirjanik koomiksis ja etenduskunstis,Under what collective name has Moore staged occult spoken-word performances with collaborators?,Millise kollektiivinime all on Moore koos kaastöölistega esitanud okultseid sõnalavastusi?,The Moon and Serpent Grand Egyptian Theatre of Marvels,The Moon and Serpent Grand Egyptian Theatre of Marvels,Moon and Serpent Grand Egyptian Theatre of Marvels,Moon and Serpent Grand Egyptian Theatre of Marvels,Moore used this elaborate name for performance pieces combining words and music.,Moore kasutas seda keerukat nime sõnu ja muusikat ühendavate etenduste jaoks.,Alan Moore — Wikipedia revision 1364587817,https://en.wikipedia.org/w/index.php?title=Alan_Moore&oldid=1364587817,CC-BY-SA-4.0,2026-08-21,reviewed,true
built-in-literature-language-clue-0446,built-in-literature-language,Literature and Language Pack,built-in-literature-language-set-090,board,round-one,1,easy,poetry,A Compact Verse Form in English Classrooms,Lühike värsivorm inglise keele tunnis,Which country originated the poetic form called haiku?,Millisest riigist pärineb haiku-nimeline luulevorm?,Japan,Jaapan,,,Haiku developed from Japanese poetic traditions.,Haiku arenes välja Jaapani poeetilistest traditsioonidest.,Haiku — Wikipedia revision 1367671616,https://en.wikipedia.org/w/index.php?title=Haiku&oldid=1367671616,CC-BY-SA-4.0,2026-08-21,reviewed,true
built-in-literature-language-clue-0447,built-in-literature-language,Literature and Language Pack,built-in-literature-language-set-090,board,round-one,2,easy,poetry,A Compact Verse Form in English Classrooms,Lühike värsivorm inglise keele tunnis,How many lines do English-language haiku conventionally occupy?,Mitmele reale paigutatakse ingliskeelne haiku tavapäraselt?,Three,Kolm,3,3,English adaptations are normally arranged in three lines.,Ingliskeelsed mugandused on tavaliselt korraldatud kolmele reale.,Haiku — Wikipedia revision 1367671616,https://en.wikipedia.org/w/index.php?title=Haiku&oldid=1367671616,CC-BY-SA-4.0,2026-08-21,reviewed,true
built-in-literature-language-clue-0448,built-in-literature-language,Literature and Language Pack,built-in-literature-language-set-090,board,round-one,3,easy,poetry,A Compact Verse Form in English Classrooms,Lühike värsivorm inglise keele tunnis,What total syllable count is commonly taught for the 5–7–5 English pattern?,Millist silpide koguarvu õpetatakse tavaliselt ingliskeelse 5–7–5 mustri puhul?,Seventeen,Seitseteist,17,17,Adding the three conventional line counts gives seventeen.,Kolme tavapärase rea silbiarvud annavad kokku seitseteist.,Haiku — Wikipedia revision 1367671616,https://en.wikipedia.org/w/index.php?title=Haiku&oldid=1367671616,CC-BY-SA-4.0,2026-08-21,reviewed,true
built-in-literature-language-clue-0449,built-in-literature-language,Literature and Language Pack,built-in-literature-language-set-090,board,round-one,4,easy,poetry,A Compact Verse Form in English Classrooms,Lühike värsivorm inglise keele tunnis,Traditional Japanese counting uses what sound unit rather than English syllables?,Traditsiooniline Jaapani loendus kasutab inglise silpide asemel millist heliühikut?,On,On,Morae|Moras,Moorad|Mooraühikud,"Japanese haiku count on, often described as morae.","Jaapani haiku loendab on-ühikuid, mida kirjeldatakse sageli mooradena.",Haiku — Wikipedia revision 1367671616,https://en.wikipedia.org/w/index.php?title=Haiku&oldid=1367671616,CC-BY-SA-4.0,2026-08-21,reviewed,true
built-in-literature-language-clue-0450,built-in-literature-language,Literature and Language Pack,built-in-literature-language-set-090,board,round-one,5,easy,poetry,A Compact Verse Form in English Classrooms,Lühike värsivorm inglise keele tunnis,What Japanese term names a word that signals the season?,"Milline Jaapani termin nimetab sõna, mis annab märku aastaajast?",Kigo,Kigo,,,A traditional haiku commonly includes a kigo.,Traditsiooniline haiku sisaldab tavaliselt kigo’t.,Haiku — Wikipedia revision 1367671616,https://en.wikipedia.org/w/index.php?title=Haiku&oldid=1367671616,CC-BY-SA-4.0,2026-08-21,reviewed,true
built-in-literature-language-clue-0451,built-in-literature-language,Literature and Language Pack,built-in-literature-language-set-091,board,round-one,1,easy,writing-systems,The NATO Word Code,NATO sõnakood,What kind of alphabet replaces individual letters with words to reduce radio misunderstandings?,"Milline tähestik asendab üksikuid tähti sõnadega, et vähendada raadioga seotud arusaamatusi?",Spelling alphabet,Foneetiline tähestik,Phonetic alphabet,Tähestiku sõnakood,Spelling alphabets make letter names distinct over noisy voice links.,Tähestiku sõnakoodid muudavad tähtede nimetused mürarikkas kõnesides selgesti eristatavaks.,NATO phonetic alphabet — Wikipedia revision 1368490609,https://en.wikipedia.org/w/index.php?title=NATO_phonetic_alphabet&oldid=1368490609,CC-BY-SA-4.0,2026-08-21,reviewed,true
built-in-literature-language-clue-0452,built-in-literature-language,Literature and Language Pack,built-in-literature-language-set-091,board,round-one,2,easy,writing-systems,The NATO Word Code,NATO sõnakood,Which code word represents the letter T in the NATO system?,Milline koodsõna tähistab tähte T NATO süsteemis?,Tango,Tango,,,The NATO spelling alphabet assigns a distinct spoken code word to T to reduce confusion over noisy radio links.,"NATO tähestiku sõnakood annab T-le eraldi hääldatava koodsõna, et vähendada mürarikkas raadiosides segiajamist.",NATO phonetic alphabet — Wikipedia revision 1368490609,https://en.wikipedia.org/w/index.php?title=NATO_phonetic_alphabet&oldid=1368490609,CC-BY-SA-4.0,2026-08-21,reviewed,true
built-in-literature-language-clue-0453,built-in-literature-language,Literature and Language Pack,built-in-literature-language-set-091,board,round-one,3,easy,writing-systems,The NATO Word Code,NATO sõnakood,"Which aviation body is named first in the system’s formal label, before ITU and IMO?","Milline lennundusorganisatsioon on süsteemi ametlikus nimetuses märgitud esimesena, enne ITU-d ja IMO-d?",ICAO,ICAO,International Civil Aviation Organization,Rahvusvaheline Tsiviillennundusorganisatsioon,"The standard is formally identified with ICAO, ITU, and IMO.","Standard on ametlikult seotud ICAO, ITU ja IMO-ga.",NATO phonetic alphabet — Wikipedia revision 1368490609,https://en.wikipedia.org/w/index.php?title=NATO_phonetic_alphabet&oldid=1368490609,CC-BY-SA-4.0,2026-08-21,reviewed,true
built-in-literature-language-clue-0454,built-in-literature-language,Literature and Language Pack,built-in-literature-language-set-091,board,round-one,4,easy,writing-systems,The NATO Word Code,NATO sõnakood,How is the code word for A deliberately spelled to work beyond English?,"Kuidas kirjutatakse A koodsõna tahtlikult nii, et see toimiks ka väljaspool inglise keelt?",Alfa,Alfa,ALFA,ALFA,The official form uses an f rather than the English ph spelling.,Ametlikus kirjapildis kasutatakse inglise ph asemel f-i.,NATO phonetic alphabet — Wikipedia revision 1368490609,https://en.wikipedia.org/w/index.php?title=NATO_phonetic_alphabet&oldid=1368490609,CC-BY-SA-4.0,2026-08-21,reviewed,true
built-in-literature-language-clue-0455,built-in-literature-language,Literature and Language Pack,built-in-literature-language-set-091,board,round-one,5,easy,writing-systems,The NATO Word Code,NATO sõnakood,During which decade did the present international code-word set take effect?,Millisel kümnendil jõustus praegune rahvusvaheline koodsõnade kogum?,1950s,1950. aastad,,,The internationally standardized form was implemented in 1956.,Rahvusvaheliselt standarditud kuju võeti kasutusele 1956. aastal.,NATO phonetic alphabet — Wikipedia revision 1368490609,https://en.wikipedia.org/w/index.php?title=NATO_phonetic_alphabet&oldid=1368490609,CC-BY-SA-4.0,2026-08-21,reviewed,true
built-in-literature-language-clue-0456,built-in-literature-language,Literature and Language Pack,built-in-literature-language-set-092,board,round-two,1,easy,etymology,Calendar Initials Collide in the Latin Alphabet,Kalendri algustähed põrkuvad ladina tähestikus,How many named months divide a Gregorian year?,Mitu nime kandvat kuud on Gregoriuse kalendri aastas?,Twelve,Kaksteist,12,12,The civil year is organized into twelve months.,Tsiviilaasta koosneb kaheteistkümnest kuust.,Gregorian calendar — Wikipedia revision 1369292790,https://en.wikipedia.org/w/index.php?title=Gregorian_calendar&oldid=1369292790,CC-BY-SA-4.0,2026-08-21,reviewed,true
built-in-literature-language-clue-0457,built-in-literature-language,Literature and Language Pack,built-in-literature-language-set-092,board,round-two,2,easy,etymology,Calendar Initials Collide in the Latin Alphabet,Kalendri algustähed põrkuvad ladina tähestikus,How many English month names begin with J?,Mitu ingliskeelset kuunime algab J-ga?,Three,Kolm,3,3,"January, June, and July share that initial.","January, June ja July algavad sama tähega.",Gregorian calendar — Wikipedia revision 1369292790,https://en.wikipedia.org/w/index.php?title=Gregorian_calendar&oldid=1369292790,CC-BY-SA-4.0,2026-08-21,reviewed,true
built-in-literature-language-clue-0458,built-in-literature-language,Literature and Language Pack,built-in-literature-language-set-092,board,round-two,3,easy,etymology,Calendar Initials Collide in the Latin Alphabet,Kalendri algustähed põrkuvad ladina tähestikus,Which pope gives the Gregorian calendar its name?,Milline paavst annab Gregoriuse kalendrile oma nime?,Gregory XIII,Gregorius XIII,Pope Gregory XIII,Paavst Gregorius XIII,Pope Gregory XIII introduced the reform in 1582.,Paavst Gregorius XIII kehtestas reformi 1582. aastal.,Gregorian calendar — Wikipedia revision 1369292790,https://en.wikipedia.org/w/index.php?title=Gregorian_calendar&oldid=1369292790,CC-BY-SA-4.0,2026-08-21,reviewed,true
built-in-literature-language-clue-0459,built-in-literature-language,Literature and Language Pack,built-in-literature-language-set-092,board,round-two,4,easy,etymology,Calendar Initials Collide in the Latin Alphabet,Kalendri algustähed põrkuvad ladina tähestikus,Which older Roman calendar did the reform replace in adopting countries?,"Millist vanemat Rooma kalendrit asendas reform riikides, kus see vastu võeti?",Julian calendar,Juliuse kalender,,,The Gregorian system corrected drift in the Julian calendar.,Gregoriuse süsteem parandas Juliuse kalendri hälvet.,Gregorian calendar — Wikipedia revision 1369292790,https://en.wikipedia.org/w/index.php?title=Gregorian_calendar&oldid=1369292790,CC-BY-SA-4.0,2026-08-21,reviewed,true
built-in-literature-language-clue-0460,built-in-literature-language,Literature and Language Pack,built-in-literature-language-set-092,board,round-two,5,easy,etymology,Calendar Initials Collide in the Latin Alphabet,Kalendri algustähed põrkuvad ladina tähestikus,A year divisible by 100 remains a leap year only when it is also divisible by what number?,"100-ga jaguv aasta on liigaasta ainult siis, kui see jagub ka millise arvuga?",400,400,,,The 400-year exception keeps the civil calendar close to the solar year.,400-aastane erand hoiab tsiviilkalendri päikeseaasta lähedal.,Gregorian calendar — Wikipedia revision 1369292790,https://en.wikipedia.org/w/index.php?title=Gregorian_calendar&oldid=1369292790,CC-BY-SA-4.0,2026-08-21,reviewed,true
built-in-literature-language-clue-0461,built-in-literature-language,Literature and Language Pack,built-in-literature-language-set-093,board,round-one,1,easy,writing-systems,An Ancient Alphabet Adapts an Older Model,Iidne tähestik kohandab vanemat eeskuju,Which Indo-European language has been written in its distinctive alphabet since about the ninth century BCE?,Millist indoeuroopa keelt on umbes üheksandast sajandist eKr kirjutatud oma eripärases tähestikus?,Greek,Kreeka keel,,,The Greek alphabet has represented the Greek language since antiquity.,Kreeka tähestikuga on kreeka keelt kirjutatud juba antiikajast saadik.,Greek alphabet — Wikipedia revision 1368989840,https://en.wikipedia.org/w/index.php?title=Greek_alphabet&oldid=1368989840,CC-BY-SA-4.0,2026-08-21,reviewed,true
built-in-literature-language-clue-0462,built-in-literature-language,Literature and Language Pack,built-in-literature-language-set-093,board,round-one,2,easy,writing-systems,An Ancient Alphabet Adapts an Older Model,Iidne tähestik kohandab vanemat eeskuju,What is the final letter of the Greek alphabet?,Mis on Kreeka tähestiku viimane täht?,Omega,Omega,,,Omega follows psi at the end of the standard sequence from alpha onward.,Tavapärases jadas alfast alates järgneb oomega lõpus psiile.,Greek alphabet — Wikipedia revision 1368989840,https://en.wikipedia.org/w/index.php?title=Greek_alphabet&oldid=1368989840,CC-BY-SA-4.0,2026-08-21,reviewed,true
built-in-literature-language-clue-0463,built-in-literature-language,Literature and Language Pack,built-in-literature-language-set-093,board,round-one,3,easy,writing-systems,An Ancient Alphabet Adapts an Older Model,Iidne tähestik kohandab vanemat eeskuju,How many letters are in the standard modern Greek alphabet?,Mitu tähte on standardses kreeka tähestikus?,Twenty-four,Kakskümmend neli,24,24,The standard modern inventory runs from alpha through omega and includes written vowels.,Tänapäeva standardtähestik ulatub alfast oomegani ja sisaldab kirjutatud täishäälikuid.,Greek alphabet — Wikipedia revision 1368989840,https://en.wikipedia.org/w/index.php?title=Greek_alphabet&oldid=1368989840,CC-BY-SA-4.0,2026-08-21,reviewed,true
built-in-literature-language-clue-0464,built-in-literature-language,Literature and Language Pack,built-in-literature-language-set-093,board,round-one,4,easy,writing-systems,An Ancient Alphabet Adapts an Older Model,Iidne tähestik kohandab vanemat eeskuju,By the end of which century BC had the 24-letter Euclidean form become standard?,Millise sajandi lõpuks oli 24-täheline Eukleidese tähestik muutunud standardiks?,Fourth century BC,Neljas sajand eKr,4th century BC,4. sajand eKr,The Ionic-based Euclidean alphabet had become standard by the end of the fourth century BC.,Joonia kirjal põhinev Eukleidese tähestik oli neljanda sajandi lõpuks eKr muutunud standardiks.,Greek alphabet — Wikipedia revision 1368989840,https://en.wikipedia.org/w/index.php?title=Greek_alphabet&oldid=1368989840,CC-BY-SA-4.0,2026-08-21,reviewed,true
built-in-literature-language-clue-0465,built-in-literature-language,Literature and Language Pack,built-in-literature-language-set-093,board,round-one,5,easy,writing-systems,An Ancient Alphabet Adapts an Older Model,Iidne tähestik kohandab vanemat eeskuju,Which Semitic alphabet supplied the main model from which Greek developed?,"Milline semiidi tähestik andis peamise eeskuju, millest kreeka tähestik arenes?",Phoenician alphabet,Foiniikia tähestik,Phoenician,Foiniikia,Greek adapted Phoenician signs and used some to represent vowels.,Kreeklased kohandasid foiniikia märke ja kasutasid mõningaid täishäälikute kujutamiseks.,Greek alphabet — Wikipedia revision 1368989840,https://en.wikipedia.org/w/index.php?title=Greek_alphabet&oldid=1368989840,CC-BY-SA-4.0,2026-08-21,reviewed,true
built-in-literature-language-clue-0466,built-in-literature-language,Literature and Language Pack,built-in-literature-language-set-094,board,round-two,1,easy,writing-systems,Chinese Pronunciation in Reference Works,Hiina hääldus teatmeteostes,Does the PRC’s official romanization system write sounds with Roman or Cyrillic letters?,Kas Hiina RV ametlik latinisatsioonisüsteem kirjutab häälikuid ladina või kirillitsa tähtedega?,Roman letters,Ladina tähed,Latin alphabet,Ladina tähestik,It uses the Latin alphabet with added tone marks.,"See kasutab ladina tähestikku, millele on lisatud toonimärgid.",Pinyin — Wikipedia revision 1368340257,https://en.wikipedia.org/w/index.php?title=Pinyin&oldid=1368340257,CC-BY-SA-4.0,2026-08-21,reviewed,true
built-in-literature-language-clue-0467,built-in-literature-language,Literature and Language Pack,built-in-literature-language-set-094,board,round-two,2,easy,writing-systems,Chinese Pronunciation in Reference Works,Hiina hääldus teatmeteostes,Which major Chinese language variety does the PRC’s official romanization system chiefly represent?,Millist suurt hiina keele varianti esitab Hiina RV ametlik latinisatsioonisüsteem peamiselt?,Mandarin,Mandariini keel,Standard Chinese,Hiina ühiskeel,"Pinyin is the standard romanization for Standard Chinese, based on Mandarin.",Pinyin on mandariini keelel põhineva hiina ühiskeele standardne latinisatsioon.,Pinyin — Wikipedia revision 1368340257,https://en.wikipedia.org/w/index.php?title=Pinyin&oldid=1368340257,CC-BY-SA-4.0,2026-08-21,reviewed,true
built-in-literature-language-clue-0468,built-in-literature-language,Literature and Language Pack,built-in-literature-language-set-094,board,round-two,3,easy,writing-systems,Chinese Pronunciation in Reference Works,Hiina hääldus teatmeteostes,What marks placed over vowels can distinguish lexical tones?,Millised märgid täishäälikute kohal võivad eristada leksiaalseid toone?,Diacritics,Diakriitikud,Tone marks,Toonimärgid,Accent-like diacritics indicate four principal tones.,Rõhumärkide sarnased diakriitikud tähistavad nelja põhitooni.,Pinyin — Wikipedia revision 1368340257,https://en.wikipedia.org/w/index.php?title=Pinyin&oldid=1368340257,CC-BY-SA-4.0,2026-08-21,reviewed,true
built-in-literature-language-clue-0469,built-in-literature-language,Literature and Language Pack,built-in-literature-language-set-094,board,round-two,4,easy,writing-systems,Chinese Pronunciation in Reference Works,Hiina hääldus teatmeteostes,What two-word Chinese name is abbreviated simply as Pinyin?,Milline kahesõnaline hiinakeelne nimi lüheneb lihtsalt Pinyiniks?,Hanyu Pinyin,Hanyu Pinyin,Hànyǔ Pīnyīn,Hànyǔ Pīnyīn,The formal name identifies it as the spelling of Chinese sounds.,"Ametlik nimi näitab, et see on hiina helide õigekiri.",Pinyin — Wikipedia revision 1368340257,https://en.wikipedia.org/w/index.php?title=Pinyin&oldid=1368340257,CC-BY-SA-4.0,2026-08-21,reviewed,true
built-in-literature-language-clue-0470,built-in-literature-language,Literature and Language Pack,built-in-literature-language-set-094,board,round-two,5,easy,writing-systems,Chinese Pronunciation in Reference Works,Hiina hääldus teatmeteostes,What is the romanized Chinese word for “airplane”?,Milline latiniseeritud hiina sõna tähendab „lennukit“?,Feiji,Feiji,Fēijī,Fēijī,The marked form fēijī loses its macrons in plain romanization.,Märgitud vorm fēijī kaotab oma makronid lihtsas romaniseerimises.,飛機 — permanent revision 89965738,https://en.wiktionary.org/w/index.php?title=%E9%A3%9B%E6%A9%9F&oldid=89965738,CC-BY-SA-4.0,2026-08-21,reviewed,true
built-in-literature-language-clue-0471,built-in-literature-language,Literature and Language Pack,built-in-literature-language-set-095,board,round-two,1,hard,writing-systems,Arabic Names for International Readers,Araabia nimed rahvusvahelisele lugejale,In which direction is ordinary Arabic script read?,Millises suunas loetakse tavalist araabia kirja?,Right to left,Paremalt vasakule,,,Arabic text runs from the right side of a line toward the left.,Araabia tekst kulgeb rea paremast servast vasakule.,Romanization of Arabic — Wikipedia revision 1365517204,https://en.wikipedia.org/w/index.php?title=Romanization_of_Arabic&oldid=1365517204,CC-BY-SA-4.0,2026-08-21,reviewed,true
built-in-literature-language-clue-0472,built-in-literature-language,Literature and Language Pack,built-in-literature-language-set-095,board,round-two,2,hard,writing-systems,Arabic Names for International Readers,Araabia nimed rahvusvahelisele lugejale,Romanization normally represents Arabic using which alphabet?,Millise tähestiku abil esitab latinisatsioon tavaliselt araabia keelt?,Latin alphabet,Ladina tähestik,Roman script,Ladina kiri,Romanization transfers Arabic forms into Latin letters.,Romaniseerimine teisendab araabia vormid ladina tähtedesse.,Romanization of Arabic — Wikipedia revision 1365517204,https://en.wikipedia.org/w/index.php?title=Romanization_of_Arabic&oldid=1365517204,CC-BY-SA-4.0,2026-08-21,reviewed,true
built-in-literature-language-clue-0473,built-in-literature-language,Literature and Language Pack,built-in-literature-language-set-095,board,round-two,3,hard,writing-systems,Arabic Names for International Readers,Araabia nimed rahvusvahelisele lugejale,What process aims to map written characters systematically rather than merely imitate pronunciation?,"Millise protsessi eesmärk on süstemaatiliselt kaardistada kirjalikke sümboleid, mitte lihtsalt hääldamist jäljendada?",Transliteration,Transliteratsioon,,,Transliteration emphasizes reversible character correspondence.,Transliteratsioon rõhutab pööratavat märgivastavust.,Romanization of Arabic — Wikipedia revision 1365517204,https://en.wikipedia.org/w/index.php?title=Romanization_of_Arabic&oldid=1365517204,CC-BY-SA-4.0,2026-08-21,reviewed,true
built-in-literature-language-clue-0474,built-in-literature-language,Literature and Language Pack,built-in-literature-language-set-095,board,round-two,4,hard,writing-systems,Arabic Names for International Readers,Araabia nimed rahvusvahelisele lugejale,Scholarly systems often add dots or lines to Latin letters; what are such marks called?,Teaduslikud süsteemid lisavad ladina tähtedele sageli täppe või kriipse; kuidas selliseid märke nimetatakse?,Diacritics,Diakriitikud,,,Diacritics distinguish Arabic consonants and long vowels precisely.,Diakriitikud eristavad täpselt araabia kaashäälikuid ja pikki täishäälikuid.,Romanization of Arabic — Wikipedia revision 1365517204,https://en.wikipedia.org/w/index.php?title=Romanization_of_Arabic&oldid=1365517204,CC-BY-SA-4.0,2026-08-21,reviewed,true
built-in-literature-language-clue-0475,built-in-literature-language,Literature and Language Pack,built-in-literature-language-set-095,board,round-two,5,hard,writing-systems,Arabic Names for International Readers,Araabia nimed rahvusvahelisele lugejale,What romanized Arabic word means “moon”?,Milline latiniseeritud araabia sõna tähendab „kuud“?,Qamar,Qamar,,,Qamar represents the Arabic word قمر in Latin letters.,Qamar esitab araabia sõna قمر ladina tähtedega.,قمر — permanent revision 92018945,https://en.wiktionary.org/w/index.php?title=%D9%82%D9%85%D8%B1&oldid=92018945,CC-BY-SA-4.0,2026-08-21,reviewed,true
built-in-literature-language-clue-0476,built-in-literature-language,Literature and Language Pack,built-in-literature-language-set-096,board,round-two,1,easy,writing-systems,Two Software Numeronyms,Kaks tarkvara numeronüümi,What software practice prepares a product for multiple languages and regional conventions?,Milline tarkvarapraktika valmistab toote ette mitme keele ja piirkondlike tavade jaoks?,Internationalization,Rahvusvahelistamine,I18n,I18n,Internationalization designs software so it can support varied locales.,"Rahvusvahelistamisel kavandatakse tarkvara nii, et see toetaks eri lokaate.",Internationalization and localization — Wikipedia revision 1358864211,https://en.wikipedia.org/w/index.php?title=Internationalization_and_localization&oldid=1358864211,CC-BY-SA-4.0,2026-08-21,reviewed,true
built-in-literature-language-clue-0477,built-in-literature-language,Literature and Language Pack,built-in-literature-language-set-096,board,round-two,2,easy,writing-systems,Two Software Numeronyms,Kaks tarkvara numeronüümi,What process adapts an international-ready product for one locale?,Milline protsess kohandab rahvusvahelistamiseks ette valmistatud toote ühele lokaadile?,Localization,Lokaliseerimine,L10n,L10n,"Localization supplies language, formats, and cultural details for a target market.","Lokaliseerimine kohandab sihtturu jaoks keele, vormingud ja kultuurilised üksikasjad.",Internationalization and localization — Wikipedia revision 1358864211,https://en.wikipedia.org/w/index.php?title=Internationalization_and_localization&oldid=1358864211,CC-BY-SA-4.0,2026-08-21,reviewed,true
built-in-literature-language-clue-0478,built-in-literature-language,Literature and Language Pack,built-in-literature-language-set-096,board,round-two,3,easy,writing-systems,Two Software Numeronyms,Kaks tarkvara numeronüümi,What numeral replaces the omitted letters in the common software numeronym whose first and last letters are l and n?,"Milline arv asendab väljajäetud tähti tarkvara levinud numeronüümis, mille esimene ja viimane täht on l ja n?",Ten,Kümme,10,10,L10n uses the numeral 10 for the ten letters omitted between l and n.,L10n kasutab l-i ja n-i vahele jääva kümne tähe asemel arvu 10.,Internationalization and localization — Wikipedia revision 1358864211,https://en.wikipedia.org/w/index.php?title=Internationalization_and_localization&oldid=1358864211,CC-BY-SA-4.0,2026-08-21,reviewed,true
built-in-literature-language-clue-0479,built-in-literature-language,Literature and Language Pack,built-in-literature-language-set-096,board,round-two,4,easy,writing-systems,Two Software Numeronyms,Kaks tarkvara numeronüümi,"In I18n, what does the number 18 count?",Mida loendab arv 18 numeronüümis I18n?,Letters omitted between i and n,i ja n-i vahele jäetud tähed,The intervening letters,Vahepealsed tähed,Eighteen internal letters are replaced by the number.,Kaheksateist sisemist tähte asendatakse arvuga.,Internationalization and localization — Wikipedia revision 1358864211,https://en.wikipedia.org/w/index.php?title=Internationalization_and_localization&oldid=1358864211,CC-BY-SA-4.0,2026-08-21,reviewed,true
built-in-literature-language-clue-0480,built-in-literature-language,Literature and Language Pack,built-in-literature-language-set-096,board,round-two,5,easy,writing-systems,Two Software Numeronyms,Kaks tarkvara numeronüümi,Does the software abbreviation “I18n” come from the term “interlocalization”?,Kas tarkvaralühend „I18n“ pärineb terminist „interlocalization“?,No,Ei,False,Väär,"I18n abbreviates “internationalization”, not “interlocalization”.","I18n lühendab sõna „internationalization“, mitte „interlocalization“.",Internationalization and localization — Wikipedia revision 1358864211,https://en.wikipedia.org/w/index.php?title=Internationalization_and_localization&oldid=1358864211,CC-BY-SA-4.0,2026-08-21,reviewed,true
built-in-literature-language-clue-0481,built-in-literature-language,Literature and Language Pack,built-in-literature-language-set-097,board,round-one,1,hard,etymology,A Classical Letter in Modern Mathematics,Klassikaline täht tänapäeva matemaatikas,What name is given to the ratio in which a whole relates to its larger part as that part relates to the smaller?,"Mis nime kannab suhe, mille puhul terviku suhe suuremasse ossa võrdub suurema osa suhtega väiksemasse?",Golden ratio,Kuldlõige,,,The golden ratio is a special proportion studied in mathematics and design.,Kuldlõige on matemaatikas ja disainis uuritav eriline proportsioon.,Golden ratio — Wikipedia revision 1370346489,https://en.wikipedia.org/w/index.php?title=Golden_ratio&oldid=1370346489,CC-BY-SA-4.0,2026-08-21,reviewed,true
built-in-literature-language-clue-0482,built-in-literature-language,Literature and Language Pack,built-in-literature-language-set-097,board,round-one,2,hard,etymology,A Classical Letter in Modern Mathematics,Klassikaline täht tänapäeva matemaatikas,"To three decimal places, what is the approximate value of the golden ratio?",Kui suur on kuldlõike ligikaudne väärtus kolme kümnendkohani?,1.618,"1,618",,,Its decimal expansion begins 1.6180339.,"Selle kümnendmurd algab arvuga 1,6180339.",Golden ratio — Wikipedia revision 1370346489,https://en.wikipedia.org/w/index.php?title=Golden_ratio&oldid=1370346489,CC-BY-SA-4.0,2026-08-21,reviewed,true
built-in-literature-language-clue-0483,built-in-literature-language,Literature and Language Pack,built-in-literature-language-set-097,board,round-one,3,hard,etymology,A Classical Letter in Modern Mathematics,Klassikaline täht tänapäeva matemaatikas,Is the golden ratio rational or irrational?,Kas kuldlõige on ratsionaalne või irratsionaalne?,Irrational,Irratsionaalne,,,Its decimal expansion neither terminates nor repeats.,Selle kümnendmurd ei lõpe ega muutu perioodiliseks.,Golden ratio — Wikipedia revision 1370346489,https://en.wikipedia.org/w/index.php?title=Golden_ratio&oldid=1370346489,CC-BY-SA-4.0,2026-08-21,reviewed,true
built-in-literature-language-clue-0484,built-in-literature-language,Literature and Language Pack,built-in-literature-language-set-097,board,round-one,4,hard,etymology,A Classical Letter in Modern Mathematics,Klassikaline täht tänapäeva matemaatikas,Which Greek letter commonly represents the golden ratio?,Milline kreeka täht tähistab tavaliselt kuldlõiget?,Phi,Fii,φ|Φ,φ|Φ,The lowercase or uppercase form of phi is widely used for the ratio.,Kuldlõike tähistamiseks kasutatakse laialdaselt fii väike- või suurtähte.,Golden ratio — Wikipedia revision 1370346489,https://en.wikipedia.org/w/index.php?title=Golden_ratio&oldid=1370346489,CC-BY-SA-4.0,2026-08-21,reviewed,true
built-in-literature-language-clue-0485,built-in-literature-language,Literature and Language Pack,built-in-literature-language-set-097,board,round-one,5,hard,etymology,A Classical Letter in Modern Mathematics,Klassikaline täht tänapäeva matemaatikas,"If a longer segment is a and a shorter one b, which two ratios are equal in the defining proportion?","Kui pikem lõik on a ja lühem b, siis millised kaks suhet on määravas võrduses võrdsed?",(a + b) / a and a / b,(a + b) / a ja a / b,,,The whole-to-longer ratio equals the longer-to-shorter ratio.,Terviku ja pikema lõigu suhe võrdub pikema ja lühema lõigu suhtega.,Golden ratio — Wikipedia revision 1370346489,https://en.wikipedia.org/w/index.php?title=Golden_ratio&oldid=1370346489,CC-BY-SA-4.0,2026-08-21,reviewed,true
built-in-literature-language-clue-0486,built-in-literature-language,Literature and Language Pack,built-in-literature-language-set-098,board,round-two,1,easy,etymology,A Chemical Symbol with a Latin Root,Ladina tüvega keemiline sümbol,Which chemical element is a major component of ordinary table salt?,Milline keemiline element on tavalise lauasoola põhikomponent?,Sodium,Naatrium,,,"Table salt is sodium chloride, a compound containing sodium.","Lauasool on naatriumkloriid, ühend, mis sisaldab naatriumi.",Sodium — Wikipedia revision 1357207766,https://en.wikipedia.org/w/index.php?title=Sodium&oldid=1357207766,CC-BY-SA-4.0,2026-08-21,reviewed,true
built-in-literature-language-clue-0487,built-in-literature-language,Literature and Language Pack,built-in-literature-language-set-098,board,round-two,2,easy,etymology,A Chemical Symbol with a Latin Root,Ladina tüvega keemiline sümbol,What is sodium’s physical state at ordinary room temperature?,Milline on naatriumi füüsikaline seisund tavalisel toatemperatuuril?,Solid,Tahke,,,Sodium is a soft metallic solid at ordinary room temperature.,Naatrium on pehme metalliline tahke aine tavalisel toatemperatuuril.,Sodium — Wikipedia revision 1357207766,https://en.wikipedia.org/w/index.php?title=Sodium&oldid=1357207766,CC-BY-SA-4.0,2026-08-21,reviewed,true
built-in-literature-language-clue-0488,built-in-literature-language,Literature and Language Pack,built-in-literature-language-set-098,board,round-two,3,easy,etymology,A Chemical Symbol with a Latin Root,Ladina tüvega keemiline sümbol,"What is sodium’s element symbol, derived from Latin “natrium”?",Milline on ladina sõnast „natrium“ pärinev naatriumi keemiline sümbol?,Na,Na,,,Its symbol preserves the older Latin-derived name rather than the English initial sequence.,Sümbolis säilib ingliskeelse nimetuse algustähtede asemel vanemast ladinapärasest nimetusest pärit täheühend.,Sodium — Wikipedia revision 1357207766,https://en.wikipedia.org/w/index.php?title=Sodium&oldid=1357207766,CC-BY-SA-4.0,2026-08-21,reviewed,true
built-in-literature-language-clue-0489,built-in-literature-language,Literature and Language Pack,built-in-literature-language-set-098,board,round-two,4,easy,etymology,A Chemical Symbol with a Latin Root,Ladina tüvega keemiline sümbol,What chemical formula represents sodium chloride?,Milline keemiline valem tähistab naatriumkloriidi?,NaCl,NaCl,,,The familiar compound combines sodium and chlorine symbols.,Valemis on ühendatud naatriumi ja kloori keemilised sümbolid.,Sodium — Wikipedia revision 1357207766,https://en.wikipedia.org/w/index.php?title=Sodium&oldid=1357207766,CC-BY-SA-4.0,2026-08-21,reviewed,true
built-in-literature-language-clue-0490,built-in-literature-language,Literature and Language Pack,built-in-literature-language-set-098,board,round-two,5,easy,etymology,A Chemical Symbol with a Latin Root,Ladina tüvega keemiline sümbol,To which periodic-table family does sodium belong?,Millisesse perioodilisustabeli elementide rühma kuulub naatrium?,Alkali metals,Leelismetallid,Alkali metal,Leelismetall,"Sodium is a soft, highly reactive alkali metal.","Naatrium on pehme, väga reaktiivne leelismetall.",Sodium — Wikipedia revision 1357207766,https://en.wikipedia.org/w/index.php?title=Sodium&oldid=1357207766,CC-BY-SA-4.0,2026-08-21,reviewed,true
built-in-literature-language-clue-0491,built-in-literature-language,Literature and Language Pack,built-in-literature-language-set-099,board,round-two,1,hard,writing-systems,A Musician Replaces His Name with a Glyph,Muusik asendab oma nime glüüfiga,Which musician adopted a glyph as his professional name during the 1990s?,Milline muusik võttis 1990. aastatel oma ametinimeks glüüfi?,Prince,Prince,,,Prince adopted the glyph as a name.,Prince võttis glüüfi oma nimeks.,Love Symbol — Wikipedia revision 1369567129,https://en.wikipedia.org/w/index.php?title=Love_Symbol&oldid=1369567129,CC-BY-SA-4.0,2026-08-21,reviewed,true
built-in-literature-language-clue-0492,built-in-literature-language,Literature and Language Pack,built-in-literature-language-set-099,board,round-two,2,hard,writing-systems,A Musician Replaces His Name with a Glyph,Muusik asendab oma nime glüüfiga,Did the glyph have an agreed spoken pronunciation?,Kas glüüfil oli kokkulepitud hääldus?,No,Ei,It was unpronounceable,Seda ei saanud hääldada,It was deliberately described as an unpronounceable symbol.,Seda kirjeldati tahtlikult hääldamatu sümbolina.,Love Symbol — Wikipedia revision 1369567129,https://en.wikipedia.org/w/index.php?title=Love_Symbol&oldid=1369567129,CC-BY-SA-4.0,2026-08-21,reviewed,true
built-in-literature-language-clue-0493,built-in-literature-language,Literature and Language Pack,built-in-literature-language-set-099,board,round-two,3,hard,writing-systems,A Musician Replaces His Name with a Glyph,Muusik asendab oma nime glüüfiga,What phrase did media use when speaking about him without pronouncing the glyph?,"Millist fraasi kasutas meedia temast rääkides, ilma glüüfi hääldamata?",The Artist Formerly Known as Prince,Varem Prince’ina tuntud artist,TAFKAP,TAFKAP,The descriptive label became a practical spoken substitute.,Kirjeldavast nimetusest sai praktiline suuline aseaine.,Love Symbol — Wikipedia revision 1369567129,https://en.wikipedia.org/w/index.php?title=Love_Symbol&oldid=1369567129,CC-BY-SA-4.0,2026-08-21,reviewed,true
built-in-literature-language-clue-0494,built-in-literature-language,Literature and Language Pack,built-in-literature-language-set-099,board,round-two,4,hard,writing-systems,A Musician Replaces His Name with a Glyph,Muusik asendab oma nime glüüfiga,In what year was the album officially titled with the glyph released?,"Mis aastal ilmus album, mille ametlik pealkiri oli glüüf?",1992,1992,,,"Prince and the New Power Generation released the glyph-titled album on October 13, 1992.",Prince ja New Power Generation avaldasid glüüfiga ametlikult pealkirjastatud albumi 13. oktoobril 1992.,Love Symbol — Wikipedia revision 1369567129,https://en.wikipedia.org/w/index.php?title=Love_Symbol&oldid=1369567129,CC-BY-SA-4.0,2026-08-21,reviewed,true
built-in-literature-language-clue-0495,built-in-literature-language,Literature and Language Pack,built-in-literature-language-set-099,board,round-two,5,hard,writing-systems,A Musician Replaces His Name with a Glyph,Muusik asendab oma nime glüüfiga,In what year did Prince adopt the unpronounceable glyph amid conflict with Warner Bros.?,Mis aastal võttis Prince Warner Brosiga tekkinud konflikti ajal kasutusele hääldamatu glüüfi?,1993,1993,,,He announced the name change in 1993 during a contract dispute.,Ta teatas nimevahetusest 1993. aastal lepinguvaidluse ajal.,Love Symbol — Wikipedia revision 1369567129,https://en.wikipedia.org/w/index.php?title=Love_Symbol&oldid=1369567129,CC-BY-SA-4.0,2026-08-21,reviewed,true
built-in-literature-language-clue-0496,built-in-literature-language,Literature and Language Pack,built-in-literature-language-set-100,board,round-two,1,easy,etymology,Punctuation for Branching Syntax,Hargneva süntaksi kirjavahemärgid,How many operands does a ternary operator take?,Mitu operandi võtab ternaarne operaator?,Three,Kolm,3,3,The name derives from its three operands.,Nimetus tuleneb selle kolmest operandist.,Ternary conditional operator — Wikipedia revision 1362355697,https://en.wikipedia.org/w/index.php?title=Ternary_conditional_operator&oldid=1362355697,CC-BY-SA-4.0,2026-08-21,reviewed,true
built-in-literature-language-clue-0497,built-in-literature-language,Literature and Language Pack,built-in-literature-language-set-100,board,round-two,2,easy,etymology,Punctuation for Branching Syntax,Hargneva süntaksi kirjavahemärgid,Which two punctuation marks form the familiar operator?,Millised kaks kirjavahemärki moodustavad tuttava operaatori?,Question mark and colon,Küsimusmärk ja koolon,?:,?:,Many languages write the conditional operator with ? and :.,Paljud keeled kirjutavad tingimusoperaatori märkidega ? ja :.,Ternary conditional operator — Wikipedia revision 1362355697,https://en.wikipedia.org/w/index.php?title=Ternary_conditional_operator&oldid=1362355697,CC-BY-SA-4.0,2026-08-21,reviewed,true
built-in-literature-language-clue-0498,built-in-literature-language,Literature and Language Pack,built-in-literature-language-set-100,board,round-two,3,easy,etymology,Punctuation for Branching Syntax,Hargneva süntaksi kirjavahemärgid,What control-flow role does the familiar ?: construct serve?,Millist juhtvoo rolli täidab tavapärane konstruktsioon ?:?,It selects a result according to a condition,See valib tulemuse vastavalt tingimusele,Conditional selection,Tingimuslik valik,The construct evaluates one result when its test succeeds and another when it fails.,"Konstruktsioon väärtustab ühe tulemuse, kui tingimus on tõene, ja teise, kui see on väär.",Ternary conditional operator — Wikipedia revision 1362355697,https://en.wikipedia.org/w/index.php?title=Ternary_conditional_operator&oldid=1362355697,CC-BY-SA-4.0,2026-08-21,reviewed,true
built-in-literature-language-clue-0499,built-in-literature-language,Literature and Language Pack,built-in-literature-language-set-100,board,round-two,4,easy,etymology,Punctuation for Branching Syntax,Hargneva süntaksi kirjavahemärgid,"Without parentheses, what associativity does the familiar ?: construct normally have?",Milline assotsiatiivsus on tavapärasel konstruktsioonil ?: ilma sulgudeta?,Right associative,Paremassotsiatiivne,Right-associative,Paremassotsiatiivne,Nested conditional expressions normally group from the right.,Pesastatud tingimusavaldised rühmitatakse tavaliselt paremalt.,Ternary conditional operator — Wikipedia revision 1362355697,https://en.wikipedia.org/w/index.php?title=Ternary_conditional_operator&oldid=1362355697,CC-BY-SA-4.0,2026-08-21,reviewed,true
built-in-literature-language-clue-0500,built-in-literature-language,Literature and Language Pack,built-in-literature-language-set-100,board,round-two,5,easy,etymology,Punctuation for Branching Syntax,Hargneva süntaksi kirjavahemärgid,"Before version 8, which programming language was the main exception to the usual right associativity?",Milline programmeerimiskeel oli enne versiooni 8 peamine erand tavapärasest paremassotsiatiivsusest?,PHP,PHP,,,PHP treated the construct as left-associative before version 8 and made it non-associative thereafter.,PHP käsitles konstruktsiooni enne versiooni 8 vasakassotsiatiivsena ja muutis selle seejärel mitteassotsiatiivseks.,Ternary conditional operator — Wikipedia revision 1362355697,https://en.wikipedia.org/w/index.php?title=Ternary_conditional_operator&oldid=1362355697,CC-BY-SA-4.0,2026-08-21,reviewed,true
