clue_id,pack_id,pack_name,category_set_id,content_kind,round,tier,difficulty,macro_topic,category_name_en,category_name_et,clue_en,clue_et,response_en,response_et,accepted_variants_en,accepted_variants_et,explanation_en,explanation_et,source_title,source_url,source_license,source_retrieved_at,translation_status,enabled
built-in-music-accessible-easy-001,built-in-music,Music Pack,built-in-music-set-001,board,round-one,1,easy,classical,Music: Quick Mix,Muusika: kiire segu,Which artist recorded “Dancing Queen”?,Milline artist esitas laulu „Dancing Queen“?,ABBA,ABBA,,,ABBA recorded “Dancing Queen”.,ABBA esitas laulu „Dancing Queen“.,Dancing Queen — Wikipedia,https://en.wikipedia.org/wiki/Dancing_Queen,CC-BY-SA-4.0,2026-08-27,reviewed,true
built-in-music-accessible-easy-002,built-in-music,Music Pack,built-in-music-set-001,board,round-one,2,easy,classical,Music: Quick Mix,Muusika: kiire segu,Which artist recorded “Bohemian Rhapsody”?,Milline artist esitas laulu „Bohemian Rhapsody“?,Queen,Queen,,,Queen recorded “Bohemian Rhapsody”.,Queen esitas laulu „Bohemian Rhapsody“.,Bohemian Rhapsody — Wikipedia,https://en.wikipedia.org/wiki/Bohemian_Rhapsody,CC-BY-SA-4.0,2026-08-27,reviewed,true
built-in-music-accessible-easy-003,built-in-music,Music Pack,built-in-music-set-001,board,round-one,3,easy,classical,Music: Quick Mix,Muusika: kiire segu,Which artist recorded “Like a Prayer”?,Milline artist esitas laulu „Like a Prayer“?,Madonna,Madonna,,,Madonna recorded “Like a Prayer”.,Madonna esitas laulu „Like a Prayer“.,Like a Prayer — Wikipedia,https://en.wikipedia.org/wiki/Like_a_Prayer_(song),CC-BY-SA-4.0,2026-08-27,reviewed,true
built-in-music-accessible-easy-004,built-in-music,Music Pack,built-in-music-set-001,board,round-one,4,easy,classical,Music: Quick Mix,Muusika: kiire segu,Which artist recorded “Billie Jean”?,Milline artist esitas laulu „Billie Jean“?,Michael Jackson,Michael Jackson,,,Michael Jackson recorded “Billie Jean”.,Michael Jackson esitas laulu „Billie Jean“.,Billie Jean — Wikipedia,https://en.wikipedia.org/wiki/Billie_Jean,CC-BY-SA-4.0,2026-08-27,reviewed,true
built-in-music-accessible-easy-005,built-in-music,Music Pack,built-in-music-set-001,board,round-one,5,easy,classical,Music: Quick Mix,Muusika: kiire segu,Which artist recorded “Rolling in the Deep”?,Milline artist esitas laulu „Rolling in the Deep“?,Adele,Adele,,,Adele recorded “Rolling in the Deep”.,Adele esitas laulu „Rolling in the Deep“.,Rolling in the Deep — Wikipedia,https://en.wikipedia.org/wiki/Rolling_in_the_Deep,CC-BY-SA-4.0,2026-08-27,reviewed,true
built-in-music-accessible-easy-006,built-in-music,Music Pack,built-in-music-set-002,board,round-one,1,easy,classical,Music: Quick Medley,Muusika: kiire valik,Which artist recorded “Shape of You”?,Milline artist esitas laulu „Shape of You“?,Ed Sheeran,Ed Sheeran,,,Ed Sheeran recorded “Shape of You”.,Ed Sheeran esitas laulu „Shape of You“.,Shape of You — Wikipedia,https://en.wikipedia.org/wiki/Shape_of_You,CC-BY-SA-4.0,2026-08-27,reviewed,true
built-in-music-accessible-easy-007,built-in-music,Music Pack,built-in-music-set-002,board,round-one,2,easy,classical,Music: Quick Medley,Muusika: kiire valik,Which artist recorded “Toxic”?,Milline artist esitas laulu „Toxic“?,Britney Spears,Britney Spears,,,Britney Spears recorded “Toxic”.,Britney Spears esitas laulu „Toxic“.,Toxic — Wikipedia,https://en.wikipedia.org/wiki/Toxic_(song),CC-BY-SA-4.0,2026-08-27,reviewed,true
built-in-music-accessible-easy-008,built-in-music,Music Pack,built-in-music-set-002,board,round-one,3,easy,classical,Music: Quick Medley,Muusika: kiire valik,Which artist recorded “Poker Face”?,Milline artist esitas laulu „Poker Face“?,Lady Gaga,Lady Gaga,,,Lady Gaga recorded “Poker Face”.,Lady Gaga esitas laulu „Poker Face“.,Poker Face — Wikipedia,https://en.wikipedia.org/wiki/Poker_Face_(song),CC-BY-SA-4.0,2026-08-27,reviewed,true
built-in-music-accessible-easy-009,built-in-music,Music Pack,built-in-music-set-002,board,round-one,4,easy,classical,Music: Quick Medley,Muusika: kiire valik,Which artist recorded “Smells Like Teen Spirit”?,Milline artist esitas laulu „Smells Like Teen Spirit“?,Nirvana,Nirvana,,,Nirvana recorded “Smells Like Teen Spirit”.,Nirvana esitas laulu „Smells Like Teen Spirit“.,Smells Like Teen Spirit — Wikipedia,https://en.wikipedia.org/wiki/Smells_Like_Teen_Spirit,CC-BY-SA-4.0,2026-08-27,reviewed,true
built-in-music-accessible-easy-010,built-in-music,Music Pack,built-in-music-set-002,board,round-one,5,easy,classical,Music: Quick Medley,Muusika: kiire valik,Which artist recorded the 1974 Eurovision winner “Waterloo”?,Milline artist esitas 1974. aasta Eurovisiooni võidulaulu „Waterloo“?,ABBA,ABBA,,,ABBA recorded the 1974 Eurovision winner “Waterloo”.,ABBA esitas 1974. aasta Eurovisiooni võidulaulu „Waterloo“.,Waterloo — Wikipedia,https://en.wikipedia.org/wiki/Waterloo_(song),CC-BY-SA-4.0,2026-08-27,reviewed,true
built-in-music-accessible-easy-011,built-in-music,Music Pack,built-in-music-set-003,board,round-one,1,easy,classical,Music: Quick Tour,Muusika: kiire ringkäik,"Name the band: John Lennon, Paul McCartney, George Harrison, and Ringo Starr.","Nimeta bänd: John Lennon, Paul McCartney, George Harrison ja Ringo Starr.",the Beatles,The Beatles,,,"The band is the Beatles: John Lennon, Paul McCartney, George Harrison, and Ringo Starr.","Bänd on The Beatles: John Lennon, Paul McCartney, George Harrison ja Ringo Starr.",The Beatles — Wikipedia,https://en.wikipedia.org/wiki/The_Beatles,CC-BY-SA-4.0,2026-08-27,reviewed,true
built-in-music-accessible-easy-012,built-in-music,Music Pack,built-in-music-set-003,board,round-one,2,easy,classical,Music: Quick Tour,Muusika: kiire ringkäik,"Name the band: Freddie Mercury, Brian May, Roger Taylor, and John Deacon.","Nimeta bänd: Freddie Mercury, Brian May, Roger Taylor ja John Deacon.",Queen,Queen,,,"The band is Queen: Freddie Mercury, Brian May, Roger Taylor, and John Deacon.","Bänd on Queen: Freddie Mercury, Brian May, Roger Taylor ja John Deacon.",Queen — Wikipedia,https://en.wikipedia.org/wiki/Queen_(band),CC-BY-SA-4.0,2026-08-27,reviewed,true
built-in-music-accessible-easy-013,built-in-music,Music Pack,built-in-music-set-003,board,round-one,3,easy,classical,Music: Quick Tour,Muusika: kiire ringkäik,"Name the band: Agnetha, Björn, Benny, and Anni-Frid.","Nimeta bänd: Agnetha, Björn, Benny ja Anni-Frid.",ABBA,ABBA,,,"The band is ABBA: Agnetha, Björn, Benny, and Anni-Frid.","Bänd on ABBA: Agnetha, Björn, Benny ja Anni-Frid.",ABBA — Wikipedia,https://en.wikipedia.org/wiki/ABBA,CC-BY-SA-4.0,2026-08-27,reviewed,true
built-in-music-accessible-easy-014,built-in-music,Music Pack,built-in-music-set-003,board,round-one,4,easy,classical,Music: Quick Tour,Muusika: kiire ringkäik,"Name the band: Scary, Sporty, Baby, Ginger, and Posh.","Nimeta bänd: Scary, Sporty, Baby, Ginger ja Posh.",the Spice Girls,Spice Girls,,,"The band is the Spice Girls: Scary, Sporty, Baby, Ginger, and Posh.","Bänd on Spice Girls: Scary, Sporty, Baby, Ginger ja Posh.",Spice Girls — Wikipedia,https://en.wikipedia.org/wiki/Spice_Girls,CC-BY-SA-4.0,2026-08-27,reviewed,true
built-in-music-accessible-easy-015,built-in-music,Music Pack,built-in-music-set-003,board,round-one,5,easy,classical,Music: Quick Tour,Muusika: kiire ringkäik,"Name the band: Bono, the Edge, Adam Clayton, and Larry Mullen Jr..","Nimeta bänd: Bono, The Edge, Adam Clayton ja Larry Mullen Jr..",U2,U2,,,"The band is U2: Bono, the Edge, Adam Clayton, and Larry Mullen Jr..","Bänd on U2: Bono, The Edge, Adam Clayton ja Larry Mullen Jr..",U2 — Wikipedia,https://en.wikipedia.org/wiki/U2,CC-BY-SA-4.0,2026-08-27,reviewed,true
built-in-music-accessible-easy-016,built-in-music,Music Pack,built-in-music-set-004,board,round-one,1,easy,instruments,Music: Quick Grab Bag,Muusika: kiire üllatuskott,Name the band: the metal band behind “Enter Sandman”.,"Nimeta bänd: metal-bänd, kes esitab laulu „Enter Sandman“.",Metallica,Metallica,,,The band is Metallica: the metal band behind “Enter Sandman”.,"Bänd on Metallica: metal-bänd, kes esitab laulu „Enter Sandman“.",Metallica — Wikipedia,https://en.wikipedia.org/wiki/Metallica,CC-BY-SA-4.0,2026-08-27,reviewed,true
built-in-music-accessible-easy-017,built-in-music,Music Pack,built-in-music-set-004,board,round-one,2,easy,instruments,Music: Quick Grab Bag,Muusika: kiire üllatuskott,Name the band: the British band behind “Yellow” and “Viva la Vida”.,"Nimeta bänd: Briti bänd, kes esitab laule „Yellow“ ja „Viva la Vida“.",Coldplay,Coldplay,,,The band is Coldplay: the British band behind “Yellow” and “Viva la Vida”.,"Bänd on Coldplay: Briti bänd, kes esitab laule „Yellow“ ja „Viva la Vida“.",Coldplay — Wikipedia,https://en.wikipedia.org/wiki/Coldplay,CC-BY-SA-4.0,2026-08-27,reviewed,true
built-in-music-accessible-easy-018,built-in-music,Music Pack,built-in-music-set-004,board,round-one,3,easy,instruments,Music: Quick Grab Bag,Muusika: kiire üllatuskott,Name the band: the boy band behind “I Want It That Way”.,"Nimeta bänd: poistebänd, kes esitab laulu „I Want It That Way“.",the Backstreet Boys,Backstreet Boys,,,The band is the Backstreet Boys: the boy band behind “I Want It That Way”.,"Bänd on Backstreet Boys: poistebänd, kes esitab laulu „I Want It That Way“.",Backstreet Boys — Wikipedia,https://en.wikipedia.org/wiki/Backstreet_Boys,CC-BY-SA-4.0,2026-08-27,reviewed,true
built-in-music-accessible-easy-019,built-in-music,Music Pack,built-in-music-set-004,board,round-one,4,easy,instruments,Music: Quick Grab Bag,Muusika: kiire üllatuskott,Name the band: the rock band fronted by Mick Jagger.,Nimeta bänd: Mick Jaggeri juhitud rokkbänd.,the Rolling Stones,The Rolling Stones,,,The band is the Rolling Stones: the rock band fronted by Mick Jagger.,Bänd on The Rolling Stones: Mick Jaggeri juhitud rokkbänd.,The Rolling Stones — Wikipedia,https://en.wikipedia.org/wiki/The_Rolling_Stones,CC-BY-SA-4.0,2026-08-27,reviewed,true
built-in-music-accessible-easy-020,built-in-music,Music Pack,built-in-music-set-004,board,round-one,5,easy,instruments,Music: Quick Grab Bag,Muusika: kiire üllatuskott,Name the band: the German band behind “Du hast”.,"Nimeta bänd: Saksa bänd, kes esitab laulu „Du hast“.",Rammstein,Rammstein,,,The band is Rammstein: the German band behind “Du hast”.,"Bänd on Rammstein: Saksa bänd, kes esitab laulu „Du hast“.",Rammstein — Wikipedia,https://en.wikipedia.org/wiki/Rammstein,CC-BY-SA-4.0,2026-08-27,reviewed,true
built-in-music-accessible-easy-021,built-in-music,Music Pack,built-in-music-set-005,board,round-one,1,easy,instruments,Music: Quick Roundup,Muusika: kiire ülevaade,Which instrument is the keyboard instrument with black and white keys?,Milline pill on mustade ja valgete klahvidega klahvpill?,the piano,klaver,,,The piano is the keyboard instrument with black and white keys.,Klaver on mustade ja valgete klahvidega klahvpill.,Piano — Wikipedia,https://en.wikipedia.org/wiki/Piano,CC-BY-SA-4.0,2026-08-27,reviewed,true
built-in-music-accessible-easy-022,built-in-music,Music Pack,built-in-music-set-005,board,round-one,2,easy,instruments,Music: Quick Roundup,Muusika: kiire ülevaade,Which instrument is the usually six-stringed instrument common in rock music?,Milline pill on tavaliselt kuue keelega rokkmuusikas levinud pill?,the guitar,kitarr,,,The guitar is the usually six-stringed instrument common in rock music.,Kitarr on tavaliselt kuue keelega rokkmuusikas levinud pill.,Guitar — Wikipedia,https://en.wikipedia.org/wiki/Guitar,CC-BY-SA-4.0,2026-08-27,reviewed,true
built-in-music-accessible-easy-023,built-in-music,Music Pack,built-in-music-set-005,board,round-one,3,easy,instruments,Music: Quick Roundup,Muusika: kiire ülevaade,Which instrument is the small bowed string instrument held under the chin?,Milline pill on lõua all hoitav väike poogenkeelpill?,the violin,viiul,,,The violin is the small bowed string instrument held under the chin.,Viiul on lõua all hoitav väike poogenkeelpill.,Violin — Wikipedia,https://en.wikipedia.org/wiki/Violin,CC-BY-SA-4.0,2026-08-27,reviewed,true
built-in-music-accessible-easy-024,built-in-music,Music Pack,built-in-music-set-005,board,round-one,4,easy,instruments,Music: Quick Roundup,Muusika: kiire ülevaade,Which instrument is the collection of drums and cymbals played by one musician?,Milline pill on ühe muusiku mängitav trummide ja taldrikute komplekt?,a drum kit,trummikomplekt,,,A drum kit is the collection of drums and cymbals played by one musician.,Trummikomplekt on ühe muusiku mängitav trummide ja taldrikute komplekt.,Drum kit — Wikipedia,https://en.wikipedia.org/wiki/Drum_kit,CC-BY-SA-4.0,2026-08-27,reviewed,true
built-in-music-accessible-easy-025,built-in-music,Music Pack,built-in-music-set-005,board,round-one,5,easy,instruments,Music: Quick Roundup,Muusika: kiire ülevaade,Which instrument is the metal woodwind instrument strongly associated with jazz?,Milline pill on džässiga tugevalt seotud metallist puupuhkpill?,the saxophone,saksofon,,,The saxophone is the metal woodwind instrument strongly associated with jazz.,Saksofon on džässiga tugevalt seotud metallist puupuhkpill.,Saxophone — Wikipedia,https://en.wikipedia.org/wiki/Saxophone,CC-BY-SA-4.0,2026-08-27,reviewed,true
built-in-music-accessible-easy-026,built-in-music,Music Pack,built-in-music-set-006,board,round-one,1,easy,instruments,Music: Quick Sampler,Muusika: kiire proovivalik,Which instrument is the brass instrument played through three valves?,Milline pill on kolme ventiiliga vaskpuhkpill?,the trumpet,trompet,,,The trumpet is the brass instrument played through three valves.,Trompet on kolme ventiiliga vaskpuhkpill.,Trumpet — Wikipedia,https://en.wikipedia.org/wiki/Trumpet,CC-BY-SA-4.0,2026-08-27,reviewed,true
built-in-music-accessible-easy-027,built-in-music,Music Pack,built-in-music-set-006,board,round-one,2,easy,instruments,Music: Quick Sampler,Muusika: kiire proovivalik,Which instrument is the bellows-driven instrument with buttons or piano-style keys?,"Milline pill on lõõtsaga pill, millel on nupud või klaveriklahvid?",the accordion,akordion,,,The accordion is the bellows-driven instrument with buttons or piano-style keys.,"Akordion on lõõtsaga pill, millel on nupud või klaveriklahvid.",Accordion — Wikipedia,https://en.wikipedia.org/wiki/Accordion,CC-BY-SA-4.0,2026-08-27,reviewed,true
built-in-music-accessible-easy-028,built-in-music,Music Pack,built-in-music-set-006,board,round-one,3,easy,instruments,Music: Quick Sampler,Muusika: kiire proovivalik,Which instrument is the high-pitched woodwind held sideways?,Milline pill on külgsuunas hoitav kõrge kõlaga puupuhkpill?,the flute,flööt,,,The flute is the high-pitched woodwind held sideways.,Flööt on külgsuunas hoitav kõrge kõlaga puupuhkpill.,Flute — Wikipedia,https://en.wikipedia.org/wiki/Flute,CC-BY-SA-4.0,2026-08-27,reviewed,true
built-in-music-accessible-easy-029,built-in-music,Music Pack,built-in-music-set-006,board,round-one,4,easy,instruments,Music: Quick Sampler,Muusika: kiire proovivalik,Which instrument is the large bowed string instrument played between the knees?,Milline pill on põlvede vahel mängitav suur poogenkeelpill?,the cello,tšello,,,The cello is the large bowed string instrument played between the knees.,Tšello on põlvede vahel mängitav suur poogenkeelpill.,Cello — Wikipedia,https://en.wikipedia.org/wiki/Cello,CC-BY-SA-4.0,2026-08-27,reviewed,true
built-in-music-accessible-easy-030,built-in-music,Music Pack,built-in-music-set-006,board,round-one,5,easy,instruments,Music: Quick Sampler,Muusika: kiire proovivalik,Which instrument is the air-bag instrument strongly associated with Scotland?,Milline pill on Šotimaaga tugevalt seotud õhukotiga pill?,bagpipes,torupill,,,Bagpipes is the air-bag instrument strongly associated with Scotland.,Torupill on Šotimaaga tugevalt seotud õhukotiga pill.,Bagpipes — Wikipedia,https://en.wikipedia.org/wiki/Bagpipes,CC-BY-SA-4.0,2026-08-27,reviewed,true
built-in-music-accessible-easy-031,built-in-music,Music Pack,built-in-music-set-007,board,round-one,1,easy,instruments,Music: Quick Potpourri,Muusika: kiire popurrii,Name the composer or musician: the Fifth Symphony and the Moonlight Sonata.,Nimeta helilooja või muusik: viienda sümfoonia ja „Kuupaistesonaadi“.,Ludwig van Beethoven,Ludwig van Beethoven,,,The answer is Ludwig van Beethoven: the Fifth Symphony and the Moonlight Sonata.,Vastus on Ludwig van Beethoven: viienda sümfoonia ja „Kuupaistesonaadi“.,Ludwig van Beethoven — Wikipedia,https://en.wikipedia.org/wiki/Ludwig_van_Beethoven,CC-BY-SA-4.0,2026-08-27,reviewed,true
built-in-music-accessible-easy-032,built-in-music,Music Pack,built-in-music-set-007,board,round-one,2,easy,instruments,Music: Quick Potpourri,Muusika: kiire popurrii,Name the composer or musician: The Magic Flute.,Nimeta helilooja või muusik: ooperi „Võluflööt“.,Wolfgang Amadeus Mozart,Wolfgang Amadeus Mozart,,,The answer is Wolfgang Amadeus Mozart: The Magic Flute.,Vastus on Wolfgang Amadeus Mozart: ooperi „Võluflööt“.,Wolfgang Amadeus Mozart — Wikipedia,https://en.wikipedia.org/wiki/Wolfgang_Amadeus_Mozart,CC-BY-SA-4.0,2026-08-27,reviewed,true
built-in-music-accessible-easy-033,built-in-music,Music Pack,built-in-music-set-007,board,round-one,3,easy,instruments,Music: Quick Potpourri,Muusika: kiire popurrii,Name the composer or musician: The Four Seasons.,Nimeta helilooja või muusik: „Neli aastaaega“.,Antonio Vivaldi,Antonio Vivaldi,,,The answer is Antonio Vivaldi: The Four Seasons.,Vastus on Antonio Vivaldi: „Neli aastaaega“.,Antonio Vivaldi — Wikipedia,https://en.wikipedia.org/wiki/Antonio_Vivaldi,CC-BY-SA-4.0,2026-08-27,reviewed,true
built-in-music-accessible-easy-034,built-in-music,Music Pack,built-in-music-set-007,board,round-one,4,easy,instruments,Music: Quick Potpourri,Muusika: kiire popurrii,Name the composer or musician: the ballets Swan Lake and The Nutcracker.,Nimeta helilooja või muusik: balletid „Luikede järv“ ja „Pähklipureja“.,Pyotr Ilyich Tchaikovsky,Pjotr Tšaikovski,,,The answer is Pyotr Ilyich Tchaikovsky: the ballets Swan Lake and The Nutcracker.,Vastus on Pjotr Tšaikovski: balletid „Luikede järv“ ja „Pähklipureja“.,Pyotr Ilyich Tchaikovsky — Wikipedia,https://en.wikipedia.org/wiki/Pyotr_Ilyich_Tchaikovsky,CC-BY-SA-4.0,2026-08-27,reviewed,true
built-in-music-accessible-easy-035,built-in-music,Music Pack,built-in-music-set-007,board,round-one,5,easy,instruments,Music: Quick Potpourri,Muusika: kiire popurrii,Name the composer or musician: the Brandenburg Concertos.,Nimeta helilooja või muusik: Brandenburgi kontserdid.,Johann Sebastian Bach,Johann Sebastian Bach,,,The answer is Johann Sebastian Bach: the Brandenburg Concertos.,Vastus on Johann Sebastian Bach: Brandenburgi kontserdid.,Johann Sebastian Bach — Wikipedia,https://en.wikipedia.org/wiki/Johann_Sebastian_Bach,CC-BY-SA-4.0,2026-08-27,reviewed,true
built-in-music-accessible-easy-036,built-in-music,Music Pack,built-in-music-set-008,board,round-one,1,easy,instruments,Music: Quick Challenge,Muusika: kiire väljakutse,Name the composer or musician: many famous solo piano nocturnes.,Nimeta helilooja või muusik: paljud kuulsad klaverinokturnid.,Frédéric Chopin,Frédéric Chopin,,,The answer is Frédéric Chopin: many famous solo piano nocturnes.,Vastus on Frédéric Chopin: paljud kuulsad klaverinokturnid.,Frédéric Chopin — Wikipedia,https://en.wikipedia.org/wiki/Frédéric_Chopin,CC-BY-SA-4.0,2026-08-27,reviewed,true
built-in-music-accessible-easy-037,built-in-music,Music Pack,built-in-music-set-008,board,round-one,2,easy,instruments,Music: Quick Challenge,Muusika: kiire väljakutse,Name the composer or musician: the opera La traviata.,Nimeta helilooja või muusik: ooperi „La traviata“.,Giuseppe Verdi,Giuseppe Verdi,,,The answer is Giuseppe Verdi: the opera La traviata.,Vastus on Giuseppe Verdi: ooperi „La traviata“.,Giuseppe Verdi — Wikipedia,https://en.wikipedia.org/wiki/Giuseppe_Verdi,CC-BY-SA-4.0,2026-08-27,reviewed,true
built-in-music-accessible-easy-038,built-in-music,Music Pack,built-in-music-set-008,board,round-one,3,easy,instruments,Music: Quick Challenge,Muusika: kiire väljakutse,Name the composer or musician: the four-opera Ring cycle.,Nimeta helilooja või muusik: neljast ooperist koosneva „Nibelungi sõrmuse“.,Richard Wagner,Richard Wagner,,,The answer is Richard Wagner: the four-opera Ring cycle.,Vastus on Richard Wagner: neljast ooperist koosneva „Nibelungi sõrmuse“.,Richard Wagner — Wikipedia,https://en.wikipedia.org/wiki/Richard_Wagner,CC-BY-SA-4.0,2026-08-27,reviewed,true
built-in-music-accessible-easy-039,built-in-music,Music Pack,built-in-music-set-008,board,round-one,4,easy,instruments,Music: Quick Challenge,Muusika: kiire väljakutse,Name the composer or musician: the tintinnabuli style and the work Spiegel im Spiegel.,Nimeta helilooja või muusik: tintinnabuli-stiili ja teose „Spiegel im Spiegel“.,Arvo Pärt,Arvo Pärt,,,The answer is Arvo Pärt: the tintinnabuli style and the work Spiegel im Spiegel.,Vastus on Arvo Pärt: tintinnabuli-stiili ja teose „Spiegel im Spiegel“.,Arvo Pärt — Wikipedia,https://en.wikipedia.org/wiki/Arvo_Pärt,CC-BY-SA-4.0,2026-08-27,reviewed,true
built-in-music-accessible-easy-040,built-in-music,Music Pack,built-in-music-set-008,board,round-one,5,easy,instruments,Music: Quick Challenge,Muusika: kiire väljakutse,Name the composer or musician: the Estonian baritone famous for opera and popular songs.,"Nimeta helilooja või muusik: Eesti bariton, kes sai tuntuks ooperi ja levilauludega.",Georg Ots,Georg Ots,,,The answer is Georg Ots: the Estonian baritone famous for opera and popular songs.,"Vastus on Georg Ots: Eesti bariton, kes sai tuntuks ooperi ja levilauludega.",Georg Ots — Wikipedia,https://en.wikipedia.org/wiki/Georg_Ots,CC-BY-SA-4.0,2026-08-27,reviewed,true
built-in-music-clue-0041,built-in-music,Music Pack,built-in-music-set-009,board,round-one,1,easy,instruments,Music: Quick Quiz,Muusika: kiire viktoriin,Piano — A musician who specializes in the hammered-string keyboard is known by this term.,Piano — Selle nimetusega tuntakse klaverimängule spetsialiseerunud muusikut.,Pianist,Pianist,,,A specialist performer on piano is called a pianist.,Klaverile spetsialiseerunud esitajat nimetatakse pianistiks.,Piano — Wikipedia permanent revision 1369845613,https://en.wikipedia.org/w/index.php?title=Piano&oldid=1369845613,CC-BY-SA-4.0,2026-08-23,reviewed,true
built-in-music-clue-0052,built-in-music,Music Pack,built-in-music-set-009,board,round-one,2,easy,instruments,Music: Quick Quiz,Muusika: kiire viktoriin,Wynton Marsalis — Wynton Marsalis performs on this brass instrument.,Wynton Marsalis — Wynton Marsalis mängib seda vaskpilli.,Trumpet,Trompet,,,Marsalis is a celebrated trumpet player.,Marsalis on tunnustatud trompetimängija.,Wynton Marsalis — Wikipedia permanent revision 1370545719,https://en.wikipedia.org/w/index.php?title=Wynton_Marsalis&oldid=1370545719,CC-BY-SA-4.0,2026-08-23,reviewed,true
built-in-music-clue-0058,built-in-music,Music Pack,built-in-music-set-009,board,round-one,3,easy,instruments,Music: Quick Quiz,Muusika: kiire viktoriin,"Leo Sayer — Besides performing, Leo Sayer holds this creative occupation.",Leo Sayer — Lisaks esinemisele on Leo Sayeril see loomeamet.,Songwriter,Laulukirjutaja,,,He is identified as a songwriter as well as a singer.,Teda nimetatakse nii laulukirjutajaks kui ka lauljaks.,Leo Sayer — Wikipedia permanent revision 1357411364,https://en.wikipedia.org/w/index.php?title=Leo_Sayer&oldid=1357411364,CC-BY-SA-4.0,2026-08-23,reviewed,true
built-in-music-clue-0064,built-in-music,Music Pack,built-in-music-set-009,board,round-one,4,easy,instruments,Music: Quick Quiz,Muusika: kiire viktoriin,Sammy Davis Jr. — Sammy Davis Jr. was born in this year.,Sammy Davis Jr. — Sammy Davis juunior sündis sel aastal.,1925,1925,,,Sammy Davis Jr.’s birth date falls in 1925.,Sammy Davis juunior sündis 1925. aastal.,Sammy Davis Jr. — Wikipedia permanent revision 1370172704,https://en.wikipedia.org/w/index.php?title=Sammy_Davis_Jr.&oldid=1370172704,CC-BY-SA-4.0,2026-08-23,reviewed,true
built-in-music-clue-0070,built-in-music,Music Pack,built-in-music-set-009,board,round-one,5,easy,instruments,Music: Quick Quiz,Muusika: kiire viktoriin,Somebody's Watching Me — What is the runtime of the album and twelve-inch version of Somebody’s Watching Me?,Somebody's Watching Me — Kui pikk on loo „Somebody’s Watching Me“ albumi- ja kaheteisttollise singli versioon?,4:59,4:59,,,That version runs 4:59; the single and video versions are shorter.,See versioon kestab 4:59; singli- ja videoversioonid on lühemad.,Somebody's Watching Me — Wikipedia permanent revision 1370049601,https://en.wikipedia.org/w/index.php?title=Somebody's_Watching_Me&oldid=1370049601,CC-BY-SA-4.0,2026-08-23,reviewed,true
built-in-music-clue-0051,built-in-music,Music Pack,built-in-music-set-011,board,round-one,1,easy,jazz,Music: Curious Mix,Muusika: uudishimulik segu,Wynton Marsalis — This jazz musician became the first to receive the Pulitzer Prize for Music.,Wynton Marsalis — See džässmuusik sai esimesena Pulitzeri muusikaauhinna.,Wynton Marsalis,Wynton Marsalis,,,Wynton Marsalis received the Pulitzer for Blood on the Fields.,Wynton Marsalis pälvis Pulitzeri teose „Blood on the Fields“ eest.,Wynton Marsalis — Wikipedia permanent revision 1370545719,https://en.wikipedia.org/w/index.php?title=Wynton_Marsalis&oldid=1370545719,CC-BY-SA-4.0,2026-08-23,reviewed,true
built-in-music-clue-0057,built-in-music,Music Pack,built-in-music-set-011,board,round-one,2,easy,jazz,Music: Curious Mix,Muusika: uudishimulik segu,Leo Sayer — Leo Sayer became a citizen of this country in 2009.,Leo Sayer — Leo Sayer sai 2009. aastal selle riigi kodanikuks.,Australia,Austraalia,,,He has held Australian citizenship since 2009.,Tal on Austraalia kodakondsus alates 2009. aastast.,Leo Sayer — Wikipedia permanent revision 1357411364,https://en.wikipedia.org/w/index.php?title=Leo_Sayer&oldid=1357411364,CC-BY-SA-4.0,2026-08-23,reviewed,true
built-in-music-clue-0063,built-in-music,Music Pack,built-in-music-set-011,board,round-one,3,easy,jazz,Music: Curious Mix,Muusika: uudishimulik segu,Sammy Davis Jr. — A 1954 car crash cost Sammy Davis Jr. this body part.,Sammy Davis Jr. — Sammy Davis juunior kaotas 1954. aasta autoõnnetuses selle kehaosa.,Left Eye,Vasak silm,,,Davis lost his left eye after the accident.,Davis kaotas pärast õnnetust vasaku silma.,Sammy Davis Jr. — Wikipedia permanent revision 1370172704,https://en.wikipedia.org/w/index.php?title=Sammy_Davis_Jr.&oldid=1370172704,CC-BY-SA-4.0,2026-08-23,reviewed,true
built-in-music-clue-0069,built-in-music,Music Pack,built-in-music-set-011,board,round-one,4,easy,jazz,Music: Curious Mix,Muusika: uudishimulik segu,Somebody's Watching Me — Somebody’s Watching Me arrived on December 27 of which year?,Somebody's Watching Me — Millise aasta 27. detsembril ilmus „Somebody’s Watching Me“?,1983,1983,,,"Rockwell’s single reached listeners on December 27, 1983.",Rockwelli singel jõudis kuulajateni 27. detsembril 1983.,Somebody's Watching Me — Wikipedia permanent revision 1370049601,https://en.wikipedia.org/w/index.php?title=Somebody's_Watching_Me&oldid=1370049601,CC-BY-SA-4.0,2026-08-23,reviewed,true
built-in-music-clue-0075,built-in-music,Music Pack,built-in-music-set-011,board,round-one,5,easy,jazz,Music: Curious Mix,Muusika: uudishimulik segu,Happy Birthday (Stevie Wonder song) — Happy Birthday was issued as a single in what year?,Happy Birthday (Stevie Wonder song) — Mis aastal anti „Happy Birthday“ singlina välja?,1981,1981,,,The song appeared on Hotter than July in 1980 before its 1981 single release.,Laul ilmus 1980. aastal albumil „Hotter than July“ ja 1981. aastal singlina.,Happy Birthday (Stevie Wonder song) — Wikipedia permanent revision 1364311610,https://en.wikipedia.org/w/index.php?title=Happy_Birthday_(Stevie_Wonder_song)&oldid=1364311610,CC-BY-SA-4.0,2026-08-23,reviewed,true
built-in-music-clue-0056,built-in-music,Music Pack,built-in-music-set-012,board,round-one,1,easy,pop,Music: Curious Medley,Muusika: uudishimulik valik,Leo Sayer — This singer had a 1976 hit with You Make Me Feel Like Dancing.,Leo Sayer — Sellel lauljal oli 1976. aastal hitt „You Make Me Feel Like Dancing“.,Leo Sayer,Leo Sayer,,,Leo Sayer released the disco single in 1976.,Leo Sayer avaldas selle diskosingli 1976. aastal.,Leo Sayer — Wikipedia permanent revision 1357411364,https://en.wikipedia.org/w/index.php?title=Leo_Sayer&oldid=1357411364,CC-BY-SA-4.0,2026-08-23,reviewed,true
built-in-music-clue-0062,built-in-music,Music Pack,built-in-music-set-012,board,round-one,2,easy,pop,Music: Curious Medley,Muusika: uudishimulik valik,Sammy Davis Jr. — Name a style associated with Sammy Davis Jr.; any of the eight listed genres counts.,Sammy Davis Jr. — Nimeta üks Sammy Davis juunioriga seotud muusikastiil; sobib ükskõik milline kaheksast loetletud žanrist.,Traditional pop,Traditsiooniline popmuusika,big band;jazz;easy listening;show tunes;swing;blues;rhythm and blues,bigbänd;džäss;ajaviitemuusika;muusikalilaulud;sving;bluus;rütmibluus,"His styles include traditional pop, big band, jazz, easy listening, show tunes, swing, blues, and rhythm and blues.","Tema stiilide hulka kuuluvad traditsiooniline popmuusika, bigbänd, džäss, ajaviitemuusika, muusikalilaulud, sving, bluus ja rütmibluus.",Sammy Davis Jr. — Wikipedia permanent revision 1370172704,https://en.wikipedia.org/w/index.php?title=Sammy_Davis_Jr.&oldid=1370172704,CC-BY-SA-4.0,2026-08-23,reviewed,true
built-in-music-clue-0068,built-in-music,Music Pack,built-in-music-set-012,board,round-one,3,easy,pop,Music: Curious Medley,Muusika: uudishimulik valik,Somebody's Watching Me — Rockwell released Somebody’s Watching Me through this label.,Somebody's Watching Me — Rockwell avaldas loo „Somebody’s Watching Me“ selle plaadifirma kaudu.,Motown,Motown,,,Motown issued the single.,Motown andis singli välja.,Somebody's Watching Me — Wikipedia permanent revision 1370049601,https://en.wikipedia.org/w/index.php?title=Somebody's_Watching_Me&oldid=1370049601,CC-BY-SA-4.0,2026-08-23,reviewed,true
built-in-music-clue-0074,built-in-music,Music Pack,built-in-music-set-012,board,round-one,4,easy,pop,Music: Curious Medley,Muusika: uudishimulik valik,"Happy Birthday (Stevie Wonder song) — Happy Birthday, the Stevie Wonder song, appeared on this label.",Happy Birthday (Stevie Wonder song) — Stevie Wonderi laul „Happy Birthday“ ilmus selle plaadifirma alt.,Motown,Motown,,,Motown released the single after its Hotter than July album appearance.,Motown avaldas singli pärast laulu ilmumist albumil „Hotter than July“.,Happy Birthday (Stevie Wonder song) — Wikipedia permanent revision 1364311610,https://en.wikipedia.org/w/index.php?title=Happy_Birthday_(Stevie_Wonder_song)&oldid=1364311610,CC-BY-SA-4.0,2026-08-23,reviewed,true
built-in-music-clue-0080,built-in-music,Music Pack,built-in-music-set-012,board,round-one,5,easy,pop,Music: Curious Medley,Muusika: uudishimulik valik,Lift Your Spirit — What is the full runtime of Lift Your Spirit?,Lift Your Spirit — Kui pikk on album „Lift Your Spirit“?,42:29,42:29,,,The Aloe Blacc album runs 42 minutes and 29 seconds.,Aloe Blacci album kestab 42 minutit ja 29 sekundit.,Lift Your Spirit — Wikipedia permanent revision 1363816244,https://en.wikipedia.org/w/index.php?title=Lift_Your_Spirit&oldid=1363816244,CC-BY-SA-4.0,2026-08-23,reviewed,true
built-in-music-clue-0061,built-in-music,Music Pack,built-in-music-set-013,board,round-one,1,easy,performers,Music: Curious Tour,Muusika: uudishimulik ringkäik,Sammy Davis Jr. — Name one performing occupation listed for Sammy Davis Jr.,Sammy Davis Jr. — Nimeta üks Sammy Davis juuniori loetletud lavaametitest.,Singer,Laulja,Actor;Comedian;Dancer,Näitleja;Koomik;Tantsija,"Sammy Davis Jr. worked as a singer as well as an actor, comedian, and dancer.","Sammy Davis juunior töötas nii laulja, näitleja, koomiku kui ka tantsijana.",Sammy Davis Jr. — Wikipedia permanent revision 1370172704,https://en.wikipedia.org/w/index.php?title=Sammy_Davis_Jr.&oldid=1370172704,CC-BY-SA-4.0,2026-08-23,reviewed,true
built-in-music-clue-0067,built-in-music,Music Pack,built-in-music-set-013,board,round-one,2,easy,performers,Music: Curious Tour,Muusika: uudishimulik ringkäik,Somebody's Watching Me — Name one genre associated with Somebody's Watching Me.,Somebody's Watching Me — Nimeta üks looga „Somebody’s Watching Me“ seotud žanr.,Synth-funk,Süntfunk,Synth-pop;New wave;R&B,süntpop;uus laine;R&B,"The song’s documented styles include synth-funk, synth-pop, new wave, and R&B.","Loo dokumenteeritud stiilide hulka kuuluvad süntfunk, süntpop, uus laine ja R&B.",Somebody's Watching Me — Wikipedia permanent revision 1370049601,https://en.wikipedia.org/w/index.php?title=Somebody's_Watching_Me&oldid=1370049601,CC-BY-SA-4.0,2026-08-23,reviewed,true
built-in-music-clue-0073,built-in-music,Music Pack,built-in-music-set-013,board,round-one,3,easy,performers,Music: Curious Tour,Muusika: uudishimulik ringkäik,Happy Birthday (Stevie Wonder song) — Happy Birthday was written to support a national holiday honoring this civil-rights leader.,"Happy Birthday (Stevie Wonder song) — Stevie Wonderi „Happy Birthday“ kirjutati, et toetada riigipüha selle kodanikuõiguste eest võitleja auks.",Martin Luther King Jr,Martin Luther King Jr.,,,The song supported the campaign for a holiday honoring Martin Luther King Jr.,Laul toetas Martin Luther King Jr-i austava püha loomise kampaaniat.,Happy Birthday (Stevie Wonder song) — Wikipedia permanent revision 1364311610,https://en.wikipedia.org/w/index.php?title=Happy_Birthday_(Stevie_Wonder_song)&oldid=1364311610,CC-BY-SA-4.0,2026-08-23,reviewed,true
built-in-music-clue-0079,built-in-music,Music Pack,built-in-music-set-013,board,round-one,4,easy,performers,Music: Curious Tour,Muusika: uudishimulik ringkäik,Lift Your Spirit — Lift Your Spirit reached listeners on October 25 of which year?,Lift Your Spirit — Millise aasta 25. oktoobril jõudis „Lift Your Spirit“ kuulajateni?,2013,2013,,,"Aloe Blacc’s album was released on October 25, 2013.",Aloe Blacci album ilmus 25. oktoobril 2013.,Lift Your Spirit — Wikipedia permanent revision 1363816244,https://en.wikipedia.org/w/index.php?title=Lift_Your_Spirit&oldid=1363816244,CC-BY-SA-4.0,2026-08-23,reviewed,true
built-in-music-clue-0430,built-in-music,Music Pack,built-in-music-set-013,board,round-one,5,easy,performers,Music: Curious Tour,Muusika: uudishimulik ringkäik,Brit Awards — This trade organization presents the Brit Awards.,Brit Awards — See kutseorganisatsioon annab välja BRIT Awardse.,British Phonographic Industry,British Phonographic Industry,,,The British Phonographic Industry organizes the awards.,Auhindu korraldab British Phonographic Industry.,Brit Awards — Wikipedia permanent revision 1369493374,https://en.wikipedia.org/w/index.php?title=Brit_Awards&oldid=1369493374,CC-BY-SA-4.0,2026-08-23,reviewed,true
built-in-music-clue-0066,built-in-music,Music Pack,built-in-music-set-014,board,round-one,1,easy,pop,Music: Curious Grab Bag,Muusika: uudishimulik üllatuskott,Somebody's Watching Me — This singer supplied prominent backing vocals on Rockwell’s Somebody’s Watching Me.,Somebody's Watching Me — See laulja laulis silmapaistvaid taustavokaale Rockwelli loos „Somebody’s Watching Me“.,Michael Jackson,Michael Jackson,,,Michael Jackson sang backing parts on the Rockwell recording.,Michael Jackson laulis Rockwelli salvestisel taustapartiisid.,Somebody's Watching Me — Wikipedia permanent revision 1370049601,https://en.wikipedia.org/w/index.php?title=Somebody's_Watching_Me&oldid=1370049601,CC-BY-SA-4.0,2026-08-23,reviewed,true
built-in-music-clue-0072,built-in-music,Music Pack,built-in-music-set-014,board,round-one,2,easy,pop,Music: Curious Grab Bag,Muusika: uudishimulik üllatuskott,"Happy Birthday (Stevie Wonder song) — Beyond his musical work, which civic role describes Stevie Wonder?",Happy Birthday (Stevie Wonder song) — Milline ühiskondlik roll kirjeldab Stevie Wonderit lisaks tema muusikatööle?,Social activist,Ühiskondlik aktivist,,,His public work is described as social activism alongside songwriting and performance.,Tema avalikku tegevust kirjeldatakse laulukirjutamise ja esinemise kõrval ühiskondliku aktivismina.,Happy Birthday (Stevie Wonder song) — Wikipedia permanent revision 1364311610,https://en.wikipedia.org/w/index.php?title=Happy_Birthday_(Stevie_Wonder_song)&oldid=1364311610,CC-BY-SA-4.0,2026-08-23,reviewed,true
built-in-music-clue-0078,built-in-music,Music Pack,built-in-music-set-014,board,round-one,3,easy,pop,Music: Curious Grab Bag,Muusika: uudishimulik üllatuskott,Lift Your Spirit — Aloe Blacc released Lift Your Spirit through this label.,Lift Your Spirit — Aloe Blacc avaldas albumi „Lift Your Spirit“ selle plaadifirma kaudu.,Interscope,Interscope,,,Interscope issued the album.,Interscope andis albumi välja.,Lift Your Spirit — Wikipedia permanent revision 1363816244,https://en.wikipedia.org/w/index.php?title=Lift_Your_Spirit&oldid=1363816244,CC-BY-SA-4.0,2026-08-23,reviewed,true
built-in-music-clue-0429,built-in-music,Music Pack,built-in-music-set-014,board,round-one,4,easy,pop,Music: Curious Grab Bag,Muusika: uudishimulik üllatuskott,Brit Awards — This band won the first edition of the Brit Awards in 1977.,Brit Awards — See ansambel võitis 1977. aastal esimesel BRIT Awardsi tseremoonial auhinna.,The Beatles,The Beatles,,,The Beatles received the inaugural British group award.,The Beatles sai esimese Briti parima ansambli auhinna.,Brit Awards — Wikipedia permanent revision 1369493374,https://en.wikipedia.org/w/index.php?title=Brit_Awards&oldid=1369493374,CC-BY-SA-4.0,2026-08-23,reviewed,true
built-in-music-clue-0005,built-in-music,Music Pack,built-in-music-set-014,board,round-one,5,easy,pop,Music: Curious Grab Bag,Muusika: uudishimulik üllatuskott,The Magic Flute — This theatre impresario wrote The Magic Flute’s libretto.,The Magic Flute — See teatriimpresario kirjutas „Võluflöödi“ libreto.,Emanuel Schikaneder,Emanuel Schikaneder,,,Emanuel Schikaneder supplied the German text.,Emanuel Schikaneder kirjutas saksakeelse teksti.,The Magic Flute — Wikipedia permanent revision 1369027653,https://en.wikipedia.org/w/index.php?title=The_Magic_Flute&oldid=1369027653,CC-BY-SA-4.0,2026-08-23,reviewed,true
built-in-music-clue-0071,built-in-music,Music Pack,built-in-music-set-015,board,round-one,1,easy,composers,Music: Curious Roundup,Muusika: uudishimulik ülevaade,"Happy Birthday (Stevie Wonder song) — Who wrote, produced, and performed Happy Birthday?","Happy Birthday (Stevie Wonder song) — Kes kirjutas, produtseeris ja esitas loo „Happy Birthday“?",Stevie Wonder,Stevie Wonder,,,Stevie Wonder filled all three credited roles on the song.,Stevie Wonder täitis selle loo juures kõik kolm nimetatud rolli.,Happy Birthday (Stevie Wonder song) — Wikipedia permanent revision 1364311610,https://en.wikipedia.org/w/index.php?title=Happy_Birthday_(Stevie_Wonder_song)&oldid=1364311610,CC-BY-SA-4.0,2026-08-23,reviewed,true
built-in-music-clue-0077,built-in-music,Music Pack,built-in-music-set-015,board,round-one,2,easy,composers,Music: Curious Roundup,Muusika: uudishimulik ülevaade,Lift Your Spirit — What genre is associated with Lift Your Spirit?,Lift Your Spirit — Millist žanri seostatakse albumiga „Lift Your Spirit“?,Pop,Pop,R&B;soul,R&B;soul,"Lift Your Spirit is described as pop, R&B, and soul.","Albumit „Lift Your Spirit“ kirjeldatakse pop-, R&B- ja soulmuusikana.",Lift Your Spirit — Wikipedia permanent revision 1363816244,https://en.wikipedia.org/w/index.php?title=Lift_Your_Spirit&oldid=1363816244,CC-BY-SA-4.0,2026-08-23,reviewed,true
built-in-music-clue-0428,built-in-music,Music Pack,built-in-music-set-015,board,round-one,3,easy,composers,Music: Curious Roundup,Muusika: uudishimulik ülevaade,Brit Awards — The first Brit Awards ceremony took place in this year.,Brit Awards — Mis aastal toimus esimene BRIT Awardsi tseremoonia?,1977,1977,,,The inaugural ceremony was held in 1977.,Esimene tseremoonia toimus 1977. aastal.,Brit Awards — Wikipedia permanent revision 1369493374,https://en.wikipedia.org/w/index.php?title=Brit_Awards&oldid=1369493374,CC-BY-SA-4.0,2026-08-23,reviewed,true
built-in-music-clue-0004,built-in-music,Music Pack,built-in-music-set-015,board,round-one,4,easy,composers,Music: Curious Roundup,Muusika: uudishimulik ülevaade,The Magic Flute — The Magic Flute premiered in this year.,The Magic Flute — „Võluflööt“ esietendus sel aastal.,1791,1791,,,The first performance took place in September 1791.,Esimene etendus toimus 1791. aasta septembris.,The Magic Flute — Wikipedia permanent revision 1369027653,https://en.wikipedia.org/w/index.php?title=The_Magic_Flute&oldid=1369027653,CC-BY-SA-4.0,2026-08-23,reviewed,true
built-in-music-clue-0010,built-in-music,Music Pack,built-in-music-set-015,board,round-one,5,easy,composers,Music: Curious Roundup,Muusika: uudishimulik ülevaade,Ludwig van Beethoven — Beethoven was born in this year.,Ludwig van Beethoven — Beethoven sündis sel aastal.,1770,1770,,,His recorded birth year is 1770.,Tema sünniaastaks on dokumenteeritud 1770.,Ludwig van Beethoven — Wikipedia permanent revision 1370417156,https://en.wikipedia.org/w/index.php?title=Ludwig_van_Beethoven&oldid=1370417156,CC-BY-SA-4.0,2026-08-23,reviewed,true
built-in-music-clue-0076,built-in-music,Music Pack,built-in-music-set-016,board,round-one,1,easy,albums,Music: Curious Sampler,Muusika: uudishimulik proovivalik,Lift Your Spirit — Lift Your Spirit is a studio album by this singer.,Lift Your Spirit — „Lift Your Spirit“ on selle laulja stuudioalbum.,Aloe Blacc,Aloe Blacc,,,Aloe Blacc is the artist behind this studio album.,Selle stuudioalbumi esitaja on Aloe Blacc.,Lift Your Spirit — Wikipedia permanent revision 1363816244,https://en.wikipedia.org/w/index.php?title=Lift_Your_Spirit&oldid=1363816244,CC-BY-SA-4.0,2026-08-23,reviewed,true
built-in-music-clue-0427,built-in-music,Music Pack,built-in-music-set-016,board,round-one,2,easy,albums,Music: Curious Sampler,Muusika: uudishimulik proovivalik,Brit Awards — The Brit Awards follow this frequency.,Brit Awards — BRIT Awardsi gala toimub sellise sagedusega.,Annual,Iga-aastane,,,The ceremony is held once each year.,Tseremoonia toimub kord aastas.,Brit Awards — Wikipedia permanent revision 1369493374,https://en.wikipedia.org/w/index.php?title=Brit_Awards&oldid=1369493374,CC-BY-SA-4.0,2026-08-23,reviewed,true
built-in-music-clue-0003,built-in-music,Music Pack,built-in-music-set-016,board,round-one,3,easy,albums,Music: Curious Sampler,Muusika: uudishimulik proovivalik,The Magic Flute — The Magic Flute was written in this language.,The Magic Flute — Ooper „Võluflööt“ kirjutati selles keeles.,German,Saksa keel,,,The opera uses a German libretto.,Ooper kasutab saksakeelset libretot.,The Magic Flute — Wikipedia permanent revision 1369027653,https://en.wikipedia.org/w/index.php?title=The_Magic_Flute&oldid=1369027653,CC-BY-SA-4.0,2026-08-23,reviewed,true
built-in-music-clue-0009,built-in-music,Music Pack,built-in-music-set-016,board,round-one,4,easy,albums,Music: Curious Sampler,Muusika: uudishimulik proovivalik,Ludwig van Beethoven — This composer taught Beethoven after his move to Vienna.,Ludwig van Beethoven — See helilooja õpetas Beethovenit pärast tema kolimist Viini.,Joseph Haydn,Joseph Haydn,,,Beethoven studied composition with Joseph Haydn.,Beethoven õppis Joseph Haydni juures kompositsiooni.,Ludwig van Beethoven — Wikipedia permanent revision 1370417156,https://en.wikipedia.org/w/index.php?title=Ludwig_van_Beethoven&oldid=1370417156,CC-BY-SA-4.0,2026-08-23,reviewed,true
built-in-music-clue-0015,built-in-music,Music Pack,built-in-music-set-016,board,round-one,5,easy,albums,Music: Curious Sampler,Muusika: uudishimulik proovivalik,Peter and the Wolf — Peter and the Wolf carries this opus number.,Peter and the Wolf — Teos „Petja ja hunt“ kannab seda oopusenumbrit.,Opus 67,Oopus 67,,,The score is catalogued as Opus 67.,Partituur on kataloogitud oopuse 67 all.,Peter and the Wolf — Wikipedia permanent revision 1368907954,https://en.wikipedia.org/w/index.php?title=Peter_and_the_Wolf&oldid=1368907954,CC-BY-SA-4.0,2026-08-23,reviewed,true
built-in-music-clue-0426,built-in-music,Music Pack,built-in-music-set-086,board,round-one,1,easy,music-theory-history,Music: Playful Sampler,Muusika: mänguline proovivalik,"Brit Awards — Rather than classical music, the main BRIT Awards recognize this broad field.",Brit Awards — Klassikalise muusika asemel tunnustatakse peamistel BRIT Awardsi auhindadel seda laia valdkonda.,Popular music,Levimuusika,,,The BRIT Awards recognize achievements in popular music.,BRIT Awards tunnustavad saavutusi levimuusikas.,Brit Awards — Wikipedia permanent revision 1369493374,https://en.wikipedia.org/w/index.php?title=Brit_Awards&oldid=1369493374,CC-BY-SA-4.0,2026-08-23,reviewed,true
built-in-music-clue-0002,built-in-music,Music Pack,built-in-music-set-086,board,round-one,2,easy,music-theory-history,Music: Playful Sampler,Muusika: mänguline proovivalik,The Magic Flute — This composer wrote The Magic Flute.,The Magic Flute — See helilooja kirjutas ooperi „Võluflööt“.,Wolfgang Amadeus Mozart,Wolfgang Amadeus Mozart,,,Mozart composed the two-act opera.,Mozart komponeeris selle kahevaatuselise ooperi.,The Magic Flute — Wikipedia permanent revision 1369027653,https://en.wikipedia.org/w/index.php?title=The_Magic_Flute&oldid=1369027653,CC-BY-SA-4.0,2026-08-23,reviewed,true
built-in-music-clue-0008,built-in-music,Music Pack,built-in-music-set-086,board,round-one,3,easy,music-theory-history,Music: Playful Sampler,Muusika: mänguline proovivalik,Ludwig van Beethoven — Beethoven was born in this city.,Ludwig van Beethoven — Beethoven sündis selles linnas.,Bonn,Bonn,,,Bonn was Beethoven’s birthplace.,Bonn oli Beethoveni sünnilinn.,Ludwig van Beethoven — Wikipedia permanent revision 1370417156,https://en.wikipedia.org/w/index.php?title=Ludwig_van_Beethoven&oldid=1370417156,CC-BY-SA-4.0,2026-08-23,reviewed,true
built-in-music-clue-0014,built-in-music,Music Pack,built-in-music-set-086,board,round-one,4,easy,music-theory-history,Music: Playful Sampler,Muusika: mänguline proovivalik,Peter and the Wolf — Peter and the Wolf is described by this musical-story form.,Peter and the Wolf — Millise muusikalise jutustuse vormina teost „Petja ja hunt“ kirjeldatakse?,Symphonic tale for children,Sümfooniline muinasjutt lastele,,,The work combines narration and orchestra in a symphonic tale for children.,Teoses põimuvad jutustus ja orkestrimuusika lastele mõeldud sümfooniliseks muinasjutuks.,Peter and the Wolf — Wikipedia permanent revision 1368907954,https://en.wikipedia.org/w/index.php?title=Peter_and_the_Wolf&oldid=1368907954,CC-BY-SA-4.0,2026-08-23,reviewed,true
built-in-music-clue-0020,built-in-music,Music Pack,built-in-music-set-086,board,round-one,5,easy,music-theory-history,Music: Playful Sampler,Muusika: mänguline proovivalik,Piccolo — Modern piccolos are mainly manufactured in these two keys.,Piccolo — Tänapäeva pikolosid valmistatakse peamiselt neis kahes häälestuses.,C and D,C ja D,,,Modern piccolos are commonly built in C or D.,Tänapäeva pikolod ehitatakse tavaliselt C- või D-häälestuses.,Piccolo — Wikipedia permanent revision 1356748210,https://en.wikipedia.org/w/index.php?title=Piccolo&oldid=1356748210,CC-BY-SA-4.0,2026-08-23,reviewed,true
built-in-music-clue-0046,built-in-music,Music Pack,built-in-music-set-010,board,round-two,1,hard,music-theory-history,Music: Quick Odds & Ends,Muusika: kiire üht-teist,G-sharp minor — The key signature of G-sharp minor contains this many sharps.,G-sharp minor — Gis-molli võtmemärgis on nii mitu dieesi.,5,5,,,G-sharp minor uses five sharps in its key signature.,Gis-molli võtmemärgis on viis dieesi.,G-sharp minor — Wikipedia permanent revision 1360824481,https://en.wikipedia.org/w/index.php?title=G-sharp_minor&oldid=1360824481,CC-BY-SA-4.0,2026-08-23,reviewed,true
built-in-music-clue-0422,built-in-music,Music Pack,built-in-music-set-010,board,round-two,2,hard,music-theory-history,Music: Quick Odds & Ends,Muusika: kiire üht-teist,The Crickets — Name one genre associated with The Crickets.,The Crickets — Nimeta üks The Cricketsiga seotud žanr.,Rock and roll,Rock’n’roll,rockabilly;surf rock;garage rock;rhythm and blues,rockabilly;surfirokk;garaažirokk;rütmibluus,"The Crickets played rock and roll, rockabilly, surf rock, garage rock, and rhythm and blues.","The Crickets mängis rock’n’roll’i, rockabilly’t, surfirokki, garaažirokki ja rütmibluusi.",The Crickets — Wikipedia permanent revision 1367842561,https://en.wikipedia.org/w/index.php?title=The_Crickets&oldid=1367842561,CC-BY-SA-4.0,2026-08-23,reviewed,true
built-in-music-clue-0433,built-in-music,Music Pack,built-in-music-set-010,board,round-two,3,hard,music-theory-history,Music: Quick Odds & Ends,Muusika: kiire üht-teist,The Day the Music Died — The plane crash called the Day the Music Died occurred in this decade.,"The Day the Music Died — „Päev, mil muusika suri“ nime saanud lennuõnnetus toimus sel kümnendil.",1950s,1950. aastad,50s;'50s,50ndad;’50ndad,The crash occurred late in the 1950s.,Õnnetus toimus 1950. aastate lõpus.,The Day the Music Died — Wikipedia permanent revision 1370257327,https://en.wikipedia.org/w/index.php?title=The_Day_the_Music_Died&oldid=1370257327,CC-BY-SA-4.0,2026-08-23,reviewed,true
built-in-music-clue-0439,built-in-music,Music Pack,built-in-music-set-010,board,round-two,4,hard,music-theory-history,Music: Quick Odds & Ends,Muusika: kiire üht-teist,"List of best-selling music artists — Which American artist in the table was active from 1953 to 1977 and spans rock, pop, country, and gospel?","List of best-selling music artists — Milline tabeli Ameerika artist tegutses aastatel 1953–1977 ning viljeles rokki, poppi, kantrit ja gospelit?",Elvis Presley,Elvis Presley,,,"The four-genre entry and active period identify Elvis Presley, whose row claims 500 million sales.","Neli žanri ja tegevusperiood osutavad Elvis Presleyle, kelle rea järgi on väidetav müük 500 miljonit.",List of best-selling music artists — Wikipedia permanent revision 1370523172,https://en.wikipedia.org/w/index.php?title=List_of_best-selling_music_artists&oldid=1370523172,CC-BY-SA-4.0,2026-08-23,reviewed,true
built-in-music-clue-0445,built-in-music,Music Pack,built-in-music-set-010,board,round-two,5,hard,music-theory-history,Music: Quick Odds & Ends,Muusika: kiire üht-teist,List of best-selling albums — The sales table places this Meat Loaf album above 40 million claimed copies.,List of best-selling albums — Müügitabelis ületab selle Meat Loafi albumi väidetav müük 40 miljonit eksemplari.,Bat Out of Hell,Bat Out of Hell,,,Bat Out of Hell appears in the table’s 40–49 million claimed-sales range.,„Bat Out of Hell“ asub tabelis väidetava müügi vahemikus 40–49 miljonit.,List of best-selling albums — Wikipedia permanent revision 1368117048,https://en.wikipedia.org/w/index.php?title=List_of_best-selling_albums&oldid=1368117048,CC-BY-SA-4.0,2026-08-23,reviewed,true
built-in-music-clue-0421,built-in-music,Music Pack,built-in-music-set-085,board,round-two,1,hard,music-theory-history,Music: Playful Roundup,Muusika: mänguline ülevaade,The Crickets — This group became the first white act to play Harlem’s Apollo Theater.,The Crickets — See ansambel oli esimene valgetest muusikutest koosnev esineja Harlemi Apollo Theateris.,Buddy Holly and The Crickets,Buddy Holly and The Crickets,,,Buddy Holly performed with the Crickets under this billing.,Buddy Holly esines koos The Cricketsiga selle nime all.,The Crickets — Wikipedia permanent revision 1367842561,https://en.wikipedia.org/w/index.php?title=The_Crickets&oldid=1367842561,CC-BY-SA-4.0,2026-08-23,reviewed,true
built-in-music-clue-0432,built-in-music,Music Pack,built-in-music-set-085,board,round-two,2,hard,music-theory-history,Music: Playful Roundup,Muusika: mänguline ülevaade,The Day the Music Died — This La Bamba singer died in the same crash.,The Day the Music Died — See laulu „La Bamba“ esitaja hukkus samas õnnetuses.,Ritchie Valens,Ritchie Valens,,,Ritchie Valens was among the performers killed.,Ritchie Valens oli üks hukkunud esinejatest.,The Day the Music Died — Wikipedia permanent revision 1370257327,https://en.wikipedia.org/w/index.php?title=The_Day_the_Music_Died&oldid=1370257327,CC-BY-SA-4.0,2026-08-23,reviewed,true
built-in-music-clue-0438,built-in-music,Music Pack,built-in-music-set-085,board,round-two,3,hard,music-theory-history,Music: Playful Roundup,Muusika: mänguline ülevaade,List of best-selling music artists — Which American R&B/pop artist in the table first charted in 1971 and has 308.2 million certified units?,"List of best-selling music artists — Milline tabeli Ameerika R&B- ja popartist jõudis esimest korda edetabelisse 1971. aastal ning on müünud 308,2 miljonit sertifitseeritud ühikut?",Michael Jackson,Michael Jackson,,,The table assigns those details and 500- and 400-million claimed-sales figures to Michael Jackson.,Tabel seostab need andmed ning 500 ja 400 miljoni suurused väidetava müügi näitajad Michael Jacksoniga.,List of best-selling music artists — Wikipedia permanent revision 1370523172,https://en.wikipedia.org/w/index.php?title=List_of_best-selling_music_artists&oldid=1370523172,CC-BY-SA-4.0,2026-08-23,reviewed,true
built-in-music-clue-0444,built-in-music,Music Pack,built-in-music-set-085,board,round-two,4,hard,music-theory-history,Music: Playful Roundup,Muusika: mänguline ülevaade,List of best-selling albums — The table catalogues this Whitney Houston-led soundtrack as a 1992 Arista release.,List of best-selling albums — Tabelis on see Whitney Houstoni juhitud heliriba märgitud Arista 1992. aasta väljaandeks.,The Bodyguard,The Bodyguard,,,The Bodyguard is the soundtrack entry released by Arista in 1992.,"„The Bodyguard“ on heliriba, mille Arista andis välja 1992. aastal.",List of best-selling albums — Wikipedia permanent revision 1368117048,https://en.wikipedia.org/w/index.php?title=List_of_best-selling_albums&oldid=1368117048,CC-BY-SA-4.0,2026-08-23,reviewed,true
built-in-music-clue-0450,built-in-music,Music Pack,built-in-music-set-085,board,round-two,5,hard,music-theory-history,Music: Playful Roundup,Muusika: mänguline ülevaade,Pink Floyd — This guitarist joined Pink Floyd at the end of 1967.,Pink Floyd — See kitarrist liitus Pink Floydiga 1967. aasta lõpus.,David Gilmour,David Gilmour,,,David Gilmour entered the lineup near the end of 1967.,David Gilmour liitus koosseisuga 1967. aasta lõpu paiku.,Pink Floyd — Wikipedia permanent revision 1370261664,https://en.wikipedia.org/w/index.php?title=Pink_Floyd&oldid=1370261664,CC-BY-SA-4.0,2026-08-23,reviewed,true
built-in-music-clue-0431,built-in-music,Music Pack,built-in-music-set-087,board,round-two,1,hard,music-theory-history,Music: Playful Potpourri,Muusika: mänguline popurrii,The Day the Music Died — This Peggy Sue singer was one of the three headliners killed in the Day the Music Died crash.,"The Day the Music Died — See laulu „Peggy Sue“ esitaja oli üks kolmest peaesinejast, kes hukkus „Päev, mil muusika suri“ nime saanud lennuõnnetuses.",Buddy Holly,Buddy Holly,,,Buddy Holly died in the accident.,Buddy Holly hukkus õnnetuses.,The Day the Music Died — Wikipedia permanent revision 1370257327,https://en.wikipedia.org/w/index.php?title=The_Day_the_Music_Died&oldid=1370257327,CC-BY-SA-4.0,2026-08-23,reviewed,true
built-in-music-clue-0437,built-in-music,Music Pack,built-in-music-set-087,board,round-two,2,hard,music-theory-history,Music: Playful Potpourri,Muusika: mänguline popurrii,"List of best-selling music artists — Which UK rock/pop band in the table began in 1971, first charted in 1973, and has 201.1 million certified units?","List of best-selling music artists — Milline tabeli Ühendkuningriigi roki- ja popansambel alustas 1971. aastal, jõudis esimest korda edetabelisse 1973. aastal ning on müünud 201,1 miljonit sertifitseeritud ühikut?",Queen,Queen,,,"Those dates, genres, and certified units identify Queen in the worldwide-sales table.","Need kuupäevad, žanrid ja sertifitseeritud ühikute arv osutavad üleilmse müügi tabelis Queenile.",List of best-selling music artists — Wikipedia permanent revision 1370523172,https://en.wikipedia.org/w/index.php?title=List_of_best-selling_music_artists&oldid=1370523172,CC-BY-SA-4.0,2026-08-23,reviewed,true
built-in-music-clue-0443,built-in-music,Music Pack,built-in-music-set-087,board,round-two,3,hard,music-theory-history,Music: Playful Potpourri,Muusika: mänguline popurrii,List of best-selling albums — The cited worldwide album-sales table includes this 1973 Pink Floyd record.,List of best-selling albums — Viidatud üleilmses albumimüügi tabelis on see Pink Floydi 1973. aasta plaat.,The Dark Side of the Moon,The Dark Side of the Moon,,,The worldwide sales table includes The Dark Side of the Moon in its claimed-sales ranges.,Üleilmses müügitabelis on „The Dark Side of the Moon“ paigutatud ühte väidetava müügi vahemikku.,List of best-selling albums — Wikipedia permanent revision 1368117048,https://en.wikipedia.org/w/index.php?title=List_of_best-selling_albums&oldid=1368117048,CC-BY-SA-4.0,2026-08-23,reviewed,true
built-in-music-clue-0449,built-in-music,Music Pack,built-in-music-set-087,board,round-two,4,hard,music-theory-history,Music: Playful Potpourri,Muusika: mänguline popurrii,Pink Floyd — Pink Floyd later became a leader of this rock style.,Pink Floyd — Pink Floydist sai hiljem selle rokistiili juhtansambel.,Progressive rock,Progressiivne rokk,,,Its extended compositions and sonic experiments helped establish its progressive-rock standing.,Pikad heliteosed ja helikatsetused aitasid kinnistada ansambli positsiooni progressiivses rokis.,Pink Floyd — Wikipedia permanent revision 1370261664,https://en.wikipedia.org/w/index.php?title=Pink_Floyd&oldid=1370261664,CC-BY-SA-4.0,2026-08-23,reviewed,true
built-in-music-clue-0455,built-in-music,Music Pack,built-in-music-set-087,board,round-two,5,hard,music-theory-history,Music: Playful Potpourri,Muusika: mänguline popurrii,I Dont Know How but They Found Me — This drummer formed the original duo with Dallon Weekes.,I Dont Know How but They Found Me — See trummar moodustas koos Dallon Weekesiga algse duo.,Ryan Seaman,Ryan Seaman,,,The project began as a duo of Weekes and Ryan Seaman.,Projekt sai alguse Weekesi ja Ryan Seamani duona.,I Dont Know How but They Found Me — Wikipedia permanent revision 1368690189,https://en.wikipedia.org/w/index.php?title=I_Dont_Know_How_but_They_Found_Me&oldid=1368690189,CC-BY-SA-4.0,2026-08-23,reviewed,true
built-in-music-clue-0436,built-in-music,Music Pack,built-in-music-set-088,board,round-two,1,hard,music-theory-history,Music: Playful Challenge,Muusika: mänguline väljakutse,List of best-selling music artists — This group appears first in the cited table of artists with more than 250 million claimed sales.,"List of best-selling music artists — See ansambel on esimesel kohal viidatud tabelis, kuhu kuuluvad üle 250 miljoni väidetava müügiga artistid.",The Beatles,The Beatles,,,"At the cited permanent revision, the Beatles head the over-250-million claimed-sales table.",Viidatud püsiversioonis juhib The Beatles üle 250 miljoni väidetava müügiga artistide tabelit.,List of best-selling music artists — Wikipedia permanent revision 1370523172,https://en.wikipedia.org/w/index.php?title=List_of_best-selling_music_artists&oldid=1370523172,CC-BY-SA-4.0,2026-08-23,reviewed,true
built-in-music-clue-0442,built-in-music,Music Pack,built-in-music-set-088,board,round-two,2,hard,music-theory-history,Music: Playful Challenge,Muusika: mänguline väljakutse,List of best-selling albums — This AC/DC release appears among the world’s best-selling albums.,List of best-selling albums — See AC/DC väljaanne kuulub maailma enimmüüdud albumite hulka.,Back in Black,Back in Black,,,Back in Black occupies a leading place on the sales list.,„Back in Black“ on müüginimekirjas ühel juhtkohal.,List of best-selling albums — Wikipedia permanent revision 1368117048,https://en.wikipedia.org/w/index.php?title=List_of_best-selling_albums&oldid=1368117048,CC-BY-SA-4.0,2026-08-23,reviewed,true
built-in-music-clue-0448,built-in-music,Music Pack,built-in-music-set-088,board,round-two,3,hard,music-theory-history,Music: Playful Challenge,Muusika: mänguline väljakutse,Pink Floyd — Pink Floyd gained an underground following as one of the first British groups in this style.,"Pink Floyd — Pink Floyd oli üks esimesi Briti ansambleid, kes kogus selles stiilis endale põrandaaluse järgijaskonna.",Psychedelic,Psühhedeelne muusika,,,Pink Floyd’s early reputation grew among British psychedelic groups.,Pink Floydi varajane maine kasvas Briti psühhedeelsete ansamblite seas.,Pink Floyd — Wikipedia permanent revision 1370261664,https://en.wikipedia.org/w/index.php?title=Pink_Floyd&oldid=1370261664,CC-BY-SA-4.0,2026-08-23,reviewed,true
built-in-music-clue-0454,built-in-music,Music Pack,built-in-music-set-088,board,round-two,4,hard,music-theory-history,Music: Playful Challenge,Muusika: mänguline väljakutse,I Dont Know How but They Found Me — Name one record label associated with I Dont Know How but They Found Me.,I Dont Know How but They Found Me — Nimeta üks projektiga I Dont Know How but They Found Me seotud plaadifirma.,Concord,Concord,Fearless;None You Jerk,Fearless;None You Jerk,"The documented labels are Concord, Fearless, and None You Jerk.","Dokumenteeritud plaadifirmad on Concord, Fearless ja None You Jerk.",I Dont Know How but They Found Me — Wikipedia permanent revision 1368690189,https://en.wikipedia.org/w/index.php?title=I_Dont_Know_How_but_They_Found_Me&oldid=1368690189,CC-BY-SA-4.0,2026-08-23,reviewed,true
built-in-music-clue-0460,built-in-music,Music Pack,built-in-music-set-088,board,round-two,5,hard,music-theory-history,Music: Playful Challenge,Muusika: mänguline väljakutse,Scott Raynor — What was the title of Blink-182’s first demo recorded with Scott Raynor?,Scott Raynor — Mis oli Scott Raynoriga salvestatud Blink-182 esimese demo pealkiri?,Buddha,Buddha,,,The group recorded the 1994 demo Buddha with Raynor.,Ansambel salvestas 1994. aastal koos Raynoriga demo „Buddha“.,Scott Raynor — Wikipedia permanent revision 1369429221,https://en.wikipedia.org/w/index.php?title=Scott_Raynor&oldid=1369429221,CC-BY-SA-4.0,2026-08-23,reviewed,true
built-in-music-clue-0441,built-in-music,Music Pack,built-in-music-set-089,board,round-two,1,hard,music-theory-history,Music: Playful Quiz,Muusika: mänguline viktoriin,25 (Adele album) — Adele's worldwide best-selling album of 2015 had this numerical title.,25 (Adele album) — Adele’i 2015. aasta üleilmselt enimmüüdud album kandis seda numbrilist pealkirja.,25,25,"Adele, 25","Adele, 25","25 was the world’s best-selling album of 2015, selling 17.4 million copies during that year.","„25“ oli 2015. aasta maailma enimmüüdud album ja seda müüdi tol aastal 17,4 miljonit eksemplari.",25 (Adele album) — Wikipedia permanent revision 1370579023,https://en.wikipedia.org/w/index.php?title=25_(Adele_album)&oldid=1370579023,CC-BY-SA-4.0,2026-08-23,reviewed,true
built-in-music-clue-0447,built-in-music,Music Pack,built-in-music-set-089,board,round-two,2,hard,music-theory-history,Music: Playful Quiz,Muusika: mänguline viktoriin,Pink Floyd — This nationality describes Pink Floyd.,Pink Floyd — Mis rahvusest ansamblina kirjeldatakse Pink Floydi?,English,Inglise,,,The cited lead identifies the London-formed group as English.,Viidatud sissejuhatus nimetab Londonis loodud ansamblit inglise ansambliks.,Pink Floyd — Wikipedia permanent revision 1370261664,https://en.wikipedia.org/w/index.php?title=Pink_Floyd&oldid=1370261664,CC-BY-SA-4.0,2026-08-23,reviewed,true
built-in-music-clue-0453,built-in-music,Music Pack,built-in-music-set-089,board,round-two,3,hard,music-theory-history,Music: Playful Quiz,Muusika: mänguline viktoriin,I Dont Know How but They Found Me — This Utah city is the musical home of I Dont Know How but They Found Me.,I Dont Know How but They Found Me — See Utah’ linn on I Dont Know How but They Found Me muusikaline kodu.,Salt Lake City,Salt Lake City,,,The band formed in Salt Lake City.,Ansambel loodi Salt Lake Citys.,I Dont Know How but They Found Me — Wikipedia permanent revision 1368690189,https://en.wikipedia.org/w/index.php?title=I_Dont_Know_How_but_They_Found_Me&oldid=1368690189,CC-BY-SA-4.0,2026-08-23,reviewed,true
built-in-music-clue-0459,built-in-music,Music Pack,built-in-music-set-089,board,round-two,4,hard,music-theory-history,Music: Playful Quiz,Muusika: mänguline viktoriin,Scott Raynor — Which gold-certified Blink-182 album did Scott Raynor record before leaving the group?,Scott Raynor — Millise kuldplaadi staatuse saanud Blink-182 albumi salvestas Scott Raynor enne ansamblist lahkumist?,Dude Ranch,Dude Ranch,,,Raynor played on the gold-certified 1997 album Dude Ranch.,Raynor mängis 1997. aasta kuldplaadi staatuse saanud albumil „Dude Ranch“.,Scott Raynor — Wikipedia permanent revision 1369429221,https://en.wikipedia.org/w/index.php?title=Scott_Raynor&oldid=1369429221,CC-BY-SA-4.0,2026-08-23,reviewed,true
built-in-music-clue-0465,built-in-music,Music Pack,built-in-music-set-089,board,round-two,5,hard,music-theory-history,Music: Playful Quiz,Muusika: mänguline viktoriin,Shawn Crahan — Which 2016 action thriller did Shawn Crahan direct?,Shawn Crahan — Millise 2016. aasta märulipõneviku lavastas Shawn Crahan?,Officer Downe,Officer Downe,,,Crahan directed the 2016 film Officer Downe.,Crahan lavastas 2016. aasta filmi „Officer Downe“.,Shawn Crahan — Wikipedia permanent revision 1370478400,https://en.wikipedia.org/w/index.php?title=Shawn_Crahan&oldid=1370478400,CC-BY-SA-4.0,2026-08-23,reviewed,true
built-in-music-clue-0446,built-in-music,Music Pack,built-in-music-set-090,board,round-two,1,hard,music-theory-history,Music: Playful Odds & Ends,Muusika: mänguline üht-teist,"Pink Floyd — Syd Barrett, Roger Waters, Richard Wright, and Nick Mason formed this band in 1965.","Pink Floyd — Syd Barrett, Roger Waters, Richard Wright ja Nick Mason moodustasid 1965. aastal selle ansambli.",Pink Floyd,Pink Floyd,,,Those four musicians formed Pink Floyd in 1965.,Need neli muusikut moodustasid Pink Floydi 1965. aastal.,Pink Floyd — Wikipedia permanent revision 1370261664,https://en.wikipedia.org/w/index.php?title=Pink_Floyd&oldid=1370261664,CC-BY-SA-4.0,2026-08-23,reviewed,true
built-in-music-clue-0452,built-in-music,Music Pack,built-in-music-set-090,board,round-two,2,hard,music-theory-history,Music: Playful Odds & Ends,Muusika: mänguline üht-teist,I Dont Know How but They Found Me — Name any documented genre for I Dont Know How but They Found Me; all five listed styles count.,I Dont Know How but They Found Me — Nimeta üks I Dont Know How but They Found Me dokumenteeritud žanr; kõik viis loetletud stiili sobivad.,Indie pop,Indipopp,New wave;Pop rock;Electronic rock;Alternative rock,uus laine;poprokk;elektrooniline rokk;alternatiivrokk,"The documented styles are indie pop, new wave, pop rock, electronic rock, and alternative rock.","Dokumenteeritud stiilid on indipopp, uus laine, poprokk, elektrooniline rokk ja alternatiivrokk.",I Dont Know How but They Found Me — Wikipedia permanent revision 1368690189,https://en.wikipedia.org/w/index.php?title=I_Dont_Know_How_but_They_Found_Me&oldid=1368690189,CC-BY-SA-4.0,2026-08-23,reviewed,true
built-in-music-clue-0458,built-in-music,Music Pack,built-in-music-set-090,board,round-two,3,hard,music-theory-history,Music: Playful Odds & Ends,Muusika: mänguline üht-teist,Scott Raynor — For how many years did Scott Raynor play with Blink-182?,Scott Raynor — Mitu aastat mängis Scott Raynor Blink-182-ga?,Six years,Kuus aastat,,,Raynor’s tenure with the band lasted six years.,Raynori aeg ansamblis kestis kuus aastat.,Scott Raynor — Wikipedia permanent revision 1369429221,https://en.wikipedia.org/w/index.php?title=Scott_Raynor&oldid=1369429221,CC-BY-SA-4.0,2026-08-23,reviewed,true
built-in-music-clue-0464,built-in-music,Music Pack,built-in-music-set-090,board,round-two,4,hard,music-theory-history,Music: Playful Odds & Ends,Muusika: mänguline üht-teist,Shawn Crahan — Which Shawn Crahan side project has a name expressing an unexpected reaction?,Shawn Crahan — Millise Shawn Crahani kõrvalprojekti nimi väljendab ootamatut reaktsiooni?,To My Surprise,To My Surprise,,,To My Surprise is one of Crahan’s two named side projects.,To My Surprise on üks Crahani kahest nimeliselt mainitud kõrvalprojektist.,Shawn Crahan — Wikipedia permanent revision 1370478400,https://en.wikipedia.org/w/index.php?title=Shawn_Crahan&oldid=1370478400,CC-BY-SA-4.0,2026-08-23,reviewed,true
built-in-music-clue-0470,built-in-music,Music Pack,built-in-music-set-090,board,round-two,5,hard,music-theory-history,Music: Playful Odds & Ends,Muusika: mänguline üht-teist,Dan Smith (singer) — Dan Smith was born in this year.,Dan Smith (singer) — Mis aastal Dan Smith sündis?,1986,1986,,,His birth date is 14 July 1986.,Ta sündis 14. juulil 1986.,Dan Smith (singer) — Wikipedia permanent revision 1369309955,https://en.wikipedia.org/w/index.php?title=Dan_Smith_(singer)&oldid=1369309955,CC-BY-SA-4.0,2026-08-23,reviewed,true
built-in-music-clue-0451,built-in-music,Music Pack,built-in-music-set-091,board,round-two,1,hard,pop,Music: Mixed Mix,Muusika: kirju segu,I Dont Know How but They Found Me — Dallon Weekes began secretly performing with this project in 2016.,I Dont Know How but They Found Me — Dallon Weekes hakkas 2016. aastal salaja esinema selle projektiga.,I Dont Know How but They Found Me,I Dont Know How but They Found Me,I Don't Know How but They Found Me;I Don't Know How But They Found Me,I Don’t Know How but They Found Me;I Don’t Know How But They Found Me,The project formed in 2014 and began secret live performances in 2016.,Projekt loodi 2014. aastal ja alustas salajasi live-esinemisi 2016. aastal.,I Dont Know How but They Found Me — Wikipedia permanent revision 1368690189,https://en.wikipedia.org/w/index.php?title=I_Dont_Know_How_but_They_Found_Me&oldid=1368690189,CC-BY-SA-4.0,2026-08-23,reviewed,true
built-in-music-clue-0457,built-in-music,Music Pack,built-in-music-set-091,board,round-two,2,hard,pop,Music: Mixed Mix,Muusika: kirju segu,Scott Raynor — How old was Scott Raynor when he joined Blink-182?,Scott Raynor — Kui vana oli Scott Raynor Blink-182-ga liitudes?,14,14,,,Raynor joined the band when he was only 14.,Raynor liitus ansambliga kõigest 14-aastasena.,Scott Raynor — Wikipedia permanent revision 1369429221,https://en.wikipedia.org/w/index.php?title=Scott_Raynor&oldid=1369429221,CC-BY-SA-4.0,2026-08-23,reviewed,true
built-in-music-clue-0463,built-in-music,Music Pack,built-in-music-set-091,board,round-two,3,hard,pop,Music: Mixed Mix,Muusika: kirju segu,Shawn Crahan — In which year did Shawn Crahan help form Slipknot?,Shawn Crahan — Mis aastal aitas Shawn Crahan Slipknoti asutada?,1995,1995,,,Crahan helped form Slipknot in 1995.,Crahan aitas Slipknoti asutada 1995. aastal.,Shawn Crahan — Wikipedia permanent revision 1370478400,https://en.wikipedia.org/w/index.php?title=Shawn_Crahan&oldid=1370478400,CC-BY-SA-4.0,2026-08-23,reviewed,true
built-in-music-clue-0469,built-in-music,Music Pack,built-in-music-set-091,board,round-two,4,hard,pop,Music: Mixed Mix,Muusika: kirju segu,Dan Smith (singer) — Dan Smith also works in this studio occupation.,Dan Smith (singer) — Dan Smith töötab ka selles stuudioametis.,Record producer,Plaadiprodutsent,,,He is credited as a record producer.,Ta on märgitud plaadiprodutsendiks.,Dan Smith (singer) — Wikipedia permanent revision 1369309955,https://en.wikipedia.org/w/index.php?title=Dan_Smith_(singer)&oldid=1369309955,CC-BY-SA-4.0,2026-08-23,reviewed,true
built-in-music-clue-0475,built-in-music,Music Pack,built-in-music-set-091,board,round-two,5,hard,pop,Music: Mixed Mix,Muusika: kirju segu,Scandal (Japanese band) — Scandal formed in which Osaka district?,Scandal (Japanese band) — Millises Osaka linnaosas Scandal loodi?,Miyakojima-ku,Miyakojima-ku,,,Miyakojima-ku is the band’s recorded musical origin.,Ansambli dokumenteeritud muusikaline päritolukoht on Miyakojima-ku.,Scandal (Japanese band) — Wikipedia permanent revision 1364467288,https://en.wikipedia.org/w/index.php?title=Scandal_(Japanese_band)&oldid=1364467288,CC-BY-SA-4.0,2026-08-23,reviewed,true
built-in-music-clue-0456,built-in-music,Music Pack,built-in-music-set-092,board,round-two,1,hard,performers,Music: Mixed Medley,Muusika: kirju valik,Scott Raynor — This drummer preceded Travis Barker in Blink-182.,Scott Raynor — See trummar mängis Blink-182-s enne Travis Barkerit.,Scott Raynor,Scott Raynor,,,Scott Raynor was Blink-182’s original drummer.,Scott Raynor oli Blink-182 algne trummar.,Scott Raynor — Wikipedia permanent revision 1369429221,https://en.wikipedia.org/w/index.php?title=Scott_Raynor&oldid=1369429221,CC-BY-SA-4.0,2026-08-23,reviewed,true
built-in-music-clue-0462,built-in-music,Music Pack,built-in-music-set-092,board,round-two,2,hard,performers,Music: Mixed Medley,Muusika: kirju valik,Shawn Crahan — In what year was Shawn Crahan born?,Shawn Crahan — Mis aastal Shawn Crahan sündis?,1969,1969,,,"Shawn Crahan was born on September 24, 1969.",Shawn Crahan sündis 24. septembril 1969.,Shawn Crahan — Wikipedia permanent revision 1370478400,https://en.wikipedia.org/w/index.php?title=Shawn_Crahan&oldid=1370478400,CC-BY-SA-4.0,2026-08-23,reviewed,true
built-in-music-clue-0468,built-in-music,Music Pack,built-in-music-set-092,board,round-two,3,hard,performers,Music: Mixed Medley,Muusika: kirju valik,Dan Smith (singer) — Dan Smith holds this creative occupation in addition to performing.,Dan Smith (singer) — Lisaks esinemisele peab Dan Smith seda loomingulist ametit.,Songwriter,Laulukirjutaja,,,He is the primary songwriter for his band.,Ta on oma ansambli peamine laulukirjutaja.,Dan Smith (singer) — Wikipedia permanent revision 1369309955,https://en.wikipedia.org/w/index.php?title=Dan_Smith_(singer)&oldid=1369309955,CC-BY-SA-4.0,2026-08-23,reviewed,true
built-in-music-clue-0474,built-in-music,Music Pack,built-in-music-set-092,board,round-two,4,hard,performers,Music: Mixed Medley,Muusika: kirju valik,Scandal (Japanese band) — Scandal formed in what year?,Scandal (Japanese band) — Mis aastal Scandal loodi?,2006,2006,,,Scandal formed in 2006.,Scandal loodi 2006. aastal.,Scandal (Japanese band) — Wikipedia permanent revision 1364467288,https://en.wikipedia.org/w/index.php?title=Scandal_(Japanese_band)&oldid=1364467288,CC-BY-SA-4.0,2026-08-23,reviewed,true
built-in-music-clue-0480,built-in-music,Music Pack,built-in-music-set-092,board,round-two,5,hard,performers,Music: Mixed Medley,Muusika: kirju valik,Love Live! School Idol Project — This magazine co-developed Love Live! School Idol Project.,Love Live! School Idol Project — See ajakiri osales „Love Live! School Idol Projecti“ arendamises.,Dengeki G’s Magazine,Dengeki G’s Magazine,,,Dengeki G’s Magazine was one of the three development partners.,Dengeki G’s Magazine oli üks kolmest arenduspartnerist.,Love Live! School Idol Project — Wikipedia permanent revision 1365509350,https://en.wikipedia.org/w/index.php?title=Love_Live!_School_Idol_Project&oldid=1365509350,CC-BY-SA-4.0,2026-08-23,reviewed,true
built-in-music-clue-0461,built-in-music,Music Pack,built-in-music-set-093,board,round-two,1,hard,performers,Music: Mixed Tour,Muusika: kirju ringkäik,Shawn Crahan — Slipknot member number 6 is this musician.,Shawn Crahan — Slipknoti liige number 6 on see muusik.,Shawn Crahan,Shawn Crahan,Clown;Shawn Crahan (Clown),Clown;Shawn Crahan (Clown),Shawn Crahan is Slipknot’s number 6 and its longest-serving member.,Shawn Crahan on Slipknoti liige number 6 ja ansambli kõige kauem tegutsenud liige.,Shawn Crahan — Wikipedia permanent revision 1370478400,https://en.wikipedia.org/w/index.php?title=Shawn_Crahan&oldid=1370478400,CC-BY-SA-4.0,2026-08-23,reviewed,true
built-in-music-clue-0467,built-in-music,Music Pack,built-in-music-set-093,board,round-two,2,hard,performers,Music: Mixed Tour,Muusika: kirju ringkäik,Dan Smith (singer) — Dan Smith was born in this city.,Dan Smith (singer) — Dan Smith sündis selles linnas.,London,London,,,London is his recorded birthplace.,Tema dokumenteeritud sünnikoht on London.,Dan Smith (singer) — Wikipedia permanent revision 1369309955,https://en.wikipedia.org/w/index.php?title=Dan_Smith_(singer)&oldid=1369309955,CC-BY-SA-4.0,2026-08-23,reviewed,true
built-in-music-clue-0473,built-in-music,Music Pack,built-in-music-set-093,board,round-two,3,hard,performers,Music: Mixed Tour,Muusika: kirju ringkäik,Scandal (Japanese band) — Name a label that released Scandal’s music.,"Scandal (Japanese band) — Nimeta üks plaadifirma, mis avaldas Scandali muusikat.",Kitty,Kitty,Epic;Her;JPU,Epic;Her;JPU,"Scandal released music through Kitty, Epic, Her, and JPU.","Scandal avaldas muusikat plaadifirmade Kitty, Epic, Her ja JPU kaudu.",Scandal (Japanese band) — Wikipedia permanent revision 1364467288,https://en.wikipedia.org/w/index.php?title=Scandal_(Japanese_band)&oldid=1364467288,CC-BY-SA-4.0,2026-08-23,reviewed,true
built-in-music-clue-0479,built-in-music,Music Pack,built-in-music-set-093,board,round-two,4,hard,performers,Music: Mixed Tour,Muusika: kirju ringkäik,Love Live! School Idol Project — This animation studio co-developed Love Live! School Idol Project.,Love Live! School Idol Project — See animatsioonistuudio osales „Love Live! School Idol Projecti“ arendamises.,Sunrise,Sunrise,,,Sunrise was the animation partner.,Sunrise oli animatsioonipartner.,Love Live! School Idol Project — Wikipedia permanent revision 1365509350,https://en.wikipedia.org/w/index.php?title=Love_Live!_School_Idol_Project&oldid=1365509350,CC-BY-SA-4.0,2026-08-23,reviewed,true
built-in-music-clue-0485,built-in-music,Music Pack,built-in-music-set-093,board,round-two,5,hard,performers,Music: Mixed Tour,Muusika: kirju ringkäik,Suga — Suga released his first solo mixtape in this year.,Suga — Mis aastal avaldas Suga oma esimese soolomiksteibi?,2016,2016,,,Agust D first appeared in 2016.,„Agust D“ ilmus esimest korda 2016. aastal.,Suga — Wikipedia permanent revision 1356515402,https://en.wikipedia.org/w/index.php?title=Suga&oldid=1356515402,CC-BY-SA-4.0,2026-08-23,reviewed,true
built-in-music-clue-0466,built-in-music,Music Pack,built-in-music-set-094,board,round-two,1,hard,pop,Music: Mixed Grab Bag,Muusika: kirju üllatuskott,Dan Smith (singer) — This musician is the lead singer of Bastille.,Dan Smith (singer) — See muusik on Bastille’i solist.,Dan Smith,Dan Smith,,,Dan Smith fronts Bastille and also plays keyboards and percussion.,Dan Smith on Bastille’i solist ning mängib ka klahv- ja löökpille.,Dan Smith (singer) — Wikipedia permanent revision 1369309955,https://en.wikipedia.org/w/index.php?title=Dan_Smith_(singer)&oldid=1369309955,CC-BY-SA-4.0,2026-08-23,reviewed,true
built-in-music-clue-0472,built-in-music,Music Pack,built-in-music-set-094,board,round-two,2,hard,pop,Music: Mixed Grab Bag,Muusika: kirju üllatuskott,Scandal (Japanese band) — What genre is associated with Scandal?,Scandal (Japanese band) — Millise žanriga seostatakse Scandalit?,Pop rock,Poprokk,pop punk;alternative rock;garage rock,pop-punk;alternatiivrokk;garaažirokk,"Scandal’s music includes pop rock, pop punk, alternative rock, and garage rock.","Scandali muusika hõlmab poprokki, pop-punki, alternatiivrokki ja garaažirokki.",Scandal (Japanese band) — Wikipedia permanent revision 1364467288,https://en.wikipedia.org/w/index.php?title=Scandal_(Japanese_band)&oldid=1364467288,CC-BY-SA-4.0,2026-08-23,reviewed,true
built-in-music-clue-0478,built-in-music,Music Pack,built-in-music-set-094,board,round-two,3,hard,pop,Music: Mixed Grab Bag,Muusika: kirju üllatuskott,Love Live! School Idol Project — This music label co-developed Love Live! School Idol Project.,Love Live! School Idol Project — See plaadifirma osales „Love Live! School Idol Projecti“ arendamises.,Lantis,Lantis,,,Lantis was one of the development partners.,Lantis oli üks arenduspartneritest.,Love Live! School Idol Project — Wikipedia permanent revision 1365509350,https://en.wikipedia.org/w/index.php?title=Love_Live!_School_Idol_Project&oldid=1365509350,CC-BY-SA-4.0,2026-08-23,reviewed,true
built-in-music-clue-0484,built-in-music,Music Pack,built-in-music-set-094,board,round-two,4,hard,pop,Music: Mixed Grab Bag,Muusika: kirju üllatuskott,Suga — This company launched Suga as a group member.,Suga — See ettevõte tõi Suga ansambli liikmena avalikkuse ette.,Big Hit Entertainment,Big Hit Entertainment,,,His group debut came under Big Hit Entertainment.,Tema ansamblidebüüt toimus Big Hit Entertainmenti egiidi all.,Suga — Wikipedia permanent revision 1356515402,https://en.wikipedia.org/w/index.php?title=Suga&oldid=1356515402,CC-BY-SA-4.0,2026-08-23,reviewed,true
built-in-music-clue-0490,built-in-music,Music Pack,built-in-music-set-094,board,round-two,5,hard,pop,Music: Mixed Grab Bag,Muusika: kirju üllatuskott,Snare drum — This shallow snare type is about four inches tall and higher-pitched than most others.,Snare drum — Seda tüüpi madal väiketrumm on umbes neli tolli kõrge ja kõlab enamikust teistest kõrgemalt.,Piccolo snare,Pikolo-väiketrumm,,,The piccolo snare’s shallow shell produces a comparatively high pitch.,Pikolo-väiketrummi madal korpus tekitab võrdlemisi kõrge heli.,Snare drum — Wikipedia permanent revision 1369915726,https://en.wikipedia.org/w/index.php?title=Snare_drum&oldid=1369915726,CC-BY-SA-4.0,2026-08-23,reviewed,true
built-in-music-clue-0471,built-in-music,Music Pack,built-in-music-set-095,board,round-two,1,hard,pop,Music: Mixed Roundup,Muusika: kirju ülevaade,"Scandal (Japanese band) — As of the cited 2026 revision, Japanese rock band Scandal had this many members.",Scandal (Japanese band) — Viidatud 2026. aasta versiooni järgi oli Jaapani rokkansamblil Scandal nii palju liikmeid.,4,4,,,The cited revision describes Scandal as a four-member group.,Viidatud versioon kirjeldab Scandalit neljaliikmelise ansamblina.,Scandal (Japanese band) — Wikipedia permanent revision 1364467288,https://en.wikipedia.org/w/index.php?title=Scandal_(Japanese_band)&oldid=1364467288,CC-BY-SA-4.0,2026-08-23,reviewed,true
built-in-music-clue-0477,built-in-music,Music Pack,built-in-music-set-095,board,round-two,2,hard,pop,Music: Mixed Roundup,Muusika: kirju ülevaade,Love Live! School Idol Project — The fictional idol group μ’s has this many members.,Love Live! School Idol Project — Väljamõeldud iidolirühmas μ’s on nii palju liikmeid.,9,9,,,The Love Live! ensemble is a nine-member group.,Love Live’i ansambel on üheksaliikmeline.,Love Live! School Idol Project — Wikipedia permanent revision 1365509350,https://en.wikipedia.org/w/index.php?title=Love_Live!_School_Idol_Project&oldid=1365509350,CC-BY-SA-4.0,2026-08-23,reviewed,true
built-in-music-clue-0483,built-in-music,Music Pack,built-in-music-set-095,board,round-two,3,hard,pop,Music: Mixed Roundup,Muusika: kirju ülevaade,Suga — BTS member Min Yoongi was born in this year.,Suga — BTS-i liige Min Yoongi sündis sel aastal.,1993,1993,,,The rapper and producer known as Suga was born in 1993.,Suga nime all tuntud räppar ja produtsent sündis 1993. aastal.,Suga — Wikipedia permanent revision 1356515402,https://en.wikipedia.org/w/index.php?title=Suga&oldid=1356515402,CC-BY-SA-4.0,2026-08-23,reviewed,true
built-in-music-clue-0489,built-in-music,Music Pack,built-in-music-set-095,board,round-two,4,hard,pop,Music: Mixed Roundup,Muusika: kirju ülevaade,Snare drum — This accented snare technique strikes the head and rim together with one stick.,Snare drum — Selle rõhulise väiketrummitehnika puhul lüüakse ühe pulgaga korraga trumminahka ja serva.,Rimshot,Rimshot,,,A rimshot combines contact with the drumhead and rim for a strong metallic accent.,"Rimshot ühendab löögi trumminahale ja servale, tekitades tugeva metallilise aktsendi.",Snare drum — Wikipedia permanent revision 1369915726,https://en.wikipedia.org/w/index.php?title=Snare_drum&oldid=1369915726,CC-BY-SA-4.0,2026-08-23,reviewed,true
built-in-music-clue-0495,built-in-music,Music Pack,built-in-music-set-095,board,round-two,5,hard,pop,Music: Mixed Roundup,Muusika: kirju ülevaade,Somebody to Love (Queen song) — What is the runtime of Queen’s Somebody to Love?,Somebody to Love (Queen song) — Kui pikk on Queeni „Somebody to Love“?,4:56,4:56,,,The recording lasts 4 minutes and 56 seconds.,Salvestis kestab 4 minutit ja 56 sekundit.,Somebody to Love (Queen song) — Wikipedia permanent revision 1367250181,https://en.wikipedia.org/w/index.php?title=Somebody_to_Love_(Queen_song)&oldid=1367250181,CC-BY-SA-4.0,2026-08-23,reviewed,true
built-in-music-clue-0476,built-in-music,Music Pack,built-in-music-set-096,board,round-two,1,hard,music-theory-history,Music: Mixed Sampler,Muusika: kirju proovivalik,Love Live! School Idol Project — Love Live! School Idol Project originated as a multimedia project from this national culture.,Love Live! School Idol Project — Selle rahvuskultuuri multimeediaprojektina sai alguse „Love Live! School Idol Project“.,Japanese,Jaapani,,,It is a Japanese media franchise.,See on Jaapani meediafrantsiis.,Love Live! School Idol Project — Wikipedia permanent revision 1365509350,https://en.wikipedia.org/w/index.php?title=Love_Live!_School_Idol_Project&oldid=1365509350,CC-BY-SA-4.0,2026-08-23,reviewed,true
built-in-music-clue-0482,built-in-music,Music Pack,built-in-music-set-096,board,round-two,2,hard,music-theory-history,Music: Mixed Sampler,Muusika: kirju proovivalik,Suga — Suga uses this name for solo mixtapes.,Suga — Suga kasutab oma soolomiksteipide puhul seda nime.,Agust D,Agust D,,,Agust D is his other stage name.,Agust D on tema teine artistinimi.,Suga — Wikipedia permanent revision 1356515402,https://en.wikipedia.org/w/index.php?title=Suga&oldid=1356515402,CC-BY-SA-4.0,2026-08-23,reviewed,true
built-in-music-clue-0488,built-in-music,Music Pack,built-in-music-set-096,board,round-two,3,hard,music-theory-history,Music: Mixed Sampler,Muusika: kirju proovivalik,Snare drum — This lever engages or disengages a snare drum’s wires from its lower head.,Snare drum — See hoob ühendab väiketrummi vedrud alumise trumminahaga või eemaldab need sealt.,Strainer,Pinguti,,,The strainer controls contact and tension between the snares and the drumhead.,Pinguti juhib vedrude ja trumminaha vahelist kontakti ning pinget.,Snare drum — Wikipedia permanent revision 1369915726,https://en.wikipedia.org/w/index.php?title=Snare_drum&oldid=1369915726,CC-BY-SA-4.0,2026-08-23,reviewed,true
built-in-music-clue-0494,built-in-music,Music Pack,built-in-music-set-096,board,round-two,4,hard,music-theory-history,Music: Mixed Sampler,Muusika: kirju proovivalik,Somebody to Love (Queen song) — Queen’s Somebody to Love arrived on November 12 of which year?,Somebody to Love (Queen song) — Millise aasta 12. novembril ilmus Queeni „Somebody to Love“?,1976,1976,,,"The single was released on November 12, 1976.",Singel ilmus 12. novembril 1976.,Somebody to Love (Queen song) — Wikipedia permanent revision 1367250181,https://en.wikipedia.org/w/index.php?title=Somebody_to_Love_(Queen_song)&oldid=1367250181,CC-BY-SA-4.0,2026-08-23,reviewed,true
built-in-music-clue-0500,built-in-music,Music Pack,built-in-music-set-096,board,round-two,5,hard,music-theory-history,Music: Mixed Sampler,Muusika: kirju proovivalik,Waterloo (song) — What is the runtime of ABBA’s Waterloo?,Waterloo (song) — Kui pikk on ABBA „Waterloo“?,2:42,2:42,,,The Eurovision-winning song lasts 2 minutes and 42 seconds.,Eurovisiooni võitnud laul kestab 2 minutit ja 42 sekundit.,Waterloo (song) — Wikipedia permanent revision 1364403519,https://en.wikipedia.org/w/index.php?title=Waterloo_(song)&oldid=1364403519,CC-BY-SA-4.0,2026-08-23,reviewed,true
built-in-music-clue-0481,built-in-music,Music Pack,built-in-music-set-097,board,round-two,1,hard,music-theory-history,Music: Mixed Potpourri,Muusika: kirju popurrii,Suga — Suga debuted as a member of this group.,Suga — Suga debüteeris selle ansambli liikmena.,BTS,BTS,,,He joined the group’s performing lineup in 2013.,Ta liitus ansambli esinejakoosseisuga 2013. aastal.,Suga — Wikipedia permanent revision 1356515402,https://en.wikipedia.org/w/index.php?title=Suga&oldid=1356515402,CC-BY-SA-4.0,2026-08-23,reviewed,true
built-in-music-clue-0487,built-in-music,Music Pack,built-in-music-set-097,board,round-two,2,hard,music-theory-history,Music: Mixed Potpourri,Muusika: kirju popurrii,Snare drum — The snare drum developed from this older drum once used to accompany a flute.,"Snare drum — Väiketrumm arenes sellest vanemast trummist, mida kunagi mängiti flöödi saateks.",Tabor,Tabor,,,The cited history traces the modern snare drum to the tabor.,Viidatud ajaloo järgi pärineb tänapäevane väiketrumm taborist.,Snare drum — Wikipedia permanent revision 1369915726,https://en.wikipedia.org/w/index.php?title=Snare_drum&oldid=1369915726,CC-BY-SA-4.0,2026-08-23,reviewed,true
built-in-music-clue-0493,built-in-music,Music Pack,built-in-music-set-097,board,round-two,3,hard,music-theory-history,Music: Mixed Potpourri,Muusika: kirju popurrii,Somebody to Love (Queen song) — Queen released Somebody to Love through this label.,Somebody to Love (Queen song) — Queen andis „Somebody to Love’i“ välja selle plaadifirma alt.,EMI,EMI,Elektra;Tonpress,Elektra;Tonpress,EMI issued the single.,EMI andis singli välja.,Somebody to Love (Queen song) — Wikipedia permanent revision 1367250181,https://en.wikipedia.org/w/index.php?title=Somebody_to_Love_(Queen_song)&oldid=1367250181,CC-BY-SA-4.0,2026-08-23,reviewed,true
built-in-music-clue-0499,built-in-music,Music Pack,built-in-music-set-097,board,round-two,4,hard,music-theory-history,Music: Mixed Potpourri,Muusika: kirju popurrii,Waterloo (song) — Name one label associated with ABBA’s Waterloo.,Waterloo (song) — Nimeta üks ABBA lauluga „Waterloo“ seotud plaadifirma.,Polar,Polar,Epic;Polydor;Atlantic,Epic;Polydor;Atlantic,"The song carries Polar, Epic, Polydor, and Atlantic label credits.","Laulu plaadifirmadena on märgitud Polar, Epic, Polydor ja Atlantic.",Waterloo (song) — Wikipedia permanent revision 1364403519,https://en.wikipedia.org/w/index.php?title=Waterloo_(song)&oldid=1364403519,CC-BY-SA-4.0,2026-08-23,reviewed,true
built-in-music-clue-0050,built-in-music,Music Pack,built-in-music-set-097,board,round-two,5,hard,music-theory-history,Music: Mixed Potpourri,Muusika: kirju popurrii,G-sharp minor — The harmonic form of G-sharp minor raises F-sharp to this note.,G-sharp minor — Gis-molli harmoonilises kujus tõstetakse fis selleks heliks.,F-double-sharp,Fisis,,,F-double-sharp serves as the raised leading tone.,Fisis toimib kõrgendatud juhthelina.,G-sharp minor — Wikipedia permanent revision 1360824481,https://en.wikipedia.org/w/index.php?title=G-sharp_minor&oldid=1360824481,CC-BY-SA-4.0,2026-08-23,reviewed,true
built-in-music-clue-0486,built-in-music,Music Pack,built-in-music-set-098,board,round-two,1,hard,instruments,Music: Mixed Challenge,Muusika: kirju väljakutse,Snare drum — The Latin American caixa malacacheta belongs to this drum type.,Snare drum — Ladina-Ameerika caixa malacacheta kuulub seda liiki trummide hulka.,Snare Drum,Väiketrumm,,,A caixa malacacheta is a form of snare drum.,Caixa malacacheta on üks väiketrummi vorme.,Snare drum — Wikipedia permanent revision 1369915726,https://en.wikipedia.org/w/index.php?title=Snare_drum&oldid=1369915726,CC-BY-SA-4.0,2026-08-23,reviewed,true
built-in-music-clue-0492,built-in-music,Music Pack,built-in-music-set-098,board,round-two,2,hard,instruments,Music: Mixed Challenge,Muusika: kirju väljakutse,Somebody to Love (Queen song) — Which genre is associated with Queen’s Somebody to Love?,Somebody to Love (Queen song) — Millise žanriga seostatakse Queeni laulu „Somebody to Love“?,Glam rock,Glamrokk,gospel,gospel,Somebody to Love blends glam rock and gospel.,„Somebody to Love“ ühendab glamrokki ja gospelit.,Somebody to Love (Queen song) — Wikipedia permanent revision 1367250181,https://en.wikipedia.org/w/index.php?title=Somebody_to_Love_(Queen_song)&oldid=1367250181,CC-BY-SA-4.0,2026-08-23,reviewed,true
built-in-music-clue-0498,built-in-music,Music Pack,built-in-music-set-098,board,round-two,3,hard,instruments,Music: Mixed Challenge,Muusika: kirju väljakutse,Waterloo (song) — What genre is associated with Waterloo?,Waterloo (song) — Millise žanriga seostatakse „Waterlood“?,Europop,Europopp,rock and roll;rock,rock’n’roll;rokk,"Waterloo is associated with Europop, rock and roll, and rock.","„Waterlood“ seostatakse europopi, rock’n’roll’i ja rokiga.",Waterloo (song) — Wikipedia permanent revision 1364403519,https://en.wikipedia.org/w/index.php?title=Waterloo_(song)&oldid=1364403519,CC-BY-SA-4.0,2026-08-23,reviewed,true
built-in-music-clue-0049,built-in-music,Music Pack,built-in-music-set-098,board,round-two,4,hard,instruments,Music: Mixed Challenge,Muusika: kirju väljakutse,G-sharp minor — This major key is parallel to G-sharp minor.,G-sharp minor — See mažoorne helistik on gis-molliga samanimeline.,G-sharp major,Gis-duur,,,Both keys share G-sharp as tonic.,Mõlema helistiku toonika on gis.,G-sharp minor — Wikipedia permanent revision 1360824481,https://en.wikipedia.org/w/index.php?title=G-sharp_minor&oldid=1360824481,CC-BY-SA-4.0,2026-08-23,reviewed,true
built-in-music-clue-0425,built-in-music,Music Pack,built-in-music-set-098,board,round-two,5,hard,instruments,Music: Mixed Challenge,Muusika: kirju väljakutse,The Crickets — Which label released music by The Crickets?,The Crickets — Milline plaadifirma avaldas The Cricketsi muusikat?,Brunswick,Brunswick,Coral;Liberty;MCA;Vertigo;Chirp,Coral;Liberty;MCA;Vertigo;Chirp,"The Crickets released music through Brunswick, Coral, Liberty, MCA, Vertigo, and Chirp.","The Crickets avaldas muusikat plaadifirmade Brunswick, Coral, Liberty, MCA, Vertigo ja Chirp kaudu.",The Crickets — Wikipedia permanent revision 1367842561,https://en.wikipedia.org/w/index.php?title=The_Crickets&oldid=1367842561,CC-BY-SA-4.0,2026-08-23,reviewed,true
built-in-music-clue-0491,built-in-music,Music Pack,built-in-music-set-099,board,round-two,1,hard,rock,Music: Mixed Quiz,Muusika: kirju viktoriin,Happy Feet — Brittany Murphy covered this Queen song in Happy Feet.,Happy Feet — Brittany Murphy esitas filmis „Happy Feet“ kaveri sellest Queeni laulust.,Somebody to Love,Somebody to Love,,,The Happy Feet soundtrack listing credits Brittany Murphy with performing Somebody to Love.,Filmi „Happy Feet“ heliriba loendis on „Somebody to Love’i“ esitajaks märgitud Brittany Murphy.,Happy Feet — Wikipedia permanent revision 1366280863,https://en.wikipedia.org/w/index.php?title=Happy_Feet&oldid=1366280863,CC-BY-SA-4.0,2026-08-23,reviewed,true
built-in-music-clue-0497,built-in-music,Music Pack,built-in-music-set-099,board,round-two,2,hard,rock,Music: Mixed Quiz,Muusika: kirju viktoriin,Waterloo (song) — This ABBA song won the 1974 Eurovision Song Contest.,Waterloo (song) — See ABBA laul võitis 1974. aasta Eurovisiooni lauluvõistluse.,Waterloo,Waterloo,,,Waterloo won Eurovision for Sweden in 1974 and became an international breakthrough.,„Waterloo“ võitis 1974. aastal Rootsile Eurovisiooni ja tõi ansamblile rahvusvahelise läbimurde.,Waterloo (song) — Wikipedia permanent revision 1364403519,https://en.wikipedia.org/w/index.php?title=Waterloo_(song)&oldid=1364403519,CC-BY-SA-4.0,2026-08-23,reviewed,true
built-in-music-clue-0048,built-in-music,Music Pack,built-in-music-set-099,board,round-two,3,hard,rock,Music: Mixed Quiz,Muusika: kirju viktoriin,G-sharp minor — This pitch is the dominant of G-sharp minor.,G-sharp minor — See heli on gis-molli dominant.,D-sharp,Dis,,,D-sharp is scale degree five in the key.,Dis on selle helistiku viies aste.,G-sharp minor — Wikipedia permanent revision 1360824481,https://en.wikipedia.org/w/index.php?title=G-sharp_minor&oldid=1360824481,CC-BY-SA-4.0,2026-08-23,reviewed,true
built-in-music-clue-0424,built-in-music,Music Pack,built-in-music-set-099,board,round-two,4,hard,rock,Music: Mixed Quiz,Muusika: kirju viktoriin,The Crickets — The Crickets began performing in which year?,The Crickets — Mis aastal hakkas The Crickets esinema?,1957,1957,,,The band’s recorded activity starts in 1957.,Ansambli dokumenteeritud tegevus algab 1957. aastast.,The Crickets — Wikipedia permanent revision 1367842561,https://en.wikipedia.org/w/index.php?title=The_Crickets&oldid=1367842561,CC-BY-SA-4.0,2026-08-23,reviewed,true
built-in-music-clue-0435,built-in-music,Music Pack,built-in-music-set-099,board,round-two,5,hard,rock,Music: Mixed Quiz,Muusika: kirju viktoriin,"The Day the Music Died — This performer, known as the Big Bopper, died in the crash.",The Day the Music Died — See Big Bopperina tuntud esineja hukkus lennuõnnetuses.,J. P. Richardson,J. P. Richardson,,,J. P. Richardson was the third headlining victim.,J. P. Richardson oli kolmas hukkunud peaesineja.,The Day the Music Died — Wikipedia permanent revision 1370257327,https://en.wikipedia.org/w/index.php?title=The_Day_the_Music_Died&oldid=1370257327,CC-BY-SA-4.0,2026-08-23,reviewed,true
built-in-music-clue-0496,built-in-music,Music Pack,built-in-music-set-100,board,round-two,1,hard,pop,Music: Mixed Odds & Ends,Muusika: kirju üht-teist,Waterloo (song) — ABBA won the Eurovision Song Contest for Sweden in this year.,Waterloo (song) — Mis aastal võitis ABBA Rootsile Eurovisiooni lauluvõistluse?,1974,1974,,,The group’s winning Eurovision performance took place in 1974.,Ansambli võidukas Eurovisiooni esinemine toimus 1974. aastal.,Waterloo (song) — Wikipedia permanent revision 1364403519,https://en.wikipedia.org/w/index.php?title=Waterloo_(song)&oldid=1364403519,CC-BY-SA-4.0,2026-08-23,reviewed,true
built-in-music-clue-0047,built-in-music,Music Pack,built-in-music-set-100,board,round-two,2,hard,pop,Music: Mixed Odds & Ends,Muusika: kirju üht-teist,G-sharp minor — This major key is the relative major of G-sharp minor.,G-sharp minor — See mažoorne helistik on gis-molli paralleelhelistik.,B major,H-duur,,,G-sharp minor shares its key signature with B major.,Gis-mollil ja H-duuril on sama võtmemärgis.,G-sharp minor — Wikipedia permanent revision 1360824481,https://en.wikipedia.org/w/index.php?title=G-sharp_minor&oldid=1360824481,CC-BY-SA-4.0,2026-08-23,reviewed,true
built-in-music-clue-0423,built-in-music,Music Pack,built-in-music-set-100,board,round-two,3,hard,pop,Music: Mixed Odds & Ends,Muusika: kirju üht-teist,The Crickets — The Crickets formed in which Texas city?,The Crickets — Millises Texase linnas The Crickets loodi?,Lubbock,Lubbock,,,Lubbock is the group’s recorded musical origin.,Ansambli dokumenteeritud muusikaline päritolukoht on Lubbock.,The Crickets — Wikipedia permanent revision 1367842561,https://en.wikipedia.org/w/index.php?title=The_Crickets&oldid=1367842561,CC-BY-SA-4.0,2026-08-23,reviewed,true
built-in-music-clue-0434,built-in-music,Music Pack,built-in-music-set-100,board,round-two,4,hard,pop,Music: Mixed Odds & Ends,Muusika: kirju üht-teist,The Day the Music Died — The Day the Music Died occurred on this date.,"The Day the Music Died — „Päev, mil muusika suri“ leidis aset sel kuupäeval.",3 February 1959,3. veebruar 1959,,,The fatal plane crash happened on 3 February 1959.,Surmaga lõppenud lennuõnnetus juhtus 3. veebruaril 1959.,The Day the Music Died — Wikipedia permanent revision 1370257327,https://en.wikipedia.org/w/index.php?title=The_Day_the_Music_Died&oldid=1370257327,CC-BY-SA-4.0,2026-08-23,reviewed,true
built-in-music-clue-0440,built-in-music,Music Pack,built-in-music-set-100,board,round-two,5,hard,pop,Music: Mixed Odds & Ends,Muusika: kirju üht-teist,"List of best-selling music artists — Which American pop artist in the table began in 1979, first charted in 1982, and has 193.4 million certified units?","List of best-selling music artists — Milline tabeli Ameerika popartist alustas 1979. aastal, jõudis esimest korda edetabelisse 1982. aastal ning on müünud 193,4 miljonit sertifitseeritud ühikut?",Madonna,Madonna,,,"The table’s dates, genre, and certified-unit figure identify Madonna; her claimed-sales figures are 400 and 300 million.","Tabeli kuupäevad, žanr ja sertifitseeritud ühikute arv osutavad Madonnale; tema väidetava müügi näitajad on 400 ja 300 miljonit.",List of best-selling music artists — Wikipedia permanent revision 1370523172,https://en.wikipedia.org/w/index.php?title=List_of_best-selling_music_artists&oldid=1370523172,CC-BY-SA-4.0,2026-08-23,reviewed,true
built-in-music-clue-0081,built-in-music,Music Pack,built-in-music-set-017,board,round-two,1,easy,pop,Music: Curious Potpourri,Muusika: uudishimulik popurrii,Feel Good Inc. — This trio appears on Gorillaz’ Feel Good Inc.,Feel Good Inc. — See trio teeb kaasa Gorillazi loos „Feel Good Inc.“.,De La Soul,De La Soul,,,De La Soul provides the featured guest performance.,De La Soul astub loos üles külalisesinejana.,Feel Good Inc. — Wikipedia permanent revision 1366306928,https://en.wikipedia.org/w/index.php?title=Feel_Good_Inc.&oldid=1366306928,CC-BY-SA-4.0,2026-08-23,reviewed,true
built-in-music-clue-0087,built-in-music,Music Pack,built-in-music-set-017,board,round-two,2,easy,pop,Music: Curious Potpourri,Muusika: uudishimulik popurrii,Play (Moby album) — Name a style used to describe Moby’s Play; any of the eight listed genres counts.,Play (Moby album) — Nimeta üks Moby albumit „Play“ kirjeldav stiil; sobib ükskõik milline kaheksast loetletud žanrist.,Electronica,Elektroonika,downtempo;techno;ambient;breakbeat;electropop;roots;blues,downtempo;techno;ambient;breakbeat;elektropop;roots;bluus,"Play is associated with electronica, downtempo, techno, ambient, breakbeat, electropop, roots, and blues.","Albumiga „Play“ seostatakse elektroonikat, downtempo’t, techno’t, ambient’i, breakbeat’i, elektropoppi, roots’i ja bluusi.",Play (Moby album) — Wikipedia permanent revision 1360797884,https://en.wikipedia.org/w/index.php?title=Play_(Moby_album)&oldid=1360797884,CC-BY-SA-4.0,2026-08-23,reviewed,true
built-in-music-clue-0093,built-in-music,Music Pack,built-in-music-set-017,board,round-two,3,easy,pop,Music: Curious Potpourri,Muusika: uudishimulik popurrii,Stan (song) — Name one label associated with the release of Stan.,Stan (song) — Nimeta üks „Stani“ väljaandmisega seotud plaadifirma.,Aftermath,Aftermath,Interscope;Web Entertainment,Interscope;Web Entertainment,"The release is associated with Aftermath, Interscope, and Web Entertainment.","Väljaandega seostatakse plaadifirmasid Aftermath, Interscope ja Web Entertainment.",Stan (song) — Wikipedia permanent revision 1370728686,https://en.wikipedia.org/w/index.php?title=Stan_(song)&oldid=1370728686,CC-BY-SA-4.0,2026-08-23,reviewed,true
built-in-music-clue-0099,built-in-music,Music Pack,built-in-music-set-017,board,round-two,4,easy,pop,Music: Curious Potpourri,Muusika: uudishimulik popurrii,"Hallelujah (Leonard Cohen song) — Hallelujah, the Leonard Cohen song, was released in December of what year?",Hallelujah (Leonard Cohen song) — Millise aasta detsembris ilmus Leonard Coheni laul „Hallelujah“?,1984,1984,,,Leonard Cohen’s recording was released in December 1984.,Leonard Coheni salvestis ilmus 1984. aasta detsembris.,Hallelujah (Leonard Cohen song) — Wikipedia permanent revision 1368425905,https://en.wikipedia.org/w/index.php?title=Hallelujah_(Leonard_Cohen_song)&oldid=1368425905,CC-BY-SA-4.0,2026-08-23,reviewed,true
built-in-music-clue-0105,built-in-music,Music Pack,built-in-music-set-017,board,round-two,5,easy,pop,Music: Curious Potpourri,Muusika: uudishimulik popurrii,MGMT — MGMT emerged from which Connecticut city?,MGMT — Millisest Connecticuti linnast MGMT pärineb?,Middletown,Middletown,,,Middletown is the band’s stated musical origin.,Bändi muusikaliseks päritolukohaks on märgitud Middletown.,MGMT — Wikipedia permanent revision 1370718587,https://en.wikipedia.org/w/index.php?title=MGMT&oldid=1370718587,CC-BY-SA-4.0,2026-08-23,reviewed,true
built-in-music-clue-0086,built-in-music,Music Pack,built-in-music-set-018,board,round-two,1,easy,albums,Music: Curious Challenge,Muusika: uudishimulik väljakutse,Play (Moby album) — Moby achieved worldwide success with this album built around samples from archival recordings.,Play (Moby album) — Moby saavutas ülemaailmse edu selle arhiivisalvestiste sämplitele rajatud albumiga.,Play,Play,,,Play became Moby’s commercial breakthrough.,„Play“ sai Moby äriliseks läbimurdeks.,Play (Moby album) — Wikipedia permanent revision 1360797884,https://en.wikipedia.org/w/index.php?title=Play_(Moby_album)&oldid=1360797884,CC-BY-SA-4.0,2026-08-23,reviewed,true
built-in-music-clue-0092,built-in-music,Music Pack,built-in-music-set-018,board,round-two,2,easy,albums,Music: Curious Challenge,Muusika: uudishimulik väljakutse,Stan (song) — Stan is classified in this genre.,Stan (song) — „Stan“ liigitatakse sellesse žanri.,Horrorcore,Horrorcore,,,The cited description classifies the Eminem song as horrorcore.,Viidatud kirjeldus liigitab Eminemi laulu horrorcore’i žanrisse.,Stan (song) — Wikipedia permanent revision 1370728686,https://en.wikipedia.org/w/index.php?title=Stan_(song)&oldid=1370728686,CC-BY-SA-4.0,2026-08-23,reviewed,true
built-in-music-clue-0098,built-in-music,Music Pack,built-in-music-set-018,board,round-two,3,easy,albums,Music: Curious Challenge,Muusika: uudishimulik väljakutse,Hallelujah (Leonard Cohen song) — Leonard Cohen released Hallelujah through this label.,Hallelujah (Leonard Cohen song) — Leonard Cohen avaldas „Hallelujah“ selle plaadifirma kaudu.,Columbia,Columbia,,,Columbia issued the original recording.,Columbia andis algse salvestise välja.,Hallelujah (Leonard Cohen song) — Wikipedia permanent revision 1368425905,https://en.wikipedia.org/w/index.php?title=Hallelujah_(Leonard_Cohen_song)&oldid=1368425905,CC-BY-SA-4.0,2026-08-23,reviewed,true
built-in-music-clue-0104,built-in-music,Music Pack,built-in-music-set-018,board,round-two,4,easy,albums,Music: Curious Challenge,Muusika: uudishimulik väljakutse,MGMT — MGMT formed in what year?,MGMT — Mis aastal MGMT loodi?,2002,2002,,,MGMT formed in 2002.,MGMT loodi 2002. aastal.,MGMT — Wikipedia permanent revision 1370718587,https://en.wikipedia.org/w/index.php?title=MGMT&oldid=1370718587,CC-BY-SA-4.0,2026-08-23,reviewed,true
built-in-music-clue-0110,built-in-music,Music Pack,built-in-music-set-018,board,round-two,5,easy,albums,Music: Curious Challenge,Muusika: uudishimulik väljakutse,Rage Against the Machine (album) — What is the runtime of Rage Against the Machine’s debut album?,Rage Against the Machine (album) — Kui pikk on Rage Against the Machine’i debüütalbum?,52:55,52:55,,,The self-titled record lasts 52 minutes and 55 seconds.,Omanimeline album kestab 52 minutit ja 55 sekundit.,Rage Against the Machine (album) — Wikipedia permanent revision 1367966812,https://en.wikipedia.org/w/index.php?title=Rage_Against_the_Machine_(album)&oldid=1367966812,CC-BY-SA-4.0,2026-08-23,reviewed,true
built-in-music-clue-0091,built-in-music,Music Pack,built-in-music-set-019,board,round-two,1,easy,pop,Music: Curious Quiz,Muusika: uudishimulik viktoriin,Stan (song) — Eminem’s Stan samples the voice of this English singer-songwriter.,Stan (song) — Eminemi „Stan“ kasutab sämplina selle inglise laulja-laulukirjutaja häält.,Dido,Dido,,,The recording samples Dido’s Thank You.,Salvestis kasutab sämplit Dido loost „Thank You“.,Stan (song) — Wikipedia permanent revision 1370728686,https://en.wikipedia.org/w/index.php?title=Stan_(song)&oldid=1370728686,CC-BY-SA-4.0,2026-08-23,reviewed,true
built-in-music-clue-0097,built-in-music,Music Pack,built-in-music-set-019,board,round-two,2,easy,pop,Music: Curious Quiz,Muusika: uudishimulik viktoriin,Hallelujah (Leonard Cohen song) — Leonard Cohen’s Hallelujah is classified in this genre.,Hallelujah (Leonard Cohen song) — Leonard Coheni „Hallelujah“ liigitatakse sellesse žanri.,Folk rock,Folkrokk,,,The cited description classifies the song as folk rock.,Viidatud kirjeldus liigitab laulu folkrokiks.,Hallelujah (Leonard Cohen song) — Wikipedia permanent revision 1368425905,https://en.wikipedia.org/w/index.php?title=Hallelujah_(Leonard_Cohen_song)&oldid=1368425905,CC-BY-SA-4.0,2026-08-23,reviewed,true
built-in-music-clue-0103,built-in-music,Music Pack,built-in-music-set-019,board,round-two,3,easy,pop,Music: Curious Quiz,Muusika: uudishimulik viktoriin,MGMT — Which record label has released music by MGMT?,MGMT — Milline plaadifirma on avaldanud MGMT muusikat?,Cantora,Cantora,Columbia;RED;Mom + Pop;BMG,Columbia;RED;Mom + Pop;BMG,"MGMT has released music through Cantora, Columbia, RED, Mom + Pop, and BMG.","MGMT on avaldanud muusikat plaadifirmade Cantora, Columbia, RED, Mom + Pop ja BMG kaudu.",MGMT — Wikipedia permanent revision 1370718587,https://en.wikipedia.org/w/index.php?title=MGMT&oldid=1370718587,CC-BY-SA-4.0,2026-08-23,reviewed,true
built-in-music-clue-0109,built-in-music,Music Pack,built-in-music-set-019,board,round-two,4,easy,pop,Music: Curious Quiz,Muusika: uudishimulik viktoriin,Rage Against the Machine (album) — Rage Against the Machine’s debut arrived on November 6 of which year?,Rage Against the Machine (album) — Millise aasta 6. novembril ilmus Rage Against the Machine’i debüüt?,1992,1992,,,"The self-titled album was released on November 6, 1992.",Omanimeline album ilmus 6. novembril 1992.,Rage Against the Machine (album) — Wikipedia permanent revision 1367966812,https://en.wikipedia.org/w/index.php?title=Rage_Against_the_Machine_(album)&oldid=1367966812,CC-BY-SA-4.0,2026-08-23,reviewed,true
built-in-music-clue-0115,built-in-music,Music Pack,built-in-music-set-019,board,round-two,5,easy,pop,Music: Curious Quiz,Muusika: uudishimulik viktoriin,Lynyrd Skynyrd — Lynyrd Skynyrd first performed under this name.,Lynyrd Skynyrd — Lynyrd Skynyrd esines alguses selle nime all.,My Backyard,My Backyard,,,My Backyard was the original band name.,Bändi algne nimi oli My Backyard.,Lynyrd Skynyrd — Wikipedia permanent revision 1369962452,https://en.wikipedia.org/w/index.php?title=Lynyrd_Skynyrd&oldid=1369962452,CC-BY-SA-4.0,2026-08-23,reviewed,true
built-in-music-clue-0096,built-in-music,Music Pack,built-in-music-set-020,board,round-two,1,easy,composers,Music: Curious Odds & Ends,Muusika: uudishimulik üht-teist,Hallelujah (Leonard Cohen song) — This Canadian songwriter wrote Hallelujah.,Hallelujah (Leonard Cohen song) — See Kanada laulukirjutaja kirjutas „Hallelujah“.,Leonard Cohen,Leonard Cohen,,,Leonard Cohen wrote and first recorded the song.,Leonard Cohen kirjutas laulu ja salvestas selle esimesena.,Hallelujah (Leonard Cohen song) — Wikipedia permanent revision 1368425905,https://en.wikipedia.org/w/index.php?title=Hallelujah_(Leonard_Cohen_song)&oldid=1368425905,CC-BY-SA-4.0,2026-08-23,reviewed,true
built-in-music-clue-0102,built-in-music,Music Pack,built-in-music-set-020,board,round-two,2,easy,composers,Music: Curious Odds & Ends,Muusika: uudishimulik üht-teist,MGMT — Name a genre associated with MGMT.,MGMT — Nimeta üks MGMT-ga seotud žanr.,Indie pop,Indipop,synth-pop;psychedelic pop;indie rock;psychedelic rock;neo-psychedelia;electronic rock,süntpop;psühhedeelne pop;indierokk;psühhedeelne rokk;neopsühhedeelia;elektrooniline rokk,"MGMT’s music spans indie pop, synth-pop, psychedelic pop, indie rock, psychedelic rock, neo-psychedelia, and electronic rock.","MGMT muusika hõlmab indipoppi, süntpoppi, psühhedeelset poppi, indierokki, psühhedeelset rokki, neopsühhedeeliat ja elektroonilist rokki.",MGMT — Wikipedia permanent revision 1370718587,https://en.wikipedia.org/w/index.php?title=MGMT&oldid=1370718587,CC-BY-SA-4.0,2026-08-23,reviewed,true
built-in-music-clue-0108,built-in-music,Music Pack,built-in-music-set-020,board,round-two,3,easy,composers,Music: Curious Odds & Ends,Muusika: uudishimulik üht-teist,Rage Against the Machine (album) — Rage Against the Machine released its debut through this label.,Rage Against the Machine (album) — Rage Against the Machine avaldas oma debüüdi selle plaadifirma kaudu.,Epic,Epic,,,Epic issued the self-titled album.,Epic andis omanimelise albumi välja.,Rage Against the Machine (album) — Wikipedia permanent revision 1367966812,https://en.wikipedia.org/w/index.php?title=Rage_Against_the_Machine_(album)&oldid=1367966812,CC-BY-SA-4.0,2026-08-23,reviewed,true
built-in-music-clue-0114,built-in-music,Music Pack,built-in-music-set-020,board,round-two,4,easy,composers,Music: Curious Odds & Ends,Muusika: uudishimulik üht-teist,Lynyrd Skynyrd — Lynyrd Skynyrd released its first album in this year.,Lynyrd Skynyrd — Lynyrd Skynyrd avaldas oma esimese albumi sel aastal.,1973,1973,,,Its debut record appeared in 1973.,Bändi debüütalbum ilmus 1973. aastal.,Lynyrd Skynyrd — Wikipedia permanent revision 1369962452,https://en.wikipedia.org/w/index.php?title=Lynyrd_Skynyrd&oldid=1369962452,CC-BY-SA-4.0,2026-08-23,reviewed,true
built-in-music-clue-0120,built-in-music,Music Pack,built-in-music-set-020,board,round-two,5,easy,composers,Music: Curious Odds & Ends,Muusika: uudishimulik üht-teist,Out of Time (album) — What is the runtime of Out of Time?,Out of Time (album) — Kui pikk on „Out of Time“?,44:08,44:08,,,The R.E.M. album lasts 44 minutes and 8 seconds.,R.E.M.-i album kestab 44 minutit ja 8 sekundit.,Out of Time (album) — Wikipedia permanent revision 1366479789,https://en.wikipedia.org/w/index.php?title=Out_of_Time_(album)&oldid=1366479789,CC-BY-SA-4.0,2026-08-23,reviewed,true
built-in-music-clue-0101,built-in-music,Music Pack,built-in-music-set-021,board,round-two,1,easy,rock,Music: Classic Mix,Muusika: klassikaline segu,"MGMT — Electric Feel, Kids, and Time to Pretend are songs by this band.","MGMT — „Electric Feel“, „Kids“ ja „Time to Pretend“ on selle bändi laulud.",MGMT,MGMT,,,All three tracks were released by MGMT.,Kõik kolm lugu andis välja MGMT.,MGMT — Wikipedia permanent revision 1370718587,https://en.wikipedia.org/w/index.php?title=MGMT&oldid=1370718587,CC-BY-SA-4.0,2026-08-23,reviewed,true
built-in-music-clue-0107,built-in-music,Music Pack,built-in-music-set-021,board,round-two,2,easy,rock,Music: Classic Mix,Muusika: klassikaline segu,Rage Against the Machine (album) — Give a genre used to describe Rage Against the Machine.,Rage Against the Machine (album) — Nimeta üks Rage Against the Machine’i kirjeldamiseks kasutatud žanr.,Rap metal,Räppmetal,funk metal;alternative metal;rap rock,funk-metal;alternatiivmetal;räpprokk,"The album blends rap metal, funk metal, alternative metal, and rap rock.","Album ühendab räppmetali, funk-metali, alternatiivmetali ja räpproki.",Rage Against the Machine (album) — Wikipedia permanent revision 1367966812,https://en.wikipedia.org/w/index.php?title=Rage_Against_the_Machine_(album)&oldid=1367966812,CC-BY-SA-4.0,2026-08-23,reviewed,true
built-in-music-clue-0113,built-in-music,Music Pack,built-in-music-set-021,board,round-two,3,easy,rock,Music: Classic Mix,Muusika: klassikaline segu,Lynyrd Skynyrd — Lynyrd Skynyrd formed in this year.,Lynyrd Skynyrd — Lynyrd Skynyrd loodi sel aastal.,1964,1964,,,Its original lineup came together in 1964.,Bändi algkoosseis tuli kokku 1964. aastal.,Lynyrd Skynyrd — Wikipedia permanent revision 1369962452,https://en.wikipedia.org/w/index.php?title=Lynyrd_Skynyrd&oldid=1369962452,CC-BY-SA-4.0,2026-08-23,reviewed,true
built-in-music-clue-0119,built-in-music,Music Pack,built-in-music-set-021,board,round-two,4,easy,rock,Music: Classic Mix,Muusika: klassikaline segu,Out of Time (album) — Out of Time arrived on March 12 of which year?,Out of Time (album) — Millise aasta 12. märtsil ilmus „Out of Time“?,1991,1991,,,"R.E.M.’s album was released on March 12, 1991.",R.E.M.-i album ilmus 12. märtsil 1991.,Out of Time (album) — Wikipedia permanent revision 1366479789,https://en.wikipedia.org/w/index.php?title=Out_of_Time_(album)&oldid=1366479789,CC-BY-SA-4.0,2026-08-23,reviewed,true
built-in-music-clue-0125,built-in-music,Music Pack,built-in-music-set-021,board,round-two,5,easy,rock,Music: Classic Mix,Muusika: klassikaline segu,Red Hot Chili Peppers — Red Hot Chili Peppers formed in what year?,Red Hot Chili Peppers — Mis aastal Red Hot Chili Peppers loodi?,1982,1982,,,Red Hot Chili Peppers formed in 1982.,Red Hot Chili Peppers loodi 1982. aastal.,Red Hot Chili Peppers — Wikipedia permanent revision 1367783670,https://en.wikipedia.org/w/index.php?title=Red_Hot_Chili_Peppers&oldid=1367783670,CC-BY-SA-4.0,2026-08-23,reviewed,true
built-in-music-clue-0106,built-in-music,Music Pack,built-in-music-set-022,board,round-two,1,easy,albums,Music: Classic Medley,Muusika: klassikaline valik,Rage Against the Machine (album) — The self-titled debut featuring Killing in the Name was recorded by this band.,Rage Against the Machine (album) — Selle bändi omanimelisel debüütalbumil kõlab „Killing in the Name“.,Rage Against the Machine,Rage Against the Machine,,,Rage Against the Machine released the album as its first studio record.,Rage Against the Machine avaldas selle oma esimese stuudioalbumina.,Rage Against the Machine (album) — Wikipedia permanent revision 1367966812,https://en.wikipedia.org/w/index.php?title=Rage_Against_the_Machine_(album)&oldid=1367966812,CC-BY-SA-4.0,2026-08-23,reviewed,true
built-in-music-clue-0112,built-in-music,Music Pack,built-in-music-set-022,board,round-two,2,easy,albums,Music: Classic Medley,Muusika: klassikaline valik,Lynyrd Skynyrd — Lynyrd Skynyrd formed in this Florida city.,Lynyrd Skynyrd — Lynyrd Skynyrd loodi selles Florida linnas.,Jacksonville,Jacksonville,,,Jacksonville was its place of formation.,Bänd loodi Jacksonville’is.,Lynyrd Skynyrd — Wikipedia permanent revision 1369962452,https://en.wikipedia.org/w/index.php?title=Lynyrd_Skynyrd&oldid=1369962452,CC-BY-SA-4.0,2026-08-23,reviewed,true
built-in-music-clue-0118,built-in-music,Music Pack,built-in-music-set-022,board,round-two,3,easy,albums,Music: Classic Medley,Muusika: klassikaline valik,Out of Time (album) — R.E.M. released Out of Time through this label.,Out of Time (album) — R.E.M. avaldas „Out of Time’i“ selle plaadifirma kaudu.,Warner Bros.,Warner Bros.,,,Warner Bros. issued the album.,Warner Bros. andis albumi välja.,Out of Time (album) — Wikipedia permanent revision 1366479789,https://en.wikipedia.org/w/index.php?title=Out_of_Time_(album)&oldid=1366479789,CC-BY-SA-4.0,2026-08-23,reviewed,true
built-in-music-clue-0124,built-in-music,Music Pack,built-in-music-set-022,board,round-two,4,easy,albums,Music: Classic Medley,Muusika: klassikaline valik,Red Hot Chili Peppers — Red Hot Chili Peppers emerged from which California city?,Red Hot Chili Peppers — Millisest California linnast Red Hot Chili Peppers pärineb?,Los Angeles,Los Angeles,,,Los Angeles is the band’s musical origin.,Los Angeles on bändi muusikaline päritolukoht.,Red Hot Chili Peppers — Wikipedia permanent revision 1367783670,https://en.wikipedia.org/w/index.php?title=Red_Hot_Chili_Peppers&oldid=1367783670,CC-BY-SA-4.0,2026-08-23,reviewed,true
built-in-music-clue-0130,built-in-music,Music Pack,built-in-music-set-022,board,round-two,5,easy,albums,Music: Classic Medley,Muusika: klassikaline valik,Queen (band) — Queen formed in what year?,Queen (band) — Mis aastal Queen loodi?,1970,1970,,,Queen formed in 1970.,Queen loodi 1970. aastal.,Queen (band) — Wikipedia permanent revision 1370831497,https://en.wikipedia.org/w/index.php?title=Queen_(band)&oldid=1370831497,CC-BY-SA-4.0,2026-08-23,reviewed,true
built-in-music-clue-0111,built-in-music,Music Pack,built-in-music-set-023,board,round-two,1,easy,rock,Music: Classic Tour,Muusika: klassikaline ringkäik,Lynyrd Skynyrd — This Southern rock band adapted its name from a high-school gym teacher.,Lynyrd Skynyrd — See lõunaroki bänd kohandas oma nime keskkooli võimlemisõpetaja nimest.,Lynyrd Skynyrd,Lynyrd Skynyrd,,,Lynyrd Skynyrd’s name alludes to teacher Leonard Skinner.,Lynyrd Skynyrdi nimi vihjab õpetaja Leonard Skinnerile.,Lynyrd Skynyrd — Wikipedia permanent revision 1369962452,https://en.wikipedia.org/w/index.php?title=Lynyrd_Skynyrd&oldid=1369962452,CC-BY-SA-4.0,2026-08-23,reviewed,true
built-in-music-clue-0117,built-in-music,Music Pack,built-in-music-set-023,board,round-two,2,easy,rock,Music: Classic Tour,Muusika: klassikaline ringkäik,Out of Time (album) — Which genre is associated with Out of Time?,Out of Time (album) — Millist žanri seostatakse albumiga „Out of Time“?,Alternative rock,Alternatiivrokk,folk rock;chamber pop,folkrokk;kammerpop,"Out of Time is classified as alternative rock, folk rock, and chamber pop.","„Out of Time“ liigitatakse alternatiivroki, folkroki ja kammerpopi alla.",Out of Time (album) — Wikipedia permanent revision 1366479789,https://en.wikipedia.org/w/index.php?title=Out_of_Time_(album)&oldid=1366479789,CC-BY-SA-4.0,2026-08-23,reviewed,true
built-in-music-clue-0123,built-in-music,Music Pack,built-in-music-set-023,board,round-two,3,easy,rock,Music: Classic Tour,Muusika: klassikaline ringkäik,Red Hot Chili Peppers — Which label released music by Red Hot Chili Peppers?,Red Hot Chili Peppers — Milline plaadifirma on avaldanud Red Hot Chili Peppersi muusikat?,Capitol,Capitol,EMI;Enigma;Warner,EMI;Enigma;Warner,"The band released music through Capitol, EMI, Enigma, and Warner.","Bänd on avaldanud muusikat plaadifirmade Capitol, EMI, Enigma ja Warner kaudu.",Red Hot Chili Peppers — Wikipedia permanent revision 1367783670,https://en.wikipedia.org/w/index.php?title=Red_Hot_Chili_Peppers&oldid=1367783670,CC-BY-SA-4.0,2026-08-23,reviewed,true
built-in-music-clue-0129,built-in-music,Music Pack,built-in-music-set-023,board,round-two,4,easy,rock,Music: Classic Tour,Muusika: klassikaline ringkäik,Queen (band) — Queen formed in which city?,Queen (band) — Millises linnas Queen loodi?,London,London,,,London is the band’s recorded musical origin.,Bändi dokumenteeritud muusikaline päritolukoht on London.,Queen (band) — Wikipedia permanent revision 1370831497,https://en.wikipedia.org/w/index.php?title=Queen_(band)&oldid=1370831497,CC-BY-SA-4.0,2026-08-23,reviewed,true
built-in-music-clue-0135,built-in-music,Music Pack,built-in-music-set-023,board,round-two,5,easy,rock,Music: Classic Tour,Muusika: klassikaline ringkäik,Def Leppard — Def Leppard formed in what year?,Def Leppard — Mis aastal Def Leppard loodi?,1976,1976,,,Def Leppard formed in 1976.,Def Leppard loodi 1976. aastal.,Def Leppard — Wikipedia permanent revision 1370537372,https://en.wikipedia.org/w/index.php?title=Def_Leppard&oldid=1370537372,CC-BY-SA-4.0,2026-08-23,reviewed,true
built-in-music-clue-0116,built-in-music,Music Pack,built-in-music-set-024,board,round-two,1,easy,albums,Music: Classic Grab Bag,Muusika: klassikaline üllatuskott,"Out of Time (album) — This band released Out of Time, the album featuring Losing My Religion.","Out of Time (album) — See bänd avaldas albumi „Out of Time“, millel kõlab „Losing My Religion“.",R.E.M.,R.E.M.,,,R.E.M. made the album that marked its international breakthrough.,"R.E.M. tegi albumi, mis tähistas bändi rahvusvahelist läbimurret.",Out of Time (album) — Wikipedia permanent revision 1366479789,https://en.wikipedia.org/w/index.php?title=Out_of_Time_(album)&oldid=1366479789,CC-BY-SA-4.0,2026-08-23,reviewed,true
built-in-music-clue-0122,built-in-music,Music Pack,built-in-music-set-024,board,round-two,2,easy,albums,Music: Classic Grab Bag,Muusika: klassikaline üllatuskott,Red Hot Chili Peppers — Name one genre associated with Red Hot Chili Peppers.,Red Hot Chili Peppers — Nimeta üks Red Hot Chili Peppersiga seotud žanr.,Alternative rock,Alternatiivrokk,funk rock;rap rock;funk metal,funkrokk;räpprokk;funk-metal,"The band’s music includes alternative rock, funk rock, rap rock, and funk metal.","Bändi muusika hõlmab alternatiivrokki, funkrokki, räpprokki ja funk-metal’it.",Red Hot Chili Peppers — Wikipedia permanent revision 1367783670,https://en.wikipedia.org/w/index.php?title=Red_Hot_Chili_Peppers&oldid=1367783670,CC-BY-SA-4.0,2026-08-23,reviewed,true
built-in-music-clue-0128,built-in-music,Music Pack,built-in-music-set-024,board,round-two,3,easy,albums,Music: Classic Grab Bag,Muusika: klassikaline üllatuskott,Queen (band) — Name a record label that released Queen’s music.,Queen (band) — Nimeta üks Queeni muusikat avaldanud plaadifirma.,EMI,EMI,Parlophone;Elektra;Capitol;Hollywood;Island;Virgin EMI;Columbia;Legacy,Parlophone;Elektra;Capitol;Hollywood;Island;Virgin EMI;Columbia;Legacy,"Queen released music through EMI, Parlophone, Elektra, Capitol, Hollywood, Island, Virgin EMI, Columbia, and Legacy.","Queen avaldas muusikat plaadifirmade EMI, Parlophone, Elektra, Capitol, Hollywood, Island, Virgin EMI, Columbia ja Legacy kaudu.",Queen (band) — Wikipedia permanent revision 1370831497,https://en.wikipedia.org/w/index.php?title=Queen_(band)&oldid=1370831497,CC-BY-SA-4.0,2026-08-23,reviewed,true
built-in-music-clue-0134,built-in-music,Music Pack,built-in-music-set-024,board,round-two,4,easy,albums,Music: Classic Grab Bag,Muusika: klassikaline üllatuskott,Def Leppard — Def Leppard formed in which English city?,Def Leppard — Millises Inglismaa linnas Def Leppard loodi?,Sheffield,Sheffield,,,Sheffield is the band’s musical origin.,Sheffield on bändi muusikaline päritolukoht.,Def Leppard — Wikipedia permanent revision 1370537372,https://en.wikipedia.org/w/index.php?title=Def_Leppard&oldid=1370537372,CC-BY-SA-4.0,2026-08-23,reviewed,true
built-in-music-clue-0140,built-in-music,Music Pack,built-in-music-set-024,board,round-two,5,easy,albums,Music: Classic Grab Bag,Muusika: klassikaline üllatuskott,The Cure — The Cure formed in which English town?,The Cure — Millises Inglismaa linnas The Cure loodi?,Crawley,Crawley,,,Crawley is the band’s recorded musical origin.,Bändi dokumenteeritud muusikaline päritolukoht on Crawley.,The Cure — Wikipedia permanent revision 1366671035,https://en.wikipedia.org/w/index.php?title=The_Cure&oldid=1366671035,CC-BY-SA-4.0,2026-08-23,reviewed,true
built-in-music-clue-0121,built-in-music,Music Pack,built-in-music-set-025,board,round-two,1,easy,rock,Music: Classic Roundup,Muusika: klassikaline ülevaade,"Red Hot Chili Peppers — Californication, Can’t Stop, and Under the Bridge belong to this band.","Red Hot Chili Peppers — „Californication“, „Can’t Stop“ ja „Under the Bridge“ kuuluvad selle bändi repertuaari.",Red Hot Chili Peppers,Red Hot Chili Peppers,RHCP;Red Hot Chilli Peppers,RHCP;Red Hot Chilli Peppers,The Red Hot Chili Peppers recorded all three songs.,Red Hot Chili Peppers salvestas kõik kolm laulu.,Red Hot Chili Peppers — Wikipedia permanent revision 1367783670,https://en.wikipedia.org/w/index.php?title=Red_Hot_Chili_Peppers&oldid=1367783670,CC-BY-SA-4.0,2026-08-23,reviewed,true
built-in-music-clue-0127,built-in-music,Music Pack,built-in-music-set-025,board,round-two,2,easy,rock,Music: Classic Roundup,Muusika: klassikaline ülevaade,Queen (band) — What genre is Queen associated with?,Queen (band) — Millise žanriga Queeni seostatakse?,Rock,Rokk,pop,pop,Queen’s music encompasses rock and pop.,Queeni muusika hõlmab rokki ja poppi.,Queen (band) — Wikipedia permanent revision 1370831497,https://en.wikipedia.org/w/index.php?title=Queen_(band)&oldid=1370831497,CC-BY-SA-4.0,2026-08-23,reviewed,true
built-in-music-clue-0133,built-in-music,Music Pack,built-in-music-set-025,board,round-two,3,easy,rock,Music: Classic Roundup,Muusika: klassikaline ülevaade,Def Leppard — Which label released music by Def Leppard?,Def Leppard — Milline plaadifirma on avaldanud Def Leppardi muusikat?,Jugoton,Jugoton,Croatia Records;Mercury;Universal;Phonogram;Vertigo;PolyGram;Bludgeon-Riffola;Island;Frontiers;earMUSIC,Croatia Records;Mercury;Universal;Phonogram;Vertigo;PolyGram;Bludgeon-Riffola;Island;Frontiers;earMUSIC,"Def Leppard released music through Jugoton, Croatia Records, Mercury, Universal, Phonogram, Vertigo, PolyGram, Bludgeon-Riffola, Island, Frontiers, and earMUSIC.","Def Leppard on avaldanud muusikat plaadifirmade Jugoton, Croatia Records, Mercury, Universal, Phonogram, Vertigo, PolyGram, Bludgeon-Riffola, Island, Frontiers ja earMUSIC kaudu.",Def Leppard — Wikipedia permanent revision 1370537372,https://en.wikipedia.org/w/index.php?title=Def_Leppard&oldid=1370537372,CC-BY-SA-4.0,2026-08-23,reviewed,true
built-in-music-clue-0139,built-in-music,Music Pack,built-in-music-set-025,board,round-two,4,easy,rock,Music: Classic Roundup,Muusika: klassikaline ülevaade,The Cure — The roots of The Cure’s performing history date to what year?,The Cure — Mis aastasse ulatuvad The Cure’i esinemisajaloo juured?,1976,1976,,,The group’s performing history dates to 1976.,Ansambli esinemisajalugu ulatub 1976. aastasse.,The Cure — Wikipedia permanent revision 1366671035,https://en.wikipedia.org/w/index.php?title=The_Cure&oldid=1366671035,CC-BY-SA-4.0,2026-08-23,reviewed,true
built-in-music-clue-0145,built-in-music,Music Pack,built-in-music-set-025,board,round-two,5,easy,rock,Music: Classic Roundup,Muusika: klassikaline ülevaade,The Police — Which label released music by The Police?,The Police — Milline plaadifirma avaldas The Police’i muusikat?,Illegal,Illegal,A&M,A&M,The Police released music through Illegal and A&M.,The Police avaldas muusikat plaadifirmade Illegal ja A&M kaudu.,The Police — Wikipedia permanent revision 1370660071,https://en.wikipedia.org/w/index.php?title=The_Police&oldid=1370660071,CC-BY-SA-4.0,2026-08-23,reviewed,true
built-in-music-clue-0126,built-in-music,Music Pack,built-in-music-set-026,board,round-two,1,easy,rock,Music: Classic Sampler,Muusika: klassikaline proovivalik,Queen (band) — Brian May played guitar in this band.,Queen (band) — Brian May mängis selles bändis kitarri.,Queen,Queen,,,May is Queen’s guitarist.,May on Queeni kitarrist.,Queen (band) — Wikipedia permanent revision 1370831497,https://en.wikipedia.org/w/index.php?title=Queen_(band)&oldid=1370831497,CC-BY-SA-4.0,2026-08-23,reviewed,true
built-in-music-clue-0132,built-in-music,Music Pack,built-in-music-set-026,board,round-two,2,easy,rock,Music: Classic Sampler,Muusika: klassikaline proovivalik,Def Leppard — Which genre is associated with Def Leppard?,Def Leppard — Millise žanriga Def Leppardi seostatakse?,Hard rock,Hard rock,glam metal;pop metal;arena rock;heavy metal,glämm-metal;pop-metal;areenirokk;heavy metal,"Def Leppard’s sound includes hard rock, glam metal, pop metal, arena rock, and heavy metal.","Def Leppardi kõla hõlmab hard rock’i, glämm-metal’it, pop-metal’it, areenirokki ja heavy metal’it.",Def Leppard — Wikipedia permanent revision 1370537372,https://en.wikipedia.org/w/index.php?title=Def_Leppard&oldid=1370537372,CC-BY-SA-4.0,2026-08-23,reviewed,true
built-in-music-clue-0138,built-in-music,Music Pack,built-in-music-set-026,board,round-two,3,easy,rock,Music: Classic Sampler,Muusika: klassikaline proovivalik,The Cure — Name a label that released music by The Cure.,The Cure — Nimeta üks The Cure’i muusikat avaldanud plaadifirma.,Fiction,Fiction,Suretone;Geffen;Polydor;Hansa;A&M;Elektra;Asylum;Sire;Warner,Suretone;Geffen;Polydor;Hansa;A&M;Elektra;Asylum;Sire;Warner,"The Cure released music through Fiction, Suretone, Geffen, Polydor, Hansa, A&M, Elektra, Asylum, Sire, and Warner.","The Cure on avaldanud muusikat plaadifirmade Fiction, Suretone, Geffen, Polydor, Hansa, A&M, Elektra, Asylum, Sire ja Warner kaudu.",The Cure — Wikipedia permanent revision 1366671035,https://en.wikipedia.org/w/index.php?title=The_Cure&oldid=1366671035,CC-BY-SA-4.0,2026-08-23,reviewed,true
built-in-music-clue-0144,built-in-music,Music Pack,built-in-music-set-026,board,round-two,4,easy,rock,Music: Classic Sampler,Muusika: klassikaline proovivalik,The Police — The Police formed in what year?,The Police — Mis aastal The Police loodi?,1977,1977,,,The Police formed in 1977.,The Police loodi 1977. aastal.,The Police — Wikipedia permanent revision 1370660071,https://en.wikipedia.org/w/index.php?title=The_Police&oldid=1370660071,CC-BY-SA-4.0,2026-08-23,reviewed,true
built-in-music-clue-0150,built-in-music,Music Pack,built-in-music-set-026,board,round-two,5,easy,rock,Music: Classic Sampler,Muusika: klassikaline proovivalik,Black Sabbath — Black Sabbath formed in what year?,Black Sabbath — Mis aastal Black Sabbath loodi?,1968,1968,,,Black Sabbath formed in 1968.,Black Sabbath loodi 1968. aastal.,Black Sabbath — Wikipedia permanent revision 1370685942,https://en.wikipedia.org/w/index.php?title=Black_Sabbath&oldid=1370685942,CC-BY-SA-4.0,2026-08-23,reviewed,true
built-in-music-clue-0131,built-in-music,Music Pack,built-in-music-set-027,board,round-two,1,easy,rock,Music: Classic Potpourri,Muusika: klassikaline popurrii,"Def Leppard — Rick Allen, a one-armed drummer, performs with this band.",Def Leppard — Ühe käega trummar Rick Allen mängib selles bändis.,Def Leppard,Def Leppard,,,Allen continued as Def Leppard’s drummer after losing an arm.,Allen jätkas pärast käe kaotamist Def Leppardi trummarina.,Def Leppard — Wikipedia permanent revision 1370537372,https://en.wikipedia.org/w/index.php?title=Def_Leppard&oldid=1370537372,CC-BY-SA-4.0,2026-08-23,reviewed,true
built-in-music-clue-0137,built-in-music,Music Pack,built-in-music-set-027,board,round-two,2,easy,rock,Music: Classic Potpourri,Muusika: klassikaline popurrii,The Cure — Name one genre associated with The Cure.,The Cure — Nimeta üks The Cure’iga seotud žanr.,Gothic rock,Gooti rokk,post-punk;alternative rock;new wave,postpunk;alternatiivrokk;uus laine,"The Cure’s music includes gothic rock, post-punk, alternative rock, and new wave.","The Cure’i muusika hõlmab gooti rokki, postpunki, alternatiivrokki ja uut lainet.",The Cure — Wikipedia permanent revision 1366671035,https://en.wikipedia.org/w/index.php?title=The_Cure&oldid=1366671035,CC-BY-SA-4.0,2026-08-23,reviewed,true
built-in-music-clue-0143,built-in-music,Music Pack,built-in-music-set-027,board,round-two,3,easy,rock,Music: Classic Potpourri,Muusika: klassikaline popurrii,The Police — The Police formed in which city?,The Police — Millises linnas The Police loodi?,London,London,,,London is the trio’s recorded musical origin.,Trio dokumenteeritud muusikaline päritolukoht on London.,The Police — Wikipedia permanent revision 1370660071,https://en.wikipedia.org/w/index.php?title=The_Police&oldid=1370660071,CC-BY-SA-4.0,2026-08-23,reviewed,true
built-in-music-clue-0149,built-in-music,Music Pack,built-in-music-set-027,board,round-two,4,easy,rock,Music: Classic Potpourri,Muusika: klassikaline popurrii,Black Sabbath — Black Sabbath formed in which English city?,Black Sabbath — Millises Inglismaa linnas Black Sabbath loodi?,Birmingham,Birmingham,,,Birmingham is the band’s recorded musical origin.,Bändi dokumenteeritud muusikaline päritolukoht on Birmingham.,Black Sabbath — Wikipedia permanent revision 1370685942,https://en.wikipedia.org/w/index.php?title=Black_Sabbath&oldid=1370685942,CC-BY-SA-4.0,2026-08-23,reviewed,true
built-in-music-clue-0155,built-in-music,Music Pack,built-in-music-set-027,board,round-two,5,easy,rock,Music: Classic Potpourri,Muusika: klassikaline popurrii,Love Song (Sara Bareilles song) — Who produced Sara Bareilles’s Love Song?,Love Song (Sara Bareilles song) — Kes produtseeris Sara Bareillesi „Love Songi“?,Eric Rosse,Eric Rosse,,,Eric Rosse produced the track for Sara Bareilles.,Eric Rosse produtseeris loo Sara Bareillesile.,Love Song (Sara Bareilles song) — Wikipedia permanent revision 1368341197,https://en.wikipedia.org/w/index.php?title=Love_Song_(Sara_Bareilles_song)&oldid=1368341197,CC-BY-SA-4.0,2026-08-23,reviewed,true
built-in-music-clue-0136,built-in-music,Music Pack,built-in-music-set-028,board,round-two,1,easy,rock,Music: Classic Challenge,Muusika: klassikaline väljakutse,The Cure — Robert Smith fronts this English band.,The Cure — Robert Smith on selle Inglise bändi ninamees.,The Cure,The Cure,,,Smith is the lead singer and guitarist of the Cure.,Smith on The Cure’i laulja ja kitarrist.,The Cure — Wikipedia permanent revision 1366671035,https://en.wikipedia.org/w/index.php?title=The_Cure&oldid=1366671035,CC-BY-SA-4.0,2026-08-23,reviewed,true
built-in-music-clue-0142,built-in-music,Music Pack,built-in-music-set-028,board,round-two,2,easy,rock,Music: Classic Challenge,Muusika: klassikaline väljakutse,The Police — Which genre is associated with The Police?,The Police — Millise žanriga The Police’i seostatakse?,New wave,Uus laine,reggae rock;post-punk;pop rock,reggaerokk;postpunk;poprokk,"The Police combined new wave, reggae rock, post-punk, and pop rock.","The Police ühendas uue laine, reggaeroki, postpungi ja poproki.",The Police — Wikipedia permanent revision 1370660071,https://en.wikipedia.org/w/index.php?title=The_Police&oldid=1370660071,CC-BY-SA-4.0,2026-08-23,reviewed,true
built-in-music-clue-0148,built-in-music,Music Pack,built-in-music-set-028,board,round-two,3,easy,rock,Music: Classic Challenge,Muusika: klassikaline väljakutse,Black Sabbath — Name a label that released Black Sabbath’s music.,Black Sabbath — Nimeta üks Black Sabbathi muusikat avaldanud plaadifirma.,Fontana,Fontana,Vertigo;Mercury;Virgin EMI;Universal;Warner Bros.;I.R.S.;Sanctuary,Vertigo;Mercury;Virgin EMI;Universal;Warner Bros.;I.R.S.;Sanctuary,"Black Sabbath released music through Fontana, Vertigo, Mercury, Virgin EMI, Universal, Warner Bros., I.R.S., and Sanctuary.","Black Sabbath avaldas muusikat plaadifirmade Fontana, Vertigo, Mercury, Virgin EMI, Universal, Warner Bros., I.R.S. ja Sanctuary kaudu.",Black Sabbath — Wikipedia permanent revision 1370685942,https://en.wikipedia.org/w/index.php?title=Black_Sabbath&oldid=1370685942,CC-BY-SA-4.0,2026-08-23,reviewed,true
built-in-music-clue-0154,built-in-music,Music Pack,built-in-music-set-028,board,round-two,4,easy,rock,Music: Classic Challenge,Muusika: klassikaline väljakutse,Love Song (Sara Bareilles song) — What is the album-version runtime of Sara Bareilles’ Love Song?,Love Song (Sara Bareilles song) — Kui pikk on Sara Bareillesi „Love Songi“ albumiversioon?,4:20,4:20,,,"The album cut runs 4:20, while the radio edit runs 3:53.","Albumiversioon kestab 4:20, raadioversioon aga 3:53.",Love Song (Sara Bareilles song) — Wikipedia permanent revision 1368341197,https://en.wikipedia.org/w/index.php?title=Love_Song_(Sara_Bareilles_song)&oldid=1368341197,CC-BY-SA-4.0,2026-08-23,reviewed,true
built-in-music-clue-0160,built-in-music,Music Pack,built-in-music-set-028,board,round-two,5,easy,rock,Music: Classic Challenge,Muusika: klassikaline väljakutse,Aqua (band) — Aqua began its first active period in which year?,Aqua (band) — Mis aastal algas Aqua esimene tegevusperiood?,1995,1995,,,The group’s recorded activity starts in 1995.,Ansambli dokumenteeritud tegevus algab 1995. aastal.,Aqua (band) — Wikipedia permanent revision 1366115839,https://en.wikipedia.org/w/index.php?title=Aqua_(band)&oldid=1366115839,CC-BY-SA-4.0,2026-08-23,reviewed,true
built-in-music-clue-0141,built-in-music,Music Pack,built-in-music-set-029,board,round-two,1,easy,rock,Music: Classic Quiz,Muusika: klassikaline viktoriin,"The Police — Sting, Stewart Copeland, and Andy Summers formed this trio.","The Police — Sting, Stewart Copeland ja Andy Summers moodustasid selle trio.",The Police,The Police,,,Those three musicians made up the Police’s best-known lineup.,Need kolm muusikut moodustasid The Police’i tuntuima koosseisu.,The Police — Wikipedia permanent revision 1370660071,https://en.wikipedia.org/w/index.php?title=The_Police&oldid=1370660071,CC-BY-SA-4.0,2026-08-23,reviewed,true
built-in-music-clue-0147,built-in-music,Music Pack,built-in-music-set-029,board,round-two,2,easy,rock,Music: Classic Quiz,Muusika: klassikaline viktoriin,Black Sabbath — Black Sabbath is classified in this genre.,Black Sabbath — Black Sabbath liigitatakse sellesse žanri.,Heavy metal,Heavy metal,,,The cited description classifies the band as heavy metal.,Viidatud kirjeldus liigitab bändi heavy metal’i žanrisse.,Black Sabbath — Wikipedia permanent revision 1370685942,https://en.wikipedia.org/w/index.php?title=Black_Sabbath&oldid=1370685942,CC-BY-SA-4.0,2026-08-23,reviewed,true
built-in-music-clue-0153,built-in-music,Music Pack,built-in-music-set-029,board,round-two,3,easy,rock,Music: Classic Quiz,Muusika: klassikaline viktoriin,Love Song (Sara Bareilles song) — Sara Bareilles released Love Song on June 16 of which year?,Love Song (Sara Bareilles song) — Millise aasta 16. juunil avaldas Sara Bareilles „Love Songi“?,2007,2007,,,"Love Song reached listeners on June 16, 2007.",„Love Song“ jõudis kuulajateni 16. juunil 2007.,Love Song (Sara Bareilles song) — Wikipedia permanent revision 1368341197,https://en.wikipedia.org/w/index.php?title=Love_Song_(Sara_Bareilles_song)&oldid=1368341197,CC-BY-SA-4.0,2026-08-23,reviewed,true
built-in-music-clue-0159,built-in-music,Music Pack,built-in-music-set-029,board,round-two,4,easy,rock,Music: Classic Quiz,Muusika: klassikaline viktoriin,Aqua (band) — Aqua formed in which European capital?,Aqua (band) — Millises Euroopa pealinnas Aqua loodi?,Copenhagen,Kopenhaagen,,,Copenhagen is the group’s recorded musical origin.,Ansambli dokumenteeritud muusikaline päritolukoht on Kopenhaagen.,Aqua (band) — Wikipedia permanent revision 1366115839,https://en.wikipedia.org/w/index.php?title=Aqua_(band)&oldid=1366115839,CC-BY-SA-4.0,2026-08-23,reviewed,true
built-in-music-clue-0165,built-in-music,Music Pack,built-in-music-set-029,board,round-two,5,easy,rock,Music: Classic Quiz,Muusika: klassikaline viktoriin,Geri Halliwell — Geri Halliwell was born in this year.,Geri Halliwell — Mis aastal Geri Halliwell sündis?,1972,1972,,,Geri Halliwell’s birth date falls in 1972.,Geri Halliwell sündis 1972. aastal.,Geri Halliwell — Wikipedia permanent revision 1370521553,https://en.wikipedia.org/w/index.php?title=Geri_Halliwell&oldid=1370521553,CC-BY-SA-4.0,2026-08-23,reviewed,true
built-in-music-clue-0146,built-in-music,Music Pack,built-in-music-set-030,board,round-two,1,easy,rock,Music: Classic Odds & Ends,Muusika: klassikaline üht-teist,Black Sabbath — Ozzy Osbourne first became famous as lead singer of this band.,Black Sabbath — Ozzy Osbourne sai esimest korda kuulsaks selle bändi lauljana.,Black Sabbath,Black Sabbath,,,Osbourne fronted Black Sabbath in its classic lineup.,Osbourne oli Black Sabbathi klassikalise koosseisu laulja.,Black Sabbath — Wikipedia permanent revision 1370685942,https://en.wikipedia.org/w/index.php?title=Black_Sabbath&oldid=1370685942,CC-BY-SA-4.0,2026-08-23,reviewed,true
built-in-music-clue-0152,built-in-music,Music Pack,built-in-music-set-030,board,round-two,2,easy,rock,Music: Classic Odds & Ends,Muusika: klassikaline üht-teist,Love Song (Sara Bareilles song) — Sara Bareilles released Love Song through this label.,Love Song (Sara Bareilles song) — Sara Bareilles avaldas „Love Songi“ selle plaadifirma kaudu.,Epic,Epic,,,Epic issued the single.,Epic andis singli välja.,Love Song (Sara Bareilles song) — Wikipedia permanent revision 1368341197,https://en.wikipedia.org/w/index.php?title=Love_Song_(Sara_Bareilles_song)&oldid=1368341197,CC-BY-SA-4.0,2026-08-23,reviewed,true
built-in-music-clue-0158,built-in-music,Music Pack,built-in-music-set-030,board,round-two,3,easy,rock,Music: Classic Odds & Ends,Muusika: klassikaline üht-teist,Aqua (band) — Which label released music by Aqua?,Aqua (band) — Milline plaadifirma avaldas Aqua muusikat?,Universal Music Denmark,Universal Music Denmark,MCA;Mercury;Geffen,MCA;Mercury;Geffen,"Aqua released music through Universal Music Denmark, MCA, Mercury, and Geffen.","Aqua avaldas muusikat plaadifirmade Universal Music Denmark, MCA, Mercury ja Geffen kaudu.",Aqua (band) — Wikipedia permanent revision 1366115839,https://en.wikipedia.org/w/index.php?title=Aqua_(band)&oldid=1366115839,CC-BY-SA-4.0,2026-08-23,reviewed,true
built-in-music-clue-0164,built-in-music,Music Pack,built-in-music-set-030,board,round-two,4,easy,rock,Music: Classic Odds & Ends,Muusika: klassikaline üht-teist,Geri Halliwell — Geri Halliwell left the Spice Girls in what year?,Geri Halliwell — Mis aastal lahkus Geri Halliwell Spice Girlsist?,1998,1998,,,"She left the group in 1998, citing exhaustion and creative differences.","Ta lahkus ansamblist 1998. aastal, põhjendades seda kurnatuse ja loominguliste erimeelsustega.",Geri Halliwell — Wikipedia permanent revision 1370521553,https://en.wikipedia.org/w/index.php?title=Geri_Halliwell&oldid=1370521553,CC-BY-SA-4.0,2026-08-23,reviewed,true
built-in-music-clue-0085,built-in-music,Music Pack,built-in-music-set-030,board,round-two,5,easy,rock,Music: Classic Odds & Ends,Muusika: klassikaline üht-teist,Feel Good Inc. — What is the album-version runtime of Feel Good Inc.?,Feel Good Inc. — Kui pikk on loo „Feel Good Inc.“ albumiversioon?,3:42,3:42,,,"The album cut runs 3:42, compared with 3:28 for the radio edit.","Albumiversioon kestab 3:42, raadioversioon aga 3:28.",Feel Good Inc. — Wikipedia permanent revision 1366306928,https://en.wikipedia.org/w/index.php?title=Feel_Good_Inc.&oldid=1366306928,CC-BY-SA-4.0,2026-08-23,reviewed,true
built-in-music-clue-0151,built-in-music,Music Pack,built-in-music-set-031,board,round-two,1,easy,pop,Music: Unexpected Mix,Muusika: ootamatu segu,Love Song (Sara Bareilles song) — This artist released the hit single Love Song.,Love Song (Sara Bareilles song) — See artist avaldas hittsingli „Love Song“.,Sara Bareilles,Sara Bareilles,,,Sara Bareilles wrote and recorded Love Song.,Sara Bareilles kirjutas ja salvestas „Love Songi“.,Love Song (Sara Bareilles song) — Wikipedia permanent revision 1368341197,https://en.wikipedia.org/w/index.php?title=Love_Song_(Sara_Bareilles_song)&oldid=1368341197,CC-BY-SA-4.0,2026-08-23,reviewed,true
built-in-music-clue-0157,built-in-music,Music Pack,built-in-music-set-031,board,round-two,2,easy,pop,Music: Unexpected Mix,Muusika: ootamatu segu,Aqua (band) — What genre is associated with Aqua?,Aqua (band) — Millise žanriga Aquat seostatakse?,Pop,Pop,dance-pop;bubblegum pop;Europop;Eurodance,tantsupopp;nätsupopp;europopp;eurodance,"Aqua’s music spans pop, dance-pop, bubblegum pop, Europop, and Eurodance.","Aqua muusika hõlmab poppi, tantsupoppi, nätsupoppi, europoppi ja eurodance’i.",Aqua (band) — Wikipedia permanent revision 1366115839,https://en.wikipedia.org/w/index.php?title=Aqua_(band)&oldid=1366115839,CC-BY-SA-4.0,2026-08-23,reviewed,true
built-in-music-clue-0163,built-in-music,Music Pack,built-in-music-set-031,board,round-two,3,easy,pop,Music: Unexpected Mix,Muusika: ootamatu segu,"Geri Halliwell — Outside the Spice Girls, name one professional role Geri Halliwell has held.",Geri Halliwell — Nimeta üks Geri Halliwelli amet väljaspool Spice Girlsi.,Singer,Laulja,songwriter;television personality;author;actress,laulukirjutaja;telenägu;kirjanik;näitleja,"Halliwell has worked as a singer, songwriter, television personality, author, and actress.","Halliwell on töötanud laulja, laulukirjutaja, telenäo, kirjaniku ja näitlejana.",Geri Halliwell — Wikipedia permanent revision 1370521553,https://en.wikipedia.org/w/index.php?title=Geri_Halliwell&oldid=1370521553,CC-BY-SA-4.0,2026-08-23,reviewed,true
built-in-music-clue-0084,built-in-music,Music Pack,built-in-music-set-031,board,round-two,4,easy,pop,Music: Unexpected Mix,Muusika: ootamatu segu,Feel Good Inc. — Feel Good Inc. reached listeners on May 9 of which year?,Feel Good Inc. — Millise aasta 9. mail jõudis „Feel Good Inc.“ kuulajateni?,2005,2005,,,"The Gorillaz single was released on May 9, 2005.",Gorillazi singel ilmus 9. mail 2005.,Feel Good Inc. — Wikipedia permanent revision 1366306928,https://en.wikipedia.org/w/index.php?title=Feel_Good_Inc.&oldid=1366306928,CC-BY-SA-4.0,2026-08-23,reviewed,true
built-in-music-clue-0090,built-in-music,Music Pack,built-in-music-set-031,board,round-two,5,easy,pop,Music: Unexpected Mix,Muusika: ootamatu segu,Play (Moby album) — What is the runtime of Moby’s Play?,Play (Moby album) — Kui pikk on Moby album „Play“?,63:18,63:18,,,The full album lasts 63 minutes and 18 seconds.,Kogu album kestab 63 minutit ja 18 sekundit.,Play (Moby album) — Wikipedia permanent revision 1360797884,https://en.wikipedia.org/w/index.php?title=Play_(Moby_album)&oldid=1360797884,CC-BY-SA-4.0,2026-08-23,reviewed,true
built-in-music-clue-0156,built-in-music,Music Pack,built-in-music-set-032,board,round-two,1,easy,pop,Music: Unexpected Medley,Muusika: ootamatu valik,"Aqua (band) — Doctor Jones, Turn Back Time, and Barbie Girl were UK number ones for this group.","Aqua (band) — „Doctor Jones“, „Turn Back Time“ ja „Barbie Girl“ olid selle ansambli Suurbritannia edetabeli esikohalood.",Aqua,Aqua,,,Aqua recorded all three singles.,Aqua salvestas kõik kolm singlit.,Aqua (band) — Wikipedia permanent revision 1366115839,https://en.wikipedia.org/w/index.php?title=Aqua_(band)&oldid=1366115839,CC-BY-SA-4.0,2026-08-23,reviewed,true
built-in-music-clue-0162,built-in-music,Music Pack,built-in-music-set-032,board,round-two,2,easy,pop,Music: Unexpected Medley,Muusika: ootamatu valik,Geri Halliwell — Which genre is associated with Geri Halliwell?,Geri Halliwell — Millise žanriga seostatakse Geri Halliwelli?,Pop,Pop,dance-pop,tantsupopp,Halliwell’s music is described as pop and dance-pop.,Halliwelli muusikat kirjeldatakse popi ja tantsupopina.,Geri Halliwell — Wikipedia permanent revision 1370521553,https://en.wikipedia.org/w/index.php?title=Geri_Halliwell&oldid=1370521553,CC-BY-SA-4.0,2026-08-23,reviewed,true
built-in-music-clue-0083,built-in-music,Music Pack,built-in-music-set-032,board,round-two,3,easy,pop,Music: Unexpected Medley,Muusika: ootamatu valik,Feel Good Inc. — Name one label associated with Feel Good Inc.,Feel Good Inc. — Nimeta üks looga „Feel Good Inc.“ seotud plaadifirma.,Parlophone,Parlophone,Virgin,Virgin,The single carries Parlophone and Virgin label credits.,Singli juures on plaadifirmadena märgitud Parlophone ja Virgin.,Feel Good Inc. — Wikipedia permanent revision 1366306928,https://en.wikipedia.org/w/index.php?title=Feel_Good_Inc.&oldid=1366306928,CC-BY-SA-4.0,2026-08-23,reviewed,true
built-in-music-clue-0089,built-in-music,Music Pack,built-in-music-set-032,board,round-two,4,easy,pop,Music: Unexpected Medley,Muusika: ootamatu valik,Play (Moby album) — Moby’s Play arrived on May 17 of which year?,Play (Moby album) — Millise aasta 17. mail ilmus Moby „Play“?,1999,1999,,,"The album was released on May 17, 1999.",Album ilmus 17. mail 1999.,Play (Moby album) — Wikipedia permanent revision 1360797884,https://en.wikipedia.org/w/index.php?title=Play_(Moby_album)&oldid=1360797884,CC-BY-SA-4.0,2026-08-23,reviewed,true
built-in-music-clue-0095,built-in-music,Music Pack,built-in-music-set-032,board,round-two,5,easy,pop,Music: Unexpected Medley,Muusika: ootamatu valik,Stan (song) — What is the album-version runtime of Stan?,Stan (song) — Kui pikk on „Stani“ albumiversioon?,6:44,6:44,,,"The album cut runs 6:44, while the radio edit runs 5:31.","Albumiversioon kestab 6:44, raadioversioon aga 5:31.",Stan (song) — Wikipedia permanent revision 1370728686,https://en.wikipedia.org/w/index.php?title=Stan_(song)&oldid=1370728686,CC-BY-SA-4.0,2026-08-23,reviewed,true
built-in-music-clue-0161,built-in-music,Music Pack,built-in-music-set-033,board,round-two,1,easy,pop,Music: Unexpected Tour,Muusika: ootamatu ringkäik,Geri Halliwell — This Spice Girls member was known as Ginger Spice.,Geri Halliwell — Seda Spice Girlsi liiget tunti Ginger Spice’i nime all.,Geri Halliwell,Geri Halliwell,,,Geri Halliwell used the Ginger Spice nickname.,Geri Halliwell kasutas hüüdnime Ginger Spice.,Geri Halliwell — Wikipedia permanent revision 1370521553,https://en.wikipedia.org/w/index.php?title=Geri_Halliwell&oldid=1370521553,CC-BY-SA-4.0,2026-08-23,reviewed,true
built-in-music-clue-0082,built-in-music,Music Pack,built-in-music-set-033,board,round-two,2,easy,pop,Music: Unexpected Tour,Muusika: ootamatu ringkäik,Feel Good Inc. — How is Feel Good Inc. classified by genre?,Feel Good Inc. — Millisesse žanri liigitatakse „Feel Good Inc.“?,Alternative rock,Alternatiivrokk,hip-hop;rap rock;funk rock,hiphop;räpprokk;funkrokk,"The song blends alternative rock, hip-hop, rap rock, and funk rock.","Laul ühendab alternatiivroki, hiphopi, räpproki ja funkroki.",Feel Good Inc. — Wikipedia permanent revision 1366306928,https://en.wikipedia.org/w/index.php?title=Feel_Good_Inc.&oldid=1366306928,CC-BY-SA-4.0,2026-08-23,reviewed,true
built-in-music-clue-0088,built-in-music,Music Pack,built-in-music-set-033,board,round-two,3,easy,pop,Music: Unexpected Tour,Muusika: ootamatu ringkäik,Play (Moby album) — Name one label associated with Moby’s Play.,Play (Moby album) — Nimeta üks Moby albumiga „Play“ seotud plaadifirma.,Mute,Mute,V2,V2,Play has release credits for Mute and V2.,Albumi „Play“ väljaandjatena on märgitud Mute ja V2.,Play (Moby album) — Wikipedia permanent revision 1360797884,https://en.wikipedia.org/w/index.php?title=Play_(Moby_album)&oldid=1360797884,CC-BY-SA-4.0,2026-08-23,reviewed,true
built-in-music-clue-0094,built-in-music,Music Pack,built-in-music-set-033,board,round-two,4,easy,pop,Music: Unexpected Tour,Muusika: ootamatu ringkäik,Stan (song) — Eminem’s Stan reached listeners on November 20 of which year?,Stan (song) — Millise aasta 20. novembril jõudis Eminemi „Stan“ kuulajateni?,2000,2000,,,"The single was released on November 20, 2000.",Singel ilmus 20. novembril 2000.,Stan (song) — Wikipedia permanent revision 1370728686,https://en.wikipedia.org/w/index.php?title=Stan_(song)&oldid=1370728686,CC-BY-SA-4.0,2026-08-23,reviewed,true
built-in-music-clue-0100,built-in-music,Music Pack,built-in-music-set-033,board,round-two,5,easy,pop,Music: Unexpected Tour,Muusika: ootamatu ringkäik,Hallelujah (Leonard Cohen song) — What is the runtime of Leonard Cohen’s Hallelujah?,Hallelujah (Leonard Cohen song) — Kui pikk on Leonard Coheni „Hallelujah“?,4:39,4:39,,,The original recording runs 4 minutes and 39 seconds.,Algne salvestis kestab 4 minutit ja 39 sekundit.,Hallelujah (Leonard Cohen song) — Wikipedia permanent revision 1368425905,https://en.wikipedia.org/w/index.php?title=Hallelujah_(Leonard_Cohen_song)&oldid=1368425905,CC-BY-SA-4.0,2026-08-23,reviewed,true
built-in-music-clue-0166,built-in-music,Music Pack,built-in-music-set-034,board,round-one,1,medium,pop,Music: Unexpected Grab Bag,Muusika: ootamatu üllatuskott,Culture Club — Boy George fronted this 1984 Brit Award-winning band.,Culture Club — Boy George oli selle 1984. aastal Brit Awardi võitnud ansambli solist.,Culture Club,Culture Club,,,Culture Club won the British group award that year.,Culture Club võitis tol aastal Briti parima ansambli auhinna.,Culture Club — Wikipedia permanent revision 1370213370,https://en.wikipedia.org/w/index.php?title=Culture_Club&oldid=1370213370,CC-BY-SA-4.0,2026-08-23,reviewed,true
built-in-music-clue-0172,built-in-music,Music Pack,built-in-music-set-034,board,round-one,2,medium,pop,Music: Unexpected Grab Bag,Muusika: ootamatu üllatuskott,The Jets (Minnesota band) — The Jets placed this many singles in the US top ten.,The Jets (Minnesota band) — Nii mitu The Jetsi singlit jõudis USA esikümnesse.,Five,Viis,,,Its worldwide-success period produced five top-ten hits.,Ansambli ülemaailmse edu perioodil jõudis esikümnesse viis singlit.,The Jets (Minnesota band) — Wikipedia permanent revision 1367717458,https://en.wikipedia.org/w/index.php?title=The_Jets_(Minnesota_band)&oldid=1367717458,CC-BY-SA-4.0,2026-08-23,reviewed,true
built-in-music-clue-0178,built-in-music,Music Pack,built-in-music-set-034,board,round-one,3,medium,pop,Music: Unexpected Grab Bag,Muusika: ootamatu üllatuskott,Africa (song) — Toto released Africa through this label.,Africa (song) — Toto andis „Africa“ välja selle plaadifirma alt.,Columbia,Columbia,,,Columbia issued the single.,Columbia andis singli välja.,Africa (song) — Wikipedia permanent revision 1369383647,https://en.wikipedia.org/w/index.php?title=Africa_(song)&oldid=1369383647,CC-BY-SA-4.0,2026-08-23,reviewed,true
built-in-music-clue-0184,built-in-music,Music Pack,built-in-music-set-034,board,round-one,4,medium,pop,Music: Unexpected Grab Bag,Muusika: ootamatu üllatuskott,Eminem — Eminem was born in this year.,Eminem — Mis aastal Eminem sündis?,1972,1972,,,His birth date is 17 October 1972.,Ta sündis 17. oktoobril 1972.,Eminem — Wikipedia permanent revision 1369790887,https://en.wikipedia.org/w/index.php?title=Eminem&oldid=1369790887,CC-BY-SA-4.0,2026-08-23,reviewed,true
built-in-music-clue-0190,built-in-music,Music Pack,built-in-music-set-034,board,round-one,5,medium,pop,Music: Unexpected Grab Bag,Muusika: ootamatu üllatuskott,Chris Martin — Chris Martin was born in this year.,Chris Martin — Mis aastal Chris Martin sündis?,1977,1977,,,His birth date is 2 March 1977.,Ta sündis 2. märtsil 1977.,Chris Martin — Wikipedia permanent revision 1369337718,https://en.wikipedia.org/w/index.php?title=Chris_Martin&oldid=1369337718,CC-BY-SA-4.0,2026-08-23,reviewed,true
built-in-music-clue-0171,built-in-music,Music Pack,built-in-music-set-035,board,round-one,1,medium,pop,Music: Unexpected Roundup,Muusika: ootamatu ülevaade,The Jets (Minnesota band) — Crush on You gave this American family band a top-ten hit in 1986.,The Jets (Minnesota band) — „Crush on You“ tõi sellele Ameerika pereansamblile 1986. aastal esikümnehiti.,The Jets,The Jets,,,The Jets released the single in 1986.,The Jets avaldas singli 1986. aastal.,The Jets (Minnesota band) — Wikipedia permanent revision 1367717458,https://en.wikipedia.org/w/index.php?title=The_Jets_(Minnesota_band)&oldid=1367717458,CC-BY-SA-4.0,2026-08-23,reviewed,true
built-in-music-clue-0177,built-in-music,Music Pack,built-in-music-set-035,board,round-one,2,medium,pop,Music: Unexpected Roundup,Muusika: ootamatu ülevaade,Africa (song) — Which genre is associated with Toto’s Africa?,Africa (song) — Millise žanriga seostatakse Toto laulu „Africa“?,Pop,Pop,synth-pop;soft rock;yacht rock,süntpopp;pehme rokk;yacht rock,"Africa blends pop, synth-pop, soft rock, and yacht rock.","„Africa“ ühendab poppi, süntpoppi, pehmet rokki ja yacht rock’i.",Africa (song) — Wikipedia permanent revision 1369383647,https://en.wikipedia.org/w/index.php?title=Africa_(song)&oldid=1369383647,CC-BY-SA-4.0,2026-08-23,reviewed,true
built-in-music-clue-0183,built-in-music,Music Pack,built-in-music-set-035,board,round-one,3,medium,pop,Music: Unexpected Roundup,Muusika: ootamatu ülevaade,"Eminem — Besides rapping, Eminem has this studio occupation.",Eminem — Lisaks räppimisele on Eminem stuudios pidanud seda ametit.,Record producer,Plaadiprodutsent,,,He is also a record producer.,Ta on ka plaadiprodutsent.,Eminem — Wikipedia permanent revision 1369790887,https://en.wikipedia.org/w/index.php?title=Eminem&oldid=1369790887,CC-BY-SA-4.0,2026-08-23,reviewed,true
built-in-music-clue-0189,built-in-music,Music Pack,built-in-music-set-035,board,round-one,4,medium,pop,Music: Unexpected Roundup,Muusika: ootamatu ülevaade,Chris Martin — Chris Martin was born in this Devon city.,Chris Martin — Chris Martin sündis selles Devoni linnas.,Exeter,Exeter,,,Exeter is his recorded birthplace.,Tema dokumenteeritud sünnikoht on Exeter.,Chris Martin — Wikipedia permanent revision 1369337718,https://en.wikipedia.org/w/index.php?title=Chris_Martin&oldid=1369337718,CC-BY-SA-4.0,2026-08-23,reviewed,true
built-in-music-clue-0195,built-in-music,Music Pack,built-in-music-set-035,board,round-one,5,medium,pop,Music: Unexpected Roundup,Muusika: ootamatu ülevaade,GoldenEye (song) — What is the runtime of Tina Turner’s GoldenEye?,GoldenEye (song) — Kui pikk on Tina Turneri „GoldenEye“?,4:41,4:41,,,The Bond theme runs 4 minutes and 41 seconds.,Bondi tunnuslugu kestab 4 minutit ja 41 sekundit.,GoldenEye (song) — Wikipedia permanent revision 1367225767,https://en.wikipedia.org/w/index.php?title=GoldenEye_(song)&oldid=1367225767,CC-BY-SA-4.0,2026-08-23,reviewed,true
built-in-music-clue-0176,built-in-music,Music Pack,built-in-music-set-036,board,round-one,1,medium,pop,Music: Unexpected Sampler,Muusika: ootamatu proovivalik,Africa (song) — This band had a 1983 hit with Africa.,Africa (song) — Selle ansambli 1983. aasta hitt oli „Africa“.,Toto,Toto,,,Toto recorded Africa for the album Toto IV.,Toto salvestas „Africa“ albumile „Toto IV“.,Africa (song) — Wikipedia permanent revision 1369383647,https://en.wikipedia.org/w/index.php?title=Africa_(song)&oldid=1369383647,CC-BY-SA-4.0,2026-08-23,reviewed,true
built-in-music-clue-0182,built-in-music,Music Pack,built-in-music-set-036,board,round-one,2,medium,pop,Music: Unexpected Sampler,Muusika: ootamatu proovivalik,Eminem — This Michigan city is listed as Eminem’s musical origin.,Eminem — See Michigani linn on märgitud Eminemi muusikaliseks päritolukohaks.,Detroit,Detroit,,,Detroit is the origin named in his music profile.,Tema muusikaprofiilis on päritolukohana nimetatud Detroit.,Eminem — Wikipedia permanent revision 1369790887,https://en.wikipedia.org/w/index.php?title=Eminem&oldid=1369790887,CC-BY-SA-4.0,2026-08-23,reviewed,true
built-in-music-clue-0188,built-in-music,Music Pack,built-in-music-set-036,board,round-one,3,medium,pop,Music: Unexpected Sampler,Muusika: ootamatu proovivalik,Chris Martin — Coldplay’s members met while studying at this university.,Chris Martin — Coldplay liikmed kohtusid selles ülikoolis õppides.,University College London,University College London,,,Martin formed the group with classmates at University College London.,Martin moodustas ansambli University College Londoni õpingukaaslastega.,Chris Martin — Wikipedia permanent revision 1369337718,https://en.wikipedia.org/w/index.php?title=Chris_Martin&oldid=1369337718,CC-BY-SA-4.0,2026-08-23,reviewed,true
built-in-music-clue-0194,built-in-music,Music Pack,built-in-music-set-036,board,round-one,4,medium,pop,Music: Unexpected Sampler,Muusika: ootamatu proovivalik,GoldenEye (song) — GoldenEye reached listeners on November 6 of which year?,GoldenEye (song) — Millise aasta 6. novembril jõudis „GoldenEye“ kuulajateni?,1995,1995,,,"Tina Turner’s Bond theme was released on November 6, 1995.",Tina Turneri Bondi tunnuslugu ilmus 6. novembril 1995.,GoldenEye (song) — Wikipedia permanent revision 1367225767,https://en.wikipedia.org/w/index.php?title=GoldenEye_(song)&oldid=1367225767,CC-BY-SA-4.0,2026-08-23,reviewed,true
built-in-music-clue-0200,built-in-music,Music Pack,built-in-music-set-036,board,round-one,5,medium,pop,Music: Unexpected Sampler,Muusika: ootamatu proovivalik,Robbie Williams — Robbie Williams was born in this year.,Robbie Williams — Mis aastal Robbie Williams sündis?,1974,1974,,,Robbie Williams’s birth date falls in 1974.,Robbie Williams sündis 1974. aastal.,Robbie Williams — Wikipedia permanent revision 1369410975,https://en.wikipedia.org/w/index.php?title=Robbie_Williams&oldid=1369410975,CC-BY-SA-4.0,2026-08-23,reviewed,true
built-in-music-clue-0181,built-in-music,Music Pack,built-in-music-set-037,board,round-one,1,medium,performers,Music: Unexpected Potpourri,Muusika: ootamatu popurrii,Eminem — Eminem was born under this name.,Eminem — Eminemi sünninimi oli see.,Marshall Mathers,Marshall Mathers,,,Marshall Bruce Mathers III is the rapper’s full birth name.,Räppari täielik sünninimi on Marshall Bruce Mathers III.,Eminem — Wikipedia permanent revision 1369790887,https://en.wikipedia.org/w/index.php?title=Eminem&oldid=1369790887,CC-BY-SA-4.0,2026-08-23,reviewed,true
built-in-music-clue-0187,built-in-music,Music Pack,built-in-music-set-037,board,round-one,2,medium,performers,Music: Unexpected Potpourri,Muusika: ootamatu popurrii,Chris Martin — Chris Martin plays this keyboard instrument in Coldplay.,Chris Martin — Chris Martin mängib Coldplays seda klahvpilli.,Piano,Klaver,,,He performs as the group’s pianist as well as vocalist.,Ta esineb ansamblis nii pianisti kui ka lauljana.,Chris Martin — Wikipedia permanent revision 1369337718,https://en.wikipedia.org/w/index.php?title=Chris_Martin&oldid=1369337718,CC-BY-SA-4.0,2026-08-23,reviewed,true
built-in-music-clue-0193,built-in-music,Music Pack,built-in-music-set-037,board,round-one,3,medium,performers,Music: Unexpected Potpourri,Muusika: ootamatu popurrii,GoldenEye (song) — Name one label associated with Tina Turner’s GoldenEye.,GoldenEye (song) — Nimeta üks Tina Turneri lauluga „GoldenEye“ seotud plaadifirma.,Virgin,Virgin,Parlophone,Parlophone,The single carries Virgin and Parlophone label credits.,Singli plaadifirmadena on märgitud Virgin ja Parlophone.,GoldenEye (song) — Wikipedia permanent revision 1367225767,https://en.wikipedia.org/w/index.php?title=GoldenEye_(song)&oldid=1367225767,CC-BY-SA-4.0,2026-08-23,reviewed,true
built-in-music-clue-0199,built-in-music,Music Pack,built-in-music-set-037,board,round-one,4,medium,performers,Music: Unexpected Potpourri,Muusika: ootamatu popurrii,Robbie Williams — Robbie Williams began his recorded career in which year?,Robbie Williams — Mis aastal algas Robbie Williamsi dokumenteeritud karjäär?,1990,1990,,,His active history starts in 1990.,Tema dokumenteeritud tegevuslugu algab 1990. aastast.,Robbie Williams — Wikipedia permanent revision 1369410975,https://en.wikipedia.org/w/index.php?title=Robbie_Williams&oldid=1369410975,CC-BY-SA-4.0,2026-08-23,reviewed,true
built-in-music-clue-0205,built-in-music,Music Pack,built-in-music-set-037,board,round-one,5,medium,performers,Music: Unexpected Potpourri,Muusika: ootamatu popurrii,The Wurzels — Which label released music by The Wurzels?,The Wurzels — Milline plaadifirma avaldas The Wurzelsi muusikat?,Columbia,Columbia,EMI;Sony;Cruisin,EMI;Sony;Cruisin,"The Wurzels released music through Columbia, EMI, Sony, and Cruisin.","The Wurzels avaldas muusikat plaadifirmade Columbia, EMI, Sony ja Cruisin kaudu.",The Wurzels — Wikipedia permanent revision 1368243470,https://en.wikipedia.org/w/index.php?title=The_Wurzels&oldid=1368243470,CC-BY-SA-4.0,2026-08-23,reviewed,true
built-in-music-clue-0186,built-in-music,Music Pack,built-in-music-set-038,board,round-one,1,medium,performers,Music: Unexpected Challenge,Muusika: ootamatu väljakutse,Chris Martin — This singer is Coldplay’s frontman.,Chris Martin — See laulja on Coldplay solist.,Chris Martin,Chris Martin,,,Chris Martin is Coldplay’s lead vocalist.,Chris Martin on Coldplay peavokalist.,Chris Martin — Wikipedia permanent revision 1369337718,https://en.wikipedia.org/w/index.php?title=Chris_Martin&oldid=1369337718,CC-BY-SA-4.0,2026-08-23,reviewed,true
built-in-music-clue-0192,built-in-music,Music Pack,built-in-music-set-038,board,round-one,2,medium,performers,Music: Unexpected Challenge,Muusika: ootamatu väljakutse,GoldenEye (song) — Tina Turner’s GoldenEye is classified in this genre.,GoldenEye (song) — Tina Turneri „GoldenEye“ kuulub sellesse žanri.,Electronica,Elektroonika,Electronic music,elektrooniline muusika,The cited description classifies the song as electronica.,Viidatud kirjeldus liigitab loo elektroonika žanrisse.,GoldenEye (song) — Wikipedia permanent revision 1367225767,https://en.wikipedia.org/w/index.php?title=GoldenEye_(song)&oldid=1367225767,CC-BY-SA-4.0,2026-08-23,reviewed,true
built-in-music-clue-0198,built-in-music,Music Pack,built-in-music-set-038,board,round-one,3,medium,performers,Music: Unexpected Challenge,Muusika: ootamatu väljakutse,Robbie Williams — Name one professional role Robbie Williams has held.,Robbie Williams — Nimeta üks Robbie Williamsi amet.,Singer,Laulja,songwriter,laulukirjutaja,Robbie Williams has worked as a singer and songwriter.,Robbie Williams on töötanud laulja ja laulukirjutajana.,Robbie Williams — Wikipedia permanent revision 1369410975,https://en.wikipedia.org/w/index.php?title=Robbie_Williams&oldid=1369410975,CC-BY-SA-4.0,2026-08-23,reviewed,true
built-in-music-clue-0204,built-in-music,Music Pack,built-in-music-set-038,board,round-one,4,medium,performers,Music: Unexpected Challenge,Muusika: ootamatu väljakutse,The Wurzels — The Wurzels began performing in which year?,The Wurzels — Mis aastal hakkas The Wurzels esinema?,1966,1966,,,The band’s active history starts in 1966.,Ansambli dokumenteeritud tegevuslugu algab 1966. aastast.,The Wurzels — Wikipedia permanent revision 1368243470,https://en.wikipedia.org/w/index.php?title=The_Wurzels&oldid=1368243470,CC-BY-SA-4.0,2026-08-23,reviewed,true
built-in-music-clue-0210,built-in-music,Music Pack,built-in-music-set-038,board,round-one,5,medium,performers,Music: Unexpected Challenge,Muusika: ootamatu väljakutse,M.I.A. (rapper) — Mathangi Arulpragasam’s name is also presented in this language.,M.I.A. (rapper) — Mathangi Arulpragasami nimi on esitatud ka selles keeles.,Tamil,Tamili keel,,,Her name and professional initialism are both given in Tamil.,Nii tema nimi kui ka artistinime lühend on esitatud tamili keeles.,M.I.A. (rapper) — Wikipedia permanent revision 1369910524,https://en.wikipedia.org/w/index.php?title=M.I.A._(rapper)&oldid=1369910524,CC-BY-SA-4.0,2026-08-23,reviewed,true
built-in-music-clue-0191,built-in-music,Music Pack,built-in-music-set-039,board,round-one,1,medium,performers,Music: Unexpected Quiz,Muusika: ootamatu viktoriin,GoldenEye (song) — This singer performed the title theme for the Bond film GoldenEye.,GoldenEye (song) — See laulja esitas Bondi-filmi „GoldenEye“ nimiloo.,Tina Turner,Tina Turner,,,Tina Turner performs the Bond theme heard over the opening titles.,"Tina Turner esitab Bondi tunnusloo, mis kõlab algustiitrite ajal.",GoldenEye (song) — Wikipedia permanent revision 1367225767,https://en.wikipedia.org/w/index.php?title=GoldenEye_(song)&oldid=1367225767,CC-BY-SA-4.0,2026-08-23,reviewed,true
built-in-music-clue-0197,built-in-music,Music Pack,built-in-music-set-039,board,round-one,2,medium,performers,Music: Unexpected Quiz,Muusika: ootamatu viktoriin,Robbie Williams — Name one genre associated with Robbie Williams.,Robbie Williams — Nimeta üks Robbie Williamsiga seotud žanr.,Pop,Pop,pop rock;soft rock;electronic dance;alternative rock,poprokk;pehme rokk;elektrooniline tantsumuusika;alternatiivrokk,"Williams’s music spans pop, pop rock, soft rock, electronic dance, and alternative rock.","Williamsi muusika hõlmab poppi, poprokki, pehmet rokki, elektroonilist tantsumuusikat ja alternatiivrokki.",Robbie Williams — Wikipedia permanent revision 1369410975,https://en.wikipedia.org/w/index.php?title=Robbie_Williams&oldid=1369410975,CC-BY-SA-4.0,2026-08-23,reviewed,true
built-in-music-clue-0203,built-in-music,Music Pack,built-in-music-set-039,board,round-one,3,medium,performers,Music: Unexpected Quiz,Muusika: ootamatu viktoriin,The Wurzels — The Wurzels came from which Somerset town?,The Wurzels — Millisest Somerseti linnast The Wurzels pärineb?,Nailsea,Nailsea,,,Nailsea is the novelty band’s recorded musical origin.,Naljalaulude ansambli dokumenteeritud muusikaline päritolukoht on Nailsea.,The Wurzels — Wikipedia permanent revision 1368243470,https://en.wikipedia.org/w/index.php?title=The_Wurzels&oldid=1368243470,CC-BY-SA-4.0,2026-08-23,reviewed,true
built-in-music-clue-0209,built-in-music,Music Pack,built-in-music-set-039,board,round-one,4,medium,performers,Music: Unexpected Quiz,Muusika: ootamatu viktoriin,"M.I.A. (rapper) — Alongside electronic instruments, M.I.A. builds tracks with these reused sound elements.",M.I.A. (rapper) — Lisaks elektroonilistele pillidele loob M.I.A. lugusid nende taaskasutatud helielementidega.,Samples,Sämplid,,,Samples are part of the production palette described for her music.,Sämplid kuuluvad tema muusika kirjeldatud produktsioonivahendite hulka.,M.I.A. (rapper) — Wikipedia permanent revision 1369910524,https://en.wikipedia.org/w/index.php?title=M.I.A._(rapper)&oldid=1369910524,CC-BY-SA-4.0,2026-08-23,reviewed,true
built-in-music-clue-0215,built-in-music,Music Pack,built-in-music-set-039,board,round-one,5,medium,performers,Music: Unexpected Quiz,Muusika: ootamatu viktoriin,Sukiyaki (song) — What is the runtime of Sukiyaki?,Sukiyaki (song) — Kui pikk on „Sukiyaki“?,3:05,3:05,,,The Japanese-language recording lasts 3 minutes and 5 seconds.,Jaapanikeelne salvestis kestab 3 minutit ja 5 sekundit.,Sukiyaki (song) — Wikipedia permanent revision 1367251801,https://en.wikipedia.org/w/index.php?title=Sukiyaki_(song)&oldid=1367251801,CC-BY-SA-4.0,2026-08-23,reviewed,true
built-in-music-clue-0196,built-in-music,Music Pack,built-in-music-set-040,board,round-one,1,medium,performers,Music: Unexpected Odds & Ends,Muusika: ootamatu üht-teist,Robbie Williams — This former Take That member released Angels in 1997.,Robbie Williams — See endine Take Thati liige avaldas 1997. aastal singli „Angels“.,Robbie Williams,Robbie Williams,,,Robbie Williams issued Angels as a solo single.,Robbie Williams andis „Angelsi“ välja soolosinglina.,Robbie Williams — Wikipedia permanent revision 1369410975,https://en.wikipedia.org/w/index.php?title=Robbie_Williams&oldid=1369410975,CC-BY-SA-4.0,2026-08-23,reviewed,true
built-in-music-clue-0202,built-in-music,Music Pack,built-in-music-set-040,board,round-one,2,medium,performers,Music: Unexpected Odds & Ends,Muusika: ootamatu üht-teist,The Wurzels — The Wurzels are known for this cider-country genre.,The Wurzels — The Wurzels on tuntud selle siidripiirkonna žanri poolest.,Scrumpy and Western,Scrumpy and Western,Scrumpy & Western,Scrumpy & Western,Their distinctive documented style is Scrumpy and Western.,Ansambli omapärane dokumenteeritud stiil on Scrumpy and Western.,The Wurzels — Wikipedia permanent revision 1368243470,https://en.wikipedia.org/w/index.php?title=The_Wurzels&oldid=1368243470,CC-BY-SA-4.0,2026-08-23,reviewed,true
built-in-music-clue-0208,built-in-music,Music Pack,built-in-music-set-040,board,round-one,3,medium,performers,Music: Unexpected Odds & Ends,Muusika: ootamatu üht-teist,M.I.A. (rapper) — M.I.A. combines her genre influences using this type of instrument.,M.I.A. (rapper) — M.I.A. ühendab oma žanrimõjud seda liiki pillide abil.,Electronic instruments,Elektroonilised pillid,,,"Electronic instruments help shape her mixture of dance, hip hop, and world-music elements.","Elektroonilised pillid aitavad kujundada tema segu tantsumuusika, hiphopi ja maailmamuusika elementidest.",M.I.A. (rapper) — Wikipedia permanent revision 1369910524,https://en.wikipedia.org/w/index.php?title=M.I.A._(rapper)&oldid=1369910524,CC-BY-SA-4.0,2026-08-23,reviewed,true
built-in-music-clue-0214,built-in-music,Music Pack,built-in-music-set-040,board,round-one,4,medium,performers,Music: Unexpected Odds & Ends,Muusika: ootamatu üht-teist,Sukiyaki (song) — Sukiyaki reached listeners on October 15 of which year?,Sukiyaki (song) — Millise aasta 15. oktoobril jõudis „Sukiyaki“ kuulajateni?,1961,1961,,,"Kyu Sakamoto’s song was released on October 15, 1961.",Kyu Sakamoto laul ilmus 15. oktoobril 1961.,Sukiyaki (song) — Wikipedia permanent revision 1367251801,https://en.wikipedia.org/w/index.php?title=Sukiyaki_(song)&oldid=1367251801,CC-BY-SA-4.0,2026-08-23,reviewed,true
built-in-music-clue-0220,built-in-music,Music Pack,built-in-music-set-040,board,round-one,5,medium,performers,Music: Unexpected Odds & Ends,Muusika: ootamatu üht-teist,Kyary Pamyu Pamyu — This Capsule musician produces Kyary Pamyu Pamyu’s music.,Kyary Pamyu Pamyu — See ansambli Capsule muusik produtseerib Kyary Pamyu Pamyu muusikat.,Yasutaka Nakata,Yasutaka Nakata,,,Yasutaka Nakata is her producer.,Yasutaka Nakata on tema produtsent.,Kyary Pamyu Pamyu — Wikipedia permanent revision 1369038715,https://en.wikipedia.org/w/index.php?title=Kyary_Pamyu_Pamyu&oldid=1369038715,CC-BY-SA-4.0,2026-08-23,reviewed,true
built-in-music-clue-0201,built-in-music,Music Pack,built-in-music-set-041,board,round-one,1,medium,folk-world,Music: Worldwide Mix,Muusika: maailma segu,The Wurzels — Combine Harvester and I Am a Cider Drinker were hits for this novelty band.,The Wurzels — „Combine Harvester“ ja „I Am a Cider Drinker“ olid selle naljalaulude ansambli hitid.,The Wurzels,The Wurzels,,,The Wurzels took both songs into the UK charts in 1976.,The Wurzels viis mõlemad laulud 1976. aastal Ühendkuningriigi edetabelitesse.,The Wurzels — Wikipedia permanent revision 1368243470,https://en.wikipedia.org/w/index.php?title=The_Wurzels&oldid=1368243470,CC-BY-SA-4.0,2026-08-23,reviewed,true
built-in-music-clue-0207,built-in-music,Music Pack,built-in-music-set-041,board,round-one,2,medium,folk-world,Music: Worldwide Mix,Muusika: maailma segu,M.I.A. (rapper) — M.I.A.'s music blends hip hop with this globally rooted genre.,M.I.A. (rapper) — M.I.A. muusikas seguneb hiphop selle üleilmsete juurtega žanriga.,World music,Maailmamuusika,,,World music is one element in M.I.A.’s cross-genre sound.,Maailmamuusika on üks M.I.A. žanre ühendava kõlapildi osa.,M.I.A. (rapper) — Wikipedia permanent revision 1369910524,https://en.wikipedia.org/w/index.php?title=M.I.A._(rapper)&oldid=1369910524,CC-BY-SA-4.0,2026-08-23,reviewed,true
built-in-music-clue-0213,built-in-music,Music Pack,built-in-music-set-041,board,round-one,3,medium,folk-world,Music: Worldwide Mix,Muusika: maailma segu,Sukiyaki (song) — What genre is associated with Sukiyaki?,Sukiyaki (song) — Millise žanriga seostatakse laulu „Sukiyaki“?,Kayōkyoku,Kayōkyoku,orchestral pop,orkestripopp,Sukiyaki is associated with kayōkyoku and orchestral pop.,„Sukiyakit“ seostatakse kayōkyoku ja orkestripopi žanridega.,Sukiyaki (song) — Wikipedia permanent revision 1367251801,https://en.wikipedia.org/w/index.php?title=Sukiyaki_(song)&oldid=1367251801,CC-BY-SA-4.0,2026-08-23,reviewed,true
built-in-music-clue-0219,built-in-music,Music Pack,built-in-music-set-041,board,round-one,4,medium,folk-world,Music: Worldwide Mix,Muusika: maailma segu,Kyary Pamyu Pamyu — Kyary Pamyu Pamyu was born in this year.,Kyary Pamyu Pamyu — Mis aastal Kyary Pamyu Pamyu sündis?,1993,1993,,,Her birth date is 29 January 1993.,Ta sündis 29. jaanuaril 1993.,Kyary Pamyu Pamyu — Wikipedia permanent revision 1369038715,https://en.wikipedia.org/w/index.php?title=Kyary_Pamyu_Pamyu&oldid=1369038715,CC-BY-SA-4.0,2026-08-23,reviewed,true
built-in-music-clue-0225,built-in-music,Music Pack,built-in-music-set-041,board,round-one,5,medium,folk-world,Music: Worldwide Mix,Muusika: maailma segu,Rammstein — Rammstein formed in what year?,Rammstein — Mis aastal Rammstein loodi?,1994,1994,,,Rammstein formed in 1994.,Rammstein loodi 1994. aastal.,Rammstein — Wikipedia permanent revision 1369267232,https://en.wikipedia.org/w/index.php?title=Rammstein&oldid=1369267232,CC-BY-SA-4.0,2026-08-23,reviewed,true
built-in-music-clue-0206,built-in-music,Music Pack,built-in-music-set-042,board,round-one,1,medium,folk-world,Music: Worldwide Medley,Muusika: maailma valik,M.I.A. (rapper) — Mathangi Arulpragasam performs under this stage name.,M.I.A. (rapper) — Mathangi Arulpragasam esineb selle artistinime all.,M.I.A.,M.I.A.,,,The English rapper uses the name M.I.A.,Inglise räppar kasutab artistinime M.I.A.,M.I.A. (rapper) — Wikipedia permanent revision 1369910524,https://en.wikipedia.org/w/index.php?title=M.I.A._(rapper)&oldid=1369910524,CC-BY-SA-4.0,2026-08-23,reviewed,true
built-in-music-clue-0212,built-in-music,Music Pack,built-in-music-set-042,board,round-one,2,medium,folk-world,Music: Worldwide Medley,Muusika: maailma valik,Sukiyaki (song) — Sukiyaki (song) uses this language.,Sukiyaki (song) — Laul „Sukiyaki“ on selles keeles.,Japanese,Jaapani keel,,,Japanese is the recorded language of Sukiyaki (song).,Laulu „Sukiyaki“ dokumenteeritud keel on jaapani keel.,Sukiyaki (song) — Wikipedia permanent revision 1367251801,https://en.wikipedia.org/w/index.php?title=Sukiyaki_(song)&oldid=1367251801,CC-BY-SA-4.0,2026-08-23,reviewed,true
built-in-music-clue-0218,built-in-music,Music Pack,built-in-music-set-042,board,round-one,3,medium,folk-world,Music: Worldwide Medley,Muusika: maailma valik,Kyary Pamyu Pamyu — Kyary Pamyu Pamyu was born in this city.,Kyary Pamyu Pamyu — Kyary Pamyu Pamyu sündis selles linnas.,Tokyo,Tokyo,,,Tokyo is her recorded birthplace.,Tema dokumenteeritud sünnikoht on Tokyo.,Kyary Pamyu Pamyu — Wikipedia permanent revision 1369038715,https://en.wikipedia.org/w/index.php?title=Kyary_Pamyu_Pamyu&oldid=1369038715,CC-BY-SA-4.0,2026-08-23,reviewed,true
built-in-music-clue-0224,built-in-music,Music Pack,built-in-music-set-042,board,round-one,4,medium,folk-world,Music: Worldwide Medley,Muusika: maailma valik,Rammstein — Name a label that released Rammstein’s music.,"Rammstein — Nimeta üks plaadifirma, mis avaldas Rammsteini muusikat.",Universal,Universal,Motor;Slash,Motor;Slash,"Rammstein released music through Universal, Motor, and Slash.","Rammstein avaldas muusikat plaadifirmade Universal, Motor ja Slash kaudu.",Rammstein — Wikipedia permanent revision 1369267232,https://en.wikipedia.org/w/index.php?title=Rammstein&oldid=1369267232,CC-BY-SA-4.0,2026-08-23,reviewed,true
built-in-music-clue-0230,built-in-music,Music Pack,built-in-music-set-042,board,round-one,5,medium,folk-world,Music: Worldwide Medley,Muusika: maailma valik,"Sabaton (band) — By 2026, Sabaton had released this many studio albums.",Sabaton (band) — 2026. aastaks oli Sabaton välja andnud nii mitu stuudioalbumit.,Eleven,Üksteist,,,The stated studio-album total is eleven.,Stuudioalbumite märgitud koguarv on üksteist.,Sabaton (band) — Wikipedia permanent revision 1370817899,https://en.wikipedia.org/w/index.php?title=Sabaton_(band)&oldid=1370817899,CC-BY-SA-4.0,2026-08-23,reviewed,true
built-in-music-clue-0211,built-in-music,Music Pack,built-in-music-set-043,board,round-one,1,medium,folk-world,Music: Worldwide Tour,Muusika: maailma ringkäik,Sukiyaki (song) — Ue o Muite Arukō was retitled with this food word for its United States release.,Sukiyaki (song) — „Ue o Muite Arukō“ sai USAs ilmudes uueks pealkirjaks selle toidunimetuse.,Sukiyaki,Sukiyaki,,,The original recording was marketed in the United States as Sukiyaki.,Originaalsalvestist turustati Ameerika Ühendriikides nime „Sukiyaki“ all.,Sukiyaki (song) — Wikipedia permanent revision 1367251801,https://en.wikipedia.org/w/index.php?title=Sukiyaki_(song)&oldid=1367251801,CC-BY-SA-4.0,2026-08-23,reviewed,true
built-in-music-clue-0217,built-in-music,Music Pack,built-in-music-set-043,board,round-one,2,medium,folk-world,Music: Worldwide Tour,Muusika: maailma ringkäik,"Kyary Pamyu Pamyu — Besides singing, Kyary Pamyu Pamyu works in this profession.",Kyary Pamyu Pamyu — Lisaks laulmisele töötab Kyary Pamyu Pamyu sellel alal.,Model,Modell,,,She is also a model.,Ta on ka modell.,Kyary Pamyu Pamyu — Wikipedia permanent revision 1369038715,https://en.wikipedia.org/w/index.php?title=Kyary_Pamyu_Pamyu&oldid=1369038715,CC-BY-SA-4.0,2026-08-23,reviewed,true
built-in-music-clue-0223,built-in-music,Music Pack,built-in-music-set-043,board,round-one,3,medium,folk-world,Music: Worldwide Tour,Muusika: maailma ringkäik,Rammstein — Which genre is associated with Rammstein?,Rammstein — Millise žanriga seostatakse Rammsteini?,Neue Deutsche Härte,Neue Deutsche Härte,industrial metal,industriaalmetal,Rammstein’s music is described as Neue Deutsche Härte and industrial metal.,Rammsteini muusikat kirjeldatakse nii Neue Deutsche Härte kui ka industriaalmetalina.,Rammstein — Wikipedia permanent revision 1369267232,https://en.wikipedia.org/w/index.php?title=Rammstein&oldid=1369267232,CC-BY-SA-4.0,2026-08-23,reviewed,true
built-in-music-clue-0229,built-in-music,Music Pack,built-in-music-set-043,board,round-one,4,medium,folk-world,Music: Worldwide Tour,Muusika: maailma ringkäik,Sabaton (band) — This founding member is Sabaton’s lead singer.,Sabaton (band) — See asutajaliige on Sabatoni solist.,Joakim Brodén,Joakim Brodén,,,Joakim Brodén fronts the band.,Joakim Brodén on ansambli solist.,Sabaton (band) — Wikipedia permanent revision 1370817899,https://en.wikipedia.org/w/index.php?title=Sabaton_(band)&oldid=1370817899,CC-BY-SA-4.0,2026-08-23,reviewed,true
built-in-music-clue-0235,built-in-music,Music Pack,built-in-music-set-043,board,round-one,5,medium,folk-world,Music: Worldwide Tour,Muusika: maailma ringkäik,Major Lazer — Switch departed Major Lazer in this year.,Major Lazer — Mis aastal lahkus Switch Major Lazerist?,2011,2011,,,His departure came three years after the group formed.,Ta lahkus kolm aastat pärast ansambli loomist.,Major Lazer — Wikipedia permanent revision 1360602571,https://en.wikipedia.org/w/index.php?title=Major_Lazer&oldid=1360602571,CC-BY-SA-4.0,2026-08-23,reviewed,true
built-in-music-clue-0216,built-in-music,Music Pack,built-in-music-set-044,board,round-one,1,medium,folk-world,Music: Worldwide Grab Bag,Muusika: maailma üllatuskott,Kyary Pamyu Pamyu — Singer Kyary Pamyu Pamyu comes from this country.,Kyary Pamyu Pamyu — Laulja Kyary Pamyu Pamyu on pärit sellest riigist.,Japan,Jaapan,,,Kyary Pamyu Pamyu is Japanese.,Kyary Pamyu Pamyu on jaapanlane.,Kyary Pamyu Pamyu — Wikipedia permanent revision 1369038715,https://en.wikipedia.org/w/index.php?title=Kyary_Pamyu_Pamyu&oldid=1369038715,CC-BY-SA-4.0,2026-08-23,reviewed,true
built-in-music-clue-0222,built-in-music,Music Pack,built-in-music-set-044,board,round-one,2,medium,folk-world,Music: Worldwide Grab Bag,Muusika: maailma üllatuskott,Rammstein — Rammstein formed in which German city?,Rammstein — Millises Saksamaa linnas Rammstein loodi?,Berlin,Berliin,,,Berlin is the band’s recorded musical origin.,Ansambli dokumenteeritud muusikaline päritolukoht on Berliin.,Rammstein — Wikipedia permanent revision 1369267232,https://en.wikipedia.org/w/index.php?title=Rammstein&oldid=1369267232,CC-BY-SA-4.0,2026-08-23,reviewed,true
built-in-music-clue-0228,built-in-music,Music Pack,built-in-music-set-044,board,round-one,3,medium,folk-world,Music: Worldwide Grab Bag,Muusika: maailma üllatuskott,Sabaton (band) — Sabaton formed in this year.,Sabaton (band) — Mis aastal Sabaton loodi?,1999,1999,,,The band began in 1999.,Ansambel loodi 1999. aastal.,Sabaton (band) — Wikipedia permanent revision 1370817899,https://en.wikipedia.org/w/index.php?title=Sabaton_(band)&oldid=1370817899,CC-BY-SA-4.0,2026-08-23,reviewed,true
built-in-music-clue-0234,built-in-music,Music Pack,built-in-music-set-044,board,round-one,4,medium,folk-world,Music: Worldwide Grab Bag,Muusika: maailma üllatuskott,Major Lazer — This producer was Major Lazer’s other original founder.,Major Lazer — See produtsent oli Major Lazeri teine algne asutaja.,Switch,Switch,,,Switch helped launch the project.,Switch aitas projekti käivitada.,Major Lazer — Wikipedia permanent revision 1360602571,https://en.wikipedia.org/w/index.php?title=Major_Lazer&oldid=1360602571,CC-BY-SA-4.0,2026-08-23,reviewed,true
built-in-music-clue-0240,built-in-music,Music Pack,built-in-music-set-044,board,round-one,5,medium,folk-world,Music: Worldwide Grab Bag,Muusika: maailma üllatuskott,Caramelldansen — What is the runtime of Caramelldansen?,Caramelldansen — Kui pikk on „Caramelldansen“?,3:30,3:30,,,The original recording runs 3 minutes and 30 seconds.,Originaalsalvestis kestab 3 minutit ja 30 sekundit.,Caramelldansen — Wikipedia permanent revision 1367674022,https://en.wikipedia.org/w/index.php?title=Caramelldansen&oldid=1367674022,CC-BY-SA-4.0,2026-08-23,reviewed,true
built-in-music-clue-0221,built-in-music,Music Pack,built-in-music-set-045,board,round-one,1,medium,rock,Music: Worldwide Roundup,Muusika: maailma ülevaade,Rammstein — This country is the home of Rammstein.,Rammstein — See riik on Rammsteini kodumaa.,Germany,Saksamaa,,,Rammstein is a German band.,Rammstein on Saksa ansambel.,Rammstein — Wikipedia permanent revision 1369267232,https://en.wikipedia.org/w/index.php?title=Rammstein&oldid=1369267232,CC-BY-SA-4.0,2026-08-23,reviewed,true
built-in-music-clue-0227,built-in-music,Music Pack,built-in-music-set-045,board,round-one,2,medium,rock,Music: Worldwide Roundup,Muusika: maailma ülevaade,Sabaton (band) — Sabaton formed in this city.,Sabaton (band) — Sabaton loodi selles linnas.,Falun,Falun,,,Falun is the band’s recorded origin.,Ansambli dokumenteeritud päritolukoht on Falun.,Sabaton (band) — Wikipedia permanent revision 1370817899,https://en.wikipedia.org/w/index.php?title=Sabaton_(band)&oldid=1370817899,CC-BY-SA-4.0,2026-08-23,reviewed,true
built-in-music-clue-0233,built-in-music,Music Pack,built-in-music-set-045,board,round-one,3,medium,rock,Music: Worldwide Roundup,Muusika: maailma ülevaade,Jack Ü — This co-creator of Jack Ü with Diplo collaborated with Major Lazer but never joined its lineup.,"Jack Ü — See koos Diploga Jack Ü loonud artist tegi Major Lazeriga koostööd, kuid ei kuulunud kunagi selle koosseisu.",Skrillex,Skrillex,,,Skrillex partnered with Diplo in Jack Ü and worked with Major Lazer without becoming a member.,"Skrillex tegi Jack Ü-s Diploga koostööd ja töötas Major Lazeriga, kuid ei saanud selle liikmeks.",Jack Ü — Wikipedia permanent revision 1370392314,https://en.wikipedia.org/w/index.php?title=Jack_%C3%9C&oldid=1370392314,CC-BY-SA-4.0,2026-08-23,reviewed,true
built-in-music-clue-0239,built-in-music,Music Pack,built-in-music-set-045,board,round-one,4,medium,rock,Music: Worldwide Roundup,Muusika: maailma ülevaade,Caramelldansen — When was Caramelldansen released?,Caramelldansen — Millal „Caramelldansen“ ilmus?,2001,2001,,,Caramelldansen was released in 2001.,„Caramelldansen“ ilmus 2001. aastal.,Caramelldansen — Wikipedia permanent revision 1367674022,https://en.wikipedia.org/w/index.php?title=Caramelldansen&oldid=1367674022,CC-BY-SA-4.0,2026-08-23,reviewed,true
built-in-music-clue-0245,built-in-music,Music Pack,built-in-music-set-045,board,round-one,5,medium,rock,Music: Worldwide Roundup,Muusika: maailma ülevaade,Viktor Tsoi — Viktor Tsoi was born in this year.,Viktor Tsoi — Mis aastal Viktor Tsoi sündis?,1962,1962,,,Viktor Tsoi’s birth date falls in 1962.,Viktor Tsoi sündis 1962. aastal.,Viktor Tsoi — Wikipedia permanent revision 1370721757,https://en.wikipedia.org/w/index.php?title=Viktor_Tsoi&oldid=1370721757,CC-BY-SA-4.0,2026-08-23,reviewed,true
built-in-music-clue-0226,built-in-music,Music Pack,built-in-music-set-046,board,round-one,1,medium,rock,Music: Worldwide Sampler,Muusika: maailma proovivalik,Sabaton (band) — Power-metal band Sabaton originated in this country.,Sabaton (band) — Power-metal’i ansambel Sabaton on pärit sellest riigist.,Sweden,Rootsi,,,Sabaton is a Swedish power-metal band.,Sabaton on Rootsist pärit power-metal’i ansambel.,Sabaton (band) — Wikipedia permanent revision 1370817899,https://en.wikipedia.org/w/index.php?title=Sabaton_(band)&oldid=1370817899,CC-BY-SA-4.0,2026-08-23,reviewed,true
built-in-music-clue-0232,built-in-music,Music Pack,built-in-music-set-046,board,round-one,2,medium,rock,Music: Worldwide Sampler,Muusika: maailma proovivalik,Major Lazer — Give any genre documented for Major Lazer; all six listed styles count.,Major Lazer — Nimeta üks Major Lazeri dokumenteeritud žanr; kõik kuus loetletud stiili sobivad.,Dancehall,Dancehall,Reggae;House;Reggaeton;Soca;Moombahton,reggae;house;reggaeton;soca;moombahton,"The cited description lists reggae, dancehall, house, reggaeton, soca, and moombahton; each is accepted here.","Viidatud kirjelduses on loetletud reggae, dancehall, house, reggaeton, soca ja moombahton; siin sobivad vastuseks kõik kuus.",Major Lazer — Wikipedia permanent revision 1360602571,https://en.wikipedia.org/w/index.php?title=Major_Lazer&oldid=1360602571,CC-BY-SA-4.0,2026-08-23,reviewed,true
built-in-music-clue-0238,built-in-music,Music Pack,built-in-music-set-046,board,round-one,3,medium,rock,Music: Worldwide Sampler,Muusika: maailma proovivalik,Caramelldansen — Caramelldansen appeared through this label.,Caramelldansen — Selle plaadifirma alt ilmus „Caramelldansen“.,Remixed,Remixed,,,Remixed issued the recording.,Remixed andis salvestise välja.,Caramelldansen — Wikipedia permanent revision 1367674022,https://en.wikipedia.org/w/index.php?title=Caramelldansen&oldid=1367674022,CC-BY-SA-4.0,2026-08-23,reviewed,true
built-in-music-clue-0244,built-in-music,Music Pack,built-in-music-set-046,board,round-one,4,medium,rock,Music: Worldwide Sampler,Muusika: maailma proovivalik,Viktor Tsoi — Viktor Tsoi died in what year?,Viktor Tsoi — Mis aastal Viktor Tsoi suri?,1990,1990,,,"Viktor Tsoi died on August 15, 1990.",Viktor Tsoi suri 15. augustil 1990.,Viktor Tsoi — Wikipedia permanent revision 1370721757,https://en.wikipedia.org/w/index.php?title=Viktor_Tsoi&oldid=1370721757,CC-BY-SA-4.0,2026-08-23,reviewed,true
built-in-music-clue-0250,built-in-music,Music Pack,built-in-music-set-046,board,round-one,5,medium,rock,Music: Worldwide Sampler,Muusika: maailma proovivalik,Sandstorm (instrumental) — What is the runtime of Sandstorm’s original mix?,Sandstorm (instrumental) — Kui pikk on „Sandstormi“ originaalmiks?,7:26,7:26,,,"The original mix runs 7:26, compared with 3:45 for the radio edit.","Originaalmiks kestab 7:26, raadioversioon aga 3:45.",Sandstorm (instrumental) — Wikipedia permanent revision 1370549912,https://en.wikipedia.org/w/index.php?title=Sandstorm_(instrumental)&oldid=1370549912,CC-BY-SA-4.0,2026-08-23,reviewed,true
built-in-music-clue-0231,built-in-music,Music Pack,built-in-music-set-047,board,round-one,1,medium,folk-world,Music: Worldwide Potpourri,Muusika: maailma popurrii,Major Lazer — This producer co-founded Major Lazer.,Major Lazer — See produtsent oli üks Major Lazeri asutajatest.,Diplo,Diplo,,,Diplo was one of the project’s original founders.,Diplo oli üks projekti algsetest asutajatest.,Major Lazer — Wikipedia permanent revision 1360602571,https://en.wikipedia.org/w/index.php?title=Major_Lazer&oldid=1360602571,CC-BY-SA-4.0,2026-08-23,reviewed,true
built-in-music-clue-0237,built-in-music,Music Pack,built-in-music-set-047,board,round-one,2,medium,folk-world,Music: Worldwide Potpourri,Muusika: maailma popurrii,Caramelldansen — What genre is associated with Caramelldansen?,Caramelldansen — Millise žanriga seostatakse „Caramelldansenit“?,Dance-pop,Tantsupopp,Eurodance,Eurodance,Caramelldansen is classified as dance-pop and Eurodance.,„Caramelldansen“ on liigitatud tantsupopiks ja eurodance’iks.,Caramelldansen — Wikipedia permanent revision 1367674022,https://en.wikipedia.org/w/index.php?title=Caramelldansen&oldid=1367674022,CC-BY-SA-4.0,2026-08-23,reviewed,true
built-in-music-clue-0243,built-in-music,Music Pack,built-in-music-set-047,board,round-one,3,medium,folk-world,Music: Worldwide Potpourri,Muusika: maailma popurrii,Viktor Tsoi — Name one creative profession Viktor Tsoi pursued.,Viktor Tsoi — Nimeta üks Viktor Tsoi loominguline amet.,Singer,Laulja,songwriter;composer;actor,laulukirjutaja;helilooja;näitleja,"Tsoi worked as a singer, songwriter, composer, and actor.","Tsoi töötas laulja, laulukirjutaja, helilooja ja näitlejana.",Viktor Tsoi — Wikipedia permanent revision 1370721757,https://en.wikipedia.org/w/index.php?title=Viktor_Tsoi&oldid=1370721757,CC-BY-SA-4.0,2026-08-23,reviewed,true
built-in-music-clue-0249,built-in-music,Music Pack,built-in-music-set-047,board,round-one,4,medium,folk-world,Music: Worldwide Potpourri,Muusika: maailma popurrii,Sandstorm (instrumental) — Darude’s Sandstorm arrived on October 26 of which year?,Sandstorm (instrumental) — Millise aasta 26. oktoobril ilmus Darude’i „Sandstorm“?,1999,1999,,,"The instrumental was released on October 26, 1999.",Instrumentaalpala ilmus 26. oktoobril 1999.,Sandstorm (instrumental) — Wikipedia permanent revision 1370549912,https://en.wikipedia.org/w/index.php?title=Sandstorm_(instrumental)&oldid=1370549912,CC-BY-SA-4.0,2026-08-23,reviewed,true
built-in-music-clue-0170,built-in-music,Music Pack,built-in-music-set-047,board,round-one,5,medium,folk-world,Music: Worldwide Potpourri,Muusika: maailma popurrii,Culture Club — Culture Club began its first active period in which year?,Culture Club — Mis aastal algas Culture Clubi esimene tegevusperiood?,1981,1981,,,The first span of the group’s activity began in 1981.,Ansambli esimene tegevusperiood algas 1981. aastal.,Culture Club — Wikipedia permanent revision 1370213370,https://en.wikipedia.org/w/index.php?title=Culture_Club&oldid=1370213370,CC-BY-SA-4.0,2026-08-23,reviewed,true
built-in-music-clue-0236,built-in-music,Music Pack,built-in-music-set-048,board,round-one,1,medium,folk-world,Music: Worldwide Challenge,Muusika: maailma väljakutse,"Caramelldansen — Despite a common misconception, Caramelldansen is sung in this language.",Caramelldansen — Hoolimata levinud eksiarvamusest lauldakse „Caramelldansenit“ selles keeles.,Swedish,Rootsi keel,,,The original recording is Swedish.,Originaalsalvestis on rootsikeelne.,Caramelldansen — Wikipedia permanent revision 1367674022,https://en.wikipedia.org/w/index.php?title=Caramelldansen&oldid=1367674022,CC-BY-SA-4.0,2026-08-23,reviewed,true
built-in-music-clue-0242,built-in-music,Music Pack,built-in-music-set-048,board,round-one,2,medium,folk-world,Music: Worldwide Challenge,Muusika: maailma väljakutse,Viktor Tsoi — Name one genre associated with Viktor Tsoi.,Viktor Tsoi — Nimeta üks Viktor Tsoiga seotud žanr.,Rock,Rokk,pop;post-punk;new wave;punk rock;alternative rock;indie rock,popp;postpunk;uus laine;punkrokk;alternatiivrokk;indirokk,"Tsoi’s music spans rock, pop, post-punk, new wave, punk rock, alternative rock, and indie rock.","Tsoi muusika hõlmab rokki, poppi, postpunki, uut lainet, punkrokki, alternatiivrokki ja indirokki.",Viktor Tsoi — Wikipedia permanent revision 1370721757,https://en.wikipedia.org/w/index.php?title=Viktor_Tsoi&oldid=1370721757,CC-BY-SA-4.0,2026-08-23,reviewed,true
built-in-music-clue-0248,built-in-music,Music Pack,built-in-music-set-048,board,round-one,3,medium,folk-world,Music: Worldwide Challenge,Muusika: maailma väljakutse,Sandstorm (instrumental) — Darude released Sandstorm through this label.,Sandstorm (instrumental) — Darude andis „Sandstormi“ välja selle plaadifirma alt.,16 Inch,16 Inch,,,16 Inch issued the original single.,16 Inch andis originaalsingli välja.,Sandstorm (instrumental) — Wikipedia permanent revision 1370549912,https://en.wikipedia.org/w/index.php?title=Sandstorm_(instrumental)&oldid=1370549912,CC-BY-SA-4.0,2026-08-23,reviewed,true
built-in-music-clue-0169,built-in-music,Music Pack,built-in-music-set-048,board,round-one,4,medium,folk-world,Music: Worldwide Challenge,Muusika: maailma väljakutse,Culture Club — Culture Club formed in which city?,Culture Club — Millises linnas ansambel Culture Club loodi?,London,London,,,London is the band’s recorded musical origin.,Ansambli dokumenteeritud muusikaline päritolukoht on London.,Culture Club — Wikipedia permanent revision 1370213370,https://en.wikipedia.org/w/index.php?title=Culture_Club&oldid=1370213370,CC-BY-SA-4.0,2026-08-23,reviewed,true
built-in-music-clue-0175,built-in-music,Music Pack,built-in-music-set-048,board,round-one,5,medium,folk-world,Music: Worldwide Challenge,Muusika: maailma väljakutse,The Jets (Minnesota band) — This Minnesota suburb was the home base of the Jets.,The Jets (Minnesota band) — See Minnesota äärelinn oli The Jetsi kodubaas.,Robbinsdale,Robbinsdale,,,The group came from Robbinsdale.,Ansambel on pärit Robbinsdale’ist.,The Jets (Minnesota band) — Wikipedia permanent revision 1367717458,https://en.wikipedia.org/w/index.php?title=The_Jets_(Minnesota_band)&oldid=1367717458,CC-BY-SA-4.0,2026-08-23,reviewed,true
built-in-music-clue-0241,built-in-music,Music Pack,built-in-music-set-049,board,round-one,1,medium,folk-world,Music: Worldwide Quiz,Muusika: maailma viktoriin,Viktor Tsoi — A memorial wall in Moscow honors this co-founder of Kino.,Viktor Tsoi — Moskvas asuv mälestusmüür austab seda Kino kaasasutajat.,Viktor Tsoi,Viktor Tsoi,,,The wall commemorates Viktor Tsoi.,Müür mälestab Viktor Tsoid.,Viktor Tsoi — Wikipedia permanent revision 1370721757,https://en.wikipedia.org/w/index.php?title=Viktor_Tsoi&oldid=1370721757,CC-BY-SA-4.0,2026-08-23,reviewed,true
built-in-music-clue-0247,built-in-music,Music Pack,built-in-music-set-049,board,round-one,2,medium,folk-world,Music: Worldwide Quiz,Muusika: maailma viktoriin,Sandstorm (instrumental) — Which genre is associated with Sandstorm?,Sandstorm (instrumental) — Millise žanriga seostatakse „Sandstormi“?,Eurodance,Eurodance,trance,trance,Sandstorm is classified as Eurodance and trance.,„Sandstorm“ on liigitatud eurodance’i ja trance’i žanridesse.,Sandstorm (instrumental) — Wikipedia permanent revision 1370549912,https://en.wikipedia.org/w/index.php?title=Sandstorm_(instrumental)&oldid=1370549912,CC-BY-SA-4.0,2026-08-23,reviewed,true
built-in-music-clue-0168,built-in-music,Music Pack,built-in-music-set-049,board,round-one,3,medium,folk-world,Music: Worldwide Quiz,Muusika: maailma viktoriin,Culture Club — Name a label that released Culture Club’s music.,"Culture Club — Nimeta üks plaadifirma, mis avaldas Culture Clubi muusikat.",Virgin,Virgin,Epic;BMG,Epic;BMG,"Culture Club released music through Virgin, Epic, and BMG.","Culture Club avaldas muusikat plaadifirmade Virgin, Epic ja BMG kaudu.",Culture Club — Wikipedia permanent revision 1370213370,https://en.wikipedia.org/w/index.php?title=Culture_Club&oldid=1370213370,CC-BY-SA-4.0,2026-08-23,reviewed,true
built-in-music-clue-0174,built-in-music,Music Pack,built-in-music-set-049,board,round-one,4,medium,folk-world,Music: Worldwide Quiz,Muusika: maailma viktoriin,The Jets (Minnesota band) — The Wolfgramm siblings began performing together in this year.,The Jets (Minnesota band) — Wolfgrammi õed-vennad hakkasid sel aastal koos esinema.,1977,1977,,,Their family act started in 1977.,Nende pereansambel alustas tegevust 1977. aastal.,The Jets (Minnesota band) — Wikipedia permanent revision 1367717458,https://en.wikipedia.org/w/index.php?title=The_Jets_(Minnesota_band)&oldid=1367717458,CC-BY-SA-4.0,2026-08-23,reviewed,true
built-in-music-clue-0180,built-in-music,Music Pack,built-in-music-set-049,board,round-one,5,medium,folk-world,Music: Worldwide Quiz,Muusika: maailma viktoriin,Africa (song) — What is the album-version runtime of Toto’s Africa?,Africa (song) — Kui pikk on Toto laulu „Africa“ albumiversioon?,4:55,4:55,,,The album cut runs 4:55; the single and video versions are shorter.,Albumiversioon kestab 4:55; singli- ja videoversioonid on lühemad.,Africa (song) — Wikipedia permanent revision 1369383647,https://en.wikipedia.org/w/index.php?title=Africa_(song)&oldid=1369383647,CC-BY-SA-4.0,2026-08-23,reviewed,true
built-in-music-clue-0246,built-in-music,Music Pack,built-in-music-set-050,board,round-one,1,medium,folk-world,Music: Worldwide Odds & Ends,Muusika: maailma üht-teist,Sandstorm (instrumental) — Darude released this instrumental electronic hit.,Sandstorm (instrumental) — Darude avaldas selle instrumentaalse elektroonikahiti.,Sandstorm,Sandstorm,,,The Finnish producer’s breakthrough single was Sandstorm.,Soome produtsendi läbimurdesingel oli „Sandstorm“.,Sandstorm (instrumental) — Wikipedia permanent revision 1370549912,https://en.wikipedia.org/w/index.php?title=Sandstorm_(instrumental)&oldid=1370549912,CC-BY-SA-4.0,2026-08-23,reviewed,true
built-in-music-clue-0167,built-in-music,Music Pack,built-in-music-set-050,board,round-one,2,medium,folk-world,Music: Worldwide Odds & Ends,Muusika: maailma üht-teist,Culture Club — What genre is associated with Culture Club?,Culture Club — Millise žanriga seostatakse ansamblit Culture Club?,Pop,Pop,new wave;soft rock;blue-eyed soul,uus laine;pehme rokk;sinisilmne soul,"Culture Club’s music includes pop, new wave, soft rock, and blue-eyed soul.","Culture Clubi muusika hõlmab poppi, uut lainet, pehmet rokki ja sinisilmset souli.",Culture Club — Wikipedia permanent revision 1370213370,https://en.wikipedia.org/w/index.php?title=Culture_Club&oldid=1370213370,CC-BY-SA-4.0,2026-08-23,reviewed,true
built-in-music-clue-0173,built-in-music,Music Pack,built-in-music-set-050,board,round-one,3,medium,folk-world,Music: Worldwide Odds & Ends,Muusika: maailma üht-teist,The Jets (Minnesota band) — This many Wolfgramm siblings are named in the lineup.,The Jets (Minnesota band) — Mitu Wolfgrammide õde-venda on koosseisus nimetatud?,Eight,Kaheksa,,,The listed family lineup contains eight siblings.,Loetletud perekondlikus koosseisus on kaheksa õde-venda.,The Jets (Minnesota band) — Wikipedia permanent revision 1367717458,https://en.wikipedia.org/w/index.php?title=The_Jets_(Minnesota_band)&oldid=1367717458,CC-BY-SA-4.0,2026-08-23,reviewed,true
built-in-music-clue-0179,built-in-music,Music Pack,built-in-music-set-050,board,round-one,4,medium,folk-world,Music: Worldwide Odds & Ends,Muusika: maailma üht-teist,Africa (song) — Toto's Africa was released in both the UK and US in what year?,Africa (song) — Mis aastal ilmus Toto „Africa“ nii Ühendkuningriigis kui ka USAs?,1982,1982,,,"The UK release came on June 25, 1982, and the US release followed on October 7, 1982.",Ühendkuningriigis ilmus see 25. juunil 1982 ja USAs 7. oktoobril 1982.,Africa (song) — Wikipedia permanent revision 1369383647,https://en.wikipedia.org/w/index.php?title=Africa_(song)&oldid=1369383647,CC-BY-SA-4.0,2026-08-23,reviewed,true
built-in-music-clue-0185,built-in-music,Music Pack,built-in-music-set-050,board,round-one,5,medium,folk-world,Music: Worldwide Odds & Ends,Muusika: maailma üht-teist,Eminem — Eminem was born in this Missouri city.,Eminem — Eminem sündis selles Missouri linnas.,"St. Joseph, Missouri","St. Joseph, Missouri",,,St. Joseph is his recorded birthplace.,Tema dokumenteeritud sünnikoht on St. Joseph.,Eminem — Wikipedia permanent revision 1369790887,https://en.wikipedia.org/w/index.php?title=Eminem&oldid=1369790887,CC-BY-SA-4.0,2026-08-23,reviewed,true
built-in-music-clue-0251,built-in-music,Music Pack,built-in-music-set-051,board,round-two,1,medium,composers,Music: Everyday Mix,Muusika: igapäevane segu,Neil Peart — This Rush member served as the band’s primary lyricist.,Neil Peart — See Rushi liige oli ansambli peamine laulusõnade autor.,Neil Peart,Neil Peart,,,Neil Peart was Rush’s primary lyricist as well as a musician and author.,Neil Peart oli Rushi peamine laulusõnade autor ning ka muusik ja kirjanik.,Neil Peart — Wikipedia permanent revision 1370668685,https://en.wikipedia.org/w/index.php?title=Neil_Peart&oldid=1370668685,CC-BY-SA-4.0,2026-08-23,reviewed,true
built-in-music-clue-0257,built-in-music,Music Pack,built-in-music-set-051,board,round-two,2,medium,composers,Music: Everyday Mix,Muusika: igapäevane segu,Nothing Compares 2 U — Prince’s Nothing Compares 2 U is classified in this genre.,Nothing Compares 2 U — Prince’i „Nothing Compares 2 U“ kuulub sellesse žanri.,Contemporary R&B,Nüüdisaegne R&B,Contemporary rhythm and blues,nüüdisaegne rütmibluus,The cited description classifies his recording as contemporary R&B.,Viidatud kirjeldus liigitab tema salvestise nüüdisaegseks R&B-ks.,Nothing Compares 2 U — Wikipedia permanent revision 1369524715,https://en.wikipedia.org/w/index.php?title=Nothing_Compares_2_U&oldid=1369524715,CC-BY-SA-4.0,2026-08-23,reviewed,true
built-in-music-clue-0263,built-in-music,Music Pack,built-in-music-set-051,board,round-two,3,medium,composers,Music: Everyday Mix,Muusika: igapäevane segu,Old Town Road — Lil Nas X released Old Town Road through this label.,Old Town Road — Lil Nas X andis „Old Town Roadi“ välja selle plaadifirma alt.,Columbia,Columbia,,,Columbia issued the single.,Columbia andis singli välja.,Old Town Road — Wikipedia permanent revision 1367689760,https://en.wikipedia.org/w/index.php?title=Old_Town_Road&oldid=1367689760,CC-BY-SA-4.0,2026-08-23,reviewed,true
built-in-music-clue-0269,built-in-music,Music Pack,built-in-music-set-051,board,round-two,4,medium,composers,Music: Everyday Mix,Muusika: igapäevane segu,Electric Light Orchestra — This multi-instrumentalist co-founded Electric Light Orchestra before leaving in 1972.,Electric Light Orchestra — See multiinstrumentalist oli Electric Light Orchestra kaasasutaja ja lahkus 1972. aastal.,Roy Wood,Roy Wood,,,Roy Wood was one of its founders.,Roy Wood oli üks ansambli asutajatest.,Electric Light Orchestra — Wikipedia permanent revision 1369732935,https://en.wikipedia.org/w/index.php?title=Electric_Light_Orchestra&oldid=1369732935,CC-BY-SA-4.0,2026-08-23,reviewed,true
built-in-music-clue-0275,built-in-music,Music Pack,built-in-music-set-051,board,round-two,5,medium,composers,Music: Everyday Mix,Muusika: igapäevane segu,Trent Reznor — Trent Reznor was born in this year.,Trent Reznor — Mis aastal Trent Reznor sündis?,1965,1965,,,Trent Reznor’s birth date falls in 1965.,Trent Reznor sündis 1965. aastal.,Trent Reznor — Wikipedia permanent revision 1370570256,https://en.wikipedia.org/w/index.php?title=Trent_Reznor&oldid=1370570256,CC-BY-SA-4.0,2026-08-23,reviewed,true
built-in-music-clue-0256,built-in-music,Music Pack,built-in-music-set-052,board,round-two,1,medium,composers,Music: Everyday Medley,Muusika: igapäevane valik,Nothing Compares 2 U — This artist wrote Nothing Compares 2 U before Sinéad O’Connor recorded her hit version.,"Nothing Compares 2 U — See artist kirjutas „Nothing Compares 2 U“ enne, kui Sinéad O’Connor salvestas oma hittversiooni.",Prince,Prince,,,Prince wrote the song for his side project the Family.,Prince kirjutas laulu oma kõrvalprojektile The Family.,Nothing Compares 2 U — Wikipedia permanent revision 1369524715,https://en.wikipedia.org/w/index.php?title=Nothing_Compares_2_U&oldid=1369524715,CC-BY-SA-4.0,2026-08-23,reviewed,true
built-in-music-clue-0262,built-in-music,Music Pack,built-in-music-set-052,board,round-two,2,medium,composers,Music: Everyday Medley,Muusika: igapäevane valik,Old Town Road — What genre is associated with Old Town Road?,Old Town Road — Millise žanriga seostatakse „Old Town Roadi“?,Trap,Trap,country trap;Southern hip-hop,kantritrap;USA lõunaosariikide hiphop,"Old Town Road combines trap, country trap, and Southern hip-hop.","„Old Town Road“ ühendab trap’i, kantritrap’i ja USA lõunaosariikide hiphoppi.",Old Town Road — Wikipedia permanent revision 1367689760,https://en.wikipedia.org/w/index.php?title=Old_Town_Road&oldid=1367689760,CC-BY-SA-4.0,2026-08-23,reviewed,true
built-in-music-clue-0268,built-in-music,Music Pack,built-in-music-set-052,board,round-two,3,medium,composers,Music: Everyday Medley,Muusika: igapäevane valik,Electric Light Orchestra — ELO’s founders came together in this year.,Electric Light Orchestra — ELO asutajad tulid kokku sel aastal.,1970,1970,,,Its founders organized the band in 1970.,Asutajad panid ansambli kokku 1970. aastal.,Electric Light Orchestra — Wikipedia permanent revision 1369732935,https://en.wikipedia.org/w/index.php?title=Electric_Light_Orchestra&oldid=1369732935,CC-BY-SA-4.0,2026-08-23,reviewed,true
built-in-music-clue-0274,built-in-music,Music Pack,built-in-music-set-052,board,round-two,4,medium,composers,Music: Everyday Medley,Muusika: igapäevane valik,Trent Reznor — Trent Reznor’s music career is associated with which Ohio city?,Trent Reznor — Millise Ohio linnaga seostatakse Trent Reznori muusikukarjääri?,Cleveland,Cleveland,,,"Cleveland is the origin named in his musical profile, not a birthplace claim.",Tema muusikaprofiilis on päritolukohana nimetatud Cleveland; see ei ole väide sünnikoha kohta.,Trent Reznor — Wikipedia permanent revision 1370570256,https://en.wikipedia.org/w/index.php?title=Trent_Reznor&oldid=1370570256,CC-BY-SA-4.0,2026-08-23,reviewed,true
built-in-music-clue-0280,built-in-music,Music Pack,built-in-music-set-052,board,round-two,5,medium,composers,Music: Everyday Medley,Muusika: igapäevane valik,Blur (band) — Blur began its first active period in which year?,Blur (band) — Mis aastal algas Bluri esimene tegevusperiood?,1988,1988,,,The band’s first span of activity began in 1988.,Ansambli esimene tegevusperiood algas 1988. aastal.,Blur (band) — Wikipedia permanent revision 1370085262,https://en.wikipedia.org/w/index.php?title=Blur_(band)&oldid=1370085262,CC-BY-SA-4.0,2026-08-23,reviewed,true
built-in-music-clue-0261,built-in-music,Music Pack,built-in-music-set-053,board,round-two,1,medium,composers,Music: Everyday Tour,Muusika: igapäevane ringkäik,Old Town Road — Old Town Road samples 34 Ghosts IV by this band.,Old Town Road — „Old Town Road“ kasutab sämplit selle ansambli loost „34 Ghosts IV“.,Nine Inch Nails,Nine Inch Nails,,,The recording uses a sample from Nine Inch Nails’ 34 Ghosts IV.,Salvestis kasutab sämplit Nine Inch Nailsi loost „34 Ghosts IV“.,Old Town Road — Wikipedia permanent revision 1367689760,https://en.wikipedia.org/w/index.php?title=Old_Town_Road&oldid=1367689760,CC-BY-SA-4.0,2026-08-23,reviewed,true
built-in-music-clue-0267,built-in-music,Music Pack,built-in-music-set-053,board,round-two,2,medium,composers,Music: Everyday Tour,Muusika: igapäevane ringkäik,Electric Light Orchestra — Electric Light Orchestra formed in this English city.,Electric Light Orchestra — Electric Light Orchestra loodi selles Inglismaa linnas.,Birmingham,Birmingham,,,Birmingham was its place of formation.,Ansambel loodi Birminghamis.,Electric Light Orchestra — Wikipedia permanent revision 1369732935,https://en.wikipedia.org/w/index.php?title=Electric_Light_Orchestra&oldid=1369732935,CC-BY-SA-4.0,2026-08-23,reviewed,true
built-in-music-clue-0273,built-in-music,Music Pack,built-in-music-set-053,board,round-two,3,medium,composers,Music: Everyday Tour,Muusika: igapäevane ringkäik,Trent Reznor — Name one creative profession associated with Trent Reznor.,Trent Reznor — Nimeta üks Trent Reznoriga seotud loominguline amet.,Singer-songwriter,Laulja-laulukirjutaja,musician;record producer;composer,muusik;plaadiprodutsent;helilooja,"Reznor has worked as a singer-songwriter, musician, record producer, and composer.","Reznor on töötanud laulja-laulukirjutaja, muusiku, plaadiprodutsendi ja heliloojana.",Trent Reznor — Wikipedia permanent revision 1370570256,https://en.wikipedia.org/w/index.php?title=Trent_Reznor&oldid=1370570256,CC-BY-SA-4.0,2026-08-23,reviewed,true
built-in-music-clue-0279,built-in-music,Music Pack,built-in-music-set-053,board,round-two,4,medium,composers,Music: Everyday Tour,Muusika: igapäevane ringkäik,Blur (band) — Blur formed in which city?,Blur (band) — Millises linnas Blur loodi?,London,London,,,London is the band’s recorded musical origin.,Ansambli dokumenteeritud muusikaline päritolukoht on London.,Blur (band) — Wikipedia permanent revision 1370085262,https://en.wikipedia.org/w/index.php?title=Blur_(band)&oldid=1370085262,CC-BY-SA-4.0,2026-08-23,reviewed,true
built-in-music-clue-0285,built-in-music,Music Pack,built-in-music-set-053,board,round-two,5,medium,composers,Music: Everyday Tour,Muusika: igapäevane ringkäik,Red Special — The Red Special’s neck was made from this wood.,Red Special — Red Speciali kael valmistati sellest puidust.,Mahogany,Mahagon,,,May reused mahogany from an old fireplace mantel.,May kasutas uuesti vana kaminasimsi mahagoni.,Red Special — Wikipedia permanent revision 1360305265,https://en.wikipedia.org/w/index.php?title=Red_Special&oldid=1360305265,CC-BY-SA-4.0,2026-08-23,reviewed,true
built-in-music-clue-0266,built-in-music,Music Pack,built-in-music-set-054,board,round-two,1,medium,rock,Music: Everyday Grab Bag,Muusika: igapäevane üllatuskott,Electric Light Orchestra — This group was formed to carry orchestral rock forward from where the Beatles left off.,"Electric Light Orchestra — See ansambel loodi selleks, et jätkata orkestrirokiga sealt, kus Beatles pooleli jäi.",Electric Light Orchestra,Electric Light Orchestra,ELO;Jeff Lynne's Electric Light Orchestra,ELO;Jeff Lynne’i Electric Light Orchestra,The group’s founding concept was to pick up where the Beatles left off by foregrounding orchestral instruments.,"Ansambli asutamisidee oli orkestripille esile tõstes jätkata sealt, kus Beatles pooleli jäi.",Electric Light Orchestra — Wikipedia permanent revision 1369732935,https://en.wikipedia.org/w/index.php?title=Electric_Light_Orchestra&oldid=1369732935,CC-BY-SA-4.0,2026-08-23,reviewed,true
built-in-music-clue-0272,built-in-music,Music Pack,built-in-music-set-054,board,round-two,2,medium,rock,Music: Everyday Grab Bag,Muusika: igapäevane üllatuskott,Trent Reznor — Name one genre associated with Trent Reznor.,Trent Reznor — Nimeta üks Trent Reznoriga seotud žanr.,Industrial rock,Industriaalrokk,industrial metal;alternative rock;post-industrial;synth-pop;electronic;film score,industriaalmetal;alternatiivrokk;postindustriaal;süntpopp;elektrooniline muusika;filmimuusika,"Reznor’s work spans industrial rock, industrial metal, alternative rock, post-industrial, synth-pop, electronic, and film score.","Reznori looming hõlmab industriaalrokki, industriaalmetalit, alternatiivrokki, postindustriaali, süntpoppi, elektroonilist muusikat ja filmimuusikat.",Trent Reznor — Wikipedia permanent revision 1370570256,https://en.wikipedia.org/w/index.php?title=Trent_Reznor&oldid=1370570256,CC-BY-SA-4.0,2026-08-23,reviewed,true
built-in-music-clue-0278,built-in-music,Music Pack,built-in-music-set-054,board,round-two,3,medium,rock,Music: Everyday Grab Bag,Muusika: igapäevane üllatuskott,Blur (band) — Name a label that released Blur’s music.,"Blur (band) — Nimeta üks plaadifirma, mis avaldas Bluri muusikat.",Food,Food,Parlophone;Virgin;SBK;Warner;Live Here Now,Parlophone;Virgin;SBK;Warner;Live Here Now,Food is among several labels that released Blur’s music.,Food on üks mitmest Bluri muusikat avaldanud plaadifirmast.,Blur (band) — Wikipedia permanent revision 1370085262,https://en.wikipedia.org/w/index.php?title=Blur_(band)&oldid=1370085262,CC-BY-SA-4.0,2026-08-23,reviewed,true
built-in-music-clue-0284,built-in-music,Music Pack,built-in-music-set-054,board,round-two,4,medium,rock,Music: Everyday Grab Bag,Muusika: igapäevane üllatuskott,Red Special — This engineer helped his son build the Red Special.,Red Special — See insener aitas oma pojal Red Speciali ehitada.,Harold May,Harold May,,,Harold May worked with Brian on the guitar.,Harold May ehitas kitarri koos Brianiga.,Red Special — Wikipedia permanent revision 1360305265,https://en.wikipedia.org/w/index.php?title=Red_Special&oldid=1360305265,CC-BY-SA-4.0,2026-08-23,reviewed,true
built-in-music-clue-0290,built-in-music,Music Pack,built-in-music-set-054,board,round-two,5,medium,rock,Music: Everyday Grab Bag,Muusika: igapäevane üllatuskott,Shine On You Crazy Diamond — What is the combined runtime of all nine Shine On You Crazy Diamond parts?,Shine On You Crazy Diamond — Kui pikk on „Shine On You Crazy Diamondi“ kõigi üheksa osa kogukestus?,25:57,25:57,,,Together the nine parts last 25 minutes and 57 seconds.,Üheksa osa kestavad kokku 25 minutit ja 57 sekundit.,Shine On You Crazy Diamond — Wikipedia permanent revision 1368723568,https://en.wikipedia.org/w/index.php?title=Shine_On_You_Crazy_Diamond&oldid=1368723568,CC-BY-SA-4.0,2026-08-23,reviewed,true
built-in-music-clue-0271,built-in-music,Music Pack,built-in-music-set-055,board,round-two,1,medium,composers,Music: Everyday Roundup,Muusika: igapäevane ülevaade,Trent Reznor — This founder and leader is Nine Inch Nails’ principal creative force.,Trent Reznor — See asutaja ja juht on Nine Inch Nailsi peamine loomejõud.,Trent Reznor,Trent Reznor,,,Trent Reznor founded and leads Nine Inch Nails.,Trent Reznor asutas Nine Inch Nailsi ja juhib seda.,Trent Reznor — Wikipedia permanent revision 1370570256,https://en.wikipedia.org/w/index.php?title=Trent_Reznor&oldid=1370570256,CC-BY-SA-4.0,2026-08-23,reviewed,true
built-in-music-clue-0277,built-in-music,Music Pack,built-in-music-set-055,board,round-two,2,medium,composers,Music: Everyday Roundup,Muusika: igapäevane ülevaade,Blur (band) — Which genre is associated with Blur?,Blur (band) — Millise žanriga seostatakse Bluri?,Britpop,Britpop,alternative rock;indie rock;art rock,alternatiivrokk;indirokk;kunstirokk,"Blur’s music includes Britpop, alternative rock, indie rock, and art rock.","Bluri muusika hõlmab britpoppi, alternatiivrokki, indirokki ja kunstirokki.",Blur (band) — Wikipedia permanent revision 1370085262,https://en.wikipedia.org/w/index.php?title=Blur_(band)&oldid=1370085262,CC-BY-SA-4.0,2026-08-23,reviewed,true
built-in-music-clue-0283,built-in-music,Music Pack,built-in-music-set-055,board,round-two,3,medium,composers,Music: Everyday Roundup,Muusika: igapäevane ülevaade,Red Special — The Red Special was built during this decade.,Red Special — Red Special ehitati sel kümnendil.,1960s,1960. aastad,,,Construction took place in the early 1960s.,Kitarr ehitati 1960. aastate alguses.,Red Special — Wikipedia permanent revision 1360305265,https://en.wikipedia.org/w/index.php?title=Red_Special&oldid=1360305265,CC-BY-SA-4.0,2026-08-23,reviewed,true
built-in-music-clue-0289,built-in-music,Music Pack,built-in-music-set-055,board,round-two,4,medium,composers,Music: Everyday Roundup,Muusika: igapäevane ülevaade,Shine On You Crazy Diamond — Shine On You Crazy Diamond reached listeners on September 12 of which year?,Shine On You Crazy Diamond — Millise aasta 12. septembril jõudis „Shine On You Crazy Diamond“ kuulajateni?,1975,1975,,,"Pink Floyd released the suite on September 12, 1975.",Pink Floyd avaldas süidi 12. septembril 1975.,Shine On You Crazy Diamond — Wikipedia permanent revision 1368723568,https://en.wikipedia.org/w/index.php?title=Shine_On_You_Crazy_Diamond&oldid=1368723568,CC-BY-SA-4.0,2026-08-23,reviewed,true
built-in-music-clue-0295,built-in-music,Music Pack,built-in-music-set-055,board,round-two,5,medium,composers,Music: Everyday Roundup,Muusika: igapäevane ülevaade,Talon of the Hawk — What is the runtime of Talon of the Hawk?,Talon of the Hawk — Kui pikk on album „Talon of the Hawk“?,42:26,42:26,,,The album lasts 42 minutes and 26 seconds.,Album kestab 42 minutit ja 26 sekundit.,Talon of the Hawk — Wikipedia permanent revision 1369174234,https://en.wikipedia.org/w/index.php?title=Talon_of_the_Hawk&oldid=1369174234,CC-BY-SA-4.0,2026-08-23,reviewed,true
built-in-music-clue-0276,built-in-music,Music Pack,built-in-music-set-056,board,round-two,1,medium,rock,Music: Everyday Sampler,Muusika: igapäevane proovivalik,Blur (band) — Gorillaz co-creator Damon Albarn also fronts this band.,Blur (band) — Gorillazi kaaslooja Damon Albarn on ka selle ansambli solist.,Blur,Blur,,,Albarn is Blur’s lead singer.,Albarn on Bluri solist.,Blur (band) — Wikipedia permanent revision 1370085262,https://en.wikipedia.org/w/index.php?title=Blur_(band)&oldid=1370085262,CC-BY-SA-4.0,2026-08-23,reviewed,true
built-in-music-clue-0282,built-in-music,Music Pack,built-in-music-set-056,board,round-two,2,medium,rock,Music: Everyday Sampler,Muusika: igapäevane proovivalik,Red Special — This Queen guitarist built the Red Special.,Red Special — See Queeni kitarrist ehitas Red Speciali.,Brian May,Brian May,,,Brian May constructed the guitar with his father.,Brian May ehitas kitarri koos isaga.,Red Special — Wikipedia permanent revision 1360305265,https://en.wikipedia.org/w/index.php?title=Red_Special&oldid=1360305265,CC-BY-SA-4.0,2026-08-23,reviewed,true
built-in-music-clue-0288,built-in-music,Music Pack,built-in-music-set-056,board,round-two,3,medium,rock,Music: Everyday Sampler,Muusika: igapäevane proovivalik,Shine On You Crazy Diamond — Name one label associated with Shine On You Crazy Diamond.,Shine On You Crazy Diamond — Nimeta üks „Shine On You Crazy Diamondiga“ seotud plaadifirma.,Harvest,Harvest,Columbia/CBS,Columbia/CBS,The suite carries Harvest and Columbia/CBS label credits.,Süidi plaadifirmadena on märgitud Harvest ja Columbia/CBS.,Shine On You Crazy Diamond — Wikipedia permanent revision 1368723568,https://en.wikipedia.org/w/index.php?title=Shine_On_You_Crazy_Diamond&oldid=1368723568,CC-BY-SA-4.0,2026-08-23,reviewed,true
built-in-music-clue-0294,built-in-music,Music Pack,built-in-music-set-056,board,round-two,4,medium,rock,Music: Everyday Sampler,Muusika: igapäevane proovivalik,Talon of the Hawk — Talon of the Hawk arrived on May 21 of which year?,Talon of the Hawk — Millise aasta 21. mail ilmus „Talon of the Hawk“?,2013,2013,,,"The Front Bottoms album was released on May 21, 2013.",The Front Bottomsi album ilmus 21. mail 2013.,Talon of the Hawk — Wikipedia permanent revision 1369174234,https://en.wikipedia.org/w/index.php?title=Talon_of_the_Hawk&oldid=1369174234,CC-BY-SA-4.0,2026-08-23,reviewed,true
built-in-music-clue-0300,built-in-music,Music Pack,built-in-music-set-056,board,round-two,5,medium,rock,Music: Everyday Sampler,Muusika: igapäevane proovivalik,Not Fade Away (song) — What is the runtime of Not Fade Away?,Not Fade Away (song) — Kui pikk on „Not Fade Away“?,2:21,2:21,,,The recording lasts 2 minutes and 21 seconds.,Salvestis kestab 2 minutit ja 21 sekundit.,Not Fade Away (song) — Wikipedia permanent revision 1366066842,https://en.wikipedia.org/w/index.php?title=Not_Fade_Away_(song)&oldid=1366066842,CC-BY-SA-4.0,2026-08-23,reviewed,true
built-in-music-clue-0281,built-in-music,Music Pack,built-in-music-set-057,board,round-two,1,medium,instruments,Music: Everyday Potpourri,Muusika: igapäevane popurrii,"Red Special — This handmade guitar, nicknamed the Old Lady, became Queen’s signature instrument.",Red Special — See hüüdnime Old Lady kandev käsitöökitarr sai Queeni tunnuspilliks.,Red Special,Red Special,,,Its reddish finish gave the custom instrument its name.,Eritellimusel valmistatud pill sai nime oma punaka viimistluse järgi.,Red Special — Wikipedia permanent revision 1360305265,https://en.wikipedia.org/w/index.php?title=Red_Special&oldid=1360305265,CC-BY-SA-4.0,2026-08-23,reviewed,true
built-in-music-clue-0287,built-in-music,Music Pack,built-in-music-set-057,board,round-two,2,medium,instruments,Music: Everyday Potpourri,Muusika: igapäevane popurrii,Shine On You Crazy Diamond — What genre is associated with Shine On You Crazy Diamond?,Shine On You Crazy Diamond — Millise žanriga seostatakse „Shine On You Crazy Diamondi“?,Progressive rock,Progressiivne rokk,art rock;space rock,kunstirokk;kosmoserokk,"The composition blends progressive rock, art rock, and space rock.","Teos ühendab progressiivset rokki, kunstirokki ja kosmoserokki.",Shine On You Crazy Diamond — Wikipedia permanent revision 1368723568,https://en.wikipedia.org/w/index.php?title=Shine_On_You_Crazy_Diamond&oldid=1368723568,CC-BY-SA-4.0,2026-08-23,reviewed,true
built-in-music-clue-0293,built-in-music,Music Pack,built-in-music-set-057,board,round-two,3,medium,instruments,Music: Everyday Potpourri,Muusika: igapäevane popurrii,Talon of the Hawk — The Front Bottoms released Talon of the Hawk through this label.,Talon of the Hawk — The Front Bottoms andis „Talon of the Hawki“ välja selle plaadifirma alt.,Bar/None,Bar/None,,,Bar/None issued the album.,Bar/None andis albumi välja.,Talon of the Hawk — Wikipedia permanent revision 1369174234,https://en.wikipedia.org/w/index.php?title=Talon_of_the_Hawk&oldid=1369174234,CC-BY-SA-4.0,2026-08-23,reviewed,true
built-in-music-clue-0299,built-in-music,Music Pack,built-in-music-set-057,board,round-two,4,medium,instruments,Music: Everyday Potpourri,Muusika: igapäevane popurrii,Not Fade Away (song) — Not Fade Away reached listeners on October 27 of which year?,Not Fade Away (song) — Millise aasta 27. oktoobril jõudis „Not Fade Away“ kuulajateni?,1957,1957,,,"The Buddy Holly recording was released on October 27, 1957.",Buddy Holly salvestis ilmus 27. oktoobril 1957.,Not Fade Away (song) — Wikipedia permanent revision 1366066842,https://en.wikipedia.org/w/index.php?title=Not_Fade_Away_(song)&oldid=1366066842,CC-BY-SA-4.0,2026-08-23,reviewed,true
built-in-music-clue-0305,built-in-music,Music Pack,built-in-music-set-057,board,round-two,5,medium,instruments,Music: Everyday Potpourri,Muusika: igapäevane popurrii,Ringo Starr — Ringo Starr was born in this year.,Ringo Starr — Mis aastal Ringo Starr sündis?,1940,1940,,,Ringo Starr’s birth date falls in 1940.,Ringo Starr sündis 1940. aastal.,Ringo Starr — Wikipedia permanent revision 1365466443,https://en.wikipedia.org/w/index.php?title=Ringo_Starr&oldid=1365466443,CC-BY-SA-4.0,2026-08-23,reviewed,true
built-in-music-clue-0286,built-in-music,Music Pack,built-in-music-set-058,board,round-two,1,medium,composers,Music: Everyday Challenge,Muusika: igapäevane väljakutse,Shine On You Crazy Diamond — Pink Floyd wrote Shine On You Crazy Diamond for this former bandmate.,Shine On You Crazy Diamond — Pink Floyd kirjutas „Shine On You Crazy Diamondi“ sellele endisele ansamblikaaslasele.,Syd Barrett,Syd Barrett,,,The suite pays tribute to Syd Barrett.,Süit avaldab austust Syd Barrettile.,Shine On You Crazy Diamond — Wikipedia permanent revision 1368723568,https://en.wikipedia.org/w/index.php?title=Shine_On_You_Crazy_Diamond&oldid=1368723568,CC-BY-SA-4.0,2026-08-23,reviewed,true
built-in-music-clue-0292,built-in-music,Music Pack,built-in-music-set-058,board,round-two,2,medium,composers,Music: Everyday Challenge,Muusika: igapäevane väljakutse,Talon of the Hawk — Which genre is associated with Talon of the Hawk?,Talon of the Hawk — Millise žanriga seostatakse albumit „Talon of the Hawk“?,Indie rock,Indirokk,folk punk;emo,folkpunk;emo,"Talon of the Hawk is described as indie rock, folk punk, and emo.","„Talon of the Hawki“ kirjeldatakse indiroki, folkpungi ja emo albumina.",Talon of the Hawk — Wikipedia permanent revision 1369174234,https://en.wikipedia.org/w/index.php?title=Talon_of_the_Hawk&oldid=1369174234,CC-BY-SA-4.0,2026-08-23,reviewed,true
built-in-music-clue-0298,built-in-music,Music Pack,built-in-music-set-058,board,round-two,3,medium,composers,Music: Everyday Challenge,Muusika: igapäevane väljakutse,Not Fade Away (song) — Buddy Holly released Not Fade Away through this label.,Not Fade Away (song) — Buddy Holly andis „Not Fade Away“ välja selle plaadifirma alt.,Brunswick,Brunswick,,,Brunswick issued the single.,Brunswick andis singli välja.,Not Fade Away (song) — Wikipedia permanent revision 1366066842,https://en.wikipedia.org/w/index.php?title=Not_Fade_Away_(song)&oldid=1366066842,CC-BY-SA-4.0,2026-08-23,reviewed,true
built-in-music-clue-0304,built-in-music,Music Pack,built-in-music-set-058,board,round-two,4,medium,composers,Music: Everyday Challenge,Muusika: igapäevane väljakutse,"Ringo Starr — Besides performing, Ringo Starr holds this creative profession.",Ringo Starr — Lisaks esinemisele peab Ringo Starr seda loomingulist ametit.,Songwriter,Laulukirjutaja,,,Starr has songwriting credits alongside his performing career.,Esinemiskarjääri kõrval on Starr märgitud ka laulude autoriks.,Ringo Starr — Wikipedia permanent revision 1365466443,https://en.wikipedia.org/w/index.php?title=Ringo_Starr&oldid=1365466443,CC-BY-SA-4.0,2026-08-23,reviewed,true
built-in-music-clue-0310,built-in-music,Music Pack,built-in-music-set-058,board,round-two,5,medium,composers,Music: Everyday Challenge,Muusika: igapäevane väljakutse,Dave Navarro — Dave Navarro gave this title to his 2001 solo album.,Dave Navarro — Dave Navarro pani oma 2001. aasta sooloalbumile selle pealkirja.,Trust No One,Trust No One,,,Trust No One is Navarro’s 2001 solo album.,„Trust No One“ on Navarro 2001. aasta sooloalbum.,Dave Navarro — Wikipedia permanent revision 1365993972,https://en.wikipedia.org/w/index.php?title=Dave_Navarro&oldid=1365993972,CC-BY-SA-4.0,2026-08-23,reviewed,true
built-in-music-clue-0291,built-in-music,Music Pack,built-in-music-set-059,board,round-two,1,medium,albums,Music: Everyday Quiz,Muusika: igapäevane viktoriin,Talon of the Hawk — This band wrote and recorded Twin Size Mattress.,Talon of the Hawk — See ansambel kirjutas ja salvestas „Twin Size Mattressi“.,The Front Bottoms,The Front Bottoms,,,The Front Bottoms released the song on Talon of the Hawk.,The Front Bottoms avaldas laulu albumil „Talon of the Hawk“.,Talon of the Hawk — Wikipedia permanent revision 1369174234,https://en.wikipedia.org/w/index.php?title=Talon_of_the_Hawk&oldid=1369174234,CC-BY-SA-4.0,2026-08-23,reviewed,true
built-in-music-clue-0297,built-in-music,Music Pack,built-in-music-set-059,board,round-two,2,medium,albums,Music: Everyday Quiz,Muusika: igapäevane viktoriin,Not Fade Away (song) — What genre is associated with Not Fade Away?,Not Fade Away (song) — Millise žanriga seostatakse laulu „Not Fade Away“?,Rock and roll,Rock’n’roll,rockabilly,rockabilly,Not Fade Away is associated with rock and roll and rockabilly.,„Not Fade Awayd“ seostatakse rock’n’roll’i ja rockabilly’ga.,Not Fade Away (song) — Wikipedia permanent revision 1366066842,https://en.wikipedia.org/w/index.php?title=Not_Fade_Away_(song)&oldid=1366066842,CC-BY-SA-4.0,2026-08-23,reviewed,true
built-in-music-clue-0303,built-in-music,Music Pack,built-in-music-set-059,board,round-two,3,medium,albums,Music: Everyday Quiz,Muusika: igapäevane viktoriin,Ringo Starr — Name one genre associated with Ringo Starr.,Ringo Starr — Nimeta üks Ringo Starriga seotud žanr.,Rock,Rokk,Pop;Country,popp;kantri,"Starr’s music includes rock, pop, and country.","Starri muusika hõlmab rokki, poppi ja kantrit.",Ringo Starr — Wikipedia permanent revision 1365466443,https://en.wikipedia.org/w/index.php?title=Ringo_Starr&oldid=1365466443,CC-BY-SA-4.0,2026-08-23,reviewed,true
built-in-music-clue-0309,built-in-music,Music Pack,built-in-music-set-059,board,round-two,4,medium,albums,Music: Everyday Quiz,Muusika: igapäevane viktoriin,Dave Navarro — Dave Navarro was born in this California city.,Dave Navarro — Dave Navarro sündis selles California linnas.,Santa Monica,Santa Monica,,,Santa Monica is his recorded birthplace.,Tema dokumenteeritud sünnikoht on Santa Monica.,Dave Navarro — Wikipedia permanent revision 1365993972,https://en.wikipedia.org/w/index.php?title=Dave_Navarro&oldid=1365993972,CC-BY-SA-4.0,2026-08-23,reviewed,true
built-in-music-clue-0315,built-in-music,Music Pack,built-in-music-set-059,board,round-two,5,medium,albums,Music: Everyday Quiz,Muusika: igapäevane viktoriin,David Bowie — David Bowie was born in this year.,David Bowie — Mis aastal David Bowie sündis?,1947,1947,,,His birth date is 8 January 1947.,Ta sündis 8. jaanuaril 1947.,David Bowie — Wikipedia permanent revision 1370549531,https://en.wikipedia.org/w/index.php?title=David_Bowie&oldid=1370549531,CC-BY-SA-4.0,2026-08-23,reviewed,true
built-in-music-clue-0296,built-in-music,Music Pack,built-in-music-set-060,board,round-two,1,medium,music-theory-history,Music: Everyday Odds & Ends,Muusika: igapäevane üht-teist,Not Fade Away (song) — Rush chose this Buddy Holly song for its first single.,Not Fade Away (song) — Rush valis oma esimeseks singliks selle Buddy Holly laulu.,Not Fade Away,Not Fade Away,,,Rush debuted on record with a cover of Not Fade Away.,Rushi plaadidebüüt oli „Not Fade Away“ kaver.,Not Fade Away (song) — Wikipedia permanent revision 1366066842,https://en.wikipedia.org/w/index.php?title=Not_Fade_Away_(song)&oldid=1366066842,CC-BY-SA-4.0,2026-08-23,reviewed,true
built-in-music-clue-0302,built-in-music,Music Pack,built-in-music-set-060,board,round-two,2,medium,music-theory-history,Music: Everyday Odds & Ends,Muusika: igapäevane üht-teist,Ringo Starr — Ringo Starr is most closely associated with this instrument.,Ringo Starr — Selle pilliga seostatakse Ringo Starri kõige enam.,Drums,Trummid,,,He played drums for the Beatles and throughout his solo career.,Ta mängis trumme nii Beatlesis kui ka kogu soolokarjääri jooksul.,Ringo Starr — Wikipedia permanent revision 1365466443,https://en.wikipedia.org/w/index.php?title=Ringo_Starr&oldid=1365466443,CC-BY-SA-4.0,2026-08-23,reviewed,true
built-in-music-clue-0308,built-in-music,Music Pack,built-in-music-set-060,board,round-two,3,medium,music-theory-history,Music: Everyday Odds & Ends,Muusika: igapäevane üht-teist,Dave Navarro — Dave Navarro was born in this year.,Dave Navarro — Mis aastal Dave Navarro sündis?,1967,1967,,,His birth date is 7 June 1967.,Ta sündis 7. juunil 1967.,Dave Navarro — Wikipedia permanent revision 1365993972,https://en.wikipedia.org/w/index.php?title=Dave_Navarro&oldid=1365993972,CC-BY-SA-4.0,2026-08-23,reviewed,true
built-in-music-clue-0314,built-in-music,Music Pack,built-in-music-set-060,board,round-two,4,medium,music-theory-history,Music: Everyday Odds & Ends,Muusika: igapäevane üht-teist,"David Bowie — Besides singing, David Bowie held this creative occupation.",David Bowie — Lisaks laulmisele pidas David Bowie seda loomingulist ametit.,Songwriter,Laulukirjutaja,,,He was also a songwriter.,Ta oli ka laulukirjutaja.,David Bowie — Wikipedia permanent revision 1370549531,https://en.wikipedia.org/w/index.php?title=David_Bowie&oldid=1370549531,CC-BY-SA-4.0,2026-08-23,reviewed,true
built-in-music-clue-0320,built-in-music,Music Pack,built-in-music-set-060,board,round-two,5,medium,music-theory-history,Music: Everyday Odds & Ends,Muusika: igapäevane üht-teist,Eric Clapton — In what year did Time place Eric Clapton fifth among its ten best electric-guitar players?,Eric Clapton — Mis aastal paigutas Time Eric Claptoni oma kümne parima elektrikitarristi seas viiendale kohale?,2009,2009,,,Time published that fifth-place ranking in 2009.,Time avaldas selle viienda koha edetabeli 2009. aastal.,Eric Clapton — Wikipedia permanent revision 1368521912,https://en.wikipedia.org/w/index.php?title=Eric_Clapton&oldid=1368521912,CC-BY-SA-4.0,2026-08-23,reviewed,true
built-in-music-clue-0301,built-in-music,Music Pack,built-in-music-set-061,board,round-two,1,medium,performers,Music: Colorful Mix,Muusika: värvikas segu,Ringo Starr — This Beatle narrated early Thomas the Tank Engine television episodes.,Ringo Starr — See biitel oli telesarja „Thomas the Tank Engine“ esimeste osade jutustaja.,Ringo Starr,Ringo Starr,,,Ringo Starr narrated the first two British series.,Ringo Starr jutustas sarja kaks esimest Ühendkuningriigi hooaega.,Ringo Starr — Wikipedia permanent revision 1365466443,https://en.wikipedia.org/w/index.php?title=Ringo_Starr&oldid=1365466443,CC-BY-SA-4.0,2026-08-23,reviewed,true
built-in-music-clue-0307,built-in-music,Music Pack,built-in-music-set-061,board,round-two,2,medium,performers,Music: Colorful Mix,Muusika: värvikas segu,Dave Navarro — Dave Navarro appears on all four studio albums by this band.,Dave Navarro — Dave Navarro mängib selle ansambli kõigil neljal stuudioalbumil.,Jane’s Addiction,Jane’s Addiction,,,He is best known for his membership in Jane’s Addiction.,Teda tuntakse eelkõige Jane’s Addictioni liikmena.,Dave Navarro — Wikipedia permanent revision 1365993972,https://en.wikipedia.org/w/index.php?title=Dave_Navarro&oldid=1365993972,CC-BY-SA-4.0,2026-08-23,reviewed,true
built-in-music-clue-0313,built-in-music,Music Pack,built-in-music-set-061,board,round-two,3,medium,performers,Music: Colorful Mix,Muusika: värvikas segu,David Bowie — David Bowie also worked in this screen profession.,David Bowie — David Bowie tegutses ka selles filmi- ja televaldkonna ametis.,Actor,Näitleja,,,He pursued an acting career alongside music.,Muusika kõrval tegi ta näitlejakarjääri.,David Bowie — Wikipedia permanent revision 1370549531,https://en.wikipedia.org/w/index.php?title=David_Bowie&oldid=1370549531,CC-BY-SA-4.0,2026-08-23,reviewed,true
built-in-music-clue-0319,built-in-music,Music Pack,built-in-music-set-061,board,round-two,4,medium,performers,Music: Colorful Mix,Muusika: värvikas segu,"Eric Clapton — On Gibson’s list of 50 all-time guitarists, which ordinal was attached to Eric Clapton?",Eric Clapton — Mitmendale kohale paigutas Gibson Eric Claptoni oma kõigi aegade 50 kitarristi nimekirjas?,Fourth,Neljas,,,The list gives Clapton fourth place.,Nimekirjas on Clapton neljandal kohal.,Eric Clapton — Wikipedia permanent revision 1368521912,https://en.wikipedia.org/w/index.php?title=Eric_Clapton&oldid=1368521912,CC-BY-SA-4.0,2026-08-23,reviewed,true
built-in-music-clue-0325,built-in-music,Music Pack,built-in-music-set-061,board,round-two,5,medium,performers,Music: Colorful Mix,Muusika: värvikas segu,Pete Townshend — Pete Townshend authored this many rock operas with his band.,Pete Townshend — Pete Townshend kirjutas koos oma ansambliga nii mitu rokkooperit.,Two,Kaks,,,His output includes two rock operas.,Tema loomingusse kuulub kaks rokkooperit.,Pete Townshend — Wikipedia permanent revision 1370669231,https://en.wikipedia.org/w/index.php?title=Pete_Townshend&oldid=1370669231,CC-BY-SA-4.0,2026-08-23,reviewed,true
built-in-music-clue-0306,built-in-music,Music Pack,built-in-music-set-062,board,round-two,1,medium,performers,Music: Colorful Medley,Muusika: värvikas valik,Dave Navarro — This musician recorded One Hot Minute with the Red Hot Chili Peppers.,Dave Navarro — See muusik salvestas koos Red Hot Chili Peppersiga albumi „One Hot Minute“.,Dave Navarro,Dave Navarro,,,Navarro played guitar on the album.,Navarro mängis albumil kitarri.,Dave Navarro — Wikipedia permanent revision 1365993972,https://en.wikipedia.org/w/index.php?title=Dave_Navarro&oldid=1365993972,CC-BY-SA-4.0,2026-08-23,reviewed,true
built-in-music-clue-0312,built-in-music,Music Pack,built-in-music-set-062,board,round-two,2,medium,performers,Music: Colorful Medley,Muusika: värvikas valik,David Bowie — David Bowie was born in this city.,David Bowie — David Bowie sündis selles linnas.,London,London,,,London is his recorded birthplace.,Tema dokumenteeritud sünnikoht on London.,David Bowie — Wikipedia permanent revision 1370549531,https://en.wikipedia.org/w/index.php?title=David_Bowie&oldid=1370549531,CC-BY-SA-4.0,2026-08-23,reviewed,true
built-in-music-clue-0318,built-in-music,Music Pack,built-in-music-set-062,board,round-two,3,medium,performers,Music: Colorful Medley,Muusika: värvikas valik,Eric Clapton — In what year was Eric Clapton born?,Eric Clapton — Mis aastal Eric Clapton sündis?,1945,1945,,,"Eric Clapton was born on March 30, 1945.",Eric Clapton sündis 30. märtsil 1945.,Eric Clapton — Wikipedia permanent revision 1368521912,https://en.wikipedia.org/w/index.php?title=Eric_Clapton&oldid=1368521912,CC-BY-SA-4.0,2026-08-23,reviewed,true
built-in-music-clue-0324,built-in-music,Music Pack,built-in-music-set-062,board,round-two,4,medium,performers,Music: Colorful Medley,Muusika: värvikas valik,Pete Townshend — Pete Townshend was born in this west London district.,Pete Townshend — Pete Townshend sündis selles Lääne-Londoni linnaosas.,Chiswick,Chiswick,,,Chiswick is his recorded birthplace.,Tema dokumenteeritud sünnikoht on Chiswick.,Pete Townshend — Wikipedia permanent revision 1370669231,https://en.wikipedia.org/w/index.php?title=Pete_Townshend&oldid=1370669231,CC-BY-SA-4.0,2026-08-23,reviewed,true
built-in-music-clue-0330,built-in-music,Music Pack,built-in-music-set-062,board,round-two,5,medium,performers,Music: Colorful Medley,Muusika: värvikas valik,Dave Grohl — Dave Grohl was born in this year.,Dave Grohl — Mis aastal Dave Grohl sündis?,1969,1969,,,Dave Grohl’s birth date falls in 1969.,Dave Grohl sündis 1969. aastal.,Dave Grohl — Wikipedia permanent revision 1369067972,https://en.wikipedia.org/w/index.php?title=Dave_Grohl&oldid=1369067972,CC-BY-SA-4.0,2026-08-23,reviewed,true
built-in-music-clue-0311,built-in-music,Music Pack,built-in-music-set-063,board,round-two,1,medium,performers,Music: Colorful Tour,Muusika: värvikas ringkäik,David Bowie — This was David Bowie’s birth surname.,David Bowie — See oli David Bowie sünnijärgne perekonnanimi.,Jones,Jones,,,David Bowie was born David Robert Jones.,David Bowie sündis nimega David Robert Jones.,David Bowie — Wikipedia permanent revision 1370549531,https://en.wikipedia.org/w/index.php?title=David_Bowie&oldid=1370549531,CC-BY-SA-4.0,2026-08-23,reviewed,true
built-in-music-clue-0317,built-in-music,Music Pack,built-in-music-set-063,board,round-two,2,medium,performers,Music: Colorful Tour,Muusika: värvikas ringkäik,"Eric Clapton — Besides rock, which genre defines Eric Clapton’s work?",Eric Clapton — Milline žanr määratleb Eric Claptoni loomingut peale roki?,Blues,Bluus,,,Clapton is described as both a rock and blues artist.,Claptonit kirjeldatakse nii roki- kui ka bluusiartistina.,Eric Clapton — Wikipedia permanent revision 1368521912,https://en.wikipedia.org/w/index.php?title=Eric_Clapton&oldid=1368521912,CC-BY-SA-4.0,2026-08-23,reviewed,true
built-in-music-clue-0323,built-in-music,Music Pack,built-in-music-set-063,board,round-two,3,medium,performers,Music: Colorful Tour,Muusika: värvikas ringkäik,Pete Townshend — Pete Townshend was born in this year.,Pete Townshend — Mis aastal Pete Townshend sündis?,1945,1945,,,His birth date is 19 May 1945.,Ta sündis 19. mail 1945.,Pete Townshend — Wikipedia permanent revision 1370669231,https://en.wikipedia.org/w/index.php?title=Pete_Townshend&oldid=1370669231,CC-BY-SA-4.0,2026-08-23,reviewed,true
built-in-music-clue-0329,built-in-music,Music Pack,built-in-music-set-063,board,round-two,4,medium,performers,Music: Colorful Tour,Muusika: värvikas ringkäik,"Dave Grohl — Besides performing, Dave Grohl holds this studio occupation.",Dave Grohl — Lisaks esinemisele peab Dave Grohl seda stuudioametit.,Record producer,Plaadiprodutsent,,,Grohl has production credits in addition to his performing work.,Esinemise kõrval on Grohl märgitud ka produtsendiks.,Dave Grohl — Wikipedia permanent revision 1369067972,https://en.wikipedia.org/w/index.php?title=Dave_Grohl&oldid=1369067972,CC-BY-SA-4.0,2026-08-23,reviewed,true
built-in-music-clue-0335,built-in-music,Music Pack,built-in-music-set-063,board,round-two,5,medium,performers,Music: Colorful Tour,Muusika: värvikas ringkäik,Robby Krieger — What position did Robby Krieger hold in Rolling Stone’s 2023 list of 250 greatest guitarists?,Robby Krieger — Mitmendal kohal oli Robby Krieger Rolling Stone’i 2023. aasta 250 parima kitarristi nimekirjas?,248,248,,,The 2023 list placed Krieger at number 248.,2023. aasta nimekirjas oli Krieger 248. kohal.,Robby Krieger — Wikipedia permanent revision 1364786795,https://en.wikipedia.org/w/index.php?title=Robby_Krieger&oldid=1364786795,CC-BY-SA-4.0,2026-08-23,reviewed,true
built-in-music-clue-0316,built-in-music,Music Pack,built-in-music-set-064,board,round-two,1,medium,performers,Music: Colorful Grab Bag,Muusika: värvikas üllatuskott,Eric Clapton — This English guitarist is nicknamed Slowhand.,Eric Clapton — Selle Inglise kitarristi hüüdnimi on Slowhand.,Eric Clapton,Eric Clapton,,,Eric Clapton acquired the nickname early in his career.,Eric Clapton sai selle hüüdnime karjääri alguses.,Eric Clapton — Wikipedia permanent revision 1368521912,https://en.wikipedia.org/w/index.php?title=Eric_Clapton&oldid=1368521912,CC-BY-SA-4.0,2026-08-23,reviewed,true
built-in-music-clue-0322,built-in-music,Music Pack,built-in-music-set-064,board,round-two,2,medium,performers,Music: Colorful Grab Bag,Muusika: värvikas üllatuskott,Pete Townshend — Pete Townshend co-founded this band.,Pete Townshend — Pete Townshend oli selle ansambli kaasasutaja.,The Who,The Who,,,He became its guitarist and principal songwriter.,Temast sai ansambli kitarrist ja peamine laulukirjutaja.,Pete Townshend — Wikipedia permanent revision 1370669231,https://en.wikipedia.org/w/index.php?title=Pete_Townshend&oldid=1370669231,CC-BY-SA-4.0,2026-08-23,reviewed,true
built-in-music-clue-0328,built-in-music,Music Pack,built-in-music-set-064,board,round-two,3,medium,performers,Music: Colorful Grab Bag,Muusika: värvikas üllatuskott,Dave Grohl — Name one genre associated with Dave Grohl.,Dave Grohl — Nimeta üks Dave Grohliga seotud žanr.,Alternative rock,Alternatiivrokk,hard rock;grunge;punk rock,hard rock;grunge;punkrokk,"Grohl’s music spans alternative rock, hard rock, grunge, and punk rock.","Grohli muusika hõlmab alternatiivrokki, hard rock’i, grunge’i ja punkrokki.",Dave Grohl — Wikipedia permanent revision 1369067972,https://en.wikipedia.org/w/index.php?title=Dave_Grohl&oldid=1369067972,CC-BY-SA-4.0,2026-08-23,reviewed,true
built-in-music-clue-0334,built-in-music,Music Pack,built-in-music-set-064,board,round-two,4,medium,performers,Music: Colorful Grab Bag,Muusika: värvikas üllatuskott,Robby Krieger — From which year does Robby Krieger’s performing career date?,Robby Krieger — Mis aastast pärineb Robby Kriegeri esinejakarjääri algus?,1964,1964,,,Krieger’s documented years active begin in 1964.,Kriegeri dokumenteeritud tegevusaastad algavad 1964. aastast.,Robby Krieger — Wikipedia permanent revision 1364786795,https://en.wikipedia.org/w/index.php?title=Robby_Krieger&oldid=1364786795,CC-BY-SA-4.0,2026-08-23,reviewed,true
built-in-music-clue-0255,built-in-music,Music Pack,built-in-music-set-064,board,round-two,5,medium,performers,Music: Colorful Grab Bag,Muusika: värvikas üllatuskott,Neil Peart — In which year did Neil Peart enter the Modern Drummer Readers Poll Hall of Fame?,Neil Peart — Mis aastal võeti Neil Peart ajakirja Modern Drummer lugejaküsitluse kuulsuste halli?,1983,1983,,,"His 1983 induction, at age 30, made him the youngest person then honored.","1983. aastal, 30-aastasena kuulsuste halli võetuna oli ta noorim seni selle au pälvinud inimene.",Neil Peart — Wikipedia permanent revision 1370668685,https://en.wikipedia.org/w/index.php?title=Neil_Peart&oldid=1370668685,CC-BY-SA-4.0,2026-08-23,reviewed,true
built-in-music-clue-0321,built-in-music,Music Pack,built-in-music-set-065,board,round-two,1,medium,performers,Music: Colorful Roundup,Muusika: värvikas ülevaade,Pete Townshend — The windmill guitar strum is associated with this performer.,Pete Townshend — Tuuleveskiliigutusega kitarrimängu seostatakse selle esinejaga.,Pete Townshend,Pete Townshend,,,Pete Townshend made the circular-arm technique a signature.,Pete Townshend muutis ringja käeliigutuse oma tunnusvõtteks.,Pete Townshend — Wikipedia permanent revision 1370669231,https://en.wikipedia.org/w/index.php?title=Pete_Townshend&oldid=1370669231,CC-BY-SA-4.0,2026-08-23,reviewed,true
built-in-music-clue-0327,built-in-music,Music Pack,built-in-music-set-065,board,round-two,2,medium,performers,Music: Colorful Roundup,Muusika: värvikas ülevaade,Dave Grohl — Name one instrument Dave Grohl plays.,"Dave Grohl — Nimeta üks pill, mida Dave Grohl mängib.",Guitar,Kitarr,Drums;Bass,trummid;basskitarr,"Grohl performs on guitar, drums, and bass.","Grohl mängib kitarri, trumme ja basskitarri.",Dave Grohl — Wikipedia permanent revision 1369067972,https://en.wikipedia.org/w/index.php?title=Dave_Grohl&oldid=1369067972,CC-BY-SA-4.0,2026-08-23,reviewed,true
built-in-music-clue-0333,built-in-music,Music Pack,built-in-music-set-065,board,round-two,3,medium,performers,Music: Colorful Roundup,Muusika: värvikas ülevaade,Robby Krieger — In what year was Robby Krieger born?,Robby Krieger — Mis aastal Robby Krieger sündis?,1946,1946,,,"Robby Krieger was born on January 8, 1946.",Robby Krieger sündis 8. jaanuaril 1946.,Robby Krieger — Wikipedia permanent revision 1364786795,https://en.wikipedia.org/w/index.php?title=Robby_Krieger&oldid=1364786795,CC-BY-SA-4.0,2026-08-23,reviewed,true
built-in-music-clue-0254,built-in-music,Music Pack,built-in-music-set-065,board,round-two,4,medium,performers,Music: Colorful Roundup,Muusika: värvikas ülevaade,Neil Peart — In what year was Neil Peart born?,Neil Peart — Mis aastal Neil Peart sündis?,1952,1952,,,"Neil Peart was born on September 12, 1952.",Neil Peart sündis 12. septembril 1952.,Neil Peart — Wikipedia permanent revision 1370668685,https://en.wikipedia.org/w/index.php?title=Neil_Peart&oldid=1370668685,CC-BY-SA-4.0,2026-08-23,reviewed,true
built-in-music-clue-0260,built-in-music,Music Pack,built-in-music-set-065,board,round-two,5,medium,performers,Music: Colorful Roundup,Muusika: värvikas ülevaade,Nothing Compares 2 U — What is the runtime of Prince’s Nothing Compares 2 U?,Nothing Compares 2 U — Kui pikk on Prince’i „Nothing Compares 2 U“?,4:33,4:33,,,Prince’s studio recording runs 4 minutes and 33 seconds.,Prince’i stuudiosalvestis kestab 4 minutit ja 33 sekundit.,Nothing Compares 2 U — Wikipedia permanent revision 1369524715,https://en.wikipedia.org/w/index.php?title=Nothing_Compares_2_U&oldid=1369524715,CC-BY-SA-4.0,2026-08-23,reviewed,true
built-in-music-clue-0326,built-in-music,Music Pack,built-in-music-set-066,board,round-two,1,medium,rock,Music: Colorful Sampler,Muusika: värvikas proovivalik,Dave Grohl — This Foo Fighters founder previously performed in Nirvana.,Dave Grohl — See Foo Fightersi asutaja mängis varem Nirvanas.,Dave Grohl,Dave Grohl,,,His Nirvana tenure preceded Foo Fighters.,Tema aeg Nirvanas eelnes Foo Fightersile.,Dave Grohl — Wikipedia permanent revision 1369067972,https://en.wikipedia.org/w/index.php?title=Dave_Grohl&oldid=1369067972,CC-BY-SA-4.0,2026-08-23,reviewed,true
built-in-music-clue-0332,built-in-music,Music Pack,built-in-music-set-066,board,round-two,2,medium,rock,Music: Colorful Sampler,Muusika: värvikas proovivalik,Robby Krieger — Name the Doors hit written or co-written by Krieger whose title begins with “Light”.,"Robby Krieger — Nimeta Kriegeri kirjutatud või kaasautorina loodud The Doorsi hitt, mille pealkiri algab sõnaga „Light“.",Light My Fire,Light My Fire,,,Light My Fire is among the Doors songs written or co-written by Robby Krieger.,"„Light My Fire“ kuulub The Doorsi laulude hulka, mille kirjutas või aitas kirjutada Robby Krieger.",Robby Krieger — Wikipedia permanent revision 1364786795,https://en.wikipedia.org/w/index.php?title=Robby_Krieger&oldid=1364786795,CC-BY-SA-4.0,2026-08-23,reviewed,true
built-in-music-clue-0253,built-in-music,Music Pack,built-in-music-set-066,board,round-two,3,medium,rock,Music: Colorful Sampler,Muusika: värvikas proovivalik,Neil Peart — What academic nickname did Neil Peart receive?,Neil Peart — Millise akadeemilise hüüdnime sai Neil Peart?,The Professor,The Professor,Professor,Professor,He was nicknamed the Professor because he resembled the Gilligan’s Island character.,"Talle anti hüüdnimi Professor, sest ta meenutas sarja „Gilligan’s Island“ tegelast.",Neil Peart — Wikipedia permanent revision 1370668685,https://en.wikipedia.org/w/index.php?title=Neil_Peart&oldid=1370668685,CC-BY-SA-4.0,2026-08-23,reviewed,true
built-in-music-clue-0259,built-in-music,Music Pack,built-in-music-set-066,board,round-two,4,medium,rock,Music: Colorful Sampler,Muusika: värvikas proovivalik,Nothing Compares 2 U — Prince’s own studio recording of Nothing Compares 2 U was released in this year.,Nothing Compares 2 U — Prince’i enda stuudiosalvestis laulust „Nothing Compares 2 U“ ilmus sel aastal.,2018,2018,,,Prince’s recording was released in 2018.,Prince’i salvestis ilmus 2018. aastal.,Nothing Compares 2 U — Wikipedia permanent revision 1369524715,https://en.wikipedia.org/w/index.php?title=Nothing_Compares_2_U&oldid=1369524715,CC-BY-SA-4.0,2026-08-23,reviewed,true
built-in-music-clue-0265,built-in-music,Music Pack,built-in-music-set-066,board,round-two,5,medium,rock,Music: Colorful Sampler,Muusika: värvikas proovivalik,Old Town Road — What is the runtime of the original Old Town Road?,Old Town Road — Kui pikk on „Old Town Roadi“ originaal?,1:53,1:53,,,The original runs 1:53; the Billy Ray Cyrus remix runs 2:37.,"Originaal kestab 1:53, Billy Ray Cyruse remiks aga 2:37.",Old Town Road — Wikipedia permanent revision 1367689760,https://en.wikipedia.org/w/index.php?title=Old_Town_Road&oldid=1367689760,CC-BY-SA-4.0,2026-08-23,reviewed,true
built-in-music-clue-0331,built-in-music,Music Pack,built-in-music-set-067,board,round-two,1,medium,performers,Music: Colorful Potpourri,Muusika: värvikas popurrii,Robby Krieger — This guitarist played in the Doors.,Robby Krieger — See kitarrist mängis ansamblis The Doors.,Robby Krieger,Robby Krieger,,,Robby Krieger was the Doors’ guitarist.,Robby Krieger oli The Doorsi kitarrist.,Robby Krieger — Wikipedia permanent revision 1364786795,https://en.wikipedia.org/w/index.php?title=Robby_Krieger&oldid=1364786795,CC-BY-SA-4.0,2026-08-23,reviewed,true
built-in-music-clue-0252,built-in-music,Music Pack,built-in-music-set-067,board,round-two,2,medium,performers,Music: Colorful Potpourri,Muusika: värvikas popurrii,Neil Peart — What nationality was Neil Peart?,Neil Peart — Mis rahvusest oli Neil Peart?,Canadian,Kanadalane,,,"Neil Peart was a Canadian musician, songwriter, and author.","Neil Peart oli Kanada muusik, laulukirjutaja ja kirjanik.",Neil Peart — Wikipedia permanent revision 1370668685,https://en.wikipedia.org/w/index.php?title=Neil_Peart&oldid=1370668685,CC-BY-SA-4.0,2026-08-23,reviewed,true
built-in-music-clue-0258,built-in-music,Music Pack,built-in-music-set-067,board,round-two,3,medium,performers,Music: Colorful Potpourri,Muusika: värvikas popurrii,Nothing Compares 2 U — Prince’s Nothing Compares 2 U appeared through this label.,Nothing Compares 2 U — Prince’i „Nothing Compares 2 U“ ilmus selle plaadifirma alt.,Paisley Park,Paisley Park,,,Paisley Park issued the recording.,Paisley Park andis salvestise välja.,Nothing Compares 2 U — Wikipedia permanent revision 1369524715,https://en.wikipedia.org/w/index.php?title=Nothing_Compares_2_U&oldid=1369524715,CC-BY-SA-4.0,2026-08-23,reviewed,true
built-in-music-clue-0264,built-in-music,Music Pack,built-in-music-set-067,board,round-two,4,medium,performers,Music: Colorful Potpourri,Muusika: värvikas popurrii,Old Town Road — The original version of Old Town Road appeared on December 3 in what year?,Old Town Road — Millise aasta 3. detsembril ilmus „Old Town Roadi“ originaalversioon?,2018,2018,,,"The original arrived on December 3, 2018; the Billy Ray Cyrus remix followed on April 5, 2019.",Originaal ilmus 3. detsembril 2018; Billy Ray Cyruse remiks järgnes 5. aprillil 2019.,Old Town Road — Wikipedia permanent revision 1367689760,https://en.wikipedia.org/w/index.php?title=Old_Town_Road&oldid=1367689760,CC-BY-SA-4.0,2026-08-23,reviewed,true
built-in-music-clue-0270,built-in-music,Music Pack,built-in-music-set-067,board,round-two,5,medium,performers,Music: Colorful Potpourri,Muusika: värvikas popurrii,Electric Light Orchestra — This drummer helped found Electric Light Orchestra.,Electric Light Orchestra — See trummar aitas Electric Light Orchestra asutada.,Bev Bevan,Bev Bevan,,,Bev Bevan joined the two multi-instrumentalist founders.,Bev Bevan liitus kahe multiinstrumentalistist asutajaga.,Electric Light Orchestra — Wikipedia permanent revision 1369732935,https://en.wikipedia.org/w/index.php?title=Electric_Light_Orchestra&oldid=1369732935,CC-BY-SA-4.0,2026-08-23,reviewed,true
built-in-music-clue-0336,built-in-music,Music Pack,built-in-music-set-068,board,round-one,1,hard,performers,Music: Colorful Challenge,Muusika: värvikas väljakutse,Axl Rose — This performer fronts Guns N’ Roses.,Axl Rose — See esineja on Guns N’ Rosesi solist.,Axl Rose,Axl Rose,,,Axl Rose is the band’s lead vocalist.,Axl Rose on ansambli peavokalist.,Axl Rose — Wikipedia permanent revision 1370835611,https://en.wikipedia.org/w/index.php?title=Axl_Rose&oldid=1370835611,CC-BY-SA-4.0,2026-08-23,reviewed,true
built-in-music-clue-0342,built-in-music,Music Pack,built-in-music-set-068,board,round-one,2,hard,performers,Music: Colorful Challenge,Muusika: värvikas väljakutse,Jared Leto — What nationality is Jared Leto?,Jared Leto — Mis rahvusest on Jared Leto?,American,Ameeriklane,,,Jared Leto is an American actor and musician.,Jared Leto on Ameerika näitleja ja muusik.,Jared Leto — Wikipedia permanent revision 1368959230,https://en.wikipedia.org/w/index.php?title=Jared_Leto&oldid=1368959230,CC-BY-SA-4.0,2026-08-23,reviewed,true
built-in-music-clue-0348,built-in-music,Music Pack,built-in-music-set-068,board,round-one,3,hard,performers,Music: Colorful Challenge,Muusika: värvikas väljakutse,Jamie xx — Jamie xx holds this studio occupation.,Jamie xx — Jamie xx peab seda stuudioametit.,Record producer,Plaadiprodutsent,,,He works as a record producer as well as a musician and DJ.,"Ta töötab plaadiprodutsendi, muusiku ja DJ-na.",Jamie xx — Wikipedia permanent revision 1365373134,https://en.wikipedia.org/w/index.php?title=Jamie_xx&oldid=1365373134,CC-BY-SA-4.0,2026-08-23,reviewed,true
built-in-music-clue-0354,built-in-music,Music Pack,built-in-music-set-068,board,round-one,4,hard,performers,Music: Colorful Challenge,Muusika: värvikas väljakutse,Nevermind — Nevermind arrived on September 24 of which year?,Nevermind — Millise aasta 24. septembril ilmus „Nevermind“?,1991,1991,,,"Nirvana’s album was released on September 24, 1991.",Nirvana album ilmus 24. septembril 1991.,Nevermind — Wikipedia permanent revision 1370176248,https://en.wikipedia.org/w/index.php?title=Nevermind&oldid=1370176248,CC-BY-SA-4.0,2026-08-23,reviewed,true
built-in-music-clue-0360,built-in-music,Music Pack,built-in-music-set-068,board,round-one,5,hard,performers,Music: Colorful Challenge,Muusika: värvikas väljakutse,Once Upon a Time in Shaolin — This producer conceived Once Upon a Time in Shaolin with RZA.,Once Upon a Time in Shaolin — See produtsent mõtles koos RZA-ga välja albumi „Once Upon a Time in Shaolin“.,Cilvaringz,Cilvaringz,,,Cilvaringz produced the project alongside RZA.,Cilvaringz produtseeris projekti koos RZA-ga.,Once Upon a Time in Shaolin — Wikipedia permanent revision 1369479578,https://en.wikipedia.org/w/index.php?title=Once_Upon_a_Time_in_Shaolin&oldid=1369479578,CC-BY-SA-4.0,2026-08-23,reviewed,true
built-in-music-clue-0341,built-in-music,Music Pack,built-in-music-set-069,board,round-one,1,hard,performers,Music: Colorful Quiz,Muusika: värvikas viktoriin,Jared Leto — This Thirty Seconds to Mars frontman played Rayon in Dallas Buyers Club.,Jared Leto — See Thirty Seconds to Marsi solist mängis Rayoni filmis „Dallas Buyers Club“.,Jared Leto,Jared Leto,,,Jared Leto is the band’s lead vocalist.,Jared Leto on ansambli peavokalist.,Jared Leto — Wikipedia permanent revision 1368959230,https://en.wikipedia.org/w/index.php?title=Jared_Leto&oldid=1368959230,CC-BY-SA-4.0,2026-08-23,reviewed,true
built-in-music-clue-0347,built-in-music,Music Pack,built-in-music-set-069,board,round-one,2,hard,performers,Music: Colorful Quiz,Muusika: värvikas viktoriin,"Jamie xx — Alongside his recording work, Jamie xx performs in this club-music role.",Jamie xx — Salvestustöö kõrval esineb Jamie xx klubimuusikas selles rollis.,DJ,DJ,,,He is also a DJ.,Ta on ka DJ.,Jamie xx — Wikipedia permanent revision 1365373134,https://en.wikipedia.org/w/index.php?title=Jamie_xx&oldid=1365373134,CC-BY-SA-4.0,2026-08-23,reviewed,true
built-in-music-clue-0353,built-in-music,Music Pack,built-in-music-set-069,board,round-one,3,hard,performers,Music: Colorful Quiz,Muusika: värvikas viktoriin,Nevermind — Nirvana released Nevermind through this label.,Nevermind — Nirvana andis „Nevermindi“ välja selle plaadifirma alt.,DGC,DGC,Sub Pop,Sub Pop,DGC issued the album.,DGC andis albumi välja.,Nevermind — Wikipedia permanent revision 1370176248,https://en.wikipedia.org/w/index.php?title=Nevermind&oldid=1370176248,CC-BY-SA-4.0,2026-08-23,reviewed,true
built-in-music-clue-0359,built-in-music,Music Pack,built-in-music-set-069,board,round-one,4,hard,performers,Music: Colorful Quiz,Muusika: värvikas viktoriin,Once Upon a Time in Shaolin — The sole copy of Once Upon a Time in Shaolin was sold in this year.,Once Upon a Time in Shaolin — „Once Upon a Time in Shaolini“ ainus eksemplar müüdi sel aastal.,2015,2015,,,The auction sale was completed in 2015.,Oksjonimüük viidi lõpule 2015. aastal.,Once Upon a Time in Shaolin — Wikipedia permanent revision 1369479578,https://en.wikipedia.org/w/index.php?title=Once_Upon_a_Time_in_Shaolin&oldid=1369479578,CC-BY-SA-4.0,2026-08-23,reviewed,true
built-in-music-clue-0365,built-in-music,Music Pack,built-in-music-set-069,board,round-one,5,hard,performers,Music: Colorful Quiz,Muusika: värvikas viktoriin,V (Maroon 5 album) — What is the runtime of Maroon 5’s V?,V (Maroon 5 album) — Kui pikk on Maroon 5 album „V“?,40:10,40:10,,,The album lasts 40 minutes and 10 seconds.,Album kestab 40 minutit ja 10 sekundit.,V (Maroon 5 album) — Wikipedia permanent revision 1355343043,https://en.wikipedia.org/w/index.php?title=V_(Maroon_5_album)&oldid=1355343043,CC-BY-SA-4.0,2026-08-23,reviewed,true
built-in-music-clue-0346,built-in-music,Music Pack,built-in-music-set-070,board,round-one,1,hard,pop,Music: Colorful Odds & Ends,Muusika: värvikas üht-teist,Jamie xx — This member of an English indie-pop trio released the solo album In Colour.,Jamie xx — See Inglise indipopitrio liige avaldas sooloalbumi „In Colour“.,Jamie xx,Jamie xx,,,Jamie xx released In Colour in 2015.,Jamie xx avaldas „In Colouri“ 2015. aastal.,Jamie xx — Wikipedia permanent revision 1365373134,https://en.wikipedia.org/w/index.php?title=Jamie_xx&oldid=1365373134,CC-BY-SA-4.0,2026-08-23,reviewed,true
built-in-music-clue-0352,built-in-music,Music Pack,built-in-music-set-070,board,round-one,2,hard,pop,Music: Colorful Odds & Ends,Muusika: värvikas üht-teist,Nevermind — Name one genre associated with Nevermind.,Nevermind — Nimeta üks albumiga „Nevermind“ seotud žanr.,Grunge,Grunge,Alternative rock,alternatiivrokk,Nevermind is classified as grunge and alternative rock.,„Nevermind“ on liigitatud grunge’i ja alternatiivroki albumiks.,Nevermind — Wikipedia permanent revision 1370176248,https://en.wikipedia.org/w/index.php?title=Nevermind&oldid=1370176248,CC-BY-SA-4.0,2026-08-23,reviewed,true
built-in-music-clue-0358,built-in-music,Music Pack,built-in-music-set-070,board,round-one,3,hard,pop,Music: Colorful Odds & Ends,Muusika: värvikas üht-teist,Once Upon a Time in Shaolin — Once Upon a Time in Shaolin barred downloads and this other form of access.,Once Upon a Time in Shaolin — „Once Upon a Time in Shaolin“ keelas allalaadimise ja selle teise juurdepääsuviisi.,Streaming,Voogedastus,,,The sole copy was issued with neither download nor streaming access.,Ainsale eksemplarile ei pakutud ei allalaadimis- ega voogedastusjuurdepääsu.,Once Upon a Time in Shaolin — Wikipedia permanent revision 1369479578,https://en.wikipedia.org/w/index.php?title=Once_Upon_a_Time_in_Shaolin&oldid=1369479578,CC-BY-SA-4.0,2026-08-23,reviewed,true
built-in-music-clue-0364,built-in-music,Music Pack,built-in-music-set-070,board,round-one,4,hard,pop,Music: Colorful Odds & Ends,Muusika: värvikas üht-teist,V (Maroon 5 album) — Maroon 5’s V arrived on August 29 of which year?,V (Maroon 5 album) — Millise aasta 29. augustil ilmus Maroon 5 album „V“?,2014,2014,,,"The album was released on August 29, 2014.",Album ilmus 29. augustil 2014.,V (Maroon 5 album) — Wikipedia permanent revision 1355343043,https://en.wikipedia.org/w/index.php?title=V_(Maroon_5_album)&oldid=1355343043,CC-BY-SA-4.0,2026-08-23,reviewed,true
built-in-music-clue-0370,built-in-music,Music Pack,built-in-music-set-070,board,round-one,5,hard,pop,Music: Colorful Odds & Ends,Muusika: värvikas üht-teist,"22, A Million — What is the runtime of 22, A Million?","22, A Million — Kui pikk on „22, A Million“?",34:10,34:10,,,The Bon Iver album lasts 34 minutes and 10 seconds.,Bon Iveri album kestab 34 minutit ja 10 sekundit.,"22, A Million — Wikipedia permanent revision 1360979712",https://en.wikipedia.org/w/index.php?title=22%2C_A_Million&oldid=1360979712,CC-BY-SA-4.0,2026-08-23,reviewed,true
built-in-music-clue-0351,built-in-music,Music Pack,built-in-music-set-071,board,round-one,1,hard,albums,Music: Clever Mix,Muusika: nutikas segu,Nevermind — A swimming baby appears on the cover of this Nirvana album.,Nevermind — Selle Nirvana albumi kaanel on ujuv beebi.,Nevermind,Nevermind,,,Nevermind’s cover shows an infant underwater.,„Nevermindi“ kaanel on vee all olev imik.,Nevermind — Wikipedia permanent revision 1370176248,https://en.wikipedia.org/w/index.php?title=Nevermind&oldid=1370176248,CC-BY-SA-4.0,2026-08-23,reviewed,true
built-in-music-clue-0357,built-in-music,Music Pack,built-in-music-set-071,board,round-one,2,hard,albums,Music: Clever Mix,Muusika: nutikas segu,Once Upon a Time in Shaolin — This Wu-Tang leader helped produce Once Upon a Time in Shaolin.,Once Upon a Time in Shaolin — See Wu-Tangi juht aitas produtseerida albumit „Once Upon a Time in Shaolin“.,RZA,RZA,,,RZA co-produced the project and helped frame it as a work of fine art.,RZA oli projekti kaasprodutsent ja aitas seda kujutava kunsti teosena määratleda.,Once Upon a Time in Shaolin — Wikipedia permanent revision 1369479578,https://en.wikipedia.org/w/index.php?title=Once_Upon_a_Time_in_Shaolin&oldid=1369479578,CC-BY-SA-4.0,2026-08-23,reviewed,true
built-in-music-clue-0363,built-in-music,Music Pack,built-in-music-set-071,board,round-one,3,hard,albums,Music: Clever Mix,Muusika: nutikas segu,V (Maroon 5 album) — Maroon 5 released V through this label.,V (Maroon 5 album) — Maroon 5 andis „V“ välja selle plaadifirma alt.,222,222,Interscope,Interscope,222 issued the album.,222 andis albumi välja.,V (Maroon 5 album) — Wikipedia permanent revision 1355343043,https://en.wikipedia.org/w/index.php?title=V_(Maroon_5_album)&oldid=1355343043,CC-BY-SA-4.0,2026-08-23,reviewed,true
built-in-music-clue-0369,built-in-music,Music Pack,built-in-music-set-071,board,round-one,4,hard,albums,Music: Clever Mix,Muusika: nutikas segu,"22, A Million — 22, A Million arrived on September 30 of which year?","22, A Million — Millise aasta 30. septembril ilmus „22, A Million“?",2016,2016,,,"Bon Iver’s third album was released on September 30, 2016.",Bon Iveri kolmas album ilmus 30. septembril 2016.,"22, A Million — Wikipedia permanent revision 1360979712",https://en.wikipedia.org/w/index.php?title=22%2C_A_Million&oldid=1360979712,CC-BY-SA-4.0,2026-08-23,reviewed,true
built-in-music-clue-0375,built-in-music,Music Pack,built-in-music-set-071,board,round-one,5,hard,albums,Music: Clever Mix,Muusika: nutikas segu,Pinkerton (album) — What is Pinkerton’s runtime?,Pinkerton (album) — Kui pikk on „Pinkerton“?,34:36,34:36,,,Weezer’s second studio album lasts 34 minutes and 36 seconds.,Weezeri teine stuudioalbum kestab 34 minutit ja 36 sekundit.,Pinkerton (album) — Wikipedia permanent revision 1368408948,https://en.wikipedia.org/w/index.php?title=Pinkerton_(album)&oldid=1368408948,CC-BY-SA-4.0,2026-08-23,reviewed,true
built-in-music-clue-0356,built-in-music,Music Pack,built-in-music-set-072,board,round-one,1,hard,albums,Music: Clever Medley,Muusika: nutikas valik,Once Upon a Time in Shaolin — Martin Shkreli bought the sole copy of this Wu-Tang Clan album.,Once Upon a Time in Shaolin — Martin Shkreli ostis selle Wu-Tang Clani albumi ainsa eksemplari.,Once Upon a Time in Shaolin,Once Upon a Time in Shaolin,,,Once Upon a Time in Shaolin was issued as a single physical copy and sold to Martin Shkreli.,„Once Upon a Time in Shaolin“ anti välja ühe füüsilise eksemplarina ja müüdi Martin Shkrelile.,Once Upon a Time in Shaolin — Wikipedia permanent revision 1369479578,https://en.wikipedia.org/w/index.php?title=Once_Upon_a_Time_in_Shaolin&oldid=1369479578,CC-BY-SA-4.0,2026-08-23,reviewed,true
built-in-music-clue-0362,built-in-music,Music Pack,built-in-music-set-072,board,round-one,2,hard,albums,Music: Clever Medley,Muusika: nutikas valik,V (Maroon 5 album) — Which genre is associated with Maroon 5’s V?,V (Maroon 5 album) — Millise žanriga seostatakse Maroon 5 albumit „V“?,Pop rock,Poprokk,new wave;electropop,uus laine;elektropopp,"V blends pop rock, new wave, and electropop.","„V“ ühendab poprokki, uut lainet ja elektropoppi.",V (Maroon 5 album) — Wikipedia permanent revision 1355343043,https://en.wikipedia.org/w/index.php?title=V_(Maroon_5_album)&oldid=1355343043,CC-BY-SA-4.0,2026-08-23,reviewed,true
built-in-music-clue-0368,built-in-music,Music Pack,built-in-music-set-072,board,round-one,3,hard,albums,Music: Clever Medley,Muusika: nutikas valik,"22, A Million — Bon Iver released 22, A Million through this label.","22, A Million — Bon Iver andis „22, A Millioni“ välja selle plaadifirma alt.",Jagjaguwar,Jagjaguwar,,,Jagjaguwar issued the album.,Jagjaguwar andis albumi välja.,"22, A Million — Wikipedia permanent revision 1360979712",https://en.wikipedia.org/w/index.php?title=22%2C_A_Million&oldid=1360979712,CC-BY-SA-4.0,2026-08-23,reviewed,true
built-in-music-clue-0374,built-in-music,Music Pack,built-in-music-set-072,board,round-one,4,hard,albums,Music: Clever Medley,Muusika: nutikas valik,Pinkerton (album) — In which year did Weezer release Pinkerton?,Pinkerton (album) — Mis aastal andis Weezer välja „Pinkertoni“?,1996,1996,,,Weezer released its second studio album in 1996.,Weezer avaldas oma teise stuudioalbumi 1996. aastal.,Pinkerton (album) — Wikipedia permanent revision 1368408948,https://en.wikipedia.org/w/index.php?title=Pinkerton_(album)&oldid=1368408948,CC-BY-SA-4.0,2026-08-23,reviewed,true
built-in-music-clue-0380,built-in-music,Music Pack,built-in-music-set-072,board,round-one,5,hard,albums,Music: Clever Medley,Muusika: nutikas valik,OK Computer — What is the runtime of OK Computer?,OK Computer — Kui pikk on „OK Computer“?,53:21,53:21,,,Radiohead’s album lasts 53 minutes and 21 seconds.,Radioheadi album kestab 53 minutit ja 21 sekundit.,OK Computer — Wikipedia permanent revision 1370300458,https://en.wikipedia.org/w/index.php?title=OK_Computer&oldid=1370300458,CC-BY-SA-4.0,2026-08-23,reviewed,true
built-in-music-clue-0361,built-in-music,Music Pack,built-in-music-set-073,board,round-one,1,hard,albums,Music: Clever Tour,Muusika: nutikas ringkäik,"V (Maroon 5 album) — “Maps,” “Animals,” and “Sugar” were hit singles from this Maroon 5 album.","V (Maroon 5 album) — „Maps“, „Animals“ ja „Sugar“ olid selle Maroon 5 albumi hittsinglid.",V,V,,,The band titled the record V.,Ansambel pani plaadile pealkirjaks „V“.,V (Maroon 5 album) — Wikipedia permanent revision 1355343043,https://en.wikipedia.org/w/index.php?title=V_(Maroon_5_album)&oldid=1355343043,CC-BY-SA-4.0,2026-08-23,reviewed,true
built-in-music-clue-0367,built-in-music,Music Pack,built-in-music-set-073,board,round-one,2,hard,albums,Music: Clever Tour,Muusika: nutikas ringkäik,"22, A Million — What genre is associated with 22, A Million?","22, A Million — Millise žanriga seostatakse albumit „22, A Million“?",Folktronica,Folktronica,art pop;electronic,kunstpopp;elektrooniline muusika,"The album combines folktronica, art pop, and electronic music.","Album ühendab folktronica’t, kunstpoppi ja elektroonilist muusikat.","22, A Million — Wikipedia permanent revision 1360979712",https://en.wikipedia.org/w/index.php?title=22%2C_A_Million&oldid=1360979712,CC-BY-SA-4.0,2026-08-23,reviewed,true
built-in-music-clue-0373,built-in-music,Music Pack,built-in-music-set-073,board,round-one,3,hard,albums,Music: Clever Tour,Muusika: nutikas ringkäik,Pinkerton (album) — Weezer released Pinkerton through this label.,Pinkerton (album) — Weezer andis „Pinkertoni“ välja selle plaadifirma alt.,DGC,DGC,,,DGC issued the album.,DGC andis albumi välja.,Pinkerton (album) — Wikipedia permanent revision 1368408948,https://en.wikipedia.org/w/index.php?title=Pinkerton_(album)&oldid=1368408948,CC-BY-SA-4.0,2026-08-23,reviewed,true
built-in-music-clue-0379,built-in-music,Music Pack,built-in-music-set-073,board,round-one,4,hard,albums,Music: Clever Tour,Muusika: nutikas ringkäik,OK Computer — Who produced Radiohead’s OK Computer?,OK Computer — Kes produtseeris Radioheadi albumi „OK Computer“?,Nigel Godrich,Nigel Godrich,,,Nigel Godrich produced OK Computer with Radiohead.,Nigel Godrich produtseeris „OK Computeri“ koos Radioheadiga.,OK Computer — Wikipedia permanent revision 1370300458,https://en.wikipedia.org/w/index.php?title=OK_Computer&oldid=1370300458,CC-BY-SA-4.0,2026-08-23,reviewed,true
built-in-music-clue-0385,built-in-music,Music Pack,built-in-music-set-073,board,round-one,5,hard,albums,Music: Clever Tour,Muusika: nutikas ringkäik,Thriller (album) — What is the runtime of Thriller?,Thriller (album) — Kui pikk on „Thriller“?,42:16,42:16,,,Michael Jackson’s album lasts 42 minutes and 16 seconds.,Michael Jacksoni album kestab 42 minutit ja 16 sekundit.,Thriller (album) — Wikipedia permanent revision 1369859141,https://en.wikipedia.org/w/index.php?title=Thriller_(album)&oldid=1369859141,CC-BY-SA-4.0,2026-08-23,reviewed,true
built-in-music-clue-0366,built-in-music,Music Pack,built-in-music-set-074,board,round-one,1,hard,albums,Music: Clever Grab Bag,Muusika: nutikas üllatuskott,"22, A Million — Bon Iver gave this numeric title to its third studio album.","22, A Million — Bon Iver andis oma kolmandale stuudioalbumile selle numbrilise pealkirja.","22, A Million","22, A Million",,,The title combines the number 22 with A Million.,Pealkiri ühendab arvu 22 sõnadega „A Million“.,"22, A Million — Wikipedia permanent revision 1360979712",https://en.wikipedia.org/w/index.php?title=22%2C_A_Million&oldid=1360979712,CC-BY-SA-4.0,2026-08-23,reviewed,true
built-in-music-clue-0372,built-in-music,Music Pack,built-in-music-set-074,board,round-one,2,hard,albums,Music: Clever Grab Bag,Muusika: nutikas üllatuskott,Pinkerton (album) — Name one genre associated with Pinkerton.,Pinkerton (album) — Nimeta üks albumiga „Pinkerton“ seotud žanr.,Alternative rock,Alternatiivrokk,emo;power pop;pop-punk;indie rock,emo;power pop;pop-punk;indirokk,"Pinkerton is described as alternative rock, emo, power pop, pop-punk, and indie rock.","„Pinkertoni“ kirjeldatakse alternatiivroki, emo, power pop’i, pop-pungi ja indiroki albumina.",Pinkerton (album) — Wikipedia permanent revision 1368408948,https://en.wikipedia.org/w/index.php?title=Pinkerton_(album)&oldid=1368408948,CC-BY-SA-4.0,2026-08-23,reviewed,true
built-in-music-clue-0378,built-in-music,Music Pack,built-in-music-set-074,board,round-one,3,hard,albums,Music: Clever Grab Bag,Muusika: nutikas üllatuskott,OK Computer — Radiohead released OK Computer through this label.,OK Computer — Radiohead andis „OK Computeri“ välja selle plaadifirma alt.,Parlophone,Parlophone,Capitol,Capitol,Parlophone issued the album.,Parlophone andis albumi välja.,OK Computer — Wikipedia permanent revision 1370300458,https://en.wikipedia.org/w/index.php?title=OK_Computer&oldid=1370300458,CC-BY-SA-4.0,2026-08-23,reviewed,true
built-in-music-clue-0384,built-in-music,Music Pack,built-in-music-set-074,board,round-one,4,hard,albums,Music: Clever Grab Bag,Muusika: nutikas üllatuskott,Thriller (album) — Thriller arrived on November 29 of which year?,Thriller (album) — Millise aasta 29. novembril ilmus „Thriller“?,1982,1982,,,"Michael Jackson’s album was released on November 29, 1982.",Michael Jacksoni album ilmus 29. novembril 1982.,Thriller (album) — Wikipedia permanent revision 1369859141,https://en.wikipedia.org/w/index.php?title=Thriller_(album)&oldid=1369859141,CC-BY-SA-4.0,2026-08-23,reviewed,true
built-in-music-clue-0390,built-in-music,Music Pack,built-in-music-set-074,board,round-one,5,hard,albums,Music: Clever Grab Bag,Muusika: nutikas üllatuskott,In Rainbows — What is the runtime of In Rainbows?,In Rainbows — Kui pikk on „In Rainbows“?,42:39,42:39,,,Radiohead’s album lasts 42 minutes and 39 seconds.,Radioheadi album kestab 42 minutit ja 39 sekundit.,In Rainbows — Wikipedia permanent revision 1369235252,https://en.wikipedia.org/w/index.php?title=In_Rainbows&oldid=1369235252,CC-BY-SA-4.0,2026-08-23,reviewed,true
built-in-music-clue-0371,built-in-music,Music Pack,built-in-music-set-075,board,round-one,1,hard,albums,Music: Clever Roundup,Muusika: nutikas ülevaade,Pinkerton (album) — This band self-produced Pinkerton.,Pinkerton (album) — See ansambel produtseeris ise albumi „Pinkerton“.,Weezer,Weezer,,,Weezer took the album’s production credit itself.,Weezer võttis albumi produtseerimise enda kanda.,Pinkerton (album) — Wikipedia permanent revision 1368408948,https://en.wikipedia.org/w/index.php?title=Pinkerton_(album)&oldid=1368408948,CC-BY-SA-4.0,2026-08-23,reviewed,true
built-in-music-clue-0377,built-in-music,Music Pack,built-in-music-set-075,board,round-one,2,hard,albums,Music: Clever Roundup,Muusika: nutikas ülevaade,OK Computer — Which genre is associated with OK Computer?,OK Computer — Millise žanriga seostatakse albumit „OK Computer“?,Alternative rock,Alternatiivrokk,art rock,kunstirokk,OK Computer is classified as alternative rock and art rock.,„OK Computer“ on liigitatud alternatiivroki ja kunstiroki albumiks.,OK Computer — Wikipedia permanent revision 1370300458,https://en.wikipedia.org/w/index.php?title=OK_Computer&oldid=1370300458,CC-BY-SA-4.0,2026-08-23,reviewed,true
built-in-music-clue-0383,built-in-music,Music Pack,built-in-music-set-075,board,round-one,3,hard,albums,Music: Clever Roundup,Muusika: nutikas ülevaade,Thriller (album) — Michael Jackson released Thriller through this label.,Thriller (album) — Michael Jackson andis „Thrilleri“ välja selle plaadifirma alt.,Epic,Epic,,,Epic issued the album.,Epic andis albumi välja.,Thriller (album) — Wikipedia permanent revision 1369859141,https://en.wikipedia.org/w/index.php?title=Thriller_(album)&oldid=1369859141,CC-BY-SA-4.0,2026-08-23,reviewed,true
built-in-music-clue-0389,built-in-music,Music Pack,built-in-music-set-075,board,round-one,4,hard,albums,Music: Clever Roundup,Muusika: nutikas ülevaade,In Rainbows — In Rainbows first appeared online on October 10 of which year?,In Rainbows — Millise aasta 10. oktoobril ilmus „In Rainbows“ esimest korda veebis?,2007,2007,,,"Radiohead released the album through its website on October 10, 2007.",Radiohead avaldas albumi oma veebisaidil 10. oktoobril 2007.,In Rainbows — Wikipedia permanent revision 1369235252,https://en.wikipedia.org/w/index.php?title=In_Rainbows&oldid=1369235252,CC-BY-SA-4.0,2026-08-23,reviewed,true
built-in-music-clue-0395,built-in-music,Music Pack,built-in-music-set-075,board,round-one,5,hard,albums,Music: Clever Roundup,Muusika: nutikas ülevaade,Unknown Pleasures — What is the runtime of Unknown Pleasures?,Unknown Pleasures — Kui pikk on „Unknown Pleasures“?,39:24,39:24,,,Joy Division’s album lasts 39 minutes and 24 seconds.,Joy Divisioni album kestab 39 minutit ja 24 sekundit.,Unknown Pleasures — Wikipedia permanent revision 1370016128,https://en.wikipedia.org/w/index.php?title=Unknown_Pleasures&oldid=1370016128,CC-BY-SA-4.0,2026-08-23,reviewed,true
built-in-music-clue-0376,built-in-music,Music Pack,built-in-music-set-076,board,round-one,1,hard,albums,Music: Clever Sampler,Muusika: nutikas proovivalik,OK Computer — Radiohead released OK Computer in this year.,OK Computer — Radiohead andis „OK Computeri“ välja sel aastal.,1997,1997,,,The album was released in 1997.,Album ilmus 1997. aastal.,OK Computer — Wikipedia permanent revision 1370300458,https://en.wikipedia.org/w/index.php?title=OK_Computer&oldid=1370300458,CC-BY-SA-4.0,2026-08-23,reviewed,true
built-in-music-clue-0382,built-in-music,Music Pack,built-in-music-set-076,board,round-one,2,hard,albums,Music: Clever Sampler,Muusika: nutikas proovivalik,Thriller (album) — What genre is associated with Thriller?,Thriller (album) — Millise žanriga seostatakse „Thrillerit“?,Post-disco,Postdisko,synth-pop,süntpopp,Thriller is associated with post-disco and synth-pop.,„Thrillerit“ seostatakse postdisko ja süntpopiga.,Thriller (album) — Wikipedia permanent revision 1369859141,https://en.wikipedia.org/w/index.php?title=Thriller_(album)&oldid=1369859141,CC-BY-SA-4.0,2026-08-23,reviewed,true
built-in-music-clue-0388,built-in-music,Music Pack,built-in-music-set-076,board,round-one,3,hard,albums,Music: Clever Sampler,Muusika: nutikas proovivalik,In Rainbows — What release arrangement did Radiohead use first for In Rainbows?,In Rainbows — Millist avaldamisviisi kasutas Radiohead albumi „In Rainbows“ puhul esmalt?,Self-released,Iseseisev väljaanne,,,Radiohead initially issued In Rainbows without an outside label; later physical editions used label partners.,Radiohead andis „In Rainbowsi“ algul välja välise plaadifirmata; hilisemad füüsilised väljaanded ilmusid plaadifirmade kaudu.,In Rainbows — Wikipedia permanent revision 1369235252,https://en.wikipedia.org/w/index.php?title=In_Rainbows&oldid=1369235252,CC-BY-SA-4.0,2026-08-23,reviewed,true
built-in-music-clue-0394,built-in-music,Music Pack,built-in-music-set-076,board,round-one,4,hard,albums,Music: Clever Sampler,Muusika: nutikas proovivalik,Unknown Pleasures — Unknown Pleasures arrived on June 15 of which year?,Unknown Pleasures — Millise aasta 15. juunil ilmus „Unknown Pleasures“?,1979,1979,,,"Joy Division’s album was released on June 15, 1979.",Joy Divisioni album ilmus 15. juunil 1979.,Unknown Pleasures — Wikipedia permanent revision 1370016128,https://en.wikipedia.org/w/index.php?title=Unknown_Pleasures&oldid=1370016128,CC-BY-SA-4.0,2026-08-23,reviewed,true
built-in-music-clue-0400,built-in-music,Music Pack,built-in-music-set-076,board,round-one,5,hard,albums,Music: Clever Sampler,Muusika: nutikas proovivalik,Discovery (Daft Punk album) — What is the runtime of Daft Punk’s Discovery?,Discovery (Daft Punk album) — Kui pikk on Daft Punki „Discovery“?,60:50,60:50,,,The album lasts 60 minutes and 50 seconds.,Album kestab 60 minutit ja 50 sekundit.,Discovery (Daft Punk album) — Wikipedia permanent revision 1365918097,https://en.wikipedia.org/w/index.php?title=Discovery_(Daft_Punk_album)&oldid=1365918097,CC-BY-SA-4.0,2026-08-23,reviewed,true
built-in-music-clue-0381,built-in-music,Music Pack,built-in-music-set-077,board,round-one,1,hard,albums,Music: Clever Potpourri,Muusika: nutikas popurrii,"Thriller (album) — By 2026, this Michael Jackson release was recognized as the world’s best-selling album.",Thriller (album) — 2026. aastaks tunnistati see Michael Jacksoni väljaanne maailma enimmüüdud albumiks.,Thriller,Thriller,,,The cited source retained Thriller as the worldwide sales leader in 2026.,Viidatud allika järgi oli „Thriller“ 2026. aastal endiselt üleilmne müügiliider.,Thriller (album) — Wikipedia permanent revision 1369859141,https://en.wikipedia.org/w/index.php?title=Thriller_(album)&oldid=1369859141,CC-BY-SA-4.0,2026-08-23,reviewed,true
built-in-music-clue-0387,built-in-music,Music Pack,built-in-music-set-077,board,round-one,2,hard,albums,Music: Clever Potpourri,Muusika: nutikas popurrii,In Rainbows — Name one genre associated with In Rainbows.,In Rainbows — Nimeta üks albumiga „In Rainbows“ seotud žanr.,Alternative rock,Alternatiivrokk,art rock;experimental rock;art pop;electronica,kunstirokk;eksperimentaalrokk;kunstpopp;elektroonika,"In Rainbows spans alternative rock, art rock, experimental rock, art pop, and electronica.","„In Rainbows“ hõlmab alternatiivrokki, kunstirokki, eksperimentaalrokki, kunstpoppi ja elektroonikat.",In Rainbows — Wikipedia permanent revision 1369235252,https://en.wikipedia.org/w/index.php?title=In_Rainbows&oldid=1369235252,CC-BY-SA-4.0,2026-08-23,reviewed,true
built-in-music-clue-0393,built-in-music,Music Pack,built-in-music-set-077,board,round-one,3,hard,albums,Music: Clever Potpourri,Muusika: nutikas popurrii,Unknown Pleasures — Joy Division released Unknown Pleasures through this label.,Unknown Pleasures — Joy Division andis „Unknown Pleasuresi“ välja selle plaadifirma alt.,Factory,Factory,,,Factory issued the album.,Factory andis albumi välja.,Unknown Pleasures — Wikipedia permanent revision 1370016128,https://en.wikipedia.org/w/index.php?title=Unknown_Pleasures&oldid=1370016128,CC-BY-SA-4.0,2026-08-23,reviewed,true
built-in-music-clue-0399,built-in-music,Music Pack,built-in-music-set-077,board,round-one,4,hard,albums,Music: Clever Potpourri,Muusika: nutikas popurrii,Discovery (Daft Punk album) — Daft Punk’s Discovery arrived on March 12 of which year?,Discovery (Daft Punk album) — Millise aasta 12. märtsil ilmus Daft Punki „Discovery“?,2001,2001,,,"The album was released on March 12, 2001.",Album ilmus 12. märtsil 2001.,Discovery (Daft Punk album) — Wikipedia permanent revision 1365918097,https://en.wikipedia.org/w/index.php?title=Discovery_(Daft_Punk_album)&oldid=1365918097,CC-BY-SA-4.0,2026-08-23,reviewed,true
built-in-music-clue-0405,built-in-music,Music Pack,built-in-music-set-077,board,round-one,5,hard,albums,Music: Clever Potpourri,Muusika: nutikas popurrii,Time signature — This term describes a meter whose time-signature denominator is not a power of two.,"Time signature — See termin kirjeldab taktimõõtu, mille nimetaja ei ole kahe aste.",Irrational meter,Irratsionaalne taktimõõt,Non-dyadic meter;Odd-factored meter,mittedüaadiline taktimõõt;paaritu teguriga taktimõõt,These rare signatures are also called non-dyadic or odd-factored.,Neid haruldasi taktimõõte nimetatakse ka mittedüaadilisteks või paaritu teguriga taktimõõtudeks.,Time signature — Wikipedia permanent revision 1368341390,https://en.wikipedia.org/w/index.php?title=Time_signature&oldid=1368341390,CC-BY-SA-4.0,2026-08-23,reviewed,true
built-in-music-clue-0386,built-in-music,Music Pack,built-in-music-set-078,board,round-one,1,hard,albums,Music: Clever Challenge,Muusika: nutikas väljakutse,In Rainbows — This album pioneered a pay-what-you-want Internet release by a major act.,"In Rainbows — See album oli suurartisti „maksa nii palju, kui soovid“ internetiväljaande teerajaja.",In Rainbows,In Rainbows,,,The launch drew attention for allowing buyers to choose the download price.,"Albumi ilmumine pälvis tähelepanu, sest ostjad said allalaadimise hinna ise valida.",In Rainbows — Wikipedia permanent revision 1369235252,https://en.wikipedia.org/w/index.php?title=In_Rainbows&oldid=1369235252,CC-BY-SA-4.0,2026-08-23,reviewed,true
built-in-music-clue-0392,built-in-music,Music Pack,built-in-music-set-078,board,round-one,2,hard,albums,Music: Clever Challenge,Muusika: nutikas väljakutse,Unknown Pleasures — Which genre is associated with Unknown Pleasures?,Unknown Pleasures — Millise žanriga seostatakse albumit „Unknown Pleasures“?,Post-punk,Postpunk,gothic rock;new wave;punk rock,gootirokk;uus laine;punkrokk,"Unknown Pleasures combines post-punk, gothic rock, new wave, and punk rock.","„Unknown Pleasures“ ühendab postpunki, gootirokki, uut lainet ja punkrokki.",Unknown Pleasures — Wikipedia permanent revision 1370016128,https://en.wikipedia.org/w/index.php?title=Unknown_Pleasures&oldid=1370016128,CC-BY-SA-4.0,2026-08-23,reviewed,true
built-in-music-clue-0398,built-in-music,Music Pack,built-in-music-set-078,board,round-one,3,hard,albums,Music: Clever Challenge,Muusika: nutikas väljakutse,Discovery (Daft Punk album) — Daft Punk released Discovery through this label.,Discovery (Daft Punk album) — Daft Punk andis „Discovery“ välja selle plaadifirma alt.,Virgin,Virgin,,,Virgin issued the album.,Virgin andis albumi välja.,Discovery (Daft Punk album) — Wikipedia permanent revision 1365918097,https://en.wikipedia.org/w/index.php?title=Discovery_(Daft_Punk_album)&oldid=1365918097,CC-BY-SA-4.0,2026-08-23,reviewed,true
built-in-music-clue-0404,built-in-music,Music Pack,built-in-music-set-078,board,round-one,4,hard,albums,Music: Clever Challenge,Muusika: nutikas väljakutse,Time signature — This Italian term names the 2/2 meter also called cut time.,"Time signature — See itaaliakeelne termin tähistab 2/2 taktimõõtu, mida nimetatakse ka cut time’iks.",Alla breve,Alla breve,,,The 2/2 caption pairs this meter with the names alla breve and cut time.,2/2 taktimõõdu nimetused on alla breve ja cut time.,Time signature — Wikipedia permanent revision 1368341390,https://en.wikipedia.org/w/index.php?title=Time_signature&oldid=1368341390,CC-BY-SA-4.0,2026-08-23,reviewed,true
built-in-music-clue-0410,built-in-music,Music Pack,built-in-music-set-078,board,round-one,5,hard,albums,Music: Clever Challenge,Muusika: nutikas väljakutse,Video Killed the Radio Star — What is the album-version runtime of Video Killed the Radio Star?,Video Killed the Radio Star — Kui pikk on „Video Killed the Radio Stari“ albumiversioon?,4:13,4:13,,,"The album cut runs 4:13, compared with 3:25 for the single version.","Albumiversioon kestab 4:13, singliversioon aga 3:25.",Video Killed the Radio Star — Wikipedia permanent revision 1369480947,https://en.wikipedia.org/w/index.php?title=Video_Killed_the_Radio_Star&oldid=1369480947,CC-BY-SA-4.0,2026-08-23,reviewed,true
built-in-music-clue-0391,built-in-music,Music Pack,built-in-music-set-079,board,round-one,1,hard,albums,Music: Clever Quiz,Muusika: nutikas viktoriin,Unknown Pleasures — A pulsar-derived wave plot appears on this album cover.,Unknown Pleasures — Selle albumi kaanel on pulsari põhjal loodud lainegraafik.,Unknown Pleasures,Unknown Pleasures,,,Unknown Pleasures uses a visualization of signals from pulsar CP 1919.,„Unknown Pleasures“ kasutab pulsari CP 1919 signaalide visualiseeringut.,Unknown Pleasures — Wikipedia permanent revision 1370016128,https://en.wikipedia.org/w/index.php?title=Unknown_Pleasures&oldid=1370016128,CC-BY-SA-4.0,2026-08-23,reviewed,true
built-in-music-clue-0397,built-in-music,Music Pack,built-in-music-set-079,board,round-one,2,hard,albums,Music: Clever Quiz,Muusika: nutikas viktoriin,Discovery (Daft Punk album) — What genre is associated with Discovery?,Discovery (Daft Punk album) — Millise žanriga seostatakse albumit „Discovery“?,French house,Prantsuse house,nu-disco;electro-funk,nu-disco;elektrofunk,"Discovery blends French house, nu-disco, and electro-funk.","„Discovery“ ühendab prantsuse house’i, nu-disco’t ja elektrofunki.",Discovery (Daft Punk album) — Wikipedia permanent revision 1365918097,https://en.wikipedia.org/w/index.php?title=Discovery_(Daft_Punk_album)&oldid=1365918097,CC-BY-SA-4.0,2026-08-23,reviewed,true
built-in-music-clue-0403,built-in-music,Music Pack,built-in-music-set-079,board,round-one,3,hard,albums,Music: Clever Quiz,Muusika: nutikas viktoriin,Time signature — The lower number in a time signature identifies this.,Time signature — Taktimõõdu alumine arv tähistab seda.,Note value,Noodivältus,,,"The lower number identifies the counted note value; that value usually equals one beat in simple meter, while a compound-meter beat groups three of those values.","Alumine arv näitab loendatavat noodivältust; lihttaktimõõdus võrdub see tavaliselt ühe löögiga, liittaktimõõdus aga rühmitab üks löök kolm sellist vältust.",Time signature — Wikipedia permanent revision 1368341390,https://en.wikipedia.org/w/index.php?title=Time_signature&oldid=1368341390,CC-BY-SA-4.0,2026-08-23,reviewed,true
built-in-music-clue-0409,built-in-music,Music Pack,built-in-music-set-079,board,round-one,4,hard,albums,Music: Clever Quiz,Muusika: nutikas viktoriin,Video Killed the Radio Star — Video Killed the Radio Star arrived on September 7 of which year?,Video Killed the Radio Star — Millise aasta 7. septembril ilmus „Video Killed the Radio Star“?,1979,1979,,,"The Buggles single was released on September 7, 1979.",The Bugglesi singel ilmus 7. septembril 1979.,Video Killed the Radio Star — Wikipedia permanent revision 1369480947,https://en.wikipedia.org/w/index.php?title=Video_Killed_the_Radio_Star&oldid=1369480947,CC-BY-SA-4.0,2026-08-23,reviewed,true
built-in-music-clue-0415,built-in-music,Music Pack,built-in-music-set-079,board,round-one,5,hard,albums,Music: Clever Quiz,Muusika: nutikas viktoriin,NME — NME ended its regular print edition in this year.,NME — Mis aastal lõpetas NME korrapärase trükiväljaande?,2018,2018,,,Its weekly print run ended in 2018.,Iganädalane trükiväljaanne lõpetas ilmumise 2018. aastal.,NME — Wikipedia permanent revision 1370328102,https://en.wikipedia.org/w/index.php?title=NME&oldid=1370328102,CC-BY-SA-4.0,2026-08-23,reviewed,true
built-in-music-clue-0396,built-in-music,Music Pack,built-in-music-set-080,board,round-one,1,hard,albums,Music: Clever Odds & Ends,Muusika: nutikas üht-teist,"Discovery (Daft Punk album) — Harder, Better, Faster, Stronger appears on this Daft Punk album.","Discovery (Daft Punk album) — „Harder, Better, Faster, Stronger“ kõlab sellel Daft Punki albumil.",Discovery,Discovery,,,The song is a track on Discovery.,Laul on albumi „Discovery“ pala.,Discovery (Daft Punk album) — Wikipedia permanent revision 1365918097,https://en.wikipedia.org/w/index.php?title=Discovery_(Daft_Punk_album)&oldid=1365918097,CC-BY-SA-4.0,2026-08-23,reviewed,true
built-in-music-clue-0402,built-in-music,Music Pack,built-in-music-set-080,board,round-one,2,hard,albums,Music: Clever Odds & Ends,Muusika: nutikas üht-teist,"Time signature — In simple meter, the upper number usually gives this count.",Time signature — Lihttaktimõõdus näitab ülemine arv tavaliselt seda hulka.,Beats per measure,Löökide arv taktis,,,"In simple meter, the upper number usually matches the beats per measure.",Lihttaktimõõdus vastab ülemine arv tavaliselt löökide arvule taktis.,Time signature — Wikipedia permanent revision 1368341390,https://en.wikipedia.org/w/index.php?title=Time_signature&oldid=1368341390,CC-BY-SA-4.0,2026-08-23,reviewed,true
built-in-music-clue-0408,built-in-music,Music Pack,built-in-music-set-080,board,round-one,3,hard,albums,Music: Clever Odds & Ends,Muusika: nutikas üht-teist,Video Killed the Radio Star — The Buggles released Video Killed the Radio Star through this label.,Video Killed the Radio Star — The Buggles andis „Video Killed the Radio Stari“ välja selle plaadifirma alt.,Island,Island,,,Island issued the single.,Island andis singli välja.,Video Killed the Radio Star — Wikipedia permanent revision 1369480947,https://en.wikipedia.org/w/index.php?title=Video_Killed_the_Radio_Star&oldid=1369480947,CC-BY-SA-4.0,2026-08-23,reviewed,true
built-in-music-clue-0414,built-in-music,Music Pack,built-in-music-set-080,board,round-one,4,hard,albums,Music: Clever Odds & Ends,Muusika: nutikas üht-teist,NME — NME was founded in this year.,NME — Mis aastal NME asutati?,1952,1952,,,The New Musical Express began publication in 1952.,New Musical Express hakkas ilmuma 1952. aastal.,NME — Wikipedia permanent revision 1370328102,https://en.wikipedia.org/w/index.php?title=NME&oldid=1370328102,CC-BY-SA-4.0,2026-08-23,reviewed,true
built-in-music-clue-0420,built-in-music,Music Pack,built-in-music-set-080,board,round-one,5,hard,albums,Music: Clever Odds & Ends,Muusika: nutikas üht-teist,Live Aid — This Philadelphia venue hosted the American Live Aid concert.,Live Aid — Selles Philadelphia kontserdipaigas toimus Ameerika Live Aidi kontsert.,John F. Kennedy Stadium,John F. Kennedy Stadium,,,The United States concert used John F. Kennedy Stadium.,Ameerika Ühendriikide kontsert toimus John F. Kennedy staadionil.,Live Aid — Wikipedia permanent revision 1370468669,https://en.wikipedia.org/w/index.php?title=Live_Aid&oldid=1370468669,CC-BY-SA-4.0,2026-08-23,reviewed,true
built-in-music-clue-0401,built-in-music,Music Pack,built-in-music-set-081,board,round-one,1,hard,music-theory-history,Music: Playful Mix,Muusika: mänguline segu,Time signature — This time signature is the usual meter for rock songs.,Time signature — See taktimõõt on rokklauludes kõige tavalisem.,4/4,4/4,,,4/4 is the most common time signature in rock.,4/4 on rokkmuusikas kõige tavalisem taktimõõt.,Time signature — Wikipedia permanent revision 1368341390,https://en.wikipedia.org/w/index.php?title=Time_signature&oldid=1368341390,CC-BY-SA-4.0,2026-08-23,reviewed,true
built-in-music-clue-0407,built-in-music,Music Pack,built-in-music-set-081,board,round-one,2,hard,music-theory-history,Music: Playful Mix,Muusika: mänguline segu,Video Killed the Radio Star — Name one genre associated with Video Killed the Radio Star.,Video Killed the Radio Star — Nimeta üks lauluga „Video Killed the Radio Star“ seotud žanr.,New wave,Uus laine,Synth-pop,süntpopp,The song is classified as new wave and synth-pop.,Laul on liigitatud uue laine ja süntpopi žanridesse.,Video Killed the Radio Star — Wikipedia permanent revision 1369480947,https://en.wikipedia.org/w/index.php?title=Video_Killed_the_Radio_Star&oldid=1369480947,CC-BY-SA-4.0,2026-08-23,reviewed,true
built-in-music-clue-0413,built-in-music,Music Pack,built-in-music-set-081,board,round-one,3,hard,music-theory-history,Music: Playful Mix,Muusika: mänguline segu,"NME — After its print era, NME continued principally in this format.",NME — Pärast trükiajastut jätkas NME peamiselt selles vormis.,Music website,Muusikaveebisait,,,NME operates as an online music publication.,NME tegutseb veebipõhise muusikaväljaandena.,NME — Wikipedia permanent revision 1370328102,https://en.wikipedia.org/w/index.php?title=NME&oldid=1370328102,CC-BY-SA-4.0,2026-08-23,reviewed,true
built-in-music-clue-0419,built-in-music,Music Pack,built-in-music-set-081,board,round-one,4,hard,music-theory-history,Music: Playful Mix,Muusika: mänguline segu,"Live Aid — Keith Richards and Ronnie Wood, who backed Bob Dylan at Live Aid in Philadelphia, belonged to this band.","Live Aid — Keith Richards ja Ronnie Wood, kes saatsid Philadelphias Live Aidil Bob Dylanit, kuulusid sellesse ansamblisse.",The Rolling Stones,The Rolling Stones,,,Richards and Wood were Rolling Stones members when they backed Dylan in Philadelphia.,Richards ja Wood olid Bob Dylanit Philadelphias saates The Rolling Stonesi liikmed.,Live Aid — Wikipedia permanent revision 1370468669,https://en.wikipedia.org/w/index.php?title=Live_Aid&oldid=1370468669,CC-BY-SA-4.0,2026-08-23,reviewed,true
built-in-music-clue-0340,built-in-music,Music Pack,built-in-music-set-081,board,round-one,5,hard,music-theory-history,Music: Playful Mix,Muusika: mänguline segu,Axl Rose — What birth name is given for Axl Rose?,Axl Rose — Mis on Axl Rose’i sünninimi?,William Bruce Rose Jr.,William Bruce Rose Jr.,,,Axl Rose was born William Bruce Rose Jr.,Axl Rose sündis nimega William Bruce Rose Jr.,Axl Rose — Wikipedia permanent revision 1370835611,https://en.wikipedia.org/w/index.php?title=Axl_Rose&oldid=1370835611,CC-BY-SA-4.0,2026-08-23,reviewed,true
built-in-music-clue-0406,built-in-music,Music Pack,built-in-music-set-082,board,round-one,1,hard,music-theory-history,Music: Playful Medley,Muusika: mänguline valik,Video Killed the Radio Star — This was the first music video shown on MTV.,Video Killed the Radio Star — See oli esimene MTV-s näidatud muusikavideo.,Video Killed the Radio Star,Video Killed the Radio Star,,,MTV launched with the Buggles video.,MTV alustas saateid The Bugglesi videoga.,Video Killed the Radio Star — Wikipedia permanent revision 1369480947,https://en.wikipedia.org/w/index.php?title=Video_Killed_the_Radio_Star&oldid=1369480947,CC-BY-SA-4.0,2026-08-23,reviewed,true
built-in-music-clue-0412,built-in-music,Music Pack,built-in-music-set-082,board,round-one,2,hard,music-theory-history,Music: Playful Medley,Muusika: mänguline valik,NME — NME originated in this country.,NME — NME sai alguse selles riigis.,United Kingdom,Ühendkuningriik,,,The music publication is British.,See on Briti muusikaväljaanne.,NME — Wikipedia permanent revision 1370328102,https://en.wikipedia.org/w/index.php?title=NME&oldid=1370328102,CC-BY-SA-4.0,2026-08-23,reviewed,true
built-in-music-clue-0418,built-in-music,Music Pack,built-in-music-set-082,board,round-one,3,hard,music-theory-history,Music: Playful Medley,Muusika: mänguline valik,Live Aid — This London venue hosted one half of Live Aid.,Live Aid — Selles Londoni kontserdipaigas toimus üks Live Aidi kahest osast.,Wembley Stadium,Wembley Stadium,,,The British concert took place at Wembley Stadium.,Briti kontsert toimus Wembley staadionil.,Live Aid — Wikipedia permanent revision 1370468669,https://en.wikipedia.org/w/index.php?title=Live_Aid&oldid=1370468669,CC-BY-SA-4.0,2026-08-23,reviewed,true
built-in-music-clue-0339,built-in-music,Music Pack,built-in-music-set-082,board,round-one,4,hard,music-theory-history,Music: Playful Medley,Muusika: mänguline valik,Axl Rose — In what year was Axl Rose born?,Axl Rose — Mis aastal Axl Rose sündis?,1962,1962,,,"Axl Rose was born on February 6, 1962.",Axl Rose sündis 6. veebruaril 1962.,Axl Rose — Wikipedia permanent revision 1370835611,https://en.wikipedia.org/w/index.php?title=Axl_Rose&oldid=1370835611,CC-BY-SA-4.0,2026-08-23,reviewed,true
built-in-music-clue-0345,built-in-music,Music Pack,built-in-music-set-082,board,round-one,5,hard,music-theory-history,Music: Playful Medley,Muusika: mänguline valik,Jared Leto — Jared Leto was born in this year.,Jared Leto — Mis aastal Jared Leto sündis?,1971,1971,,,Jared Leto’s birth date falls in 1971.,Jared Leto sündis 1971. aastal.,Jared Leto — Wikipedia permanent revision 1368959230,https://en.wikipedia.org/w/index.php?title=Jared_Leto&oldid=1368959230,CC-BY-SA-4.0,2026-08-23,reviewed,true
built-in-music-clue-0411,built-in-music,Music Pack,built-in-music-set-083,board,round-one,1,hard,music-theory-history,Music: Playful Tour,Muusika: mänguline ringkäik,NME — The initials NME stand for this music publication.,NME — NME esitähed tähistavad seda muusikaväljaannet.,New Musical Express,New Musical Express,,,NME began as the New Musical Express.,NME kandis algul nime New Musical Express.,NME — Wikipedia permanent revision 1370328102,https://en.wikipedia.org/w/index.php?title=NME&oldid=1370328102,CC-BY-SA-4.0,2026-08-23,reviewed,true
built-in-music-clue-0417,built-in-music,Music Pack,built-in-music-set-083,board,round-one,2,hard,music-theory-history,Music: Playful Tour,Muusika: mänguline ringkäik,Live Aid — This Boomtown Rats frontman co-organized Live Aid.,Live Aid — See The Boomtown Ratsi solist oli üks Live Aidi korraldajatest.,Bob Geldof,Bob Geldof,,,Bob Geldof organized the event with Midge Ure.,Bob Geldof korraldas ürituse koos Midge Urega.,Live Aid — Wikipedia permanent revision 1370468669,https://en.wikipedia.org/w/index.php?title=Live_Aid&oldid=1370468669,CC-BY-SA-4.0,2026-08-23,reviewed,true
built-in-music-clue-0338,built-in-music,Music Pack,built-in-music-set-083,board,round-one,3,hard,music-theory-history,Music: Playful Tour,Muusika: mänguline ringkäik,Axl Rose — What continuity distinction has Axl Rose held in Guns N' Roses?,Axl Rose — Mille poolest on Axl Rose Guns N’ Rosesi koosseisu ajaloos ainulaadne?,The only constant member,Ainus püsiliige,Only constant member,ainuke püsiliige,He has been the only constant member since the band formed.,Ta on olnud ansambli loomisest saadik selle ainus püsiliige.,Axl Rose — Wikipedia permanent revision 1370835611,https://en.wikipedia.org/w/index.php?title=Axl_Rose&oldid=1370835611,CC-BY-SA-4.0,2026-08-23,reviewed,true
built-in-music-clue-0344,built-in-music,Music Pack,built-in-music-set-083,board,round-one,4,hard,music-theory-history,Music: Playful Tour,Muusika: mänguline ringkäik,Jared Leto — Jared Leto’s music is classified in this genre.,Jared Leto — Jared Leto muusika kuulub sellesse žanri.,Alternative rock,Alternatiivrokk,Alt-rock,alt-rokk,The cited profile associates him with alternative rock.,Viidatud profiil seostab teda alternatiivrokiga.,Jared Leto — Wikipedia permanent revision 1368959230,https://en.wikipedia.org/w/index.php?title=Jared_Leto&oldid=1368959230,CC-BY-SA-4.0,2026-08-23,reviewed,true
built-in-music-clue-0350,built-in-music,Music Pack,built-in-music-set-083,board,round-one,5,hard,music-theory-history,Music: Playful Tour,Muusika: mänguline ringkäik,Jamie xx — Jamie xx was born under this name.,Jamie xx — Jamie xx sünninimi oli see.,James Thomas Smith,James Thomas Smith,,,James Thomas Smith is his birth name.,Tema sünninimi on James Thomas Smith.,Jamie xx — Wikipedia permanent revision 1365373134,https://en.wikipedia.org/w/index.php?title=Jamie_xx&oldid=1365373134,CC-BY-SA-4.0,2026-08-23,reviewed,true
built-in-music-clue-0416,built-in-music,Music Pack,built-in-music-set-084,board,round-one,1,hard,music-theory-history,Music: Playful Grab Bag,Muusika: mänguline üllatuskott,Live Aid — Live Aid took place in this year.,Live Aid — Mis aastal toimus Live Aid?,1985,1985,,,The benefit concerts were held in July 1985.,Heategevuskontserdid toimusid 1985. aasta juulis.,Live Aid — Wikipedia permanent revision 1370468669,https://en.wikipedia.org/w/index.php?title=Live_Aid&oldid=1370468669,CC-BY-SA-4.0,2026-08-23,reviewed,true
built-in-music-clue-0337,built-in-music,Music Pack,built-in-music-set-084,board,round-one,2,hard,music-theory-history,Music: Playful Grab Bag,Muusika: mänguline üllatuskott,Axl Rose — Guns N' Roses formed in which year?,Axl Rose — Mis aastal Guns N’ Roses loodi?,1985,1985,,,Axl Rose has remained with Guns N' Roses since its formation in 1985.,Axl Rose on olnud Guns N’ Rosesi liige alates ansambli loomisest 1985. aastal.,Axl Rose — Wikipedia permanent revision 1370835611,https://en.wikipedia.org/w/index.php?title=Axl_Rose&oldid=1370835611,CC-BY-SA-4.0,2026-08-23,reviewed,true
built-in-music-clue-0343,built-in-music,Music Pack,built-in-music-set-084,board,round-one,3,hard,music-theory-history,Music: Playful Grab Bag,Muusika: mänguline üllatuskott,Jared Leto — Jared Leto won this award for Dallas Buyers Club.,Jared Leto — Jared Leto võitis filmi „Dallas Buyers Club“ eest selle auhinna.,Academy Award for Best Supporting Actor,Parima meeskõrvalosatäitja Oscar,Oscar,Oscar,He received the award for his supporting performance in the film.,Ta sai auhinna oma kõrvalosatäitmise eest selles filmis.,Jared Leto — Wikipedia permanent revision 1368959230,https://en.wikipedia.org/w/index.php?title=Jared_Leto&oldid=1368959230,CC-BY-SA-4.0,2026-08-23,reviewed,true
built-in-music-clue-0349,built-in-music,Music Pack,built-in-music-set-084,board,round-one,4,hard,music-theory-history,Music: Playful Grab Bag,Muusika: mänguline üllatuskott,Jamie xx — Jamie xx was born in this year.,Jamie xx — Mis aastal Jamie xx sündis?,1988,1988,,,His birth date is 28 October 1988.,Ta sündis 28. oktoobril 1988.,Jamie xx — Wikipedia permanent revision 1365373134,https://en.wikipedia.org/w/index.php?title=Jamie_xx&oldid=1365373134,CC-BY-SA-4.0,2026-08-23,reviewed,true
built-in-music-clue-0355,built-in-music,Music Pack,built-in-music-set-084,board,round-one,5,hard,music-theory-history,Music: Playful Grab Bag,Muusika: mänguline üllatuskott,Nevermind — What is Nevermind’s runtime before the hidden track?,Nevermind — Kui pikk on „Nevermind“ enne peidetud lugu?,42:36,42:36,,,The main program runs 42:36; the hidden track extends the total to 49:07.,Põhiprogramm kestab 42:36; koos peidetud looga on kogukestus 49:07.,Nevermind — Wikipedia permanent revision 1370176248,https://en.wikipedia.org/w/index.php?title=Nevermind&oldid=1370176248,CC-BY-SA-4.0,2026-08-23,reviewed,true
