clue_id,pack_id,pack_name,category_set_id,content_kind,round,tier,difficulty,macro_topic,category_name_en,category_name_et,clue_en,clue_et,response_en,response_et,accepted_variants_en,accepted_variants_et,explanation_en,explanation_et,source_title,source_url,source_license,source_retrieved_at,translation_status,enabled
built-in-sports-games-accessible-easy-001,built-in-sports-games,Sports and Games,built-in-sports-games-set-001,board,round-one,1,easy,association-football,Sports & Games: Quick Mix,Sport ja mängud: kiire segu,Name the sport: the sport played at the FIFA World Cup.,Nimeta spordiala: FIFA maailmameistrivõistlustel mängitav spordiala.,football,jalgpall,,,The sport is football: the sport played at the FIFA World Cup.,Spordiala on jalgpall: FIFA maailmameistrivõistlustel mängitav spordiala.,Association football — Wikipedia,https://en.wikipedia.org/wiki/Association_football,CC-BY-SA-4.0,2026-08-27,reviewed,true
built-in-sports-games-accessible-easy-002,built-in-sports-games,Sports and Games,built-in-sports-games-set-001,board,round-one,2,easy,association-football,Sports & Games: Quick Mix,Sport ja mängud: kiire segu,Name the sport: the sport in which players shoot a ball through a hoop.,"Nimeta spordiala: spordiala, kus pall visatakse läbi korvi.",basketball,korvpall,,,The sport is basketball: the sport in which players shoot a ball through a hoop.,"Spordiala on korvpall: spordiala, kus pall visatakse läbi korvi.",Basketball — Wikipedia,https://en.wikipedia.org/wiki/Basketball,CC-BY-SA-4.0,2026-08-27,reviewed,true
built-in-sports-games-accessible-easy-003,built-in-sports-games,Sports and Games,built-in-sports-games-set-001,board,round-one,3,easy,association-football,Sports & Games: Quick Mix,Sport ja mängud: kiire segu,Name the sport: the ice sport played with sticks and a puck.,Nimeta spordiala: keppide ja litriga mängitav jääspordiala.,ice hockey,jäähoki,,,The sport is ice hockey: the ice sport played with sticks and a puck.,Spordiala on jäähoki: keppide ja litriga mängitav jääspordiala.,Ice hockey — Wikipedia,https://en.wikipedia.org/wiki/Ice_hockey,CC-BY-SA-4.0,2026-08-27,reviewed,true
built-in-sports-games-accessible-easy-004,built-in-sports-games,Sports and Games,built-in-sports-games-set-001,board,round-one,4,easy,association-football,Sports & Games: Quick Mix,Sport ja mängud: kiire segu,Name the sport: the racket sport played at Wimbledon.,Nimeta spordiala: Wimbledonis mängitav reketiala.,tennis,tennis,,,The sport is tennis: the racket sport played at Wimbledon.,Spordiala on tennis: Wimbledonis mängitav reketiala.,Tennis — Wikipedia,https://en.wikipedia.org/wiki/Tennis,CC-BY-SA-4.0,2026-08-27,reviewed,true
built-in-sports-games-accessible-easy-005,built-in-sports-games,Sports and Games,built-in-sports-games-set-001,board,round-one,5,easy,association-football,Sports & Games: Quick Mix,Sport ja mängud: kiire segu,Name the sport: the team sport in which a ball is hit over a high net.,"Nimeta spordiala: võistkondlik spordiala, kus pall lüüakse üle kõrge võrgu.",volleyball,võrkpall,,,The sport is volleyball: the team sport in which a ball is hit over a high net.,"Spordiala on võrkpall: võistkondlik spordiala, kus pall lüüakse üle kõrge võrgu.",Volleyball — Wikipedia,https://en.wikipedia.org/wiki/Volleyball,CC-BY-SA-4.0,2026-08-27,reviewed,true
built-in-sports-games-accessible-easy-006,built-in-sports-games,Sports and Games,built-in-sports-games-set-002,board,round-one,1,easy,association-football,Sports & Games: Quick Medley,Sport ja mängud: kiire valik,Name the sport: the sport whose aim is to put a ball into a series of holes in as few strokes as possible.,"Nimeta spordiala: spordiala, kus pall püütakse võimalikult väheste löökidega aukudesse saada.",golf,golf,,,The sport is golf: the sport whose aim is to put a ball into a series of holes in as few strokes as possible.,"Spordiala on golf: spordiala, kus pall püütakse võimalikult väheste löökidega aukudesse saada.",Golf — Wikipedia,https://en.wikipedia.org/wiki/Golf,CC-BY-SA-4.0,2026-08-27,reviewed,true
built-in-sports-games-accessible-easy-007,built-in-sports-games,Sports and Games,built-in-sports-games-set-002,board,round-one,2,easy,association-football,Sports & Games: Quick Medley,Sport ja mängud: kiire valik,Name the sport: the combat sport fought with padded gloves in a ring.,Nimeta spordiala: polsterdatud kinnastega ringis peetav võitlusspordiala.,boxing,poks,,,The sport is boxing: the combat sport fought with padded gloves in a ring.,Spordiala on poks: polsterdatud kinnastega ringis peetav võitlusspordiala.,Boxing — Wikipedia,https://en.wikipedia.org/wiki/Boxing,CC-BY-SA-4.0,2026-08-27,reviewed,true
built-in-sports-games-accessible-easy-008,built-in-sports-games,Sports and Games,built-in-sports-games-set-002,board,round-one,3,easy,association-football,Sports & Games: Quick Medley,Sport ja mängud: kiire valik,Name the sport: the top international class of single-seater motor racing.,Nimeta spordiala: vormelautode rahvusvaheline kõrgeim võistlusklass.,Formula 1,vormel 1,,,The sport is Formula 1: the top international class of single-seater motor racing.,Spordiala on vormel 1: vormelautode rahvusvaheline kõrgeim võistlusklass.,Formula One — Wikipedia,https://en.wikipedia.org/wiki/Formula_One,CC-BY-SA-4.0,2026-08-27,reviewed,true
built-in-sports-games-accessible-easy-009,built-in-sports-games,Sports and Games,built-in-sports-games-set-002,board,round-one,4,easy,association-football,Sports & Games: Quick Medley,Sport ja mängud: kiire valik,Name the sport: the winter sport combining cross-country skiing and rifle shooting.,Nimeta spordiala: murdmaasuusatamist ja püssilaskmist ühendav talispordiala.,biathlon,laskesuusatamine,,,The sport is biathlon: the winter sport combining cross-country skiing and rifle shooting.,Spordiala on laskesuusatamine: murdmaasuusatamist ja püssilaskmist ühendav talispordiala.,Biathlon — Wikipedia,https://en.wikipedia.org/wiki/Biathlon,CC-BY-SA-4.0,2026-08-27,reviewed,true
built-in-sports-games-accessible-easy-010,built-in-sports-games,Sports and Games,built-in-sports-games-set-002,board,round-one,5,easy,association-football,Sports & Games: Quick Medley,Sport ja mängud: kiire valik,"Name the sport: the collection of running, jumping, and throwing events.","Nimeta spordiala: jooksu-, hüppe- ja heitealadest koosnev spordiala.",athletics,kergejõustik,,,"The sport is athletics: the collection of running, jumping, and throwing events.","Spordiala on kergejõustik: jooksu-, hüppe- ja heitealadest koosnev spordiala.",Athletics — Wikipedia,https://en.wikipedia.org/wiki/Athletics,CC-BY-SA-4.0,2026-08-27,reviewed,true
built-in-sports-games-accessible-easy-011,built-in-sports-games,Sports and Games,built-in-sports-games-set-003,board,round-one,1,easy,association-football,Sports & Games: Quick Tour,Sport ja mängud: kiire ringkäik,In which sport did Cristiano Ronaldo become famous?,Millises spordialas sai tuntuks Cristiano Ronaldo?,football,jalgpall,,,Cristiano Ronaldo became famous in football.,Cristiano Ronaldo sai tuntuks spordialal jalgpall.,Cristiano Ronaldo — Wikipedia,https://en.wikipedia.org/wiki/Cristiano_Ronaldo,CC-BY-SA-4.0,2026-08-27,reviewed,true
built-in-sports-games-accessible-easy-012,built-in-sports-games,Sports and Games,built-in-sports-games-set-003,board,round-one,2,easy,association-football,Sports & Games: Quick Tour,Sport ja mängud: kiire ringkäik,In which sport did Michael Jordan become famous?,Millises spordialas sai tuntuks Michael Jordan?,basketball,korvpall,,,Michael Jordan became famous in basketball.,Michael Jordan sai tuntuks spordialal korvpall.,Michael Jordan — Wikipedia,https://en.wikipedia.org/wiki/Michael_Jordan,CC-BY-SA-4.0,2026-08-27,reviewed,true
built-in-sports-games-accessible-easy-013,built-in-sports-games,Sports and Games,built-in-sports-games-set-003,board,round-one,3,easy,association-football,Sports & Games: Quick Tour,Sport ja mängud: kiire ringkäik,In which sport did Serena Williams become famous?,Millises spordialas sai tuntuks Serena Williams?,tennis,tennis,,,Serena Williams became famous in tennis.,Serena Williams sai tuntuks spordialal tennis.,Serena Williams — Wikipedia,https://en.wikipedia.org/wiki/Serena_Williams,CC-BY-SA-4.0,2026-08-27,reviewed,true
built-in-sports-games-accessible-easy-014,built-in-sports-games,Sports and Games,built-in-sports-games-set-003,board,round-one,4,easy,association-football,Sports & Games: Quick Tour,Sport ja mängud: kiire ringkäik,In which sport did Usain Bolt become famous?,Millises spordialas sai tuntuks Usain Bolt?,sprinting,sprint,,,Usain Bolt became famous in sprinting.,Usain Bolt sai tuntuks spordialal sprint.,Usain Bolt — Wikipedia,https://en.wikipedia.org/wiki/Usain_Bolt,CC-BY-SA-4.0,2026-08-27,reviewed,true
built-in-sports-games-accessible-easy-015,built-in-sports-games,Sports and Games,built-in-sports-games-set-003,board,round-one,5,easy,association-football,Sports & Games: Quick Tour,Sport ja mängud: kiire ringkäik,In which sport did Michael Schumacher become famous?,Millises spordialas sai tuntuks Michael Schumacher?,Formula 1,vormel 1,,,Michael Schumacher became famous in Formula 1.,Michael Schumacher sai tuntuks spordialal vormel 1.,Michael Schumacher — Wikipedia,https://en.wikipedia.org/wiki/Michael_Schumacher,CC-BY-SA-4.0,2026-08-27,reviewed,true
built-in-sports-games-accessible-easy-016,built-in-sports-games,Sports and Games,built-in-sports-games-set-004,board,round-one,1,easy,association-football,Sports & Games: Quick Grab Bag,Sport ja mängud: kiire üllatuskott,In which sport did Tiger Woods become famous?,Millises spordialas sai tuntuks Tiger Woods?,golf,golf,,,Tiger Woods became famous in golf.,Tiger Woods sai tuntuks spordialal golf.,Tiger Woods — Wikipedia,https://en.wikipedia.org/wiki/Tiger_Woods,CC-BY-SA-4.0,2026-08-27,reviewed,true
built-in-sports-games-accessible-easy-017,built-in-sports-games,Sports and Games,built-in-sports-games-set-004,board,round-one,2,easy,association-football,Sports & Games: Quick Grab Bag,Sport ja mängud: kiire üllatuskott,In which sport did Muhammad Ali become famous?,Millises spordialas sai tuntuks Muhammad Ali?,boxing,poks,,,Muhammad Ali became famous in boxing.,Muhammad Ali sai tuntuks spordialal poks.,Muhammad Ali — Wikipedia,https://en.wikipedia.org/wiki/Muhammad_Ali,CC-BY-SA-4.0,2026-08-27,reviewed,true
built-in-sports-games-accessible-easy-018,built-in-sports-games,Sports and Games,built-in-sports-games-set-004,board,round-one,3,easy,association-football,Sports & Games: Quick Grab Bag,Sport ja mängud: kiire üllatuskott,In which sport did Kelly Sildaru become famous?,Millises spordialas sai tuntuks Kelly Sildaru?,freestyle skiing,vigursuusatamine,,,Kelly Sildaru became famous in freestyle skiing.,Kelly Sildaru sai tuntuks spordialal vigursuusatamine.,Kelly Sildaru — Wikipedia,https://en.wikipedia.org/wiki/Kelly_Sildaru,CC-BY-SA-4.0,2026-08-27,reviewed,true
built-in-sports-games-accessible-easy-019,built-in-sports-games,Sports and Games,built-in-sports-games-set-004,board,round-one,4,easy,association-football,Sports & Games: Quick Grab Bag,Sport ja mängud: kiire üllatuskott,In which sport did Ott Tänak become famous?,Millises spordialas sai tuntuks Ott Tänak?,rallying,autoralli,,,Ott Tänak became famous in rallying.,Ott Tänak sai tuntuks spordialal autoralli.,Ott Tänak — Wikipedia,https://en.wikipedia.org/wiki/Ott_Tänak,CC-BY-SA-4.0,2026-08-27,reviewed,true
built-in-sports-games-accessible-easy-020,built-in-sports-games,Sports and Games,built-in-sports-games-set-004,board,round-one,5,easy,association-football,Sports & Games: Quick Grab Bag,Sport ja mängud: kiire üllatuskott,In which sport did Kristina Šmigun-Vähi become famous?,Millises spordialas sai tuntuks Kristina Šmigun-Vähi?,cross-country skiing,murdmaasuusatamine,,,Kristina Šmigun-Vähi became famous in cross-country skiing.,Kristina Šmigun-Vähi sai tuntuks spordialal murdmaasuusatamine.,Kristina Šmigun-Vähi — Wikipedia,https://en.wikipedia.org/wiki/Kristina_Šmigun-Vähi,CC-BY-SA-4.0,2026-08-27,reviewed,true
built-in-sports-games-accessible-easy-021,built-in-sports-games,Sports and Games,built-in-sports-games-set-005,board,round-one,1,easy,association-football,Sports & Games: Quick Roundup,Sport ja mängud: kiire ülevaade,Name the global multi-sport event symbolised by five rings.,Nimeta viie rõngaga sümboliseeritud ülemaailmne mitme spordiala võistlus.,the Olympic Games,olümpiamängud,,,the Olympic Games is the global multi-sport event symbolised by five rings.,olümpiamängud on viie rõngaga sümboliseeritud ülemaailmne mitme spordiala võistlus.,Olympic Games — Wikipedia,https://en.wikipedia.org/wiki/Olympic_Games,CC-BY-SA-4.0,2026-08-27,reviewed,true
built-in-sports-games-accessible-easy-022,built-in-sports-games,Sports and Games,built-in-sports-games-set-005,board,round-one,2,easy,association-football,Sports & Games: Quick Roundup,Sport ja mängud: kiire ülevaade,Name the men’s international football tournament held every four years.,Nimeta iga nelja aasta tagant toimuv meeste jalgpalli maailmaturniir.,the FIFA World Cup,FIFA maailmameistrivõistlused,,,the FIFA World Cup is the men’s international football tournament held every four years.,FIFA maailmameistrivõistlused on iga nelja aasta tagant toimuv meeste jalgpalli maailmaturniir.,FIFA World Cup — Wikipedia,https://en.wikipedia.org/wiki/FIFA_World_Cup,CC-BY-SA-4.0,2026-08-27,reviewed,true
built-in-sports-games-accessible-easy-023,built-in-sports-games,Sports and Games,built-in-sports-games-set-005,board,round-one,3,easy,association-football,Sports & Games: Quick Roundup,Sport ja mängud: kiire ülevaade,Name the famous multi-stage bicycle race around France.,Nimeta kuulus mitmeetapiline jalgrattavõistlus Prantsusmaal.,the Tour de France,Tour de France,,,the Tour de France is the famous multi-stage bicycle race around France.,Tour de France on kuulus mitmeetapiline jalgrattavõistlus Prantsusmaal.,Tour de France — Wikipedia,https://en.wikipedia.org/wiki/Tour_de_France,CC-BY-SA-4.0,2026-08-27,reviewed,true
built-in-sports-games-accessible-easy-024,built-in-sports-games,Sports and Games,built-in-sports-games-set-005,board,round-one,4,easy,association-football,Sports & Games: Quick Roundup,Sport ja mängud: kiire ülevaade,Name the grass-court Grand Slam tennis tournament in London.,Nimeta Londonis muruväljakutel peetav suure slämmi tenniseturniir.,Wimbledon,Wimbledon,,,Wimbledon is the grass-court Grand Slam tennis tournament in London.,Wimbledon on Londonis muruväljakutel peetav suure slämmi tenniseturniir.,Wimbledon Championships — Wikipedia,https://en.wikipedia.org/wiki/Wimbledon_Championships,CC-BY-SA-4.0,2026-08-27,reviewed,true
built-in-sports-games-accessible-easy-025,built-in-sports-games,Sports and Games,built-in-sports-games-set-005,board,round-one,5,easy,association-football,Sports & Games: Quick Roundup,Sport ja mängud: kiire ülevaade,Name the championship game of the NFL.,Nimeta NFL-i meistrivõistluste finaalmäng.,the Super Bowl,Super Bowl,,,the Super Bowl is the championship game of the NFL.,Super Bowl on NFL-i meistrivõistluste finaalmäng.,Super Bowl — Wikipedia,https://en.wikipedia.org/wiki/Super_Bowl,CC-BY-SA-4.0,2026-08-27,reviewed,true
built-in-sports-games-accessible-easy-026,built-in-sports-games,Sports and Games,built-in-sports-games-set-006,board,round-one,1,easy,association-football,Sports & Games: Quick Sampler,Sport ja mängud: kiire proovivalik,Name Europe’s leading men’s club football competition.,Nimeta Euroopa tähtsaim meeste klubijalgpalli võistlus.,the UEFA Champions League,UEFA Meistrite Liiga,,,the UEFA Champions League is Europe’s leading men’s club football competition.,UEFA Meistrite Liiga on Euroopa tähtsaim meeste klubijalgpalli võistlus.,UEFA Champions League — Wikipedia,https://en.wikipedia.org/wiki/UEFA_Champions_League,CC-BY-SA-4.0,2026-08-27,reviewed,true
built-in-sports-games-accessible-easy-027,built-in-sports-games,Sports and Games,built-in-sports-games-set-006,board,round-one,2,easy,association-football,Sports & Games: Quick Sampler,Sport ja mängud: kiire proovivalik,Name the famous annual road race in Massachusetts.,Nimeta kuulus iga-aastane maanteejooks Massachusettsis.,the Boston Marathon,Bostoni maraton,,,the Boston Marathon is the famous annual road race in Massachusetts.,Bostoni maraton on kuulus iga-aastane maanteejooks Massachusettsis.,Boston Marathon — Wikipedia,https://en.wikipedia.org/wiki/Boston_Marathon,CC-BY-SA-4.0,2026-08-27,reviewed,true
built-in-sports-games-accessible-easy-028,built-in-sports-games,Sports and Games,built-in-sports-games-set-006,board,round-one,3,easy,association-football,Sports & Games: Quick Sampler,Sport ja mängud: kiire proovivalik,Name Estonia’s major international rally event.,Nimeta Eesti suur rahvusvaheline rallivõistlus.,Rally Estonia,Rally Estonia,,,Rally Estonia is Estonia’s major international rally event.,Rally Estonia on Eesti suur rahvusvaheline rallivõistlus.,Rally Estonia — Wikipedia,https://en.wikipedia.org/wiki/Rally_Estonia,CC-BY-SA-4.0,2026-08-27,reviewed,true
built-in-sports-games-accessible-easy-029,built-in-sports-games,Sports and Games,built-in-sports-games-set-006,board,round-one,4,easy,association-football,Sports & Games: Quick Sampler,Sport ja mängud: kiire proovivalik,Name the long-distance cross-country ski race in Sweden.,Nimeta Rootsis peetav pikamaamurdmaasuusatamise võistlus.,Vasaloppet,Vasaloppet,,,Vasaloppet is the long-distance cross-country ski race in Sweden.,Vasaloppet on Rootsis peetav pikamaamurdmaasuusatamise võistlus.,Vasaloppet — Wikipedia,https://en.wikipedia.org/wiki/Vasaloppet,CC-BY-SA-4.0,2026-08-27,reviewed,true
built-in-sports-games-accessible-easy-030,built-in-sports-games,Sports and Games,built-in-sports-games-set-006,board,round-one,5,easy,association-football,Sports & Games: Quick Sampler,Sport ja mängud: kiire proovivalik,Name the day-long endurance motor race in France.,Nimeta Prantsusmaal peetav ööpäevane kestvussõit.,the 24 Hours of Le Mans,Le Mansi 24 tunni sõit,,,the 24 Hours of Le Mans is the day-long endurance motor race in France.,Le Mansi 24 tunni sõit on Prantsusmaal peetav ööpäevane kestvussõit.,24 Hours of Le Mans — Wikipedia,https://en.wikipedia.org/wiki/24_Hours_of_Le_Mans,CC-BY-SA-4.0,2026-08-27,reviewed,true
built-in-sports-games-accessible-easy-031,built-in-sports-games,Sports and Games,built-in-sports-games-set-007,board,round-one,1,easy,association-football,Sports & Games: Quick Potpourri,Sport ja mängud: kiire popurrii,"Name the game: the board game featuring kings, queens, rooks, bishops, and knights.","Nimeta mäng: lauamäng kuningate, lippude, vankrite, odade ja ratsudega.",chess,male,,,"The game is chess: the board game featuring kings, queens, rooks, bishops, and knights.","Mäng on male: lauamäng kuningate, lippude, vankrite, odade ja ratsudega.",Chess — Wikipedia,https://en.wikipedia.org/wiki/Chess,CC-BY-SA-4.0,2026-08-27,reviewed,true
built-in-sports-games-accessible-easy-032,built-in-sports-games,Sports and Games,built-in-sports-games-set-007,board,round-one,2,easy,association-football,Sports & Games: Quick Potpourri,Sport ja mängud: kiire popurrii,Name the game: the property-trading board game with Boardwalk and Park Place.,Nimeta mäng: kinnisvaraga kauplemise lauamäng Boardwalki ja Park Place’iga.,Monopoly,Monopol,,,The game is Monopoly: the property-trading board game with Boardwalk and Park Place.,Mäng on Monopol: kinnisvaraga kauplemise lauamäng Boardwalki ja Park Place’iga.,Monopoly — Wikipedia,https://en.wikipedia.org/wiki/Monopoly_(game),CC-BY-SA-4.0,2026-08-27,reviewed,true
built-in-sports-games-accessible-easy-033,built-in-sports-games,Sports and Games,built-in-sports-games-set-007,board,round-one,3,easy,association-football,Sports & Games: Quick Potpourri,Sport ja mängud: kiire popurrii,Name the game: the board game in which letter tiles form words.,"Nimeta mäng: lauamäng, kus täheklotsidest moodustatakse sõnu.",Scrabble,Scrabble,,,The game is Scrabble: the board game in which letter tiles form words.,"Mäng on Scrabble: lauamäng, kus täheklotsidest moodustatakse sõnu.",Scrabble — Wikipedia,https://en.wikipedia.org/wiki/Scrabble,CC-BY-SA-4.0,2026-08-27,reviewed,true
built-in-sports-games-accessible-easy-034,built-in-sports-games,Sports and Games,built-in-sports-games-set-007,board,round-one,4,easy,association-football,Sports & Games: Quick Potpourri,Sport ja mängud: kiire popurrii,Name the game: the video game built around falling geometric blocks.,Nimeta mäng: langevate geomeetriliste klotsidega videomäng.,Tetris,Tetris,,,The game is Tetris: the video game built around falling geometric blocks.,Mäng on Tetris: langevate geomeetriliste klotsidega videomäng.,Tetris — Wikipedia,https://en.wikipedia.org/wiki/Tetris,CC-BY-SA-4.0,2026-08-27,reviewed,true
built-in-sports-games-accessible-easy-035,built-in-sports-games,Sports and Games,built-in-sports-games-set-007,board,round-one,5,easy,association-football,Sports & Games: Quick Potpourri,Sport ja mängud: kiire popurrii,Name the game: the video-game series starring an Italian plumber in a red cap.,Nimeta mäng: punase mütsiga Itaalia torumehest videomängusari.,Super Mario,Super Mario,,,The game is Super Mario: the video-game series starring an Italian plumber in a red cap.,Mäng on Super Mario: punase mütsiga Itaalia torumehest videomängusari.,Super Mario — Wikipedia,https://en.wikipedia.org/wiki/Super_Mario,CC-BY-SA-4.0,2026-08-27,reviewed,true
built-in-sports-games-accessible-easy-036,built-in-sports-games,Sports and Games,built-in-sports-games-set-008,board,round-one,1,easy,association-football,Sports & Games: Quick Challenge,Sport ja mängud: kiire väljakutse,Name the game: the block-building sandbox video game.,Nimeta mäng: klotsidest ehitamise liivakastivideomäng.,Minecraft,Minecraft,,,The game is Minecraft: the block-building sandbox video game.,Mäng on Minecraft: klotsidest ehitamise liivakastivideomäng.,Minecraft — Wikipedia,https://en.wikipedia.org/wiki/Minecraft,CC-BY-SA-4.0,2026-08-27,reviewed,true
built-in-sports-games-accessible-easy-037,built-in-sports-games,Sports and Games,built-in-sports-games-set-008,board,round-one,2,easy,association-football,Sports & Games: Quick Challenge,Sport ja mängud: kiire väljakutse,Name the game: the game franchise whose slogan is “Gotta Catch ’Em All”.,Nimeta mäng: mängusari loosungiga „Gotta Catch ’Em All“.,Pokémon,Pokémon,,,The game is Pokémon: the game franchise whose slogan is “Gotta Catch ’Em All”.,Mäng on Pokémon: mängusari loosungiga „Gotta Catch ’Em All“.,Pokémon — Wikipedia,https://en.wikipedia.org/wiki/Pokémon,CC-BY-SA-4.0,2026-08-27,reviewed,true
built-in-sports-games-accessible-easy-038,built-in-sports-games,Sports and Games,built-in-sports-games-set-008,board,round-one,3,easy,association-football,Sports & Games: Quick Challenge,Sport ja mängud: kiire väljakutse,Name the game: the team-based shooter featuring terrorists and counter-terrorists.,Nimeta mäng: terroristide ja eriüksuslastega meeskondlik tulistamismäng.,Counter-Strike,Counter-Strike,,,The game is Counter-Strike: the team-based shooter featuring terrorists and counter-terrorists.,Mäng on Counter-Strike: terroristide ja eriüksuslastega meeskondlik tulistamismäng.,Counter-Strike — Wikipedia,https://en.wikipedia.org/wiki/Counter-Strike,CC-BY-SA-4.0,2026-08-27,reviewed,true
built-in-sports-games-accessible-easy-039,built-in-sports-games,Sports and Games,built-in-sports-games-set-008,board,round-one,4,easy,association-football,Sports & Games: Quick Challenge,Sport ja mängud: kiire väljakutse,Name the game: the Finnish game about launching birds at green pigs.,"Nimeta mäng: Soome mäng, kus linde lennutatakse roheliste sigade pihta.",Angry Birds,Angry Birds,,,The game is Angry Birds: the Finnish game about launching birds at green pigs.,"Mäng on Angry Birds: Soome mäng, kus linde lennutatakse roheliste sigade pihta.",Angry Birds — Wikipedia,https://en.wikipedia.org/wiki/Angry_Birds,CC-BY-SA-4.0,2026-08-27,reviewed,true
built-in-sports-games-accessible-easy-040,built-in-sports-games,Sports and Games,built-in-sports-games-set-008,board,round-one,5,easy,association-football,Sports & Games: Quick Challenge,Sport ja mängud: kiire väljakutse,Name the game: the card game in which players match colours and numbers.,"Nimeta mäng: kaardimäng, kus sobitatakse värve ja numbreid.",Uno,Uno,,,The game is Uno: the card game in which players match colours and numbers.,"Mäng on Uno: kaardimäng, kus sobitatakse värve ja numbreid.",Uno — Wikipedia,https://en.wikipedia.org/wiki/Uno_(card_game),CC-BY-SA-4.0,2026-08-27,reviewed,true
built-in-sports-games-clue-0041,built-in-sports-games,Sports and Games,built-in-sports-games-set-009,board,round-one,1,easy,winter-sports,Sports & Games: Quick Quiz,Sport ja mängud: kiire viktoriin,"Don Cherry — This Canadian television sportscaster is known for his ""Hockey Night in Canada"" role, a commentary show during hockey games.","Don Cherry — See Kanada televisioonis sportija on tuntud oma ""Hockey Night Kanadas"" rolli, kommentaar show ajal hoki mängud.",Don Cherry,Don Cherry,,,Don Cherry co-hosted the Hockey Night in Canada segment Coach’s Corner.,"Don Cherry võõrustas Hoki õhtut Kanadas, treeneri nurgal.",Don Cherry — Wikipedia permanent revision 1370230369,https://en.wikipedia.org/w/index.php?title=Don_Cherry&oldid=1370230369,CC-BY-SA-4.0,2026-08-25,reviewed,true
built-in-sports-games-clue-0047,built-in-sports-games,Sports and Games,built-in-sports-games-set-009,board,round-one,2,easy,winter-sports,Sports & Games: Quick Quiz,Sport ja mängud: kiire viktoriin,Calgary Flames — Which division includes the team in “Calgary Hockey”?,Calgary Flames — Millises divisjonis mängib kategoorias „Calgary hoki” käsitletav meeskond?,Pacific,Vaikse ookeani rannikualad,,,Pacific is the documented division.,Meeskond kuulub divisjoni Vaikse ookeani rannikualad.,Calgary Flames — Wikipedia permanent revision 1369043320,https://en.wikipedia.org/w/index.php?title=Calgary_Flames&oldid=1369043320,CC-BY-SA-4.0,2026-08-25,reviewed,true
built-in-sports-games-clue-0053,built-in-sports-games,Sports and Games,built-in-sports-games-set-009,board,round-one,3,easy,winter-sports,Sports & Games: Quick Quiz,Sport ja mängud: kiire viktoriin,Jaromír Jágr — How tall is the person in “Winter Sports: Jaromír Jágr”?,Jaromír Jágr — Kui pikk on kategoorias „Talisport: Jaromír Jágr” käsitletav inimene?,6 ft 3 in (191 cm),6 jalga 3 tolli (191 cm),,,The subject is recorded at 6 ft 3 in (191 cm).,Käsitletava isiku pikkuseks on märgitud 6 jalga 3 tolli (191 cm).,Jaromír Jágr — Wikipedia permanent revision 1370524169,https://en.wikipedia.org/w/index.php?title=Jarom%C3%ADr_J%C3%A1gr&oldid=1370524169,CC-BY-SA-4.0,2026-08-25,reviewed,true
built-in-sports-games-clue-0059,built-in-sports-games,Sports and Games,built-in-sports-games-set-009,board,round-one,4,easy,winter-sports,Sports & Games: Quick Quiz,Sport ja mängud: kiire viktoriin,Wayne Gretzky — What is the weight of the person in “The Great One”?,Wayne Gretzky — Kui palju kaalub kategoorias „Suurim” käsitletav inimene?,185 lb (84 kg),185 lb (84 kg),,,The subject is recorded at 185 lb (84 kg).,Käsitletava isiku kaaluks on märgitud 185 lb (84 kg).,Wayne Gretzky — Wikipedia permanent revision 1367869108,https://en.wikipedia.org/w/index.php?title=Wayne_Gretzky&oldid=1367869108,CC-BY-SA-4.0,2026-08-25,reviewed,true
built-in-sports-games-clue-0065,built-in-sports-games,Sports and Games,built-in-sports-games-set-009,board,round-one,5,easy,winter-sports,Sports & Games: Quick Quiz,Sport ja mängud: kiire viktoriin,Roger Federer career statistics — At which Olympics did Roger Federer win men’s doubles gold?,"Roger Federer career statistics — Millisel olümpiamängudel võitis Roger Federer mehi, kes kahekordistasid kulda?",2008 Beijing Olympics,2008 Pekingi olümpiamängud,Beijing 2008;2008 Olympics,Peking 2008;2008 olümpiamängud,Federer won men’s doubles gold at the 2008 Beijing Olympics.,Federer võitis 2008. aasta Pekingi olümpiamängudel kulla.,Roger Federer career statistics — Wikipedia permanent revision 1367020005,https://en.wikipedia.org/w/index.php?title=Roger_Federer_career_statistics&oldid=1367020005,CC-BY-SA-4.0,2026-08-25,reviewed,true
built-in-sports-games-clue-0046,built-in-sports-games,Sports and Games,built-in-sports-games-set-010,board,round-one,1,easy,winter-sports,Sports & Games: Quick Odds & Ends,Sport ja mängud: kiire üht-teist,Calgary Flames — Which conference includes the team in “Calgary Hockey”?,Calgary Flames — Millises konverentsis mängib kategoorias „Calgary hoki” käsitletav meeskond?,Western,Läänepiirkond,,,Western is the documented conference.,Meeskond kuulub konverentsi Läänepiirkond.,Calgary Flames — Wikipedia permanent revision 1369043320,https://en.wikipedia.org/w/index.php?title=Calgary_Flames&oldid=1369043320,CC-BY-SA-4.0,2026-08-25,reviewed,true
built-in-sports-games-clue-0052,built-in-sports-games,Sports and Games,built-in-sports-games-set-010,board,round-one,2,easy,winter-sports,Sports & Games: Quick Odds & Ends,Sport ja mängud: kiire üht-teist,Jaromír Jágr — In what year was the person in “Winter Sports: Jaromír Jágr” born?,Jaromír Jágr — Mis aastal sündis kategoorias „Talisport: Jaromír Jágr” käsitletav inimene?,1972,1972,,,The subject was born in 1972.,Käsitletava isiku sünniaasta on 1972.,Jaromír Jágr — Wikipedia permanent revision 1370524169,https://en.wikipedia.org/w/index.php?title=Jarom%C3%ADr_J%C3%A1gr&oldid=1370524169,CC-BY-SA-4.0,2026-08-25,reviewed,true
built-in-sports-games-clue-0058,built-in-sports-games,Sports and Games,built-in-sports-games-set-010,board,round-one,3,easy,winter-sports,Sports & Games: Quick Odds & Ends,Sport ja mängud: kiire üht-teist,Wayne Gretzky — How tall is the person in “The Great One”?,Wayne Gretzky — Kui pikk on kategoorias „Suurim” käsitletav inimene?,6 ft 0 in (183 cm),6 jalga 0 in (183 cm),,,The subject is recorded at 6 ft 0 in (183 cm).,Käsitletava isiku pikkuseks on märgitud 6 jalga 0 in (183 cm).,Wayne Gretzky — Wikipedia permanent revision 1367869108,https://en.wikipedia.org/w/index.php?title=Wayne_Gretzky&oldid=1367869108,CC-BY-SA-4.0,2026-08-25,reviewed,true
built-in-sports-games-clue-0064,built-in-sports-games,Sports and Games,built-in-sports-games-set-010,board,round-one,4,easy,winter-sports,Sports & Games: Quick Odds & Ends,Sport ja mängud: kiire üht-teist,Roger Federer career statistics — Who partnered Roger Federer for his Olympic men’s doubles gold medal?,Roger Federer career statistics — Kes paaritses Roger Federerile olümpiameestele kuldmedali?,Stan Wawrinka,Stan Wawrinka,Wawrinka,Wawrinka,Stan Wawrinka partnered Federer for his Olympic men’s doubles gold medal.,Stan Wawrinka tegi Federerile olümpiameestele topeltmedali.,Roger Federer career statistics — Wikipedia permanent revision 1367020005,https://en.wikipedia.org/w/index.php?title=Roger_Federer_career_statistics&oldid=1367020005,CC-BY-SA-4.0,2026-08-25,reviewed,true
built-in-sports-games-clue-0070,built-in-sports-games,Sports and Games,built-in-sports-games-set-010,board,round-one,5,easy,winter-sports,Sports & Games: Quick Odds & Ends,Sport ja mängud: kiire üht-teist,Tennis — Is the sport in “Racquet Game Basics” held indoors or outdoors?,Tennis — Kas sport Racquet Game Basics'is toimub siseruumides või väljas?,Outdoor or indoor,Välis- või sisetingimustes,,,Outdoor or indoor is the documented setting.,Sündmuspaigaks on Välis- või sisetingimustes.,Tennis — Wikipedia permanent revision 1369386931,https://en.wikipedia.org/w/index.php?title=Tennis&oldid=1369386931,CC-BY-SA-4.0,2026-08-25,reviewed,true
built-in-sports-games-clue-0051,built-in-sports-games,Sports and Games,built-in-sports-games-set-011,board,round-one,1,easy,winter-sports,Sports & Games: Curious Mix,Sport ja mängud: uudishimulik segu,Jaromír Jágr — Against which team did Jaromír Jágr record a career-high seven-point night on 30 December 1999?,Jaromír Jágr — Millisele meeskonnale salvestas Jaromír Jágr 30. detsembril 1999 kõrge seitsmepunktilise karjääriõhtu?,New York Islanders,New York Islanders,Islanders,Saaremaalased,Jágr scored three goals and four assists against the New York Islanders for seven points.,Jágr lõi kolm väravat ja neli New Yorgi saareelanike vastu seitse punkti.,Jaromír Jágr — Wikipedia permanent revision 1370524169,https://en.wikipedia.org/w/index.php?title=Jarom%C3%ADr_J%C3%A1gr&oldid=1370524169,CC-BY-SA-4.0,2026-08-25,reviewed,true
built-in-sports-games-clue-0057,built-in-sports-games,Sports and Games,built-in-sports-games-set-011,board,round-one,2,easy,winter-sports,Sports & Games: Curious Mix,Sport ja mängud: uudishimulik segu,Wayne Gretzky — In what year was the person in “The Great One” born?,Wayne Gretzky — Mis aastal sündis kategoorias „Suurim” käsitletav inimene?,1961,1961,,,The subject was born in 1961.,Käsitletava isiku sünniaasta on 1961.,Wayne Gretzky — Wikipedia permanent revision 1367869108,https://en.wikipedia.org/w/index.php?title=Wayne_Gretzky&oldid=1367869108,CC-BY-SA-4.0,2026-08-25,reviewed,true
built-in-sports-games-clue-0063,built-in-sports-games,Sports and Games,built-in-sports-games-set-011,board,round-one,3,easy,winter-sports,Sports & Games: Curious Mix,Sport ja mängud: uudishimulik segu,Roger Federer career statistics — How many ATP Finals singles titles did Roger Federer win?,Roger Federer career statistics — Kui palju ATP Finals vallalisi tiitleid Roger Federer võitis?,6,6,Six,Kuus,Roger Federer won the ATP Finals six times.,Roger Federer võitis ATP finaali kuus korda.,Roger Federer career statistics — Wikipedia permanent revision 1367020005,https://en.wikipedia.org/w/index.php?title=Roger_Federer_career_statistics&oldid=1367020005,CC-BY-SA-4.0,2026-08-25,reviewed,true
built-in-sports-games-clue-0069,built-in-sports-games,Sports and Games,built-in-sports-games-set-011,board,round-one,4,easy,winter-sports,Sports & Games: Curious Mix,Sport ja mängud: uudishimulik segu,Tennis — Can men and women compete together in “Racquet Game Basics”?,Tennis — Kas mehed ja naised võistlevad kategoorias „Reketimängu põhitõed” käsitletaval spordialal koos?,"Yes, separate tours and mixed doubles","Jah, eraldi võistlussarjad ja segapaarismäng",,,"Yes, separate tours and mixed doubles describes its mixed-sex competition format.","Jah, eraldi ekskursioonid ja paarismängud kirjeldavad oma segaseks võistlusvormi.",Tennis — Wikipedia permanent revision 1369386931,https://en.wikipedia.org/w/index.php?title=Tennis&oldid=1369386931,CC-BY-SA-4.0,2026-08-25,reviewed,true
built-in-sports-games-clue-0075,built-in-sports-games,Sports and Games,built-in-sports-games-set-011,board,round-one,5,easy,winter-sports,Sports & Games: Curious Mix,Sport ja mängud: uudishimulik segu,"2015 Formula One World Championship — In 2015, which organization recognized Formula One as the highest open-wheel class?",2015 Formula One World Championship — Milline organisatsioon tunnustas 2015. aastal vormelit kõrgeima avatud ratastega võidusõiduklassina?,Fédération Internationale de l'Automobile,Fédération Internationale de l'Automobile,,,"In 2015, the Fédération Internationale de l’Automobile recognized the championship.",2015. aastal tunnustas Fédération Internationale de l-Automobiil meistritiitlit.,2015 Formula One World Championship — Wikipedia permanent revision 1356326694,https://en.wikipedia.org/w/index.php?title=2015_Formula_One_World_Championship&oldid=1356326694,CC-BY-SA-4.0,2026-08-25,reviewed,true
built-in-sports-games-clue-0056,built-in-sports-games,Sports and Games,built-in-sports-games-set-012,board,round-one,1,easy,winter-sports,Sports & Games: Curious Medley,Sport ja mängud: uudishimulik valik,"Wayne Gretzky — Which player holds the NHL record of 2,857 points?",Wayne Gretzky — Milline mängija omab NHL rekord 2857 punkti?,Wayne Gretzky,Wayne Gretzky,,,"Wayne Gretzky holds the NHL career points record with 2,857.",Wayne Gretzky hoiab NHL karjääri punkte rekord 2857.,Wayne Gretzky — Wikipedia permanent revision 1367869108,https://en.wikipedia.org/w/index.php?title=Wayne_Gretzky&oldid=1367869108,CC-BY-SA-4.0,2026-08-25,reviewed,true
built-in-sports-games-clue-0062,built-in-sports-games,Sports and Games,built-in-sports-games-set-012,board,round-one,2,easy,winter-sports,Sports & Games: Curious Medley,Sport ja mängud: uudishimulik valik,Roger Federer career statistics — How many ATP Masters singles titles did Roger Federer win?,Roger Federer career statistics — Mitu ATP Masters Singles tiitlit Roger Federer võitis?,28,28,Twenty-eight,kakskümmend kaheksa,Roger Federer won 28 ATP Masters singles titles.,Roger Federer võitis 28 ATP Masters Singles pealkirjad.,Roger Federer career statistics — Wikipedia permanent revision 1367020005,https://en.wikipedia.org/w/index.php?title=Roger_Federer_career_statistics&oldid=1367020005,CC-BY-SA-4.0,2026-08-25,reviewed,true
built-in-sports-games-clue-0068,built-in-sports-games,Sports and Games,built-in-sports-games-set-012,board,round-one,3,easy,winter-sports,Sports & Games: Curious Medley,Sport ja mängud: uudishimulik valik,Tennis — Is the sport in “Racquet Game Basics” a contact sport?,Tennis — Kas kategoorias „Reketimängu põhitõed” käsitletav spordiala on kontaktspordiala?,No,Ei,,,"No, it is classified as non-contact.","Ei, see on klassifitseeritud mittekontaktseks.",Tennis — Wikipedia permanent revision 1369386931,https://en.wikipedia.org/w/index.php?title=Tennis&oldid=1369386931,CC-BY-SA-4.0,2026-08-25,reviewed,true
built-in-sports-games-clue-0074,built-in-sports-games,Sports and Games,built-in-sports-games-set-012,board,round-one,4,easy,winter-sports,Sports & Games: Curious Medley,Sport ja mängud: uudishimulik valik,2015 Formula One World Championship — What broad type of competition was the 2015 Formula One World Championship?,2015 Formula One World Championship — Mis laadi võistlus oli 2015. aasta vormeli maailmameistrivõistlus?,motor racing,autovõidusõit,,,The 2015 championship was a motor-racing competition.,2015. aasta meistrivõistlused olid võidusõiduvõistlused.,2015 Formula One World Championship — Wikipedia permanent revision 1356326694,https://en.wikipedia.org/w/index.php?title=2015_Formula_One_World_Championship&oldid=1356326694,CC-BY-SA-4.0,2026-08-25,reviewed,true
built-in-sports-games-clue-0080,built-in-sports-games,Sports and Games,built-in-sports-games-set-012,board,round-one,5,easy,winter-sports,Sports & Games: Curious Medley,Sport ja mängud: uudishimulik valik,2016 Formula One World Championship — In which country did the 2016 Formula One season begin?,2016 Formula One World Championship — Millises riigis algas 2016. aasta vormelihooaeg?,Australia,Austraalia,,,The 2016 season began in Australia on March 20.,2016. aasta hooaeg algas Austraalias 20. märtsil.,2016 Formula One World Championship — Wikipedia permanent revision 1364682451,https://en.wikipedia.org/w/index.php?title=2016_Formula_One_World_Championship&oldid=1364682451,CC-BY-SA-4.0,2026-08-25,reviewed,true
built-in-sports-games-clue-0061,built-in-sports-games,Sports and Games,built-in-sports-games-set-013,board,round-one,1,easy,racket-sports,Sports & Games: Curious Tour,Sport ja mängud: uudishimulik ringkäik,Roger Federer career statistics — Which Swiss tennis player won 103 ATP singles titles and 20 Grand Slam singles crowns?,Roger Federer career statistics — Milline Šveitsi tennisemängija võitis 103 ATP singles pealkirjad ja 20 Grand Slam singles krooni?,Roger Federer,Roger Federer,,,"Roger Federer won 103 ATP singles titles, including 20 Grand Slam championships.","Roger Federer võitis 103 ATP singles pealkirjad, sealhulgas 20 Grand Slam meistrivõistlustel.",Roger Federer career statistics — Wikipedia permanent revision 1367020005,https://en.wikipedia.org/w/index.php?title=Roger_Federer_career_statistics&oldid=1367020005,CC-BY-SA-4.0,2026-08-25,reviewed,true
built-in-sports-games-clue-0067,built-in-sports-games,Sports and Games,built-in-sports-games-set-013,board,round-one,2,easy,racket-sports,Sports & Games: Curious Tour,Sport ja mängud: uudishimulik ringkäik,Tennis — Which governing body is associated with the sport in “Racquet Game Basics”?,Tennis — Milline juhtorgan korraldab kategoorias „Reketimängu põhitõed” käsitletavat spordiala?,International Tennis Federation,Rahvusvaheline Tenniseföderatsioon,,,International Tennis Federation is a listed governing body.,Rahvusvaheline Tenniseföderatsioon on selle spordiala juhtorgan.,Tennis — Wikipedia permanent revision 1369386931,https://en.wikipedia.org/w/index.php?title=Tennis&oldid=1369386931,CC-BY-SA-4.0,2026-08-25,reviewed,true
built-in-sports-games-clue-0073,built-in-sports-games,Sports and Games,built-in-sports-games-set-013,board,round-one,3,easy,racket-sports,Sports & Games: Curious Tour,Sport ja mängud: uudishimulik ringkäik,2015 Formula One World Championship — Which world championship staged its 66th season in 2015?,2015 Formula One World Championship — Millised maailmameistrivõistlused lavastasid oma 66. hooaja 2015. aastal?,Formula One World Championship,vormeli maailmameistrivõistlused,,,The 2015 season was the 66th Formula One World Championship.,2015. aasta hooaeg oli vormeli maailmameistrivõistluste 66. hooaeg.,2015 Formula One World Championship — Wikipedia permanent revision 1356326694,https://en.wikipedia.org/w/index.php?title=2015_Formula_One_World_Championship&oldid=1356326694,CC-BY-SA-4.0,2026-08-25,reviewed,true
built-in-sports-games-clue-0079,built-in-sports-games,Sports and Games,built-in-sports-games-set-013,board,round-one,4,easy,racket-sports,Sports & Games: Curious Tour,Sport ja mängud: uudishimulik ringkäik,2016 Formula One World Championship — What are the individual races in a Formula One season called?,2016 Formula One World Championship — Kuidas nimetatakse vormelihooaja üksikuid võistlusi?,Grands Prix,Grands Prix,,,The 2016 season comprised 21 Grands Prix.,2016. aasta hooaeg koosnes 21 Grands Prix'st.,2016 Formula One World Championship — Wikipedia permanent revision 1364682451,https://en.wikipedia.org/w/index.php?title=2016_Formula_One_World_Championship&oldid=1364682451,CC-BY-SA-4.0,2026-08-25,reviewed,true
built-in-sports-games-clue-0005,built-in-sports-games,Sports and Games,built-in-sports-games-set-013,board,round-one,5,easy,racket-sports,Sports & Games: Curious Tour,Sport ja mängud: uudishimulik ringkäik,UEFA Champions League — Winning the event or competition in “European Club Champions” earns a place in which competition?,"UEFA Champions League — Võita üritus või võistlus Euroopa Club Champions'is teenib koha, kus konkurents?",UEFA Super Cup,UEFA Super Cup,,,It qualifies the winner for the UEFA Super Cup.,See kvalifitseerub UEFA Super Cup võitjaks.,UEFA Champions League — Wikipedia permanent revision 1370670544,https://en.wikipedia.org/w/index.php?title=UEFA_Champions_League&oldid=1370670544,CC-BY-SA-4.0,2026-08-25,reviewed,true
built-in-sports-games-clue-0066,built-in-sports-games,Sports and Games,built-in-sports-games-set-014,board,round-one,1,easy,racket-sports,Sports & Games: Curious Grab Bag,Sport ja mängud: uudishimulik üllatuskott,"Tennis — What sport features the terms love, deuce, match and volley?","Tennis — Milline sport iseloomustab termineid armastus, deuce, matš ja volley?",Tennis,Tennis,,,"Tennis uses terms including love, deuce, match, and volley.","Tennis kasutab termineid, sealhulgas armastust, deuce, matši ja volleyt.",Tennis — Wikipedia permanent revision 1369386931,https://en.wikipedia.org/w/index.php?title=Tennis&oldid=1369386931,CC-BY-SA-4.0,2026-08-25,reviewed,true
built-in-sports-games-clue-0072,built-in-sports-games,Sports and Games,built-in-sports-games-set-014,board,round-one,2,easy,racket-sports,Sports & Games: Curious Grab Bag,Sport ja mängud: uudishimulik üllatuskott,2015 Formula One World Championship — The 2015 championship field used cars from which single-seat racing class?,"2015 Formula One World Championship — 2015. aasta meistrivõistlustel kasutati autosid, millest ühekohalised võidusõidud?",Formula One cars,vormelautod,,,Formula One cars contested the 2015 championship.,Vormelautod võistlesid 2015. aasta meistrivõistlustel.,2015 Formula One World Championship — Wikipedia permanent revision 1356326694,https://en.wikipedia.org/w/index.php?title=2015_Formula_One_World_Championship&oldid=1356326694,CC-BY-SA-4.0,2026-08-25,reviewed,true
built-in-sports-games-clue-0078,built-in-sports-games,Sports and Games,built-in-sports-games-set-014,board,round-one,3,easy,racket-sports,Sports & Games: Curious Grab Bag,Sport ja mängud: uudishimulik üllatuskott,2016 Formula One World Championship — Who won the 2016 Formula 1 World Driver's Championship?,2016 Formula One World Championship — Kes võitis 2016. aasta vormel 1 sõitjate maailmameistritiitli?,Nico Rosberg,Nico Rosberg,,,Nico Rosberg won the 2016 Formula One World Drivers’ Championship.,Nico Rosberg võitis 2016. aasta vormeli sõitjate maailmameistritiitli.,2016 Formula One World Championship — Wikipedia permanent revision 1364682451,https://en.wikipedia.org/w/index.php?title=2016_Formula_One_World_Championship&oldid=1364682451,CC-BY-SA-4.0,2026-08-25,reviewed,true
built-in-sports-games-clue-0004,built-in-sports-games,Sports and Games,built-in-sports-games-set-014,board,round-one,4,easy,racket-sports,Sports & Games: Curious Grab Bag,Sport ja mängud: uudishimulik üllatuskott,UEFA Champions League — How many teams are associated with the event or competition in “European Club Champions”?,UEFA Champions League — Mitu võistkonda osales kategoorias „Euroopa klubimeistrid” käsitletaval võistlusel?,36,36,,,36 was the teams associated with this event or competition.,Võistlusel osales 36 võistkonda.,UEFA Champions League — Wikipedia permanent revision 1370670544,https://en.wikipedia.org/w/index.php?title=UEFA_Champions_League&oldid=1370670544,CC-BY-SA-4.0,2026-08-25,reviewed,true
built-in-sports-games-clue-0010,built-in-sports-games,Sports and Games,built-in-sports-games-set-014,board,round-one,5,easy,racket-sports,Sports & Games: Curious Grab Bag,Sport ja mängud: uudishimulik üllatuskott,Brazil v Germany (2014 FIFA World Cup) — Which player was named man of the match in “Association Football: Brazil v Germany”?,Brazil v Germany (2014 FIFA World Cup) — Milline mängija sai nimeks mees matši Jalgpall: Brasiilia v Saksamaa'?,Toni Kroos,Toni Kroos,,,Toni Kroos received the man-of-the-match award.,Toni Kroos sai auhinna.,Brazil v Germany (2014 FIFA World Cup) — Wikipedia permanent revision 1370477520,https://en.wikipedia.org/w/index.php?title=Brazil_v_Germany_(2014_FIFA_World_Cup)&oldid=1370477520,CC-BY-SA-4.0,2026-08-25,reviewed,true
built-in-sports-games-clue-0071,built-in-sports-games,Sports and Games,built-in-sports-games-set-015,board,round-one,1,easy,motorsport,Sports & Games: Curious Roundup,Sport ja mängud: uudishimulik ülevaade,2015 Formula One World Championship — Who won the 2015 Formula 1 World Championship?,2015 Formula One World Championship — Kes võitis 2015. aasta vormel 1 maailmameistritiitli?,Lewis Hamilton,Lewis Hamilton,,,Lewis Hamilton won the 2015 Formula One World Drivers’ Championship.,Lewis Hamilton võitis 2015. aasta vormeli sõitjate maailmameistritiitli.,2015 Formula One World Championship — Wikipedia permanent revision 1356326694,https://en.wikipedia.org/w/index.php?title=2015_Formula_One_World_Championship&oldid=1356326694,CC-BY-SA-4.0,2026-08-25,reviewed,true
built-in-sports-games-clue-0077,built-in-sports-games,Sports and Games,built-in-sports-games-set-015,board,round-one,2,easy,motorsport,Sports & Games: Curious Roundup,Sport ja mängud: uudishimulik ülevaade,2016 Formula One World Championship — Which racing class held its 67th world championship in 2016?,2016 Formula One World Championship — Milline võistlusklass pidas oma 67. maailmameistrivõistlused 2016?,Formula One,vormel,,,Formula One held its 67th world championship in 2016.,Vormel pidas 2016. aastal 67. maailmameistrivõistlused.,2016 Formula One World Championship — Wikipedia permanent revision 1364682451,https://en.wikipedia.org/w/index.php?title=2016_Formula_One_World_Championship&oldid=1364682451,CC-BY-SA-4.0,2026-08-25,reviewed,true
built-in-sports-games-clue-0003,built-in-sports-games,Sports and Games,built-in-sports-games-set-015,board,round-one,3,easy,motorsport,Sports & Games: Curious Roundup,Sport ja mängud: uudishimulik ülevaade,UEFA Champions League — In what year was the event or competition in “European Club Champions” founded or first held?,UEFA Champions League — Mis aastal korraldati kategoorias „Euroopa klubimeistrid” käsitletav võistlus esimest korda?,1955,1955,,,The subject dates its beginning to 1955.,Käsitletava üksuse algusaasta on 1955.,UEFA Champions League — Wikipedia permanent revision 1370670544,https://en.wikipedia.org/w/index.php?title=UEFA_Champions_League&oldid=1370670544,CC-BY-SA-4.0,2026-08-25,reviewed,true
built-in-sports-games-clue-0009,built-in-sports-games,Sports and Games,built-in-sports-games-set-015,board,round-one,4,easy,motorsport,Sports & Games: Curious Roundup,Sport ja mängud: uudishimulik ülevaade,Brazil v Germany (2014 FIFA World Cup) — Which venue is recorded for the event or competition in “Association Football: Brazil v Germany”?,Brazil v Germany (2014 FIFA World Cup) — Millises paigas toimus kategoorias „Jalgpall: Brasiilia vs Saksamaa” käsitletav võistlus?,Mineirão,Mineirão,,,The subject took place at Mineirão.,Võistlus toimus asukohas Mineirão.,Brazil v Germany (2014 FIFA World Cup) — Wikipedia permanent revision 1370477520,https://en.wikipedia.org/w/index.php?title=Brazil_v_Germany_(2014_FIFA_World_Cup)&oldid=1370477520,CC-BY-SA-4.0,2026-08-25,reviewed,true
built-in-sports-games-clue-0015,built-in-sports-games,Sports and Games,built-in-sports-games-set-015,board,round-one,5,easy,motorsport,Sports & Games: Curious Roundup,Sport ja mängud: uudishimulik ülevaade,Corner kick — The corner used for this restart belongs to what playing area?,Corner kick — Millisest mänguväljaku osast sooritatakse nurgalöök?,field of play,mänguväljak,,,The kick is taken from a corner of the field of play.,Nurgalöök sooritatakse mänguväljaku nurgast.,Corner kick — Wikipedia permanent revision 1367102817,https://en.wikipedia.org/w/index.php?title=Corner_kick&oldid=1367102817,CC-BY-SA-4.0,2026-08-25,reviewed,true
built-in-sports-games-clue-0076,built-in-sports-games,Sports and Games,built-in-sports-games-set-016,board,round-one,1,easy,motorsport,Sports & Games: Curious Sampler,Sport ja mängud: uudishimulik proovivalik,2016 Formula One World Championship — Which governing-body initials appeared in the official 2016 championship name?,2016 Formula One World Championship — Millised juhtivate keha initsiaalid ilmusid ametliku 2016. aasta meistrivõistluste nimele?,FIA,FIA,,,The official name used the initials FIA.,Ametlik nimi kasutas initsiaalid FIA.,2016 Formula One World Championship — Wikipedia permanent revision 1364682451,https://en.wikipedia.org/w/index.php?title=2016_Formula_One_World_Championship&oldid=1364682451,CC-BY-SA-4.0,2026-08-25,reviewed,true
built-in-sports-games-clue-0002,built-in-sports-games,Sports and Games,built-in-sports-games-set-016,board,round-one,2,easy,motorsport,Sports & Games: Curious Sampler,Sport ja mängud: uudishimulik proovivalik,UEFA Champions League — The UEFA Champions League is an annual club football competition featuring clubs from which continent?,"UEFA Champions League — UEFA Champions League on iga-aastane klubi jalgpallivõistlus, mis pakub klubisid milliselt kontinendilt?",Europe,Euroopa,,,The Champions League brings together leading club teams from Europe.,Champions League toob kokku juhtivad klubimeeskonnad Euroopast.,UEFA Champions League — Wikipedia permanent revision 1370670544,https://en.wikipedia.org/w/index.php?title=UEFA_Champions_League&oldid=1370670544,CC-BY-SA-4.0,2026-08-25,reviewed,true
built-in-sports-games-clue-0008,built-in-sports-games,Sports and Games,built-in-sports-games-set-016,board,round-one,3,easy,motorsport,Sports & Games: Curious Sampler,Sport ja mängud: uudishimulik proovivalik,Brazil v Germany (2014 FIFA World Cup) — What date is recorded for the event or competition in “Association Football: Brazil v Germany”?,Brazil v Germany (2014 FIFA World Cup) — Mis kuupäeval toimus kategoorias „Jalgpall: Brasiilia vs Saksamaa” käsitletav võistlus?,8 July 2014,8. juuli 2014,,,The subject is dated to 8 July 2014.,Võistluse kuupäev on 8. juuli 2014.,Brazil v Germany (2014 FIFA World Cup) — Wikipedia permanent revision 1370477520,https://en.wikipedia.org/w/index.php?title=Brazil_v_Germany_(2014_FIFA_World_Cup)&oldid=1370477520,CC-BY-SA-4.0,2026-08-25,reviewed,true
built-in-sports-games-clue-0014,built-in-sports-games,Sports and Games,built-in-sports-games-set-016,board,round-one,4,easy,motorsport,Sports & Games: Curious Sampler,Sport ja mängud: uudishimulik proovivalik,Corner kick — What must the ball be before a corner kick can be awarded?,"Corner kick — Millises seisundis peab pall olema, et saaks määrata nurgalöögi?",out of play,mängust väljas,,,A corner kick follows the ball going out of play over the goal line.,"Nurgalöök määratakse pärast seda, kui pall läheb üle väravajoone mängust välja.",Corner kick — Wikipedia permanent revision 1367102817,https://en.wikipedia.org/w/index.php?title=Corner_kick&oldid=1367102817,CC-BY-SA-4.0,2026-08-25,reviewed,true
built-in-sports-games-clue-0020,built-in-sports-games,Sports and Games,built-in-sports-games-set-016,board,round-one,5,easy,motorsport,Sports & Games: Curious Sampler,Sport ja mängud: uudishimulik proovivalik,2018 FIFA World Cup — Who won the event or competition in “Association Football: 2018 FIFA World Cup”?,2018 FIFA World Cup — Kes võitis ürituse või võistluse Jalgpall: 2018 FIFA World Cup?,France,Prantsusmaa,,,France won this event or competition.,Prantsusmaa võitis selle ürituse või võistluse.,2018 FIFA World Cup — Wikipedia permanent revision 1370889412,https://en.wikipedia.org/w/index.php?title=2018_FIFA_World_Cup&oldid=1370889412,CC-BY-SA-4.0,2026-08-25,reviewed,true
built-in-sports-games-clue-0081,built-in-sports-games,Sports and Games,built-in-sports-games-set-017,board,round-one,1,medium,association-football,Sports & Games: Curious Potpourri,Sport ja mängud: uudishimulik popurrii,Wayne Rooney — Which player scored a hat-trick on his Manchester United debut in 2004?,Wayne Rooney — Milline mängija lõi 2004. aastal oma Manchester United'i debüüdile mütsitriki?,Wayne Rooney,Wayne Rooney,,,Wayne Rooney scored three goals on his Manchester United debut against Fenerbahçe.,Wayne Rooney lõi kolm väravat Manchester United debüüdile Fenerbahçe vastu.,Wayne Rooney — Wikipedia permanent revision 1370330101,https://en.wikipedia.org/w/index.php?title=Wayne_Rooney&oldid=1370330101,CC-BY-SA-4.0,2026-08-25,reviewed,true
built-in-sports-games-clue-0087,built-in-sports-games,Sports and Games,built-in-sports-games-set-017,board,round-one,2,medium,association-football,Sports & Games: Curious Potpourri,Sport ja mängud: uudishimulik popurrii,Alan Shearer — In what year was the person in “Premier League Scoring Leader” born?,Alan Shearer — Mis aastal sündis kategoorias „Premier League'i väravakütt” käsitletav inimene?,1970,1970,,,The subject was born in 1970.,Käsitletava isiku sünniaasta on 1970.,Alan Shearer — Wikipedia permanent revision 1369817175,https://en.wikipedia.org/w/index.php?title=Alan_Shearer&oldid=1369817175,CC-BY-SA-4.0,2026-08-25,reviewed,true
built-in-sports-games-clue-0093,built-in-sports-games,Sports and Games,built-in-sports-games-set-017,board,round-one,3,medium,association-football,Sports & Games: Curious Potpourri,Sport ja mängud: uudishimulik popurrii,England national football team records and statistics — What kind of 1870 match begins the recorded history of England’s national team?,England national football team records and statistics — Milline 1870. aasta mäng algab Inglismaa rahvusvõistkonna ajalooga?,first representative international match,esimene esinduslik rahvusvaheline matš,,,England’s recorded international history begins with a representative match in 1870.,Inglismaal registreeritud rahvusvahelise ajaloo algab esinduslik matš 1870.,England national football team records and statistics — Wikipedia permanent revision 1368838184,https://en.wikipedia.org/w/index.php?title=England_national_football_team_records_and_statistics&oldid=1368838184,CC-BY-SA-4.0,2026-08-25,reviewed,true
built-in-sports-games-clue-0099,built-in-sports-games,Sports and Games,built-in-sports-games-set-017,board,round-one,4,medium,association-football,Sports & Games: Curious Potpourri,Sport ja mängud: uudishimulik popurrii,Everton F.C. — In what year was the team or club in “Merseyside Club” founded or first held?,Everton F.C. — Mis aastal asutati kategoorias „Merseyside'i klubi” käsitletav meeskond või klubi?,1878,1878,,,The subject dates its beginning to 1878.,Käsitletava üksuse algusaasta on 1878.,Everton F.C. — Wikipedia permanent revision 1369354263,https://en.wikipedia.org/w/index.php?title=Everton_F.C.&oldid=1369354263,CC-BY-SA-4.0,2026-08-25,reviewed,true
built-in-sports-games-clue-0105,built-in-sports-games,Sports and Games,built-in-sports-games-set-017,board,round-one,5,medium,association-football,Sports & Games: Curious Potpourri,Sport ja mängud: uudishimulik popurrii,The Invincibles (English football) — Who managed Preston North End’s 1888–89 Invincibles?,The Invincibles (English football) — Kes juhendas Preston North Endi 1888–89. aasta Võitmatuid?,William Sudell,William Sudell,,,William Sudell managed Preston North End’s Invincibles.,William Sudell juhtis Preston North End'i võitmatuid.,The Invincibles (English football) — Wikipedia permanent revision 1368195460,https://en.wikipedia.org/w/index.php?title=The_Invincibles_(English_football)&oldid=1368195460,CC-BY-SA-4.0,2026-08-25,reviewed,true
built-in-sports-games-clue-0086,built-in-sports-games,Sports and Games,built-in-sports-games-set-018,board,round-one,1,medium,association-football,Sports & Games: Curious Challenge,Sport ja mängud: uudishimulik väljakutse,Alan Shearer — Which player holds the Premier League career record for goals?,Alan Shearer — Milline mängija hoiab Premier League karjääri rekord eesmärke?,Alan Shearer,Alan Shearer,,,Alan Shearer scored a Premier League-record 260 goals.,Alan Shearer lõi Premier League'i plaadi 260 värava.,Alan Shearer — Wikipedia permanent revision 1369817175,https://en.wikipedia.org/w/index.php?title=Alan_Shearer&oldid=1369817175,CC-BY-SA-4.0,2026-08-25,reviewed,true
built-in-sports-games-clue-0092,built-in-sports-games,Sports and Games,built-in-sports-games-set-018,board,round-one,2,medium,association-football,Sports & Games: Curious Challenge,Sport ja mängud: uudishimulik väljakutse,England national football team records and statistics — Which team is also known as the Three Lions?,England national football team records and statistics — Milline meeskond on tuntud ka kui Kolm Lõvi?,England national men's football team,Inglismaa rahvusliku meeste jalgpalli meeskond,,,The England national men’s football team is known as the Three Lions.,Inglismaa rahvusmeeste jalgpallimeeskonda tuntakse kolme lõvi nime all.,England national football team records and statistics — Wikipedia permanent revision 1368838184,https://en.wikipedia.org/w/index.php?title=England_national_football_team_records_and_statistics&oldid=1368838184,CC-BY-SA-4.0,2026-08-25,reviewed,true
built-in-sports-games-clue-0098,built-in-sports-games,Sports and Games,built-in-sports-games-set-018,board,round-one,3,medium,association-football,Sports & Games: Curious Challenge,Sport ja mängud: uudishimulik väljakutse,Everton F.C. — Give one established nickname for Everton Football Club.,Everton F.C. — Ütle Evertoni jalgpalliklubile üks hüüdnimi.,The Toffees,The Toffees,The Blues;The People’s Club;The School of Science,Sinised;Rahvaklubi;Teaduskool,"Everton is known as the Toffees, the Blues, the People’s Club, and the School of Science.","Evertonit tuntakse kui Toffeesi, Bluusi, Rahvaklubi ja Teaduskooli.",Everton F.C. — Wikipedia permanent revision 1369354263,https://en.wikipedia.org/w/index.php?title=Everton_F.C.&oldid=1369354263,CC-BY-SA-4.0,2026-08-25,reviewed,true
built-in-sports-games-clue-0104,built-in-sports-games,Sports and Games,built-in-sports-games-set-018,board,round-one,4,medium,association-football,Sports & Games: Curious Challenge,Sport ja mängud: uudishimulik väljakutse,The Invincibles (English football) — Which season produced Preston North End’s Invincibles?,The Invincibles (English football) — Milline hooaeg andis Preston North End'ile võitmatuid?,1888–89 season,hooaeg 1888–89,,,Preston North End earned the nickname for its 1888–89 season.,Preston North End teenis hüüdnime oma 1888–89. aasta hooajaga.,The Invincibles (English football) — Wikipedia permanent revision 1368195460,https://en.wikipedia.org/w/index.php?title=The_Invincibles_(English_football)&oldid=1368195460,CC-BY-SA-4.0,2026-08-25,reviewed,true
built-in-sports-games-clue-0110,built-in-sports-games,Sports and Games,built-in-sports-games-set-018,board,round-one,5,medium,association-football,Sports & Games: Curious Challenge,Sport ja mängud: uudishimulik väljakutse,Cafu — How tall is the person in “Brazil’s World Cup Captain”?,Cafu — Kui pikk on kategoorias „Brasiilia MM-kapten” käsitletav inimene?,1.76 m (5 ft 9 in),"1,76 m (5 jalga 9 tolli)",,,The subject is recorded at 1.76 m (5 ft 9 in).,"Käsitletava isiku pikkuseks on märgitud 1,76 m (5 jalga 9 tolli).",Cafu — Wikipedia permanent revision 1371020845,https://en.wikipedia.org/w/index.php?title=Cafu&oldid=1371020845,CC-BY-SA-4.0,2026-08-25,reviewed,true
built-in-sports-games-clue-0091,built-in-sports-games,Sports and Games,built-in-sports-games-set-019,board,round-one,1,medium,association-football,Sports & Games: Curious Quiz,Sport ja mängud: uudishimulik viktoriin,England national football team records and statistics — Which England player appeared in six consecutive major tournaments from Euro 2004 through Euro 2016?,England national football team records and statistics — Milline Inglismaa mängija ilmus kuuel järjestikusel suuremal turniiril alates Euro 2004 kuni Euro 2016?,Wayne Rooney,Wayne Rooney,Rooney,Rooney,Wayne Rooney appeared in six consecutive major tournaments from Euro 2004 through Euro 2016.,Wayne Rooney ilmus kuuel järjestikusel suuremal turniiril alates Euro 2004 kuni Euro 2016.,England national football team records and statistics — Wikipedia permanent revision 1368838184,https://en.wikipedia.org/w/index.php?title=England_national_football_team_records_and_statistics&oldid=1368838184,CC-BY-SA-4.0,2026-08-25,reviewed,true
built-in-sports-games-clue-0097,built-in-sports-games,Sports and Games,built-in-sports-games-set-019,board,round-one,2,medium,association-football,Sports & Games: Curious Quiz,Sport ja mängud: uudishimulik viktoriin,Everton F.C. — What is the full name of the team or club in “Merseyside Club”?,Everton F.C. — Mis on meeskonna või klubi täisnimi Merseyside Club'is?,Everton Football Club,Everton Football Club,,,Everton Football Club is the subject’s full name.,Käsitletava isiku täisnimi on Everton Football Club.,Everton F.C. — Wikipedia permanent revision 1369354263,https://en.wikipedia.org/w/index.php?title=Everton_F.C.&oldid=1369354263,CC-BY-SA-4.0,2026-08-25,reviewed,true
built-in-sports-games-clue-0103,built-in-sports-games,Sports and Games,built-in-sports-games-set-019,board,round-one,3,medium,association-football,Sports & Games: Curious Quiz,Sport ja mängud: uudishimulik viktoriin,The Invincibles (English football) — Which club’s 1888–89 side shares the Invincibles nickname with Arsenal’s 2003–04 team?,The Invincibles (English football) — Millise klubi 1888–89. aasta meeskond jagab Arsenali 2003–04. aasta meeskonnaga hüüdnime Võitmatud?,Preston North End,Preston North End,,,Preston North End’s 1888–89 side is also known as the Invincibles.,Preston North Endi 1888–89. aasta meeskonda tuntakse samuti Võitmatutena.,The Invincibles (English football) — Wikipedia permanent revision 1368195460,https://en.wikipedia.org/w/index.php?title=The_Invincibles_(English_football)&oldid=1368195460,CC-BY-SA-4.0,2026-08-25,reviewed,true
built-in-sports-games-clue-0109,built-in-sports-games,Sports and Games,built-in-sports-games-set-019,board,round-one,4,medium,association-football,Sports & Games: Curious Quiz,Sport ja mängud: uudishimulik viktoriin,Cafu — Which place is the birthplace of the person in “Brazil’s World Cup Captain”?,Cafu — Milline koht on inimese sünnikoht Brazil'is World Cup Captain?,Itaquaquecetuba,Itaquaquecetuba,,,The subject was born in Itaquaquecetuba.,Käsitletava isiku sünniaasta on Itaquaquecetuba.,Cafu — Wikipedia permanent revision 1371020845,https://en.wikipedia.org/w/index.php?title=Cafu&oldid=1371020845,CC-BY-SA-4.0,2026-08-25,reviewed,true
built-in-sports-games-clue-0115,built-in-sports-games,Sports and Games,built-in-sports-games-set-019,board,round-one,5,medium,association-football,Sports & Games: Curious Quiz,Sport ja mängud: uudishimulik viktoriin,Shaquille O'Neal — Which high school did the player in “A Dominant NBA Center” attend?,Shaquille O'Neal — Millises keskkoolis õppis kategoorias „NBA domineeriv keskmängija” käsitletav mängija?,Fulda American,Fulda American,,,Fulda American is the documented high school.,Käsitletav mängija õppis Fulda American High Schoolis.,Shaquille O'Neal — Wikipedia permanent revision 1371100852,https://en.wikipedia.org/w/index.php?title=Shaquille_O'Neal&oldid=1371100852,CC-BY-SA-4.0,2026-08-25,reviewed,true
built-in-sports-games-clue-0096,built-in-sports-games,Sports and Games,built-in-sports-games-set-020,board,round-one,1,medium,association-football,Sports & Games: Curious Odds & Ends,Sport ja mängud: uudishimulik üht-teist,Everton F.C. — Which English football club is based in Liverpool and plays its home matches at Goodison Park?,Everton F.C. — Milline Inglise jalgpalliklubi asub Liverpoolis ja mängib oma kodumänge Goodison Parkis?,Everton,Everton,,,Everton is a Liverpool-based Premier League club whose home ground is Goodison Park.,"Everton on Liverpooli Premier League klubi, mille kodukoht on Goodison Park.",Everton F.C. — Wikipedia permanent revision 1369354263,https://en.wikipedia.org/w/index.php?title=Everton_F.C.&oldid=1369354263,CC-BY-SA-4.0,2026-08-25,reviewed,true
built-in-sports-games-clue-0102,built-in-sports-games,Sports and Games,built-in-sports-games-set-020,board,round-one,2,medium,association-football,Sports & Games: Curious Odds & Ends,Sport ja mängud: uudishimulik üht-teist,The Invincibles (English football) — In which sport is “The Invincibles” a nickname for unbeaten teams?,The Invincibles (English football) — Millises spordialas on võitmatud meeskonnad hüüdnimeks?,English football,Inglise jalgpall,,,The Invincibles is a nickname used in English football.,Võitmatud on inglise jalgpallis kasutatav hüüdnimi.,The Invincibles (English football) — Wikipedia permanent revision 1368195460,https://en.wikipedia.org/w/index.php?title=The_Invincibles_(English_football)&oldid=1368195460,CC-BY-SA-4.0,2026-08-25,reviewed,true
built-in-sports-games-clue-0108,built-in-sports-games,Sports and Games,built-in-sports-games-set-020,board,round-one,3,medium,association-football,Sports & Games: Curious Odds & Ends,Sport ja mängud: uudishimulik üht-teist,Cafu — On what date was the person in “Brazil’s World Cup Captain” born?,Cafu — Mis kuupäeval sündis inimene Brazil's World Cup Captain?,7 June 1970,7. juuni 1970,,,The subject was born on 7 June 1970.,Käsitletav isik sündis 7. juuni 1970.,Cafu — Wikipedia permanent revision 1371020845,https://en.wikipedia.org/w/index.php?title=Cafu&oldid=1371020845,CC-BY-SA-4.0,2026-08-25,reviewed,true
built-in-sports-games-clue-0114,built-in-sports-games,Sports and Games,built-in-sports-games-set-020,board,round-one,4,medium,association-football,Sports & Games: Curious Odds & Ends,Sport ja mängud: uudishimulik üht-teist,Shaquille O'Neal — What is the weight of the person in “A Dominant NBA Center”?,Shaquille O'Neal — Kui palju kaalub kategoorias „NBA domineeriv keskmängija” käsitletav inimene?,325 lb (147 kg),325 naela (147 kg),,,The subject is recorded at 325 lb (147 kg).,Käsitletava isiku kaaluks on märgitud 325 naela (147 kg).,Shaquille O'Neal — Wikipedia permanent revision 1371100852,https://en.wikipedia.org/w/index.php?title=Shaquille_O'Neal&oldid=1371100852,CC-BY-SA-4.0,2026-08-25,reviewed,true
built-in-sports-games-clue-0120,built-in-sports-games,Sports and Games,built-in-sports-games-set-020,board,round-one,5,medium,association-football,Sports & Games: Curious Odds & Ends,Sport ja mängud: uudishimulik üht-teist,Wilt Chamberlain's 100-point game — Wilt Chamberlain scored his infamous 100-point-game against the New York Knicks in 1962.,Wilt Chamberlain's 100-point game — Wilt Chamberlain lõi 1962. aastal oma kurikuulsa 100-punktilise mängu New York Knicks'i vastu.,True,Tõsi,,,Wilt Chamberlain scored 100 points against the New York Knicks on 2 March 1962.,Wilt Chamberlain sai 2. märtsil 1962 100 punkti New York Knicks'i vastu.,Wilt Chamberlain's 100-point game — Wikipedia permanent revision 1369253434,https://en.wikipedia.org/w/index.php?title=Wilt_Chamberlain's_100-point_game&oldid=1369253434,CC-BY-SA-4.0,2026-08-25,reviewed,true
built-in-sports-games-clue-0101,built-in-sports-games,Sports and Games,built-in-sports-games-set-021,board,round-one,1,medium,association-football,Sports & Games: Classic Mix,Sport ja mängud: klassikaline segu,The Invincibles (English football) — How many league matches did Arsenal complete unbeaten in the 2003–04 Premier League season?,The Invincibles (English football) — Mitu liigamängu läbis Arsenal 2003–04. aasta Premier League’i hooajal kaotuseta?,38,38,,,Arsenal went unbeaten across all 38 league matches of the 2003–04 season.,Arsenal püsis 2003–04. aasta hooaja kõigis 38 liigamängus kaotuseta.,The Invincibles (English football) — Wikipedia permanent revision 1368195460,https://en.wikipedia.org/w/index.php?title=The_Invincibles_(English_football)&oldid=1368195460,CC-BY-SA-4.0,2026-08-25,reviewed,true
built-in-sports-games-clue-0107,built-in-sports-games,Sports and Games,built-in-sports-games-set-021,board,round-one,2,medium,association-football,Sports & Games: Classic Mix,Sport ja mängud: klassikaline segu,Cafu — What is the full name of the person in “Brazil’s World Cup Captain”?,Cafu — Mis on kategoorias „Brasiilia MM-kapten” käsitletava inimese täisnimi?,Marcos Evangelista de Morais,Marcos Evangelista de Morais,,,Marcos Evangelista de Morais is the subject’s full name.,Käsitletava isiku täisnimi on Marcos Evangelista de Morais.,Cafu — Wikipedia permanent revision 1371020845,https://en.wikipedia.org/w/index.php?title=Cafu&oldid=1371020845,CC-BY-SA-4.0,2026-08-25,reviewed,true
built-in-sports-games-clue-0113,built-in-sports-games,Sports and Games,built-in-sports-games-set-021,board,round-one,3,medium,association-football,Sports & Games: Classic Mix,Sport ja mängud: klassikaline segu,Shaquille O'Neal — How tall is the person in “A Dominant NBA Center”?,Shaquille O'Neal — Kui pikk on kategoorias „NBA domineeriv keskmängija” käsitletav inimene?,7 ft 1 in (216 cm),7 jalga 1 toll (216 cm),,,The subject is recorded at 7 ft 1 in (216 cm).,Käsitletava isiku pikkuseks on märgitud 7 jalga 1 toll (216 cm).,Shaquille O'Neal — Wikipedia permanent revision 1371100852,https://en.wikipedia.org/w/index.php?title=Shaquille_O'Neal&oldid=1371100852,CC-BY-SA-4.0,2026-08-25,reviewed,true
built-in-sports-games-clue-0119,built-in-sports-games,Sports and Games,built-in-sports-games-set-021,board,round-one,4,medium,association-football,Sports & Games: Classic Mix,Sport ja mängud: klassikaline segu,Wilt Chamberlain's 100-point game — Which player scored an NBA-record 100 points against the New York Knicks in 1962?,Wilt Chamberlain's 100-point game — Milline mängija lõi NBA rekordi 100 punkti New York Knicks'i vastu 1962. aastal?,Wilt Chamberlain,Wilt Chamberlain,,,"Wilt Chamberlain scored 100 points for the Philadelphia Warriors on March 2, 1962.",Wilt Chamberlain sai 2. märtsil 1962 Philadelphia Sõdalaste eest 100 punkti.,Wilt Chamberlain's 100-point game — Wikipedia permanent revision 1369253434,https://en.wikipedia.org/w/index.php?title=Wilt_Chamberlain's_100-point_game&oldid=1369253434,CC-BY-SA-4.0,2026-08-25,reviewed,true
built-in-sports-games-clue-0125,built-in-sports-games,Sports and Games,built-in-sports-games-set-021,board,round-one,5,medium,association-football,Sports & Games: Classic Mix,Sport ja mängud: klassikaline segu,2015 NBA Finals — Which team won the Eastern finals connected with “Basketball: 2015 NBA Finals”?,2015 NBA Finals — Milline meeskond võitis kategoorias „Korvpall: 2015. aasta NBA finaal” käsitletud idakonverentsi finaali?,Cavaliers,Cavaliers,,,Cavaliers won that conference final.,Selle konverentsi finaali võitis Cavaliers.,2015 NBA Finals — Wikipedia permanent revision 1366812001,https://en.wikipedia.org/w/index.php?title=2015_NBA_Finals&oldid=1366812001,CC-BY-SA-4.0,2026-08-25,reviewed,true
built-in-sports-games-clue-0106,built-in-sports-games,Sports and Games,built-in-sports-games-set-022,board,round-one,1,medium,association-football,Sports & Games: Classic Medley,Sport ja mängud: klassikaline valik,Cafu — Which Brazilian captain appeared in three consecutive World Cup finals from 1994 through 2002?,Cafu — Milline Brasiilia kapten ilmus kolm järjestikust World Cup finaali 1994-2002?,Cafu,Cafu,,,"Cafu appeared in the 1994, 1998, and 2002 World Cup finals, captaining Brazil in the last.","Cafu ilmus 1994., 1998. ja 2002. aasta maailmameistrivõistluste finaali, viimasel ajal Brasiilia kaptenina.",Cafu — Wikipedia permanent revision 1371020845,https://en.wikipedia.org/w/index.php?title=Cafu&oldid=1371020845,CC-BY-SA-4.0,2026-08-25,reviewed,true
built-in-sports-games-clue-0112,built-in-sports-games,Sports and Games,built-in-sports-games-set-022,board,round-one,2,medium,association-football,Sports & Games: Classic Medley,Sport ja mängud: klassikaline valik,Shaquille O'Neal — In what year was the person in “A Dominant NBA Center” born?,Shaquille O'Neal — Mis aastal sündis kategoorias „NBA domineeriv keskmängija” käsitletav inimene?,1972,1972,,,The subject was born in 1972.,Käsitletava isiku sünniaasta on 1972.,Shaquille O'Neal — Wikipedia permanent revision 1371100852,https://en.wikipedia.org/w/index.php?title=Shaquille_O'Neal&oldid=1371100852,CC-BY-SA-4.0,2026-08-25,reviewed,true
built-in-sports-games-clue-0118,built-in-sports-games,Sports and Games,built-in-sports-games-set-022,board,round-one,3,medium,association-football,Sports & Games: Classic Medley,Sport ja mängud: klassikaline valik,Wilt Chamberlain's 100-point game — What attendance was recorded for the event in “Basketball: Wilt Chamberlain's 100-point game”?,Wilt Chamberlain's 100-point game — Millised üritusel osalejad on registreeritud: Wilt Chamberlaini 100-punktilises mängus?,"4,124",4124,,,"The recorded attendance was 4,124.",Salvestatud kohalviibijate arv oli 4124.,Wilt Chamberlain's 100-point game — Wikipedia permanent revision 1369253434,https://en.wikipedia.org/w/index.php?title=Wilt_Chamberlain's_100-point_game&oldid=1369253434,CC-BY-SA-4.0,2026-08-25,reviewed,true
built-in-sports-games-clue-0124,built-in-sports-games,Sports and Games,built-in-sports-games-set-022,board,round-one,4,medium,association-football,Sports & Games: Classic Medley,Sport ja mängud: klassikaline valik,2015 NBA Finals — Which official from “Basketball: 2015 NBA Finals” later entered the Hall of Fame?,2015 NBA Finals — Milline ametnik Basketball: 2015 NBA finaali hiljem sisenes Hall of Fame?,Danny Crawford,Danny Crawford,,,Danny Crawford is the identified Hall of Famer.,Danny Crawford on Fameri Hall.,2015 NBA Finals — Wikipedia permanent revision 1366812001,https://en.wikipedia.org/w/index.php?title=2015_NBA_Finals&oldid=1366812001,CC-BY-SA-4.0,2026-08-25,reviewed,true
built-in-sports-games-clue-0130,built-in-sports-games,Sports and Games,built-in-sports-games-set-022,board,round-one,5,medium,association-football,Sports & Games: Classic Medley,Sport ja mängud: klassikaline valik,Usain Bolt — In what year was the person in “Athletics: Usain Bolt” born?,Usain Bolt — Mis aastal sündis kategoorias „Kergejõustik: Usain Bolt” käsitletav inimene?,1986,1986,,,The subject was born in 1986.,Käsitletava isiku sünniaasta on 1986.,Usain Bolt — Wikipedia permanent revision 1369818985,https://en.wikipedia.org/w/index.php?title=Usain_Bolt&oldid=1369818985,CC-BY-SA-4.0,2026-08-25,reviewed,true
built-in-sports-games-clue-0111,built-in-sports-games,Sports and Games,built-in-sports-games-set-023,board,round-one,1,medium,basketball,Sports & Games: Classic Tour,Sport ja mängud: klassikaline ringkäik,Shaquille O'Neal — Which NBA player won Most Valuable Player for the 1999-2000 season?,Shaquille O'Neal — Milline NBA mängija pälvis 1999–2000. aasta hooaja kõige väärtuslikuma mängija auhinna?,Shaquille O'Neal,Shaquille O'Neal,,,Shaquille O’Neal won the NBA Most Valuable Player award for the 1999–2000 season.,Shaquille O’Neal pälvis 1999–2000. aasta hooaja NBA kõige väärtuslikuma mängija auhinna.,Shaquille O'Neal — Wikipedia permanent revision 1371100852,https://en.wikipedia.org/w/index.php?title=Shaquille_O'Neal&oldid=1371100852,CC-BY-SA-4.0,2026-08-25,reviewed,true
built-in-sports-games-clue-0117,built-in-sports-games,Sports and Games,built-in-sports-games-set-023,board,round-one,2,medium,basketball,Sports & Games: Classic Tour,Sport ja mängud: klassikaline ringkäik,Wilt Chamberlain's 100-point game — Which venue is recorded for the event or competition in “Basketball: Wilt Chamberlain's 100-point game”?,Wilt Chamberlain's 100-point game — Millises paigas toimus kategoorias „Korvpall: Wilt Chamberlaini 100 punkti mäng” käsitletav võistlus?,Hershey Sports Arena,Hershey Sports Arena,,,The subject took place at Hershey Sports Arena.,Võistlus toimus asukohas Hershey Sports Arena.,Wilt Chamberlain's 100-point game — Wikipedia permanent revision 1369253434,https://en.wikipedia.org/w/index.php?title=Wilt_Chamberlain's_100-point_game&oldid=1369253434,CC-BY-SA-4.0,2026-08-25,reviewed,true
built-in-sports-games-clue-0123,built-in-sports-games,Sports and Games,built-in-sports-games-set-023,board,round-one,3,medium,basketball,Sports & Games: Classic Tour,Sport ja mängud: klassikaline ringkäik,2015 NBA Finals — Who was named MVP in “Basketball: 2015 NBA Finals”?,2015 NBA Finals — Kes sai nimeks MVP Basketball: 2015 NBA finaalmängud?,Andre Iguodala,Andre Iguodala,,,Andre Iguodala was the MVP.,Andre Iguodala valiti kõige väärtuslikumaks mängijaks.,2015 NBA Finals — Wikipedia permanent revision 1366812001,https://en.wikipedia.org/w/index.php?title=2015_NBA_Finals&oldid=1366812001,CC-BY-SA-4.0,2026-08-25,reviewed,true
built-in-sports-games-clue-0129,built-in-sports-games,Sports and Games,built-in-sports-games-set-023,board,round-one,4,medium,basketball,Sports & Games: Classic Tour,Sport ja mängud: klassikaline ringkäik,Usain Bolt — Which nationality is associated with the person in “Athletics: Usain Bolt”?,Usain Bolt — Mis rahvusest on kategoorias „Kergejõustik: Usain Bolt” käsitletav inimene?,Jamaica,Jamaica,,,Jamaica is the documented nationality.,Käsitletava isiku rahvus on Jamaica.,Usain Bolt — Wikipedia permanent revision 1369818985,https://en.wikipedia.org/w/index.php?title=Usain_Bolt&oldid=1369818985,CC-BY-SA-4.0,2026-08-25,reviewed,true
built-in-sports-games-clue-0135,built-in-sports-games,Sports and Games,built-in-sports-games-set-023,board,round-one,5,medium,basketball,Sports & Games: Classic Tour,Sport ja mängud: klassikaline ringkäik,Toronto Marlies — Which division includes the team in “The Maple Leafs’ AHL Affiliate”?,Toronto Marlies — Millises divisjonis mängib kategoorias „Maple Leafsi AHL-i farmklubi” käsitletav meeskond?,North,Põhi,,,North is the documented division.,Meeskond kuulub divisjoni Põhi.,Toronto Marlies — Wikipedia permanent revision 1369606030,https://en.wikipedia.org/w/index.php?title=Toronto_Marlies&oldid=1369606030,CC-BY-SA-4.0,2026-08-25,reviewed,true
built-in-sports-games-clue-0116,built-in-sports-games,Sports and Games,built-in-sports-games-set-024,board,round-one,1,medium,basketball,Sports & Games: Classic Grab Bag,Sport ja mängud: klassikaline üllatuskott,Wilt Chamberlain's 100-point game — What date is recorded for the event or competition in “Basketball: Wilt Chamberlain's 100-point game”?,Wilt Chamberlain's 100-point game — Mis kuupäeval toimus kategoorias „Korvpall: Wilt Chamberlaini 100 punkti mäng” käsitletav võistlus?,"March 2, 1962",2. märts 1962,,,"The subject is dated to March 2, 1962.",Võistluse kuupäev on 2. märts 1962.,Wilt Chamberlain's 100-point game — Wikipedia permanent revision 1369253434,https://en.wikipedia.org/w/index.php?title=Wilt_Chamberlain's_100-point_game&oldid=1369253434,CC-BY-SA-4.0,2026-08-25,reviewed,true
built-in-sports-games-clue-0122,built-in-sports-games,Sports and Games,built-in-sports-games-set-024,board,round-one,2,medium,basketball,Sports & Games: Classic Grab Bag,Sport ja mängud: klassikaline üllatuskott,2015 NBA Finals — When did the event or competition in “Basketball: 2015 NBA Finals” take place or begin?,2015 NBA Finals — Millal toimusid 2015. aasta NBA finaalmängud?,June 4–16,4.–16. juuni,,,June 4–16 was the dates associated with this event or competition.,Finaalmängud toimusid 4.–16. juunil.,2015 NBA Finals — Wikipedia permanent revision 1366812001,https://en.wikipedia.org/w/index.php?title=2015_NBA_Finals&oldid=1366812001,CC-BY-SA-4.0,2026-08-25,reviewed,true
built-in-sports-games-clue-0128,built-in-sports-games,Sports and Games,built-in-sports-games-set-024,board,round-one,3,medium,basketball,Sports & Games: Classic Grab Bag,Sport ja mängud: klassikaline üllatuskott,Usain Bolt — What nickname is associated with “Athletics: Usain Bolt”?,Usain Bolt — Mis hüüdnimega kaasneb Athletics: Usain Bolt'i?,Lightning Bolt,Lightning Bolt,,,Lightning Bolt is the documented nickname.,Välk Bolt on dokumenteeritud hüüdnimi.,Usain Bolt — Wikipedia permanent revision 1369818985,https://en.wikipedia.org/w/index.php?title=Usain_Bolt&oldid=1369818985,CC-BY-SA-4.0,2026-08-25,reviewed,true
built-in-sports-games-clue-0134,built-in-sports-games,Sports and Games,built-in-sports-games-set-024,board,round-one,4,medium,basketball,Sports & Games: Classic Grab Bag,Sport ja mängud: klassikaline üllatuskott,Toronto Marlies — Which conference includes the team in “The Maple Leafs’ AHL Affiliate”?,Toronto Marlies — Millises konverentsis mängib kategoorias „Maple Leafsi AHL-i farmklubi” käsitletav meeskond?,Eastern,Idapiirkond,,,Eastern is the documented conference.,Meeskond kuulub konverentsi Idapiirkond.,Toronto Marlies — Wikipedia permanent revision 1369606030,https://en.wikipedia.org/w/index.php?title=Toronto_Marlies&oldid=1369606030,CC-BY-SA-4.0,2026-08-25,reviewed,true
built-in-sports-games-clue-0140,built-in-sports-games,Sports and Games,built-in-sports-games-set-024,board,round-one,5,medium,basketball,Sports & Games: Classic Grab Bag,Sport ja mängud: klassikaline üllatuskott,Fanny Chmelar — Which club is associated with the person in “Winter Sports: Fanny Chmelar”?,Fanny Chmelar — Millise klubiga seostatakse kategoorias „Talisport: Fanny Chmelar” käsitletavat inimest?,Skiclub Partenkirchen,Skiclub Partenkirchen,,,The subject is associated with Skiclub Partenkirchen.,Käsitletavat inimest seostatakse klubiga Skiclub Partenkirchen.,Fanny Chmelar — Wikipedia permanent revision 1367816252,https://en.wikipedia.org/w/index.php?title=Fanny_Chmelar&oldid=1367816252,CC-BY-SA-4.0,2026-08-25,reviewed,true
built-in-sports-games-clue-0121,built-in-sports-games,Sports and Games,built-in-sports-games-set-025,board,round-one,1,medium,basketball,Sports & Games: Classic Roundup,Sport ja mängud: klassikaline ülevaade,2015 NBA Finals — Which team was the 2014-2015 NBA Champions?,2015 NBA Finals — Milline meeskond oli 2014-2015 NBA meistrid?,Golden State Warriors,Golden State Warriors,,,The Golden State Warriors won the 2014–15 NBA championship.,Golden State Warriors võitis 2014–15. aasta NBA meistritiitli.,2015 NBA Finals — Wikipedia permanent revision 1366812001,https://en.wikipedia.org/w/index.php?title=2015_NBA_Finals&oldid=1366812001,CC-BY-SA-4.0,2026-08-25,reviewed,true
built-in-sports-games-clue-0127,built-in-sports-games,Sports and Games,built-in-sports-games-set-025,board,round-one,2,medium,basketball,Sports & Games: Classic Roundup,Sport ja mängud: klassikaline ülevaade,Usain Bolt — What is the full name of the person in “Athletics: Usain Bolt”?,Usain Bolt — Mis on kategoorias „Kergejõustik: Usain Bolt” käsitletava inimese täisnimi?,Usain St. Leo Bolt,Usain St. Leo Bolt,,,Usain St. Leo Bolt is the subject’s full name.,Käsitletava isiku täisnimi on Usain St. Leo Bolt.,Usain Bolt — Wikipedia permanent revision 1369818985,https://en.wikipedia.org/w/index.php?title=Usain_Bolt&oldid=1369818985,CC-BY-SA-4.0,2026-08-25,reviewed,true
built-in-sports-games-clue-0133,built-in-sports-games,Sports and Games,built-in-sports-games-set-025,board,round-one,3,medium,basketball,Sports & Games: Classic Roundup,Sport ja mängud: klassikaline ülevaade,Toronto Marlies — What is the name of the AHL affiliate of the Toronto Maple Leafs?,Toronto Marlies — Mis on Toronto Maple Leafsi AHL-i filiaali nimi?,Toronto Marlies,Toronto Marlies,,,The Toronto Marlies are the American Hockey League affiliate of the Toronto Maple Leafs.,Toronto Marlies on Ameerika Hokiliiga Toronto Maple Leafsi partner.,Toronto Marlies — Wikipedia permanent revision 1369606030,https://en.wikipedia.org/w/index.php?title=Toronto_Marlies&oldid=1369606030,CC-BY-SA-4.0,2026-08-25,reviewed,true
built-in-sports-games-clue-0139,built-in-sports-games,Sports and Games,built-in-sports-games-set-025,board,round-one,4,medium,basketball,Sports & Games: Classic Roundup,Sport ja mängud: klassikaline ülevaade,Fanny Chmelar — Which country did alpine skier Fanny Chmelar represent?,Fanny Chmelar — Millise riigi esindajaks oli Alpine Skier Fanny Chmelar?,Germany,Saksamaa,,,Fanny Chmelar represented Germany in alpine skiing.,Fanny Chmelar esindas Saksamaad alpide suusatamises.,Fanny Chmelar — Wikipedia permanent revision 1367816252,https://en.wikipedia.org/w/index.php?title=Fanny_Chmelar&oldid=1367816252,CC-BY-SA-4.0,2026-08-25,reviewed,true
built-in-sports-games-clue-0145,built-in-sports-games,Sports and Games,built-in-sports-games-set-025,board,round-one,5,medium,basketball,Sports & Games: Classic Roundup,Sport ja mängud: klassikaline ülevaade,St. Louis Blues — Which arena is home to the team in “St. Louis Hockey”?,St. Louis Blues — Milline areen on kodu tiimile Louis Hockey's?,Enterprise Center,Enterprise Center,,,Enterprise Center is the home arena.,Enterprise Center on koduareen.,St. Louis Blues — Wikipedia permanent revision 1366234373,https://en.wikipedia.org/w/index.php?title=St._Louis_Blues&oldid=1366234373,CC-BY-SA-4.0,2026-08-25,reviewed,true
built-in-sports-games-clue-0126,built-in-sports-games,Sports and Games,built-in-sports-games-set-026,board,round-one,1,medium,athletics,Sports & Games: Classic Sampler,Sport ja mängud: klassikaline proovivalik,"Usain Bolt — In 2008, Usain Bolt set the world record for the 100 meters with one shoelace untied.",Usain Bolt — 2008. aastal seadis Usain Bolt maailmarekordi 100 meetrile ühe kingapaelaga lahti.,True,Tõsi,,,Usain Bolt set a 100-metre world record at the 2008 Olympics despite an untied shoelace.,"Usain Bolt seadis 2008. aasta olümpiamängudel 100 meetrise maailmarekordi, hoolimata sidumata kingapaelast.",Usain Bolt — Wikipedia permanent revision 1369818985,https://en.wikipedia.org/w/index.php?title=Usain_Bolt&oldid=1369818985,CC-BY-SA-4.0,2026-08-25,reviewed,true
built-in-sports-games-clue-0132,built-in-sports-games,Sports and Games,built-in-sports-games-set-026,board,round-one,2,medium,athletics,Sports & Games: Classic Sampler,Sport ja mängud: klassikaline proovivalik,Toronto Marlies — In which league does the team in “The Maple Leafs’ AHL Affiliate” play?,Toronto Marlies — Millises liigas mängib meeskond Maple Leafs'is AHL Affiliate'is?,American Hockey League,Ameerika hokiliiga,,,American Hockey League is the documented league.,Ameerika Hokiliiga on dokumenteeritud liiga.,Toronto Marlies — Wikipedia permanent revision 1369606030,https://en.wikipedia.org/w/index.php?title=Toronto_Marlies&oldid=1369606030,CC-BY-SA-4.0,2026-08-25,reviewed,true
built-in-sports-games-clue-0138,built-in-sports-games,Sports and Games,built-in-sports-games-set-026,board,round-one,3,medium,athletics,Sports & Games: Classic Sampler,Sport ja mängud: klassikaline proovivalik,Fanny Chmelar — Which sport is associated with the person in “Winter Sports: Fanny Chmelar”?,Fanny Chmelar — Milline spordiala on seotud isikuga Winter Sports: Fanny Chammelar Sport?,Alpine skiing,Alpide suusatamine,,,The subject is associated with Alpine skiing.,Käsitletav inimene tegeleb spordialaga Alpide suusatamine.,Fanny Chmelar — Wikipedia permanent revision 1367816252,https://en.wikipedia.org/w/index.php?title=Fanny_Chmelar&oldid=1367816252,CC-BY-SA-4.0,2026-08-25,reviewed,true
built-in-sports-games-clue-0144,built-in-sports-games,Sports and Games,built-in-sports-games-set-026,board,round-one,4,medium,athletics,Sports & Games: Classic Sampler,Sport ja mängud: klassikaline proovivalik,St. Louis Blues — In what year was the team or club in “St. Louis Hockey” founded or first held?,St. Louis Blues — Mis aastal asutati kategoorias „St. Louisi hoki” käsitletav meeskond või klubi?,1967,1967,,,The subject dates its beginning to 1967.,Käsitletava üksuse algusaasta on 1967.,St. Louis Blues — Wikipedia permanent revision 1366234373,https://en.wikipedia.org/w/index.php?title=St._Louis_Blues&oldid=1366234373,CC-BY-SA-4.0,2026-08-25,reviewed,true
built-in-sports-games-clue-0150,built-in-sports-games,Sports and Games,built-in-sports-games-set-026,board,round-one,5,medium,athletics,Sports & Games: Classic Sampler,Sport ja mängud: klassikaline proovivalik,2014 Winter Olympics — How many athletes are associated with the event or competition in “Winter Sports: 2014 Winter Olympics”?,2014 Winter Olympics — Mitu sportlast osales kategoorias „Talisport: 2014. aasta taliolümpiamängud” käsitletaval võistlusel?,"2,865",2865,,,"2,865 was the athletes associated with this event or competition.",Võistlusel osales 2865 sportlast.,2014 Winter Olympics — Wikipedia permanent revision 1369464724,https://en.wikipedia.org/w/index.php?title=2014_Winter_Olympics&oldid=1369464724,CC-BY-SA-4.0,2026-08-25,reviewed,true
built-in-sports-games-clue-0131,built-in-sports-games,Sports and Games,built-in-sports-games-set-027,board,round-one,1,medium,winter-sports,Sports & Games: Classic Potpourri,Sport ja mängud: klassikaline popurrii,Toronto Marlies — Which city is home to the team in “The Maple Leafs’ AHL Affiliate”?,Toronto Marlies — Milline linn on meeskonna koduks Maple Leafs'is AHL Affiliate'is?,Toronto,Toronto,,,Toronto is the team’s home city.,"Toronto on meeskond, mis asub kodulinnas.",Toronto Marlies — Wikipedia permanent revision 1369606030,https://en.wikipedia.org/w/index.php?title=Toronto_Marlies&oldid=1369606030,CC-BY-SA-4.0,2026-08-25,reviewed,true
built-in-sports-games-clue-0137,built-in-sports-games,Sports and Games,built-in-sports-games-set-027,board,round-one,2,medium,winter-sports,Sports & Games: Classic Potpourri,Sport ja mängud: klassikaline popurrii,Fanny Chmelar — How tall is the person in “Winter Sports: Fanny Chmelar”?,Fanny Chmelar — Kui pikk on kategoorias „Talisport: Fanny Chmelar” käsitletav inimene?,187 cm (6 ft 2 in),187 cm (6 jalga 2 tolli),,,The subject is recorded at 187 cm (6 ft 2 in).,Käsitletava isiku pikkuseks on märgitud 187 cm (6 jalga 2 tolli).,Fanny Chmelar — Wikipedia permanent revision 1367816252,https://en.wikipedia.org/w/index.php?title=Fanny_Chmelar&oldid=1367816252,CC-BY-SA-4.0,2026-08-25,reviewed,true
built-in-sports-games-clue-0143,built-in-sports-games,Sports and Games,built-in-sports-games-set-027,board,round-one,3,medium,winter-sports,Sports & Games: Classic Potpourri,Sport ja mängud: klassikaline popurrii,St. Louis Blues — Which division includes the team in “St. Louis Hockey”?,St. Louis Blues — Millises divisjonis mängib kategoorias „St. Louisi hoki” käsitletav meeskond?,Central,Keskpiirkond,,,Central is the documented division.,Meeskond kuulub divisjoni Keskpiirkond.,St. Louis Blues — Wikipedia permanent revision 1366234373,https://en.wikipedia.org/w/index.php?title=St._Louis_Blues&oldid=1366234373,CC-BY-SA-4.0,2026-08-25,reviewed,true
built-in-sports-games-clue-0149,built-in-sports-games,Sports and Games,built-in-sports-games-set-027,board,round-one,4,medium,winter-sports,Sports & Games: Classic Potpourri,Sport ja mängud: klassikaline popurrii,2014 Winter Olympics — How many nations are associated with the event or competition in “Winter Sports: 2014 Winter Olympics”?,2014 Winter Olympics — Mitu riiki osales kategoorias „Talisport: 2014. aasta taliolümpiamängud” käsitletaval võistlusel?,88,88,,,88 was the nations associated with this event or competition.,Võistlusel osales 88 riiki.,2014 Winter Olympics — Wikipedia permanent revision 1369464724,https://en.wikipedia.org/w/index.php?title=2014_Winter_Olympics&oldid=1369464724,CC-BY-SA-4.0,2026-08-25,reviewed,true
built-in-sports-games-clue-0155,built-in-sports-games,Sports and Games,built-in-sports-games-set-027,board,round-one,5,medium,winter-sports,Sports & Games: Classic Potpourri,Sport ja mängud: klassikaline popurrii,Carpet court — In what year did ATP Tour competitions stop using carpet courts?,Carpet court — Mis aastal lõpetati ATP Touri võistlustel vaibaväljakute kasutamine?,2009,2009,,,The use of carpet courts in ATP Tour competitions ended in 2009.,Vaibaväljakute kasutamine ATP Touri võistlustel lõppes 2009. aastal.,Carpet court — Wikipedia permanent revision 1363680494,https://en.wikipedia.org/w/index.php?title=Carpet_court&oldid=1363680494,CC-BY-SA-4.0,2026-08-25,reviewed,true
built-in-sports-games-clue-0136,built-in-sports-games,Sports and Games,built-in-sports-games-set-028,board,round-one,1,medium,winter-sports,Sports & Games: Classic Challenge,Sport ja mängud: klassikaline väljakutse,Fanny Chmelar — In what year was the person in “Winter Sports: Fanny Chmelar” born?,Fanny Chmelar — Mis aastal sündis kategoorias „Talisport: Fanny Chmelar” käsitletav inimene?,1985,1985,,,The subject was born in 1985.,Käsitletava isiku sünniaasta on 1985.,Fanny Chmelar — Wikipedia permanent revision 1367816252,https://en.wikipedia.org/w/index.php?title=Fanny_Chmelar&oldid=1367816252,CC-BY-SA-4.0,2026-08-25,reviewed,true
built-in-sports-games-clue-0142,built-in-sports-games,Sports and Games,built-in-sports-games-set-028,board,round-one,2,medium,winter-sports,Sports & Games: Classic Challenge,Sport ja mängud: klassikaline väljakutse,St. Louis Blues — Which conference includes the team in “St. Louis Hockey”?,St. Louis Blues — Millises konverentsis mängib kategoorias „St. Louisi hoki” käsitletav meeskond?,Western,Läänepiirkond,,,Western is the documented conference.,Meeskond kuulub konverentsi Läänepiirkond.,St. Louis Blues — Wikipedia permanent revision 1366234373,https://en.wikipedia.org/w/index.php?title=St._Louis_Blues&oldid=1366234373,CC-BY-SA-4.0,2026-08-25,reviewed,true
built-in-sports-games-clue-0148,built-in-sports-games,Sports and Games,built-in-sports-games-set-028,board,round-one,3,medium,winter-sports,Sports & Games: Classic Challenge,Sport ja mängud: klassikaline väljakutse,2014 Winter Olympics — What English-language motto was used for the 2014 Winter Olympics?,2014 Winter Olympics — Millist ingliskeelset motot kasutati 2014. aasta taliolümpiamängudel?,Hot. Cool. Yours.,Kuum. Lahe. Sinu.,,,The 2014 Winter Olympics used the motto “Hot. Cool. Yours.”,"2014. aasta taliolümpiamängudel kasutati motot ""Hot. Cool. Sinu oma.""",2014 Winter Olympics — Wikipedia permanent revision 1369464724,https://en.wikipedia.org/w/index.php?title=2014_Winter_Olympics&oldid=1369464724,CC-BY-SA-4.0,2026-08-25,reviewed,true
built-in-sports-games-clue-0154,built-in-sports-games,Sports and Games,built-in-sports-games-set-028,board,round-one,4,medium,winter-sports,Sports & Games: Classic Challenge,Sport ja mängud: klassikaline väljakutse,Carpet court — Only which tennis-court surface is described as faster than carpet?,Carpet court — Milline tenniseväljakukate on kirjelduse järgi ainus vaibast kiirem kate?,Grass courts,muruväljakud,Grass court,Rohukohus,"Carpet is described as the second-fastest court type, behind grass courts.","Vaip on kiiruselt teine väljakukate, jäädes alla vaid muruväljakule.",Carpet court — Wikipedia permanent revision 1363680494,https://en.wikipedia.org/w/index.php?title=Carpet_court&oldid=1363680494,CC-BY-SA-4.0,2026-08-25,reviewed,true
built-in-sports-games-clue-0160,built-in-sports-games,Sports and Games,built-in-sports-games-set-028,board,round-one,5,medium,winter-sports,Sports & Games: Classic Challenge,Sport ja mängud: klassikaline väljakutse,US Open (tennis) — Which playing surface is associated with the event or competition in “Flushing Meadows Tennis”?,US Open (tennis) — Millist väljakukatet kasutatakse kategoorias „Flushing Meadowsi tennis” käsitletaval võistluspaigal?,Hard,kõvakate,,,The subject uses Hard.,Kasutatav pind on kõvakate.,US Open (tennis) — Wikipedia permanent revision 1371275781,https://en.wikipedia.org/w/index.php?title=US_Open_(tennis)&oldid=1371275781,CC-BY-SA-4.0,2026-08-25,reviewed,true
built-in-sports-games-clue-0141,built-in-sports-games,Sports and Games,built-in-sports-games-set-029,board,round-one,1,medium,winter-sports,Sports & Games: Classic Quiz,Sport ja mängud: klassikaline viktoriin,St. Louis Blues — Which professional NHL team is based in St. Louis?,St. Louis Blues — Milline professionaalne NHL meeskond asub St Louisis?,St. Louis Blues,St. Louis Blues,,,The St. Louis Blues are a National Hockey League team based in St. Louis.,"St. Louis Blues on National Hokiliiga meeskond, mis asub St. Louisis.",St. Louis Blues — Wikipedia permanent revision 1366234373,https://en.wikipedia.org/w/index.php?title=St._Louis_Blues&oldid=1366234373,CC-BY-SA-4.0,2026-08-25,reviewed,true
built-in-sports-games-clue-0147,built-in-sports-games,Sports and Games,built-in-sports-games-set-029,board,round-one,2,medium,winter-sports,Sports & Games: Classic Quiz,Sport ja mängud: klassikaline viktoriin,2014 Winter Olympics — In what country were the 2014 Winter Olympics held in the town of Sochi?,2014 Winter Olympics — Millises riigis peeti Sochi linnas 2014. aasta taliolümpiamänge?,Russia,Venemaa,,,"Sochi, Russia, hosted the 2014 Winter Olympics.",Venemaa Sochi korraldas 2014. aasta taliolümpiamängud.,2014 Winter Olympics — Wikipedia permanent revision 1369464724,https://en.wikipedia.org/w/index.php?title=2014_Winter_Olympics&oldid=1369464724,CC-BY-SA-4.0,2026-08-25,reviewed,true
built-in-sports-games-clue-0153,built-in-sports-games,Sports and Games,built-in-sports-games-set-029,board,round-one,3,medium,winter-sports,Sports & Games: Classic Quiz,Sport ja mängud: klassikaline viktoriin,Carpet court — Which governing body describes carpet as a textile or polymeric court surface?,Carpet court — Milline juhtorgan kirjeldab vaipa tekstiil- või polümeerse pinnana?,International Tennis Federation,Rahvusvaheline Tenniseföderatsioon,ITF,ITF,The International Tennis Federation describes carpet as textile or polymeric material supplied in rolls or sheets.,Rahvusvahelise Tenniseföderatsiooni määratluse järgi on vaip rullide või lehtedena tarnitav tekstiil- või polümeermaterjal.,Carpet court — Wikipedia permanent revision 1363680494,https://en.wikipedia.org/w/index.php?title=Carpet_court&oldid=1363680494,CC-BY-SA-4.0,2026-08-25,reviewed,true
built-in-sports-games-clue-0159,built-in-sports-games,Sports and Games,built-in-sports-games-set-029,board,round-one,4,medium,winter-sports,Sports & Games: Classic Quiz,Sport ja mängud: klassikaline viktoriin,US Open (tennis) — Which Grand Slam tennis tournament is played at the USTA Billie Jean King National Tennis Center in Queens?,US Open (tennis) — Millist Grand Slam tenniseturniiri mängitakse USTA Billie Jean King National Tennise keskuses Queensis?,US Open,US Open,,,The US Open is held at the USTA Billie Jean King National Tennis Center in Queens.,USA Avatud on USTA Billie Jean King National Tennis Center Queensis.,US Open (tennis) — Wikipedia permanent revision 1371275781,https://en.wikipedia.org/w/index.php?title=US_Open_(tennis)&oldid=1371275781,CC-BY-SA-4.0,2026-08-25,reviewed,true
built-in-sports-games-clue-0165,built-in-sports-games,Sports and Games,built-in-sports-games-set-029,board,round-one,5,medium,winter-sports,Sports & Games: Classic Quiz,Sport ja mängud: klassikaline viktoriin,Carlos Sainz Jr. — Which nationality is associated with the person in “A Midseason F1 Move”?,Carlos Sainz Jr. — Mis rahvusest on kategoorias „F1 hooajasisene üleminek” käsitletav inimene?,Spanish,hispaanlane,,,Spanish is the documented nationality.,Käsitletava isiku rahvus on hispaanlane.,Carlos Sainz Jr. — Wikipedia permanent revision 1370167795,https://en.wikipedia.org/w/index.php?title=Carlos_Sainz_Jr.&oldid=1370167795,CC-BY-SA-4.0,2026-08-25,reviewed,true
built-in-sports-games-clue-0146,built-in-sports-games,Sports and Games,built-in-sports-games-set-030,board,round-one,1,medium,winter-sports,Sports & Games: Classic Odds & Ends,Sport ja mängud: klassikaline üht-teist,2014 Winter Olympics — Which location is associated with the event or competition in “Winter Sports: 2014 Winter Olympics”?,2014 Winter Olympics — Millist toimumiskohta seostatakse kategoorias „Talisport: 2014. aasta taliolümpiamängud” käsitletava võistlusega?,Sochi,Sochi,,,The subject is associated with Sochi.,Võistluse toimumiskoht on Sochi.,2014 Winter Olympics — Wikipedia permanent revision 1369464724,https://en.wikipedia.org/w/index.php?title=2014_Winter_Olympics&oldid=1369464724,CC-BY-SA-4.0,2026-08-25,reviewed,true
built-in-sports-games-clue-0152,built-in-sports-games,Sports and Games,built-in-sports-games-set-030,board,round-one,2,medium,winter-sports,Sports & Games: Classic Odds & Ends,Sport ja mängud: klassikaline üht-teist,Carpet court — What type of sports venue can use a carpet surface?,Carpet court — Millist liiki spordiväljak võib olla vaipkattega?,Tennis court,Tenniseväljak,,,A carpet court is a type of tennis court.,Vaibaväljak on üks tenniseväljaku liik.,Carpet court — Wikipedia permanent revision 1363680494,https://en.wikipedia.org/w/index.php?title=Carpet_court&oldid=1363680494,CC-BY-SA-4.0,2026-08-25,reviewed,true
built-in-sports-games-clue-0158,built-in-sports-games,Sports and Games,built-in-sports-games-set-030,board,round-one,3,medium,winter-sports,Sports & Games: Classic Odds & Ends,Sport ja mängud: klassikaline üht-teist,US Open (tennis) — Which venue is recorded for the event or competition in “Flushing Meadows Tennis”?,US Open (tennis) — Millises paigas toimus kategoorias „Flushing Meadowsi tennis” käsitletav võistlus?,USTA Billie Jean King National Tennis Center,USTA Billie Jean King National Tennis Center,,,The subject took place at USTA Billie Jean King National Tennis Center.,Võistlus toimus asukohas USTA Billie Jean King National Tennis Center.,US Open (tennis) — Wikipedia permanent revision 1371275781,https://en.wikipedia.org/w/index.php?title=US_Open_(tennis)&oldid=1371275781,CC-BY-SA-4.0,2026-08-25,reviewed,true
built-in-sports-games-clue-0164,built-in-sports-games,Sports and Games,built-in-sports-games-set-030,board,round-one,4,medium,winter-sports,Sports & Games: Classic Odds & Ends,Sport ja mängud: klassikaline üht-teist,Carlos Sainz Jr. — Name one relative identified for the person in “A Midseason F1 Move”.,Carlos Sainz Jr. — Nimeta üks kategoorias „F1 hooajasisene üleminek” käsitletava inimese sugulane.,Antonio Sainz,Antonio Sainz,,,Antonio Sainz is an identified relative.,Käsitletava isiku sugulane on Antonio Sainz.,Carlos Sainz Jr. — Wikipedia permanent revision 1370167795,https://en.wikipedia.org/w/index.php?title=Carlos_Sainz_Jr.&oldid=1370167795,CC-BY-SA-4.0,2026-08-25,reviewed,true
built-in-sports-games-clue-0085,built-in-sports-games,Sports and Games,built-in-sports-games-set-030,board,round-one,5,medium,winter-sports,Sports & Games: Classic Odds & Ends,Sport ja mängud: klassikaline üht-teist,Wayne Rooney — How tall is the person in “Manchester United Debut Star”?,Wayne Rooney — Kui pikk on kategoorias „Manchester Unitedi debüüttäht” käsitletav inimene?,5 ft 9 in (1.76 m),"5 jalga 9 tolli (1,76 m)",,,The subject is recorded at 5 ft 9 in (1.76 m).,"Käsitletava isiku pikkuseks on märgitud 5 jalga 9 tolli (1,76 m).",Wayne Rooney — Wikipedia permanent revision 1370330101,https://en.wikipedia.org/w/index.php?title=Wayne_Rooney&oldid=1370330101,CC-BY-SA-4.0,2026-08-25,reviewed,true
built-in-sports-games-clue-0151,built-in-sports-games,Sports and Games,built-in-sports-games-set-031,board,round-one,1,medium,racket-sports,Sports & Games: Unexpected Mix,Sport ja mängud: ootamatu segu,"Carpet court — Which tennis surface was once used for events including the ATP Finals, Paris Masters, and Kremlin Cup?","Carpet court — Millist tenniseväljakukatet kasutati kunagi muu hulgas ATP finaalturniiril, Pariisi Mastersil ja Kremli karikavõistlustel?",Carpet court,Vaibaväljak,Carpet;Carpet courts,Vaip;Vaipade kohtud,Several major professional events were once played on carpet courts.,Mitmel suurel profitenniseturniiril mängiti varem vaibaväljakutel.,Carpet court — Wikipedia permanent revision 1363680494,https://en.wikipedia.org/w/index.php?title=Carpet_court&oldid=1363680494,CC-BY-SA-4.0,2026-08-25,reviewed,true
built-in-sports-games-clue-0157,built-in-sports-games,Sports and Games,built-in-sports-games-set-031,board,round-one,2,medium,racket-sports,Sports & Games: Unexpected Mix,Sport ja mängud: ootamatu segu,US Open (tennis) — Which location is associated with the event or competition in “Flushing Meadows Tennis”?,US Open (tennis) — Millist toimumiskohta seostatakse kategoorias „Flushing Meadowsi tennis” käsitletava võistlusega?,Queens,Queens,,,The subject is associated with Queens.,Võistluse toimumiskoht on Queens.,US Open (tennis) — Wikipedia permanent revision 1371275781,https://en.wikipedia.org/w/index.php?title=US_Open_(tennis)&oldid=1371275781,CC-BY-SA-4.0,2026-08-25,reviewed,true
built-in-sports-games-clue-0163,built-in-sports-games,Sports and Games,built-in-sports-games-set-031,board,round-one,3,medium,racket-sports,Sports & Games: Unexpected Mix,Sport ja mängud: ootamatu segu,Carlos Sainz Jr. — Which parent is identified for the person in “A Midseason F1 Move”?,Carlos Sainz Jr. — Milline lapsevanem on isiku puhul identifitseeritud keskhooajal F1 Move'is?,Carlos Sainz Sr.,Carlos Sainz Sr.,,,Carlos Sainz Sr. is the identified parent.,Carlos Sainz Sr. on tuvastatud vanem.,Carlos Sainz Jr. — Wikipedia permanent revision 1370167795,https://en.wikipedia.org/w/index.php?title=Carlos_Sainz_Jr.&oldid=1370167795,CC-BY-SA-4.0,2026-08-25,reviewed,true
built-in-sports-games-clue-0084,built-in-sports-games,Sports and Games,built-in-sports-games-set-031,board,round-one,4,medium,racket-sports,Sports & Games: Unexpected Mix,Sport ja mängud: ootamatu segu,Wayne Rooney — Which place is the birthplace of the person in “Manchester United Debut Star”?,Wayne Rooney — Milline koht on inimese sünnikoht Manchester United Debut Staris?,Liverpool,Liverpool,,,The subject was born in Liverpool.,Käsitletava isiku sünniaasta on Liverpool.,Wayne Rooney — Wikipedia permanent revision 1370330101,https://en.wikipedia.org/w/index.php?title=Wayne_Rooney&oldid=1370330101,CC-BY-SA-4.0,2026-08-25,reviewed,true
built-in-sports-games-clue-0090,built-in-sports-games,Sports and Games,built-in-sports-games-set-031,board,round-one,5,medium,racket-sports,Sports & Games: Unexpected Mix,Sport ja mängud: ootamatu segu,Alan Shearer — Whom did the person in “Premier League Scoring Leader” marry?,Alan Shearer — Kellega abiellus kategoorias „Premier League'i väravakütt” käsitletav inimene?,Lainya Shearer,Lainya Shearer,,,Lainya Shearer is the identified spouse.,Käsitletava isiku abikaasa on Lainya Shearer.,Alan Shearer — Wikipedia permanent revision 1369817175,https://en.wikipedia.org/w/index.php?title=Alan_Shearer&oldid=1369817175,CC-BY-SA-4.0,2026-08-25,reviewed,true
built-in-sports-games-clue-0156,built-in-sports-games,Sports and Games,built-in-sports-games-set-032,board,round-one,1,medium,racket-sports,Sports & Games: Unexpected Medley,Sport ja mängud: ootamatu valik,US Open (tennis) — In what year was the event or competition in “Flushing Meadows Tennis” founded or first held?,US Open (tennis) — Mis aastal korraldati kategoorias „Flushing Meadowsi tennis” käsitletav võistlus esimest korda?,1881,1881,,,The subject dates its beginning to 1881.,Käsitletava üksuse algusaasta on 1881.,US Open (tennis) — Wikipedia permanent revision 1371275781,https://en.wikipedia.org/w/index.php?title=US_Open_(tennis)&oldid=1371275781,CC-BY-SA-4.0,2026-08-25,reviewed,true
built-in-sports-games-clue-0162,built-in-sports-games,Sports and Games,built-in-sports-games-set-032,board,round-one,2,medium,racket-sports,Sports & Games: Unexpected Medley,Sport ja mängud: ootamatu valik,Carlos Sainz Jr. — In what year was the person in “A Midseason F1 Move” born?,Carlos Sainz Jr. — Mis aastal sündis kategoorias „F1 hooajasisene üleminek” käsitletav inimene?,1994,1994,,,The subject was born in 1994.,Käsitletava isiku sünniaasta on 1994.,Carlos Sainz Jr. — Wikipedia permanent revision 1370167795,https://en.wikipedia.org/w/index.php?title=Carlos_Sainz_Jr.&oldid=1370167795,CC-BY-SA-4.0,2026-08-25,reviewed,true
built-in-sports-games-clue-0083,built-in-sports-games,Sports and Games,built-in-sports-games-set-032,board,round-one,3,medium,racket-sports,Sports & Games: Unexpected Medley,Sport ja mängud: ootamatu valik,Wayne Rooney — On what date was the person in “Manchester United Debut Star” born?,Wayne Rooney — Mis kuupäeval sündis inimene Manchester United Debut Staris?,24 October 1985,24. oktoober 1985,,,The subject was born on 24 October 1985.,Käsitletav isik sündis 24. oktoober 1985.,Wayne Rooney — Wikipedia permanent revision 1370330101,https://en.wikipedia.org/w/index.php?title=Wayne_Rooney&oldid=1370330101,CC-BY-SA-4.0,2026-08-25,reviewed,true
built-in-sports-games-clue-0089,built-in-sports-games,Sports and Games,built-in-sports-games-set-032,board,round-one,4,medium,racket-sports,Sports & Games: Unexpected Medley,Sport ja mängud: ootamatu valik,Alan Shearer — How tall is the person in “Premier League Scoring Leader”?,Alan Shearer — Kui pikk on kategoorias „Premier League'i väravakütt” käsitletav inimene?,6 ft 0 in (1.83 m),"6 jalga 0 tolli (1,83 m)",,,The subject is recorded at 6 ft 0 in (1.83 m).,"Käsitletava isiku pikkuseks on märgitud 6 jalga 0 tolli (1,83 m).",Alan Shearer — Wikipedia permanent revision 1369817175,https://en.wikipedia.org/w/index.php?title=Alan_Shearer&oldid=1369817175,CC-BY-SA-4.0,2026-08-25,reviewed,true
built-in-sports-games-clue-0095,built-in-sports-games,Sports and Games,built-in-sports-games-set-032,board,round-one,5,medium,racket-sports,Sports & Games: Unexpected Medley,Sport ja mängud: ootamatu valik,England national football team records and statistics — Which tournament did England primarily contest in the decades after its first internationals?,England national football team records and statistics — Milline turniir Inglismaal peamiselt võistelda aastakümneid pärast oma esimese rahvusvahelise?,British Home Championship,Briti kodumeistrivõistlused,,,England primarily competed in the British Home Championship during those decades.,Inglismaa konkureeris peamiselt Briti kodumeistrivõistlustel nende aastakümnete jooksul.,England national football team records and statistics — Wikipedia permanent revision 1368838184,https://en.wikipedia.org/w/index.php?title=England_national_football_team_records_and_statistics&oldid=1368838184,CC-BY-SA-4.0,2026-08-25,reviewed,true
built-in-sports-games-clue-0161,built-in-sports-games,Sports and Games,built-in-sports-games-set-033,board,round-one,1,medium,motorsport,Sports & Games: Unexpected Tour,Sport ja mängud: ootamatu ringkäik,Carlos Sainz Jr. — Which Formula 1 driver switched teams in the middle of the 2017 season?,Carlos Sainz Jr. — Milline vormel 1 sõitja vahetas 2017. aasta hooaja keskel meeskonda?,Carlos Sainz Jr.,Carlos Sainz Jr.,,,Carlos Sainz Jr. moved from Toro Rosso to Renault during the 2017 Formula One season.,Carlos Sainz juunior siirdus 2017. aasta vormelihooajal Toro Rossost Renault’sse.,Carlos Sainz Jr. — Wikipedia permanent revision 1370167795,https://en.wikipedia.org/w/index.php?title=Carlos_Sainz_Jr.&oldid=1370167795,CC-BY-SA-4.0,2026-08-25,reviewed,true
built-in-sports-games-clue-0082,built-in-sports-games,Sports and Games,built-in-sports-games-set-033,board,round-one,2,medium,motorsport,Sports & Games: Unexpected Tour,Sport ja mängud: ootamatu ringkäik,Wayne Rooney — What is the full name of the person in “Manchester United Debut Star”?,Wayne Rooney — Mis on kategoorias „Manchester Unitedi debüüttäht” käsitletava inimese täisnimi?,Wayne Mark Rooney,Wayne Mark Rooney,,,Wayne Mark Rooney is the subject’s full name.,Käsitletava isiku täisnimi on Wayne Mark Rooney.,Wayne Rooney — Wikipedia permanent revision 1370330101,https://en.wikipedia.org/w/index.php?title=Wayne_Rooney&oldid=1370330101,CC-BY-SA-4.0,2026-08-25,reviewed,true
built-in-sports-games-clue-0088,built-in-sports-games,Sports and Games,built-in-sports-games-set-033,board,round-one,3,medium,motorsport,Sports & Games: Unexpected Tour,Sport ja mängud: ootamatu ringkäik,Alan Shearer — Which broadcasting role did Alan Shearer take up after his playing career?,Alan Shearer — Millist ringhäälingurolli Alan Shearer peale oma karjääri alustas?,Football pundit,jalgpalliekspert,Footballer,Jalgpallur,"After retiring as a footballer, Alan Shearer became a football pundit.",Pärast pensionile jäämist sai Alan Shearerist jalgpallur.,Alan Shearer — Wikipedia permanent revision 1369817175,https://en.wikipedia.org/w/index.php?title=Alan_Shearer&oldid=1369817175,CC-BY-SA-4.0,2026-08-25,reviewed,true
built-in-sports-games-clue-0094,built-in-sports-games,Sports and Games,built-in-sports-games-set-033,board,round-one,4,medium,motorsport,Sports & Games: Unexpected Tour,Sport ja mängud: ootamatu ringkäik,England national football team records and statistics — What milestone followed England’s 1870 representative international two years later?,England national football team records and statistics — Milline verstapost järgnes Inglismaal 1870. aastal rahvusvahelise esindajana kaks aastat hiljem?,first officially-recognised match,esimene ametlikult tunnustatud matš,,,England played its first officially recognised match two years after the 1870 representative international.,Inglismaa mängis oma esimese ametlikult tunnustatud mängu kaks aastat pärast 1870 esindaja rahvusvaheline.,England national football team records and statistics — Wikipedia permanent revision 1368838184,https://en.wikipedia.org/w/index.php?title=England_national_football_team_records_and_statistics&oldid=1368838184,CC-BY-SA-4.0,2026-08-25,reviewed,true
built-in-sports-games-clue-0100,built-in-sports-games,Sports and Games,built-in-sports-games-set-033,board,round-one,5,medium,motorsport,Sports & Games: Unexpected Tour,Sport ja mängud: ootamatu ringkäik,Everton F.C. — Which ground does the club in “Merseyside Club” use?,Everton F.C. — Millist staadioni kasutab kategoorias „Merseyside'i klubi” käsitletav klubi?,Hill Dickinson Stadium,Hill Dickinson Stadium,,,Hill Dickinson Stadium is the club’s ground.,Hill Dickinson Staadion on klubi maa.,Everton F.C. — Wikipedia permanent revision 1369354263,https://en.wikipedia.org/w/index.php?title=Everton_F.C.&oldid=1369354263,CC-BY-SA-4.0,2026-08-25,reviewed,true
built-in-sports-games-clue-0166,built-in-sports-games,Sports and Games,built-in-sports-games-set-034,board,round-one,1,hard,association-football,Sports & Games: Unexpected Grab Bag,Sport ja mängud: ootamatu üllatuskott,Etihad Stadium — Etihad Stadium is the home stadium for which team?,Etihad Stadium — Etihadi staadion on kodustaadion millisele meeskonnale?,Manchester City,Manchester City,,,Manchester City plays its home matches at the Etihad Stadium.,Manchester City mängib oma kodumatše Etihadi staadionil.,Etihad Stadium — Wikipedia permanent revision 1370885658,https://en.wikipedia.org/w/index.php?title=Etihad_Stadium&oldid=1370885658,CC-BY-SA-4.0,2026-08-25,reviewed,true
built-in-sports-games-clue-0172,built-in-sports-games,Sports and Games,built-in-sports-games-set-034,board,round-one,2,hard,association-football,Sports & Games: Unexpected Grab Bag,Sport ja mängud: ootamatu üllatuskott,Kenenisa Bekele — What is the full name of the person in “Athletics: Kenenisa Bekele”?,Kenenisa Bekele — Mis on kategoorias „Kergejõustik: Kenenisa Bekele” käsitletava inimese täisnimi?,Kenenisa Bekele Beyecha,Kenenisa Bekele Beyecha,,,Kenenisa Bekele Beyecha is the subject’s full name.,Käsitletava isiku täisnimi on Kenenisa Bekele Beyecha.,Kenenisa Bekele — Wikipedia permanent revision 1370162515,https://en.wikipedia.org/w/index.php?title=Kenenisa_Bekele&oldid=1370162515,CC-BY-SA-4.0,2026-08-25,reviewed,true
built-in-sports-games-clue-0178,built-in-sports-games,Sports and Games,built-in-sports-games-set-034,board,round-one,3,hard,association-football,Sports & Games: Unexpected Grab Bag,Sport ja mängud: ootamatu üllatuskott,Curling — Give one nickname associated with “Winter Sports: Curling”.,Curling — Millise hüüdnimega tuntakse kurlingut?,Chess On Ice,Chess On Ice,,,Chess On Ice is one of the documented nicknames.,„Chess on Ice” on üks kurlingu hüüdnimedest.,Curling — Wikipedia permanent revision 1368990535,https://en.wikipedia.org/w/index.php?title=Curling&oldid=1368990535,CC-BY-SA-4.0,2026-08-25,reviewed,true
built-in-sports-games-clue-0184,built-in-sports-games,Sports and Games,built-in-sports-games-set-034,board,round-one,4,hard,association-football,Sports & Games: Unexpected Grab Bag,Sport ja mängud: ootamatu üllatuskott,Peter Fleming (tennis) — Where did the player in “McEnroe’s Doubles Partner” reside?,Peter Fleming (tennis) — Kus asus McEnroe paarispartner?,Wimbledon,Wimbledon,,,Wimbledon is the documented residence.,Wimbledon on dokumenteeritud residents.,Peter Fleming (tennis) — Wikipedia permanent revision 1356081703,https://en.wikipedia.org/w/index.php?title=Peter_Fleming_(tennis)&oldid=1356081703,CC-BY-SA-4.0,2026-08-25,reviewed,true
built-in-sports-games-clue-0190,built-in-sports-games,Sports and Games,built-in-sports-games-set-034,board,round-one,5,hard,association-football,Sports & Games: Unexpected Grab Bag,Sport ja mängud: ootamatu üllatuskott,Mazda 787B — Which model preceded the car in “A Rotary Le Mans Winner”?,Mazda 787B — Milline mudel eelnes autole Rotary Le Mans Winner'is?,Mazda 767B,Mazda 767B,,,Mazda 767B was its predecessor.,Mazda 767B oli selle eelkäija.,Mazda 787B — Wikipedia permanent revision 1370525015,https://en.wikipedia.org/w/index.php?title=Mazda_787B&oldid=1370525015,CC-BY-SA-4.0,2026-08-25,reviewed,true
built-in-sports-games-clue-0171,built-in-sports-games,Sports and Games,built-in-sports-games-set-035,board,round-one,1,hard,athletics,Sports & Games: Unexpected Roundup,Sport ja mängud: ootamatu ülevaade,Kenenisa Bekele — What is Kenenisa Bekele’s marathon personal best?,Kenenisa Bekele — Milline on Kenenisa Bekele isiklik rekord maratonis?,2:01:41,2:01:41,,,Kenenisa Bekele ran a marathon personal best of 2:01:41 in Berlin in 2019.,"Kenenisa Bekele jooksis 2019. aastal Berliinis maratoni ajaga 2:01:41, mis on tema isiklik rekord.",Kenenisa Bekele — Wikipedia permanent revision 1370162515,https://en.wikipedia.org/w/index.php?title=Kenenisa_Bekele&oldid=1370162515,CC-BY-SA-4.0,2026-08-25,reviewed,true
built-in-sports-games-clue-0177,built-in-sports-games,Sports and Games,built-in-sports-games-set-035,board,round-one,2,hard,athletics,Sports & Games: Unexpected Roundup,Sport ja mängud: ootamatu ülevaade,Curling — Which governing body is associated with the event or competition in “Winter Sports: Curling”?,"Curling — Milline juhtorgan on seotud ürituse või võistlusega ""Talvesport: Curling""?",World Curling Federation,World Curling Federation,,,World Curling Federation is a listed governing body.,World Curling Federation on selle spordiala juhtorgan.,Curling — Wikipedia permanent revision 1368990535,https://en.wikipedia.org/w/index.php?title=Curling&oldid=1368990535,CC-BY-SA-4.0,2026-08-25,reviewed,true
built-in-sports-games-clue-0183,built-in-sports-games,Sports and Games,built-in-sports-games-set-035,board,round-one,3,hard,athletics,Sports & Games: Unexpected Roundup,Sport ja mängud: ootamatu ülevaade,Peter Fleming (tennis) — Which country did the player in “McEnroe’s Doubles Partner” represent?,Peter Fleming (tennis) — Millise riigi esindaja oli McEnroe paarispartner?,United States,Ameerika Ühendriigid,,,United States is the represented country.,Ameerika Ühendriigid on esindatud riik.,Peter Fleming (tennis) — Wikipedia permanent revision 1356081703,https://en.wikipedia.org/w/index.php?title=Peter_Fleming_(tennis)&oldid=1356081703,CC-BY-SA-4.0,2026-08-25,reviewed,true
built-in-sports-games-clue-0189,built-in-sports-games,Sports and Games,built-in-sports-games-set-035,board,round-one,4,hard,athletics,Sports & Games: Unexpected Roundup,Sport ja mängud: ootamatu ülevaade,Mazda 787B — Who designed the Mazda 787B?,Mazda 787B — Kes kavandas Mazda 787B?,Nigel Stroud,Nigel Stroud,,,Nigel Stroud designed the Mazda 787B.,Nigel Stroud disainis Mazda 787B.,Mazda 787B — Wikipedia permanent revision 1370525015,https://en.wikipedia.org/w/index.php?title=Mazda_787B&oldid=1370525015,CC-BY-SA-4.0,2026-08-25,reviewed,true
built-in-sports-games-clue-0195,built-in-sports-games,Sports and Games,built-in-sports-games-set-035,board,round-one,5,hard,athletics,Sports & Games: Unexpected Roundup,Sport ja mängud: ootamatu ülevaade,2018 Formula One World Championship — Which organization governs international Formula One competition?,2018 Formula One World Championship — Milline organisatsioon juhib rahvusvahelist vormelivõistlust?,Fédération Internationale de l'Automobile (FIA),Fédération Internationale de l'Automobile (FIA),,,"The Fédération Internationale de l’Automobile, or FIA, governs Formula One.",Fédération Internationale de l’Automobile ehk FIA juhib vormelit.,2018 Formula One World Championship — Wikipedia permanent revision 1356550949,https://en.wikipedia.org/w/index.php?title=2018_Formula_One_World_Championship&oldid=1356550949,CC-BY-SA-4.0,2026-08-25,reviewed,true
built-in-sports-games-clue-0176,built-in-sports-games,Sports and Games,built-in-sports-games-set-036,board,round-one,1,hard,winter-sports,Sports & Games: Unexpected Sampler,Sport ja mängud: ootamatu proovivalik,Curling — What tool gives its name to the last-stone advantage in a curling end?,"Curling — Milline tööriist on andnud nime eelisele, mis kuulub kurlinguvooru viimase kivi viskajale?",Hammer,Haamer,,,The team with the final stone in a curling end is said to have the hammer.,Kurlinguvoorus viimase kivi viskaval võistkonnal öeldakse olevat haamer.,Curling — Wikipedia permanent revision 1368990535,https://en.wikipedia.org/w/index.php?title=Curling&oldid=1368990535,CC-BY-SA-4.0,2026-08-25,reviewed,true
built-in-sports-games-clue-0182,built-in-sports-games,Sports and Games,built-in-sports-games-set-036,board,round-one,2,hard,winter-sports,Sports & Games: Unexpected Sampler,Sport ja mängud: ootamatu proovivalik,Peter Fleming (tennis) — What is the full name of the person in “McEnroe’s Doubles Partner”?,Peter Fleming (tennis) — Mis on kategoorias „McEnroe paarismängupartner” käsitletava inimese täisnimi?,Peter Blair Fleming,Peter Blair Fleming,,,Peter Blair Fleming is the subject’s full name.,Käsitletava isiku täisnimi on Peter Blair Fleming.,Peter Fleming (tennis) — Wikipedia permanent revision 1356081703,https://en.wikipedia.org/w/index.php?title=Peter_Fleming_(tennis)&oldid=1356081703,CC-BY-SA-4.0,2026-08-25,reviewed,true
built-in-sports-games-clue-0188,built-in-sports-games,Sports and Games,built-in-sports-games-set-036,board,round-one,3,hard,winter-sports,Sports & Games: Unexpected Sampler,Sport ja mängud: ootamatu proovivalik,Mazda 787B — The Mazda 787B won the 24 Hours of Le Mans in what year?,Mazda 787B — Mazda 787B võitis 24 tundi Le Mans mis aastal?,1991,1991,,,The Mazda 787B won the 24 Hours of Le Mans in 1991.,Mazda 787B võitis 24 tundi Le Mans 1991.,Mazda 787B — Wikipedia permanent revision 1370525015,https://en.wikipedia.org/w/index.php?title=Mazda_787B&oldid=1370525015,CC-BY-SA-4.0,2026-08-25,reviewed,true
built-in-sports-games-clue-0194,built-in-sports-games,Sports and Games,built-in-sports-games-set-036,board,round-one,4,hard,winter-sports,Sports & Games: Unexpected Sampler,Sport ja mängud: ootamatu proovivalik,2018 Formula One World Championship — The FIA is the international governing body of what activity?,2018 Formula One World Championship — Milline rahvusvaheline juhtorgan on FIA?,motorsport,motosport,,,The FIA is the international governing body of motorsport.,FIA on rahvusvaheline mootorisadama juhtorgan.,2018 Formula One World Championship — Wikipedia permanent revision 1356550949,https://en.wikipedia.org/w/index.php?title=2018_Formula_One_World_Championship&oldid=1356550949,CC-BY-SA-4.0,2026-08-25,reviewed,true
built-in-sports-games-clue-0200,built-in-sports-games,Sports and Games,built-in-sports-games-set-036,board,round-one,5,hard,winter-sports,Sports & Games: Unexpected Sampler,Sport ja mängud: ootamatu proovivalik,Horse racing — Which equipment item is associated with the sport in “The Sport of Kings”?,Horse racing — Millist varustust kasutatakse kategoorias „Kuningate sport” käsitletaval spordialal?,horse tack,ratsavarustus,,,horse tack is a listed equipment item.,Hobusetack on loetletud varustuse objekt.,Horse racing — Wikipedia permanent revision 1368777699,https://en.wikipedia.org/w/index.php?title=Horse_racing&oldid=1368777699,CC-BY-SA-4.0,2026-08-25,reviewed,true
built-in-sports-games-clue-0181,built-in-sports-games,Sports and Games,built-in-sports-games-set-037,board,round-one,1,hard,racket-sports,Sports & Games: Unexpected Potpourri,Sport ja mängud: ootamatu popurrii,Peter Fleming (tennis) — With which doubles partner did John McEnroe have most success?,Peter Fleming (tennis) — Millise paarilisega John McEnroe kõige edukam oli?,Peter Fleming,Peter Fleming,,,Peter Fleming formed John McEnroe’s most successful men’s doubles partnership.,"Peter Fleming lõi John McEnroe'i kõige edukamad mehed, kes paarismängu teevad.",Peter Fleming (tennis) — Wikipedia permanent revision 1356081703,https://en.wikipedia.org/w/index.php?title=Peter_Fleming_(tennis)&oldid=1356081703,CC-BY-SA-4.0,2026-08-25,reviewed,true
built-in-sports-games-clue-0187,built-in-sports-games,Sports and Games,built-in-sports-games-set-037,board,round-one,2,hard,racket-sports,Sports & Games: Unexpected Potpourri,Sport ja mängud: ootamatu popurrii,Mazda 787B — Which constructor built the car in “A Rotary Le Mans Winner”?,Mazda 787B — Milline ehitaja ehitas auto Rotary Le Mans võitjale?,Mazda,Mazda,,,Mazda is the documented constructor.,Mazda on dokumenteeritud ehitaja.,Mazda 787B — Wikipedia permanent revision 1370525015,https://en.wikipedia.org/w/index.php?title=Mazda_787B&oldid=1370525015,CC-BY-SA-4.0,2026-08-25,reviewed,true
built-in-sports-games-clue-0193,built-in-sports-games,Sports and Games,built-in-sports-games-set-037,board,round-one,3,hard,racket-sports,Sports & Games: Unexpected Potpourri,Sport ja mängud: ootamatu popurrii,"2018 Formula One World Championship — In 2018, which championship reached its 69th season?",2018 Formula One World Championship — Mis meistrivõistlused jõudsid 2018. aastal 69. hooajani?,Formula One World Championship,vormeli maailmameistrivõistlused,,,It was the 69th Formula One World Championship.,Need olid vormeli maailmameistrivõistluste 69. hooaeg.,2018 Formula One World Championship — Wikipedia permanent revision 1356550949,https://en.wikipedia.org/w/index.php?title=2018_Formula_One_World_Championship&oldid=1356550949,CC-BY-SA-4.0,2026-08-25,reviewed,true
built-in-sports-games-clue-0199,built-in-sports-games,Sports and Games,built-in-sports-games-set-037,board,round-one,4,hard,racket-sports,Sports & Games: Unexpected Potpourri,Sport ja mängud: ootamatu popurrii,Horse racing — Is the sport in “The Sport of Kings” held indoors or outdoors?,Horse racing — Kas spordiala Kings'i Sport on siseruumides või väljas?,Outdoor,Välitingimustes,,,Outdoor is the documented setting.,Sündmuspaigaks on Välitingimustes.,Horse racing — Wikipedia permanent revision 1368777699,https://en.wikipedia.org/w/index.php?title=Horse_racing&oldid=1368777699,CC-BY-SA-4.0,2026-08-25,reviewed,true
built-in-sports-games-clue-0205,built-in-sports-games,Sports and Games,built-in-sports-games-set-037,board,round-one,5,hard,racket-sports,Sports & Games: Unexpected Potpourri,Sport ja mängud: ootamatu popurrii,TrackMania (2003 video game) — Who composed music for the video game in “Motorsport: TrackMania”?,TrackMania (2003 video game) — Kes komponeeris kategoorias „Autosport: TrackMania” käsitletava videomängu muusika?,Henri-Pierre Pellegrin,Henri-Pierre Pellegrin,,,Henri-Pierre Pellegrin holds the music credit.,Henri-Pierre Pellegrin on selle videomängu helilooja.,TrackMania (2003 video game) — Wikipedia permanent revision 1348518212,https://en.wikipedia.org/w/index.php?title=TrackMania_(2003_video_game)&oldid=1348518212,CC-BY-SA-4.0,2026-08-25,reviewed,true
built-in-sports-games-clue-0186,built-in-sports-games,Sports and Games,built-in-sports-games-set-038,board,round-one,1,hard,motorsport,Sports & Games: Unexpected Challenge,Sport ja mängud: ootamatu väljakutse,Mazda 787B — In which racing category did the car in “A Rotary Le Mans Winner” compete?,Mazda 787B — Millises võidusõidu kategoorias võistles auto Rotary Le Mans Winner'is?,Group C,C rühm,,,Group C is the documented category.,Grupp C on dokumenteeritud kategooria.,Mazda 787B — Wikipedia permanent revision 1370525015,https://en.wikipedia.org/w/index.php?title=Mazda_787B&oldid=1370525015,CC-BY-SA-4.0,2026-08-25,reviewed,true
built-in-sports-games-clue-0192,built-in-sports-games,Sports and Games,built-in-sports-games-set-038,board,round-one,2,hard,motorsport,Sports & Games: Unexpected Challenge,Sport ja mängud: ootamatu väljakutse,2018 Formula One World Championship — The machines used throughout the 2018 championship belonged to which racing class?,"2018 Formula One World Championship — Masinad, mida kasutatakse kogu 2018 meistrivõistlustel, kuulusid millisesse võidusõiduklassi?",Formula One cars,vormelautod,,,Formula One cars contested the 2018 championship.,Vormelautod võistlesid 2018. aasta meistrivõistlustel.,2018 Formula One World Championship — Wikipedia permanent revision 1356550949,https://en.wikipedia.org/w/index.php?title=2018_Formula_One_World_Championship&oldid=1356550949,CC-BY-SA-4.0,2026-08-25,reviewed,true
built-in-sports-games-clue-0198,built-in-sports-games,Sports and Games,built-in-sports-games-set-038,board,round-one,3,hard,motorsport,Sports & Games: Unexpected Challenge,Sport ja mängud: ootamatu väljakutse,Horse racing — Is the sport in “The Sport of Kings” a contact sport?,Horse racing — Kas kategoorias „Kuningate sport” käsitletav spordiala on kontaktspordiala?,Yes,Jah,,,"Yes, it involves contact.","Jah, see hõlmab kontakti.",Horse racing — Wikipedia permanent revision 1368777699,https://en.wikipedia.org/w/index.php?title=Horse_racing&oldid=1368777699,CC-BY-SA-4.0,2026-08-25,reviewed,true
built-in-sports-games-clue-0204,built-in-sports-games,Sports and Games,built-in-sports-games-set-038,board,round-one,4,hard,motorsport,Sports & Games: Unexpected Challenge,Sport ja mängud: ootamatu väljakutse,TrackMania (2003 video game) — Who directed the video game in “Motorsport: TrackMania”?,TrackMania (2003 video game) — Kes lavastas kategoorias „Autosport: TrackMania” käsitletava videomängu?,Florent Castelnérac,Florent Castelnérac,,,Florent Castelnérac is the credited director.,Florent Castelnérac on selle videomängu lavastaja.,TrackMania (2003 video game) — Wikipedia permanent revision 1348518212,https://en.wikipedia.org/w/index.php?title=TrackMania_(2003_video_game)&oldid=1348518212,CC-BY-SA-4.0,2026-08-25,reviewed,true
built-in-sports-games-clue-0210,built-in-sports-games,Sports and Games,built-in-sports-games-set-038,board,round-one,5,hard,motorsport,Sports & Games: Unexpected Challenge,Sport ja mängud: ootamatu väljakutse,Wyvern (card game) — How much chance does the Wyvern card game involve?,Wyvern (card game) — Kui suur roll on Wyvernis juhusel?,Some chance,teatud määral õnne,Some,Mõned,Wyvern’s game summary describes its role for chance as “some.”,"Wyverni mängukirjeldus märgib, et juhusel on mängus teatav roll.",Wyvern (card game) — Wikipedia permanent revision 1325964974,https://en.wikipedia.org/w/index.php?title=Wyvern_(card_game)&oldid=1325964974,CC-BY-SA-4.0,2026-08-25,reviewed,true
built-in-sports-games-clue-0191,built-in-sports-games,Sports and Games,built-in-sports-games-set-039,board,round-one,1,hard,motorsport,Sports & Games: Unexpected Quiz,Sport ja mängud: ootamatu viktoriin,2018 Formula One World Championship — At which race was the 2018 F1 Drivers Championship won?,2018 Formula One World Championship — Millisel võistlusel võitis 2018 F1 Drivers Championship?,Mexico,Mehhiko,,,Lewis Hamilton secured the 2018 drivers’ title at the Mexican Grand Prix.,Lewis Hamilton kindlustas 2018. aasta juhtide tiitli Mehhiko Grand Prix'l.,2018 Formula One World Championship — Wikipedia permanent revision 1356550949,https://en.wikipedia.org/w/index.php?title=2018_Formula_One_World_Championship&oldid=1356550949,CC-BY-SA-4.0,2026-08-25,reviewed,true
built-in-sports-games-clue-0197,built-in-sports-games,Sports and Games,built-in-sports-games-set-039,board,round-one,2,hard,motorsport,Sports & Games: Unexpected Quiz,Sport ja mängud: ootamatu viktoriin,Horse racing — Which governing body is associated with the sport in “The Sport of Kings”?,Horse racing — Milline juhtorgan korraldab kategoorias „Kuningate sport” käsitletavat spordiala?,International Federation of Horseracing Authorities,Rahvusvaheline Ratsutamise Ametiasutuste Föderatsioon,,,International Federation of Horseracing Authorities is a listed governing body.,Rahvusvaheline Ratsutamise Ametiasutuste Föderatsioon on selle spordiala juhtorgan.,Horse racing — Wikipedia permanent revision 1368777699,https://en.wikipedia.org/w/index.php?title=Horse_racing&oldid=1368777699,CC-BY-SA-4.0,2026-08-25,reviewed,true
built-in-sports-games-clue-0203,built-in-sports-games,Sports and Games,built-in-sports-games-set-039,board,round-one,3,hard,motorsport,Sports & Games: Unexpected Quiz,Sport ja mängud: ootamatu viktoriin,TrackMania (2003 video game) — Name a publisher associated with the video game in “Motorsport: TrackMania”.,TrackMania (2003 video game) — Nimeta üks kategoorias „Autosport: TrackMania” käsitletava videomängu kirjastaja.,Focus Home Interactive,Focus Home Interactive,Digital Jesters;Enlight,Digitaalne Jesters;Valgusta,Focus Home Interactive is among the documented publishers.,Focus Home Interactive on üks selle videomängu kirjastajatest.,TrackMania (2003 video game) — Wikipedia permanent revision 1348518212,https://en.wikipedia.org/w/index.php?title=TrackMania_(2003_video_game)&oldid=1348518212,CC-BY-SA-4.0,2026-08-25,reviewed,true
built-in-sports-games-clue-0209,built-in-sports-games,Sports and Games,built-in-sports-games-set-039,board,round-one,4,hard,motorsport,Sports & Games: Unexpected Quiz,Sport ja mängud: ootamatu viktoriin,Wyvern (card game) — About how long does a game of “1990s Trading Card Games” take?,Wyvern (card game) — Kui kaua kestab üks kategooria „1990. aastate kauplemiskaardimängud” mäng ligikaudu?,Approx 30 min,Umbes 30 minutit,,,A game takes Approx 30 min.,Mäng kestab umbes 30 minutit.,Wyvern (card game) — Wikipedia permanent revision 1325964974,https://en.wikipedia.org/w/index.php?title=Wyvern_(card_game)&oldid=1325964974,CC-BY-SA-4.0,2026-08-25,reviewed,true
built-in-sports-games-clue-0215,built-in-sports-games,Sports and Games,built-in-sports-games-set-039,board,round-one,5,hard,motorsport,Sports & Games: Unexpected Quiz,Sport ja mängud: ootamatu viktoriin,Pandemic (board game) — When was the tabletop game in “Board and Card Games: Pandemic” first published?,Pandemic (board game) — Millal avaldati esimest korda kategoorias „Lauamängud: Pandemic” käsitletav lauamäng?,2008,2008,,,It was published in 2008.,Lauamäng avaldati 2008. aastal.,Pandemic (board game) — Wikipedia permanent revision 1364069249,https://en.wikipedia.org/w/index.php?title=Pandemic_(board_game)&oldid=1364069249,CC-BY-SA-4.0,2026-08-25,reviewed,true
built-in-sports-games-clue-0196,built-in-sports-games,Sports and Games,built-in-sports-games-set-040,board,round-one,1,hard,traditional-sports,Sports & Games: Unexpected Odds & Ends,Sport ja mängud: ootamatu üht-teist,"Horse racing — Which sport, often nicknamed the Sport of Kings, contests races between horses?","Horse racing — Milline spordiala, mida sageli nimetatakse Kuningate Spordiks, võitleb võidusõiduga hobuste vahel?",Horse Racing,Hobuste võidusõit,,,Horse racing is traditionally nicknamed the Sport of Kings.,Hobuste võidusõit on traditsiooniliselt hüüdnimega Sport of Kings.,Horse racing — Wikipedia permanent revision 1368777699,https://en.wikipedia.org/w/index.php?title=Horse_racing&oldid=1368777699,CC-BY-SA-4.0,2026-08-25,reviewed,true
built-in-sports-games-clue-0202,built-in-sports-games,Sports and Games,built-in-sports-games-set-040,board,round-one,2,hard,traditional-sports,Sports & Games: Unexpected Odds & Ends,Sport ja mängud: ootamatu üht-teist,TrackMania (2003 video game) — Which developer is credited for the video game in “Motorsport: TrackMania”?,TrackMania (2003 video game) — Milline arendaja on seotud kategoorias „Autosport: TrackMania” käsitletava videomänguga?,Nadeo,Nadeo,,,Nadeo is the credited developer.,Nadeo on selle videomängu arendaja.,TrackMania (2003 video game) — Wikipedia permanent revision 1348518212,https://en.wikipedia.org/w/index.php?title=TrackMania_(2003_video_game)&oldid=1348518212,CC-BY-SA-4.0,2026-08-25,reviewed,true
built-in-sports-games-clue-0208,built-in-sports-games,Sports and Games,built-in-sports-games-set-040,board,round-one,3,hard,traditional-sports,Sports & Games: Unexpected Odds & Ends,Sport ja mängud: ootamatu üht-teist,Wyvern (card game) — Name a publisher associated with the tabletop game in “1990s Trading Card Games”.,Wyvern (card game) — Milline ettevõte andis välja kategooria „1990. aastate kauplemiskaardimängud” kaardimängu Wyvern?,U.S. Games Systems,U.S. Games Systems,,,U.S. Games Systems is among the documented publishers.,U.S. Games Systems oli üks Wyverni kirjastajatest.,Wyvern (card game) — Wikipedia permanent revision 1325964974,https://en.wikipedia.org/w/index.php?title=Wyvern_(card_game)&oldid=1325964974,CC-BY-SA-4.0,2026-08-25,reviewed,true
built-in-sports-games-clue-0214,built-in-sports-games,Sports and Games,built-in-sports-games-set-040,board,round-one,4,hard,traditional-sports,Sports & Games: Unexpected Odds & Ends,Sport ja mängud: ootamatu üht-teist,Pandemic (board game) — Which publisher released the cooperative board game Pandemic?,Pandemic (board game) — Milline kirjastaja vabastas ühistu lauamäng Pandemic?,Z-Man Games,Z-Man Games,Κάισσα;Hobby Japan,Κάισσα;Hobi Jaapan,Z-Man Games published Pandemic.,Z-Man Games avaldatud Pandemic.,Pandemic (board game) — Wikipedia permanent revision 1364069249,https://en.wikipedia.org/w/index.php?title=Pandemic_(board_game)&oldid=1364069249,CC-BY-SA-4.0,2026-08-25,reviewed,true
built-in-sports-games-clue-0220,built-in-sports-games,Sports and Games,built-in-sports-games-set-040,board,round-one,5,hard,traditional-sports,Sports & Games: Unexpected Odds & Ends,Sport ja mängud: ootamatu üht-teist,"Magic: The Gathering core sets, 2009–2015 — Name a developer credited for the tabletop game in “Board and Card Games: Magic: The Gathering core sets, 2009–2015”.","Magic: The Gathering core sets, 2009–2015 — Nimeta lauamängu „Magic: The Gathering põhikomplektid, 2009–2015“ üks arendaja.",Tom LaPille,Tom LaPille,,,Tom LaPille is credited as a developer.,Tom LaPille on üks selle videomängu arendajatest.,"Magic: The Gathering core sets, 2009–2015 — Wikipedia permanent revision 1367436582",https://en.wikipedia.org/w/index.php?title=Magic%3A_The_Gathering_core_sets%2C_2009%E2%80%932015&oldid=1367436582,CC-BY-SA-4.0,2026-08-25,reviewed,true
built-in-sports-games-clue-0201,built-in-sports-games,Sports and Games,built-in-sports-games-set-041,board,round-one,1,hard,motorsport,Sports & Games: Worldwide Mix,Sport ja mängud: maailma segu,TrackMania (2003 video game) — In what year was the original TrackMania video game first released?,TrackMania (2003 video game) — Mis aastal oli originaal TrackMania video mäng esmakordselt välja?,2003,2003,,,The original TrackMania was first released in 2003.,Algne TrackMania ilmus esmakordselt 2003. aastal.,TrackMania (2003 video game) — Wikipedia permanent revision 1348518212,https://en.wikipedia.org/w/index.php?title=TrackMania_(2003_video_game)&oldid=1348518212,CC-BY-SA-4.0,2026-08-25,reviewed,true
built-in-sports-games-clue-0207,built-in-sports-games,Sports and Games,built-in-sports-games-set-041,board,round-one,2,hard,motorsport,Sports & Games: Worldwide Mix,Sport ja mängud: maailma segu,Wyvern (card game) — Name a designer credited for the tabletop game in “1990s Trading Card Games”.,Wyvern (card game) — Kes kujundas kategooria „1990. aastate kauplemiskaardimängud” kaardimängu Wyvern?,Mike Fitzgerald,Mike Fitzgerald,,,Mike Fitzgerald appears among the designers.,Mike Fitzgerald on üks selle mängu kujundajatest.,Wyvern (card game) — Wikipedia permanent revision 1325964974,https://en.wikipedia.org/w/index.php?title=Wyvern_(card_game)&oldid=1325964974,CC-BY-SA-4.0,2026-08-25,reviewed,true
built-in-sports-games-clue-0213,built-in-sports-games,Sports and Games,built-in-sports-games-set-041,board,round-one,3,hard,motorsport,Sports & Games: Worldwide Mix,Sport ja mängud: maailma segu,Pandemic (board game) — Which illustrator supplied graphics or artwork for “Board and Card Games: Pandemic”?,Pandemic (board game) — Milline illustraator tarninud graafika või kunsti  Board ja kaardimängud: Pandemic'?,Joshua Cappel (graphics and illustration),Joshua Cappel (joonised ja illustratsioonid),,,Joshua Cappel (graphics and illustration) is among its credited illustrators.,Joshua Cappel (joonised ja illustraatorid) on üks selle krediteeritud illustraatoritest.,Pandemic (board game) — Wikipedia permanent revision 1364069249,https://en.wikipedia.org/w/index.php?title=Pandemic_(board_game)&oldid=1364069249,CC-BY-SA-4.0,2026-08-25,reviewed,true
built-in-sports-games-clue-0219,built-in-sports-games,Sports and Games,built-in-sports-games-set-041,board,round-one,4,hard,motorsport,Sports & Games: Worldwide Mix,Sport ja mängud: maailma segu,"Magic: The Gathering core sets, 2009–2015 — Name a designer credited for the tabletop game in “Board and Card Games: Magic: The Gathering core sets, 2009–2015”.","Magic: The Gathering core sets, 2009–2015 — Nimeta lauamängu „Magic: The Gathering põhikomplektid, 2009–2015“ üks disainer.",Mark Rosewater,Mark Rosewater,,,Mark Rosewater appears among the designers.,Mark Rosewater on üks selle mängu kujundajatest.,"Magic: The Gathering core sets, 2009–2015 — Wikipedia permanent revision 1367436582",https://en.wikipedia.org/w/index.php?title=Magic%3A_The_Gathering_core_sets%2C_2009%E2%80%932015&oldid=1367436582,CC-BY-SA-4.0,2026-08-25,reviewed,true
built-in-sports-games-clue-0225,built-in-sports-games,Sports and Games,built-in-sports-games-set-041,board,round-one,5,hard,motorsport,Sports & Games: Worldwide Mix,Sport ja mängud: maailma segu,Japanese mahjong — What alternative name combines its ready-hand term with the name of the tile game?,Japanese mahjong — Milline alternatiivne nimi ühendab oma valmis-käelise termini plaadimängu nimega?,riichi mahjong,riichi mahjong,rīchi mājan,rīchi mājan,The ruleset is also known as riichi mahjong.,Reeglid on tuntud ka kui Riichi Mahjong.,Japanese mahjong — Wikipedia permanent revision 1370038095,https://en.wikipedia.org/w/index.php?title=Japanese_mahjong&oldid=1370038095,CC-BY-SA-4.0,2026-08-25,reviewed,true
built-in-sports-games-clue-0206,built-in-sports-games,Sports and Games,built-in-sports-games-set-042,board,round-one,1,hard,board-card-games,Sports & Games: Worldwide Medley,Sport ja mängud: maailma valik,Wyvern (card game) — Cards from “Fallen Empires” were misprinted on the backs of which other card game?,Wyvern (card game) — Millise teise kaardimängu tagakülgedele trükiti ekslikult Fallen Empiresi kaartide esiküljed?,Wyvern,Wyvern,,,A printing error paired Fallen Empires card fronts with Wyvern card backs.,Trükivea tõttu ühendati Fallen Empiresi kaartide esiküljed Wyverni kaartide tagakülgedega.,Wyvern (card game) — Wikipedia permanent revision 1325964974,https://en.wikipedia.org/w/index.php?title=Wyvern_(card_game)&oldid=1325964974,CC-BY-SA-4.0,2026-08-25,reviewed,true
built-in-sports-games-clue-0212,built-in-sports-games,Sports and Games,built-in-sports-games-set-042,board,round-one,2,hard,board-card-games,Sports & Games: Worldwide Medley,Sport ja mängud: maailma valik,Pandemic (board game) — Who designed the cooperative disease-fighting game Pandemic?,Pandemic (board game) — Kes kujundas ühistu haiguste vastu võitlemise mäng Pandemic?,Matt Leacock,Matt Leacock,,,Matt Leacock designed Pandemic.,Matt Leacock disainis Pandemicu.,Pandemic (board game) — Wikipedia permanent revision 1364069249,https://en.wikipedia.org/w/index.php?title=Pandemic_(board_game)&oldid=1364069249,CC-BY-SA-4.0,2026-08-25,reviewed,true
built-in-sports-games-clue-0218,built-in-sports-games,Sports and Games,built-in-sports-games-set-042,board,round-one,3,hard,board-card-games,Sports & Games: Worldwide Medley,Sport ja mängud: maailma valik,"Magic: The Gathering core sets, 2009–2015 — How many cards are in the Magic 2010 core set?","Magic: The Gathering core sets, 2009–2015 — Mitu kaarti on Magic 2010 tuum komplektis?",249 cards,249 kaarti,249,249,The Magic 2010 core set contains 249 cards.,Maagia 2010 tuumkomplekt sisaldab 249 kaarti.,"Magic: The Gathering core sets, 2009–2015 — Wikipedia permanent revision 1367436582",https://en.wikipedia.org/w/index.php?title=Magic%3A_The_Gathering_core_sets%2C_2009%E2%80%932015&oldid=1367436582,CC-BY-SA-4.0,2026-08-25,reviewed,true
built-in-sports-games-clue-0224,built-in-sports-games,Sports and Games,built-in-sports-games-set-042,board,round-one,4,hard,board-card-games,Sports & Games: Worldwide Medley,Sport ja mängud: maailma valik,Japanese mahjong — What do you declare in Rīchi Mahjong when you've drawn your winning tile?,"Japanese mahjong — Mida sa Rīchi Mahjongis deklareerid, kui oled joonistanud oma võitnud plaadi?",Tsumo,Tsumo,,,A player declares tsumo after drawing a tile that completes a winning hand.,"Mängija deklareerib tsumot pärast joonistamist kivi, mis lõpetab võitnud käsi.",Japanese mahjong — Wikipedia permanent revision 1370038095,https://en.wikipedia.org/w/index.php?title=Japanese_mahjong&oldid=1370038095,CC-BY-SA-4.0,2026-08-25,reviewed,true
built-in-sports-games-clue-0230,built-in-sports-games,Sports and Games,built-in-sports-games-set-042,board,round-one,5,hard,board-card-games,Sports & Games: Worldwide Medley,Sport ja mängud: maailma valik,Tom Vasel — Name a notable work associated with the person in “Board Game Media”.,Tom Vasel — Nimetage isikuga seotud märkimisväärne töö Board Game Media's.,The Dice Tower podcast and YouTube channel,The Dice Tower podcast and YouTube channel,,,The Dice Tower podcast and YouTube channel is an identified notable work.,Dice Tower podcast ja YouTube kanal on tuvastatud märkimisväärne töö.,Tom Vasel — Wikipedia permanent revision 1341174420,https://en.wikipedia.org/w/index.php?title=Tom_Vasel&oldid=1341174420,CC-BY-SA-4.0,2026-08-25,reviewed,true
built-in-sports-games-clue-0211,built-in-sports-games,Sports and Games,built-in-sports-games-set-043,board,round-one,1,hard,board-card-games,Sports & Games: Worldwide Tour,Sport ja mängud: maailma ringkäik,"Pandemic (board game) — What style of board game is Pandemic, in which players work together to cure four diseases?","Pandemic (board game) — Mis stiilis lauamäng on Pandemic, kus mängijad töötavad koos, et ravida neli haigust?",A cooperative board game,Kooperatiivne lauamäng,Cooperative game,Koostöömäng,Pandemic is a cooperative board game in which players work together against four diseases.,"Pandemic on ühistu lauamäng, kus mängijad töötavad koos nelja haiguse vastu.",Pandemic (board game) — Wikipedia permanent revision 1364069249,https://en.wikipedia.org/w/index.php?title=Pandemic_(board_game)&oldid=1364069249,CC-BY-SA-4.0,2026-08-25,reviewed,true
built-in-sports-games-clue-0217,built-in-sports-games,Sports and Games,built-in-sports-games-set-043,board,round-one,2,hard,board-card-games,Sports & Games: Worldwide Tour,Sport ja mängud: maailma ringkäik,"Magic: The Gathering core sets, 2009–2015 — When was the tabletop game in “Board and Card Games: Magic: The Gathering core sets, 2009–2015” released?","Magic: The Gathering core sets, 2009–2015 — Millal ilmus lauamäng „Magic: The Gathering põhikomplektid, 2009–2015“?","July 17, 2009",17. juuli 2009,,,"The subject was released in July 17, 2009.",Teema avaldati 17. juulil 2009.,"Magic: The Gathering core sets, 2009–2015 — Wikipedia permanent revision 1367436582",https://en.wikipedia.org/w/index.php?title=Magic%3A_The_Gathering_core_sets%2C_2009%E2%80%932015&oldid=1367436582,CC-BY-SA-4.0,2026-08-25,reviewed,true
built-in-sports-games-clue-0223,built-in-sports-games,Sports and Games,built-in-sports-games-set-043,board,round-one,3,hard,board-card-games,Sports & Games: Worldwide Tour,Sport ja mängud: maailma ringkäik,Japanese mahjong — This national ruleset is a variant of which tile game?,Japanese mahjong — See riiklik reeglistik on variant millisest plaadimängust?,mahjong,mahjong,,,It is a variant of mahjong.,See on mahjongi variant.,Japanese mahjong — Wikipedia permanent revision 1370038095,https://en.wikipedia.org/w/index.php?title=Japanese_mahjong&oldid=1370038095,CC-BY-SA-4.0,2026-08-25,reviewed,true
built-in-sports-games-clue-0229,built-in-sports-games,Sports and Games,built-in-sports-games-set-043,board,round-one,4,hard,board-card-games,Sports & Games: Worldwide Tour,Sport ja mängud: maailma ringkäik,Tom Vasel — What is the person in “Board Game Media” best known for?,Tom Vasel — Mille poolest on isik Board Game Media?,Founder and host of The Dice Tower,The Dice Toweri asutaja ja saatejuht,,,Founder and host of The Dice Tower is the documented claim to fame.,Dice Toweri asutaja ja võõrustaja on dokumenteeritud kuulsus.,Tom Vasel — Wikipedia permanent revision 1341174420,https://en.wikipedia.org/w/index.php?title=Tom_Vasel&oldid=1341174420,CC-BY-SA-4.0,2026-08-25,reviewed,true
built-in-sports-games-clue-0235,built-in-sports-games,Sports and Games,built-in-sports-games-set-043,board,round-one,5,hard,board-card-games,Sports & Games: Worldwide Tour,Sport ja mängud: maailma ringkäik,Scrabble — Who first published Scrabble commercially in 1948?,Scrabble — Kes avaldas Scrabble'i esmakordselt 1948. aastal?,James Brunot,James Brunot,,,James Brunot first published Scrabble commercially in 1948.,James Brunot esmakordselt avaldatud Scrabble kaubanduslikult 1948.,Scrabble — Wikipedia permanent revision 1369780993,https://en.wikipedia.org/w/index.php?title=Scrabble&oldid=1369780993,CC-BY-SA-4.0,2026-08-25,reviewed,true
built-in-sports-games-clue-0216,built-in-sports-games,Sports and Games,built-in-sports-games-set-044,board,round-one,1,hard,board-card-games,Sports & Games: Worldwide Grab Bag,Sport ja mängud: maailma üllatuskott,"Magic: The Gathering core sets, 2009–2015 — Which 2015 release was the last Magic: The Gathering core set before Wizards temporarily stopped producing core sets?","Magic: The Gathering core sets, 2009–2015 — Milline 2015 vabastamist oli viimane Magic: Kogumise tuum seatud enne Wizards ajutiselt peatada tootmise tuum komplekti?",Magic Origins,Magic Origins,Origins,Päritolu,Magic Origins was the 2015 core set after which Wizards paused core-set production.,"Magic Origins oli 2015. aasta tuum, mille järel võlurid peatasid tuum-komplekti tootmise.","Magic: The Gathering core sets, 2009–2015 — Wikipedia permanent revision 1367436582",https://en.wikipedia.org/w/index.php?title=Magic%3A_The_Gathering_core_sets%2C_2009%E2%80%932015&oldid=1367436582,CC-BY-SA-4.0,2026-08-25,reviewed,true
built-in-sports-games-clue-0222,built-in-sports-games,Sports and Games,built-in-sports-games-set-044,board,round-one,2,hard,board-card-games,Sports & Games: Worldwide Grab Bag,Sport ja mängud: maailma üllatuskott,Japanese mahjong — Which romanization system renders its title as “Mājan”?,Japanese mahjong — Milline romantikasüsteem muudab selle tiitliks?,Hepburn,Hepburn,,,The title Mājan is given in Hepburn romanization.,Pealkiri Mājan on antud Hepburn romaniseerimise.,Japanese mahjong — Wikipedia permanent revision 1370038095,https://en.wikipedia.org/w/index.php?title=Japanese_mahjong&oldid=1370038095,CC-BY-SA-4.0,2026-08-25,reviewed,true
built-in-sports-games-clue-0228,built-in-sports-games,Sports and Games,built-in-sports-games-set-044,board,round-one,3,hard,board-card-games,Sports & Games: Worldwide Grab Bag,Sport ja mängud: maailma üllatuskott,Tom Vasel — In what year did the career described in “Board Game Media” begin?,"Tom Vasel — Mis aastal algas karjäär, mida kirjeldati Board Game Media?",2002,2002,,,The documented career began in 2002.,Dokumenteeritud karjäär algas 2002. aastal.,Tom Vasel — Wikipedia permanent revision 1341174420,https://en.wikipedia.org/w/index.php?title=Tom_Vasel&oldid=1341174420,CC-BY-SA-4.0,2026-08-25,reviewed,true
built-in-sports-games-clue-0234,built-in-sports-games,Sports and Games,built-in-sports-games-set-044,board,round-one,4,hard,board-card-games,Sports & Games: Worldwide Grab Bag,Sport ja mängud: maailma üllatuskott,Scrabble — When was the tabletop game in “Board and Card Games: Scrabble” first published?,Scrabble — Millal avaldati esimest korda kategoorias „Laua- ja kaardimängud: Scrabble” käsitletav lauamäng?,1948,1948,,,It was published in 1948.,Lauamäng avaldati 1948. aastal.,Scrabble — Wikipedia permanent revision 1369780993,https://en.wikipedia.org/w/index.php?title=Scrabble&oldid=1369780993,CC-BY-SA-4.0,2026-08-25,reviewed,true
built-in-sports-games-clue-0240,built-in-sports-games,Sports and Games,built-in-sports-games-set-044,board,round-one,5,hard,board-card-games,Sports & Games: Worldwide Grab Bag,Sport ja mängud: maailma üllatuskott,Mirage (Magic: The Gathering) — Which additional mechanic appears in “Board and Card Games: Mirage”?,Mirage (Magic: The Gathering) — Milline täiendav mehaanik ilmub  Board ja kaardimängud: Mirage'?,Poison,Mürk,,,Poison is one of its mechanics.,Mürk on üks selle mehaanikast.,Mirage (Magic: The Gathering) — Wikipedia permanent revision 1353991102,https://en.wikipedia.org/w/index.php?title=Mirage_(Magic%3A_The_Gathering)&oldid=1353991102,CC-BY-SA-4.0,2026-08-25,reviewed,true
built-in-sports-games-clue-0221,built-in-sports-games,Sports and Games,built-in-sports-games-set-045,board,round-one,1,hard,board-card-games,Sports & Games: Worldwide Roundup,Sport ja mängud: maailma ülevaade,Japanese mahjong — Which nationality gives its name to this ruleset?,Japanese mahjong — Milline rahvus annab sellele reeglistikule oma nime?,Japanese,Jaapani,,,It is the Japanese ruleset.,See on Jaapani reeglid.,Japanese mahjong — Wikipedia permanent revision 1370038095,https://en.wikipedia.org/w/index.php?title=Japanese_mahjong&oldid=1370038095,CC-BY-SA-4.0,2026-08-25,reviewed,true
built-in-sports-games-clue-0227,built-in-sports-games,Sports and Games,built-in-sports-games-set-045,board,round-one,2,hard,board-card-games,Sports & Games: Worldwide Roundup,Sport ja mängud: maailma ülevaade,Tom Vasel — Name an occupation associated with the person in “Board Game Media”.,Tom Vasel — Nimetage isikuga seotud amet aadressil Board Game Media.,Podcaster,taskuhäälingujuht,,,Podcaster is an identified occupation.,Podcaster on tuvastatud amet.,Tom Vasel — Wikipedia permanent revision 1341174420,https://en.wikipedia.org/w/index.php?title=Tom_Vasel&oldid=1341174420,CC-BY-SA-4.0,2026-08-25,reviewed,true
built-in-sports-games-clue-0233,built-in-sports-games,Sports and Games,built-in-sports-games-set-045,board,round-one,3,hard,board-card-games,Sports & Games: Worldwide Roundup,Sport ja mängud: maailma ülevaade,Scrabble — Which architect designed the letter-tile game Scrabble?,Scrabble — Milline arhitekt kujundas täht-tille mängu Scrabble?,Alfred Mosher Butts,Alfred Mosher Butts,,,Architect Alfred Mosher Butts designed Scrabble.,Arhitekt Alfred Mosher Butts disainis Scrabble'i.,Scrabble — Wikipedia permanent revision 1369780993,https://en.wikipedia.org/w/index.php?title=Scrabble&oldid=1369780993,CC-BY-SA-4.0,2026-08-25,reviewed,true
built-in-sports-games-clue-0239,built-in-sports-games,Sports and Games,built-in-sports-games-set-045,board,round-one,4,hard,board-card-games,Sports & Games: Worldwide Roundup,Sport ja mängud: maailma ülevaade,Mirage (Magic: The Gathering) — Which keyword mechanics appear in “Board and Card Games: Mirage”?,Mirage (Magic: The Gathering) — Milline märksõna mehaanika ilmuvad  Board ja kaardimängud: Mirage'i?,"Flanking, phasing","flanking, phasing",,,"Flanking, phasing are the documented keywords.","Lahkamine, järkjärguline on dokumenteeritud märksõnad.",Mirage (Magic: The Gathering) — Wikipedia permanent revision 1353991102,https://en.wikipedia.org/w/index.php?title=Mirage_(Magic%3A_The_Gathering)&oldid=1353991102,CC-BY-SA-4.0,2026-08-25,reviewed,true
built-in-sports-games-clue-0245,built-in-sports-games,Sports and Games,built-in-sports-games-set-045,board,round-one,5,hard,board-card-games,Sports & Games: Worldwide Roundup,Sport ja mängud: maailma ülevaade,Ace Attorney Investigations: Miles Edgeworth — Who designed the video game in “A Prosecutor’s Investigation”?,Ace Attorney Investigations: Miles Edgeworth — Kes kujundas videomängu Prokuröri juurdluses?,Yuki Nakamura,Yuki Nakamura,,,Yuki Nakamura is credited as a designer.,Yuki Nakamurat peetakse disaineriks.,Ace Attorney Investigations: Miles Edgeworth — Wikipedia permanent revision 1358959606,https://en.wikipedia.org/w/index.php?title=Ace_Attorney_Investigations%3A_Miles_Edgeworth&oldid=1358959606,CC-BY-SA-4.0,2026-08-25,reviewed,true
built-in-sports-games-clue-0226,built-in-sports-games,Sports and Games,built-in-sports-games-set-046,board,round-one,1,hard,board-card-games,Sports & Games: Worldwide Sampler,Sport ja mängud: maailma proovivalik,Tom Vasel — The Dice Tower network of board game podcasts and videos is run by which individual?,Tom Vasel — Milline üksikisik juhib Dice Toweri lauamängude podcastide ja videote võrgustikku?,Tom Vasel,Tom Vasel,,,Tom Vasel hosted The Dice Tower and became a prominent board-game reviewer.,Tom Vasel võõrustas Dice Towerit ja temast sai silmapaistev lauamängu retsensent.,Tom Vasel — Wikipedia permanent revision 1341174420,https://en.wikipedia.org/w/index.php?title=Tom_Vasel&oldid=1341174420,CC-BY-SA-4.0,2026-08-25,reviewed,true
built-in-sports-games-clue-0232,built-in-sports-games,Sports and Games,built-in-sports-games-set-046,board,round-one,2,hard,board-card-games,Sports & Games: Worldwide Sampler,Sport ja mängud: maailma proovivalik,Scrabble — Name a manufacturer of the tabletop game in “Board and Card Games: Scrabble”.,Scrabble — Nimetage tahvelarvuti tootja Board ja kaardimängud: Scrabble.,Hasbro,Hasbro,Mattel,Mattel,Hasbro is among its manufacturers.,Hasbro kuulub oma tootjate hulka.,Scrabble — Wikipedia permanent revision 1369780993,https://en.wikipedia.org/w/index.php?title=Scrabble&oldid=1369780993,CC-BY-SA-4.0,2026-08-25,reviewed,true
built-in-sports-games-clue-0238,built-in-sports-games,Sports and Games,built-in-sports-games-set-046,board,round-one,3,hard,board-card-games,Sports & Games: Worldwide Sampler,Sport ja mängud: maailma proovivalik,Mirage (Magic: The Gathering) — How many cards are in the physical Mirage set?,Mirage (Magic: The Gathering) — Mitu kaarti on füüsilises Mirage'is?,350 cards,350 kaarti,350,350,The physical Mirage set contains 350 cards.,Füüsiline Mirage komplekt sisaldab 350 kaarti.,Mirage (Magic: The Gathering) — Wikipedia permanent revision 1353991102,https://en.wikipedia.org/w/index.php?title=Mirage_(Magic%3A_The_Gathering)&oldid=1353991102,CC-BY-SA-4.0,2026-08-25,reviewed,true
built-in-sports-games-clue-0244,built-in-sports-games,Sports and Games,built-in-sports-games-set-046,board,round-one,4,hard,board-card-games,Sports & Games: Worldwide Sampler,Sport ja mängud: maailma proovivalik,Ace Attorney Investigations: Miles Edgeworth — Who produced the video game in “A Prosecutor’s Investigation”?,Ace Attorney Investigations: Miles Edgeworth — Kes tootis kategoorias „Prokuröri uurimine” käsitletava videomängu?,Motohide Eshiro,Motohide Eshiro,,,Motohide Eshiro is the credited producer.,Motohide Eshiro on selle videomängu produtsent.,Ace Attorney Investigations: Miles Edgeworth — Wikipedia permanent revision 1358959606,https://en.wikipedia.org/w/index.php?title=Ace_Attorney_Investigations%3A_Miles_Edgeworth&oldid=1358959606,CC-BY-SA-4.0,2026-08-25,reviewed,true
built-in-sports-games-clue-0250,built-in-sports-games,Sports and Games,built-in-sports-games-set-046,board,round-one,5,hard,board-card-games,Sports & Games: Worldwide Sampler,Sport ja mängud: maailma proovivalik,Fire Emblem Fates — Name a producer credited for the video game in “Video Game History: Fire Emblem Fates”.,Fire Emblem Fates — Nimeta üks kategoorias „Videomängude ajalugu: Fire Emblem Fates” käsitletava videomängu produtsent.,Masahiro Higuchi,Masahiro Higuchi,,,Masahiro Higuchi is among the producers.,Masahiro Higuchi on üks selle videomängu produtsentidest.,Fire Emblem Fates — Wikipedia permanent revision 1362260187,https://en.wikipedia.org/w/index.php?title=Fire_Emblem_Fates&oldid=1362260187,CC-BY-SA-4.0,2026-08-25,reviewed,true
built-in-sports-games-clue-0231,built-in-sports-games,Sports and Games,built-in-sports-games-set-047,board,round-one,1,hard,board-card-games,Sports & Games: Worldwide Potpourri,Sport ja mängud: maailma popurrii,Scrabble — How many tiles are in a standard English-language Scrabble set?,Scrabble — Mitu plaati on standardses ingliskeelses sõnamängukomplektis?,100,100,One hundred,Sada,A standard English-language Scrabble set contains 100 tiles: 98 letters and two blanks.,Standardses ingliskeelses Scrabble komplektis on 100 plaati: 98 tähte ja kaks tühikut.,Scrabble — Wikipedia permanent revision 1369780993,https://en.wikipedia.org/w/index.php?title=Scrabble&oldid=1369780993,CC-BY-SA-4.0,2026-08-25,reviewed,true
built-in-sports-games-clue-0237,built-in-sports-games,Sports and Games,built-in-sports-games-set-047,board,round-one,2,hard,board-card-games,Sports & Games: Worldwide Potpourri,Sport ja mängud: maailma popurrii,Mirage (Magic: The Gathering) — When was the physical Mirage card set first released?,Mirage (Magic: The Gathering) — Millal anti välja füüsiline Mirage'i kaart?,October 1996,Oktoober 1996,1996,1996,Mirage was first released as a physical card set in October 1996.,Mirage ilmus esmakordselt 1996. aasta oktoobris füüsilise kaardina.,Mirage (Magic: The Gathering) — Wikipedia permanent revision 1353991102,https://en.wikipedia.org/w/index.php?title=Mirage_(Magic%3A_The_Gathering)&oldid=1353991102,CC-BY-SA-4.0,2026-08-25,reviewed,true
built-in-sports-games-clue-0243,built-in-sports-games,Sports and Games,built-in-sports-games-set-047,board,round-one,3,hard,board-card-games,Sports & Games: Worldwide Potpourri,Sport ja mängud: maailma popurrii,Ace Attorney Investigations: Miles Edgeworth — Who directed the video game in “A Prosecutor’s Investigation”?,Ace Attorney Investigations: Miles Edgeworth — Kes lavastas kategoorias „Prokuröri uurimine” käsitletava videomängu?,Takeshi Yamazaki,Takeshi Yamazaki,,,Takeshi Yamazaki is the credited director.,Takeshi Yamazaki on selle videomängu lavastaja.,Ace Attorney Investigations: Miles Edgeworth — Wikipedia permanent revision 1358959606,https://en.wikipedia.org/w/index.php?title=Ace_Attorney_Investigations%3A_Miles_Edgeworth&oldid=1358959606,CC-BY-SA-4.0,2026-08-25,reviewed,true
built-in-sports-games-clue-0249,built-in-sports-games,Sports and Games,built-in-sports-games-set-047,board,round-one,4,hard,board-card-games,Sports & Games: Worldwide Potpourri,Sport ja mängud: maailma popurrii,Fire Emblem Fates — Name a director credited for the video game in “Video Game History: Fire Emblem Fates”.,Fire Emblem Fates — Nimeta üks kategoorias „Videomängude ajalugu: Fire Emblem Fates” käsitletava videomängu lavastaja.,Kouhei Maeda,Kouhei Maeda,,,Kouhei Maeda is among the directors.,Kouhei Maeda on üks selle videomängu lavastajatest.,Fire Emblem Fates — Wikipedia permanent revision 1362260187,https://en.wikipedia.org/w/index.php?title=Fire_Emblem_Fates&oldid=1362260187,CC-BY-SA-4.0,2026-08-25,reviewed,true
built-in-sports-games-clue-0170,built-in-sports-games,Sports and Games,built-in-sports-games-set-047,board,round-one,5,hard,board-card-games,Sports & Games: Worldwide Potpourri,Sport ja mängud: maailma popurrii,Etihad Stadium — Who owns the Etihad Stadium?,Etihad Stadium — Kellele kuulub Etihadi staadion?,Manchester City Council,Manchesteri linnavolikogu,,,Manchester City Council owns the Etihad Stadium.,Manchesteri linnavolikogule kuulub Etihadi staadion.,Etihad Stadium — Wikipedia permanent revision 1370885658,https://en.wikipedia.org/w/index.php?title=Etihad_Stadium&oldid=1370885658,CC-BY-SA-4.0,2026-08-25,reviewed,true
built-in-sports-games-clue-0236,built-in-sports-games,Sports and Games,built-in-sports-games-set-048,board,round-one,1,hard,board-card-games,Sports & Games: Worldwide Challenge,Sport ja mängud: maailma väljakutse,Mirage (Magic: The Gathering) — Which expansion completes the Mirage block after Mirage and Visions?,Mirage (Magic: The Gathering) — Milline laienemine lõpetab Mirage'i bloki pärast Mirage'i ja Visionsi?,Weatherlight,Weatherlight,,,Weatherlight followed Mirage and Visions to complete the Mirage block.,Ilmavalgus järgnes Mirage ja Visions lõpule Mirage blokk.,Mirage (Magic: The Gathering) — Wikipedia permanent revision 1353991102,https://en.wikipedia.org/w/index.php?title=Mirage_(Magic%3A_The_Gathering)&oldid=1353991102,CC-BY-SA-4.0,2026-08-25,reviewed,true
built-in-sports-games-clue-0242,built-in-sports-games,Sports and Games,built-in-sports-games-set-048,board,round-one,2,hard,board-card-games,Sports & Games: Worldwide Challenge,Sport ja mängud: maailma väljakutse,Ace Attorney Investigations: Miles Edgeworth — Which developer is credited for the video game in “A Prosecutor’s Investigation”?,Ace Attorney Investigations: Miles Edgeworth — Milline arendaja on seotud kategoorias „Prokuröri uurimine” käsitletava videomänguga?,Capcom,Capcom,,,Capcom is the credited developer.,Capcom on selle videomängu arendaja.,Ace Attorney Investigations: Miles Edgeworth — Wikipedia permanent revision 1358959606,https://en.wikipedia.org/w/index.php?title=Ace_Attorney_Investigations%3A_Miles_Edgeworth&oldid=1358959606,CC-BY-SA-4.0,2026-08-25,reviewed,true
built-in-sports-games-clue-0248,built-in-sports-games,Sports and Games,built-in-sports-games-set-048,board,round-one,3,hard,board-card-games,Sports & Games: Worldwide Challenge,Sport ja mängud: maailma väljakutse,Fire Emblem Fates — Which publisher is associated with the video game in “Video Game History: Fire Emblem Fates”?,Fire Emblem Fates — Milline kirjastaja on seotud kategoorias „Videomängude ajalugu: Fire Emblem Fates” käsitletava videomänguga?,Nintendo,Nintendo,,,Nintendo is the documented publisher.,Nintendo on selle videomängu kirjastaja.,Fire Emblem Fates — Wikipedia permanent revision 1362260187,https://en.wikipedia.org/w/index.php?title=Fire_Emblem_Fates&oldid=1362260187,CC-BY-SA-4.0,2026-08-25,reviewed,true
built-in-sports-games-clue-0169,built-in-sports-games,Sports and Games,built-in-sports-games-set-048,board,round-one,4,hard,board-card-games,Sports & Games: Worldwide Challenge,Sport ja mängud: maailma väljakutse,Etihad Stadium — Which location is associated with the stadium in “Association Football: Etihad Stadium”?,Etihad Stadium — Milline asukoht on seotud staadioniga Jalgpall: Etihad Staadion?,Etihad Campus,Etihad Campus,,,The subject is associated with Etihad Campus.,Võistluse toimumiskoht on Etihad Campus.,Etihad Stadium — Wikipedia permanent revision 1370885658,https://en.wikipedia.org/w/index.php?title=Etihad_Stadium&oldid=1370885658,CC-BY-SA-4.0,2026-08-25,reviewed,true
built-in-sports-games-clue-0175,built-in-sports-games,Sports and Games,built-in-sports-games-set-048,board,round-one,5,hard,board-card-games,Sports & Games: Worldwide Challenge,Sport ja mängud: maailma väljakutse,Kenenisa Bekele — How tall is the person in “Athletics: Kenenisa Bekele”?,Kenenisa Bekele — Kui pikk on kategoorias „Kergejõustik: Kenenisa Bekele” käsitletav inimene?,165 cm (5 ft 5 in),165 cm (5 jalga 5 tolli),,,The subject is recorded at 165 cm (5 ft 5 in).,Käsitletava isiku pikkuseks on märgitud 165 cm (5 jalga 5 tolli).,Kenenisa Bekele — Wikipedia permanent revision 1370162515,https://en.wikipedia.org/w/index.php?title=Kenenisa_Bekele&oldid=1370162515,CC-BY-SA-4.0,2026-08-25,reviewed,true
built-in-sports-games-clue-0241,built-in-sports-games,Sports and Games,built-in-sports-games-set-049,board,round-one,1,hard,video-game-history,Sports & Games: Worldwide Quiz,Sport ja mängud: maailma viktoriin,Ace Attorney Investigations: Miles Edgeworth — Which prosecutor is the player-controlled lead of Ace Attorney Investigations?,Ace Attorney Investigations: Miles Edgeworth — Milline prokurör on Ace'i prokuratuuri juht?,Miles Edgeworth,Miles Edgeworth,Edgeworth,Edgeworth,Players control prosecutor Miles Edgeworth in Ace Attorney Investigations.,Mängijad kontrollivad prokurör Miles Edgeworth'i Ace Advokaadibüroos.,Ace Attorney Investigations: Miles Edgeworth — Wikipedia permanent revision 1358959606,https://en.wikipedia.org/w/index.php?title=Ace_Attorney_Investigations%3A_Miles_Edgeworth&oldid=1358959606,CC-BY-SA-4.0,2026-08-25,reviewed,true
built-in-sports-games-clue-0247,built-in-sports-games,Sports and Games,built-in-sports-games-set-049,board,round-one,2,hard,video-game-history,Sports & Games: Worldwide Quiz,Sport ja mängud: maailma viktoriin,Fire Emblem Fates — Which developer is credited for the video game in “Video Game History: Fire Emblem Fates”?,Fire Emblem Fates — Milline arendaja on seotud kategoorias „Videomängude ajalugu: Fire Emblem Fates” käsitletava videomänguga?,Intelligent Systems,Intelligent Systems,,,Intelligent Systems is the credited developer.,Intelligent Systems on selle videomängu arendaja.,Fire Emblem Fates — Wikipedia permanent revision 1362260187,https://en.wikipedia.org/w/index.php?title=Fire_Emblem_Fates&oldid=1362260187,CC-BY-SA-4.0,2026-08-25,reviewed,true
built-in-sports-games-clue-0168,built-in-sports-games,Sports and Games,built-in-sports-games-set-049,board,round-one,3,hard,video-game-history,Sports & Games: Worldwide Quiz,Sport ja mängud: maailma viktoriin,Etihad Stadium — At what address is the venue or club in “Association Football: Etihad Stadium” located?,Etihad Stadium — Mis aadressil asub kategoorias „Jalgpall: Etihad Stadium” käsitletav staadion või klubi?,Ashton New Road,Ashton New Road,,,Its documented address is Ashton New Road.,Asukoha aadress on Ashton New Road.,Etihad Stadium — Wikipedia permanent revision 1370885658,https://en.wikipedia.org/w/index.php?title=Etihad_Stadium&oldid=1370885658,CC-BY-SA-4.0,2026-08-25,reviewed,true
built-in-sports-games-clue-0174,built-in-sports-games,Sports and Games,built-in-sports-games-set-049,board,round-one,4,hard,video-game-history,Sports & Games: Worldwide Quiz,Sport ja mängud: maailma viktoriin,Kenenisa Bekele — In what year was the person in “Athletics: Kenenisa Bekele” born?,Kenenisa Bekele — Mis aastal sündis kategoorias „Kergejõustik: Kenenisa Bekele” käsitletav inimene?,1982,1982,,,The subject was born in 1982.,Käsitletava isiku sünniaasta on 1982.,Kenenisa Bekele — Wikipedia permanent revision 1370162515,https://en.wikipedia.org/w/index.php?title=Kenenisa_Bekele&oldid=1370162515,CC-BY-SA-4.0,2026-08-25,reviewed,true
built-in-sports-games-clue-0180,built-in-sports-games,Sports and Games,built-in-sports-games-set-049,board,round-one,5,hard,video-game-history,Sports & Games: Worldwide Quiz,Sport ja mängud: maailma viktoriin,Curling — Is the sport in “Winter Sports: Curling” a contact sport?,Curling — Kas kategoorias „Talisport: kurling” käsitletav spordiala on kontaktspordiala?,No,Ei,,,"No, it is classified as non-contact.","Ei, see on klassifitseeritud mittekontaktseks.",Curling — Wikipedia permanent revision 1368990535,https://en.wikipedia.org/w/index.php?title=Curling&oldid=1368990535,CC-BY-SA-4.0,2026-08-25,reviewed,true
built-in-sports-games-clue-0246,built-in-sports-games,Sports and Games,built-in-sports-games-set-050,board,round-one,1,hard,video-game-history,Sports & Games: Worldwide Odds & Ends,Sport ja mängud: maailma üht-teist,Fire Emblem Fates — What is the default name of the player avatar in Fire Emblem Fates?,Fire Emblem Fates — Mis on vaikenimi mängija avatar in Fire Emblem Fates?,Corrin,Corrin,,,Corrin is the default name of the customizable player avatar in Fire Emblem Fates.,Corrin on kohandatava mängija Avatari vaikenimi Fire Emblem Fatesis.,Fire Emblem Fates — Wikipedia permanent revision 1362260187,https://en.wikipedia.org/w/index.php?title=Fire_Emblem_Fates&oldid=1362260187,CC-BY-SA-4.0,2026-08-25,reviewed,true
built-in-sports-games-clue-0167,built-in-sports-games,Sports and Games,built-in-sports-games-set-050,board,round-one,2,hard,video-game-history,Sports & Games: Worldwide Odds & Ends,Sport ja mängud: maailma üht-teist,Etihad Stadium — What is the full name of the stadium in “Association Football: Etihad Stadium”?,Etihad Stadium — Mis on staadioni täisnimi Jalgpall: Etihad Staadionil?,City of Manchester Stadium,City of Manchester Stadium,,,City of Manchester Stadium is the subject’s full name.,Käsitletava isiku täisnimi on City of Manchester Stadium.,Etihad Stadium — Wikipedia permanent revision 1370885658,https://en.wikipedia.org/w/index.php?title=Etihad_Stadium&oldid=1370885658,CC-BY-SA-4.0,2026-08-25,reviewed,true
built-in-sports-games-clue-0173,built-in-sports-games,Sports and Games,built-in-sports-games-set-050,board,round-one,3,hard,video-game-history,Sports & Games: Worldwide Odds & Ends,Sport ja mängud: maailma üht-teist,Kenenisa Bekele — Which nationality is associated with the person in “Athletics: Kenenisa Bekele”?,Kenenisa Bekele — Mis rahvusest on kategoorias „Kergejõustik: Kenenisa Bekele” käsitletav inimene?,Ethiopian,etiooplane,,,Ethiopian is the documented nationality.,Käsitletav inimene on etiooplane.,Kenenisa Bekele — Wikipedia permanent revision 1370162515,https://en.wikipedia.org/w/index.php?title=Kenenisa_Bekele&oldid=1370162515,CC-BY-SA-4.0,2026-08-25,reviewed,true
built-in-sports-games-clue-0179,built-in-sports-games,Sports and Games,built-in-sports-games-set-050,board,round-one,4,hard,video-game-history,Sports & Games: Worldwide Odds & Ends,Sport ja mängud: maailma üht-teist,Curling — About how many registered curling players are estimated worldwide?,Curling — Kui palju registreeritud kurlingumängijaid on hinnanguliselt kogu maailmas?,1.5 million,"1,5 miljonit","1,500,000",1 500 000,The worldwide estimate is about 1.5 million registered curling players.,"Maailmas on hinnanguliselt umbes 1,5 miljonit registreeritud kurlingumängijat.",Curling — Wikipedia permanent revision 1368990535,https://en.wikipedia.org/w/index.php?title=Curling&oldid=1368990535,CC-BY-SA-4.0,2026-08-25,reviewed,true
built-in-sports-games-clue-0185,built-in-sports-games,Sports and Games,built-in-sports-games-set-050,board,round-one,5,hard,video-game-history,Sports & Games: Worldwide Odds & Ends,Sport ja mängud: maailma üht-teist,Peter Fleming (tennis) — In what year was the person in “McEnroe’s Doubles Partner” born?,Peter Fleming (tennis) — Mis aastal sündis kategoorias „McEnroe paarismängupartner” käsitletav inimene?,1955,1955,,,The subject was born in 1955.,Käsitletava isiku sünniaasta on 1955.,Peter Fleming (tennis) — Wikipedia permanent revision 1356081703,https://en.wikipedia.org/w/index.php?title=Peter_Fleming_(tennis)&oldid=1356081703,CC-BY-SA-4.0,2026-08-25,reviewed,true
built-in-sports-games-clue-0251,built-in-sports-games,Sports and Games,built-in-sports-games-set-051,board,round-two,1,easy,motorsport,Sports & Games: Everyday Mix,Sport ja mängud: igapäevane segu,2017 Formula One World Championship — Who won the 2017 Formula One World Drivers' Championship?,2017 Formula One World Championship — Kes võitis 2017. aasta vormeli sõitjate maailmameistritiitli?,Lewis Hamilton,Lewis Hamilton,,,Lewis Hamilton won the 2017 Formula One World Drivers’ Championship.,Lewis Hamilton võitis 2017. aasta vormeli sõitjate maailmameistritiitli.,2017 Formula One World Championship — Wikipedia permanent revision 1369222157,https://en.wikipedia.org/w/index.php?title=2017_Formula_One_World_Championship&oldid=1369222157,CC-BY-SA-4.0,2026-08-25,reviewed,true
built-in-sports-games-clue-0257,built-in-sports-games,Sports and Games,built-in-sports-games-set-051,board,round-two,2,easy,motorsport,Sports & Games: Everyday Mix,Sport ja mängud: igapäevane segu,List of Formula One World Drivers' Champions — Which race series awards the World Drivers’ Championship?,List of Formula One World Drivers' Champions — Milline võistlusseeria autasustab maailmameistrivõistlusi?,Formula One,vormel,,,The title is awarded for Formula One races.,Tiitel antakse vormelivõistluste tulemuste põhjal.,List of Formula One World Drivers' Champions — Wikipedia permanent revision 1370964382,https://en.wikipedia.org/w/index.php?title=List_of_Formula_One_World_Drivers'_Champions&oldid=1370964382,CC-BY-SA-4.0,2026-08-25,reviewed,true
built-in-sports-games-clue-0263,built-in-sports-games,Sports and Games,built-in-sports-games-set-051,board,round-two,3,easy,motorsport,Sports & Games: Everyday Mix,Sport ja mängud: igapäevane segu,2020 Summer Olympics — What motto is associated with “Olympic Games: 2020 Summer Olympics”?,2020 Summer Olympics — Millist motot kasutati 2020. aasta suveolümpiamängudel?,United by Emotion,Emotsioonist ühendatud,,,United by Emotion is the documented motto.,Mängude moto oli „Emotsioonist ühendatud”.,2020 Summer Olympics — Wikipedia permanent revision 1367303148,https://en.wikipedia.org/w/index.php?title=2020_Summer_Olympics&oldid=1367303148,CC-BY-SA-4.0,2026-08-25,reviewed,true
built-in-sports-games-clue-0269,built-in-sports-games,Sports and Games,built-in-sports-games-set-051,board,round-two,4,easy,motorsport,Sports & Games: Everyday Mix,Sport ja mängud: igapäevane segu,2016 Summer Olympics closing ceremony — Which venue is recorded for the event or competition in “Closing Night in Rio”?,2016 Summer Olympics closing ceremony — Millises paigas toimus kategoorias „Rio lõpuõhtu” käsitletav võistlus?,Maracanã Stadium,Maracanã staadion,,,The subject took place at Maracanã Stadium.,Võistlus toimus asukohas Maracanã staadion.,2016 Summer Olympics closing ceremony — Wikipedia permanent revision 1368122624,https://en.wikipedia.org/w/index.php?title=2016_Summer_Olympics_closing_ceremony&oldid=1368122624,CC-BY-SA-4.0,2026-08-25,reviewed,true
built-in-sports-games-clue-0275,built-in-sports-games,Sports and Games,built-in-sports-games-set-051,board,round-two,5,easy,motorsport,Sports & Games: Everyday Mix,Sport ja mängud: igapäevane segu,Base on balls — A batter awarded a walk reaches first without being called what?,"Base on balls — Taipaja, kellele on antud jalutuskäik, jõuab esimesena, ilma et teda millekski kutsutaks?",out,aut,,,A walk awards first base without the possibility of being called out.,"Kõndija autasustab esimest alust, ilma et teda oleks võimalik välja kutsuda.",Base on balls — Wikipedia permanent revision 1355177039,https://en.wikipedia.org/w/index.php?title=Base_on_balls&oldid=1355177039,CC-BY-SA-4.0,2026-08-25,reviewed,true
built-in-sports-games-clue-0256,built-in-sports-games,Sports and Games,built-in-sports-games-set-052,board,round-two,1,easy,motorsport,Sports & Games: Everyday Medley,Sport ja mängud: igapäevane valik,List of Formula One World Drivers' Champions — The FIA is the world governing body for what activity?,List of Formula One World Drivers' Champions — Millise spordiala rahvusvaheline juhtorgan on FIA?,motorsport,motosport,,,The FIA is motorsport’s world governing body.,FIA on autospordi rahvusvaheline juhtorgan.,List of Formula One World Drivers' Champions — Wikipedia permanent revision 1370964382,https://en.wikipedia.org/w/index.php?title=List_of_Formula_One_World_Drivers'_Champions&oldid=1370964382,CC-BY-SA-4.0,2026-08-25,reviewed,true
built-in-sports-games-clue-0262,built-in-sports-games,Sports and Games,built-in-sports-games-set-052,board,round-two,2,easy,motorsport,Sports & Games: Everyday Medley,Sport ja mängud: igapäevane valik,2020 Summer Olympics — Which country hosted the 2020 Summer Olympics?,2020 Summer Olympics — Milline riik korraldas 2020. aasta suveolümpiamängud?,Japan,Jaapan,,,Japan hosted the Tokyo 2020 Summer Olympics.,Jaapan võõrustas 2020. aasta Tokyo suveolümpiamänge.,2020 Summer Olympics — Wikipedia permanent revision 1367303148,https://en.wikipedia.org/w/index.php?title=2020_Summer_Olympics&oldid=1367303148,CC-BY-SA-4.0,2026-08-25,reviewed,true
built-in-sports-games-clue-0268,built-in-sports-games,Sports and Games,built-in-sports-games-set-052,board,round-two,3,easy,motorsport,Sports & Games: Everyday Medley,Sport ja mängud: igapäevane valik,2016 Summer Olympics closing ceremony — During what local-time window did the Rio closing ceremony run?,2016 Summer Olympics closing ceremony — Millises kohaliku aja aknas Rio lõputseremoonia toimus?,20:00–22:50 BRT,20:00–22:50 BRT,8:00–10:50 p.m. BRT;20:00 to 22:50 BRT,8:00–10:50 p.m. BRT;20:00–22:50 BRT,The ceremony ran from 20:00 to 22:50 in Brasília Time.,Tseremoonia kestis 20:00 kuni 22:50 Brasília Time.,2016 Summer Olympics closing ceremony — Wikipedia permanent revision 1368122624,https://en.wikipedia.org/w/index.php?title=2016_Summer_Olympics_closing_ceremony&oldid=1368122624,CC-BY-SA-4.0,2026-08-25,reviewed,true
built-in-sports-games-clue-0274,built-in-sports-games,Sports and Games,built-in-sports-games-set-052,board,round-two,4,easy,motorsport,Sports & Games: Everyday Medley,Sport ja mängud: igapäevane valik,Base on balls — During what part of a batter’s turn can four called balls produce a walk?,Base on balls — Millises tainastuses võivad neli palli kõndida?,plate appearance,löögikord,,,The four balls are received during a plate appearance.,Neli palli on saadud taldriku välimuse ajal.,Base on balls — Wikipedia permanent revision 1355177039,https://en.wikipedia.org/w/index.php?title=Base_on_balls&oldid=1355177039,CC-BY-SA-4.0,2026-08-25,reviewed,true
built-in-sports-games-clue-0280,built-in-sports-games,Sports and Games,built-in-sports-games-set-052,board,round-two,5,easy,motorsport,Sports & Games: Everyday Medley,Sport ja mängud: igapäevane valik,Evander Holyfield vs. Mike Tyson II — Which heavyweight championship was at stake in the Bite Fight?,Evander Holyfield vs. Mike Tyson II — Milline raskekaalu meistrivõistlus oli kaalul Bite Fight?,WBA heavyweight title,WBA raskekaalu tiitel,WBA title,WBA pealkiri,Evander Holyfield defended the WBA heavyweight title against Mike Tyson.,Evander Holyfield kaitses Mike Tysoni vastu WBA raskekaalu tiitlit.,Evander Holyfield vs. Mike Tyson II — Wikipedia permanent revision 1366120754,https://en.wikipedia.org/w/index.php?title=Evander_Holyfield_vs._Mike_Tyson_II&oldid=1366120754,CC-BY-SA-4.0,2026-08-25,reviewed,true
built-in-sports-games-clue-0261,built-in-sports-games,Sports and Games,built-in-sports-games-set-053,board,round-two,1,easy,olympics,Sports & Games: Everyday Tour,Sport ja mängud: igapäevane ringkäik,2020 Summer Olympics — Which location is associated with the event or competition in “Olympic Games: 2020 Summer Olympics”?,2020 Summer Olympics — Millist toimumiskohta seostatakse kategoorias „Olümpiamängud: 2020. aasta suveolümpiamängud” käsitletava võistlusega?,Tokyo,Tokyo,,,The subject is associated with Tokyo.,Suveolümpiamängud toimusid Tokyos.,2020 Summer Olympics — Wikipedia permanent revision 1367303148,https://en.wikipedia.org/w/index.php?title=2020_Summer_Olympics&oldid=1367303148,CC-BY-SA-4.0,2026-08-25,reviewed,true
built-in-sports-games-clue-0267,built-in-sports-games,Sports and Games,built-in-sports-games-set-053,board,round-two,2,easy,olympics,Sports & Games: Everyday Tour,Sport ja mängud: igapäevane ringkäik,2016 Summer Olympics closing ceremony — On what date was the Rio 2016 Summer Olympics closing ceremony held?,2016 Summer Olympics closing ceremony — Mis kuupäeval toimus Rio 2016 suveolümpiamängude lõputseremoonia?,21 August 2016,21. august 2016,"August 21, 2016;August 21",21. august 2016;21. august,The Rio 2016 closing ceremony took place on 21 August 2016.,Rio 2016. aasta lõputseremoonia toimus 21. augustil 2016.,2016 Summer Olympics closing ceremony — Wikipedia permanent revision 1368122624,https://en.wikipedia.org/w/index.php?title=2016_Summer_Olympics_closing_ceremony&oldid=1368122624,CC-BY-SA-4.0,2026-08-25,reviewed,true
built-in-sports-games-clue-0273,built-in-sports-games,Sports and Games,built-in-sports-games-set-053,board,round-two,3,easy,olympics,Sports & Games: Everyday Tour,Sport ja mängud: igapäevane ringkäik,Base on balls — How many pitches called balls award a baseball batter first base?,Base on balls — Mitu sööti nimetatakse pallid autasustada pesapalli lööja esimene pesa?,4,4,,,Four pitches called balls produce a walk and award the batter first base.,"Neli söötu, mida kutsutakse pallideks, teevad jalutuskäigu ja annavad talle esimese pesa.",Base on balls — Wikipedia permanent revision 1355177039,https://en.wikipedia.org/w/index.php?title=Base_on_balls&oldid=1355177039,CC-BY-SA-4.0,2026-08-25,reviewed,true
built-in-sports-games-clue-0279,built-in-sports-games,Sports and Games,built-in-sports-games-set-053,board,round-two,4,easy,olympics,Sports & Games: Everyday Tour,Sport ja mängud: igapäevane ringkäik,Evander Holyfield vs. Mike Tyson II — On what date did the infamous “Bite Fight” rematch take place?,"Evander Holyfield vs. Mike Tyson II — Mis kuupäeval toimus kurikuulus ""Bite Fight"" kordusmatš?","June 28, 1997",28. juuni 1997,28 June 1997,28. juuni 1997,"Mike Tyson and Evander Holyfield fought their disqualification rematch on June 28, 1997.",Mike Tyson ja Evander Holyfield võitlesid oma diskvalifitseerimise kordusmatšiga 28. juunil 1997.,Evander Holyfield vs. Mike Tyson II — Wikipedia permanent revision 1366120754,https://en.wikipedia.org/w/index.php?title=Evander_Holyfield_vs._Mike_Tyson_II&oldid=1366120754,CC-BY-SA-4.0,2026-08-25,reviewed,true
built-in-sports-games-clue-0285,built-in-sports-games,Sports and Games,built-in-sports-games-set-053,board,round-two,5,easy,olympics,Sports & Games: Everyday Tour,Sport ja mängud: igapäevane ringkäik,Par (score) — Which target area marks the other end of a golf hole’s measured distance?,Par (score) — Milline sihtala tähistab golfiraja mõõdetava vahemaa lõppu?,putting green,griin,,,The putting green lies at the far end of the hole.,Griin asub golfiraja lõpus.,Par (score) — Wikipedia permanent revision 1341770659,https://en.wikipedia.org/w/index.php?title=Par_(score)&oldid=1341770659,CC-BY-SA-4.0,2026-08-25,reviewed,true
built-in-sports-games-clue-0266,built-in-sports-games,Sports and Games,built-in-sports-games-set-054,board,round-two,1,easy,olympics,Sports & Games: Everyday Grab Bag,Sport ja mängud: igapäevane üllatuskott,2016 Summer Olympics closing ceremony — In what year did the Rio Summer Olympics closing ceremony take place?,2016 Summer Olympics closing ceremony — Mis aastal toimus Rio suve olümpiamängude lõputseremoonia?,2016,2016,,,The closing ceremony took place in 2016.,Lõpptseremoonia toimus 2016. aastal.,2016 Summer Olympics closing ceremony — Wikipedia permanent revision 1368122624,https://en.wikipedia.org/w/index.php?title=2016_Summer_Olympics_closing_ceremony&oldid=1368122624,CC-BY-SA-4.0,2026-08-25,reviewed,true
built-in-sports-games-clue-0272,built-in-sports-games,Sports and Games,built-in-sports-games-set-054,board,round-two,2,easy,olympics,Sports & Games: Everyday Grab Bag,Sport ja mängud: igapäevane üllatuskott,Base on balls — In which sport does four called balls produce a walk?,Base on balls — Millises spordialas teevad neli palli jalutuskäiku?,baseball,pesapall,,,A base on balls is a rule of baseball.,Pallide baas on pesapalli reegel.,Base on balls — Wikipedia permanent revision 1355177039,https://en.wikipedia.org/w/index.php?title=Base_on_balls&oldid=1355177039,CC-BY-SA-4.0,2026-08-25,reviewed,true
built-in-sports-games-clue-0278,built-in-sports-games,Sports and Games,built-in-sports-games-set-054,board,round-two,3,easy,olympics,Sports & Games: Everyday Grab Bag,Sport ja mängud: igapäevane üllatuskott,Evander Holyfield vs. Mike Tyson II — Which boxer is identified as the opponent in “Traditional Sports: Rules and Roles”?,Evander Holyfield vs. Mike Tyson II — Milline poksija on määratletud vastasena Traditional Sports: Reeglid ja rollid'?,Evander Holyfield,Evander Holyfield,,,Evander Holyfield is the named boxer.,Evander Holyfield on poksija.,Evander Holyfield vs. Mike Tyson II — Wikipedia permanent revision 1366120754,https://en.wikipedia.org/w/index.php?title=Evander_Holyfield_vs._Mike_Tyson_II&oldid=1366120754,CC-BY-SA-4.0,2026-08-25,reviewed,true
built-in-sports-games-clue-0284,built-in-sports-games,Sports and Games,built-in-sports-games-set-054,board,round-two,4,easy,olympics,Sports & Games: Everyday Grab Bag,Sport ja mängud: igapäevane üllatuskott,Par (score) — From which starting area is a golf hole’s distance to the green measured?,Par (score) — Millisest algusalast mõõdetakse golfiraja pikkust griinini?,teeing ground,avalöögiala,,,A hole’s length is measured from the teeing ground.,Golfiraja pikkust mõõdetakse avalöögialast.,Par (score) — Wikipedia permanent revision 1341770659,https://en.wikipedia.org/w/index.php?title=Par_(score)&oldid=1341770659,CC-BY-SA-4.0,2026-08-25,reviewed,true
built-in-sports-games-clue-0290,built-in-sports-games,Sports and Games,built-in-sports-games-set-054,board,round-two,5,easy,olympics,Sports & Games: Everyday Grab Bag,Sport ja mängud: igapäevane üllatuskott,Super Bowl XLII — What pregame favorite and point spread were posted for Super Bowl XLII?,Super Bowl XLII — Millise meeskonna võitu ennustati Super Bowl XLII eel ja millise punktivahega?,Patriots by 12.5,"Patriots 12,5 punktiga",,,The Patriots were favored by 12.5 points.,"Patriotsi võitu ennustati 12,5 punktiga.",Super Bowl XLII — Wikipedia permanent revision 1368282966,https://en.wikipedia.org/w/index.php?title=Super_Bowl_XLII&oldid=1368282966,CC-BY-SA-4.0,2026-08-25,reviewed,true
built-in-sports-games-clue-0271,built-in-sports-games,Sports and Games,built-in-sports-games-set-055,board,round-two,1,easy,traditional-sports,Sports & Games: Everyday Roundup,Sport ja mängud: igapäevane ülevaade,Base on balls — What must the umpire call four pitches to award a walk?,"Base on balls — Mida peab impeerium nimetama neljaks sammuks, et jalutada?",balls,pallid,,,Four pitches called balls award first base.,"Neli söötu, mida kutsutakse pallide auhinnaks.",Base on balls — Wikipedia permanent revision 1355177039,https://en.wikipedia.org/w/index.php?title=Base_on_balls&oldid=1355177039,CC-BY-SA-4.0,2026-08-25,reviewed,true
built-in-sports-games-clue-0277,built-in-sports-games,Sports and Games,built-in-sports-games-set-055,board,round-two,2,easy,traditional-sports,Sports & Games: Everyday Roundup,Sport ja mängud: igapäevane ülevaade,Evander Holyfield vs. Mike Tyson II — Which venue is recorded for the event or competition in “Traditional Sports: Rules and Roles”?,Evander Holyfield vs. Mike Tyson II — Millises paigas toimus kategoorias „Traditsioonilised spordialad: reeglid ja rollid” käsitletav võistlus?,MGM Grand Garden Arena,MGM Grand Garden Arena,,,The subject took place at MGM Grand Garden Arena.,Võistlus toimus asukohas MGM Grand Garden Arena.,Evander Holyfield vs. Mike Tyson II — Wikipedia permanent revision 1366120754,https://en.wikipedia.org/w/index.php?title=Evander_Holyfield_vs._Mike_Tyson_II&oldid=1366120754,CC-BY-SA-4.0,2026-08-25,reviewed,true
built-in-sports-games-clue-0283,built-in-sports-games,Sports and Games,built-in-sports-games-set-055,board,round-two,3,easy,traditional-sports,Sports & Games: Everyday Roundup,Sport ja mängud: igapäevane ülevaade,Par (score) — A scratch golfer is also described as having zero what?,Par (score) — Mille näit on scratch-golfimängijal null?,handicap,händikäp,,,A scratch golfer has a handicap of zero.,Scratch-golfimängija händikäp on null.,Par (score) — Wikipedia permanent revision 1341770659,https://en.wikipedia.org/w/index.php?title=Par_(score)&oldid=1341770659,CC-BY-SA-4.0,2026-08-25,reviewed,true
built-in-sports-games-clue-0289,built-in-sports-games,Sports and Games,built-in-sports-games-set-055,board,round-two,4,easy,traditional-sports,Sports & Games: Everyday Roundup,Sport ja mängud: igapäevane ülevaade,Super Bowl XLII — Who was named MVP in “Traditional Sports: Super Bowl XLII”?,Super Bowl XLII — Kes nimetati MVP-ks Traditional Sports: Super Bowl XLII's?,Eli Manning,Eli Manning,,,Eli Manning was the MVP.,Eli Manning valiti kõige väärtuslikumaks mängijaks.,Super Bowl XLII — Wikipedia permanent revision 1368282966,https://en.wikipedia.org/w/index.php?title=Super_Bowl_XLII&oldid=1368282966,CC-BY-SA-4.0,2026-08-25,reviewed,true
built-in-sports-games-clue-0295,built-in-sports-games,Sports and Games,built-in-sports-games-set-055,board,round-two,5,easy,traditional-sports,Sports & Games: Everyday Roundup,Sport ja mängud: igapäevane ülevaade,New England Patriots — Name a song associated with the team in “Foxborough Football”.,New England Patriots — Nimetage meeskonnaga seotud laul Foxborough'i jalgpallis.,Crazy Train,Crazy Train,,,Crazy Train is used as one of its fight songs.,Hullu rongi kasutatakse ühe oma võitluslauluna.,New England Patriots — Wikipedia permanent revision 1369402471,https://en.wikipedia.org/w/index.php?title=New_England_Patriots&oldid=1369402471,CC-BY-SA-4.0,2026-08-25,reviewed,true
built-in-sports-games-clue-0276,built-in-sports-games,Sports and Games,built-in-sports-games-set-056,board,round-two,1,easy,traditional-sports,Sports & Games: Everyday Sampler,Sport ja mängud: igapäevane proovivalik,Evander Holyfield vs. Mike Tyson II — Which boxer was banned for taking a bite out of Evander Holyfield's ear in 1997?,Evander Holyfield vs. Mike Tyson II — Milline poksija keelati 1997. aastal Evander Holyfieldi kõrvast hammustamise eest?,Mike Tyson,Mike Tyson,,,Mike Tyson was disqualified and later suspended after biting Evander Holyfield’s ear in 1997.,Mike Tyson diskvalifitseeritud ja hiljem peatatud pärast hammustada Evander Holyfield's kõrva 1997.,Evander Holyfield vs. Mike Tyson II — Wikipedia permanent revision 1366120754,https://en.wikipedia.org/w/index.php?title=Evander_Holyfield_vs._Mike_Tyson_II&oldid=1366120754,CC-BY-SA-4.0,2026-08-25,reviewed,true
built-in-sports-games-clue-0282,built-in-sports-games,Sports and Games,built-in-sports-games-set-056,board,round-two,2,easy,traditional-sports,Sports & Games: Everyday Sampler,Sport ja mängud: igapäevane proovivalik,"Par (score) — In golf, what name is given to a hole score of two under par?","Par (score) — Kuidas nimetatakse golfis augu tulemust, mis on kaks lööki alla pari?",Eagle,eagle,,,A golf score two strokes under par on one hole is called an eagle.,"Golfis nimetatakse ühe augu tulemust, mis on kaks lööki alla pari, eagle’iks.",Par (score) — Wikipedia permanent revision 1341770659,https://en.wikipedia.org/w/index.php?title=Par_(score)&oldid=1341770659,CC-BY-SA-4.0,2026-08-25,reviewed,true
built-in-sports-games-clue-0288,built-in-sports-games,Sports and Games,built-in-sports-games-set-056,board,round-two,3,easy,traditional-sports,Sports & Games: Everyday Sampler,Sport ja mängud: igapäevane proovivalik,Super Bowl XLII — Which stadium hosted Super Bowl XLII?,Super Bowl XLII — Milline staadion võõrustas Super Bowli XLI?,University of Phoenix Stadium,University of Phoenix Stadium,,,University of Phoenix Stadium hosted Super Bowl XLII.,Phoenixi Ülikool staadion võõrustas Super Bowli XLI.,Super Bowl XLII — Wikipedia permanent revision 1368282966,https://en.wikipedia.org/w/index.php?title=Super_Bowl_XLII&oldid=1368282966,CC-BY-SA-4.0,2026-08-25,reviewed,true
built-in-sports-games-clue-0294,built-in-sports-games,Sports and Games,built-in-sports-games-set-056,board,round-two,4,easy,traditional-sports,Sports & Games: Everyday Sampler,Sport ja mängud: igapäevane proovivalik,New England Patriots — Which color combination is associated with the team in “Foxborough Football”?,New England Patriots — Milline värvi kombinatsioon on seotud meeskonnaga Foxborough jalgpallis?,"Nautical blue, red, new century silver, white","Mereline sinine, punane, uus sajand hõbedane, valge",,,"The team uses Nautical blue, red, new century silver, white.","Meeskond kasutab meresinist, punast, uut sajandit hõbedat, valget.",New England Patriots — Wikipedia permanent revision 1369402471,https://en.wikipedia.org/w/index.php?title=New_England_Patriots&oldid=1369402471,CC-BY-SA-4.0,2026-08-25,reviewed,true
built-in-sports-games-clue-0300,built-in-sports-games,Sports and Games,built-in-sports-games-set-056,board,round-two,5,easy,traditional-sports,Sports & Games: Everyday Sampler,Sport ja mängud: igapäevane proovivalik,Peyton Manning — What is the weight of the person in “Traditional Sports: Peyton Manning”?,Peyton Manning — Kui palju kaalub kategoorias „Traditsioonilised spordialad: Peyton Manning” käsitletav inimene?,230 lb (104 kg),230 naela (104 kg),,,The subject is recorded at 230 lb (104 kg).,Käsitletava isiku kaaluks on märgitud 230 naela (104 kg).,Peyton Manning — Wikipedia permanent revision 1370869249,https://en.wikipedia.org/w/index.php?title=Peyton_Manning&oldid=1370869249,CC-BY-SA-4.0,2026-08-25,reviewed,true
built-in-sports-games-clue-0281,built-in-sports-games,Sports and Games,built-in-sports-games-set-057,board,round-two,1,easy,traditional-sports,Sports & Games: Everyday Potpourri,Sport ja mängud: igapäevane popurrii,Par (score) — In which sport is par the expected stroke count for a proficient player?,Par (score) — Millises spordialas tähistab par vilunud mängijalt eeldatavat löökide arvu?,golf,golf,,,Par is a scoring standard in golf.,Par on golfis kasutatav tulemuse standard.,Par (score) — Wikipedia permanent revision 1341770659,https://en.wikipedia.org/w/index.php?title=Par_(score)&oldid=1341770659,CC-BY-SA-4.0,2026-08-25,reviewed,true
built-in-sports-games-clue-0287,built-in-sports-games,Sports and Games,built-in-sports-games-set-057,board,round-two,2,easy,traditional-sports,Sports & Games: Everyday Potpourri,Sport ja mängud: igapäevane popurrii,Super Bowl XLII — On what date did the Giants face the Patriots in Super Bowl XLII?,Super Bowl XLII — Mis kuupäeval seisid Hiiglased silmitsi Patriootidega Super Bowl XLI-s?,"February 3, 2008",3. veebruar 2008,,,"Super Bowl XLII was played on February 3, 2008.",Super Bowl XLI mängiti 3. veebruaril 2008.,Super Bowl XLII — Wikipedia permanent revision 1368282966,https://en.wikipedia.org/w/index.php?title=Super_Bowl_XLII&oldid=1368282966,CC-BY-SA-4.0,2026-08-25,reviewed,true
built-in-sports-games-clue-0293,built-in-sports-games,Sports and Games,built-in-sports-games-set-057,board,round-two,3,easy,traditional-sports,Sports & Games: Everyday Potpourri,Sport ja mängud: igapäevane popurrii,New England Patriots — Which stadium is home to the New England Patriots?,New England Patriots — Milline staadion on koduks Uus-Inglismaa patriootidele?,Gillette Stadium,Gillette Stadium,,,Gillette Stadium is the Patriots’ home stadium.,Gillette staadion on patriootide kodustaadion.,New England Patriots — Wikipedia permanent revision 1369402471,https://en.wikipedia.org/w/index.php?title=New_England_Patriots&oldid=1369402471,CC-BY-SA-4.0,2026-08-25,reviewed,true
built-in-sports-games-clue-0299,built-in-sports-games,Sports and Games,built-in-sports-games-set-057,board,round-two,4,easy,traditional-sports,Sports & Games: Everyday Potpourri,Sport ja mängud: igapäevane popurrii,Peyton Manning — How tall is the person in “Traditional Sports: Peyton Manning”?,Peyton Manning — Kui pikk on kategoorias „Traditsioonilised spordialad: Peyton Manning” käsitletav inimene?,6 ft 5 in (1.96 m),"6 jalga 5 tolli (1,96 m)",,,The subject is recorded at 6 ft 5 in (1.96 m).,"Käsitletava isiku pikkuseks on märgitud 6 jalga 5 tolli (1,96 m).",Peyton Manning — Wikipedia permanent revision 1370869249,https://en.wikipedia.org/w/index.php?title=Peyton_Manning&oldid=1370869249,CC-BY-SA-4.0,2026-08-25,reviewed,true
built-in-sports-games-clue-0305,built-in-sports-games,Sports and Games,built-in-sports-games-set-057,board,round-two,5,easy,traditional-sports,Sports & Games: Everyday Potpourri,Sport ja mängud: igapäevane popurrii,Mario & Sonic at the Olympic Games — Name a producer credited for the video game in “Olympic Games: Mario & Sonic at the Olympic Games”.,Mario & Sonic at the Olympic Games — Nimeta üks kategoorias „Olümpiamängud: Mario & Sonic at the Olympic Games” käsitletava videomängu produtsent.,Osamu Ohashi,Osamu Ohashi,,,Osamu Ohashi is among the producers.,Osamu Ohashi on üks selle videomängu produtsentidest.,Mario & Sonic at the Olympic Games — Wikipedia permanent revision 1361102916,https://en.wikipedia.org/w/index.php?title=Mario_%26_Sonic_at_the_Olympic_Games&oldid=1361102916,CC-BY-SA-4.0,2026-08-25,reviewed,true
built-in-sports-games-clue-0286,built-in-sports-games,Sports and Games,built-in-sports-games-set-058,board,round-two,1,easy,traditional-sports,Sports & Games: Everyday Challenge,Sport ja mängud: igapäevane väljakutse,Super Bowl XLII — Which two teams played in Super Bowl XLII?,Super Bowl XLII — Millised kaks meeskonda mängisid Super Bowl XLI-s?,New York Giants and New England Patriots,New York Giants and New England Patriots,The New York Giants & The New England Patriots;Giants and Patriots,The New York Giants & The New England Patrioodid;Hiiglased ja patrioodid,Super Bowl XLII matched the New York Giants against the New England Patriots.,Super Bowl XLII sobis New York Giants vastu Uus-Inglismaa patrioodid.,Super Bowl XLII — Wikipedia permanent revision 1368282966,https://en.wikipedia.org/w/index.php?title=Super_Bowl_XLII&oldid=1368282966,CC-BY-SA-4.0,2026-08-25,reviewed,true
built-in-sports-games-clue-0292,built-in-sports-games,Sports and Games,built-in-sports-games-set-058,board,round-two,2,easy,traditional-sports,Sports & Games: Everyday Challenge,Sport ja mängud: igapäevane väljakutse,New England Patriots — In what year was the team or club in “Foxborough Football” founded or first held?,New England Patriots — Mis aastal asutati kategoorias „Foxborough' jalgpall” käsitletav meeskond või klubi?,1959,1959,,,The subject dates its beginning to 1959.,Käsitletava üksuse algusaasta on 1959.,New England Patriots — Wikipedia permanent revision 1369402471,https://en.wikipedia.org/w/index.php?title=New_England_Patriots&oldid=1369402471,CC-BY-SA-4.0,2026-08-25,reviewed,true
built-in-sports-games-clue-0298,built-in-sports-games,Sports and Games,built-in-sports-games-set-058,board,round-two,3,easy,traditional-sports,Sports & Games: Everyday Challenge,Sport ja mängud: igapäevane väljakutse,Peyton Manning — In what year was the person in “Traditional Sports: Peyton Manning” born?,Peyton Manning — Mis aastal sündis kategoorias „Traditsioonilised spordialad: Peyton Manning” käsitletav inimene?,1976,1976,,,The subject was born in 1976.,Käsitletava isiku sünniaasta on 1976.,Peyton Manning — Wikipedia permanent revision 1370869249,https://en.wikipedia.org/w/index.php?title=Peyton_Manning&oldid=1370869249,CC-BY-SA-4.0,2026-08-25,reviewed,true
built-in-sports-games-clue-0304,built-in-sports-games,Sports and Games,built-in-sports-games-set-058,board,round-two,4,easy,traditional-sports,Sports & Games: Everyday Challenge,Sport ja mängud: igapäevane väljakutse,Mario & Sonic at the Olympic Games — Who directed the video game in “Olympic Games: Mario & Sonic at the Olympic Games”?,Mario & Sonic at the Olympic Games — Kes lavastas kategoorias „Olümpiamängud: Mario & Sonic at the Olympic Games” käsitletava videomängu?,Eigo Kasahara,Eigo Kasahara,,,Eigo Kasahara is the credited director.,Eigo Kasahara on selle videomängu lavastaja.,Mario & Sonic at the Olympic Games — Wikipedia permanent revision 1361102916,https://en.wikipedia.org/w/index.php?title=Mario_%26_Sonic_at_the_Olympic_Games&oldid=1361102916,CC-BY-SA-4.0,2026-08-25,reviewed,true
built-in-sports-games-clue-0310,built-in-sports-games,Sports and Games,built-in-sports-games-set-058,board,round-two,5,easy,traditional-sports,Sports & Games: Everyday Challenge,Sport ja mängud: igapäevane väljakutse,Waluigi — What role does Waluigi play relative to Luigi?,Waluigi — Millist rolli mängib Waluigi Luigi suhtes?,Luigi’s arch-rival,Luigi põlisrivaal,Luigi's arch-rival;Arch-rival,Luigi ülemkomissar;Arch-rival,Waluigi is depicted as Luigi’s arch-rival in the Mario franchise.,Waluigi on Mario frantsiisis Luigi põlisrivaal.,Waluigi — Wikipedia permanent revision 1370981283,https://en.wikipedia.org/w/index.php?title=Waluigi&oldid=1370981283,CC-BY-SA-4.0,2026-08-25,reviewed,true
built-in-sports-games-clue-0291,built-in-sports-games,Sports and Games,built-in-sports-games-set-059,board,round-two,1,easy,traditional-sports,Sports & Games: Everyday Quiz,Sport ja mängud: igapäevane viktoriin,New England Patriots — Which NFL franchise represents the New England region?,New England Patriots — Milline NFL frantsiis esindab Uus-Inglismaa piirkonda?,Patriots,Patriots,,,The New England Patriots are the NFL franchise representing New England.,"Uus-Inglismaa patrioodid on NFL frantsiis, mis esindab Uus-Inglismaad.",New England Patriots — Wikipedia permanent revision 1369402471,https://en.wikipedia.org/w/index.php?title=New_England_Patriots&oldid=1369402471,CC-BY-SA-4.0,2026-08-25,reviewed,true
built-in-sports-games-clue-0297,built-in-sports-games,Sports and Games,built-in-sports-games-set-059,board,round-two,2,easy,traditional-sports,Sports & Games: Everyday Quiz,Sport ja mängud: igapäevane viktoriin,Peyton Manning — Which playing position is associated with the person in “Traditional Sports: Peyton Manning”?,Peyton Manning — Millisel positsioonil mängib kategoorias „Traditsioonilised spordialad: Peyton Manning” käsitletav inimene?,Quarterback,tagamängija,,,The subject is recorded at Quarterback.,Vastav väärtus on tagamängija.,Peyton Manning — Wikipedia permanent revision 1370869249,https://en.wikipedia.org/w/index.php?title=Peyton_Manning&oldid=1370869249,CC-BY-SA-4.0,2026-08-25,reviewed,true
built-in-sports-games-clue-0303,built-in-sports-games,Sports and Games,built-in-sports-games-set-059,board,round-two,3,easy,traditional-sports,Sports & Games: Everyday Quiz,Sport ja mängud: igapäevane viktoriin,Mario & Sonic at the Olympic Games — Which developer is credited for the video game in “Olympic Games: Mario & Sonic at the Olympic Games”?,Mario & Sonic at the Olympic Games — Milline arendaja on seotud kategoorias „Olümpiamängud: Mario & Sonic at the Olympic Games” käsitletava videomänguga?,Sega Sports R&D,Sega Sports R&D,,,Sega Sports R&D is the credited developer.,Sega Sports R&D on selle videomängu arendaja.,Mario & Sonic at the Olympic Games — Wikipedia permanent revision 1361102916,https://en.wikipedia.org/w/index.php?title=Mario_%26_Sonic_at_the_Olympic_Games&oldid=1361102916,CC-BY-SA-4.0,2026-08-25,reviewed,true
built-in-sports-games-clue-0309,built-in-sports-games,Sports and Games,built-in-sports-games-set-059,board,round-two,4,easy,traditional-sports,Sports & Games: Everyday Quiz,Sport ja mängud: igapäevane viktoriin,Waluigi — Waluigi belongs to which Nintendo franchise?,Waluigi — Waluigi kuulub Nintendo frantsiisile?,Mario franchise,Mario frantsiis,Mario series,Mario seeria,Waluigi is a character in the Mario franchise.,Waluigi on Mario frantsiisi tegelane.,Waluigi — Wikipedia permanent revision 1370981283,https://en.wikipedia.org/w/index.php?title=Waluigi&oldid=1370981283,CC-BY-SA-4.0,2026-08-25,reviewed,true
built-in-sports-games-clue-0315,built-in-sports-games,Sports and Games,built-in-sports-games-set-059,board,round-two,5,easy,traditional-sports,Sports & Games: Everyday Quiz,Sport ja mängud: igapäevane viktoriin,Mario Tennis — Name a producer credited for the video game in “Waluigi’s Debut Game”.,Mario Tennis — Nimeta üks kategoorias „Waluigi debüütmäng” käsitletava videomängu produtsent.,Hiroyuki Takahashi,Hiroyuki Takahashi,Shigeru Miyamoto,Shigeru Miyamoto,Hiroyuki Takahashi is among the producers.,Hiroyuki Takahashi on üks selle videomängu produtsentidest.,Mario Tennis — Wikipedia permanent revision 1354737242,https://en.wikipedia.org/w/index.php?title=Mario_Tennis&oldid=1354737242,CC-BY-SA-4.0,2026-08-25,reviewed,true
built-in-sports-games-clue-0296,built-in-sports-games,Sports and Games,built-in-sports-games-set-060,board,round-two,1,easy,traditional-sports,Sports & Games: Everyday Odds & Ends,Sport ja mängud: igapäevane üht-teist,Peyton Manning — Which Super Bowl did Peyton Manning win immediately before retiring?,Peyton Manning — Millise Super Bowli võitis Peyton Manning vahetult enne pensionile jäämist?,Super Bowl 50,Super Bowl 50,Super Bowl L;50,Super Bowl L;50,Peyton Manning retired after the Denver Broncos won Super Bowl 50.,Peyton Manning pensionile pärast Denver Broncos võitis Super Bowl 50.,Peyton Manning — Wikipedia permanent revision 1370869249,https://en.wikipedia.org/w/index.php?title=Peyton_Manning&oldid=1370869249,CC-BY-SA-4.0,2026-08-25,reviewed,true
built-in-sports-games-clue-0302,built-in-sports-games,Sports and Games,built-in-sports-games-set-060,board,round-two,2,easy,traditional-sports,Sports & Games: Everyday Odds & Ends,Sport ja mängud: igapäevane üht-teist,Mario & Sonic at the Olympic Games — Name a publisher associated with the video game in “Olympic Games: Mario & Sonic at the Olympic Games”.,Mario & Sonic at the Olympic Games — Nimeta üks kategoorias „Olümpiamängud: Mario & Sonic at the Olympic Games” käsitletava videomängu kirjastaja.,Nintendo,Nintendo,Sega,Sega,Nintendo is among the documented publishers.,Nintendo on üks selle videomängu kirjastajatest.,Mario & Sonic at the Olympic Games — Wikipedia permanent revision 1361102916,https://en.wikipedia.org/w/index.php?title=Mario_%26_Sonic_at_the_Olympic_Games&oldid=1361102916,CC-BY-SA-4.0,2026-08-25,reviewed,true
built-in-sports-games-clue-0308,built-in-sports-games,Sports and Games,built-in-sports-games-set-060,board,round-two,3,easy,traditional-sports,Sports & Games: Everyday Odds & Ends,Sport ja mängud: igapäevane üht-teist,Waluigi — Who voices the character in “Racket Sports: Waluigi”?,"Waluigi — Kes kõlab karakterina ""Racket Sports: Waluigi's""?",Charles Martinet,Charles Martinet,,,Charles Martinet is the credited voice performer.,Tegelasele annab hääle Charles Martinet.,Waluigi — Wikipedia permanent revision 1370981283,https://en.wikipedia.org/w/index.php?title=Waluigi&oldid=1370981283,CC-BY-SA-4.0,2026-08-25,reviewed,true
built-in-sports-games-clue-0314,built-in-sports-games,Sports and Games,built-in-sports-games-set-060,board,round-two,4,easy,traditional-sports,Sports & Games: Everyday Odds & Ends,Sport ja mängud: igapäevane üht-teist,Mario Tennis — Name a director credited for the video game in “Waluigi’s Debut Game”.,Mario Tennis — Nimeta üks kategoorias „Waluigi debüütmäng” käsitletava videomängu lavastaja.,Haruki Kodera (N64),Haruki Kodera (N64),,,Haruki Kodera (N64) is among the directors.,Haruki Kodera (N64) on üks selle videomängu lavastajatest.,Mario Tennis — Wikipedia permanent revision 1354737242,https://en.wikipedia.org/w/index.php?title=Mario_Tennis&oldid=1354737242,CC-BY-SA-4.0,2026-08-25,reviewed,true
built-in-sports-games-clue-0320,built-in-sports-games,Sports and Games,built-in-sports-games-set-060,board,round-two,5,easy,traditional-sports,Sports & Games: Everyday Odds & Ends,Sport ja mängud: igapäevane üht-teist,"House rule — Besides board games, which game category commonly uses house rules?",House rule — Millistes mängudes peale lauamängude kasutatakse sageli kodureegleid?,role-playing games,rollimängud,,,House rules are also common in role-playing games.,Kodureegleid kasutatakse sageli ka rollimängudes.,House rule — Wikipedia permanent revision 1352359503,https://en.wikipedia.org/w/index.php?title=House_rule&oldid=1352359503,CC-BY-SA-4.0,2026-08-25,reviewed,true
built-in-sports-games-clue-0301,built-in-sports-games,Sports and Games,built-in-sports-games-set-061,board,round-two,1,easy,olympics,Sports & Games: Colorful Mix,Sport ja mängud: värvikas segu,Mario & Sonic at the Olympic Games — How many character types does Mario & Sonic at the Olympic Games use?,Mario & Sonic at the Olympic Games — Mitut tähemärki kasutab Mario & Sonic olümpiamängudel?,4,4,,,The game groups its playable characters into four types.,Mäng rühmitab mängitavad märgid neljaks tüübiks.,Mario & Sonic at the Olympic Games — Wikipedia permanent revision 1361102916,https://en.wikipedia.org/w/index.php?title=Mario_%26_Sonic_at_the_Olympic_Games&oldid=1361102916,CC-BY-SA-4.0,2026-08-25,reviewed,true
built-in-sports-games-clue-0307,built-in-sports-games,Sports and Games,built-in-sports-games-set-061,board,round-two,2,easy,olympics,Sports & Games: Colorful Mix,Sport ja mängud: värvikas segu,Waluigi — Who created the character in “Racket Sports: Waluigi”?,Waluigi — Kes lõi karakteri Racket Sports: Waluigi's?,Fumihide Aoki,Fumihide Aoki,,,Fumihide Aoki is the credited creator.,Fumihide Aoki on teose looja.,Waluigi — Wikipedia permanent revision 1370981283,https://en.wikipedia.org/w/index.php?title=Waluigi&oldid=1370981283,CC-BY-SA-4.0,2026-08-25,reviewed,true
built-in-sports-games-clue-0313,built-in-sports-games,Sports and Games,built-in-sports-games-set-061,board,round-two,3,easy,olympics,Sports & Games: Colorful Mix,Sport ja mängud: värvikas segu,Mario Tennis — In which 2000 Nintendo 64 sports game did Waluigi debut?,Mario Tennis — Millises 2000 Nintendo 64 spordi mäng ei Waluigi debüüt?,Mario Tennis,Mario Tennis,Mario Tennis 64;Mario Tennis (Nintendo 64),Mario Tennis 64;Mario Tennis (Nintendo 64),Waluigi debuted in the Nintendo 64 version of Mario Tennis in 2000.,"Waluigi debüüteeriti Mario Tennise ""Nintendo 64"" versioonis 2000. aastal.",Mario Tennis — Wikipedia permanent revision 1354737242,https://en.wikipedia.org/w/index.php?title=Mario_Tennis&oldid=1354737242,CC-BY-SA-4.0,2026-08-25,reviewed,true
built-in-sports-games-clue-0319,built-in-sports-games,Sports and Games,built-in-sports-games-set-061,board,round-two,4,easy,olympics,Sports & Games: Colorful Mix,Sport ja mängud: värvikas segu,House rule — Which property-trading game is given as an example of a game with house rules?,House rule — Milline kinnisvaraga kauplemine mäng on antud näide mängu maja reeglid?,Monopoly,Monopoly,,,Monopoly is cited as an example.,Näitena viidatakse monopolile.,House rule — Wikipedia permanent revision 1352359503,https://en.wikipedia.org/w/index.php?title=House_rule&oldid=1352359503,CC-BY-SA-4.0,2026-08-25,reviewed,true
built-in-sports-games-clue-0325,built-in-sports-games,Sports and Games,built-in-sports-games-set-061,board,round-two,5,easy,olympics,Sports & Games: Colorful Mix,Sport ja mängud: värvikas segu,Character class (Dungeons & Dragons) — What kind of character does a Dungeons & Dragons player create?,Character class (Dungeons & Dragons) — Millist märki Dungeons & Dragons'i mängija loob?,player character,mängijategelane,,,A player creates a player character.,Mängija loob mängija iseloomu.,Character class (Dungeons & Dragons) — Wikipedia permanent revision 1370525608,https://en.wikipedia.org/w/index.php?title=Character_class_(Dungeons_%26_Dragons)&oldid=1370525608,CC-BY-SA-4.0,2026-08-25,reviewed,true
built-in-sports-games-clue-0306,built-in-sports-games,Sports and Games,built-in-sports-games-set-062,board,round-two,1,easy,racket-sports,Sports & Games: Colorful Medley,Sport ja mängud: värvikas valik,Waluigi — In which game did the character in “Racket Sports: Waluigi” first appear?,Waluigi — Millises mängus oli karakter Racket Sports: Waluigi® esimene ilmuda?,Mario Tennis,Mario Tennis,,,Mario Tennis was the first game.,Mario Tennis oli esimene mäng.,Waluigi — Wikipedia permanent revision 1370981283,https://en.wikipedia.org/w/index.php?title=Waluigi&oldid=1370981283,CC-BY-SA-4.0,2026-08-25,reviewed,true
built-in-sports-games-clue-0312,built-in-sports-games,Sports and Games,built-in-sports-games-set-062,board,round-two,2,easy,racket-sports,Sports & Games: Colorful Medley,Sport ja mängud: värvikas valik,Mario Tennis — Which publisher is associated with the video game in “Waluigi’s Debut Game”?,Mario Tennis — Milline kirjastaja on seotud kategoorias „Waluigi debüütmäng” käsitletava videomänguga?,Nintendo,Nintendo,,,Nintendo is the documented publisher.,Nintendo on selle videomängu kirjastaja.,Mario Tennis — Wikipedia permanent revision 1354737242,https://en.wikipedia.org/w/index.php?title=Mario_Tennis&oldid=1354737242,CC-BY-SA-4.0,2026-08-25,reviewed,true
built-in-sports-games-clue-0318,built-in-sports-games,Sports and Games,built-in-sports-games-set-062,board,round-two,3,easy,racket-sports,Sports & Games: Colorful Medley,Sport ja mängud: värvikas valik,House rule — In which broad tabletop category are house rules common?,House rule — Millises laias laua kategoorias on majareeglid ühised?,board games,lauamängud,,,House rules are common in board games.,Maja reeglid on lauamängudes tavalised.,House rule — Wikipedia permanent revision 1352359503,https://en.wikipedia.org/w/index.php?title=House_rule&oldid=1352359503,CC-BY-SA-4.0,2026-08-25,reviewed,true
built-in-sports-games-clue-0324,built-in-sports-games,Sports and Games,built-in-sports-games-set-062,board,round-two,4,easy,racket-sports,Sports & Games: Colorful Medley,Sport ja mängud: värvikas valik,Character class (Dungeons & Dragons) — Choosing a class is an early step when players do what to a character?,"Character class (Dungeons & Dragons) — Klassi valimine on varajane samm, kui mängijad teevad mida karakteriga?",create,luua,,,Choosing a class is one of the first steps used to create a character.,"Klassi valimine on üks esimesi samme, mida kasutatakse märgi loomiseks.",Character class (Dungeons & Dragons) — Wikipedia permanent revision 1370525608,https://en.wikipedia.org/w/index.php?title=Character_class_(Dungeons_%26_Dragons)&oldid=1370525608,CC-BY-SA-4.0,2026-08-25,reviewed,true
built-in-sports-games-clue-0330,built-in-sports-games,Sports and Games,built-in-sports-games-set-062,board,round-two,5,easy,racket-sports,Sports & Games: Colorful Medley,Sport ja mängud: värvikas valik,Trump: The Game — How many players are associated with the tabletop game in “Board and Card Games: Trump: The Game”?,Trump: The Game — Mitmele mängijale on mõeldud kategoorias „Laua- ja kaardimängud: Trump: The Game” käsitletav lauamäng?,3–4,3–4,,,3–4 was the players associated with this tabletop game.,Lauamäng on mõeldud 3–4 mängijale.,Trump: The Game — Wikipedia permanent revision 1369431566,https://en.wikipedia.org/w/index.php?title=Trump%3A_The_Game&oldid=1369431566,CC-BY-SA-4.0,2026-08-25,reviewed,true
built-in-sports-games-clue-0311,built-in-sports-games,Sports and Games,built-in-sports-games-set-063,board,round-two,1,easy,racket-sports,Sports & Games: Colorful Tour,Sport ja mängud: värvikas ringkäik,Mario Tennis — Which developer is credited for the video game in “Waluigi’s Debut Game”?,Mario Tennis — Milline arendaja on seotud kategoorias „Waluigi debüütmäng” käsitletava videomänguga?,Camelot Software Planning,Camelot Software Planning,,,Camelot Software Planning is the credited developer.,Camelot Software Planning on selle videomängu arendaja.,Mario Tennis — Wikipedia permanent revision 1354737242,https://en.wikipedia.org/w/index.php?title=Mario_Tennis&oldid=1354737242,CC-BY-SA-4.0,2026-08-25,reviewed,true
built-in-sports-games-clue-0317,built-in-sports-games,Sports and Games,built-in-sports-games-set-063,board,round-two,2,easy,racket-sports,Sports & Games: Colorful Tour,Sport ja mängud: värvikas ringkäik,House rule — House rules are unofficial changes to what official framework?,House rule — Millises ametlikus raamistikus on majareeglid mitteametlikud muudatused?,game rules,mängureeglid,,,House rules modify official game rules.,Maja reeglid muudavad ametlikke mängureegleid.,House rule — Wikipedia permanent revision 1352359503,https://en.wikipedia.org/w/index.php?title=House_rule&oldid=1352359503,CC-BY-SA-4.0,2026-08-25,reviewed,true
built-in-sports-games-clue-0323,built-in-sports-games,Sports and Games,built-in-sports-games-set-063,board,round-two,3,easy,racket-sports,Sports & Games: Colorful Tour,Sport ja mängud: värvikas ringkäik,Character class (Dungeons & Dragons) — What type of game is Dungeons & Dragons?,Character class (Dungeons & Dragons) — Mis tüüpi mäng on Dungeons & Dragons?,role-playing game,rollimäng,,,Dungeons & Dragons is a role-playing game.,Dungeons & Dragons on rollimäng.,Character class (Dungeons & Dragons) — Wikipedia permanent revision 1370525608,https://en.wikipedia.org/w/index.php?title=Character_class_(Dungeons_%26_Dragons)&oldid=1370525608,CC-BY-SA-4.0,2026-08-25,reviewed,true
built-in-sports-games-clue-0329,built-in-sports-games,Sports and Games,built-in-sports-games-set-063,board,round-two,4,easy,racket-sports,Sports & Games: Colorful Tour,Sport ja mängud: värvikas ringkäik,Trump: The Game — In which language was the tabletop game in “Board and Card Games: Trump: The Game” published?,Trump: The Game — Millises keeles oli lauamäng Board ja kaardimängud: Trump: Game'i avaldatud?,English,Inglise,,,English is the documented language.,Inglise keel on dokumenteeritud keel.,Trump: The Game — Wikipedia permanent revision 1369431566,https://en.wikipedia.org/w/index.php?title=Trump%3A_The_Game&oldid=1369431566,CC-BY-SA-4.0,2026-08-25,reviewed,true
built-in-sports-games-clue-0335,built-in-sports-games,Sports and Games,built-in-sports-games-set-063,board,round-two,5,easy,racket-sports,Sports & Games: Colorful Tour,Sport ja mängud: värvikas ringkäik,Computer chess — What pocket-sized hardware marks the other end of that range?,Computer chess — Milline taskusuurune riistvara tähistab selle kauguse teist otsa?,smart phones,nutitelefonid,,,Grandmaster-level chess software is also available on smart phones.,Grandmaster-taseme male tarkvara on saadaval ka nutitelefonid.,Computer chess — Wikipedia permanent revision 1367533734,https://en.wikipedia.org/w/index.php?title=Computer_chess&oldid=1367533734,CC-BY-SA-4.0,2026-08-25,reviewed,true
built-in-sports-games-clue-0316,built-in-sports-games,Sports and Games,built-in-sports-games-set-064,board,round-two,1,easy,board-card-games,Sports & Games: Colorful Grab Bag,Sport ja mängud: värvikas üllatuskott,House rule — What informal term describes an added or amended game rule used by a particular group?,"House rule — Milline mitteametlik mõiste kirjeldab lisatud või muudetud mängureeglit, mida konkreetne rühm kasutab?",House rule,Kodureegel,A house rule;House rules,Kodureegel.;Majareeglid,An unofficial rule adopted by a particular group is called a house rule.,Kontserni poolt vastu võetud mitteametlikku reeglit nimetatakse kodureegliks.,House rule — Wikipedia permanent revision 1352359503,https://en.wikipedia.org/w/index.php?title=House_rule&oldid=1352359503,CC-BY-SA-4.0,2026-08-25,reviewed,true
built-in-sports-games-clue-0322,built-in-sports-games,Sports and Games,built-in-sports-games-set-064,board,round-two,2,easy,board-card-games,Sports & Games: Colorful Grab Bag,Sport ja mängud: värvikas üllatuskott,Character class (Dungeons & Dragons) — Which game makes character class a fundamental part of a character’s identity?,Character class (Dungeons & Dragons) — Milline mäng muudab tegelase klassi tegelase identiteedi põhiliseks osaks?,Dungeons & Dragons,Dungeons & Dragons,,,Character classes are fundamental in Dungeons & Dragons.,Märkide klassid on Dungeons & Dragons'is väga olulised.,Character class (Dungeons & Dragons) — Wikipedia permanent revision 1370525608,https://en.wikipedia.org/w/index.php?title=Character_class_(Dungeons_%26_Dragons)&oldid=1370525608,CC-BY-SA-4.0,2026-08-25,reviewed,true
built-in-sports-games-clue-0328,built-in-sports-games,Sports and Games,built-in-sports-games-set-064,board,round-two,3,easy,board-card-games,Sports & Games: Colorful Grab Bag,Sport ja mängud: värvikas üllatuskott,Trump: The Game — When was the tabletop game in “Board and Card Games: Trump: The Game” first published?,Trump: The Game — Millal avaldati esimest korda kategoorias „Laua- ja kaardimängud: Trump: The Game” käsitletav lauamäng?,May 1989 (1989-05),mai 1989 (1989-05),,,It was published in May 1989 (1989-05).,See avaldati mais 1989 (1989-05).,Trump: The Game — Wikipedia permanent revision 1369431566,https://en.wikipedia.org/w/index.php?title=Trump%3A_The_Game&oldid=1369431566,CC-BY-SA-4.0,2026-08-25,reviewed,true
built-in-sports-games-clue-0334,built-in-sports-games,Sports and Games,built-in-sports-games-set-064,board,round-two,4,easy,board-card-games,Sports & Games: Colorful Grab Bag,Sport ja mängud: värvikas üllatuskott,Computer chess — What high-end hardware marks one end of the range for grandmaster-level chess programs?,Computer chess — Mis kõrgtasemel riistvara tähistab ühe otsa kaugusel grandmaster-tase male programmid?,supercomputers,superarvutid,,,Grandmaster-level chess programs run on hardware ranging from supercomputers to phones.,Grandmaster-taseme male programmid töötavad riistvara alates superarvutid telefonid.,Computer chess — Wikipedia permanent revision 1367533734,https://en.wikipedia.org/w/index.php?title=Computer_chess&oldid=1367533734,CC-BY-SA-4.0,2026-08-25,reviewed,true
built-in-sports-games-clue-0255,built-in-sports-games,Sports and Games,built-in-sports-games-set-064,board,round-two,5,easy,board-card-games,Sports & Games: Colorful Grab Bag,Sport ja mängud: värvikas üllatuskott,"2017 Formula One World Championship — In 2017, how did the FIA classify Formula One within open-wheel racing?",2017 Formula One World Championship — Kuidas liigitas FIA 2017. aastal vormeli avatud ratastega võidusõidus?,competition for open-wheel racing cars,avatud ratastega võidusõiduautode võistlus,,,"In 2017, it was the highest class of competition for open-wheel racing cars.",2017. aastal oli see avatud ratastega võidusõiduautode kõrgeim võistlusklass.,2017 Formula One World Championship — Wikipedia permanent revision 1369222157,https://en.wikipedia.org/w/index.php?title=2017_Formula_One_World_Championship&oldid=1369222157,CC-BY-SA-4.0,2026-08-25,reviewed,true
built-in-sports-games-clue-0321,built-in-sports-games,Sports and Games,built-in-sports-games-set-065,board,round-two,1,easy,board-card-games,Sports & Games: Colorful Roundup,Sport ja mängud: värvikas ülevaade,"Character class (Dungeons & Dragons) — What concept defines many of a role-playing character’s capabilities, strengths, and weaknesses?","Character class (Dungeons & Dragons) — Milline kontseptsioon määratleb paljud rolli mängiv tegelane's võimeid, tugevusi, ja nõrkusi?",A character class,tegelasklass,Character class;Class,Märkide klass;Klass,"A character class defines many of a character’s capabilities, strengths, and weaknesses.","Tegelaseklass määrab kindlaks paljud iseloomulised võimed, tugevad küljed ja nõrkused.",Character class (Dungeons & Dragons) — Wikipedia permanent revision 1370525608,https://en.wikipedia.org/w/index.php?title=Character_class_(Dungeons_%26_Dragons)&oldid=1370525608,CC-BY-SA-4.0,2026-08-25,reviewed,true
built-in-sports-games-clue-0327,built-in-sports-games,Sports and Games,built-in-sports-games-set-065,board,round-two,2,easy,board-card-games,Sports & Games: Colorful Roundup,Sport ja mängud: värvikas ülevaade,Trump: The Game — Name a publisher associated with the tabletop game in “Board and Card Games: Trump: The Game”.,Trump: The Game — Nimetage kirjastaja seotud lauamängu Board ja kaardimängud: Trump: The Game'i.,Milton Bradley Company,Milton Bradley Company,Parker Brothers,Parker Brothers,Milton Bradley Company is among the documented publishers.,Milton Bradley Company on üks selle videomängu kirjastajatest.,Trump: The Game — Wikipedia permanent revision 1369431566,https://en.wikipedia.org/w/index.php?title=Trump%3A_The_Game&oldid=1369431566,CC-BY-SA-4.0,2026-08-25,reviewed,true
built-in-sports-games-clue-0333,built-in-sports-games,Sports and Games,built-in-sports-games-set-065,board,round-two,3,easy,board-card-games,Sports & Games: Colorful Roundup,Sport ja mängud: värvikas ülevaade,"Computer chess — Besides dedicated hardware, what can enable a computer to play chess?",Computer chess — Mis saab arvutil lisaks spetsiaalsele riistvarale malet mängida?,software,tarkvara,,,Computer chess includes software capable of playing the game.,"Arvuti male sisaldab tarkvara, mis on võimeline mängu mängima.",Computer chess — Wikipedia permanent revision 1367533734,https://en.wikipedia.org/w/index.php?title=Computer_chess&oldid=1367533734,CC-BY-SA-4.0,2026-08-25,reviewed,true
built-in-sports-games-clue-0254,built-in-sports-games,Sports and Games,built-in-sports-games-set-065,board,round-two,4,easy,board-card-games,Sports & Games: Colorful Roundup,Sport ja mängud: värvikas ülevaade,"2017 Formula One World Championship — In 2017, which organization recognized the series as the highest open-wheel class?",2017 Formula One World Championship — Milline organisatsioon tunnustas 2017. aastal seeriat kõrgeima avatud rattaklassina?,Fédération Internationale de l'Automobile (FIA),Fédération Internationale de l'Automobile (FIA),,,"In 2017, the Fédération Internationale de l’Automobile, or FIA, recognized the series.",2017. aastal tunnustas seda seeriat Fédération Internationale de l-Automobiil ehk FIA.,2017 Formula One World Championship — Wikipedia permanent revision 1369222157,https://en.wikipedia.org/w/index.php?title=2017_Formula_One_World_Championship&oldid=1369222157,CC-BY-SA-4.0,2026-08-25,reviewed,true
built-in-sports-games-clue-0260,built-in-sports-games,Sports and Games,built-in-sports-games-set-065,board,round-two,5,easy,board-card-games,Sports & Games: Colorful Roundup,Sport ja mängud: värvikas ülevaade,List of Formula One World Drivers' Champions — Over what span do Formula One drivers accumulate points toward the world title?,List of Formula One World Drivers' Champions — Millise ajavahemiku jooksul koguvad vormelisõitjad maailmameistritiitli nimel punkte?,season,hooaeg,,,Drivers compete for points over the course of a season.,Juhid võistlevad hooaja jooksul punktide eest.,List of Formula One World Drivers' Champions — Wikipedia permanent revision 1370964382,https://en.wikipedia.org/w/index.php?title=List_of_Formula_One_World_Drivers'_Champions&oldid=1370964382,CC-BY-SA-4.0,2026-08-25,reviewed,true
built-in-sports-games-clue-0326,built-in-sports-games,Sports and Games,built-in-sports-games-set-066,board,round-two,1,easy,board-card-games,Sports & Games: Colorful Sampler,Sport ja mängud: värvikas proovivalik,"Trump: The Game — There is a Donald Trump Board Game, which was made in 1989.","Trump: The Game — On Donald Trump Board Game, mis tehti 1989.",True,Tõsi,,,Trump: The Game was first released as a board game in 1989.,Trump: Mäng ilmus esimest korda lauamäng 1989.,Trump: The Game — Wikipedia permanent revision 1369431566,https://en.wikipedia.org/w/index.php?title=Trump%3A_The_Game&oldid=1369431566,CC-BY-SA-4.0,2026-08-25,reviewed,true
built-in-sports-games-clue-0332,built-in-sports-games,Sports and Games,built-in-sports-games-set-066,board,round-two,2,easy,board-card-games,Sports & Games: Colorful Sampler,Sport ja mängud: värvikas proovivalik,Computer chess — What game do programs such as Stockfish play?,Computer chess — Milline mäng ei programmid nagu Stockfish mängida?,chess,male,,,Stockfish is built to play chess.,Kala on ehitatud malet mängima.,Computer chess — Wikipedia permanent revision 1367533734,https://en.wikipedia.org/w/index.php?title=Computer_chess&oldid=1367533734,CC-BY-SA-4.0,2026-08-25,reviewed,true
built-in-sports-games-clue-0253,built-in-sports-games,Sports and Games,built-in-sports-games-set-066,board,round-two,3,easy,board-card-games,Sports & Games: Colorful Sampler,Sport ja mängud: värvikas proovivalik,2017 Formula One World Championship — Which type of racing machine formed the field for the 2017 championship?,2017 Formula One World Championship — Millist tüüpi võidusõidu masin moodustas valdkonnas 2017 meistrivõistlustel?,Formula One cars,vormelautod,,,Formula One cars contested the championship.,Meistrivõistlustel osalesid vormelautod.,2017 Formula One World Championship — Wikipedia permanent revision 1369222157,https://en.wikipedia.org/w/index.php?title=2017_Formula_One_World_Championship&oldid=1369222157,CC-BY-SA-4.0,2026-08-25,reviewed,true
built-in-sports-games-clue-0259,built-in-sports-games,Sports and Games,built-in-sports-games-set-066,board,round-two,4,easy,board-card-games,Sports & Games: Colorful Sampler,Sport ja mängud: värvikas proovivalik,List of Formula One World Drivers' Champions — Which organization presents the Formula One World Drivers’ Championship?,List of Formula One World Drivers' Champions — Milline organisatsioon annab välja vormeli sõitjate maailmameistritiitli?,Fédération Internationale de l'Automobile,Fédération Internationale de l'Automobile,,,The Fédération Internationale de l’Automobile presents the championship.,Fédération Internationale de l-Automobiil esitleb meistritiitlit.,List of Formula One World Drivers' Champions — Wikipedia permanent revision 1370964382,https://en.wikipedia.org/w/index.php?title=List_of_Formula_One_World_Drivers'_Champions&oldid=1370964382,CC-BY-SA-4.0,2026-08-25,reviewed,true
built-in-sports-games-clue-0265,built-in-sports-games,Sports and Games,built-in-sports-games-set-066,board,round-two,5,easy,board-card-games,Sports & Games: Colorful Sampler,Sport ja mängud: värvikas proovivalik,2020 Summer Olympics — How many athletes are associated with the event or competition in “Olympic Games: 2020 Summer Olympics”?,2020 Summer Olympics — Mitu sportlast osales kategoorias „Olümpiamängud: 2020. aasta suveolümpiamängud” käsitletaval võistlusel?,"11,319",11 319,,,"11,319 was the athletes associated with this event or competition.",Võistlusel osales 11 319 sportlast.,2020 Summer Olympics — Wikipedia permanent revision 1367303148,https://en.wikipedia.org/w/index.php?title=2020_Summer_Olympics&oldid=1367303148,CC-BY-SA-4.0,2026-08-25,reviewed,true
built-in-sports-games-clue-0331,built-in-sports-games,Sports and Games,built-in-sports-games-set-067,board,round-two,1,easy,board-card-games,Sports & Games: Colorful Potpourri,Sport ja mängud: värvikas popurrii,"Computer chess — As of 2026, could the strongest human players easily beat the strongest game-playing computers?",Computer chess — Alates 2026. aastast võivad tugevaimad inimmängijad kergesti võita tugevaimad mänguarvutid?,False,Vale,,,"As of 2026, the strongest programs could play at grandmaster level or higher, so the statement is false.","Alates 2026. aastast võivad kõige tugevamad programmid mängida suurmeistri tasemel või kõrgemal, nii et väide on vale.",Computer chess — Wikipedia permanent revision 1367533734,https://en.wikipedia.org/w/index.php?title=Computer_chess&oldid=1367533734,CC-BY-SA-4.0,2026-08-25,reviewed,true
built-in-sports-games-clue-0252,built-in-sports-games,Sports and Games,built-in-sports-games-set-067,board,round-two,2,easy,board-card-games,Sports & Games: Colorful Potpourri,Sport ja mängud: värvikas popurrii,2017 Formula One World Championship — The 2017 championship was the 71st season of which racing category?,2017 Formula One World Championship — 2017. aasta meistrivõistlused olid 71. hooaja mis võidusõidu kategooria?,Formula One motor racing,vormelisõit,,,It was the 71st season of Formula One motor racing.,See oli vormelisõidu 71. hooaeg.,2017 Formula One World Championship — Wikipedia permanent revision 1369222157,https://en.wikipedia.org/w/index.php?title=2017_Formula_One_World_Championship&oldid=1369222157,CC-BY-SA-4.0,2026-08-25,reviewed,true
built-in-sports-games-clue-0258,built-in-sports-games,Sports and Games,built-in-sports-games-set-067,board,round-two,3,easy,board-card-games,Sports & Games: Colorful Potpourri,Sport ja mängud: värvikas popurrii,List of Formula One World Drivers' Champions — Which two drivers share the record of seven Formula One World Drivers’ Championships?,List of Formula One World Drivers' Champions — Millised kaks sõitjat jagavad vormeli sõitjate seitsme maailmameistritiitli rekordit?,Michael Schumacher and Lewis Hamilton,Michael Schumacher ja Lewis Hamilton,Lewis Hamilton and Michael Schumacher;Schumacher and Hamilton;Hamilton and Schumacher,Lewis Hamilton ja Michael Schumacher;Schumacher ja Hamilton;Hamilton ja Schumacher,Michael Schumacher and Lewis Hamilton have each won seven World Drivers’ Championships.,Michael Schumacher ja Lewis Hamilton on mõlemad võitnud seitse maailmameistrivõistlust.,List of Formula One World Drivers' Champions — Wikipedia permanent revision 1370964382,https://en.wikipedia.org/w/index.php?title=List_of_Formula_One_World_Drivers'_Champions&oldid=1370964382,CC-BY-SA-4.0,2026-08-25,reviewed,true
built-in-sports-games-clue-0264,built-in-sports-games,Sports and Games,built-in-sports-games-set-067,board,round-two,4,easy,board-card-games,Sports & Games: Colorful Potpourri,Sport ja mängud: värvikas popurrii,2020 Summer Olympics — How many nations are associated with the event or competition in “Olympic Games: 2020 Summer Olympics”?,2020 Summer Olympics — Mitu riiki osales kategoorias „Olümpiamängud: 2020. aasta suveolümpiamängud” käsitletaval võistlusel?,206,206,,,206 was the nations associated with this event or competition.,Võistlusel osales 206 riiki.,2020 Summer Olympics — Wikipedia permanent revision 1367303148,https://en.wikipedia.org/w/index.php?title=2020_Summer_Olympics&oldid=1367303148,CC-BY-SA-4.0,2026-08-25,reviewed,true
built-in-sports-games-clue-0270,built-in-sports-games,Sports and Games,built-in-sports-games-set-067,board,round-two,5,easy,board-card-games,Sports & Games: Colorful Potpourri,Sport ja mängud: värvikas popurrii,2016 Summer Olympics closing ceremony — Which location is associated with the event or competition in “Closing Night in Rio”?,2016 Summer Olympics closing ceremony — Millist toimumiskohta seostatakse kategoorias „Rio lõpuõhtu” käsitletava võistlusega?,Rio de Janeiro,Rio de Janeiro,,,The subject is associated with Rio de Janeiro.,Võistluse toimumiskoht on Rio de Janeiro.,2016 Summer Olympics closing ceremony — Wikipedia permanent revision 1368122624,https://en.wikipedia.org/w/index.php?title=2016_Summer_Olympics_closing_ceremony&oldid=1368122624,CC-BY-SA-4.0,2026-08-25,reviewed,true
built-in-sports-games-clue-0336,built-in-sports-games,Sports and Games,built-in-sports-games-set-068,board,round-two,1,medium,motorsport,Sports & Games: Colorful Challenge,Sport ja mängud: värvikas väljakutse,1988 Formula One World Championship — The 1988 world championship was a season of which racing class?,1988 Formula One World Championship — 1988. aasta maailmameistrivõistlused olid selle võidusõiduklassi hooaeg?,Formula One,vormel,,,The 1988 championship was a Formula One season.,1988. aasta meistrivõistlused moodustasid ühe vormelihooaja.,1988 Formula One World Championship — Wikipedia permanent revision 1371162986,https://en.wikipedia.org/w/index.php?title=1988_Formula_One_World_Championship&oldid=1371162986,CC-BY-SA-4.0,2026-08-25,reviewed,true
built-in-sports-games-clue-0342,built-in-sports-games,Sports and Games,built-in-sports-games-set-068,board,round-two,2,medium,motorsport,Sports & Games: Colorful Challenge,Sport ja mängud: värvikas väljakutse,2017 24 Hours of Le Mans — What kind of race was the 2017 24 Hours of Le Mans?,2017 24 Hours of Le Mans — Milline rass oli 2017 24 tundi Le Mans?,automobile endurance race,autode kestvussõit,,,The event was a 24-hour automobile endurance race.,Üritus oli 24-tunnine autode vastupidavuse võistlus.,2017 24 Hours of Le Mans — Wikipedia permanent revision 1370960824,https://en.wikipedia.org/w/index.php?title=2017_24_Hours_of_Le_Mans&oldid=1370960824,CC-BY-SA-4.0,2026-08-25,reviewed,true
built-in-sports-games-clue-0348,built-in-sports-games,Sports and Games,built-in-sports-games-set-068,board,round-two,3,medium,motorsport,Sports & Games: Colorful Challenge,Sport ja mängud: värvikas väljakutse,Formula E — What geographic scope does the Formula E championship have?,Formula E — Milline geograafiline ulatus on Vormel E meistrivõistlustel?,International,Rahvusvaheline,,,Formula E is an international championship.,Vormel E on rahvusvaheline meistrivõistlus.,Formula E — Wikipedia permanent revision 1370661756,https://en.wikipedia.org/w/index.php?title=Formula_E&oldid=1370661756,CC-BY-SA-4.0,2026-08-25,reviewed,true
built-in-sports-games-clue-0354,built-in-sports-games,Sports and Games,built-in-sports-games-set-068,board,round-two,4,medium,motorsport,Sports & Games: Colorful Challenge,Sport ja mängud: värvikas väljakutse,2016 24 Hours of Le Mans — Which grand-touring class competed alongside the prototypes in 2016?,2016 24 Hours of Le Mans — Milline ringreisiklass võistles 2016. aastal prototüüpide kõrval?,Le Mans Grand Touring Endurance,Le Mans Grand Touring Endurance,,,Le Mans Grand Touring Endurance cars formed the other class.,Le Mans Grand Touring Endurance autod moodustasid teise klassi.,2016 24 Hours of Le Mans — Wikipedia permanent revision 1370960475,https://en.wikipedia.org/w/index.php?title=2016_24_Hours_of_Le_Mans&oldid=1370960475,CC-BY-SA-4.0,2026-08-25,reviewed,true
built-in-sports-games-clue-0360,built-in-sports-games,Sports and Games,built-in-sports-games-set-068,board,round-two,5,medium,motorsport,Sports & Games: Colorful Challenge,Sport ja mängud: värvikas väljakutse,Michael Schumacher — Name one relative identified for the person in “Motorsport: Michael Schumacher”.,Michael Schumacher — Nimeta üks kategoorias „Autosport: Michael Schumacher” käsitletava inimese sugulane.,Ralf Schumacher,Ralf Schumacher,,,Ralf Schumacher is an identified relative.,Käsitletava isiku sugulane on Ralf Schumacher.,Michael Schumacher — Wikipedia permanent revision 1371264404,https://en.wikipedia.org/w/index.php?title=Michael_Schumacher&oldid=1371264404,CC-BY-SA-4.0,2026-08-25,reviewed,true
built-in-sports-games-clue-0341,built-in-sports-games,Sports and Games,built-in-sports-games-set-069,board,round-two,1,medium,motorsport,Sports & Games: Colorful Quiz,Sport ja mängud: värvikas viktoriin,2017 24 Hours of Le Mans — Which car manufacturer won the 2017 24 Hours of Le Mans?,2017 24 Hours of Le Mans — Milline autotootja võitis 2017 24 tundi Le Mans?,Porsche,Porsche,,,Porsche won the 2017 24 Hours of Le Mans.,Porsche võitis 2017 24 tundi Le Mansi.,2017 24 Hours of Le Mans — Wikipedia permanent revision 1370960824,https://en.wikipedia.org/w/index.php?title=2017_24_Hours_of_Le_Mans&oldid=1370960824,CC-BY-SA-4.0,2026-08-25,reviewed,true
built-in-sports-games-clue-0347,built-in-sports-games,Sports and Games,built-in-sports-games-set-069,board,round-two,2,medium,motorsport,Sports & Games: Colorful Quiz,Sport ja mängud: värvikas viktoriin,Formula E — What kind of power propels Formula E race cars?,Formula E — Millist jõuallikat kasutavad Vormel E võistlusautod?,Fully electric power,täiselektriline jõuallikas,Electric power;Electricity;Battery electric,Elektrienergia;Elektrienergia;Elektriakud,Formula E is a single-seater championship for fully electric racing cars.,Vormel E võistlusautod kasutavad täiselektrilist jõuallikat.,Formula E — Wikipedia permanent revision 1370661756,https://en.wikipedia.org/w/index.php?title=Formula_E&oldid=1370661756,CC-BY-SA-4.0,2026-08-25,reviewed,true
built-in-sports-games-clue-0353,built-in-sports-games,Sports and Games,built-in-sports-games-set-069,board,round-two,3,medium,motorsport,Sports & Games: Colorful Quiz,Sport ja mängud: värvikas viktoriin,2016 24 Hours of Le Mans — Which prototype class competed at Le Mans in 2016?,2016 24 Hours of Le Mans — Milline prototüüp võistles Le Mansis 2016. aastal?,Le Mans Prototype,Le Mans Prototype,,,Le Mans Prototype cars competed in the 2016 race.,Le Mans Prototype autod võistlesid 2016 võistlus.,2016 24 Hours of Le Mans — Wikipedia permanent revision 1370960475,https://en.wikipedia.org/w/index.php?title=2016_24_Hours_of_Le_Mans&oldid=1370960475,CC-BY-SA-4.0,2026-08-25,reviewed,true
built-in-sports-games-clue-0359,built-in-sports-games,Sports and Games,built-in-sports-games-set-069,board,round-two,4,medium,motorsport,Sports & Games: Colorful Quiz,Sport ja mängud: värvikas viktoriin,Michael Schumacher — Name one child identified for the person in “Motorsport: Michael Schumacher”.,"Michael Schumacher — Nimetage üks laps, kes on isiku jaoks identifitseeritud punktis ""Motorsport"": Michael Schumacher.",Gina-Maria,Gina-Maria,,,Gina-Maria is an identified child.,Gina-Maria on tuvastatud laps.,Michael Schumacher — Wikipedia permanent revision 1371264404,https://en.wikipedia.org/w/index.php?title=Michael_Schumacher&oldid=1371264404,CC-BY-SA-4.0,2026-08-25,reviewed,true
built-in-sports-games-clue-0365,built-in-sports-games,Sports and Games,built-in-sports-games-set-069,board,round-two,5,medium,motorsport,Sports & Games: Colorful Quiz,Sport ja mängud: värvikas viktoriin,1994 San Marino Grand Prix — What type of course hosted the event in “An Imola Race Weekend”?,1994 San Marino Grand Prix — Milline muidugi võõrustas sündmust Imola Race Weekend?,Permanent racing facility,Alaline võidusõidurajatis,,,Permanent racing facility describes the course.,Alaline võidusõidu rajatis kirjeldab kurssi.,1994 San Marino Grand Prix — Wikipedia permanent revision 1366755913,https://en.wikipedia.org/w/index.php?title=1994_San_Marino_Grand_Prix&oldid=1366755913,CC-BY-SA-4.0,2026-08-25,reviewed,true
built-in-sports-games-clue-0346,built-in-sports-games,Sports and Games,built-in-sports-games-set-070,board,round-two,1,medium,motorsport,Sports & Games: Colorful Odds & Ends,Sport ja mängud: värvikas üht-teist,Formula E — What category of racing championship is Formula E?,Formula E — Millist liiki võidusõidu meistrivõistlus on Vormel E?,Single-seater,ühekohaliste vormelautode võistlussari,,,Formula E is a single-seater racing championship.,Vormel E on ühekohaliste vormelautode võistlussari.,Formula E — Wikipedia permanent revision 1370661756,https://en.wikipedia.org/w/index.php?title=Formula_E&oldid=1370661756,CC-BY-SA-4.0,2026-08-25,reviewed,true
built-in-sports-games-clue-0352,built-in-sports-games,Sports and Games,built-in-sports-games-set-070,board,round-two,2,medium,motorsport,Sports & Games: Colorful Odds & Ends,Sport ja mängud: värvikas üht-teist,2016 24 Hours of Le Mans — What kind of event was the 2016 24 Hours of Le Mans?,2016 24 Hours of Le Mans — Mis sündmus oli 2016 24 tundi Le Mans?,automobile endurance racing event,autode kestvussõiduvõistlus,,,It was a 24-hour automobile endurance racing event.,See oli 24-tunnine autode vastupidavusvõistlus.,2016 24 Hours of Le Mans — Wikipedia permanent revision 1370960475,https://en.wikipedia.org/w/index.php?title=2016_24_Hours_of_Le_Mans&oldid=1370960475,CC-BY-SA-4.0,2026-08-25,reviewed,true
built-in-sports-games-clue-0358,built-in-sports-games,Sports and Games,built-in-sports-games-set-070,board,round-two,3,medium,motorsport,Sports & Games: Colorful Odds & Ends,Sport ja mängud: värvikas üht-teist,Michael Schumacher — Whom did the person in “Motorsport: Michael Schumacher” marry?,Michael Schumacher — Kellega abiellus kategoorias „Autosport: Michael Schumacher” käsitletav inimene?,Corinna Betsch,Corinna Betsch,,,Corinna Betsch is the identified spouse.,Käsitletava isiku abikaasa on Corinna Betsch.,Michael Schumacher — Wikipedia permanent revision 1371264404,https://en.wikipedia.org/w/index.php?title=Michael_Schumacher&oldid=1371264404,CC-BY-SA-4.0,2026-08-25,reviewed,true
built-in-sports-games-clue-0364,built-in-sports-games,Sports and Games,built-in-sports-games-set-070,board,round-two,4,medium,motorsport,Sports & Games: Colorful Odds & Ends,Sport ja mängud: värvikas üht-teist,1994 San Marino Grand Prix — Which location is associated with the event or competition in “An Imola Race Weekend”?,1994 San Marino Grand Prix — Millist toimumiskohta seostatakse kategoorias „Imola võistlusnädalavahetus” käsitletava võistlusega?,Autodromo Enzo e Dino Ferrari,Autodromo Enzo e Dino Ferrari,,,The subject is associated with Autodromo Enzo e Dino Ferrari.,Võistluse toimumiskoht on Autodromo Enzo e Dino Ferrari.,1994 San Marino Grand Prix — Wikipedia permanent revision 1366755913,https://en.wikipedia.org/w/index.php?title=1994_San_Marino_Grand_Prix&oldid=1366755913,CC-BY-SA-4.0,2026-08-25,reviewed,true
built-in-sports-games-clue-0370,built-in-sports-games,Sports and Games,built-in-sports-games-set-070,board,round-two,5,medium,motorsport,Sports & Games: Colorful Odds & Ends,Sport ja mängud: värvikas üht-teist,Skateboarding at the 2020 Summer Olympics — How many nations sent competitors to Olympic skateboarding’s debut in Tokyo?,Skateboarding at the 2020 Summer Olympics — Kui paljud riigid saatsid võistlejad olümpia rulamängudele Tokyos?,25 nations,25 riiki,Twenty-five nations,kakskümmend viis riiki,Olympic skateboarding’s debut field included 80 competitors from 25 nations.,Olümpia rula debüütvälja kuulus 80 konkurenti 25 riigist.,Skateboarding at the 2020 Summer Olympics — Wikipedia permanent revision 1339296152,https://en.wikipedia.org/w/index.php?title=Skateboarding_at_the_2020_Summer_Olympics&oldid=1339296152,CC-BY-SA-4.0,2026-08-25,reviewed,true
built-in-sports-games-clue-0351,built-in-sports-games,Sports and Games,built-in-sports-games-set-071,board,round-two,1,medium,motorsport,Sports & Games: Clever Mix,Sport ja mängud: nutikas segu,2016 24 Hours of Le Mans — The overall victory at the 2016 Le Mans endurance race went to which manufacturer?,2016 24 Hours of Le Mans — Üldine võit 2016 Le Mans vastupidavus rassi läks mis tootja?,Porsche,Porsche,,,Porsche won the 2016 24 Hours of Le Mans.,Porsche võitis 2016 24 tundi Le Mansi.,2016 24 Hours of Le Mans — Wikipedia permanent revision 1370960475,https://en.wikipedia.org/w/index.php?title=2016_24_Hours_of_Le_Mans&oldid=1370960475,CC-BY-SA-4.0,2026-08-25,reviewed,true
built-in-sports-games-clue-0357,built-in-sports-games,Sports and Games,built-in-sports-games-set-071,board,round-two,2,medium,motorsport,Sports & Games: Clever Mix,Sport ja mängud: nutikas segu,Michael Schumacher — In what year was the person in “Motorsport: Michael Schumacher” born?,Michael Schumacher — Mis aastal sündis kategoorias „Autosport: Michael Schumacher” käsitletav inimene?,1969,1969,,,The subject was born in 1969.,Käsitletava isiku sünniaasta on 1969.,Michael Schumacher — Wikipedia permanent revision 1371264404,https://en.wikipedia.org/w/index.php?title=Michael_Schumacher&oldid=1371264404,CC-BY-SA-4.0,2026-08-25,reviewed,true
built-in-sports-games-clue-0363,built-in-sports-games,Sports and Games,built-in-sports-games-set-071,board,round-two,3,medium,motorsport,Sports & Games: Clever Mix,Sport ja mängud: nutikas segu,1994 San Marino Grand Prix — Which official title was used for the event in “An Imola Race Weekend”?,"1994 San Marino Grand Prix — Millist ametlikku tiitlit kasutati üritusel ""An Imola Race Weekend""?",14º Gran Premio di San Marino,14º Gran Premio di San Marino,,,14º Gran Premio di San Marino was the official name.,14o Gran Premio di San Marino oli ametlik nimi.,1994 San Marino Grand Prix — Wikipedia permanent revision 1366755913,https://en.wikipedia.org/w/index.php?title=1994_San_Marino_Grand_Prix&oldid=1366755913,CC-BY-SA-4.0,2026-08-25,reviewed,true
built-in-sports-games-clue-0369,built-in-sports-games,Sports and Games,built-in-sports-games-set-071,board,round-two,4,medium,motorsport,Sports & Games: Clever Mix,Sport ja mängud: nutikas segu,Skateboarding at the 2020 Summer Olympics — How many competitors are associated with the event or competition in “Tokyo’s New Board Sport”?,Skateboarding at the 2020 Summer Olympics — Kui palju konkurente on seotud ürituse või võistlusega Tokyo's New Board Sport'is?,80,80,,,80 was the competitors associated with this event or competition.,Selle sündmuse või konkurentsiga seotud konkurendid olid 80.,Skateboarding at the 2020 Summer Olympics — Wikipedia permanent revision 1339296152,https://en.wikipedia.org/w/index.php?title=Skateboarding_at_the_2020_Summer_Olympics&oldid=1339296152,CC-BY-SA-4.0,2026-08-25,reviewed,true
built-in-sports-games-clue-0375,built-in-sports-games,Sports and Games,built-in-sports-games-set-071,board,round-two,5,medium,motorsport,Sports & Games: Clever Mix,Sport ja mängud: nutikas segu,Kabaddi — Can men and women compete together in “Raid and Tag”?,Kabaddi — Kas mehed ja naised võistlevad kategoorias „Rünnak ja puudutus” käsitletaval spordialal koos?,"No, competitions are separate for male and female","Ei, võistlused on meestele ja naistele eraldi.",,,"No, competitions are separate for male and female describes its mixed-sex competition format.","Ei, võistlused on eraldi mees- ja naissoost kirjeldab oma segasoost võistluse formaadis.",Kabaddi — Wikipedia permanent revision 1371003906,https://en.wikipedia.org/w/index.php?title=Kabaddi&oldid=1371003906,CC-BY-SA-4.0,2026-08-25,reviewed,true
built-in-sports-games-clue-0356,built-in-sports-games,Sports and Games,built-in-sports-games-set-072,board,round-two,1,medium,motorsport,Sports & Games: Clever Medley,Sport ja mängud: nutikas valik,Michael Schumacher — With which team did Michael Schumacher make his Formula One debut at the 1991 Belgian Grand Prix?,Michael Schumacher — Millise meeskonnaga tegi Michael Schumacher 1991. aasta Belgia Grand Prix’l vormelidebüüdi?,Jordan,Jordan,,,Michael Schumacher made his Formula One debut for Jordan at the 1991 Belgian Grand Prix.,Michael Schumacher tegi 1991. aasta Belgia Grand Prix’l vormelidebüüdi Jordani meeskonnaga.,Michael Schumacher — Wikipedia permanent revision 1371264404,https://en.wikipedia.org/w/index.php?title=Michael_Schumacher&oldid=1371264404,CC-BY-SA-4.0,2026-08-25,reviewed,true
built-in-sports-games-clue-0362,built-in-sports-games,Sports and Games,built-in-sports-games-set-072,board,round-two,2,medium,motorsport,Sports & Games: Clever Medley,Sport ja mängud: nutikas valik,1994 San Marino Grand Prix — What date is recorded for the event or competition in “An Imola Race Weekend”?,1994 San Marino Grand Prix — Mis kuupäeval toimus kategoorias „Imola võistlusnädalavahetus” käsitletav võistlus?,1 May 1994,1. mai 1994,,,The subject is dated to 1 May 1994.,Võistluse kuupäev on 1. mai 1994.,1994 San Marino Grand Prix — Wikipedia permanent revision 1366755913,https://en.wikipedia.org/w/index.php?title=1994_San_Marino_Grand_Prix&oldid=1366755913,CC-BY-SA-4.0,2026-08-25,reviewed,true
built-in-sports-games-clue-0368,built-in-sports-games,Sports and Games,built-in-sports-games-set-072,board,round-two,3,medium,motorsport,Sports & Games: Clever Medley,Sport ja mängud: nutikas valik,Skateboarding at the 2020 Summer Olympics — When did the event or competition in “Tokyo’s New Board Sport” take place or begin?,Skateboarding at the 2020 Summer Olympics — Millal toimus kategoorias „Tokyo uus rulaspordiala” käsitletav võistlus?,25 July – 5 August 2021,25. juuli - 5. august 2021,,,25 July – 5 August 2021 was the dates associated with this event or competition.,Võistlus toimus ajavahemikus 25. juuli - 5. august 2021.,Skateboarding at the 2020 Summer Olympics — Wikipedia permanent revision 1339296152,https://en.wikipedia.org/w/index.php?title=Skateboarding_at_the_2020_Summer_Olympics&oldid=1339296152,CC-BY-SA-4.0,2026-08-25,reviewed,true
built-in-sports-games-clue-0374,built-in-sports-games,Sports and Games,built-in-sports-games-set-072,board,round-two,4,medium,motorsport,Sports & Games: Clever Medley,Sport ja mängud: nutikas valik,Kabaddi — What level of contact does the sport in “Raid and Tag” involve?,Kabaddi — Millist kontakti spordiala hõlmab Raid ja Tag.?,Full,Täis,,,Full is the documented contact level.,Täielik on dokumenteeritud kontakttase.,Kabaddi — Wikipedia permanent revision 1371003906,https://en.wikipedia.org/w/index.php?title=Kabaddi&oldid=1371003906,CC-BY-SA-4.0,2026-08-25,reviewed,true
built-in-sports-games-clue-0380,built-in-sports-games,Sports and Games,built-in-sports-games-set-072,board,round-two,5,medium,motorsport,Sports & Games: Clever Medley,Sport ja mängud: nutikas valik,Northampton Saints — What short name follows Northampton in the common name of the town’s rugby union club?,Northampton Saints — Millise lühinimega tuntakse Northamptoni ragbiklubi?,Saints,Saints,,,Northampton Rugby Football Club is commonly known as Northampton Saints.,Northampton Rugby Football Clubi tuntakse nimega Northampton Saints.,Northampton Saints — Wikipedia permanent revision 1370508441,https://en.wikipedia.org/w/index.php?title=Northampton_Saints&oldid=1370508441,CC-BY-SA-4.0,2026-08-25,reviewed,true
built-in-sports-games-clue-0361,built-in-sports-games,Sports and Games,built-in-sports-games-set-073,board,round-two,1,medium,motorsport,Sports & Games: Clever Tour,Sport ja mängud: nutikas ringkäik,"1994 San Marino Grand Prix — Who won the 1994 San Marino Grand Prix, the race in which Ayrton Senna was killed?","1994 San Marino Grand Prix — Kes võitis 1994. aasta San Marino Grand Prix', võidujooksu, kus Ayrton Senna tapeti?",Michael Schumacher,Michael Schumacher,,,Michael Schumacher won the 1994 San Marino Grand Prix.,Michael Schumacher võitis 1994 San Marino Grand Prix.,1994 San Marino Grand Prix — Wikipedia permanent revision 1366755913,https://en.wikipedia.org/w/index.php?title=1994_San_Marino_Grand_Prix&oldid=1366755913,CC-BY-SA-4.0,2026-08-25,reviewed,true
built-in-sports-games-clue-0367,built-in-sports-games,Sports and Games,built-in-sports-games-set-073,board,round-two,2,medium,motorsport,Sports & Games: Clever Tour,Sport ja mängud: nutikas ringkäik,Skateboarding at the 2020 Summer Olympics — Which venue is recorded for the event or competition in “Tokyo’s New Board Sport”?,Skateboarding at the 2020 Summer Olympics — Millises paigas toimus kategoorias „Tokyo uus rulaspordiala” käsitletav võistlus?,Ariake Urban Sports Park,Ariake Urban Sports Park,,,The subject took place at Ariake Urban Sports Park.,Võistlus toimus asukohas Ariake Urban Sports Park.,Skateboarding at the 2020 Summer Olympics — Wikipedia permanent revision 1339296152,https://en.wikipedia.org/w/index.php?title=Skateboarding_at_the_2020_Summer_Olympics&oldid=1339296152,CC-BY-SA-4.0,2026-08-25,reviewed,true
built-in-sports-games-clue-0373,built-in-sports-games,Sports and Games,built-in-sports-games-set-073,board,round-two,3,medium,motorsport,Sports & Games: Clever Tour,Sport ja mängud: nutikas ringkäik,Kabaddi — Give one nickname associated with “Raid and Tag”.,Kabaddi — Nimeta üks kategoorias „Rünnak ja puudutus” käsitletava isiku või meeskonna hüüdnimi.,Kai Pidi,Kai Pidi,,,Kai Pidi is one of the documented nicknames.,Kai Pidi on üks kasutatud hüüdnimedest.,Kabaddi — Wikipedia permanent revision 1371003906,https://en.wikipedia.org/w/index.php?title=Kabaddi&oldid=1371003906,CC-BY-SA-4.0,2026-08-25,reviewed,true
built-in-sports-games-clue-0379,built-in-sports-games,Sports and Games,built-in-sports-games-set-073,board,round-two,4,medium,motorsport,Sports & Games: Clever Tour,Sport ja mängud: nutikas ringkäik,"Northampton Saints — What is the full name of the team or club in “Black, Green and Gold Rugby”?","Northampton Saints — Mis on meeskonna või klubi täisnimi Black, Green ja Gold Rugby?",Northampton Rugby Football Club,Northampton Rugby Football Club,,,Northampton Rugby Football Club is the subject’s full name.,Käsitletava isiku täisnimi on Northampton Rugby Football Club.,Northampton Saints — Wikipedia permanent revision 1370508441,https://en.wikipedia.org/w/index.php?title=Northampton_Saints&oldid=1370508441,CC-BY-SA-4.0,2026-08-25,reviewed,true
built-in-sports-games-clue-0385,built-in-sports-games,Sports and Games,built-in-sports-games-set-073,board,round-two,5,medium,motorsport,Sports & Games: Clever Tour,Sport ja mängud: nutikas ringkäik,Stimpmeter — Edward S. Stimpson formerly captained the golf team of which university?,Stimpmeter — Edward S. Stimpson varem kapten golf meeskond milline ülikool?,Harvard,Harvard,Harvard University,Harvardi Ülikool,Edward S. Stimpson was a former Harvard golf team captain.,Edward S. Stimpson oli endine Harvardi golfimeeskonna kapten.,Stimpmeter — Wikipedia permanent revision 1214230475,https://en.wikipedia.org/w/index.php?title=Stimpmeter&oldid=1214230475,CC-BY-SA-4.0,2026-08-25,reviewed,true
built-in-sports-games-clue-0366,built-in-sports-games,Sports and Games,built-in-sports-games-set-074,board,round-two,1,medium,olympics,Sports & Games: Clever Grab Bag,Sport ja mängud: nutikas üllatuskott,Skateboarding at the 2020 Summer Olympics — Skateboarding was included in the 2020 Summer Olympics in Tokyo.,Skateboarding at the 2020 Summer Olympics — Rulasõit kaasati 2020. aasta suveolümpiamängudele Tokyos.,True,Tõsi,,,Skateboarding made its Summer Olympic debut at Tokyo 2020.,Uisutamine tegi oma suve olümpia debüüdi Tokyo 2020.,Skateboarding at the 2020 Summer Olympics — Wikipedia permanent revision 1339296152,https://en.wikipedia.org/w/index.php?title=Skateboarding_at_the_2020_Summer_Olympics&oldid=1339296152,CC-BY-SA-4.0,2026-08-25,reviewed,true
built-in-sports-games-clue-0372,built-in-sports-games,Sports and Games,built-in-sports-games-set-074,board,round-two,2,medium,olympics,Sports & Games: Clever Grab Bag,Sport ja mängud: nutikas üllatuskott,Kabaddi — Which governing body is associated with the sport in “Raid and Tag”?,Kabaddi — Milline juhtorgan korraldab kategoorias „Rünnak ja puudutus” käsitletavat spordiala?,International Kabaddi Federation,Rahvusvaheline Kabaddi Föderatsioon,,,International Kabaddi Federation is a listed governing body.,Rahvusvaheline Kabaddi Föderatsioon on selle spordiala juhtorgan.,Kabaddi — Wikipedia permanent revision 1371003906,https://en.wikipedia.org/w/index.php?title=Kabaddi&oldid=1371003906,CC-BY-SA-4.0,2026-08-25,reviewed,true
built-in-sports-games-clue-0378,built-in-sports-games,Sports and Games,built-in-sports-games-set-074,board,round-two,3,medium,olympics,Sports & Games: Clever Grab Bag,Sport ja mängud: nutikas üllatuskott,"Northampton Saints — Which location is associated with the team or club in “Black, Green and Gold Rugby”?","Northampton Saints — Milline asukoht on seotud meeskonna või klubiga Black, Green ja Gold Rugbys?",Northampton,Northampton,,,The subject is associated with Northampton.,Võistluse toimumiskoht on Northampton.,Northampton Saints — Wikipedia permanent revision 1370508441,https://en.wikipedia.org/w/index.php?title=Northampton_Saints&oldid=1370508441,CC-BY-SA-4.0,2026-08-25,reviewed,true
built-in-sports-games-clue-0384,built-in-sports-games,Sports and Games,built-in-sports-games-set-074,board,round-two,4,medium,olympics,Sports & Games: Clever Grab Bag,Sport ja mängud: nutikas üllatuskott,Stimpmeter — Edward S. Stimpson was an amateur golf champion of which state?,Stimpmeter — Edward S. Stimpson oli amatöör golf meister milline riik?,Massachusetts,Massachusetts,,,Edward S. Stimpson was the Massachusetts state amateur champion.,Edward S. Stimpson oli Massachusettsi osariigi amatöörmeister.,Stimpmeter — Wikipedia permanent revision 1214230475,https://en.wikipedia.org/w/index.php?title=Stimpmeter&oldid=1214230475,CC-BY-SA-4.0,2026-08-25,reviewed,true
built-in-sports-games-clue-0390,built-in-sports-games,Sports and Games,built-in-sports-games-set-074,board,round-two,5,medium,olympics,Sports & Games: Clever Grab Bag,Sport ja mängud: nutikas üllatuskott,Darts — What equipment does a darts player need for a standard turn?,Darts — Millist varustust noolemängija vajab standardseks pöördeks?,Three darts and a dartboard,kolm noolt ja noolelaud,3 darts and a dartboard;A set of three darts and a dartboard,3 noolt ja noollaud;Komplekt kolm noolt ja noollaud,A player throws a set of three darts at a dartboard.,Mängija viskab kolm noolt noolelauale.,Darts — Wikipedia permanent revision 1368739057,https://en.wikipedia.org/w/index.php?title=Darts&oldid=1368739057,CC-BY-SA-4.0,2026-08-25,reviewed,true
built-in-sports-games-clue-0371,built-in-sports-games,Sports and Games,built-in-sports-games-set-075,board,round-two,1,medium,traditional-sports,Sports & Games: Clever Roundup,Sport ja mängud: nutikas ülevaade,Kabaddi — Which contact team sport sends a raider into the opposing half to tag defenders?,Kabaddi — Milline kontaktmeeskonna sport saadab Raideri vastase poolele kaitsjatele?,Kabaddi,Kabaddi,,,Kabaddi is a contact team sport built around raids into the opposing half.,"Kabaddi on kontaktmeeskonna sport, mis on ehitatud ümber reidide vastase poole.",Kabaddi — Wikipedia permanent revision 1371003906,https://en.wikipedia.org/w/index.php?title=Kabaddi&oldid=1371003906,CC-BY-SA-4.0,2026-08-25,reviewed,true
built-in-sports-games-clue-0377,built-in-sports-games,Sports and Games,built-in-sports-games-set-075,board,round-two,2,medium,traditional-sports,Sports & Games: Clever Roundup,Sport ja mängud: nutikas ülevaade,"Northampton Saints — In what year was the team or club in “Black, Green and Gold Rugby” founded or first held?","Northampton Saints — Mis aastal asutati kategoorias „Musta, rohelise ja kuldse värviga ragbi” käsitletav meeskond või klubi?",1880,1880,,,The subject dates its beginning to 1880.,Käsitletava üksuse algusaasta on 1880.,Northampton Saints — Wikipedia permanent revision 1370508441,https://en.wikipedia.org/w/index.php?title=Northampton_Saints&oldid=1370508441,CC-BY-SA-4.0,2026-08-25,reviewed,true
built-in-sports-games-clue-0383,built-in-sports-games,Sports and Games,built-in-sports-games-set-075,board,round-two,3,medium,traditional-sports,Sports & Games: Clever Roundup,Sport ja mängud: nutikas ülevaade,Stimpmeter — In what year was the Stimpmeter designed?,Stimpmeter — Mis aastal oli Stimpomeeter kavandatud?,1935,1935,,,The Stimpmeter was designed in 1935.,Stimpomeeter on kavandatud 1935.,Stimpmeter — Wikipedia permanent revision 1214230475,https://en.wikipedia.org/w/index.php?title=Stimpmeter&oldid=1214230475,CC-BY-SA-4.0,2026-08-25,reviewed,true
built-in-sports-games-clue-0389,built-in-sports-games,Sports and Games,built-in-sports-games-set-075,board,round-two,4,medium,traditional-sports,Sports & Games: Clever Roundup,Sport ja mängud: nutikas ülevaade,Darts — Name one darts competition that includes team events.,"Darts — Nimetage üks noolte võistlus, mis sisaldab meeskonna üritusi.",WDF World Cup,WDF World Cup,PDC World Cup of Darts,PDC maailma karikanooled,The article cites the WDF World Cup and PDC World Cup of Darts as team-event examples.,Artiklis nimetatakse WDF World Cup'i ja PDC World Cup'i meeskonnaürituste näideteks.,Darts — Wikipedia permanent revision 1368739057,https://en.wikipedia.org/w/index.php?title=Darts&oldid=1368739057,CC-BY-SA-4.0,2026-08-25,reviewed,true
built-in-sports-games-clue-0395,built-in-sports-games,Sports and Games,built-in-sports-games-set-075,board,round-two,5,medium,traditional-sports,Sports & Games: Clever Roundup,Sport ja mängud: nutikas ülevaade,Super Bowl LI — Give the favored team and spread before Super Bowl LI.,Super Bowl LI — Andke soositud meeskond ja hargnege enne Super Bowli LI-d.,Patriots by 3,Patriots 3 punktiga,,,The Patriots were favored by three points.,Patrioodidele meeldisid kolm punkti.,Super Bowl LI — Wikipedia permanent revision 1361729037,https://en.wikipedia.org/w/index.php?title=Super_Bowl_LI&oldid=1361729037,CC-BY-SA-4.0,2026-08-25,reviewed,true
built-in-sports-games-clue-0376,built-in-sports-games,Sports and Games,built-in-sports-games-set-076,board,round-two,1,medium,traditional-sports,Sports & Games: Clever Sampler,Sport ja mängud: nutikas proovivalik,"Northampton Saints — Which rugby union includes the club in “Black, Green and Gold Rugby”?","Northampton Saints — Millises ragbiliidus on klubi Black, Green ja Gold Rugby?",East Midlands RFU,East Midlands RFU,,,East Midlands RFU is the documented union.,East Midlands RFU on dokumenteeritud liit.,Northampton Saints — Wikipedia permanent revision 1370508441,https://en.wikipedia.org/w/index.php?title=Northampton_Saints&oldid=1370508441,CC-BY-SA-4.0,2026-08-25,reviewed,true
built-in-sports-games-clue-0382,built-in-sports-games,Sports and Games,built-in-sports-games-set-076,board,round-two,2,medium,traditional-sports,Sports & Games: Clever Sampler,Sport ja mängud: nutikas proovivalik,Stimpmeter — To what object does a Stimpmeter apply a known velocity?,Stimpmeter — Millisele objektile kasutab Stimpomeeter teadaolevat kiirust?,Golf ball,Golfipall,,,A Stimpmeter applies a known velocity to a golf ball and measures how far it travels.,"Stimpomeeter kohaldatakse tuntud kiirus golfipalli ja mõõdab, kui kaugele ta liigub.",Stimpmeter — Wikipedia permanent revision 1214230475,https://en.wikipedia.org/w/index.php?title=Stimpmeter&oldid=1214230475,CC-BY-SA-4.0,2026-08-25,reviewed,true
built-in-sports-games-clue-0388,built-in-sports-games,Sports and Games,built-in-sports-games-set-076,board,round-two,3,medium,traditional-sports,Sports & Games: Clever Sampler,Sport ja mängud: nutikas proovivalik,Darts — Give one nickname associated with “Traditional Sports: Darts”.,Darts — Nimeta üks kategoorias „Traditsioonilised spordialad: noolemäng” käsitletava isiku või meeskonna hüüdnimi.,Arrows,Nooled,,,Arrows is one of the documented nicknames.,Nooled on üks kasutatud hüüdnimedest.,Darts — Wikipedia permanent revision 1368739057,https://en.wikipedia.org/w/index.php?title=Darts&oldid=1368739057,CC-BY-SA-4.0,2026-08-25,reviewed,true
built-in-sports-games-clue-0394,built-in-sports-games,Sports and Games,built-in-sports-games-set-076,board,round-two,4,medium,traditional-sports,Sports & Games: Clever Sampler,Sport ja mängud: nutikas proovivalik,Super Bowl LI — Who was named MVP in “Traditional Sports: Super Bowl LI”?,Super Bowl LI — Kes nimetati MVP-ks traditsioonilistes spordialades: Super Bowl LI's?,Tom Brady,Tom Brady,,,Tom Brady was the MVP.,Tom Brady valiti kõige väärtuslikumaks mängijaks.,Super Bowl LI — Wikipedia permanent revision 1361729037,https://en.wikipedia.org/w/index.php?title=Super_Bowl_LI&oldid=1361729037,CC-BY-SA-4.0,2026-08-25,reviewed,true
built-in-sports-games-clue-0400,built-in-sports-games,Sports and Games,built-in-sports-games-set-076,board,round-two,5,medium,traditional-sports,Sports & Games: Clever Sampler,Sport ja mängud: nutikas proovivalik,WWE Raw — Who writes the programme in “Traditional Sports: WWE Raw”?,WWE Raw — Kes kirjutavad WWE Raw saate?,Raw creative writers,Raw loominguline kirjutajate tiim,,,Raw creative writers receives the writing credit.,Saate kirjutamise eest vastutab Raw loominguline kirjutajate tiim.,WWE Raw — Wikipedia permanent revision 1368626354,https://en.wikipedia.org/w/index.php?title=WWE_Raw&oldid=1368626354,CC-BY-SA-4.0,2026-08-25,reviewed,true
built-in-sports-games-clue-0381,built-in-sports-games,Sports and Games,built-in-sports-games-set-077,board,round-two,1,medium,traditional-sports,Sports & Games: Clever Potpourri,Sport ja mängud: nutikas popurrii,Stimpmeter — A Stimpmeter measures the speed of what golf surface?,Stimpmeter — Mis golfiväljaku kiirust mõõdab stimpmeeter?,A golf-course putting green,golfiväljaku griin,Putting green;Golf putting green,Rohelise panemine;Golf paneb roheline,A Stimpmeter measures the speed of a golf-course putting green.,Stimpmeter mõõdab kiirus golfiväljak panemine roheline.,Stimpmeter — Wikipedia permanent revision 1214230475,https://en.wikipedia.org/w/index.php?title=Stimpmeter&oldid=1214230475,CC-BY-SA-4.0,2026-08-25,reviewed,true
built-in-sports-games-clue-0387,built-in-sports-games,Sports and Games,built-in-sports-games-set-077,board,round-two,2,medium,traditional-sports,Sports & Games: Clever Potpourri,Sport ja mängud: nutikas popurrii,Darts — Which governing body is associated with the event or competition in “Traditional Sports: Darts”?,Darts — Milline juhtorgan on seotud ürituse või võistlusega traditsioonilises spordis: lendnooled?,PDC,PDC,,,PDC is a listed governing body.,PDC on selle spordiala juhtorgan.,Darts — Wikipedia permanent revision 1368739057,https://en.wikipedia.org/w/index.php?title=Darts&oldid=1368739057,CC-BY-SA-4.0,2026-08-25,reviewed,true
built-in-sports-games-clue-0393,built-in-sports-games,Sports and Games,built-in-sports-games-set-077,board,round-two,3,medium,traditional-sports,Sports & Games: Clever Potpourri,Sport ja mängud: nutikas popurrii,Super Bowl LI — Which stadium hosted Super Bowl LI?,Super Bowl LI — Milline staadion korraldas Super Bowli LI?,NRG Stadium,NRG Stadium,,,NRG Stadium hosted Super Bowl LI.,NRG staadion võõrustas Super Bowl LI.,Super Bowl LI — Wikipedia permanent revision 1361729037,https://en.wikipedia.org/w/index.php?title=Super_Bowl_LI&oldid=1361729037,CC-BY-SA-4.0,2026-08-25,reviewed,true
built-in-sports-games-clue-0399,built-in-sports-games,Sports and Games,built-in-sports-games-set-077,board,round-two,4,medium,traditional-sports,Sports & Games: Clever Potpourri,Sport ja mängud: nutikas popurrii,WWE Raw — Who created WWE Raw?,WWE Raw — Kes lõi WWE Raw?,Vince McMahon,Vince McMahon,,,Vince McMahon is credited as the creator of WWE Raw.,Vince McMahoni peetakse WWE Raw loojaks.,WWE Raw — Wikipedia permanent revision 1368626354,https://en.wikipedia.org/w/index.php?title=WWE_Raw&oldid=1368626354,CC-BY-SA-4.0,2026-08-25,reviewed,true
built-in-sports-games-clue-0405,built-in-sports-games,Sports and Games,built-in-sports-games-set-077,board,round-two,5,medium,traditional-sports,Sports & Games: Clever Potpourri,Sport ja mängud: nutikas popurrii,Don Bradman — In which military branch did the person in “Traditional Sports: Don Bradman” serve?,Don Bradman — Millises sõjaväe harubüroos oli see isik traditsioonilistes spordialades: Don Bradman?,Royal Australian Air Force,Kuninglik Austraalia õhujõud,,,Royal Australian Air Force is the documented branch of service.,Royal Australian Air Force on dokumenteeritud haru teenust.,Don Bradman — Wikipedia permanent revision 1369515497,https://en.wikipedia.org/w/index.php?title=Don_Bradman&oldid=1369515497,CC-BY-SA-4.0,2026-08-25,reviewed,true
built-in-sports-games-clue-0386,built-in-sports-games,Sports and Games,built-in-sports-games-set-078,board,round-two,1,medium,traditional-sports,Sports & Games: Clever Challenge,Sport ja mängud: nutikas väljakutse,Darts — At what round target are the small sharp-pointed projectiles thrown in the sport of darts?,Darts — Millises ümmarguses sihtmärgis visatakse väikesed teravate noolemängudega lendkehad?,A dartboard,noolelaud,Dartboard,Noollauad,Darts players throw sharp-pointed projectiles at a round dartboard.,Noolega mängijad viskavad teravate nurkadega lendkehasid ümmargusele noollauale.,Darts — Wikipedia permanent revision 1368739057,https://en.wikipedia.org/w/index.php?title=Darts&oldid=1368739057,CC-BY-SA-4.0,2026-08-25,reviewed,true
built-in-sports-games-clue-0392,built-in-sports-games,Sports and Games,built-in-sports-games-set-078,board,round-two,2,medium,traditional-sports,Sports & Games: Clever Challenge,Sport ja mängud: nutikas väljakutse,Super Bowl LI — Give the calendar date of the 2017 championship game labeled Super Bowl LI.,Super Bowl LI — Anna kalendri kuupäeva 2017 meistrivõistluste mäng sildiga Super Bowl LI.,"February 5, 2017",5. veebruar 2017,,,"Super Bowl LI was played on February 5, 2017.",Super Bowl LI mängiti 5. veebruaril 2017.,Super Bowl LI — Wikipedia permanent revision 1361729037,https://en.wikipedia.org/w/index.php?title=Super_Bowl_LI&oldid=1361729037,CC-BY-SA-4.0,2026-08-25,reviewed,true
built-in-sports-games-clue-0398,built-in-sports-games,Sports and Games,built-in-sports-games-set-078,board,round-two,3,medium,traditional-sports,Sports & Games: Clever Challenge,Sport ja mängud: nutikas väljakutse,WWE Raw — What genre is WWE Raw?,WWE Raw — Mis žanr on WWE Raw?,Professional wrestling,Professionaalne maadlus,,,WWE Raw is classified as Professional wrestling.,WWE Raw on liigitatud professionaalseks maadluseks.,WWE Raw — Wikipedia permanent revision 1368626354,https://en.wikipedia.org/w/index.php?title=WWE_Raw&oldid=1368626354,CC-BY-SA-4.0,2026-08-25,reviewed,true
built-in-sports-games-clue-0404,built-in-sports-games,Sports and Games,built-in-sports-games-set-078,board,round-two,4,medium,traditional-sports,Sports & Games: Clever Challenge,Sport ja mängud: nutikas väljakutse,Don Bradman — Where did the person in “Traditional Sports: Don Bradman” die?,Don Bradman — Kus suri inimene traditsioonilises spordis: Don Bradman?,"Kensington Park, South Australia","Kensington Park, Lõuna-Austraalia",,,"The documented place of death is Kensington Park, South Australia.","Dokumenteeritud surmapaik on Kensington Park, Lõuna-Austraalia.",Don Bradman — Wikipedia permanent revision 1369515497,https://en.wikipedia.org/w/index.php?title=Don_Bradman&oldid=1369515497,CC-BY-SA-4.0,2026-08-25,reviewed,true
built-in-sports-games-clue-0410,built-in-sports-games,Sports and Games,built-in-sports-games-set-078,board,round-two,5,medium,traditional-sports,Sports & Games: Clever Challenge,Sport ja mängud: nutikas väljakutse,Duck (cricket) — Which future king made a score of nought that an 1866 newspaper compared with a duck’s egg?,Duck (cricket) — Milline tulevane kuningas sai 1866. aasta ajalehe võrdluse järgi pardimunaga sarnase nullskoori?,Edward VII,Edward VII,,,The Prince of Wales who became Edward VII made that score.,"Selle nullskoori sai Walesi prints, kellest hiljem sai Edward VII.",Duck (cricket) — Wikipedia permanent revision 1368836173,https://en.wikipedia.org/w/index.php?title=Duck_(cricket)&oldid=1368836173,CC-BY-SA-4.0,2026-08-25,reviewed,true
built-in-sports-games-clue-0391,built-in-sports-games,Sports and Games,built-in-sports-games-set-079,board,round-two,1,medium,traditional-sports,Sports & Games: Clever Quiz,Sport ja mängud: nutikas viktoriin,Super Bowl LI — Which team won Super Bowl LI?,Super Bowl LI — Milline meeskond võitis Super Bowli LI?,Patriots,Patriots,,,The New England Patriots won Super Bowl LI after overcoming a 28–3 deficit.,"New England Patriots võitis Super Bowl LI, tulles tagasi 28 : 3 kaotusseisust.",Super Bowl LI — Wikipedia permanent revision 1361729037,https://en.wikipedia.org/w/index.php?title=Super_Bowl_LI&oldid=1361729037,CC-BY-SA-4.0,2026-08-25,reviewed,true
built-in-sports-games-clue-0397,built-in-sports-games,Sports and Games,built-in-sports-games-set-079,board,round-two,2,medium,traditional-sports,Sports & Games: Clever Quiz,Sport ja mängud: nutikas viktoriin,WWE Raw — Under what former title was the programme in “Traditional Sports: WWE Raw” also known?,"WWE Raw — Millise endise pealkirja all oli programm ""Traditional Sports: WWE Raw'?",Raw is War (1997–2001),Raw Is War (1997–2001),,,Raw is War (1997–2001) is a former title.,Toores on sõda (1997-2001) on endine tiitel.,WWE Raw — Wikipedia permanent revision 1368626354,https://en.wikipedia.org/w/index.php?title=WWE_Raw&oldid=1368626354,CC-BY-SA-4.0,2026-08-25,reviewed,true
built-in-sports-games-clue-0403,built-in-sports-games,Sports and Games,built-in-sports-games-set-079,board,round-two,3,medium,traditional-sports,Sports & Games: Clever Quiz,Sport ja mängud: nutikas viktoriin,Don Bradman — To which country did the person in “Traditional Sports: Don Bradman” owe military allegiance?,Don Bradman — Millisele riigile võlgnes isik traditsioonilises spordis: Don Bradman'ile sõjaväelise truuduse?,Australia,Austraalia,,,Australia is the documented allegiance.,Austraalia on dokumenteeritud truudus.,Don Bradman — Wikipedia permanent revision 1369515497,https://en.wikipedia.org/w/index.php?title=Don_Bradman&oldid=1369515497,CC-BY-SA-4.0,2026-08-25,reviewed,true
built-in-sports-games-clue-0409,built-in-sports-games,Sports and Games,built-in-sports-games-set-079,board,round-two,4,medium,traditional-sports,Sports & Games: Clever Quiz,Sport ja mängud: nutikas viktoriin,Duck (cricket) — Which player can be dismissed for a duck?,Duck (cricket) — Milline mängija võib pardi pärast vallandada?,batter,lööja,,,A batter dismissed for zero records a duck.,"Tapja vallandati, sest ei salvestanud parti.",Duck (cricket) — Wikipedia permanent revision 1368836173,https://en.wikipedia.org/w/index.php?title=Duck_(cricket)&oldid=1368836173,CC-BY-SA-4.0,2026-08-25,reviewed,true
built-in-sports-games-clue-0415,built-in-sports-games,Sports and Games,built-in-sports-games-set-079,board,round-two,5,medium,traditional-sports,Sports & Games: Clever Quiz,Sport ja mängud: nutikas viktoriin,Mario Kart 64 — Who produced the video game in “Racing After the Console Launch”?,Mario Kart 64 — Kes tootis kategoorias „Võidusõit pärast konsooli ilmumist” käsitletava videomängu?,Shigeru Miyamoto,Shigeru Miyamoto,,,Shigeru Miyamoto is the credited producer.,Shigeru Miyamoto on selle videomängu produtsent.,Mario Kart 64 — Wikipedia permanent revision 1369476708,https://en.wikipedia.org/w/index.php?title=Mario_Kart_64&oldid=1369476708,CC-BY-SA-4.0,2026-08-25,reviewed,true
built-in-sports-games-clue-0396,built-in-sports-games,Sports and Games,built-in-sports-games-set-080,board,round-two,1,medium,traditional-sports,Sports & Games: Clever Odds & Ends,Sport ja mängud: nutikas üht-teist,WWE Raw — In what year did WWE Raw first air?,WWE Raw — Mis aastal oli WWE Raw esimene õhk?,1993,1993,,,WWE Raw first aired on 11 January 1993.,WWE Raw eetris esimest korda 11. jaanuaril 1993.,WWE Raw — Wikipedia permanent revision 1368626354,https://en.wikipedia.org/w/index.php?title=WWE_Raw&oldid=1368626354,CC-BY-SA-4.0,2026-08-25,reviewed,true
built-in-sports-games-clue-0402,built-in-sports-games,Sports and Games,built-in-sports-games-set-080,board,round-two,2,medium,traditional-sports,Sports & Games: Clever Odds & Ends,Sport ja mängud: nutikas üht-teist,Don Bradman — In what year was the person in “Traditional Sports: Don Bradman” born?,Don Bradman — Mis aastal sündis kategoorias „Traditsioonilised spordialad: Don Bradman” käsitletav inimene?,1908,1908,,,The subject was born in 1908.,Käsitletava isiku sünniaasta on 1908.,Don Bradman — Wikipedia permanent revision 1369515497,https://en.wikipedia.org/w/index.php?title=Don_Bradman&oldid=1369515497,CC-BY-SA-4.0,2026-08-25,reviewed,true
built-in-sports-games-clue-0408,built-in-sports-games,Sports and Games,built-in-sports-games-set-080,board,round-two,3,medium,traditional-sports,Sports & Games: Clever Odds & Ends,Sport ja mängud: nutikas üht-teist,Duck (cricket) — What kind of result does a duck record for the striker?,Duck (cricket) — Millist tulemust part streikijale salvestab?,dismissal,väljalangemine,,,A duck records a dismissal for zero.,Part registreerib vallandamise nulli eest.,Duck (cricket) — Wikipedia permanent revision 1368836173,https://en.wikipedia.org/w/index.php?title=Duck_(cricket)&oldid=1368836173,CC-BY-SA-4.0,2026-08-25,reviewed,true
built-in-sports-games-clue-0414,built-in-sports-games,Sports and Games,built-in-sports-games-set-080,board,round-two,4,medium,traditional-sports,Sports & Games: Clever Odds & Ends,Sport ja mängud: nutikas üht-teist,Mario Kart 64 — Who directed the video game in “Racing After the Console Launch”?,Mario Kart 64 — Kes lavastas kategoorias „Võidusõit pärast konsooli ilmumist” käsitletava videomängu?,Hideki Konno,Hideki Konno,,,Hideki Konno is the credited director.,Hideki Konno on selle videomängu lavastaja.,Mario Kart 64 — Wikipedia permanent revision 1369476708,https://en.wikipedia.org/w/index.php?title=Mario_Kart_64&oldid=1369476708,CC-BY-SA-4.0,2026-08-25,reviewed,true
built-in-sports-games-clue-0420,built-in-sports-games,Sports and Games,built-in-sports-games-set-080,board,round-two,5,medium,traditional-sports,Sports & Games: Clever Odds & Ends,Sport ja mängud: nutikas üht-teist,Yu-Gi-Oh! Trading Card Game — What release date is associated with the tabletop game in “Board and Card Games: Yu-Gi-Oh! Trading Card Game”?,Yu-Gi-Oh! Trading Card Game — Mis aastal ilmus kategoorias „Laua- ja kaardimängud: Yu-Gi-Oh! Trading Card Game” käsitletav lauamäng?,1999,1999,,,The subject was released on 1999.,Lauamäng ilmus 1999. aastal.,Yu-Gi-Oh! Trading Card Game — Wikipedia permanent revision 1369163958,https://en.wikipedia.org/w/index.php?title=Yu-Gi-Oh!_Trading_Card_Game&oldid=1369163958,CC-BY-SA-4.0,2026-08-25,reviewed,true
built-in-sports-games-clue-0401,built-in-sports-games,Sports and Games,built-in-sports-games-set-081,board,round-two,1,medium,traditional-sports,Sports & Games: Playful Mix,Sport ja mängud: mänguline segu,Don Bradman — What was Sir Donald Bradman's batting average in test matches?,Don Bradman — Mis oli söör Donald Bradman'i löökide keskmine testis?,99.94,"99,94",,,Donald Bradman finished his Test cricket career with a batting average of 99.94.,Donald Bradman lõpetas oma testikriketikarjääri keskmiselt 99.94.,Don Bradman — Wikipedia permanent revision 1369515497,https://en.wikipedia.org/w/index.php?title=Don_Bradman&oldid=1369515497,CC-BY-SA-4.0,2026-08-25,reviewed,true
built-in-sports-games-clue-0407,built-in-sports-games,Sports and Games,built-in-sports-games-set-081,board,round-two,2,medium,traditional-sports,Sports & Games: Playful Mix,Sport ja mängud: mänguline segu,Duck (cricket) — In which sport can a score of zero be called a duck?,Duck (cricket) — Millises spordialas saab nulli skoori nimetada pardiks?,cricket,kriket,,,A duck is a term from cricket.,Part on termin kriketist.,Duck (cricket) — Wikipedia permanent revision 1368836173,https://en.wikipedia.org/w/index.php?title=Duck_(cricket)&oldid=1368836173,CC-BY-SA-4.0,2026-08-25,reviewed,true
built-in-sports-games-clue-0413,built-in-sports-games,Sports and Games,built-in-sports-games-set-081,board,round-two,3,medium,traditional-sports,Sports & Games: Playful Mix,Sport ja mängud: mänguline segu,Mario Kart 64 — Which developer is credited for the video game in “Racing After the Console Launch”?,Mario Kart 64 — Milline arendaja on seotud kategoorias „Võidusõit pärast konsooli ilmumist” käsitletava videomänguga?,Nintendo EAD,Nintendo EAD,,,Nintendo EAD is the credited developer.,Nintendo EAD on selle videomängu arendaja.,Mario Kart 64 — Wikipedia permanent revision 1369476708,https://en.wikipedia.org/w/index.php?title=Mario_Kart_64&oldid=1369476708,CC-BY-SA-4.0,2026-08-25,reviewed,true
built-in-sports-games-clue-0419,built-in-sports-games,Sports and Games,built-in-sports-games-set-081,board,round-two,4,medium,traditional-sports,Sports & Games: Playful Mix,Sport ja mängud: mänguline segu,Yu-Gi-Oh! Trading Card Game — Name a publisher associated with the tabletop game in “Board and Card Games: Yu-Gi-Oh! Trading Card Game”.,Yu-Gi-Oh! Trading Card Game — Nimi kirjastaja seotud lauamängu Board ja kaardimängud: Yu-Gi-Oh! Trading Card Game.,Konami,Konami,Upper Deck;Daewon,Ülemine tekk;Daewon,Konami is among the documented publishers.,Konami on üks selle videomängu kirjastajatest.,Yu-Gi-Oh! Trading Card Game — Wikipedia permanent revision 1369163958,https://en.wikipedia.org/w/index.php?title=Yu-Gi-Oh!_Trading_Card_Game&oldid=1369163958,CC-BY-SA-4.0,2026-08-25,reviewed,true
built-in-sports-games-clue-0340,built-in-sports-games,Sports and Games,built-in-sports-games-set-081,board,round-two,5,medium,traditional-sports,Sports & Games: Playful Mix,Sport ja mängud: mänguline segu,1988 Formula One World Championship — Which driver took the 1988 Formula One world title for McLaren-Honda?,1988 Formula One World Championship — Milline sõitja võitis McLaren-Hondaga 1988. aasta vormeli maailmameistritiitli?,Ayrton Senna,Ayrton Senna,,,Ayrton Senna won the 1988 drivers’ title for McLaren-Honda.,Ayrton Senna võitis 1988. aasta McLaren-Honda juhitiitli.,1988 Formula One World Championship — Wikipedia permanent revision 1371162986,https://en.wikipedia.org/w/index.php?title=1988_Formula_One_World_Championship&oldid=1371162986,CC-BY-SA-4.0,2026-08-25,reviewed,true
built-in-sports-games-clue-0406,built-in-sports-games,Sports and Games,built-in-sports-games-set-082,board,round-two,1,medium,traditional-sports,Sports & Games: Playful Medley,Sport ja mängud: mänguline valik,Duck (cricket) — What waterfowl term describes a score of zero?,Duck (cricket) — Milline vesikonna termin kirjeldab nulli skoori?,Duck,part,,,A score of zero is called a duck.,Nullpunkti nimetatakse pardiks.,Duck (cricket) — Wikipedia permanent revision 1368836173,https://en.wikipedia.org/w/index.php?title=Duck_(cricket)&oldid=1368836173,CC-BY-SA-4.0,2026-08-25,reviewed,true
built-in-sports-games-clue-0412,built-in-sports-games,Sports and Games,built-in-sports-games-set-082,board,round-two,2,medium,traditional-sports,Sports & Games: Playful Medley,Sport ja mängud: mänguline valik,"Mario Kart 64 — Which Nintendo 64 kart racer reached Japan in December 1996, after the console’s launch?",Mario Kart 64 — Milline Nintendo 64 kart võidusõitja jõudis Jaapanisse 1996. aasta detsembris pärast konsooli käivitamist?,Mario Kart 64,Mario Kart 64,,,"Mario Kart 64 was released in Japan on December 14, 1996, months after the Nintendo 64 launched.","Mario Kart 64 vabastati Jaapanis 14. detsembril 1996, kuid pärast Nintendo 64 käivitatud.",Mario Kart 64 — Wikipedia permanent revision 1369476708,https://en.wikipedia.org/w/index.php?title=Mario_Kart_64&oldid=1369476708,CC-BY-SA-4.0,2026-08-25,reviewed,true
built-in-sports-games-clue-0418,built-in-sports-games,Sports and Games,built-in-sports-games-set-082,board,round-two,3,medium,traditional-sports,Sports & Games: Playful Medley,Sport ja mängud: mänguline valik,Yu-Gi-Oh! Trading Card Game — Name a variant of the game in “Board and Card Games: Yu-Gi-Oh! Trading Card Game”.,Yu-Gi-Oh! Trading Card Game — Nimi variant mängu Board ja kaardimängud: Yu-Gi-Oh! Trading Card Game'i.,Yu-Gi-Oh! Rush Duel,Yu-Gi-Oh! Rush Duel,,,Yu-Gi-Oh! Rush Duel is a named variant.,Rush Duel on teisend.,Yu-Gi-Oh! Trading Card Game — Wikipedia permanent revision 1369163958,https://en.wikipedia.org/w/index.php?title=Yu-Gi-Oh!_Trading_Card_Game&oldid=1369163958,CC-BY-SA-4.0,2026-08-25,reviewed,true
built-in-sports-games-clue-0339,built-in-sports-games,Sports and Games,built-in-sports-games-set-082,board,round-two,4,medium,traditional-sports,Sports & Games: Playful Medley,Sport ja mängud: mänguline valik,1988 Formula One World Championship — Which race stopped McLaren from sweeping every round of the 1988 Formula One season?,1988 Formula One World Championship — Milline võistlus takistas McLarenil võita 1988. aasta vormelihooaja kõiki etappe?,Italian Grand Prix,Itaalia Grand Prix,,,The Italian Grand Prix was the only 1988 race not won by a McLaren driver.,Itaalia Grand Prix oli ainus 1988 rassi ei võitnud McLaren juht.,1988 Formula One World Championship — Wikipedia permanent revision 1371162986,https://en.wikipedia.org/w/index.php?title=1988_Formula_One_World_Championship&oldid=1371162986,CC-BY-SA-4.0,2026-08-25,reviewed,true
built-in-sports-games-clue-0345,built-in-sports-games,Sports and Games,built-in-sports-games-set-082,board,round-two,5,medium,traditional-sports,Sports & Games: Playful Medley,Sport ja mängud: mänguline valik,2017 24 Hours of Le Mans — At which circuit did the 2017 Le Mans endurance race run for 24 hours?,2017 24 Hours of Le Mans — Millises ringkonnas kestis 2017. aasta Le Mans'i vastupidavusjooks 24 tundi?,Circuit de la Sarthe,Circuit de la Sarthe,,,The race took place at the Circuit de la Sarthe.,Võistlus toimus Circuit de la Sarthe'is.,2017 24 Hours of Le Mans — Wikipedia permanent revision 1370960824,https://en.wikipedia.org/w/index.php?title=2017_24_Hours_of_Le_Mans&oldid=1370960824,CC-BY-SA-4.0,2026-08-25,reviewed,true
built-in-sports-games-clue-0411,built-in-sports-games,Sports and Games,built-in-sports-games-set-083,board,round-two,1,medium,motorsport,Sports & Games: Playful Tour,Sport ja mängud: mänguline ringkäik,Mario Kart 64 — Which publisher is associated with the video game in “Racing After the Console Launch”?,Mario Kart 64 — Milline kirjastaja on seotud kategoorias „Võidusõit pärast konsooli ilmumist” käsitletava videomänguga?,Nintendo,Nintendo,,,Nintendo is the documented publisher.,Nintendo on selle videomängu kirjastaja.,Mario Kart 64 — Wikipedia permanent revision 1369476708,https://en.wikipedia.org/w/index.php?title=Mario_Kart_64&oldid=1369476708,CC-BY-SA-4.0,2026-08-25,reviewed,true
built-in-sports-games-clue-0417,built-in-sports-games,Sports and Games,built-in-sports-games-set-083,board,round-two,2,medium,motorsport,Sports & Games: Playful Tour,Sport ja mängud: mänguline ringkäik,Yu-Gi-Oh! Trading Card Game — Give an alternative name for the game in “Board and Card Games: Yu-Gi-Oh! Trading Card Game”.,Yu-Gi-Oh! Trading Card Game — Anna mängule alternatiivne nimi: Yu-Gi-Oh! Kauplemiskaardi mäng.,Yu-Gi-Oh! Official Card Game,Yu-Gi-Oh! Official Card Game,,,Yu-Gi-Oh! Official Card Game is an alternative name.,Ametlik kaardimäng on alternatiivne nimi.,Yu-Gi-Oh! Trading Card Game — Wikipedia permanent revision 1369163958,https://en.wikipedia.org/w/index.php?title=Yu-Gi-Oh!_Trading_Card_Game&oldid=1369163958,CC-BY-SA-4.0,2026-08-25,reviewed,true
built-in-sports-games-clue-0338,built-in-sports-games,Sports and Games,built-in-sports-games-set-083,board,round-two,3,medium,motorsport,Sports & Games: Playful Tour,Sport ja mängud: mänguline ringkäik,"1988 Formula One World Championship — Which constructor, partnered with Honda, won the 1988 Formula One title?",1988 Formula One World Championship — Milline Hondaga koostööd teinud konstruktor võitis 1988. aasta vormelitiitli?,McLaren,McLaren,,,McLaren-Honda won the 1988 constructors’ championship.,McLaren-Honda võitis 1988. aasta meistrivõistlused.,1988 Formula One World Championship — Wikipedia permanent revision 1371162986,https://en.wikipedia.org/w/index.php?title=1988_Formula_One_World_Championship&oldid=1371162986,CC-BY-SA-4.0,2026-08-25,reviewed,true
built-in-sports-games-clue-0344,built-in-sports-games,Sports and Games,built-in-sports-games-set-083,board,round-two,4,medium,motorsport,Sports & Games: Playful Tour,Sport ja mängud: mänguline ringkäik,2017 24 Hours of Le Mans — What does the LMGTE class name expand to?,2017 24 Hours of Le Mans — Millele LMGTE klassinimi laieneb?,Le Mans Grand Touring Endurance,Le Mans Grand Touring Endurance,,,LMGTE stands for Le Mans Grand Touring Endurance.,LMGTE tähendab Le Mans Grand Touring Endurance'i.,2017 24 Hours of Le Mans — Wikipedia permanent revision 1370960824,https://en.wikipedia.org/w/index.php?title=2017_24_Hours_of_Le_Mans&oldid=1370960824,CC-BY-SA-4.0,2026-08-25,reviewed,true
built-in-sports-games-clue-0350,built-in-sports-games,Sports and Games,built-in-sports-games-set-083,board,round-two,5,medium,motorsport,Sports & Games: Playful Tour,Sport ja mängud: mänguline ringkäik,Formula E — How many drivers are associated with the event or competition in “Motorsport: Formula E”?,Formula E — Mitu sõitjat osaleb kategoorias „Autosport: Vormel E” käsitletaval võistlusel?,24,24,,,24 was the drivers associated with this event or competition.,Võistlusel osaleb 24 sõitjat.,Formula E — Wikipedia permanent revision 1370661756,https://en.wikipedia.org/w/index.php?title=Formula_E&oldid=1370661756,CC-BY-SA-4.0,2026-08-25,reviewed,true
built-in-sports-games-clue-0416,built-in-sports-games,Sports and Games,built-in-sports-games-set-084,board,round-two,1,medium,board-card-games,Sports & Games: Playful Grab Bag,Sport ja mängud: mänguline üllatuskott,Yu-Gi-Oh! Trading Card Game — What type of Trap Card is Solemn Judgment?,Yu-Gi-Oh! Trading Card Game — Mis tüüpi lõksukaart on Solemni kohtuotsus?,Counter Trap,Counter Trap,A Counter Trap,Vastulõks,Solemn Judgment is a Counter Trap that can negate another card’s activation.,"Solemni kohtuotsus on vastulõks, mis võib tühistada veel ühe kaardi aktiveerimise.",Yu-Gi-Oh! Trading Card Game — Wikipedia permanent revision 1369163958,https://en.wikipedia.org/w/index.php?title=Yu-Gi-Oh!_Trading_Card_Game&oldid=1369163958,CC-BY-SA-4.0,2026-08-25,reviewed,true
built-in-sports-games-clue-0337,built-in-sports-games,Sports and Games,built-in-sports-games-set-084,board,round-two,2,medium,board-card-games,Sports & Games: Playful Grab Bag,Sport ja mängud: mänguline üllatuskott,1988 Formula One World Championship — Which governing-body initials open the official name of the 1988 Formula One season?,1988 Formula One World Championship — Millise juhtorgani lühendiga algab 1988. aasta vormelihooaja ametlik nimi?,FIA,FIA,,,The official championship name begins with FIA.,Ametlik meistrivõistluste nimi algab FIA-ga.,1988 Formula One World Championship — Wikipedia permanent revision 1371162986,https://en.wikipedia.org/w/index.php?title=1988_Formula_One_World_Championship&oldid=1371162986,CC-BY-SA-4.0,2026-08-25,reviewed,true
built-in-sports-games-clue-0343,built-in-sports-games,Sports and Games,built-in-sports-games-set-084,board,round-two,3,medium,board-card-games,Sports & Games: Playful Grab Bag,Sport ja mängud: mänguline üllatuskott,"2017 24 Hours of Le Mans — Which prototype class, abbreviated LMP, competed at Le Mans in 2017?","2017 24 Hours of Le Mans — Milline prototüüp klassi lühendatud LMP, võistles Le Mans 2017?",Le Mans Prototype,Le Mans Prototype,,,Le Mans Prototype cars formed the LMP class.,Le Mans Prototype autod moodustasid LMP klassi.,2017 24 Hours of Le Mans — Wikipedia permanent revision 1370960824,https://en.wikipedia.org/w/index.php?title=2017_24_Hours_of_Le_Mans&oldid=1370960824,CC-BY-SA-4.0,2026-08-25,reviewed,true
built-in-sports-games-clue-0349,built-in-sports-games,Sports and Games,built-in-sports-games-set-084,board,round-two,4,medium,board-card-games,Sports & Games: Playful Grab Bag,Sport ja mängud: mänguline üllatuskott,Formula E — Which season inaugurated the competition in “Motorsport: Formula E”?,Formula E — Milline hooaeg oli Vormel E avahooaeg?,2014–15,2014–15,,,2014–15 was the inaugural season.,2014–15 oli võistlussarja avahooaeg.,Formula E — Wikipedia permanent revision 1370661756,https://en.wikipedia.org/w/index.php?title=Formula_E&oldid=1370661756,CC-BY-SA-4.0,2026-08-25,reviewed,true
built-in-sports-games-clue-0355,built-in-sports-games,Sports and Games,built-in-sports-games-set-084,board,round-two,5,medium,board-card-games,Sports & Games: Playful Grab Bag,Sport ja mängud: mänguline üllatuskott,2016 24 Hours of Le Mans — Where was the 2016 edition of the 24-hour Le Mans race held?,2016 24 Hours of Le Mans — Kus toimus 24-tunnise Le Mansi võistluse 2016. aasta väljaanne?,Circuit de la Sarthe,Circuit de la Sarthe,,,The event took place at the Circuit de la Sarthe.,Üritus toimus Circuit de la Sarthe'is.,2016 24 Hours of Le Mans — Wikipedia permanent revision 1370960475,https://en.wikipedia.org/w/index.php?title=2016_24_Hours_of_Le_Mans&oldid=1370960475,CC-BY-SA-4.0,2026-08-25,reviewed,true
built-in-sports-games-clue-0421,built-in-sports-games,Sports and Games,built-in-sports-games-set-085,board,round-two,1,hard,video-game-history,Sports & Games: Playful Roundup,Sport ja mängud: mänguline ülevaade,Tom Clancy's The Division — What is the name of the virus that infected New York in Tom Clancy's The Division?,"Tom Clancy's The Division — Mis on selle viiruse nimi, mis nakatas New Yorki Tom Clancy Osakonnas?",Dollar Flu,Dollar Flu,,,The smallpox-based outbreak in The Division is known as the Dollar Flu.,Rõugete põhjustatud puhang Osakonnas on tuntud kui Dollar Flug.,Tom Clancy's The Division — Wikipedia permanent revision 1371181043,https://en.wikipedia.org/w/index.php?title=Tom_Clancy's_The_Division&oldid=1371181043,CC-BY-SA-4.0,2026-08-25,reviewed,true
built-in-sports-games-clue-0427,built-in-sports-games,Sports and Games,built-in-sports-games-set-085,board,round-two,2,hard,video-game-history,Sports & Games: Playful Roundup,Sport ja mängud: mänguline ülevaade,Half-Life (video game) — Which developer is credited for the video game in “Video Game History: Half-Life”?,Half-Life (video game) — Milline arendaja on seotud kategoorias „Videomängude ajalugu: Half-Life” käsitletava videomänguga?,Valve,Valve,,,Valve is the credited developer.,Valve on selle videomängu arendaja.,Half-Life (video game) — Wikipedia permanent revision 1371171989,https://en.wikipedia.org/w/index.php?title=Half-Life_(video_game)&oldid=1371171989,CC-BY-SA-4.0,2026-08-25,reviewed,true
built-in-sports-games-clue-0433,built-in-sports-games,Sports and Games,built-in-sports-games-set-085,board,round-two,3,hard,video-game-history,Sports & Games: Playful Roundup,Sport ja mängud: mänguline ülevaade,Monopoly (game) — Name a publisher associated with the tabletop game in “Property Trading Game”.,"Monopoly (game) — Nimetage kirjastaja, kes on seotud lauamänguga, mis on seotud ""Property Trading Game'iga.""",Hasbro,Hasbro,Parker Brothers;Waddingtons;Funskool,Parker Brothers;Vaddingtonid;Funskool,Hasbro is among the documented publishers.,Hasbro on üks selle videomängu kirjastajatest.,Monopoly (game) — Wikipedia permanent revision 1371172534,https://en.wikipedia.org/w/index.php?title=Monopoly_(game)&oldid=1371172534,CC-BY-SA-4.0,2026-08-25,reviewed,true
built-in-sports-games-clue-0439,built-in-sports-games,Sports and Games,built-in-sports-games-set-085,board,round-two,4,hard,video-game-history,Sports & Games: Playful Roundup,Sport ja mängud: mänguline ülevaade,Expected value — What repeated trials produce the long-run average interpreted as expected value?,"Expected value — Millised korduvad katsed annavad pikaajalise keskmise, mida tõlgendatakse eeldatava väärtusena?",independent repetitions of the same random experiment,sama juhusliku katse sõltumatud kordused,,,Expected value describes the long-run average from independent repetitions of the same random experiment.,Oodatav väärtus kirjeldab sama juhusliku katse sõltumatute korduste pikaajalist keskmist.,Expected value — Wikipedia permanent revision 1367789743,https://en.wikipedia.org/w/index.php?title=Expected_value&oldid=1367789743,CC-BY-SA-4.0,2026-08-25,reviewed,true
built-in-sports-games-clue-0445,built-in-sports-games,Sports and Games,built-in-sports-games-set-085,board,round-two,5,hard,video-game-history,Sports & Games: Playful Roundup,Sport ja mängud: mänguline ülevaade,Kingdom Hearts — Which franchises supply the basis for “Video Game History: Kingdom Hearts”?,Kingdom Hearts — Millised frantsiisid annavad aluse Video Game History: Kingdom Hearts'ile?,Disney and Square Enix franchises,Disney ja Square Enix frantsiisid,,,Disney and Square Enix franchises supply the source franchises.,Disney ja Square Enix frantsiisid varustavad allika frantsiisi.,Kingdom Hearts — Wikipedia permanent revision 1371051410,https://en.wikipedia.org/w/index.php?title=Kingdom_Hearts&oldid=1371051410,CC-BY-SA-4.0,2026-08-25,reviewed,true
built-in-sports-games-clue-0426,built-in-sports-games,Sports and Games,built-in-sports-games-set-086,board,round-two,1,hard,video-game-history,Sports & Games: Playful Sampler,Sport ja mängud: mänguline proovivalik,Half-Life (video game) — What catastrophic experiment at Black Mesa opens the events of Half-Life?,Half-Life (video game) — Milline katastroofiline eksperiment Black Mesas käivitab Half-Life'i sündmused?,The resonance cascade,resonantskaskaad,Resonance cascade,Resonantskaskaat,A Black Mesa experiment triggers the resonance cascade that opens Half-Life.,Black Mesa eksperiment põhjustab Half-Life'i alguses resonantskaskaadi.,Half-Life (video game) — Wikipedia permanent revision 1371171989,https://en.wikipedia.org/w/index.php?title=Half-Life_(video_game)&oldid=1371171989,CC-BY-SA-4.0,2026-08-25,reviewed,true
built-in-sports-games-clue-0432,built-in-sports-games,Sports and Games,built-in-sports-games-set-086,board,round-two,2,hard,video-game-history,Sports & Games: Playful Sampler,Sport ja mängud: mänguline proovivalik,"Monopoly (game) — Which designer created The Landlord’s Game, the basis for Monopoly?","Monopoly (game) — Milline disainer lõi Mängija, Monopoli aluse?",Lizzie Magie,Lizzie Magie,,,"Lizzie Magie designed The Landlord’s Game, on which Monopoly was based.","Lizzie Magie kujundas ""Majaisalik"" mängu, millel monopol põhines.",Monopoly (game) — Wikipedia permanent revision 1371172534,https://en.wikipedia.org/w/index.php?title=Monopoly_(game)&oldid=1371172534,CC-BY-SA-4.0,2026-08-25,reviewed,true
built-in-sports-games-clue-0438,built-in-sports-games,Sports and Games,built-in-sports-games-set-086,board,round-two,3,hard,video-game-history,Sports & Games: Playful Sampler,Sport ja mängud: mänguline proovivalik,Expected value — Expected value generalizes what kind of average?,Expected value — Milline keskmine on eeldatav väärtus?,weighted average,kaalutud keskmine,,,Expected value is a generalization of the weighted average.,Oodatav väärtus on kaalutud keskmise üldistus.,Expected value — Wikipedia permanent revision 1367789743,https://en.wikipedia.org/w/index.php?title=Expected_value&oldid=1367789743,CC-BY-SA-4.0,2026-08-25,reviewed,true
built-in-sports-games-clue-0444,built-in-sports-games,Sports and Games,built-in-sports-games-set-086,board,round-two,4,hard,video-game-history,Sports & Games: Playful Sampler,Sport ja mängud: mänguline proovivalik,Kingdom Hearts — In what year did the franchise in “Video Game History: Kingdom Hearts” begin?,Kingdom Hearts — Mis aastal sai alguse kategoorias „Videomängude ajalugu: Kingdom Hearts” käsitletav frantsiis?,2002,2002,,,The franchise began in 2002.,Frantsiis algas 2002. aastal.,Kingdom Hearts — Wikipedia permanent revision 1371051410,https://en.wikipedia.org/w/index.php?title=Kingdom_Hearts&oldid=1371051410,CC-BY-SA-4.0,2026-08-25,reviewed,true
built-in-sports-games-clue-0450,built-in-sports-games,Sports and Games,built-in-sports-games-set-086,board,round-two,5,hard,video-game-history,Sports & Games: Playful Sampler,Sport ja mängud: mänguline proovivalik,Game Dev Tycoon — Name a platform associated with the video game in “Video Game History: Game Dev Tycoon”.,Game Dev Tycoon — Nimeta üks kategoorias „Videomängude ajalugu: Game Dev Tycoon” käsitletava videomängu platvorm.,Windows,Windows,Windows RT;MacOS;Linux;IOS;Android;Nintendo Switch,Windows RT;MacOS;Linux;IOS;Android;Nintendo lüliti,Windows is among the documented platforms.,Windows on üks mängu platvormidest.,Game Dev Tycoon — Wikipedia permanent revision 1359600182,https://en.wikipedia.org/w/index.php?title=Game_Dev_Tycoon&oldid=1359600182,CC-BY-SA-4.0,2026-08-25,reviewed,true
built-in-sports-games-clue-0431,built-in-sports-games,Sports and Games,built-in-sports-games-set-087,board,round-two,1,hard,board-card-games,Sports & Games: Playful Potpourri,Sport ja mängud: mänguline popurrii,Monopoly (game) — Which property-trading game challenges players to bankrupt their opponents?,Monopoly (game) — Milline kinnisvaraga kauplemine mäng väljakutse mängijad pankrotti oma vastased?,Monopoly,Monopoly,Monopoly (game),Monopolü (mäng),Monopoly centers on buying and trading properties while trying to bankrupt opponents.,Monopoli keskused ostu ja kauplemise kinnisvara püüdes pankrotti vastased.,Monopoly (game) — Wikipedia permanent revision 1371172534,https://en.wikipedia.org/w/index.php?title=Monopoly_(game)&oldid=1371172534,CC-BY-SA-4.0,2026-08-25,reviewed,true
built-in-sports-games-clue-0437,built-in-sports-games,Sports and Games,built-in-sports-games-set-087,board,round-two,2,hard,board-card-games,Sports & Games: Playful Potpourri,Sport ja mängud: mänguline popurrii,Expected value — In which branch of mathematics is expected value defined?,Expected value — Millises haru matemaatika on eeldatav väärtus määratletud?,probability theory,Tõenäosusteooria,,,Expected value is a concept in probability theory.,Oodatav väärtus on tõenäosusteooria kontseptsioon.,Expected value — Wikipedia permanent revision 1367789743,https://en.wikipedia.org/w/index.php?title=Expected_value&oldid=1367789743,CC-BY-SA-4.0,2026-08-25,reviewed,true
built-in-sports-games-clue-0443,built-in-sports-games,Sports and Games,built-in-sports-games-set-087,board,round-two,3,hard,board-card-games,Sports & Games: Playful Potpourri,Sport ja mängud: mänguline popurrii,Kingdom Hearts — Which company owns the Kingdom Hearts franchise?,Kingdom Hearts — Milline firma on Kuningriigi Südamete frantsiisi omanik?,The Walt Disney Company,The Walt Disney Company,,,The Walt Disney Company owns the Kingdom Hearts franchise.,Walt Disney Kompanii omab Kuningriigi Südamete frantsiisi.,Kingdom Hearts — Wikipedia permanent revision 1371051410,https://en.wikipedia.org/w/index.php?title=Kingdom_Hearts&oldid=1371051410,CC-BY-SA-4.0,2026-08-25,reviewed,true
built-in-sports-games-clue-0449,built-in-sports-games,Sports and Games,built-in-sports-games-set-087,board,round-two,4,hard,board-card-games,Sports & Games: Playful Potpourri,Sport ja mängud: mänguline popurrii,Game Dev Tycoon — Which game engine is associated with the video game in “Video Game History: Game Dev Tycoon”?,Game Dev Tycoon — Millist mängumootorit kasutab kategoorias „Videomängude ajalugu: Game Dev Tycoon” käsitletav videomäng?,NW.js,NW.js,,,The featured game uses NW.js.,Mäng kasutab NW.js-i.,Game Dev Tycoon — Wikipedia permanent revision 1359600182,https://en.wikipedia.org/w/index.php?title=Game_Dev_Tycoon&oldid=1359600182,CC-BY-SA-4.0,2026-08-25,reviewed,true
built-in-sports-games-clue-0455,built-in-sports-games,Sports and Games,built-in-sports-games-set-087,board,round-two,5,hard,board-card-games,Sports & Games: Playful Potpourri,Sport ja mängud: mänguline popurrii,Phoenix Wright: Ace Attorney – Trials and Tribulations — Who produced the video game in “Video Game History: Phoenix Wright: Ace Attorney – Trials and Tribulations”?,Phoenix Wright: Ace Attorney – Trials and Tribulations — Kes tootis kategoorias „Videomängude ajalugu: Phoenix Wright: Ace Attorney – Trials and Tribulations” käsitletava videomängu?,Atsushi Inaba,Atsushi Inaba,,,Atsushi Inaba is the credited producer.,Atsushi Inaba on selle videomängu produtsent.,Phoenix Wright: Ace Attorney – Trials and Tribulations — Wikipedia permanent revision 1358959639,https://en.wikipedia.org/w/index.php?title=Phoenix_Wright%3A_Ace_Attorney_%E2%80%93_Trials_and_Tribulations&oldid=1358959639,CC-BY-SA-4.0,2026-08-25,reviewed,true
built-in-sports-games-clue-0436,built-in-sports-games,Sports and Games,built-in-sports-games-set-088,board,round-two,1,hard,board-card-games,Sports & Games: Playful Challenge,Sport ja mängud: mänguline väljakutse,"Expected value — In poker, ""EV"" means what?","Expected value — Pokkeris tähendab ""EV"" mida?",Expected Value,Oodatud väärtus,,,"In poker, EV abbreviates expected value.",Pokkeris lõpetab EV eeldatava väärtuse.,Expected value — Wikipedia permanent revision 1367789743,https://en.wikipedia.org/w/index.php?title=Expected_value&oldid=1367789743,CC-BY-SA-4.0,2026-08-25,reviewed,true
built-in-sports-games-clue-0442,built-in-sports-games,Sports and Games,built-in-sports-games-set-088,board,round-two,2,hard,board-card-games,Sports & Games: Playful Challenge,Sport ja mängud: mänguline väljakutse,Kingdom Hearts — Who created the video game in “Video Game History: Kingdom Hearts”?,"Kingdom Hearts — Kes lõi videomängu videomängus ""Video Game History: Kingdom Hearts""?",Tetsuya Nomura,Tetsuya Nomura,,,Tetsuya Nomura is the credited creator.,Tetsuya Nomura on teose looja.,Kingdom Hearts — Wikipedia permanent revision 1371051410,https://en.wikipedia.org/w/index.php?title=Kingdom_Hearts&oldid=1371051410,CC-BY-SA-4.0,2026-08-25,reviewed,true
built-in-sports-games-clue-0448,built-in-sports-games,Sports and Games,built-in-sports-games-set-088,board,round-two,3,hard,board-card-games,Sports & Games: Playful Challenge,Sport ja mängud: mänguline väljakutse,Game Dev Tycoon — Name a composer credited for the video game in “Video Game History: Game Dev Tycoon”.,Game Dev Tycoon — Videomängu eest krediteeritud helilooja nimi: Game Dev Tycoon.,Alexander Lisenkov,Alexander Lisenkov,,,Alexander Lisenkov is among the composers.,Alexander Lisenkov on heliloojate seas.,Game Dev Tycoon — Wikipedia permanent revision 1359600182,https://en.wikipedia.org/w/index.php?title=Game_Dev_Tycoon&oldid=1359600182,CC-BY-SA-4.0,2026-08-25,reviewed,true
built-in-sports-games-clue-0454,built-in-sports-games,Sports and Games,built-in-sports-games-set-088,board,round-two,4,hard,board-card-games,Sports & Games: Playful Challenge,Sport ja mängud: mänguline väljakutse,Phoenix Wright: Ace Attorney – Trials and Tribulations — Was Trials and Tribulations originally intended to conclude the first Ace Attorney trilogy?,Phoenix Wright: Ace Attorney – Trials and Tribulations — Kas katsed ja tribunalid olid algselt mõeldud esimese Ace Attorney triloogia lõpetamiseks?,True,Tõsi,,,Shu Takumi originally intended Trials and Tribulations to conclude the first Ace Attorney trilogy.,Shu Takumi algselt kavatses katsed ja Tribulations lõpetada esimese Ace Attorney triloogia.,Phoenix Wright: Ace Attorney – Trials and Tribulations — Wikipedia permanent revision 1358959639,https://en.wikipedia.org/w/index.php?title=Phoenix_Wright%3A_Ace_Attorney_%E2%80%93_Trials_and_Tribulations&oldid=1358959639,CC-BY-SA-4.0,2026-08-25,reviewed,true
built-in-sports-games-clue-0460,built-in-sports-games,Sports and Games,built-in-sports-games-set-088,board,round-two,5,hard,board-card-games,Sports & Games: Playful Challenge,Sport ja mängud: mänguline väljakutse,Monster Hunter Generations — Who composed music for the video game in “Video Game History: Monster Hunter Generations”?,Monster Hunter Generations — Kes komponeeris kategoorias „Videomängude ajalugu: Monster Hunter Generations” käsitletava videomängu muusika?,Reo Uratani,Reo Uratani,,,Reo Uratani holds the music credit.,Reo Uratani on selle videomängu helilooja.,Monster Hunter Generations — Wikipedia permanent revision 1369505255,https://en.wikipedia.org/w/index.php?title=Monster_Hunter_Generations&oldid=1369505255,CC-BY-SA-4.0,2026-08-25,reviewed,true
built-in-sports-games-clue-0441,built-in-sports-games,Sports and Games,built-in-sports-games-set-089,board,round-two,1,hard,video-game-history,Sports & Games: Playful Quiz,Sport ja mängud: mänguline viktoriin,Kingdom Hearts — What broad video-game genre describes the Kingdom Hearts series?,Kingdom Hearts — Milline lai videomängu žanr kirjeldab Kuningriigi Südamete seeriat?,Action role-playing game,märulirollimäng,Action RPG;Action role-playing,Toiming RPG;Tegevusrolli mängimine,Kingdom Hearts is an action role-playing game series.,Kingdom Hearts on tegevus rollimäng mäng seeria.,Kingdom Hearts — Wikipedia permanent revision 1371051410,https://en.wikipedia.org/w/index.php?title=Kingdom_Hearts&oldid=1371051410,CC-BY-SA-4.0,2026-08-25,reviewed,true
built-in-sports-games-clue-0447,built-in-sports-games,Sports and Games,built-in-sports-games-set-089,board,round-two,2,hard,video-game-history,Sports & Games: Playful Quiz,Sport ja mängud: mänguline viktoriin,Game Dev Tycoon — Name a designer credited for the video game in “Video Game History: Game Dev Tycoon”.,Game Dev Tycoon — Nimeta üks kategoorias „Videomängude ajalugu: Game Dev Tycoon” käsitletava videomängu kujundaja.,Patrick Klug,Patrick Klug,,,Patrick Klug appears among the designers.,Patrick Klug on üks selle mängu kujundajatest.,Game Dev Tycoon — Wikipedia permanent revision 1359600182,https://en.wikipedia.org/w/index.php?title=Game_Dev_Tycoon&oldid=1359600182,CC-BY-SA-4.0,2026-08-25,reviewed,true
built-in-sports-games-clue-0453,built-in-sports-games,Sports and Games,built-in-sports-games-set-089,board,round-two,3,hard,video-game-history,Sports & Games: Playful Quiz,Sport ja mängud: mänguline viktoriin,Phoenix Wright: Ace Attorney – Trials and Tribulations — Who directed the video game in “Video Game History: Phoenix Wright: Ace Attorney – Trials and Tribulations”?,Phoenix Wright: Ace Attorney – Trials and Tribulations — Kes lavastas kategoorias „Videomängude ajalugu: Phoenix Wright: Ace Attorney – Trials and Tribulations” käsitletava videomängu?,Shu Takumi,Shu Takumi,,,Shu Takumi is the credited director.,Shu Takumi on selle videomängu lavastaja.,Phoenix Wright: Ace Attorney – Trials and Tribulations — Wikipedia permanent revision 1358959639,https://en.wikipedia.org/w/index.php?title=Phoenix_Wright%3A_Ace_Attorney_%E2%80%93_Trials_and_Tribulations&oldid=1358959639,CC-BY-SA-4.0,2026-08-25,reviewed,true
built-in-sports-games-clue-0459,built-in-sports-games,Sports and Games,built-in-sports-games-set-089,board,round-two,4,hard,video-game-history,Sports & Games: Playful Quiz,Sport ja mängud: mänguline viktoriin,Monster Hunter Generations — Name a producer credited for the video game in “Video Game History: Monster Hunter Generations”.,Monster Hunter Generations — Nimeta üks kategoorias „Videomängude ajalugu: Monster Hunter Generations” käsitletava videomängu produtsent.,Shintaro Kojima,Shintaro Kojima,,,Shintaro Kojima is among the producers.,Shintaro Kojima on üks selle videomängu produtsentidest.,Monster Hunter Generations — Wikipedia permanent revision 1369505255,https://en.wikipedia.org/w/index.php?title=Monster_Hunter_Generations&oldid=1369505255,CC-BY-SA-4.0,2026-08-25,reviewed,true
built-in-sports-games-clue-0465,built-in-sports-games,Sports and Games,built-in-sports-games-set-089,board,round-two,5,hard,video-game-history,Sports & Games: Playful Quiz,Sport ja mängud: mänguline viktoriin,Agent 47 — Who portrays the character in “Video Game History: Agent 47”?,Agent 47 — Kes kehastab tegelast Agent 47?,Timothy Olyphant,Timothy Olyphant,,,Timothy Olyphant is the credited performer.,Timothy Olyphant on krediteeritud esineja.,Agent 47 — Wikipedia permanent revision 1364808895,https://en.wikipedia.org/w/index.php?title=Agent_47&oldid=1364808895,CC-BY-SA-4.0,2026-08-25,reviewed,true
built-in-sports-games-clue-0446,built-in-sports-games,Sports and Games,built-in-sports-games-set-090,board,round-two,1,hard,video-game-history,Sports & Games: Playful Odds & Ends,Sport ja mängud: mänguline üht-teist,Game Dev Tycoon — Which company developed and published Game Dev Tycoon?,Game Dev Tycoon — Milline ettevõte arendas ja avaldas Game Dev Tycoon?,Greenheart Games,Greenheart Games,,,Greenheart Games developed and published Game Dev Tycoon.,Greenheart Mängud välja töötatud ja avaldatud Game Dev Tycoon.,Game Dev Tycoon — Wikipedia permanent revision 1359600182,https://en.wikipedia.org/w/index.php?title=Game_Dev_Tycoon&oldid=1359600182,CC-BY-SA-4.0,2026-08-25,reviewed,true
built-in-sports-games-clue-0452,built-in-sports-games,Sports and Games,built-in-sports-games-set-090,board,round-two,2,hard,video-game-history,Sports & Games: Playful Odds & Ends,Sport ja mängud: mänguline üht-teist,Phoenix Wright: Ace Attorney – Trials and Tribulations — Which developer is credited for the video game in “Video Game History: Phoenix Wright: Ace Attorney – Trials and Tribulations”?,Phoenix Wright: Ace Attorney – Trials and Tribulations — Milline arendaja on seotud kategoorias „Videomängude ajalugu: Phoenix Wright: Ace Attorney – Trials and Tribulations” käsitletava videomänguga?,Capcom Production Studio 4,Capcom Production Studio 4,,,Capcom Production Studio 4 is the credited developer.,Capcom Production Studio 4 on selle videomängu arendaja.,Phoenix Wright: Ace Attorney – Trials and Tribulations — Wikipedia permanent revision 1358959639,https://en.wikipedia.org/w/index.php?title=Phoenix_Wright%3A_Ace_Attorney_%E2%80%93_Trials_and_Tribulations&oldid=1358959639,CC-BY-SA-4.0,2026-08-25,reviewed,true
built-in-sports-games-clue-0458,built-in-sports-games,Sports and Games,built-in-sports-games-set-090,board,round-two,3,hard,video-game-history,Sports & Games: Playful Odds & Ends,Sport ja mängud: mänguline üht-teist,Monster Hunter Generations — Name a director credited for the video game in “Video Game History: Monster Hunter Generations”.,Monster Hunter Generations — Nimeta üks kategoorias „Videomängude ajalugu: Monster Hunter Generations” käsitletava videomängu lavastaja.,Yasunori Ichinose,Yasunori Ichinose,,,Yasunori Ichinose is among the directors.,Yasunori Ichinose on üks selle videomängu lavastajatest.,Monster Hunter Generations — Wikipedia permanent revision 1369505255,https://en.wikipedia.org/w/index.php?title=Monster_Hunter_Generations&oldid=1369505255,CC-BY-SA-4.0,2026-08-25,reviewed,true
built-in-sports-games-clue-0464,built-in-sports-games,Sports and Games,built-in-sports-games-set-090,board,round-two,4,hard,video-game-history,Sports & Games: Playful Odds & Ends,Sport ja mängud: mänguline üht-teist,Agent 47 — Who voices the character in “Video Game History: Agent 47”?,Agent 47 — Kes annab tegelasele Agent 47 hääle?,David Bateson,David Bateson,,,David Bateson is the credited voice performer.,Tegelasele annab hääle David Bateson.,Agent 47 — Wikipedia permanent revision 1364808895,https://en.wikipedia.org/w/index.php?title=Agent_47&oldid=1364808895,CC-BY-SA-4.0,2026-08-25,reviewed,true
built-in-sports-games-clue-0470,built-in-sports-games,Sports and Games,built-in-sports-games-set-090,board,round-two,5,hard,video-game-history,Sports & Games: Playful Odds & Ends,Sport ja mängud: mänguline üht-teist,"PlanetSide — As of 2026, which title was the latest listed release in the PlanetSide series?","PlanetSide — Alates 2026. aastast, milline pealkiri oli viimane PlanetSide seerias?",PlanetSide Arena,PlanetSide Arena,,,"As of 2026, PlanetSide Arena was the latest listed release.",2026. aasta seisuga oli PlanetSide Arena sarja viimane väljaanne.,PlanetSide — Wikipedia permanent revision 1271422234,https://en.wikipedia.org/w/index.php?title=PlanetSide&oldid=1271422234,CC-BY-SA-4.0,2026-08-25,reviewed,true
built-in-sports-games-clue-0451,built-in-sports-games,Sports and Games,built-in-sports-games-set-091,board,round-two,1,hard,video-game-history,Sports & Games: Mixed Mix,Sport ja mängud: kirju segu,Phoenix Wright: Ace Attorney – Trials and Tribulations — Which publisher is associated with the video game in “Video Game History: Phoenix Wright: Ace Attorney – Trials and Tribulations”?,Phoenix Wright: Ace Attorney – Trials and Tribulations — Milline kirjastaja on seotud kategoorias „Videomängude ajalugu: Phoenix Wright: Ace Attorney – Trials and Tribulations” käsitletava videomänguga?,Capcom,Capcom,,,Capcom is the documented publisher.,Capcom on selle videomängu kirjastaja.,Phoenix Wright: Ace Attorney – Trials and Tribulations — Wikipedia permanent revision 1358959639,https://en.wikipedia.org/w/index.php?title=Phoenix_Wright%3A_Ace_Attorney_%E2%80%93_Trials_and_Tribulations&oldid=1358959639,CC-BY-SA-4.0,2026-08-25,reviewed,true
built-in-sports-games-clue-0457,built-in-sports-games,Sports and Games,built-in-sports-games-set-091,board,round-two,2,hard,video-game-history,Sports & Games: Mixed Mix,Sport ja mängud: kirju segu,Monster Hunter Generations — Which developer is credited for the video game in “Video Game History: Monster Hunter Generations”?,Monster Hunter Generations — Milline arendaja on seotud kategoorias „Videomängude ajalugu: Monster Hunter Generations” käsitletava videomänguga?,Capcom,Capcom,,,Capcom is the credited developer.,Capcom on selle videomängu arendaja.,Monster Hunter Generations — Wikipedia permanent revision 1369505255,https://en.wikipedia.org/w/index.php?title=Monster_Hunter_Generations&oldid=1369505255,CC-BY-SA-4.0,2026-08-25,reviewed,true
built-in-sports-games-clue-0463,built-in-sports-games,Sports and Games,built-in-sports-games-set-091,board,round-two,3,hard,video-game-history,Sports & Games: Mixed Mix,Sport ja mängud: kirju segu,Agent 47 — Who designed the character in “Video Game History: Agent 47”?,Agent 47 — Kes kujundas tegelase Agent 47?,Jacob Andersen,Jacob Andersen,,,Jacob Andersen is the credited designer.,Jacob Andersen on tunnustatud disainer.,Agent 47 — Wikipedia permanent revision 1364808895,https://en.wikipedia.org/w/index.php?title=Agent_47&oldid=1364808895,CC-BY-SA-4.0,2026-08-25,reviewed,true
built-in-sports-games-clue-0469,built-in-sports-games,Sports and Games,built-in-sports-games-set-091,board,round-two,4,hard,video-game-history,Sports & Games: Mixed Mix,Sport ja mängud: kirju segu,PlanetSide — Which publisher is associated with the video game in “Video Game History: PlanetSide”?,PlanetSide — Milline kirjastaja on seotud kategoorias „Videomängude ajalugu: PlanetSide” käsitletava videomänguga?,Daybreak Game Company,Daybreak Game Company,,,Daybreak Game Company is the documented publisher.,Daybreak Game Company on selle videomängu kirjastaja.,PlanetSide — Wikipedia permanent revision 1271422234,https://en.wikipedia.org/w/index.php?title=PlanetSide&oldid=1271422234,CC-BY-SA-4.0,2026-08-25,reviewed,true
built-in-sports-games-clue-0475,built-in-sports-games,Sports and Games,built-in-sports-games-set-091,board,round-two,5,hard,video-game-history,Sports & Games: Mixed Mix,Sport ja mängud: kirju segu,The Game of Life — Name a genre associated with the tabletop game in “From Checkered Squares”.,"The Game of Life — Nimetage žanr, mis on seotud lauamänguga Chewered Squares'is.",Board game,Lauamäng,,,Board game is among the documented genres.,Lauamäng on üks teose žanridest.,The Game of Life — Wikipedia permanent revision 1371086235,https://en.wikipedia.org/w/index.php?title=The_Game_of_Life&oldid=1371086235,CC-BY-SA-4.0,2026-08-25,reviewed,true
built-in-sports-games-clue-0456,built-in-sports-games,Sports and Games,built-in-sports-games-set-092,board,round-two,1,hard,video-game-history,Sports & Games: Mixed Medley,Sport ja mängud: kirju valik,"Monster Hunter Generations — Which monster is named with Gammoth, Mizutsune, and Glavenus as one of this game’s four flagship monsters?","Monster Hunter Generations — Millise koletise nimi on Gammoth, Mizutsune ja Glavenus kui üks sellest mängust, mis on neli lipulaeva koletised?",Astalos,Astalos,,,Astalos is one of Monster Hunter Generations’ four flagship monsters.,"Astalos on üks Koletiste Hunteri põlvkonnast, neljast lipulaevast, koletistest.",Monster Hunter Generations — Wikipedia permanent revision 1369505255,https://en.wikipedia.org/w/index.php?title=Monster_Hunter_Generations&oldid=1369505255,CC-BY-SA-4.0,2026-08-25,reviewed,true
built-in-sports-games-clue-0462,built-in-sports-games,Sports and Games,built-in-sports-games-set-092,board,round-two,2,hard,video-game-history,Sports & Games: Mixed Medley,Sport ja mängud: kirju valik,Agent 47 — Where did the character in “Video Game History: Agent 47” first appear?,Agent 47 — Kus ilmus tegelane Agent 47 esimest korda?,Hitman: Codename 47,Hitman: Codename 47,,,The subject first appeared in Hitman: Codename 47.,Teema ilmus esimest korda Hitman: Koodnimi 47.,Agent 47 — Wikipedia permanent revision 1364808895,https://en.wikipedia.org/w/index.php?title=Agent_47&oldid=1364808895,CC-BY-SA-4.0,2026-08-25,reviewed,true
built-in-sports-games-clue-0468,built-in-sports-games,Sports and Games,built-in-sports-games-set-092,board,round-two,3,hard,video-game-history,Sports & Games: Mixed Medley,Sport ja mängud: kirju valik,PlanetSide — Which developer is credited for the video game in “Video Game History: PlanetSide”?,PlanetSide — Milline arendaja on seotud kategoorias „Videomängude ajalugu: PlanetSide” käsitletava videomänguga?,Rogue Planet Games,Rogue Planet Games,,,Rogue Planet Games is the credited developer.,Rogue Planet Games on selle videomängu arendaja.,PlanetSide — Wikipedia permanent revision 1271422234,https://en.wikipedia.org/w/index.php?title=PlanetSide&oldid=1271422234,CC-BY-SA-4.0,2026-08-25,reviewed,true
built-in-sports-games-clue-0474,built-in-sports-games,Sports and Games,built-in-sports-games-set-092,board,round-two,4,hard,video-game-history,Sports & Games: Mixed Medley,Sport ja mängud: kirju valik,The Game of Life — When was the tabletop game in “From Checkered Squares” first published?,The Game of Life — Millal avaldati esimest korda kategoorias „Ruuduliselt laualt” käsitletav lauamäng?,1860,1860,,,It was published in 1860.,Lauamäng avaldati 1860. aastal.,The Game of Life — Wikipedia permanent revision 1371086235,https://en.wikipedia.org/w/index.php?title=The_Game_of_Life&oldid=1371086235,CC-BY-SA-4.0,2026-08-25,reviewed,true
built-in-sports-games-clue-0480,built-in-sports-games,Sports and Games,built-in-sports-games-set-092,board,round-two,5,hard,video-game-history,Sports & Games: Mixed Medley,Sport ja mängud: kirju valik,Counter-Strike 2 — Name a platform associated with the video game in “A Tactical Shooter Engine”.,Counter-Strike 2 — Nimeta üks kategoorias „Taktikalise tulistamismängu mootor” käsitletava videomängu platvorm.,Windows,Windows,Linux,Linux,Windows is among the documented platforms.,Windows on üks mängu platvormidest.,Counter-Strike 2 — Wikipedia permanent revision 1366887183,https://en.wikipedia.org/w/index.php?title=Counter-Strike_2&oldid=1366887183,CC-BY-SA-4.0,2026-08-25,reviewed,true
built-in-sports-games-clue-0461,built-in-sports-games,Sports and Games,built-in-sports-games-set-093,board,round-two,1,hard,video-game-history,Sports & Games: Mixed Tour,Sport ja mängud: kirju ringkäik,Agent 47 — Which studio created and developed Agent 47 for the Hitman franchise?,Agent 47 — Milline stuudio lõi ja arendas Hitmani frantsiisi jaoks agent 47?,IO Interactive,IO Interactive,IOI,IOI,IO Interactive created and developed Agent 47 for the Hitman franchise.,IO Interaktiivne loodud ja arendatud Agent 47 Hitman frantsiisi.,Agent 47 — Wikipedia permanent revision 1364808895,https://en.wikipedia.org/w/index.php?title=Agent_47&oldid=1364808895,CC-BY-SA-4.0,2026-08-25,reviewed,true
built-in-sports-games-clue-0467,built-in-sports-games,Sports and Games,built-in-sports-games-set-093,board,round-two,2,hard,video-game-history,Sports & Games: Mixed Tour,Sport ja mängud: kirju ringkäik,PlanetSide — Which genre is associated with the video game in “Video Game History: PlanetSide”?,PlanetSide — Milline žanr on seotud videomänguga Video Game History: PlanetSide'i?,Massively multiplayer online first-person shooter,massiivselt mitmikmänguline veebipõhine esimese isiku tulistamismäng,,,The subject is classified as Massively multiplayer online first-person shooter.,Teema on klassifitseeritud Massiivselt multiplayer online esimese isiku tulistaja.,PlanetSide — Wikipedia permanent revision 1271422234,https://en.wikipedia.org/w/index.php?title=PlanetSide&oldid=1271422234,CC-BY-SA-4.0,2026-08-25,reviewed,true
built-in-sports-games-clue-0473,built-in-sports-games,Sports and Games,built-in-sports-games-set-093,board,round-two,3,hard,video-game-history,Sports & Games: Mixed Tour,Sport ja mängud: kirju ringkäik,The Game of Life — Name a publisher associated with the tabletop game in “From Checkered Squares”.,"The Game of Life — Nimetage kirjastaja, kes on seotud lauamänguga Chewered Squares'is.",Milton Bradley,Milton Bradley,Hasbro,Hasbro,Milton Bradley is among the documented publishers.,Milton Bradley on üks selle videomängu kirjastajatest.,The Game of Life — Wikipedia permanent revision 1371086235,https://en.wikipedia.org/w/index.php?title=The_Game_of_Life&oldid=1371086235,CC-BY-SA-4.0,2026-08-25,reviewed,true
built-in-sports-games-clue-0479,built-in-sports-games,Sports and Games,built-in-sports-games-set-093,board,round-two,4,hard,video-game-history,Sports & Games: Mixed Tour,Sport ja mängud: kirju ringkäik,Counter-Strike 2 — Which game engine replaced Source for Counter-Strike 2?,Counter-Strike 2 — Milline mäng mootor asendada Allikas Counter-Strike 2?,Source 2,Source 2,,,Counter-Strike 2 replaced the Source engine with Source 2.,Counter-Strike 2 asendas lähtemootori allikaga 2.,Counter-Strike 2 — Wikipedia permanent revision 1366887183,https://en.wikipedia.org/w/index.php?title=Counter-Strike_2&oldid=1366887183,CC-BY-SA-4.0,2026-08-25,reviewed,true
built-in-sports-games-clue-0485,built-in-sports-games,Sports and Games,built-in-sports-games-set-093,board,round-two,5,hard,video-game-history,Sports & Games: Mixed Tour,Sport ja mängud: kirju ringkäik,Pokémon Go — Who produced the video game in “Video Game History: Pokémon Go”?,Pokémon Go — Kes tootis kategoorias „Videomängude ajalugu: Pokémon Go” käsitletava videomängu?,Steve Wang,Steve Wang,,,Steve Wang is the credited producer.,Steve Wang on selle videomängu produtsent.,Pokémon Go — Wikipedia permanent revision 1370558355,https://en.wikipedia.org/w/index.php?title=Pok%C3%A9mon_Go&oldid=1370558355,CC-BY-SA-4.0,2026-08-25,reviewed,true
built-in-sports-games-clue-0466,built-in-sports-games,Sports and Games,built-in-sports-games-set-094,board,round-two,1,hard,video-game-history,Sports & Games: Mixed Grab Bag,Sport ja mängud: kirju üllatuskott,PlanetSide — On what date was PlanetSide released for Windows in North America?,PlanetSide — Millisel kuupäeval ilmus PlanetSide Põhja-Ameerika Windowsile?,"May 20, 2003",20. mai 2003,,,"PlanetSide was released for Microsoft Windows on May 20, 2003.",PlanetSide ilmus Microsoft Windows 20. mail 2003.,PlanetSide — Wikipedia permanent revision 1271422234,https://en.wikipedia.org/w/index.php?title=PlanetSide&oldid=1271422234,CC-BY-SA-4.0,2026-08-25,reviewed,true
built-in-sports-games-clue-0472,built-in-sports-games,Sports and Games,built-in-sports-games-set-094,board,round-two,2,hard,video-game-history,Sports & Games: Mixed Grab Bag,Sport ja mängud: kirju üllatuskott,The Game of Life — Name a designer credited for the tabletop game in “From Checkered Squares”.,The Game of Life — Nimetage disainer krediteeritud lauamäng From Chewered Squares'i.,Reuben Klamer,Reuben Klamer,,,Reuben Klamer appears among the designers.,Reuben Klamer on üks selle mängu kujundajatest.,The Game of Life — Wikipedia permanent revision 1371086235,https://en.wikipedia.org/w/index.php?title=The_Game_of_Life&oldid=1371086235,CC-BY-SA-4.0,2026-08-25,reviewed,true
built-in-sports-games-clue-0478,built-in-sports-games,Sports and Games,built-in-sports-games-set-094,board,round-two,3,hard,video-game-history,Sports & Games: Mixed Grab Bag,Sport ja mängud: kirju üllatuskott,Counter-Strike 2 — Which series includes the video game in “A Tactical Shooter Engine”?,Counter-Strike 2 — Millises seerias on videomäng Taktikalises Shooter Engine'is?,Counter-Strike,Counter-Strike,,,The featured game belongs to the Counter-Strike series.,Soovitatav mäng kuulub Counter-Strike seeria.,Counter-Strike 2 — Wikipedia permanent revision 1366887183,https://en.wikipedia.org/w/index.php?title=Counter-Strike_2&oldid=1366887183,CC-BY-SA-4.0,2026-08-25,reviewed,true
built-in-sports-games-clue-0484,built-in-sports-games,Sports and Games,built-in-sports-games-set-094,board,round-two,4,hard,video-game-history,Sports & Games: Mixed Grab Bag,Sport ja mängud: kirju üllatuskott,Pokémon Go — Who directed the video game in “Video Game History: Pokémon Go”?,Pokémon Go — Kes lavastas kategoorias „Videomängude ajalugu: Pokémon Go” käsitletava videomängu?,Tatsuo Nomura,Tatsuo Nomura,,,Tatsuo Nomura is the credited director.,Tatsuo Nomura on selle videomängu lavastaja.,Pokémon Go — Wikipedia permanent revision 1370558355,https://en.wikipedia.org/w/index.php?title=Pok%C3%A9mon_Go&oldid=1370558355,CC-BY-SA-4.0,2026-08-25,reviewed,true
built-in-sports-games-clue-0490,built-in-sports-games,Sports and Games,built-in-sports-games-set-094,board,round-two,5,hard,video-game-history,Sports & Games: Mixed Grab Bag,Sport ja mängud: kirju üllatuskott,Dr. Mario — Who programmed the video game in “A Physician in the Mushroom Kingdom”?,Dr. Mario — Kes programmeeris kategoorias „Seeneriigi arst” käsitletava videomängu?,Takahiro Harada,Takahiro Harada,,,Takahiro Harada is the credited programmer.,Takahiro Harada on selle videomängu programmeerija.,Dr. Mario — Wikipedia permanent revision 1371224862,https://en.wikipedia.org/w/index.php?title=Dr._Mario&oldid=1371224862,CC-BY-SA-4.0,2026-08-25,reviewed,true
built-in-sports-games-clue-0471,built-in-sports-games,Sports and Games,built-in-sports-games-set-095,board,round-two,1,hard,board-card-games,Sports & Games: Mixed Roundup,Sport ja mängud: kirju ülevaade,The Game of Life — Which life-journey game descends from Milton Bradley’s The Checkered Game of Life?,The Game of Life — Milline elu-journey mäng laskub Milton Bradley's The Chewered Game of Life?,The Game of Life,The Game of Life,,,The Game of Life descends from Milton Bradley’s The Checkered Game of Life.,"Elu mäng laskub Milton Bradley'st ""Elu kontrollitud mängust.""",The Game of Life — Wikipedia permanent revision 1371086235,https://en.wikipedia.org/w/index.php?title=The_Game_of_Life&oldid=1371086235,CC-BY-SA-4.0,2026-08-25,reviewed,true
built-in-sports-games-clue-0477,built-in-sports-games,Sports and Games,built-in-sports-games-set-095,board,round-two,2,hard,board-card-games,Sports & Games: Mixed Roundup,Sport ja mängud: kirju ülevaade,Counter-Strike 2 — Who composed music for the video game in “A Tactical Shooter Engine”?,Counter-Strike 2 — Kes komponeeris kategoorias „Taktikalise tulistamismängu mootor” käsitletava videomängu muusika?,Mike Morasky,Mike Morasky,,,Mike Morasky holds the music credit.,Mike Morasky on selle videomängu helilooja.,Counter-Strike 2 — Wikipedia permanent revision 1366887183,https://en.wikipedia.org/w/index.php?title=Counter-Strike_2&oldid=1366887183,CC-BY-SA-4.0,2026-08-25,reviewed,true
built-in-sports-games-clue-0483,built-in-sports-games,Sports and Games,built-in-sports-games-set-095,board,round-two,3,hard,board-card-games,Sports & Games: Mixed Roundup,Sport ja mängud: kirju ülevaade,Pokémon Go — Name a publisher associated with the video game in “Video Game History: Pokémon Go”.,Pokémon Go — Nimeta üks kategoorias „Videomängude ajalugu: Pokémon Go” käsitletava videomängu kirjastaja.,Scopely,Scopely,,,Scopely is among the documented publishers.,Scopely on üks selle videomängu kirjastajatest.,Pokémon Go — Wikipedia permanent revision 1370558355,https://en.wikipedia.org/w/index.php?title=Pok%C3%A9mon_Go&oldid=1370558355,CC-BY-SA-4.0,2026-08-25,reviewed,true
built-in-sports-games-clue-0489,built-in-sports-games,Sports and Games,built-in-sports-games-set-095,board,round-two,4,hard,board-card-games,Sports & Games: Mixed Roundup,Sport ja mängud: kirju ülevaade,Dr. Mario — Who produced the video game in “A Physician in the Mushroom Kingdom”?,Dr. Mario — Kes tootis kategoorias „Seeneriigi arst” käsitletava videomängu?,Gunpei Yokoi,Gunpei Yokoi,,,Gunpei Yokoi is the credited producer.,Gunpei Yokoi on selle videomängu produtsent.,Dr. Mario — Wikipedia permanent revision 1371224862,https://en.wikipedia.org/w/index.php?title=Dr._Mario&oldid=1371224862,CC-BY-SA-4.0,2026-08-25,reviewed,true
built-in-sports-games-clue-0495,built-in-sports-games,Sports and Games,built-in-sports-games-set-095,board,round-two,5,hard,board-card-games,Sports & Games: Mixed Roundup,Sport ja mängud: kirju ülevaade,Sonic the Hedgehog 2 — Who produced the video game in “Video Game History: Sonic the Hedgehog 2”?,Sonic the Hedgehog 2 — Kes produtseeris videomängu „Sonic the Hedgehog 2“?,Shinobu Toyoda,Shinobu Toyoda,,,Shinobu Toyoda is the credited producer.,Shinobu Toyoda on selle videomängu produtsent.,Sonic the Hedgehog 2 — Wikipedia permanent revision 1370556710,https://en.wikipedia.org/w/index.php?title=Sonic_the_Hedgehog_2&oldid=1370556710,CC-BY-SA-4.0,2026-08-25,reviewed,true
built-in-sports-games-clue-0476,built-in-sports-games,Sports and Games,built-in-sports-games-set-096,board,round-two,1,hard,video-game-history,Sports & Games: Mixed Sampler,Sport ja mängud: kirju proovivalik,Counter-Strike 2 — Which developer is credited for the video game in “A Tactical Shooter Engine”?,Counter-Strike 2 — Milline arendaja on seotud kategoorias „Taktikalise tulistamismängu mootor” käsitletava videomänguga?,Valve,Valve,,,Valve is the credited developer.,Valve on selle videomängu arendaja.,Counter-Strike 2 — Wikipedia permanent revision 1366887183,https://en.wikipedia.org/w/index.php?title=Counter-Strike_2&oldid=1366887183,CC-BY-SA-4.0,2026-08-25,reviewed,true
built-in-sports-games-clue-0482,built-in-sports-games,Sports and Games,built-in-sports-games-set-096,board,round-two,2,hard,video-game-history,Sports & Games: Mixed Sampler,Sport ja mängud: kirju proovivalik,Pokémon Go — Name a developer credited for the video game in “Video Game History: Pokémon Go”.,Pokémon Go — Nimeta üks kategoorias „Videomängude ajalugu: Pokémon Go” käsitletava videomängu arendaja.,Niantic,Niantic,Scopely Explore,Ulatuslik uurimine,Niantic is credited as a developer.,Niantic on üks selle videomängu arendajatest.,Pokémon Go — Wikipedia permanent revision 1370558355,https://en.wikipedia.org/w/index.php?title=Pok%C3%A9mon_Go&oldid=1370558355,CC-BY-SA-4.0,2026-08-25,reviewed,true
built-in-sports-games-clue-0488,built-in-sports-games,Sports and Games,built-in-sports-games-set-096,board,round-two,3,hard,video-game-history,Sports & Games: Mixed Sampler,Sport ja mängud: kirju proovivalik,Dr. Mario — Which developer is credited for the video game in “A Physician in the Mushroom Kingdom”?,Dr. Mario — Milline arendaja on seotud kategoorias „Seeneriigi arst” käsitletava videomänguga?,Nintendo R&D1,Nintendo R&D1,,,Nintendo R&D1 is the credited developer.,Nintendo R&D1 on selle videomängu arendaja.,Dr. Mario — Wikipedia permanent revision 1371224862,https://en.wikipedia.org/w/index.php?title=Dr._Mario&oldid=1371224862,CC-BY-SA-4.0,2026-08-25,reviewed,true
built-in-sports-games-clue-0494,built-in-sports-games,Sports and Games,built-in-sports-games-set-096,board,round-two,4,hard,video-game-history,Sports & Games: Mixed Sampler,Sport ja mängud: kirju proovivalik,Sonic the Hedgehog 2 — Who directed the video game in “Video Game History: Sonic the Hedgehog 2”?,Sonic the Hedgehog 2 — Kes lavastas videomängu „Sonic the Hedgehog 2“?,Masaharu Yoshii,Masaharu Yoshii,,,Masaharu Yoshii is the credited director.,Masaharu Yoshii on selle videomängu lavastaja.,Sonic the Hedgehog 2 — Wikipedia permanent revision 1370556710,https://en.wikipedia.org/w/index.php?title=Sonic_the_Hedgehog_2&oldid=1370556710,CC-BY-SA-4.0,2026-08-25,reviewed,true
built-in-sports-games-clue-0500,built-in-sports-games,Sports and Games,built-in-sports-games-set-096,board,round-two,5,hard,video-game-history,Sports & Games: Mixed Sampler,Sport ja mängud: kirju proovivalik,Tony Hawk's Pro Skater — Name a designer credited for the video game in “Video Game History: Tony Hawk's Pro Skater”.,Tony Hawk's Pro Skater — Nimeta üks kategoorias „Videomängude ajalugu: Tony Hawk's Pro Skater” käsitletava videomängu kujundaja.,Aaron Cammarata,Aaron Cammarata,,,Aaron Cammarata appears among the designers.,Aaron Cammarata on üks selle mängu kujundajatest.,Tony Hawk's Pro Skater — Wikipedia permanent revision 1370146166,https://en.wikipedia.org/w/index.php?title=Tony_Hawk's_Pro_Skater&oldid=1370146166,CC-BY-SA-4.0,2026-08-25,reviewed,true
built-in-sports-games-clue-0481,built-in-sports-games,Sports and Games,built-in-sports-games-set-097,board,round-two,1,hard,video-game-history,Sports & Games: Mixed Potpourri,Sport ja mängud: kirju popurrii,Pokémon Go — Who is the leader of Team Instinct in Pokémon Go?,Pokémon Go — Kes on Pokémon Go meeskonna instinktide juht?,Spark,Spark,,,Spark leads Team Instinct in Pokémon Go.,Spark juhib Instinkti Pokémon Gos.,Pokémon Go — Wikipedia permanent revision 1370558355,https://en.wikipedia.org/w/index.php?title=Pok%C3%A9mon_Go&oldid=1370558355,CC-BY-SA-4.0,2026-08-25,reviewed,true
built-in-sports-games-clue-0487,built-in-sports-games,Sports and Games,built-in-sports-games-set-097,board,round-two,2,hard,video-game-history,Sports & Games: Mixed Potpourri,Sport ja mängud: kirju popurrii,Dr. Mario — Which publisher is associated with the video game in “A Physician in the Mushroom Kingdom”?,Dr. Mario — Milline kirjastaja on seotud kategoorias „Seeneriigi arst” käsitletava videomänguga?,Nintendo,Nintendo,,,Nintendo is the documented publisher.,Nintendo on selle videomängu kirjastaja.,Dr. Mario — Wikipedia permanent revision 1371224862,https://en.wikipedia.org/w/index.php?title=Dr._Mario&oldid=1371224862,CC-BY-SA-4.0,2026-08-25,reviewed,true
built-in-sports-games-clue-0493,built-in-sports-games,Sports and Games,built-in-sports-games-set-097,board,round-two,3,hard,video-game-history,Sports & Games: Mixed Potpourri,Sport ja mängud: kirju popurrii,Sonic the Hedgehog 2 — Which developer is credited for the video game in “Video Game History: Sonic the Hedgehog 2”?,Sonic the Hedgehog 2 — Milline arendaja on videomängu „Sonic the Hedgehog 2“ autor?,Sega Technical Institute,Sega Technical Institute,,,Sega Technical Institute is the credited developer.,Sega Technical Institute on selle videomängu arendaja.,Sonic the Hedgehog 2 — Wikipedia permanent revision 1370556710,https://en.wikipedia.org/w/index.php?title=Sonic_the_Hedgehog_2&oldid=1370556710,CC-BY-SA-4.0,2026-08-25,reviewed,true
built-in-sports-games-clue-0499,built-in-sports-games,Sports and Games,built-in-sports-games-set-097,board,round-two,4,hard,video-game-history,Sports & Games: Mixed Potpourri,Sport ja mängud: kirju popurrii,Tony Hawk's Pro Skater — Name a producer credited for the video game in “Video Game History: Tony Hawk's Pro Skater”.,Tony Hawk's Pro Skater — Nimeta üks kategoorias „Videomängude ajalugu: Tony Hawk's Pro Skater” käsitletava videomängu produtsent.,Jason Uyeda,Jason Uyeda,,,Jason Uyeda is among the producers.,Jason Uyeda on üks selle videomängu produtsentidest.,Tony Hawk's Pro Skater — Wikipedia permanent revision 1370146166,https://en.wikipedia.org/w/index.php?title=Tony_Hawk's_Pro_Skater&oldid=1370146166,CC-BY-SA-4.0,2026-08-25,reviewed,true
built-in-sports-games-clue-0425,built-in-sports-games,Sports and Games,built-in-sports-games-set-097,board,round-two,5,hard,video-game-history,Sports & Games: Mixed Potpourri,Sport ja mängud: kirju popurrii,Tom Clancy's The Division — Who produced the video game in “Video Game History: Tom Clancy's The Division”?,Tom Clancy's The Division — Kes tootis kategoorias „Videomängude ajalugu: Tom Clancy's The Division” käsitletava videomängu?,Petter Sydow,Petter Sydow,,,Petter Sydow is the credited producer.,Petter Sydow on selle videomängu produtsent.,Tom Clancy's The Division — Wikipedia permanent revision 1371181043,https://en.wikipedia.org/w/index.php?title=Tom_Clancy's_The_Division&oldid=1371181043,CC-BY-SA-4.0,2026-08-25,reviewed,true
built-in-sports-games-clue-0486,built-in-sports-games,Sports and Games,built-in-sports-games-set-098,board,round-two,1,hard,video-game-history,Sports & Games: Mixed Challenge,Sport ja mängud: kirju väljakutse,Dr. Mario — Which doctor-themed Mario alter ego appears as a playable Super Smash Bros. character?,Dr. Mario — Milline arst Mario alter ego ilmub mängitav Super Smash Bros. iseloomu?,Dr. Mario,Dr. Mario,Doctor Mario,Doktor Mario.,Dr. Mario is a playable character in the Super Smash Bros. series.,Dr Mario on mängitav tegelane Super Smash Bros. seerias.,Dr. Mario — Wikipedia permanent revision 1371224862,https://en.wikipedia.org/w/index.php?title=Dr._Mario&oldid=1371224862,CC-BY-SA-4.0,2026-08-25,reviewed,true
built-in-sports-games-clue-0492,built-in-sports-games,Sports and Games,built-in-sports-games-set-098,board,round-two,2,hard,video-game-history,Sports & Games: Mixed Challenge,Sport ja mängud: kirju väljakutse,Sonic the Hedgehog 2 — Which publisher is associated with the video game in “Video Game History: Sonic the Hedgehog 2”?,Sonic the Hedgehog 2 — Milline kirjastaja on seotud videomänguga „Sonic the Hedgehog 2“?,Sega,Sega,,,Sega is the documented publisher.,Sega on selle videomängu kirjastaja.,Sonic the Hedgehog 2 — Wikipedia permanent revision 1370556710,https://en.wikipedia.org/w/index.php?title=Sonic_the_Hedgehog_2&oldid=1370556710,CC-BY-SA-4.0,2026-08-25,reviewed,true
built-in-sports-games-clue-0498,built-in-sports-games,Sports and Games,built-in-sports-games-set-098,board,round-two,3,hard,video-game-history,Sports & Games: Mixed Challenge,Sport ja mängud: kirju väljakutse,Tony Hawk's Pro Skater — Which publisher is associated with the video game in “Video Game History: Tony Hawk's Pro Skater”?,Tony Hawk's Pro Skater — Milline kirjastaja on seotud kategoorias „Videomängude ajalugu: Tony Hawk's Pro Skater” käsitletava videomänguga?,Activision,Activision,,,Activision is the documented publisher.,Activision on selle videomängu kirjastaja.,Tony Hawk's Pro Skater — Wikipedia permanent revision 1370146166,https://en.wikipedia.org/w/index.php?title=Tony_Hawk's_Pro_Skater&oldid=1370146166,CC-BY-SA-4.0,2026-08-25,reviewed,true
built-in-sports-games-clue-0424,built-in-sports-games,Sports and Games,built-in-sports-games-set-098,board,round-two,4,hard,video-game-history,Sports & Games: Mixed Challenge,Sport ja mängud: kirju väljakutse,Tom Clancy's The Division — Name a director credited for the video game in “Video Game History: Tom Clancy's The Division”.,Tom Clancy's The Division — Nimeta üks kategoorias „Videomängude ajalugu: Tom Clancy's The Division” käsitletava videomängu lavastaja.,Magnus Jansén,Magnus Jansén,,,Magnus Jansén is among the directors.,Magnus Jansén on üks selle videomängu lavastajatest.,Tom Clancy's The Division — Wikipedia permanent revision 1371181043,https://en.wikipedia.org/w/index.php?title=Tom_Clancy's_The_Division&oldid=1371181043,CC-BY-SA-4.0,2026-08-25,reviewed,true
built-in-sports-games-clue-0430,built-in-sports-games,Sports and Games,built-in-sports-games-set-098,board,round-two,5,hard,video-game-history,Sports & Games: Mixed Challenge,Sport ja mängud: kirju väljakutse,Half-Life (video game) — Who composed music for the video game in “Video Game History: Half-Life”?,Half-Life (video game) — Kes komponeeris kategoorias „Videomängude ajalugu: Half-Life” käsitletava videomängu muusika?,Kelly Bailey,Kelly Bailey,,,Kelly Bailey holds the music credit.,Kelly Bailey on selle videomängu helilooja.,Half-Life (video game) — Wikipedia permanent revision 1371171989,https://en.wikipedia.org/w/index.php?title=Half-Life_(video_game)&oldid=1371171989,CC-BY-SA-4.0,2026-08-25,reviewed,true
built-in-sports-games-clue-0491,built-in-sports-games,Sports and Games,built-in-sports-games-set-099,board,round-two,1,hard,video-game-history,Sports & Games: Mixed Quiz,Sport ja mängud: kirju viktoriin,Sonic the Hedgehog 2 — Was a time-travel system considered during development of Sonic the Hedgehog 2?,Sonic the Hedgehog 2 — Kas Sonic Hedgehog 2 arendamise ajal kaaluti ajarännakut?,True,Tõsi,,,A time-travel system was considered for Sonic the Hedgehog 2 before being dropped.,Enne alla kukkumist kaaluti Hedgehog 2 Sonicu ajarännakusüsteemi.,Sonic the Hedgehog 2 — Wikipedia permanent revision 1370556710,https://en.wikipedia.org/w/index.php?title=Sonic_the_Hedgehog_2&oldid=1370556710,CC-BY-SA-4.0,2026-08-25,reviewed,true
built-in-sports-games-clue-0497,built-in-sports-games,Sports and Games,built-in-sports-games-set-099,board,round-two,2,hard,video-game-history,Sports & Games: Mixed Quiz,Sport ja mängud: kirju viktoriin,Tony Hawk's Pro Skater — Name a developer credited for the video game in “Video Game History: Tony Hawk's Pro Skater”.,Tony Hawk's Pro Skater — Nimeta üks kategoorias „Videomängude ajalugu: Tony Hawk's Pro Skater” käsitletava videomängu arendaja.,Neversoft,Neversoft,Natsume,Natsume,Neversoft is credited as a developer.,Neversoft on üks selle videomängu arendajatest.,Tony Hawk's Pro Skater — Wikipedia permanent revision 1370146166,https://en.wikipedia.org/w/index.php?title=Tony_Hawk's_Pro_Skater&oldid=1370146166,CC-BY-SA-4.0,2026-08-25,reviewed,true
built-in-sports-games-clue-0423,built-in-sports-games,Sports and Games,built-in-sports-games-set-099,board,round-two,3,hard,video-game-history,Sports & Games: Mixed Quiz,Sport ja mängud: kirju viktoriin,Tom Clancy's The Division — Which publisher is associated with the video game in “Video Game History: Tom Clancy's The Division”?,Tom Clancy's The Division — Milline kirjastaja on seotud kategoorias „Videomängude ajalugu: Tom Clancy's The Division” käsitletava videomänguga?,Ubisoft,Ubisoft,,,Ubisoft is the documented publisher.,Ubisoft on selle videomängu kirjastaja.,Tom Clancy's The Division — Wikipedia permanent revision 1371181043,https://en.wikipedia.org/w/index.php?title=Tom_Clancy's_The_Division&oldid=1371181043,CC-BY-SA-4.0,2026-08-25,reviewed,true
built-in-sports-games-clue-0429,built-in-sports-games,Sports and Games,built-in-sports-games-set-099,board,round-two,4,hard,video-game-history,Sports & Games: Mixed Quiz,Sport ja mängud: kirju viktoriin,Half-Life (video game) — Which writer is credited for the video game in “Video Game History: Half-Life”?,Half-Life (video game) — Kes on videomängu Half-Life stsenarist?,Marc Laidlaw,Marc Laidlaw,,,Marc Laidlaw is the credited writer.,Marc Laidlaw on videomängu Half-Life stsenarist.,Half-Life (video game) — Wikipedia permanent revision 1371171989,https://en.wikipedia.org/w/index.php?title=Half-Life_(video_game)&oldid=1371171989,CC-BY-SA-4.0,2026-08-25,reviewed,true
built-in-sports-games-clue-0435,built-in-sports-games,Sports and Games,built-in-sports-games-set-099,board,round-two,5,hard,video-game-history,Sports & Games: Mixed Quiz,Sport ja mängud: kirju viktoriin,Monopoly (game) — Name a genre associated with the tabletop game in “Property Trading Game”.,"Monopoly (game) — Nimetage žanr, mis on seotud lauamänguga tarkvaras.",Board game,Lauamäng,,,Board game is among the documented genres.,Lauamäng on üks teose žanridest.,Monopoly (game) — Wikipedia permanent revision 1371172534,https://en.wikipedia.org/w/index.php?title=Monopoly_(game)&oldid=1371172534,CC-BY-SA-4.0,2026-08-25,reviewed,true
built-in-sports-games-clue-0496,built-in-sports-games,Sports and Games,built-in-sports-games-set-100,board,round-two,1,hard,video-game-history,Sports & Games: Mixed Odds & Ends,Sport ja mängud: kirju üht-teist,Tony Hawk's Pro Skater — Which sport drives the action in Tony Hawk’s Pro Skater?,Tony Hawk's Pro Skater — Milline sport juhib tegevust Tony Hawk Pro Skateris?,Skateboarding,Rulasõit,Skating;Skateboard,Uisutamine;Rulalaud,Tony Hawk’s Pro Skater is built around performing skateboard tricks.,Tony Hawk'i Pro Skater on ehitatud rula trikke tegema.,Tony Hawk's Pro Skater — Wikipedia permanent revision 1370146166,https://en.wikipedia.org/w/index.php?title=Tony_Hawk's_Pro_Skater&oldid=1370146166,CC-BY-SA-4.0,2026-08-25,reviewed,true
built-in-sports-games-clue-0422,built-in-sports-games,Sports and Games,built-in-sports-games-set-100,board,round-two,2,hard,video-game-history,Sports & Games: Mixed Odds & Ends,Sport ja mängud: kirju üht-teist,Tom Clancy's The Division — Which developer is credited for the video game in “Video Game History: Tom Clancy's The Division”?,Tom Clancy's The Division — Milline arendaja on seotud kategoorias „Videomängude ajalugu: Tom Clancy's The Division” käsitletava videomänguga?,Massive Entertainment,Massive Entertainment,,,Massive Entertainment is the credited developer.,Massive Entertainment on selle videomängu arendaja.,Tom Clancy's The Division — Wikipedia permanent revision 1371181043,https://en.wikipedia.org/w/index.php?title=Tom_Clancy's_The_Division&oldid=1371181043,CC-BY-SA-4.0,2026-08-25,reviewed,true
built-in-sports-games-clue-0428,built-in-sports-games,Sports and Games,built-in-sports-games-set-100,board,round-two,3,hard,video-game-history,Sports & Games: Mixed Odds & Ends,Sport ja mängud: kirju üht-teist,Half-Life (video game) — Which publisher is associated with the video game in “Video Game History: Half-Life”?,Half-Life (video game) — Milline kirjastaja on seotud kategoorias „Videomängude ajalugu: Half-Life” käsitletava videomänguga?,Sierra Studios,Sierra Studios,,,Sierra Studios is the documented publisher.,Sierra Studios on selle videomängu kirjastaja.,Half-Life (video game) — Wikipedia permanent revision 1371171989,https://en.wikipedia.org/w/index.php?title=Half-Life_(video_game)&oldid=1371171989,CC-BY-SA-4.0,2026-08-25,reviewed,true
built-in-sports-games-clue-0434,built-in-sports-games,Sports and Games,built-in-sports-games-set-100,board,round-two,4,hard,video-game-history,Sports & Games: Mixed Odds & Ends,Sport ja mängud: kirju üht-teist,Monopoly (game) — When was the tabletop game in “Property Trading Game” first published?,Monopoly (game) — Millal avaldati esimest korda kategoorias „Kinnisvaraga kauplemise mäng” käsitletav lauamäng?,1935,1935,,,It was published in 1935.,Lauamäng avaldati 1935. aastal.,Monopoly (game) — Wikipedia permanent revision 1371172534,https://en.wikipedia.org/w/index.php?title=Monopoly_(game)&oldid=1371172534,CC-BY-SA-4.0,2026-08-25,reviewed,true
built-in-sports-games-clue-0440,built-in-sports-games,Sports and Games,built-in-sports-games-set-100,board,round-two,5,hard,video-game-history,Sports & Games: Mixed Odds & Ends,Sport ja mängud: kirju üht-teist,Expected value — Which law formalizes the long-run-average interpretation of expected value?,Expected value — Milline seadus formaliseerib eeldatava väärtuse pikaaegse keskmise tõlgendamise?,law of large numbers,suurte arvude seadus,,,The law of large numbers formalizes that interpretation.,Seda tõlgendust vormistab suurte arvude seadus.,Expected value — Wikipedia permanent revision 1367789743,https://en.wikipedia.org/w/index.php?title=Expected_value&oldid=1367789743,CC-BY-SA-4.0,2026-08-25,reviewed,true
