clue_id,pack_id,pack_name,category_set_id,content_kind,round,tier,difficulty,macro_topic,category_name_en,category_name_et,clue_en,clue_et,response_en,response_et,accepted_variants_en,accepted_variants_et,explanation_en,explanation_et,source_title,source_url,source_license,source_retrieved_at,translation_status,enabled
built-in-adult-clue-0001,built-in-adult,Adult (Mature) / Täiskasvanutele,built-in-adult-set-001,board,round-one,1,easy,sexology-reproductive-health-history,Health on the Bathroom Shelf,Tervis vannitoariiulil,This barrier contraceptive is worn during sex and also reduces the spread of many infections.,Seda barjäärmeetodit kantakse seksuaalvahekorra ajal ning see vähendab ka paljude nakkuste levikut.,Condom,Kondoom,,,A condom is a barrier contraceptive that can also reduce infection risk.,"Kondoom on barjäärne rasestumisvastane vahend, mis võib vähendada ka nakkusohtu.",Condom — Wikipedia,https://en.wikipedia.org/wiki/Condom,CC-BY-SA-4.0,2026-08-28,reviewed,true
built-in-adult-clue-0002,built-in-adult,Adult (Mature) / Täiskasvanutele,built-in-adult-set-001,board,round-one,2,easy,sexology-reproductive-health-history,Health on the Bathroom Shelf,Tervis vannitoariiulil,This pharmacy product checks urine for hCG and can be used without visiting a laboratory.,See apteegitoode tuvastab uriinist hCG-d ning seda saab kasutada laborisse minemata.,Home pregnancy test,Kodune rasedustest,,,A home pregnancy test detects hCG in urine.,Kodune rasedustest tuvastab uriinist hCG-d.,Home pregnancy test — Wikipedia,https://en.wikipedia.org/wiki/Pregnancy_test,CC-BY-SA-4.0,2026-08-28,reviewed,true
built-in-adult-clue-0003,built-in-adult,Adult (Mature) / Täiskasvanutele,built-in-adult-set-001,board,round-one,3,easy,sexology-reproductive-health-history,Health on the Bathroom Shelf,Tervis vannitoariiulil,"This reusable, usually bell-shaped menstrual product collects fluid rather than absorbing it.","See korduskasutatav, tavaliselt kellukakujuline menstruatsioonitoode kogub vedelikku, mitte ei ima seda.",Menstrual cup,Menstruaalanum,,,A menstrual cup is a reusable product that collects menstrual fluid.,"Menstruaalanum on korduskasutatav toode, mis kogub menstruaalvedelikku.",Menstrual cup — Wikipedia,https://en.wikipedia.org/wiki/Menstrual_cup,CC-BY-SA-4.0,2026-08-28,reviewed,true
built-in-adult-clue-0004,built-in-adult,Adult (Mature) / Täiskasvanutele,built-in-adult-set-001,board,round-one,4,easy,sexology-reproductive-health-history,Health on the Bathroom Shelf,Tervis vannitoariiulil,Folic acid is a key ingredient in this supplement commonly taken before and during pregnancy.,Foolhape on selle enne rasedust ja raseduse ajal sageli võetava toidulisandi oluline koostisosa.,Prenatal vitamin,Rasedusaegne vitamiin,,,Prenatal vitamins commonly include folic acid.,Rasedusaegsed vitamiinid sisaldavad sageli foolhapet.,Prenatal vitamin — Wikipedia,https://en.wikipedia.org/wiki/Prenatal_vitamin,CC-BY-SA-4.0,2026-08-28,reviewed,true
built-in-adult-clue-0005,built-in-adult,Adult (Mature) / Täiskasvanutele,built-in-adult-set-001,board,round-one,5,easy,sexology-reproductive-health-history,Health on the Bathroom Shelf,Tervis vannitoariiulil,Kotex helped popularize this absorbent menstrual product after the First World War.,Kotex aitas pärast Esimest maailmasõda muuta populaarseks selle imava menstruatsioonitoote.,Sanitary pad,Hügieeniside,,,A sanitary pad is an absorbent menstrual product; Kotex became an early mass-market brand.,Hügieeniside on imav menstruatsioonitoode; Kotexist sai varane massturubränd.,Sanitary pad — Wikipedia,https://en.wikipedia.org/wiki/Menstrual_pad,CC-BY-SA-4.0,2026-08-28,reviewed,true
built-in-adult-clue-0006,built-in-adult,Adult (Mature) / Täiskasvanutele,built-in-adult-set-002,board,round-one,1,easy,sexology-reproductive-health-history,The Body's Calendar,Keha kalender,This stage of development brings sexual maturity and secondary sex characteristics.,See arenguetapp toob kaasa suguküpsuse ja teisesed sootunnused.,Puberty,Puberteet,,,Puberty is the developmental transition to sexual maturity.,Puberteet on arenguline üleminek suguküpsusele.,Puberty — Wikipedia,https://en.wikipedia.org/wiki/Puberty,CC-BY-SA-4.0,2026-08-28,reviewed,true
built-in-adult-clue-0007,built-in-adult,Adult (Mature) / Täiskasvanutele,built-in-adult-set-002,board,round-one,2,easy,sexology-reproductive-health-history,The Body's Calendar,Keha kalender,This recurring process sheds the uterine lining when pregnancy has not occurred.,"Selle korduva protsessi käigus irdub emaka limaskest, kui rasedust ei ole tekkinud.",Menstruation,Menstruatsioon,,,Menstruation is the recurring shedding of the uterine lining.,Menstruatsioon on emaka limaskesta korduv irdumine.,Menstruation — Wikipedia,https://en.wikipedia.org/wiki/Menstruation,CC-BY-SA-4.0,2026-08-28,reviewed,true
built-in-adult-clue-0008,built-in-adult,Adult (Mature) / Täiskasvanutele,built-in-adult-set-002,board,round-one,3,easy,sexology-reproductive-health-history,The Body's Calendar,Keha kalender,"Around the middle of many menstrual cycles, this process releases an egg from an ovary.",Paljude menstruaaltsüklite keskpaiga paiku vabaneb selle protsessi käigus munasarjast munarakk.,Ovulation,Ovulatsioon,,,Ovulation is the release of an egg from an ovary.,Ovulatsioon on munaraku vabanemine munasarjast.,Ovulation — Wikipedia,https://en.wikipedia.org/wiki/Ovulation,CC-BY-SA-4.0,2026-08-28,reviewed,true
built-in-adult-clue-0009,built-in-adult,Adult (Mature) / Täiskasvanutele,built-in-adult-set-002,board,round-one,4,easy,sexology-reproductive-health-history,The Body's Calendar,Keha kalender,Gestation is the more technical word for this period between conception and birth.,Gestatsioon on selle viljastumise ja sünni vahelise perioodi tehnilisem nimetus.,Pregnancy,Rasedus,,,Pregnancy is the period from conception through birth.,Rasedus on ajavahemik viljastumisest sünnini.,Pregnancy — Wikipedia,https://en.wikipedia.org/wiki/Pregnancy,CC-BY-SA-4.0,2026-08-28,reviewed,true
built-in-adult-clue-0010,built-in-adult,Adult (Mature) / Täiskasvanutele,built-in-adult-set-002,board,round-one,5,easy,sexology-reproductive-health-history,The Body's Calendar,Keha kalender,Doctors identify this life-stage transition retrospectively after 12 consecutive months without menstruation.,Arstid määratlevad selle eluetapi muutuse tagantjärele pärast 12 järjestikust menstruatsioonita kuud.,Menopause,Menopaus,,,Menopause is identified after 12 consecutive months without menstruation.,Menopaus määratletakse pärast 12 järjestikust menstruatsioonita kuud.,Menopause — Wikipedia,https://en.wikipedia.org/wiki/Menopause,CC-BY-SA-4.0,2026-08-28,reviewed,true
built-in-adult-clue-0011,built-in-adult,Adult (Mature) / Täiskasvanutele,built-in-adult-set-003,board,round-one,1,easy,sexology-reproductive-health-history,People Who Changed Health,"Inimesed, kes muutsid tervishoidu",This two-time Nobel laureate helped develop mobile X-ray units during the First World War.,See kahekordne Nobeli laureaat aitas Esimese maailmasõja ajal arendada liikuvaid röntgeniaparaate.,Marie Curie,Marie Curie,,,Marie Curie helped create mobile X-ray units during the First World War.,Marie Curie aitas Esimese maailmasõja ajal luua liikuvaid röntgeniaparaate.,Marie Curie — Wikipedia,https://en.wikipedia.org/wiki/Marie_Curie,CC-BY-SA-4.0,2026-08-28,reviewed,true
built-in-adult-clue-0012,built-in-adult,Adult (Mature) / Täiskasvanutele,built-in-adult-set-003,board,round-one,2,easy,sexology-reproductive-health-history,People Who Changed Health,"Inimesed, kes muutsid tervishoidu","Known as the Lady with the Lamp, this nurse became a symbol of modern nursing.",Lambiga daamina tuntud õest sai tänapäevase õenduse sümbol.,Florence Nightingale,Florence Nightingale,,,Florence Nightingale became known as the Lady with the Lamp and helped shape modern nursing.,Florence Nightingale sai tuntuks lambiga daamina ning aitas kujundada tänapäevast õendust.,Florence Nightingale — Wikipedia,https://en.wikipedia.org/wiki/Florence_Nightingale,CC-BY-SA-4.0,2026-08-28,reviewed,true
built-in-adult-clue-0013,built-in-adult,Adult (Mature) / Täiskasvanutele,built-in-adult-set-003,board,round-one,3,easy,sexology-reproductive-health-history,People Who Changed Health,"Inimesed, kes muutsid tervishoidu",Pasteurization takes its name from this French scientist associated with germ theory.,Pastöriseerimine on saanud nime selle iduteooriaga seotud Prantsuse teadlase järgi.,Louis Pasteur,Louis Pasteur,,,Louis Pasteur's work on microbes gave pasteurization its name.,Louis Pasteuri mikroobiuuringud andsid nime pastöriseerimisele.,Louis Pasteur — Wikipedia,https://en.wikipedia.org/wiki/Louis_Pasteur,CC-BY-SA-4.0,2026-08-28,reviewed,true
built-in-adult-clue-0014,built-in-adult,Adult (Mature) / Täiskasvanutele,built-in-adult-set-003,board,round-one,4,easy,sexology-reproductive-health-history,People Who Changed Health,"Inimesed, kes muutsid tervishoidu",A newborn's condition is quickly summarized by a five-part score named for this American physician.,Vastsündinu seisundit hinnatakse kiiresti selle Ameerika arsti järgi nimetatud viieosalise skooriga.,Virginia Apgar,Virginia Apgar,,,Virginia Apgar developed the newborn assessment that bears her name.,Virginia Apgar töötas välja tema nime kandva vastsündinu hindamise süsteemi.,Virginia Apgar — Wikipedia,https://en.wikipedia.org/wiki/Virginia_Apgar,CC-BY-SA-4.0,2026-08-28,reviewed,true
built-in-adult-clue-0015,built-in-adult,Adult (Mature) / Täiskasvanutele,built-in-adult-set-003,board,round-one,5,easy,sexology-reproductive-health-history,People Who Changed Health,"Inimesed, kes muutsid tervishoidu","In 1849, this physician became the first woman to receive a medical degree in the United States.","1849. aastal sai sellest arstist esimene naine, kes omandas Ameerika Ühendriikides arstikraadi.",Elizabeth Blackwell,Elizabeth Blackwell,,,Elizabeth Blackwell became the first woman to earn a medical degree in the United States when Geneva Medical College awarded her an M.D. in 1849.,"Elizabeth Blackwellist sai 1849. aastal esimene naine, kes omandas Ameerika Ühendriikides arstikraadi, kui Geneva Medical College andis talle meditsiinidoktori kraadi.",Elizabeth Blackwell — Wikipedia,https://en.wikipedia.org/wiki/Elizabeth_Blackwell,CC-BY-SA-4.0,2026-08-28,reviewed,true
built-in-adult-clue-0016,built-in-adult,Adult (Mature) / Täiskasvanutele,built-in-adult-set-004,board,round-one,1,easy,sexology-reproductive-health-history,How Nature Reproduces,Kuidas loodus paljuneb,"In sexual reproduction, this familiar female gamete can unite with a sperm cell.",Sugulisel paljunemisel võib see tuttav emassugurakk ühineda seemnerakuga.,Egg,Munarakk,,,An egg is the female gamete in many forms of sexual reproduction.,Munarakk on paljude liikide sugulisel paljunemisel emassugurakk.,Egg — Wikipedia,https://en.wikipedia.org/wiki/Egg_cell,CC-BY-SA-4.0,2026-08-28,reviewed,true
built-in-adult-clue-0017,built-in-adult,Adult (Mature) / Täiskasvanutele,built-in-adult-set-004,board,round-one,2,easy,sexology-reproductive-health-history,How Nature Reproduces,Kuidas loodus paljuneb,This typically mobile male gamete carries half the chromosomes needed for fertilization.,See tavaliselt liikuv isassugurakk kannab poolt viljastumiseks vajalikust kromosoomistikust.,Sperm,Seemnerakk,,,A sperm cell is a male gamete carrying half a typical chromosome set.,"Seemnerakk on isassugurakk, mis kannab poolt tavalisest kromosoomistikust.",Sperm — Wikipedia,https://en.wikipedia.org/wiki/Sperm,CC-BY-SA-4.0,2026-08-28,reviewed,true
built-in-adult-clue-0018,built-in-adult,Adult (Mature) / Täiskasvanutele,built-in-adult-set-004,board,round-one,3,easy,sexology-reproductive-health-history,How Nature Reproduces,Kuidas loodus paljuneb,Bees often assist this process by moving pollen from one flower to another.,"Mesilased aitavad sageli kaasa sellele protsessile, kandes õietolmu ühelt õielt teisele.",Pollination,Tolmeldamine,,,Pollination transfers pollen between flower structures.,Tolmeldamine kannab õietolmu õieosade vahel.,Pollination — Wikipedia,https://en.wikipedia.org/wiki/Pollination,CC-BY-SA-4.0,2026-08-28,reviewed,true
built-in-adult-clue-0019,built-in-adult,Adult (Mature) / Täiskasvanutele,built-in-adult-set-004,board,round-one,4,easy,sexology-reproductive-health-history,How Nature Reproduces,Kuidas loodus paljuneb,"In this marine fish, the male carries developing young in a brood pouch.",Selle merekala isasloom kannab arenevaid järglasi haudepaunas.,Seahorse,Merihobu,,,Male seahorses carry developing young in a brood pouch.,Isased merihobud kannavad arenevaid järglasi haudepaunas.,Seahorse — Wikipedia,https://en.wikipedia.org/wiki/Seahorse,CC-BY-SA-4.0,2026-08-28,reviewed,true
built-in-adult-clue-0020,built-in-adult,Adult (Mature) / Täiskasvanutele,built-in-adult-set-004,board,round-one,5,easy,sexology-reproductive-health-history,How Nature Reproduces,Kuidas loodus paljuneb,"If the dominant female disappears from its reef group, a breeding male of this orange-and-white fish can change sex and take her place.","Kui selle oranžvalge riffikala rühma juhtiv emane kaob, võib sigiv isane sugu vahetada ja tema koha võtta.",Clownfish,Klounkala,,,"Clownfish live in social groups with a breeding female. If she dies, the dominant male can change sex and become the new breeding female.","Klounkalad elavad rühmades, mida juhib sigiv emane. Kui ta sureb, võib juhtiv isane sugu vahetada ja saada uueks sigivaks emaseks.",Clownfish — Wikipedia,https://en.wikipedia.org/wiki/Clownfish,CC-BY-SA-4.0,2026-08-28,reviewed,true
built-in-adult-clue-0021,built-in-adult,Adult (Mature) / Täiskasvanutele,built-in-adult-set-005,board,round-one,1,easy,sexology-reproductive-health-history,The Family-Planning Toolkit,Pereplaneerimise tööriistakast,"Often simply called the pill, this contraceptive is taken by mouth on a schedule.",Sageli lihtsalt pilliks nimetatud rasestumisvastast vahendit võetakse kindla graafiku järgi suu kaudu.,Birth control pill,Rasestumisvastane pill,,,The birth control pill is an oral contraceptive.,Rasestumisvastane pill on suukaudne rasestumisvastane vahend.,Birth control pill — Wikipedia,https://en.wikipedia.org/wiki/Combined_oral_contraceptive_pill,CC-BY-SA-4.0,2026-08-28,reviewed,true
built-in-adult-clue-0022,built-in-adult,Adult (Mature) / Täiskasvanutele,built-in-adult-set-005,board,round-one,2,easy,sexology-reproductive-health-history,The Family-Planning Toolkit,Pereplaneerimise tööriistakast,This skin-worn contraceptive releases hormones through an adhesive square.,See nahal kantav rasestumisvastane vahend vabastab hormoone kleepuva ruudu kaudu.,Contraceptive patch,Rasestumisvastane plaaster,,,A contraceptive patch delivers hormones through the skin.,Rasestumisvastane plaaster viib hormoonid kehasse naha kaudu.,Contraceptive patch — Wikipedia,https://en.wikipedia.org/wiki/Contraceptive_patch,CC-BY-SA-4.0,2026-08-28,reviewed,true
built-in-adult-clue-0023,built-in-adult,Adult (Mature) / Täiskasvanutele,built-in-adult-set-005,board,round-one,3,easy,sexology-reproductive-health-history,The Family-Planning Toolkit,Pereplaneerimise tööriistakast,"Usually abbreviated IUD, this small contraceptive device is placed inside the uterus.",Tavaliselt lühendiga IUD tähistatav väike rasestumisvastane vahend paigaldatakse emakasse.,Intrauterine device,Emakasisene vahend,,,An intrauterine device is placed in the uterus for contraception.,Emakasisene vahend paigaldatakse rasestumisvastaseks otstarbeks emakasse.,Intrauterine device — Wikipedia,https://en.wikipedia.org/wiki/Intrauterine_device,CC-BY-SA-4.0,2026-08-28,reviewed,true
built-in-adult-clue-0024,built-in-adult,Adult (Mature) / Täiskasvanutele,built-in-adult-set-005,board,round-one,4,easy,sexology-reproductive-health-history,The Family-Planning Toolkit,Pereplaneerimise tööriistakast,This dome-shaped barrier contraceptive is placed over the cervix before sex.,See kuplikujuline barjäärne rasestumisvastane vahend asetatakse enne seksuaalvahekorda emakakaela ette.,Diaphragm,Pessaar,,,A contraceptive diaphragm covers the cervix as a barrier.,Rasestumisvastane pessaar katab emakakaela barjäärina.,Diaphragm — Wikipedia,https://en.wikipedia.org/wiki/Diaphragm_(birth_control),CC-BY-SA-4.0,2026-08-28,reviewed,true
built-in-adult-clue-0025,built-in-adult,Adult (Mature) / Täiskasvanutele,built-in-adult-set-005,board,round-one,5,easy,sexology-reproductive-health-history,The Family-Planning Toolkit,Pereplaneerimise tööriistakast,This contraceptive procedure blocks or cuts the vas deferens.,Selle rasestumisvastase protseduuri käigus suletakse või lõigatakse seemnejuhad.,Vasectomy,Vasektoomia,,,A vasectomy interrupts the vas deferens.,Vasektoomia katkestab seemnejuhad.,Vasectomy — Wikipedia,https://en.wikipedia.org/wiki/Vasectomy,CC-BY-SA-4.0,2026-08-28,reviewed,true
built-in-adult-clue-0026,built-in-adult,Adult (Mature) / Täiskasvanutele,built-in-adult-set-006,board,round-one,1,easy,sexology-reproductive-health-history,"Clinic, Courtroom, and Culture","Kliinik, kohtusaal ja kultuur",This word means a voluntary agreement to an action or proposal.,See sõna tähendab vabatahtlikku nõustumist tegevuse või ettepanekuga.,Consent,Nõusolek,,,Consent is voluntary agreement.,Nõusolek on vabatahtlik nõustumine.,Consent — Wikipedia,https://en.wikipedia.org/wiki/Consent,CC-BY-SA-4.0,2026-08-28,reviewed,true
built-in-adult-clue-0027,built-in-adult,Adult (Mature) / Täiskasvanutele,built-in-adult-set-006,board,round-one,2,easy,sexology-reproductive-health-history,"Clinic, Courtroom, and Culture","Kliinik, kohtusaal ja kultuur",A clinician writes this authorization before a pharmacy dispenses many medicines.,"Arst kirjutab selle loa enne, kui apteek väljastab paljusid ravimeid.",Prescription,Retsept,,,A prescription authorizes a pharmacy to dispense a medicine.,Retsept annab apteegile loa ravim väljastada.,Prescription — Wikipedia,https://en.wikipedia.org/wiki/Medical_prescription,CC-BY-SA-4.0,2026-08-28,reviewed,true
built-in-adult-clue-0028,built-in-adult,Adult (Mature) / Täiskasvanutele,built-in-adult-set-006,board,round-one,3,easy,sexology-reproductive-health-history,"Clinic, Courtroom, and Culture","Kliinik, kohtusaal ja kultuur",This broad term covers information and services that help people decide whether and when to have children.,"See lai mõiste hõlmab teavet ja teenuseid, mis aitavad inimestel otsustada, kas ja millal lapsi saada.",Family planning,Pereplaneerimine,,,Family planning supports decisions about whether and when to have children.,"Pereplaneerimine toetab otsuseid selle kohta, kas ja millal lapsi saada.",Family planning — Wikipedia,https://en.wikipedia.org/wiki/Family_planning,CC-BY-SA-4.0,2026-08-28,reviewed,true
built-in-adult-clue-0029,built-in-adult,Adult (Mature) / Täiskasvanutele,built-in-adult-set-006,board,round-one,4,easy,sexology-reproductive-health-history,"Clinic, Courtroom, and Culture","Kliinik, kohtusaal ja kultuur",Medical confidentiality protects this personal sphere of information and choice.,Meditsiiniline konfidentsiaalsus kaitseb seda isikliku teabe ja valikute sfääri.,Privacy,Privaatsus,,,Privacy includes control over personal information and choices.,Privaatsus hõlmab kontrolli isikliku teabe ja valikute üle.,Privacy — Wikipedia,https://en.wikipedia.org/wiki/Privacy,CC-BY-SA-4.0,2026-08-28,reviewed,true
built-in-adult-clue-0030,built-in-adult,Adult (Mature) / Täiskasvanutele,built-in-adult-set-006,board,round-one,5,easy,sexology-reproductive-health-history,"Clinic, Courtroom, and Culture","Kliinik, kohtusaal ja kultuur",Vaccination campaigns and clean-water programmes belong to this field focused on whole communities rather than one patient.,"Vaktsineerimiskampaaniad ja puhta vee programmid kuuluvad sellesse valdkonda, mis keskendub üksikisiku asemel tervele kogukonnale.",Public health,Rahvatervis,,,Public health aims to protect and improve health across communities.,Rahvatervise eesmärk on kaitsta ja parandada tervist kogukondades.,Public health — Wikipedia,https://en.wikipedia.org/wiki/Public_health,CC-BY-SA-4.0,2026-08-28,reviewed,true
built-in-adult-clue-0031,built-in-adult,Adult (Mature) / Täiskasvanutele,built-in-adult-set-007,board,round-one,1,easy,sexology-reproductive-health-history,Pregnancy in Popular Culture,Rasedus popkultuuris,Folklore often shows this long-legged bird delivering babies in a bundle.,Rahvajuttudes kujutatakse seda pikajalgset lindu sageli titte kompsus kohale toomas.,Stork,Toonekurg,,,The stork is a traditional folklore symbol of delivering babies.,Toonekurg on rahvajuttudes traditsiooniline beebide tooja.,Stork — Wikipedia,https://en.wikipedia.org/wiki/White_stork,CC-BY-SA-4.0,2026-08-28,reviewed,true
built-in-adult-clue-0032,built-in-adult,Adult (Mature) / Täiskasvanutele,built-in-adult-set-007,board,round-one,2,easy,sexology-reproductive-health-history,Pregnancy in Popular Culture,Rasedus popkultuuris,"At this pre-birth celebration, guests commonly give gifts for the expected child.",Sellel sünnieelsel peol kingivad külalised tavaliselt oodatavale lapsele vajalikke asju.,Baby shower,Beebipidu,,,A baby shower celebrates an expected child with gifts.,Beebipidu tähistab oodatavat last kingitustega.,Baby shower — Wikipedia,https://en.wikipedia.org/wiki/Baby_shower,CC-BY-SA-4.0,2026-08-28,reviewed,true
built-in-adult-clue-0033,built-in-adult,Adult (Mature) / Täiskasvanutele,built-in-adult-set-007,board,round-one,3,easy,sexology-reproductive-health-history,Pregnancy in Popular Culture,Rasedus popkultuuris,Mia Farrow plays a pregnant Manhattan woman who fears her neighbors have plans for her baby in this 1968 film.,"Mia Farrow mängib selles 1968. aasta filmis rasedat Manhattani naist, kes kardab, et naabritel on tema lapsega omad plaanid.",Rosemary's Baby,Rosemary laps,,,Rosemary's Baby is a 1968 psychological horror film starring Mia Farrow as a pregnant Manhattan woman who suspects a sinister plot involving her baby.,"„Rosemary laps“ on 1968. aasta psühholoogiline õudusfilm, milles Mia Farrow kehastab rasedat Manhattani naist, kes kahtlustab oma last puudutavat kurjakuulutavat vandenõu.",Rosemary's Baby — Wikipedia,https://en.wikipedia.org/wiki/Rosemary%27s_Baby_(film),CC-BY-SA-4.0,2026-08-28,reviewed,true
built-in-adult-clue-0034,built-in-adult,Adult (Mature) / Täiskasvanutele,built-in-adult-set-007,board,round-one,4,easy,sexology-reproductive-health-history,Pregnancy in Popular Culture,Rasedus popkultuuris,This BBC drama follows nurses and midwives in London's East End beginning in the 1950s.,See BBC draamasari jälgib 1950. aastatest alates Londoni East Endi õdesid ja ämmaemandaid.,Call the Midwife,Call the Midwife,,,Call the Midwife is a BBC period drama about nurses and midwives.,„Call the Midwife“ on BBC ajastudraama õdedest ja ämmaemandatest.,Call the Midwife — Wikipedia,https://en.wikipedia.org/wiki/Call_the_Midwife,CC-BY-SA-4.0,2026-08-28,reviewed,true
built-in-adult-clue-0035,built-in-adult,Adult (Mature) / Täiskasvanutele,built-in-adult-set-007,board,round-one,5,easy,sexology-reproductive-health-history,Pregnancy in Popular Culture,Rasedus popkultuuris,This bestselling pregnancy guide by Heidi Murkoff uses a repeated form of the verb expect in its title.,Selle Heidi Murkoffi menuka rasedusjuhendi pealkirjas kordub ootamist tähistav sõna.,What to Expect When You're Expecting,Mida oodata last oodates,,,What to Expect When You're Expecting is a bestselling pregnancy guide.,„Mida oodata last oodates“ on menukas rasedusjuhend.,What to Expect When You're Expecting — Wikipedia,https://en.wikipedia.org/wiki/What_to_Expect_When_You're_Expecting,CC-BY-SA-4.0,2026-08-28,reviewed,true
built-in-adult-clue-0036,built-in-adult,Adult (Mature) / Täiskasvanutele,built-in-adult-set-008,board,round-one,1,easy,sexology-reproductive-health-history,Words from the Delivery Room,Sünnitustoa sõnad,"This trained professional supports people through pregnancy, birth, and early postnatal care.","See väljaõppinud spetsialist toetab inimesi raseduse, sünnituse ja varase sünnitusjärgse aja jooksul.",Midwife,Ämmaemand,,,"A midwife provides care during pregnancy, birth, and after delivery.","Ämmaemand osutab abi raseduse, sünnituse ja sünnitusjärgse aja jooksul.",Midwife — Wikipedia,https://en.wikipedia.org/wiki/Midwife,CC-BY-SA-4.0,2026-08-28,reviewed,true
built-in-adult-clue-0037,built-in-adult,Adult (Mature) / Täiskasvanutele,built-in-adult-set-008,board,round-one,2,easy,sexology-reproductive-health-history,Words from the Delivery Room,Sünnitustoa sõnad,"Calculated from pregnancy timing, this estimated calendar point is not a guarantee of the baby's birthday.",Raseduse ajastuse järgi arvutatud hinnanguline kuupäev ei taga lapse tegelikku sünnipäeva.,Due date,Eeldatav sünnitustähtaeg,,,A due date estimates when a baby may be born.,"Eeldatav sünnitustähtaeg hindab, millal laps võib sündida.",Due date — Wikipedia,https://en.wikipedia.org/wiki/Estimated_date_of_delivery,CC-BY-SA-4.0,2026-08-28,reviewed,true
built-in-adult-clue-0038,built-in-adult,Adult (Mature) / Täiskasvanutele,built-in-adult-set-008,board,round-one,3,easy,sexology-reproductive-health-history,Words from the Delivery Room,Sünnitustoa sõnad,"Often shortened to C-section, this operation delivers a baby through incisions in the abdomen and uterus.",Sageli C-lõikeks lühendatava operatsiooni käigus sünnib laps kõhu ja emaka sisselõigete kaudu.,Cesarean section,Keisrilõige,,,A cesarean section delivers a baby surgically through the abdomen and uterus.,Keisrilõike puhul sünnib laps kirurgiliselt kõhu ja emaka kaudu.,Cesarean section — Wikipedia,https://en.wikipedia.org/wiki/Caesarean_section,CC-BY-SA-4.0,2026-08-28,reviewed,true
built-in-adult-clue-0039,built-in-adult,Adult (Mature) / Täiskasvanutele,built-in-adult-set-008,board,round-one,4,easy,sexology-reproductive-health-history,Words from the Delivery Room,Sünnitustoa sõnad,These rhythmic tightenings of the uterus help move labor toward birth.,Need emaka rütmilised kokkutõmbed aitavad sünnitusel lapse sündi ette valmistada.,Contractions,Tuhud,,,Labor contractions are rhythmic uterine tightenings that help the cervix open and move birth forward.,"Sünnitustuhud on emaka rütmilised kokkutõmbed, mis aitavad emakakaelal avaneda ja sünnitusel edeneda.",Uterine contraction — Wikipedia,https://en.wikipedia.org/wiki/Uterine_contraction,CC-BY-SA-4.0,2026-08-28,reviewed,true
built-in-adult-clue-0040,built-in-adult,Adult (Mature) / Täiskasvanutele,built-in-adult-set-008,board,round-one,5,easy,sexology-reproductive-health-history,Words from the Delivery Room,Sünnitustoa sõnad,"During labour, pain medicine may be delivered through a catheter near the spine using this technique.",Sünnituse ajal võib selle meetodiga manustada valuvaigistit kateetri kaudu lülisamba lähedale.,Epidural,Epiduraalanalgeesia,,,An epidural can deliver pain relief near the spinal nerves during labour.,Epiduraalanalgeesia võib sünnituse ajal leevendada valu lülisambanärvide lähedale manustatud ravimiga.,Epidural — Wikipedia,https://en.wikipedia.org/wiki/Epidural_administration,CC-BY-SA-4.0,2026-08-28,reviewed,true
built-in-adult-clue-0041,built-in-adult,Adult (Mature) / Täiskasvanutele,built-in-adult-set-009,board,round-one,1,easy,sexology-reproductive-health-history,"Days, Ribbons, and Awareness","Päevad, lindid ja teadlikkus",This ribbon colour is widely associated with breast-cancer awareness.,Seda värvi linti seostatakse laialdaselt rinnavähiteadlikkusega.,Pink ribbon,Roosa lint,,,The pink ribbon is associated with breast-cancer awareness.,Roosat linti seostatakse rinnavähiteadlikkusega.,Pink ribbon — Wikipedia,https://en.wikipedia.org/wiki/Pink_ribbon,CC-BY-SA-4.0,2026-08-28,reviewed,true
built-in-adult-clue-0042,built-in-adult,Adult (Mature) / Täiskasvanutele,built-in-adult-set-009,board,round-one,2,easy,sexology-reproductive-health-history,"Days, Ribbons, and Awareness","Päevad, lindid ja teadlikkus","Anna Jarvis campaigned for this family observance, celebrated on the second Sunday of May in many countries.","Anna Jarvis võitles selle perepäeva eest, mida paljudes riikides tähistatakse mai teisel pühapäeval.",Mother's Day,Emadepäev,,,Anna Jarvis promoted Mother's Day in the United States.,Anna Jarvis edendas Ameerika Ühendriikides emadepäeva tähistamist.,Mother's Day — Wikipedia,https://en.wikipedia.org/wiki/Mother's_Day,CC-BY-SA-4.0,2026-08-28,reviewed,true
built-in-adult-clue-0043,built-in-adult,Adult (Mature) / Täiskasvanutele,built-in-adult-set-009,board,round-one,3,easy,sexology-reproductive-health-history,"Days, Ribbons, and Awareness","Päevad, lindid ja teadlikkus",This coloured loop is an international symbol of HIV and AIDS awareness.,See värviline aas on rahvusvaheline HIV- ja AIDS-i teadlikkuse sümbol.,Red ribbon,Punane lint,,,The red ribbon symbolizes HIV and AIDS awareness.,Punane lint sümboliseerib HIV- ja AIDS-i teadlikkust.,Red ribbon — Wikipedia,https://en.wikipedia.org/wiki/Red_ribbon,CC-BY-SA-4.0,2026-08-28,reviewed,true
built-in-adult-clue-0044,built-in-adult,Adult (Mature) / Täiskasvanutele,built-in-adult-set-009,board,round-one,4,easy,sexology-reproductive-health-history,"Days, Ribbons, and Awareness","Päevad, lindid ja teadlikkus","Observed on December 1, this international day focuses attention on HIV and AIDS.",Seda 1. detsembril peetavat rahvusvahelist päeva kasutatakse HIV-le ja AIDS-ile tähelepanu juhtimiseks.,World AIDS Day,Ülemaailmne AIDSi päev,,,World AIDS Day is observed on December 1.,Ülemaailmset AIDSi päeva peetakse 1. detsembril.,World AIDS Day — Wikipedia,https://en.wikipedia.org/wiki/World_AIDS_Day,CC-BY-SA-4.0,2026-08-28,reviewed,true
built-in-adult-clue-0045,built-in-adult,Adult (Mature) / Täiskasvanutele,built-in-adult-set-009,board,round-one,5,easy,sexology-reproductive-health-history,"Days, Ribbons, and Awareness","Päevad, lindid ja teadlikkus",The numbers 28 and 5 shape the date of this May awareness day: an average cycle is often described as 28 days and menstruation as five days.,Selle maikuu teadlikkuse päeva kuupäeva kujundavad arvud 28 ja 5: keskmist tsüklit kirjeldatakse sageli 28-päevasena ning menstruatsiooni viiepäevasena.,Menstrual Hygiene Day,Menstruaalhügieeni päev,,,"Menstrual Hygiene Day is observed on May 28, using 28 and 5 as symbolic cycle figures.",Menstruaalhügieeni päeva peetakse 28. mail ning arvud 28 ja 5 viitavad sümboolselt tsüklile.,Menstrual Hygiene Day — Wikipedia,https://en.wikipedia.org/wiki/Menstrual_Hygiene_Day,CC-BY-SA-4.0,2026-08-28,reviewed,true
built-in-adult-clue-0046,built-in-adult,Adult (Mature) / Täiskasvanutele,built-in-adult-set-010,board,round-one,1,easy,sexology-reproductive-health-history,Science You Meet Every Day,"Teadus, mida kohtad iga päev",A dentist may use this image to see decay hidden inside a tooth.,Hambaarst võib kasutada seda pilti hamba sees peituva kaariese nägemiseks.,X-ray,Röntgenipilt,,,Dental X-rays reveal structures and decay that cannot be seen during an ordinary visual examination.,"Hambaröntgen näitab struktuure ja kaariest, mida tavalisel vaatlusel ei näe.",Dental radiography — Wikipedia,https://en.wikipedia.org/wiki/Dental_radiography,CC-BY-SA-4.0,2026-08-28,reviewed,true
built-in-adult-clue-0047,built-in-adult,Adult (Mature) / Täiskasvanutele,built-in-adult-set-010,board,round-one,2,easy,sexology-reproductive-health-history,Science You Meet Every Day,"Teadus, mida kohtad iga päev",This imaging method uses high-frequency sound waves and is familiar from pregnancy scans.,See kuvamismeetod kasutab kõrgsageduslikke helilaineid ning on tuttav rasedusuuringutest.,Ultrasound,Ultraheliuuring,,,Ultrasound imaging uses high-frequency sound waves.,Ultraheliuuring kasutab kõrgsageduslikke helilaineid.,Ultrasound — Wikipedia,https://en.wikipedia.org/wiki/Medical_ultrasound,CC-BY-SA-4.0,2026-08-28,reviewed,true
built-in-adult-clue-0048,built-in-adult,Adult (Mature) / Täiskasvanutele,built-in-adult-set-010,board,round-one,3,easy,sexology-reproductive-health-history,Science You Meet Every Day,"Teadus, mida kohtad iga päev",Insulin and estrogen are examples of this kind of chemical messenger in the body.,Insuliin ja östrogeen on näited sellisest keha keemilisest sõnumikandjast.,Hormone,Hormoon,,,Hormones are chemical messengers; insulin and estrogen are examples.,Hormoonid on keemilised sõnumikandjad; näiteks insuliin ja östrogeen.,Hormone — Wikipedia,https://en.wikipedia.org/wiki/Hormone,CC-BY-SA-4.0,2026-08-28,reviewed,true
built-in-adult-clue-0049,built-in-adult,Adult (Mature) / Täiskasvanutele,built-in-adult-set-010,board,round-one,4,easy,sexology-reproductive-health-history,Science You Meet Every Day,"Teadus, mida kohtad iga päev",A vaccine trains the immune system to recognize targets partly through these Y-shaped proteins.,Vaktsiin õpetab immuunsüsteemi sihtmärke ära tundma osaliselt nende Y-kujuliste valkude abil.,Antibody,Antikeha,,,Antibodies are Y-shaped immune proteins that bind targets.,"Antikehad on Y-kujulised immuunvalgud, mis seonduvad sihtmärkidega.",Antibody — Wikipedia,https://en.wikipedia.org/wiki/Antibody,CC-BY-SA-4.0,2026-08-28,reviewed,true
built-in-adult-clue-0050,built-in-adult,Adult (Mature) / Täiskasvanutele,built-in-adult-set-010,board,round-one,5,easy,sexology-reproductive-health-history,Science You Meet Every Day,"Teadus, mida kohtad iga päev",This small device clips onto a fingertip and uses light to estimate blood oxygen saturation and pulse rate.,See väike seade kinnitatakse sõrmeotsa ning see hindab valguse abil vere hapnikuküllastust ja pulsisagedust.,Pulse oximeter,Pulssoksümeeter,,,A pulse oximeter uses light passing through a fingertip or other thin body part to estimate oxygen saturation and pulse rate without drawing blood.,"Pulssoksümeeter kasutab sõrmeotsa või muu õhukese kehaosa läbivat valgust, et hinnata verd võtmata hapnikuküllastust ja pulsisagedust.",Pulse oximetry — Wikipedia,https://en.wikipedia.org/wiki/Pulse_oximetry,CC-BY-SA-4.0,2026-08-28,reviewed,true
built-in-adult-clue-0051,built-in-adult,Adult (Mature) / Täiskasvanutele,built-in-adult-set-011,board,round-one,1,easy,relationships-partnership-customs,Five Ways to Say Commitment,Viis viisi pühendumiseks,This marriage system joins one person to one spouse at a time.,"See abielusüsteem tähendab, et inimesel on korraga üks abikaasa.",Monogamy,Monogaamia,,,Monogamy is marriage to one spouse at a time.,Monogaamia on abielu ühe abikaasaga korraga.,Monogamy — Wikipedia,https://en.wikipedia.org/wiki/Monogamy,CC-BY-SA-4.0,2026-08-27,reviewed,true
built-in-adult-clue-0052,built-in-adult,Adult (Mature) / Täiskasvanutele,built-in-adult-set-011,board,round-one,2,easy,relationships-partnership-customs,Five Ways to Say Commitment,Viis viisi pühendumiseks,A couple who share a home and domestic life without being married are in this arrangement.,"Paar, kes elab ühises kodus ja jagab igapäevaelu ilma abielus olemata, on sellises suhtes.",Cohabitation,Kooselu,Living together,Vabaabielu,Cohabitation means two people living together as a couple without being married; its legal effects differ by jurisdiction.,"Kooselu tähendab, et kaks inimest elavad paarina ühises majapidamises ilma abielus olemata; selle õiguslik tähendus erineb riigiti.",Cohabitation — Wikipedia,https://en.wikipedia.org/wiki/Cohabitation,CC-BY-SA-4.0,2026-08-27,reviewed,true
built-in-adult-clue-0053,built-in-adult,Adult (Mature) / Täiskasvanutele,built-in-adult-set-011,board,round-one,3,easy,relationships-partnership-customs,Five Ways to Say Commitment,Viis viisi pühendumiseks,A 40th wedding anniversary traditionally takes the name of this red gemstone.,40. pulma-aastapäev on saanud nime selle punase vääriskivi järgi.,Ruby,Rubiin,,,The 40th wedding anniversary is the ruby anniversary.,40. pulma-aastapäeva nimetatakse rubiinpulmadeks.,Wedding anniversary — Wikipedia,https://en.wikipedia.org/wiki/Wedding_anniversary,CC-BY-SA-4.0,2026-08-27,reviewed,true
built-in-adult-clue-0054,built-in-adult,Adult (Mature) / Täiskasvanutele,built-in-adult-set-011,board,round-one,4,easy,relationships-partnership-customs,Five Ways to Say Commitment,Viis viisi pühendumiseks,"In Fiddler on the Roof, Yente practices this profession of arranging introductions for marriage.",Muusikalis „Viiuldaja katusel“ peab Yente seda abielupartnerite tutvustamise ametit.,Matchmaker,Kosjasobitaja,,,A matchmaker brings together prospective partners.,Kosjasobitaja viib võimalikud partnerid omavahel kokku.,Fiddler on the Roof — Music Theatre International,https://www.mtishows.com/print/node/801,all-rights-reserved-source,2026-08-27,reviewed,true
built-in-adult-clue-0055,built-in-adult,Adult (Mature) / Täiskasvanutele,built-in-adult-set-011,board,round-one,5,easy,relationships-partnership-customs,Five Ways to Say Commitment,Viis viisi pühendumiseks,"In this property custom, assets are transferred from a bride's family to the couple or groom.",Selles varakombes antakse pruudiperest vara üle paarile või peigmehele.,Dowry,Kaasavara,,,A dowry transfers property from the bride's family at marriage.,Kaasavara puhul antakse abiellumisel pruudi perekonnalt vara paarile või peigmehele.,Dowry — Wikipedia,https://en.wikipedia.org/wiki/Dowry,CC-BY-SA-4.0,2026-08-27,reviewed,true
built-in-adult-clue-0056,built-in-adult,Adult (Mature) / Täiskasvanutele,built-in-adult-set-012,board,round-one,1,easy,relationships-partnership-customs,At the Wedding Reception,Pulmapeol,Couples traditionally cut this decorated dessert together at their reception.,Paar lõikab pulmapeol traditsiooniliselt koos seda kaunistatud magustoitu.,Wedding cake,Pulmatort,,,A wedding cake is a decorated reception dessert traditionally cut by the couple.,"Pulmatort on kaunistatud magustoit, mida paar pulmapeol traditsiooniliselt koos lõikab.",Wedding cake — Wikipedia,https://en.wikipedia.org/wiki/Wedding_cake,CC-BY-SA-4.0,2026-08-28,reviewed,true
built-in-adult-clue-0057,built-in-adult,Adult (Mature) / Täiskasvanutele,built-in-adult-set-012,board,round-one,2,easy,relationships-partnership-customs,At the Wedding Reception,Pulmapeol,A reception DJ may invite only the newlyweds onto the floor for this traditional spotlight moment.,Pulmapeo DJ võib kutsuda üksnes vastabiellunud tantsupõrandale selle traditsioonilise tähelepanuhetke jaoks.,First dance,Avatants,,,The first dance traditionally opens the reception dance floor for the couple.,Avatantsuga avab paar traditsiooniliselt pulmapeo tantsupõranda.,First dance — Wikipedia,https://en.wikipedia.org/wiki/First_dance,CC-BY-SA-4.0,2026-08-28,reviewed,true
built-in-adult-clue-0058,built-in-adult,Adult (Mature) / Täiskasvanutele,built-in-adult-set-012,board,round-one,3,easy,relationships-partnership-customs,At the Wedding Reception,Pulmapeol,Unmarried guests gather behind the bride before flowers fly over her shoulder in this custom.,"Vallalised külalised kogunevad pruudi taha, enne kui lilled lendavad selles kombes üle tema õla.",Bouquet toss,Pruudikimbu viskamine,,,The bouquet toss invites guests to catch the bride's flowers.,Pruudikimbu viskamisel püüavad külalised pruudi lilli.,Bouquet toss — Wikipedia,https://en.wikipedia.org/wiki/Bouquet_toss,CC-BY-SA-4.0,2026-08-28,reviewed,true
built-in-adult-clue-0059,built-in-adult,Adult (Mature) / Täiskasvanutele,built-in-adult-set-012,board,round-one,4,easy,relationships-partnership-customs,At the Wedding Reception,Pulmapeol,"When glasses rise, a speaker offers the couple a few ceremonial words in this reception ritual.","Kui klaasid tõusevad, lausub kõneleja pruutpaarile selles peorituaalis mõned pidulikud sõnad.",Toast,Toost,,,A wedding toast combines raised drinks with words honouring the couple.,Pulmatoost ühendab tõstetud joogiklaasid ja pruutpaari austavad sõnad.,Toast — Wikipedia,https://en.wikipedia.org/wiki/Toast_(honor),CC-BY-SA-4.0,2026-08-28,reviewed,true
built-in-adult-clue-0060,built-in-adult,Adult (Mature) / Täiskasvanutele,built-in-adult-set-012,board,round-one,5,easy,relationships-partnership-customs,At the Wedding Reception,Pulmapeol,"One wedding-party member may safeguard the rings, sign as a witness, and speak for the groom.","Üks pulmapeo liige võib hoida sõrmuseid, olla tunnistaja ja pidada peigmehe auks kõne.",Best man,Isamees,,,The best man traditionally assists the groom and may safeguard the rings.,Isamees aitab traditsiooniliselt peigmeest ja võib hoida sõrmuseid.,Best man — Wikipedia,https://en.wikipedia.org/wiki/Groomsman,CC-BY-SA-4.0,2026-08-28,reviewed,true
built-in-adult-clue-0061,built-in-adult,Adult (Mature) / Täiskasvanutele,built-in-adult-set-013,board,round-one,1,easy,relationships-partnership-customs,The Relationship Toolkit,Suhte tööriistakast,This quality helps partners stay calm when change or compromise takes time.,"See omadus aitab partneritel rahulikuks jääda, kui muutus või kompromiss võtab aega.",Patience,Kannatlikkus,,,Patience is the ability to tolerate delay or difficulty without becoming upset.,Kannatlikkus on võime taluda viivitust või raskusi ärritumata.,Patience — Wikipedia,https://en.wikipedia.org/wiki/Patience,CC-BY-SA-4.0,2026-08-28,reviewed,true
built-in-adult-clue-0062,built-in-adult,Adult (Mature) / Täiskasvanutele,built-in-adult-set-013,board,round-one,2,easy,relationships-partnership-customs,The Relationship Toolkit,Suhte tööriistakast,Partners may meet a trained counselor together in this form of therapy.,Partnerid võivad selles teraapiavormis kohtuda koos väljaõppinud nõustajaga.,Couples therapy,Paariteraapia,,,Couples therapy helps partners work on relationship concerns with a trained therapist.,Paariteraapia aitab partneritel väljaõppinud terapeudi toel suhteprobleemidega tegeleda.,Couples therapy — Wikipedia,https://en.wikipedia.org/wiki/Couples_therapy,CC-BY-SA-4.0,2026-08-27,reviewed,true
built-in-adult-clue-0063,built-in-adult,Adult (Mature) / Täiskasvanutele,built-in-adult-set-013,board,round-one,3,easy,relationships-partnership-customs,The Relationship Toolkit,Suhte tööriistakast,The Netherlands has offered couples this officially recorded relationship status since 1998.,Madalmaad on pakkunud paaridele seda ametlikult registreeritud suhtevormi alates 1998. aastast.,Registered partnership,Registreeritud partnerlus,,,Registered partnerships have been available to couples in the Netherlands since 1998.,Registreeritud partnerlus on Madalmaades olnud paaridele kättesaadav alates 1998. aastast.,LGBTI equality in the Netherlands — Government of the Netherlands,https://www.government.nl/site/binaries/site-content/collections/documents/2018/06/01/lgbti-equality-in-the-netherlands/180718%2BFactsheet%2BNETH_LGBTI%2BEquality.pdf,CC0-1.0,2026-08-27,reviewed,true
built-in-adult-clue-0064,built-in-adult,Adult (Mature) / Täiskasvanutele,built-in-adult-set-013,board,round-one,4,easy,relationships-partnership-customs,The Relationship Toolkit,Suhte tööriistakast,This marriage payment moves from a groom or his family to the bride's family.,See abielumakse liigub peigmehelt või tema perekonnalt pruudi perele.,Bride price,Pruudihind,,,Bride price is wealth transferred by a groom's side to a bride's family.,"Pruudihind on vara, mille peigmees või tema perekond annab pruudi perekonnale.",Bride price — Wikipedia,https://en.wikipedia.org/wiki/Bride_price,CC-BY-SA-4.0,2026-08-27,reviewed,true
built-in-adult-clue-0065,built-in-adult,Adult (Mature) / Täiskasvanutele,built-in-adult-set-013,board,round-one,5,easy,relationships-partnership-customs,The Relationship Toolkit,Suhte tööriistakast,Fraternal forms of this marriage system join one woman to brothers.,Selle abielusüsteemi puhul võib üks naine olla abielus mitme vennaga.,Polyandry,Polüandria,,,Polyandry describes a woman having more than one husband.,"Polüandria tähendab, et ühel naisel on mitu meest.",Polyandry — Wikipedia,https://en.wikipedia.org/wiki/Polyandry,CC-BY-SA-4.0,2026-08-27,reviewed,true
built-in-adult-clue-0066,built-in-adult,Adult (Mature) / Täiskasvanutele,built-in-adult-set-014,board,round-one,1,easy,relationships-partnership-customs,Making It Official,Suhte ametlikuks tegemine,"In many jurisdictions, a couple obtains this document before a legal wedding.",Paljudes jurisdiktsioonides hangib paar selle dokumendi enne seaduslikku abiellumist.,Marriage license,Abieluluba,,,A marriage license authorizes a couple to marry under local law.,Abieluluba annab paarile kohaliku õiguse järgi loa abielluda.,Marriage license — Wikipedia,https://en.wikipedia.org/wiki/Marriage_license,CC-BY-SA-4.0,2026-08-28,reviewed,true
built-in-adult-clue-0067,built-in-adult,Adult (Mature) / Täiskasvanutele,built-in-adult-set-014,board,round-one,2,easy,relationships-partnership-customs,Making It Official,Suhte ametlikuks tegemine,"A judge, registrar, or other state official may conduct this nonreligious wedding.","Kohtunik, perekonnaseisuametnik või muu riigiametnik võib läbi viia selle mittereligioosse pulmatseremoonia.",Civil ceremony,Tsiviiltseremoonia,,,A civil ceremony is a nonreligious legal wedding conducted by an authorized official.,Tsiviiltseremoonia on volitatud ametniku korraldatud mittereligioosne seaduslik abiellumine.,Civil ceremony — Wikipedia,https://en.wikipedia.org/wiki/Civil_ceremony,CC-BY-SA-4.0,2026-08-28,reviewed,true
built-in-adult-clue-0068,built-in-adult,Adult (Mature) / Täiskasvanutele,built-in-adult-set-014,board,round-one,3,easy,relationships-partnership-customs,Making It Official,Suhte ametlikuks tegemine,This circular piece of jewellery commonly symbolizes a married commitment.,See ümmargune ehe sümboliseerib sageli abielulist pühendumist.,Wedding ring,Abielusõrmus,,,A wedding ring is a common symbol of marriage.,Abielusõrmus on levinud abielu sümbol.,Wedding ring — Wikipedia,https://en.wikipedia.org/wiki/Wedding_ring,CC-BY-SA-4.0,2026-08-28,reviewed,true
built-in-adult-clue-0069,built-in-adult,Adult (Mature) / Täiskasvanutele,built-in-adult-set-014,board,round-one,4,easy,relationships-partnership-customs,Making It Official,Suhte ametlikuks tegemine,"In Britain, couples can marry at this local government office without a religious service.",Suurbritannias saavad paarid abielluda selles kohaliku omavalitsuse ametis ilma usulise talituseta.,Registry office,Perekonnaseisuamet,,,A registry office records civil status and can host civil marriages in Britain.,Perekonnaseisuamet registreerib perekonnaseisu ja võib Suurbritannias korraldada tsiviilabielusid.,Registry office — Wikipedia,https://en.wikipedia.org/wiki/Register_office,CC-BY-SA-4.0,2026-08-28,reviewed,true
built-in-adult-clue-0070,built-in-adult,Adult (Mature) / Täiskasvanutele,built-in-adult-set-014,board,round-one,5,easy,relationships-partnership-customs,Making It Official,Suhte ametlikuks tegemine,This post-wedding trip takes its English name from words associated with sweetness and a lunar month.,See pulmajärgne reis on saanud ingliskeelse nime magususe ja kuukuu seosest.,Honeymoon,Mesinädalad,,,A honeymoon is a trip or holiday taken soon after a wedding.,Mesinädalad on varsti pärast pulmi ette võetud reis või puhkus.,Honeymoon — Wikipedia,https://en.wikipedia.org/wiki/Honeymoon,CC-BY-SA-4.0,2026-08-28,reviewed,true
built-in-adult-clue-0071,built-in-adult,Adult (Mature) / Täiskasvanutele,built-in-adult-set-015,board,round-one,1,easy,relationships-partnership-customs,Love Words Across Cultures,Armastussõnad eri kultuurides,Italian speakers use this familiar word for love.,Itaalia keeles kasutatakse armastuse kohta seda tuttavat sõna.,Amore,Amore,,,Amore is the Italian word for love.,Amore on itaalia sõna armastuse kohta.,amore — Wiktionary,https://en.wiktionary.org/wiki/amore#Italian,CC-BY-SA-4.0,2026-08-28,reviewed,true
built-in-adult-clue-0072,built-in-adult,Adult (Mature) / Täiskasvanutele,built-in-adult-set-015,board,round-one,2,easy,relationships-partnership-customs,Love Words Across Cultures,Armastussõnad eri kultuurides,This two-word French phrase literally means my love.,See kahesõnaline prantsuskeelne väljend tähendab sõna-sõnalt „mu armastus“.,Mon amour,Mon amour,,,Mon amour is French for my love.,Mon amour on prantsuse keeles „mu armastus“.,amour — Wiktionary,https://en.wiktionary.org/wiki/amour#French,CC-BY-SA-4.0,2026-08-28,reviewed,true
built-in-adult-clue-0073,built-in-adult,Adult (Mature) / Täiskasvanutele,built-in-adult-set-015,board,round-one,3,easy,relationships-partnership-customs,Love Words Across Cultures,Armastussõnad eri kultuurides,English borrowed this French word for a man engaged to be married.,"Milline eestikeelne sõna tähistab meest, kes on andnud lubaduse kellegagi abielluda ja keda inglise keeles nimetatakse prantsuse laensõnaga fiancé?",Fiancé,Kihlatu,,,Fiancé is the French-derived word for a man engaged to marry.,"Kihlatu on mees, kes on lubanud abielluda; inglise sõna fiancé on laenatud prantsuse keelest.",Fiancé — Wikipedia,https://en.wikipedia.org/wiki/Engagement,CC-BY-SA-4.0,2026-08-28,reviewed,true
built-in-adult-clue-0074,built-in-adult,Adult (Mature) / Täiskasvanutele,built-in-adult-set-015,board,round-one,4,easy,relationships-partnership-customs,Love Words Across Cultures,Armastussõnad eri kultuurides,"In Hawaiian, this word can express love as well as greeting and farewell.",Havai keeles võib see sõna väljendada nii armastust kui ka tervitust ja hüvastijättu.,Aloha,Aloha,,,"Aloha can express love, greeting, or farewell in Hawaiian.","Aloha võib havai keeles väljendada armastust, tervitust või hüvastijättu.",Aloha — Wikipedia,https://en.wikipedia.org/wiki/Aloha,CC-BY-SA-4.0,2026-08-28,reviewed,true
built-in-adult-clue-0075,built-in-adult,Adult (Mature) / Täiskasvanutele,built-in-adult-set-015,board,round-one,5,easy,relationships-partnership-customs,Love Words Across Cultures,Armastussõnad eri kultuurides,Wendy's family name in Peter Pan is also this English word of affection.,Wendy perekonnanimi teoses „Peeter Paan“ on ühtlasi see ingliskeelne hellitussõna.,Darling,Darling,,,Darling is an English term of affection and the surname of Wendy and her family in J. M. Barrie's Peter Pan.,Darling on ingliskeelne hellitussõna ning Wendy ja tema perekonna nimi J. M. Barrie teoses „Peeter Paan“.,Wendy Darling — Peter Pan character,https://en.wikipedia.org/wiki/Wendy_Darling,source,2026-08-28,reviewed,true
built-in-adult-clue-0076,built-in-adult,Adult (Mature) / Täiskasvanutele,built-in-adult-set-016,board,round-one,1,easy,relationships-partnership-customs,Breaking Up in Culture and Law,Lahkuminek kultuuris ja õiguses,This legal process ends a marriage.,See õiguslik protsess lõpetab abielu.,Divorce,Lahutus,,,Divorce legally ends a marriage.,Lahutus lõpetab abielu õiguslikult.,Divorce — Wikipedia,https://en.wikipedia.org/wiki/Divorce,CC-BY-SA-4.0,2026-08-28,reviewed,true
built-in-adult-clue-0077,built-in-adult,Adult (Mature) / Täiskasvanutele,built-in-adult-set-016,board,round-one,2,easy,relationships-partnership-customs,Breaking Up in Culture and Law,Lahkuminek kultuuris ja õiguses,Scarlett Johansson and Adam Driver play a separating couple in this 2019 film.,Scarlett Johansson ja Adam Driver mängivad selles 2019. aasta filmis lahku minevat abielupaari.,Marriage Story,Marriage Story,,,Marriage Story is a 2019 drama film starring Scarlett Johansson and Adam Driver as a couple going through divorce.,"Marriage Story on 2019. aasta draamafilm, kus Scarlett Johansson ja Adam Driver mängivad lahutavat paari.",Marriage Story — Wikipedia,https://en.wikipedia.org/wiki/Marriage_Story,CC-BY-SA-4.0,2026-08-28,reviewed,true
built-in-adult-clue-0078,built-in-adult,Adult (Mature) / Täiskasvanutele,built-in-adult-set-016,board,round-one,3,easy,relationships-partnership-customs,Breaking Up in Culture and Law,Lahkuminek kultuuris ja õiguses,Dustin Hoffman and Meryl Streep played divorcing parents in this 1979 Best Picture winner.,Dustin Hoffman ja Meryl Streep mängisid lahutavaid vanemaid selles 1979. aasta parima filmi Oscari võitjas.,Kramer vs. Kramer,Kramer Krameri vastu,,,Kramer vs. Kramer is a 1979 drama about divorce and custody.,„Kramer Krameri vastu“ on 1979. aasta draama lahutusest ja hooldusõigusest.,Kramer vs. Kramer — Wikipedia,https://en.wikipedia.org/wiki/Kramer_vs._Kramer,CC-BY-SA-4.0,2026-08-28,reviewed,true
built-in-adult-clue-0079,built-in-adult,Adult (Mature) / Täiskasvanutele,built-in-adult-set-016,board,round-one,4,easy,relationships-partnership-customs,Breaking Up in Culture and Law,Lahkuminek kultuuris ja õiguses,"After a separation, one former spouse may be ordered to make these support payments to the other.",Pärast lahkuminekut võidakse ühelt endiselt abikaasalt nõuda teisele nende toetussummade maksmist.,Alimony,Elatis endisele abikaasale,,,Alimony is financial support paid to a former spouse.,"Endise abikaasa elatis on rahaline toetus, mida makstakse endisele abikaasale.",Alimony — Wikipedia,https://en.wikipedia.org/wiki/Alimony,CC-BY-SA-4.0,2026-08-28,reviewed,true
built-in-adult-clue-0080,built-in-adult,Adult (Mature) / Täiskasvanutele,built-in-adult-set-016,board,round-one,5,easy,relationships-partnership-customs,Breaking Up in Culture and Law,Lahkuminek kultuuris ja õiguses,This contract agreed before a wedding sets financial terms that may apply if the marriage later ends.,"See enne pulmi sõlmitav leping määrab varalised tingimused, mis võivad kehtida abielu hilisema lõppemise korral.",Prenuptial agreement,Abieluvaraleping,,,A prenuptial agreement is a contract made before marriage that sets financial rights and responsibilities.,"Abieluvaraleping on enne abiellumist sõlmitav leping, mis määrab varalised õigused ja kohustused.",Prenuptial agreement — Wikipedia,https://en.wikipedia.org/wiki/Prenuptial_agreement,CC-BY-SA-4.0,2026-08-28,reviewed,true
built-in-adult-clue-0081,built-in-adult,Adult (Mature) / Täiskasvanutele,built-in-adult-set-017,board,round-one,1,easy,relationships-partnership-customs,Dating Before and After the Internet,Kohtingud enne ja pärast internetti,"Named after dry material used to start a fire, this dating app popularized swiping profiles.",Kuiva tulehakatusmaterjali järgi nimetatud tutvumisrakendus muutis profiilide pühkimise populaarseks.,Tinder,Tinder,,,Tinder is a dating app whose name also means dry fire-starting material.,"Tinder on tutvumisrakendus, mille nimi tähendab ka kuiva tulehakatusmaterjali.",Tinder — Wikipedia,https://en.wikipedia.org/wiki/Tinder_(app),CC-BY-SA-4.0,2026-08-28,reviewed,true
built-in-adult-clue-0082,built-in-adult,Adult (Mature) / Täiskasvanutele,built-in-adult-set-017,board,round-one,2,easy,relationships-partnership-customs,Dating Before and After the Internet,Kohtingud enne ja pärast internetti,"On this kind of date, the two people have not met before.",Seda liiki kohtingul ei ole kaks inimest varem kohtunud.,Blind date,Pimekohting,,,A blind date brings together people who have not previously met.,"Pimekohting viib kokku inimesed, kes pole varem kohtunud.",Blind date — Wikipedia,https://en.wikipedia.org/wiki/Blind_date,CC-BY-SA-4.0,2026-08-28,reviewed,true
built-in-adult-clue-0083,built-in-adult,Adult (Mature) / Täiskasvanutele,built-in-adult-set-017,board,round-one,3,easy,relationships-partnership-customs,Dating Before and After the Internet,Kohtingud enne ja pärast internetti,Participants rotate through several very short conversations at this matchmaking event.,Osalejad liiguvad sellel tutvumisüritusel läbi mitme väga lühikese vestluse.,Speed dating,Kiirkohting,,,Speed dating uses a series of brief timed conversations.,Kiirkohting koosneb lühikestest ajastatud vestlustest.,Speed dating — Wikipedia,https://en.wikipedia.org/wiki/Speed_dating,CC-BY-SA-4.0,2026-08-28,reviewed,true
built-in-adult-clue-0084,built-in-adult,Adult (Mature) / Täiskasvanutele,built-in-adult-set-017,board,round-one,4,easy,relationships-partnership-customs,Dating Before and After the Internet,Kohtingud enne ja pärast internetti,"At formal balls, partners once wrote their names on this small schedule of promised dances.",Pidulikel ballidel kirjutasid partnerid kunagi oma nime sellele väikesele kokkulepitud tantsude kavale.,Dance card,Tantsukaart,,,A dance card recorded a person's promised dance partners.,Tantsukaart talletas inimese kokkulepitud tantsupartnerid.,Dance card — Wikipedia,https://en.wikipedia.org/wiki/Dance_card,CC-BY-SA-4.0,2026-08-28,reviewed,true
built-in-adult-clue-0085,built-in-adult,Adult (Mature) / Täiskasvanutele,built-in-adult-set-017,board,round-one,5,easy,relationships-partnership-customs,Dating Before and After the Internet,Kohtingud enne ja pärast internetti,"Launched in 1995, this service became one of the first major internet dating sites.",1995. aastal käivitatud teenusest sai üks esimesi suuri interneti tutvumisportaale.,Match.com,Match.com,,,Match.com launched in 1995 as an early major dating website.,Match.com käivitati 1995. aastal varase suure tutvumisportaalina.,Match.com — Wikipedia,https://en.wikipedia.org/wiki/Match.com,CC-BY-SA-4.0,2026-08-28,reviewed,true
built-in-adult-clue-0086,built-in-adult,Adult (Mature) / Täiskasvanutele,built-in-adult-set-018,board,round-two,1,easy,relationships-partnership-customs,Old-School Romance,Vanakooli romantika,"In English-language correspondence, this character can represent a kiss.",Ingliskeelses kirjavahetuses võib see tähemärk tähistada suudlust.,X,X,,,The letter X is conventionally used to symbolize a kiss in messages.,Tähte X kasutatakse sõnumites tavapäraselt suudluse sümbolina.,Hugs and kisses — Wikipedia,https://en.wikipedia.org/wiki/Hugs_and_kisses,CC-BY-SA-4.0,2026-08-27,reviewed,true
built-in-adult-clue-0087,built-in-adult,Adult (Mature) / Täiskasvanutele,built-in-adult-set-018,board,round-two,2,easy,relationships-partnership-customs,Old-School Romance,Vanakooli romantika,"Before texting, a handwritten message of affection often took this form.",Enne sõnumite saatmist võttis käsitsi kirjutatud kiindumusavaldus sageli selle vormi.,Love letter,Armastuskiri,,,A love letter is a written expression of affection addressed to a romantic partner or interest.,Armastuskiri on romantilisele partnerile või huvile adresseeritud kirjalik kiindumusavaldus.,Love letter — Wikipedia,https://en.wikipedia.org/wiki/Love_letter,CC-BY-SA-4.0,2026-08-27,reviewed,true
built-in-adult-clue-0088,built-in-adult,Adult (Mature) / Täiskasvanutele,built-in-adult-set-018,board,round-two,3,easy,relationships-partnership-customs,Old-School Romance,Vanakooli romantika,"In older courtship customs, this supervising adult accompanied an unmarried couple.",Vanemates kurameerimiskommetes saatis vallalist paari see järelevalvet tegev täiskasvanu.,Chaperone,Saatja,,,A chaperone traditionally accompanied an unmarried couple to supervise social conduct.,"Saatja viibis traditsiooniliselt vallalise paari juures, et nende seltskondlikku käitumist jälgida.",Chaperone (social) — Wikipedia,https://en.wikipedia.org/wiki/Chaperone_(social),CC-BY-SA-4.0,2026-08-27,reviewed,true
built-in-adult-clue-0089,built-in-adult,Adult (Mature) / Täiskasvanutele,built-in-adult-set-018,board,round-two,4,easy,relationships-partnership-customs,Old-School Romance,Vanakooli romantika,A short newspaper notice seeking a partner was traditionally called this.,Ajalehes avaldatud lühikest partneriotsimise teadet nimetati traditsiooniliselt nii.,Personal advertisement,Tutvumiskuulutus,Personal ad,Isiklik kuulutus,A personal advertisement is a notice placed in a publication by someone seeking friendship or a romantic partner.,"Tutvumiskuulutus on väljaandes avaldatud teade, millega otsitakse sõprust või romantilist partnerit.",Personal advertisement — Wikipedia,https://en.wikipedia.org/wiki/Personal_advertisement,CC-BY-SA-4.0,2026-08-27,reviewed,true
built-in-adult-clue-0090,built-in-adult,Adult (Mature) / Täiskasvanutele,built-in-adult-set-018,board,round-two,5,easy,relationships-partnership-customs,Old-School Romance,Vanakooli romantika,"During the 20th century, this Nevada city became known for short-residency divorces.",See Nevada linn sai 20. sajandil tuntuks lühikese elukohanõudega lahutuste poolest.,Reno,Reno,,,Reno attracted divorce seekers because Nevada required relatively short residency.,"Reno meelitas lahutust taotlevaid inimesi, sest Nevada elukohanõue oli suhteliselt lühike.","Reno, Nevada — Wikipedia",https://en.wikipedia.org/wiki/Reno%2C_Nevada,CC-BY-SA-4.0,2026-08-27,reviewed,true
built-in-adult-clue-0091,built-in-adult,Adult (Mature) / Täiskasvanutele,built-in-adult-set-019,board,round-two,1,easy,relationships-partnership-customs,"Matches, Messages, and Breakups","Sobitamised, sõnumid ja lahkuminekud",Geoffrey Chaucer's Parliament of Fowls helped connect romantic love with this February observance.,Geoffrey Chauceri „Parliament of Fowls“ aitas seostada romantilist armastust selle veebruarikuise tähtpäevaga.,Valentine's Day,Sõbrapäev,Saint Valentine's Day;St Valentine's Day,Saint Valentine's Day;St Valentine's Day,Valentine's Day became associated with courtly romance in late medieval literature.,Sõbrapäeva hakati hiliskeskaegses kirjanduses seostama õukondliku armastusega.,Valentine's Day — Wikipedia,https://en.wikipedia.org/wiki/Valentine's_Day,CC-BY-SA-4.0,2026-08-27,reviewed,true
built-in-adult-clue-0092,built-in-adult,Adult (Mature) / Täiskasvanutele,built-in-adult-set-019,board,round-two,2,easy,relationships-partnership-customs,"Matches, Messages, and Breakups","Sobitamised, sõnumid ja lahkuminekud","At this kind of gathering, parents may display profiles of their unmarried adult children.",Sellisel kogunemisel võivad vanemad tutvustada oma vallaliste täiskasvanud laste profiile.,Marriage market,Abieluturg,,,A marriage market is a social setting where families seek potential spouses for unmarried adults.,"Abieluturg on sotsiaalne keskkond, kus pered otsivad vallalistele täiskasvanutele võimalikke abikaasasid.",Shanghai Marriage Market — Wikipedia,https://en.wikipedia.org/wiki/Shanghai_Marriage_Market,CC-BY-SA-4.0,2026-08-27,reviewed,true
built-in-adult-clue-0093,built-in-adult,Adult (Mature) / Täiskasvanutele,built-in-adult-set-019,board,round-two,3,easy,relationships-partnership-customs,"Matches, Messages, and Breakups","Sobitamised, sõnumid ja lahkuminekud",OkCupid may display this number to summarize how closely two users' answers and preferences align.,"OkCupid võib kuvada selle arvu, et võtta kokku kahe kasutaja vastuste ja eelistuste sobivus.",Match percentage,Sobivusprotsent,,,"OkCupid calculates a match percentage from users' answers, the importance they assign to those answers, and profile preferences.","OkCupid arvutab sobivusprotsendi kasutajate vastuste, neile antud tähtsuse ja profiilieelistuste põhjal.",OkCupid — Wikipedia,https://en.wikipedia.org/wiki/OkCupid,CC-BY-SA-4.0,2026-08-27,reviewed,true
built-in-adult-clue-0094,built-in-adult,Adult (Mature) / Täiskasvanutele,built-in-adult-set-019,board,round-two,4,easy,relationships-partnership-customs,"Matches, Messages, and Breakups","Sobitamised, sõnumid ja lahkuminekud",Gary Chapman published this relationship book in 1992.,Gary Chapman avaldas selle suhteraamatu 1992. aastal.,The Five Love Languages,Armastuse viis keelt,Five Love Languages,The Five Love Languages,The Five Love Languages was published by Gary Chapman in 1992.,Gary Chapman avaldas raamatu „The Five Love Languages“ 1992. aastal.,The Five Love Languages — Wikipedia,https://en.wikipedia.org/wiki/The_Five_Love_Languages,CC-BY-SA-4.0,2026-08-27,reviewed,true
built-in-adult-clue-0095,built-in-adult,Adult (Mature) / Täiskasvanutele,built-in-adult-set-019,board,round-two,5,easy,relationships-partnership-customs,"Matches, Messages, and Breakups","Sobitamised, sõnumid ja lahkuminekud","A message ending a romance, especially one sent to a distant serviceman, is known by this two-name phrase.","Romantilise suhte lõpetavat sõnumit, eriti kaugel viibivale sõdurile saadetut, tuntakse selle kahe nimega väljendi järgi.",Dear John letter,Dear Johni kiri,,,"A Dear John letter is a written message telling a romantic partner, historically often a serviceman, that the relationship is over.","Dear Johni kiri on kirjalik teade, millega lõpetatakse romantiline suhe; ajalooliselt saadeti selliseid kirju sageli eemal teenivale sõdurile.",Dear John letter — Wikipedia,https://en.wikipedia.org/wiki/Dear_John_letter,CC-BY-SA-4.0,2026-08-27,reviewed,true
built-in-adult-clue-0096,built-in-adult,Adult (Mature) / Täiskasvanutele,built-in-adult-set-020,board,round-two,1,easy,relationships-partnership-customs,Relationship Skills in Plain English,Suhteoskused lihtsas keeles,This foundation of a relationship means confidence in another person's reliability and honesty.,"See suhte alus tähendab kindlust, et teine inimene on sõnapidaja ja aus.",Trust,Usaldus,,,Trust is confidence in another person's reliability and honesty.,Usaldus on kindlus teise inimese usaldusväärsuses ja aususes.,Trust — Wikipedia,https://en.wikipedia.org/wiki/Trust_(social_science),CC-BY-SA-4.0,2026-08-28,reviewed,true
built-in-adult-clue-0097,built-in-adult,Adult (Mature) / Täiskasvanutele,built-in-adult-set-020,board,round-two,2,easy,relationships-partnership-customs,Relationship Skills in Plain English,Suhteoskused lihtsas keeles,Listening and expressing needs clearly are parts of this two-way relationship skill.,Kuulamine ja vajaduste selge väljendamine on selle kahepoolse suhteoskuse osad.,Communication,Suhtlus,,,Communication includes listening and expressing information clearly.,Suhtlus hõlmab kuulamist ja teabe selget väljendamist.,Communication — Wikipedia,https://en.wikipedia.org/wiki/Communication,CC-BY-SA-4.0,2026-08-28,reviewed,true
built-in-adult-clue-0098,built-in-adult,Adult (Mature) / Täiskasvanutele,built-in-adult-set-020,board,round-two,3,easy,relationships-partnership-customs,Relationship Skills in Plain English,Suhteoskused lihtsas keeles,"When partners each give up part of what they want to reach agreement, they make this.","Kui partnerid loobuvad kokkuleppe saavutamiseks mõlemad osast oma soovidest, teevad nad selle.",Compromise,Kompromiss,,,A compromise reaches agreement through mutual concessions.,Kompromiss saavutab kokkuleppe vastastikuste järeleandmiste kaudu.,Compromise — Wikipedia,https://en.wikipedia.org/wiki/Compromise,CC-BY-SA-4.0,2026-08-28,reviewed,true
built-in-adult-clue-0099,built-in-adult,Adult (Mature) / Täiskasvanutele,built-in-adult-set-020,board,round-two,4,easy,relationships-partnership-customs,Relationship Skills in Plain English,Suhteoskused lihtsas keeles,This ability involves understanding and sharing another person's feelings rather than merely solving the problem.,"See võime tähendab teise inimese tunnete mõistmist ja jagamist, mitte üksnes probleemi lahendamist.",Empathy,Empaatia,,,Empathy is the capacity to understand or share another person's feelings.,Empaatia on võime mõista või jagada teise inimese tundeid.,Empathy — Wikipedia,https://en.wikipedia.org/wiki/Empathy,CC-BY-SA-4.0,2026-08-28,reviewed,true
built-in-adult-clue-0100,built-in-adult,Adult (Mature) / Täiskasvanutele,built-in-adult-set-020,board,round-two,5,easy,relationships-partnership-customs,Relationship Skills in Plain English,Suhteoskused lihtsas keeles,"In relationship language, this personal limit tells others what behaviour or contact a person will and will not accept.","Suhete keeles annab see teistele teada, millist käitumist või kontakti inimene peab vastuvõetavaks ja millist mitte.",Boundary,Piir,,,A personal boundary defines acceptable behaviour or contact.,Isiklik piir määratleb vastuvõetava käitumise või kontakti.,Boundary — Wikipedia,https://en.wikipedia.org/wiki/Personal_boundaries,CC-BY-SA-4.0,2026-08-28,reviewed,true
built-in-adult-clue-0101,built-in-adult,Adult (Mature) / Täiskasvanutele,built-in-adult-set-021,board,round-two,1,easy,sexuality-identity-society,Pride Colors and Symbols,Pride'i värvid ja sümbolid,The Human Rights Campaign places this mathematical mark in yellow on a blue square.,Human Rights Campaign kasutab oma sinisel ruudul kollasena seda matemaatilist märki.,Equal sign,Võrdusmärk,,,The Human Rights Campaign logo uses a yellow equal sign on a blue background as a symbol of equality.,"Human Rights Campaigni logo kujutab sinisel taustal kollast võrdusmärki, mis sümboliseerib võrdsust.",Human Rights Campaign — Wikipedia,https://en.wikipedia.org/wiki/Human_Rights_Campaign,CC-BY-SA-4.0,2026-08-28,reviewed,true
built-in-adult-clue-0102,built-in-adult,Adult (Mature) / Täiskasvanutele,built-in-adult-set-021,board,round-two,2,easy,sexuality-identity-society,Pride Colors and Symbols,Pride'i värvid ja sümbolid,This pale-purple color lent its name both to a Cold War-era U.S. purge of gay federal employees and to marriages used to conceal sexual orientation.,See helelilla värv andis nime nii külma sõja aegsele geidest USA föderaaltöötajate tagakiusamisele kui ka seksuaalse sättumuse varjamiseks sõlmitud abieludele.,Lavender,Lavendel,,,"Lavender became associated with homosexuality in English-language culture: the Lavender Scare names a U.S. purge of gay federal employees, while a lavender marriage is a marriage used to conceal sexual orientation.",Lavendlivärvi on ingliskeelses kultuuris seostatud homoseksuaalsusega: Lavender Scare tähistab geidest USA föderaaltöötajate tagakiusamist ning lavendliabielu seksuaalse sättumuse varjamiseks sõlmitud abielu.,Lavender — Wikipedia,https://en.wikipedia.org/wiki/Lavender_(color),CC-BY-SA-4.0,2026-08-28,reviewed,true
built-in-adult-clue-0103,built-in-adult,Adult (Mature) / Täiskasvanutele,built-in-adult-set-021,board,round-two,3,easy,sexuality-identity-society,Pride Colors and Symbols,Pride'i värvid ja sümbolid,"Once used by Nazis to mark prisoners, this shape was later reclaimed by gay-rights activists.",Natsid kasutasid seda kujundit vangide märgistamiseks; hiljem võtsid geiõiguste aktivistid selle oma sümbolina kasutusele.,Pink triangle,Roosa kolmnurk,,,"A pink triangle is a symbol for the LGBTQ+ community. Initially intended as a badge of shame, it was later reappropriated as a positive symbol of self-identity.",Natsid kasutasid roosat kolmnurka vangide häbimärgistamiseks. Hiljem kujundasid geiõiguste aktivistid selle ümber positiivseks identiteedi- ja vastupanusümboliks.,Pink triangle — Wikipedia,https://en.wikipedia.org/wiki/Pink_triangle,CC-BY-SA-4.0,2026-08-28,reviewed,true
built-in-adult-clue-0104,built-in-adult,Adult (Mature) / Täiskasvanutele,built-in-adult-set-021,board,round-two,4,easy,sexuality-identity-society,Pride Colors and Symbols,Pride'i värvid ja sümbolid,Daniel Quasar added a chevron of trans-flag colors plus black and brown stripes to create this 2018 design.,"Daniel Quasar lisas 2018. aastal trans-lipu värvide ning musta ja pruuni triibuga noolekuju, luues selle lipu.",Progress Pride Flag,Progress Pride'i lipp,,,Daniel Quasar designed the Progress Pride Flag in 2018 by adding a chevron of trans-flag colors and black and brown stripes to the rainbow flag.,"Daniel Quasar kujundas Progress Pride'i lipu 2018. aastal, lisades vikerkaarelipule transsooliste lipu värvide ning musta ja pruuni triibuga noolekuju.",Progress Pride Flag — Wikipedia,https://en.wikipedia.org/wiki/Progress_Pride_Flag,CC-BY-SA-4.0,2026-08-28,reviewed,true
built-in-adult-clue-0105,built-in-adult,Adult (Mature) / Täiskasvanutele,built-in-adult-set-021,board,round-two,5,easy,sexuality-identity-society,Pride Colors and Symbols,Pride'i värvid ja sümbolid,The Gay Activists Alliance adopted this Greek letter as a symbol in 1970.,Gay Activists Alliance võttis selle kreeka tähe 1970. aastal sümboliks.,Lambda,Lambda,,,The Gay Activists Alliance adopted the Greek letter lambda as a gay-rights symbol in 1970.,Gay Activists Alliance võttis kreeka tähe lambda 1970. aastal geiõiguste sümbolina kasutusele.,Gay Activists Alliance — Wikipedia,https://en.wikipedia.org/wiki/Gay_Activists_Alliance#Lambda_symbol,CC-BY-SA-4.0,2026-08-28,reviewed,true
built-in-adult-clue-0106,built-in-adult,Adult (Mature) / Täiskasvanutele,built-in-adult-set-022,board,round-two,1,easy,sexuality-identity-society,Identity on Page and Screen,Identiteet lehel ja ekraanil,This coming-of-age drama about Chiron won the 2017 Oscar for Best Picture.,See Chironi täiskasvanuks saamise draama võitis 2017. aasta parima filmi Oscari.,Moonlight,Moonlight,,,Barry Jenkins's Moonlight follows Chiron as he grows up and won the 2017 Academy Award for Best Picture.,Barry Jenkinsi film „Moonlight“ jälgib Chironi sirgumist ning võitis 2017. aastal parima filmi Oscari.,Moonlight — Wikipedia,https://en.wikipedia.org/wiki/Moonlight_(2016_film),CC-BY-SA-4.0,2026-08-28,reviewed,true
built-in-adult-clue-0107,built-in-adult,Adult (Mature) / Täiskasvanutele,built-in-adult-set-022,board,round-two,2,easy,sexuality-identity-society,Identity on Page and Screen,Identiteet lehel ja ekraanil,Nick and Charlie are the central couple in this Alice Oseman comic and Netflix series.,Nick ja Charlie on selle Alice Osemani koomiksi ja Netflixi sarja keskne paar.,Heartstopper,Heartstopper,,,"Heartstopper is a British coming-of-age romantic comedy-drama television series created and written by Alice Oseman for Netflix, based on her webcomic and graphic novel series of the same name. Starring Kit Connor and Joe Locke as Nick Nelson and Charlie Spring, it follows two teenagers whose friendship at Truham Grammar School develops into a romantic relationship.","„Heartstopper“ on Alice Osemani koomiks ja sellel põhinev Netflixi sari, mille keskmes on koolipoiste Nicki ja Charlie suhe.",Heartstopper — Wikipedia,https://en.wikipedia.org/wiki/Heartstopper_(TV_series),CC-BY-SA-4.0,2026-08-28,reviewed,true
built-in-adult-clue-0108,built-in-adult,Adult (Mature) / Täiskasvanutele,built-in-adult-set-022,board,round-two,3,easy,sexuality-identity-society,Identity on Page and Screen,Identiteet lehel ja ekraanil,Virginia Woolf's novel follows a poet who lives for centuries and changes sex.,Virginia Woolfi romaan jälgib sajandeid elavat ja sugu vahetavat poeeti.,Orlando,Orlando,,,"The protagonist of Virginia Woolf's Orlando lives for centuries, changes sex, and works as a poet across different eras.","Virginia Woolfi romaani „Orlando“ peategelane elab sajandeid, vahetab sugu ning tegutseb eri ajastutel luuletajana.",Orlando — Wikipedia,https://en.wikipedia.org/wiki/Orlando:_A_Biography,CC-BY-SA-4.0,2026-08-28,reviewed,true
built-in-adult-clue-0109,built-in-adult,Adult (Mature) / Täiskasvanutele,built-in-adult-set-022,board,round-two,4,easy,sexuality-identity-society,Identity on Page and Screen,Identiteet lehel ja ekraanil,Ballroom culture and chosen families drive this TV drama set in 1980s and 1990s New York.,Ballroom-kultuur ja valitud pered on selle 1980.–1990. aastate New Yorgi telesarja keskmes.,Pose,Pose,,,"Pose (stylized in all caps) is an American drama television series about New York City's ball culture, an LGBTQ subculture in the African-American and Latino communities, throughout the 1980s and 1990s. Featured characters are dancers and models, who compete for trophies and recognition in this underground culture and who support one another in a network of chosen families known as Houses.",Telesari „Pose“ kujutab 1980. ja 1990. aastate New Yorgi ballroom-kultuuri ning valitud perekondi.,Pose — Wikipedia,https://en.wikipedia.org/wiki/Pose_(TV_series),CC-BY-SA-4.0,2026-08-28,reviewed,true
built-in-adult-clue-0110,built-in-adult,Adult (Mature) / Täiskasvanutele,built-in-adult-set-022,board,round-two,5,easy,sexuality-identity-society,Identity on Page and Screen,Identiteet lehel ja ekraanil,Alison Bechdel subtitled this graphic memoir 'A Family Tragicomic.',Alison Bechdel andis sellele graafilisele mälestusteraamatule alapealkirja „A Family Tragicomic“.,Fun Home,Fun Home,,,"Alison Bechdel's graphic memoir Fun Home: A Family Tragicomic explores the author's family, sexuality, and relationship with her father.","Alison Bechdeli graafiline memuaar „Fun Home: A Family Tragicomic“ käsitleb autori perekonda, seksuaalsust ja suhet isaga.",Fun Home — Wikipedia,https://en.wikipedia.org/wiki/Fun_Home,CC-BY-SA-4.0,2026-08-28,reviewed,true
built-in-adult-clue-0111,built-in-adult,Adult (Mature) / Täiskasvanutele,built-in-adult-set-023,board,round-two,1,easy,sexuality-identity-society,Pride Events Around the World,Pride'i üritused ümber maailma,This major English seaside Pride festival fills Brighton and Hove each summer.,See suur Inglismaa mereäärne Pride'i festival täidab igal suvel Brighton and Hove'i.,Brighton Pride,Brighton Pride,,,Brighton Pride is an annual LGBT pride event held in the English seaside city of Brighton and Hove.,Brighton Pride on iga-aastane LGBT uhkuseüritus Inglismaa mereäärses Brighton and Hove'i linnas.,Brighton Pride — Wikipedia,https://en.wikipedia.org/wiki/Brighton_Pride,CC-BY-SA-4.0,2026-08-28,reviewed,true
built-in-adult-clue-0112,built-in-adult,Adult (Mature) / Täiskasvanutele,built-in-adult-set-023,board,round-two,2,easy,sexuality-identity-society,Pride Events Around the World,Pride'i üritused ümber maailma,The Chueca district and a huge march through Spain's capital identify this annual Pride festival.,Chueca linnaosa ja suur rongkäik läbi Hispaania pealinna viitavad sellele iga-aastasele Pride'i festivalile.,Madrid Pride,Madridi Pride,,,Madrid Pride is an annual LGBTQ festival centered on Chueca and a major parade through Madrid.,"Madridi Pride on iga-aastane LGBTQ-festival, mille keskmes on Chueca ja suur rongkäik läbi Madridi.",Madrid Pride — Wikipedia,https://en.wikipedia.org/wiki/Madrid_Pride,CC-BY-SA-4.0,2026-08-28,reviewed,true
built-in-adult-clue-0113,built-in-adult,Adult (Mature) / Täiskasvanutele,built-in-adult-set-023,board,round-two,3,easy,sexuality-identity-society,Pride Events Around the World,Pride'i üritused ümber maailma,Canal Pride sends decorated boats through this European capital's waterways as part of this festival.,Canal Pride saadab selle festivali osana kaunistatud paadid läbi Euroopa pealinna kanalite.,Amsterdam Pride,Amsterdam Pride,,,"Amsterdam Pride includes Canal Pride, a boat parade through Amsterdam's canals.","Amsterdam Pride'i osa on Canal Pride, paadiparaad läbi Amsterdami kanalite.",Amsterdam Pride — Wikipedia,https://en.wikipedia.org/wiki/Amsterdam_Pride,CC-BY-SA-4.0,2026-08-28,reviewed,true
built-in-adult-clue-0114,built-in-adult,Adult (Mature) / Täiskasvanutele,built-in-adult-set-023,board,round-two,4,easy,sexuality-identity-society,Pride Events Around the World,Pride'i üritused ümber maailma,Avenida Paulista hosts this annual Brazilian Pride event.,Avenida Paulistal toimub see iga-aastane Brasiilia Pride'i üritus.,São Paulo Pride,São Paulo Pride,,,"São Paulo Pride is an annual LGBTQ Pride parade held on Avenida Paulista in São Paulo, Brazil.","São Paulo Pride on iga-aastane LGBTQ Pride'i paraad, mis toimub Brasiilias São Paulos Avenida Paulistal.",São Paulo Gay Pride Parade — Wikipedia,https://en.wikipedia.org/wiki/S%C3%A3o_Paulo_Gay_Pride_Parade,CC-BY-SA-4.0,2026-08-28,reviewed,true
built-in-adult-clue-0115,built-in-adult,Adult (Mature) / Täiskasvanutele,built-in-adult-set-023,board,round-two,5,easy,sexuality-identity-society,Pride Events Around the World,Pride'i üritused ümber maailma,This organization runs the Canadian city's annual festival around Church and Wellesley.,See organisatsioon korraldab Kanada linna iga-aastast festivali Churchi ja Wellesley piirkonnas.,Pride Toronto,Pride Toronto,,,"Pride Toronto organizes Toronto's annual pride festival, including events around Church and Wellesley.","Pride Toronto korraldab Toronto iga-aastast uhkusefestivali, sealhulgas Churchi ja Wellesley piirkonna üritusi.",Pride Toronto — Wikipedia,https://en.wikipedia.org/wiki/Pride_Toronto,CC-BY-SA-4.0,2026-08-28,reviewed,true
built-in-adult-clue-0116,built-in-adult,Adult (Mature) / Täiskasvanutele,built-in-adult-set-024,board,round-two,1,easy,sexuality-identity-society,Words That Opened Doors,Uksi avanud sõnad,"He, she, and they are examples of these words that may appear beside a person's name in a profile.","He, she ja they on ingliskeelsed näited neist sõnadest, mis võivad profiilis inimese nime kõrval olla.",Pronouns,Asesõnad,,,"Preferred gender pronouns (also called personal gender pronouns, often abbreviated as PGP) are the set of pronouns (in English, third-person pronouns) that an individual wants others to use to reflect that person's own gender identity.","Asesõnad asendavad nime või nimisõna; profiilis võib inimene märkida, milliseid asesõnu tema kohta vastavas keeles kasutatakse.",Pronouns — Wikipedia,https://en.wikipedia.org/wiki/Preferred_gender_pronoun,CC-BY-SA-4.0,2026-08-28,reviewed,true
built-in-adult-clue-0117,built-in-adult,Adult (Mature) / Täiskasvanutele,built-in-adult-set-024,board,round-two,2,easy,sexuality-identity-society,Words That Opened Doors,Uksi avanud sõnad,This phrase means voluntarily telling others about one's sexual orientation or gender identity.,See väljend tähendab oma seksuaalse sättumuse või sooidentiteedi vabatahtlikku avaldamist teistele.,Coming out,Kapist välja tulemine,,,"Coming out of the closet, often shortened to coming out, is a metaphor mostly used to describe LGBTQ people's self-disclosure of their sexual orientation, romantic orientation, or gender identity.",Kapist välja tulemine tähendab oma seksuaalse sättumuse või sooidentiteedi vabatahtlikku avaldamist teistele.,Coming out — Wikipedia,https://en.wikipedia.org/wiki/Coming_out,CC-BY-SA-4.0,2026-08-28,reviewed,true
built-in-adult-clue-0118,built-in-adult,Adult (Mature) / Täiskasvanutele,built-in-adult-set-024,board,round-two,3,easy,sexuality-identity-society,Words That Opened Doors,Uksi avanud sõnad,"In social movements, this word describes a supporter who is not a member of the marginalized group.","Ühiskondlikes liikumistes tähistab see sõna toetajat, kes ise tõrjutud rühma ei kuulu.",Ally,Liitlane,,,"Allyship is an English-language neologism used in contemporary social justice activism to describe efforts by groups of people to advance the interests of marginalized groups both in society at large and in particular social contexts, for example universities or workplaces.","Liitlane toetab tõrjutud rühma õigusi ja eesmärke, kuigi ei kuulu ise sellesse rühma.",Ally — Wikipedia,https://en.wikipedia.org/wiki/Allyship,CC-BY-SA-4.0,2026-08-28,reviewed,true
built-in-adult-clue-0119,built-in-adult,Adult (Mature) / Täiskasvanutele,built-in-adult-set-024,board,round-two,4,easy,sexuality-identity-society,Words That Opened Doors,Uksi avanud sõnad,Close friends who provide family-like support may be called this two-word phrase.,"Lähedasi sõpru, kes pakuvad perekonnalaadset tuge, nimetatakse selle kahesõnalise väljendiga.",Chosen family,Valitud perekond,,,"Chosen family—also referred to as found family, or a family of choice—refers to non-biological kinship bonds that are intentionally formed, regardless of legal recognition. These relationships are often based on mutual care, support, and emotional connection.","Valitud perekond koosneb lähedastest inimestest, kes pakuvad üksteisele perekonnaga võrreldavat hoolt ja tuge ilma bioloogilise või õigusliku sidemeta.",Chosen family — Wikipedia,https://en.wikipedia.org/wiki/Chosen_family,CC-BY-SA-4.0,2026-08-28,reviewed,true
built-in-adult-clue-0120,built-in-adult,Adult (Mature) / Täiskasvanutele,built-in-adult-set-024,board,round-two,5,easy,sexuality-identity-society,Words That Opened Doors,Uksi avanud sõnad,This one-word term combines death with a name for the former name others may use after a transgender person changes it.,"Milline kahesõnaline eestikeelne väljend tähistab nime, mida transsooline inimene pärast nimevahetust enam ei kasuta?",Deadname,Surnud nimi,,,Deadnaming means referring to a transgender or non-binary person by a former name they no longer use.,"Surnud nimi on transsoolise inimese endine nimi, mida kasutati enne nime muutmist; selle soovimatu kasutamine võib olla lugupidamatu.",Deadname — Wikipedia,https://en.wikipedia.org/wiki/Deadnaming,CC-BY-SA-4.0,2026-08-28,reviewed,true
built-in-adult-clue-0121,built-in-adult,Adult (Mature) / Täiskasvanutele,built-in-adult-set-025,board,round-two,1,easy,sexuality-identity-society,Words That Became Movements,Sõnadest said liikumised,Gilbert Baker created the first version of this LGBTQ pride symbol in 1978.,Gilbert Baker lõi 1978. aastal selle LGBTQ+ kogukonna uhkusesümboli esimese versiooni.,Rainbow flag,Vikerkaarelipp,Pride flag;Gay pride flag;LGBTQ pride flag,pride-lipp;geiuhkuse lipp;LGBTQ+ uhkuse lipp,Gilbert Baker designed a rainbow pride flag in 1978.,Gilbert Baker kujundas 1978. aastal vikerkaarevärvilise uhkuselipu.,Rainbow flag (LGBTQ) — Wikipedia,https://en.wikipedia.org/wiki/Rainbow_flag_(LGBTQ),CC-BY-SA-4.0,2026-08-27,reviewed,true
built-in-adult-clue-0122,built-in-adult,Adult (Mature) / Täiskasvanutele,built-in-adult-set-025,board,round-two,2,easy,sexuality-identity-society,Words That Became Movements,Sõnadest said liikumised,Rainbow flags and public celebration fill the streets during this march for LGBTQ visibility.,Vikerkaarelipud ja avalik pidu täidavad tänavad selle LGBTQ nähtavust toetava marsi ajal.,Pride parade,Pride'i paraad,,,"A pride parade is a public march and celebration supporting LGBTQ visibility, rights, and community.","Pride'i paraad on avalik marss ja pidu, mis toetab LGBTQ nähtavust, õigusi ja kogukonda.",Pride parade — Wikipedia,https://en.wikipedia.org/wiki/Pride_parade,CC-BY-SA-4.0,2026-08-27,reviewed,true
built-in-adult-clue-0123,built-in-adult,Adult (Mature) / Täiskasvanutele,built-in-adult-set-025,board,round-two,3,easy,sexuality-identity-society,Words That Became Movements,Sõnadest said liikumised,Pride colors painted across a pedestrian crossing create this public symbol of LGBTQ inclusion.,Jalakäijate ülekäigule maalitud Pride'i värvid loovad selle LGBTQ-kaasatuse avaliku sümboli.,Rainbow crossing,Vikerkaareülekäik,,,A rainbow crossing is a pedestrian crossing painted in rainbow colors as a public expression of LGBTQ Pride or inclusion.,"Vikerkaareülekäik on vikerkaarevärvides jalakäijate ülekäik, mida kasutatakse LGBTQ Pride'i või kaasatuse avaliku sümbolina.",Rainbow crossing — Wikipedia,https://en.wikipedia.org/wiki/Rainbow_crossing,CC-BY-SA-4.0,2026-08-27,reviewed,true
built-in-adult-clue-0124,built-in-adult,Adult (Mature) / Täiskasvanutele,built-in-adult-set-025,board,round-two,4,easy,sexuality-identity-society,Words That Became Movements,Sõnadest said liikumised,"In 2019, this jurisdiction became the first in Asia to legalize same-sex marriage.",See jurisdiktsioon seadustas 2019. aastal esimesena Aasias samasooliste abielu.,Taiwan,Taiwan,,,Taiwan implemented same-sex marriage in 2019.,Taiwan rakendas samasooliste abielu 2019. aastal.,Same-sex marriage in Taiwan — Wikipedia,https://en.wikipedia.org/wiki/Same-sex_marriage_in_Taiwan,CC-BY-SA-4.0,2026-08-27,reviewed,true
built-in-adult-clue-0125,built-in-adult,Adult (Mature) / Täiskasvanutele,built-in-adult-set-025,board,round-two,5,easy,sexuality-identity-society,Words That Became Movements,Sõnadest said liikumised,"Founded in New York in 1987, this direct-action group responded to the AIDS crisis.",See 1987. aastal New Yorgis asutatud otsese tegevuse rühmitus reageeris AIDSi kriisile.,ACT UP,ACT UP,AIDS Coalition to Unleash Power,AIDS Coalition to Unleash Power,ACT UP was founded in New York City in 1987.,ACT UP asutati 1987. aastal New Yorgis.,ACT UP — Wikipedia,https://en.wikipedia.org/wiki/ACT_UP,CC-BY-SA-4.0,2026-08-27,reviewed,true
built-in-adult-clue-0126,built-in-adult,Adult (Mature) / Täiskasvanutele,built-in-adult-set-026,board,round-two,1,easy,sexuality-identity-society,Voices That Changed the Conversation,Vestlust muutnud hääled,"This drag performer produces, hosts, and judges the reality competition series Drag Race.","See drag-esineja produtseerib, juhib ja hindab tõsielulist võistlussarja „Drag Race“.",RuPaul,RuPaul,RuPaul Charles,RuPaul Charles,"RuPaul produces, hosts, and judges RuPaul's Drag Race, a reality competition series built around drag performance.",RuPaul produtseerib ja juhib drag-esinemisele keskenduvat tõsielulist võistlussarja „RuPaul's Drag Race“ ning tegutseb seal kohtunikuna.,RuPaul — Wikipedia,https://en.wikipedia.org/wiki/RuPaul,CC-BY-SA-4.0,2026-08-28,reviewed,true
built-in-adult-clue-0127,built-in-adult,Adult (Mature) / Täiskasvanutele,built-in-adult-set-026,board,round-two,2,easy,sexuality-identity-society,Voices That Changed the Conversation,Vestlust muutnud hääled,"Her sitcom character said 'Yep, I'm gay' in a highly watched 1997 episode.","Tema komöödiategelane ütles 1997. aasta palju vaadatud osas: „Yep, I'm gay“.",Ellen DeGeneres,Ellen DeGeneres,,,"In the highly watched 1997 Puppy Episode of Ellen, Ellen DeGeneres's sitcom character said, “Yep, I'm gay.”","Telesarja „Ellen“ palju vaadatud 1997. aasta osas „The Puppy Episode“ ütles Ellen DeGeneresi tegelaskuju: „Yep, I'm gay.“",Ellen DeGeneres — Wikipedia,https://en.wikipedia.org/wiki/Ellen_DeGeneres,CC-BY-SA-4.0,2026-08-28,reviewed,true
built-in-adult-clue-0128,built-in-adult,Adult (Mature) / Täiskasvanutele,built-in-adult-set-026,board,round-two,3,easy,sexuality-identity-society,Voices That Changed the Conversation,Vestlust muutnud hääled,Playing Sophia Burset in Orange Is the New Black made this actress the first openly transgender person nominated for a Primetime Emmy in an acting category.,"Sophia Burseti roll sarjas „Orange Is the New Black“ tegi sellest näitlejast esimese avalikult transsoolise inimese, kes kandideeris näitlejakategoorias Primetime Emmyle.",Laverne Cox,Laverne Cox,,,Laverne Cox played Sophia Burset in Orange Is the New Black and in 2014 became the first openly transgender person nominated for a Primetime Emmy acting award.,"Laverne Cox mängis sarjas „Orange Is the New Black“ Sophia Bursetit ning sai 2014. aastal esimeseks avalikult transsooliseks inimeseks, kes kandideeris Primetime Emmy näitlejaauhinnale.",Laverne Cox — Wikipedia,https://en.wikipedia.org/wiki/Laverne_Cox,CC-BY-SA-4.0,2026-08-28,reviewed,true
built-in-adult-clue-0129,built-in-adult,Adult (Mature) / Täiskasvanutele,built-in-adult-set-026,board,round-two,4,easy,sexuality-identity-society,Voices That Changed the Conversation,Vestlust muutnud hääled,This activist and self-described drag queen became a symbol of the Stonewall era.,Sellest aktivistist ja drag queen'ist sai Stonewalli ajastu sümbol.,Marsha P. Johnson,Marsha P. Johnson,,,"Marsha P. Johnson was a gay-liberation activist, self-described drag queen, and prominent figure associated with the Stonewall era.","Marsha P. Johnson oli geivabastusliikumise aktivist, enda sõnul drag queen ning Stonewalli ajastuga seotud silmapaistev tegelane.",Marsha P. Johnson — Wikipedia,https://en.wikipedia.org/wiki/Marsha_P._Johnson,CC-BY-SA-4.0,2026-08-28,reviewed,true
built-in-adult-clue-0130,built-in-adult,Adult (Mature) / Täiskasvanutele,built-in-adult-set-026,board,round-two,5,easy,sexuality-identity-society,Voices That Changed the Conversation,Vestlust muutnud hääled,This openly gay strategist organized the 1963 March on Washington.,See avalikult gei strateeg korraldas 1963. aasta Washingtoni marsi.,Bayard Rustin,Bayard Rustin,,,"Bayard Rustin, an openly gay civil-rights strategist, was the principal organizer of the 1963 March on Washington.",Avalikult gei kodanikuõiguste strateeg Bayard Rustin oli 1963. aasta Washingtoni marsi peamine korraldaja.,Bayard Rustin — Wikipedia,https://en.wikipedia.org/wiki/Bayard_Rustin,CC-BY-SA-4.0,2026-08-28,reviewed,true
built-in-adult-clue-0131,built-in-adult,Adult (Mature) / Täiskasvanutele,built-in-adult-set-027,board,round-two,1,easy,sexuality-identity-society,"Flags, Festivals, and Firsts","Lipud, festivalid ja esmakordsed sündmused","In the United States, this observance fills the calendar each June.",Ameerika Ühendriikides täidab see tähistamine iga aasta juunikuu.,Pride Month,Pride'i kuu,,,Pride Month is a month-long celebration of LGBTQ communities and their contributions; in the United States it is observed in June in connection with the anniversary of the 1969 Stonewall uprising.,Pride'i kuu on LGBTQ-kogukondade ja nende panuse kuu aega kestev tähistamine. Ameerika Ühendriikides peetakse seda juunis seoses 1969. aasta Stonewalli ülestõusu aastapäevaga.,Pride Month — Wikipedia,https://en.wikipedia.org/wiki/Pride_Month,CC-BY-SA-4.0,2026-08-28,reviewed,true
built-in-adult-clue-0132,built-in-adult,Adult (Mature) / Täiskasvanutele,built-in-adult-set-027,board,round-two,2,easy,sexuality-identity-society,"Flags, Festivals, and Firsts","Lipud, festivalid ja esmakordsed sündmused","Michael Page created this pink, purple, and blue flag in 1998.","Michael Page lõi selle roosa, lilla ja sinise lipu 1998. aastal.",Bisexual flag,Biseksuaalsuse lipp,,,"The bisexual flag, also called the bisexual pride flag, is a pride flag representing bisexuality, bisexual individuals and the bisexual community. According to Michael Page, the activist who created the flag based on a color palette designed by Liz Nania, the pink stripe represents attraction to the same sex, while the blue stripe represents attraction to the opposite sex.","Biseksuaalide lipp, mida nimetatakse ka biseksuaalse uhkuse lipuks, on uhkuse lipp, mis esindab biseksuaalsust, biseksuaalseid inimesi ja biseksuaalset kogukonda. Liz Nania kujundatud värvipaleti põhjal lipu loonud aktivisti Michael Page'i sõnul tähistab roosa triip külgetõmmet sama soo vastu, sinine triip aga vastassoo poole.",Bisexual flag — Wikipedia,https://en.wikipedia.org/wiki/Bisexual_flag,CC-BY-SA-4.0,2026-08-28,reviewed,true
built-in-adult-clue-0133,built-in-adult,Adult (Mature) / Täiskasvanutele,built-in-adult-set-027,board,round-two,3,easy,sexuality-identity-society,"Flags, Festivals, and Firsts","Lipud, festivalid ja esmakordsed sündmused",This Israeli singer won the 1998 Eurovision Song Contest with 'Diva.',See Iisraeli laulja võitis 1998. aasta Eurovisiooni lauluga „Diva“.,Dana International,Dana International,,,Dana International won the 1998 Eurovision Song Contest for Israel with the song 'Diva.',Dana International võitis 1998. aasta Eurovisiooni lauluvõistluse Iisraeli esindajana lauluga „Diva“.,Dana International — Wikipedia,https://en.wikipedia.org/wiki/Dana_International,CC-BY-SA-4.0,2026-08-28,reviewed,true
built-in-adult-clue-0134,built-in-adult,Adult (Mature) / Täiskasvanutele,built-in-adult-set-027,board,round-two,4,easy,sexuality-identity-society,"Flags, Festivals, and Firsts","Lipud, festivalid ja esmakordsed sündmused",Rome hosted the first edition of this international Pride festival in 2000.,Rooma võõrustas 2000. aastal selle rahvusvahelise Pride'i festivali esimest korda.,WorldPride,WorldPride,,,"Rome hosted the first WorldPride in 2000, establishing the international Pride festival named in the clue.","Roomas toimus 2000. aastal esimene WorldPride, millega sai alguse vihjes nimetatud rahvusvaheline Pride'i festival.",WorldPride — Wikipedia,https://en.wikipedia.org/wiki/WorldPride,CC-BY-SA-4.0,2026-08-28,reviewed,true
built-in-adult-clue-0135,built-in-adult,Adult (Mature) / Täiskasvanutele,built-in-adult-set-027,board,round-two,5,easy,sexuality-identity-society,"Flags, Festivals, and Firsts","Lipud, festivalid ja esmakordsed sündmused","Beginning in 1965, organizers gave this two-word name to a yearly July 4 picket at Independence Hall intended to remind Americans that gay citizens lacked basic civil rights.","Alates 1965. aastast kandsid iga-aastased 4. juuli piketid Independence Halli juures seda kahesõnalist nime; nende eesmärk oli ameeriklastele meenutada, et geikodanikel puudusid põhiõigused.",Annual Reminder,Annual Reminder,,,The Annual Reminder was held at Independence Hall each July 4 from 1965 to 1969 to remind Americans that gay people were denied basic civil rights.,"Annual Reminder toimus aastatel 1965–1969 igal 4. juulil Independence Halli juures, et meenutada ameeriklastele geide põhiõiguste puudumist.",Annual Reminder — Wikipedia,https://en.wikipedia.org/wiki/Annual_Reminder,CC-BY-SA-4.0,2026-08-28,reviewed,true
built-in-adult-clue-0136,built-in-adult,Adult (Mature) / Täiskasvanutele,built-in-adult-set-028,board,round-two,1,easy,sexuality-identity-society,Identity in Everyday Language,Identiteet argikeeles,This word is the opposite of shame and names many LGBTQ marches and festivals.,See sõna on häbi vastand ning annab nime paljudele LGBTQ marssidele ja festivalidele.,Pride,Uhkus,,,"In the context of LGBTQ culture, LGBTQ pride (also known as queer pride, gay pride, or simply pride) is the promotion of the rights, self-affirmation, dignity, equality, and increased visibility of lesbian, gay, bisexual, transgender and queer (LGBTQ) people as a social group. Pride, as opposed to shame and social stigma, is the predominant outlook that bolsters most LGBTQ rights movements.","Pride ehk uhkus vastandub häbile ning annab nime paljudele LGBTQ-kogukonna marssidele, festivalidele ja nähtavusüritustele.",Pride — Wikipedia,https://en.wikipedia.org/wiki/Gay_pride,CC-BY-SA-4.0,2026-08-28,reviewed,true
built-in-adult-clue-0137,built-in-adult,Adult (Mature) / Täiskasvanutele,built-in-adult-set-028,board,round-two,2,easy,sexuality-identity-society,Identity in Everyday Language,Identiteet argikeeles,"In LGBTQ shorthand, 'ace' usually names which orientation involving little or no sexual attraction?",Millist vähese või puuduva seksuaalse külgetõmbega sättumust tähistab LGBTQ-lühikeelega sõna „ace“?,Asexual,Aseksuaalne,,,"Asexuality is the lack of sexual attraction to others, or low or absent interest in or desire for sexual activity. It may be considered a sexual orientation, or the lack thereof.","Aseksuaalsus on seksuaalne sättumus, mille puhul inimene tunneb seksuaalset külgetõmmet vähe või üldse mitte.",Asexual — Wikipedia,https://en.wikipedia.org/wiki/Asexuality,CC-BY-SA-4.0,2026-08-28,reviewed,true
built-in-adult-clue-0138,built-in-adult,Adult (Mature) / Täiskasvanutele,built-in-adult-set-028,board,round-two,3,easy,sexuality-identity-society,Identity in Everyday Language,Identiteet argikeeles,Someone says that neither of the two boxes 'man' and 'woman' fully describes their gender. Which identity may they use?,"Inimene ütleb, et kumbki kahest kastist „mees“ ja „naine“ ei kirjelda täielikult tema sugu. Millist identiteeti võib ta kasutada?",Non-binary,Mittebinaarne,,,"Non-binary (also written as nonbinary) or genderqueer gender identities are those that are outside the male/female gender binary. Non-binary identities often fall under the transgender umbrella since non-binary people typically identify with a gender that is different from the sex assigned to them at birth, although some non-binary people do not consider themselves transgender.",Mittebinaarne inimene ei määratle oma sugu üksnes mehe või naisena; see mõiste hõlmab erinevaid sooidentiteete.,Non-binary — Wikipedia,https://en.wikipedia.org/wiki/Non-binary_gender,CC-BY-SA-4.0,2026-08-28,reviewed,true
built-in-adult-clue-0139,built-in-adult,Adult (Mature) / Täiskasvanutele,built-in-adult-set-028,board,round-two,4,easy,sexuality-identity-society,Identity in Everyday Language,Identiteet argikeeles,"Once chiefly a slur, this Q-word has been reclaimed as an umbrella identity by many people.",Varem peamiselt solvanguna kasutatud Q-sõna on paljud võtnud tagasi katusidentiteedina.,Queer,Queer,,,Queer is an umbrella term for sexual and gender minorities. It is alternately used to refer to people who reject sexual and gender norms and share radical politics characterized by solidarity across lines of identity.,"Queer oli varem peamiselt halvustav sõna, kuid paljud inimesed kasutavad seda nüüd oma seksuaalse sättumuse või sooidentiteedi katusmõistena.",Queer — Wikipedia,https://en.wikipedia.org/wiki/Queer,CC-BY-SA-4.0,2026-08-28,reviewed,true
built-in-adult-clue-0140,built-in-adult,Adult (Mature) / Täiskasvanutele,built-in-adult-set-028,board,round-two,5,easy,sexuality-identity-society,Identity in Everyday Language,Identiteet argikeeles,Kimberlé Crenshaw coined this term for overlapping systems of identity and discrimination.,Kimberlé Crenshaw lõi selle termini kattuvate identiteetide ja diskrimineerimissüsteemide kohta.,Intersectionality,Intersektsionaalsus,,,"Intersectionality is an analytical framework for understanding how groups' and individuals' social and political identities result in unique combinations of discrimination and privilege. Examples of these intersecting and overlapping factors include gender, caste, sex, race, ethnicity, class, sexuality, religion, disability, physical appearance, and age.","Intersektsionaalsus kirjeldab seda, kuidas näiteks soo, rassi, klassi ja seksuaalsusega seotud võimusuhted ning diskrimineerimine kattuvad.",Intersectionality — Wikipedia,https://en.wikipedia.org/wiki/Intersectionality,CC-BY-SA-4.0,2026-08-28,reviewed,true
built-in-adult-clue-0141,built-in-adult,Adult (Mature) / Täiskasvanutele,built-in-adult-set-029,board,round-two,1,easy,sexuality-identity-society,Rights Around the World,Õigused üle maailma,This two-word phrase describes allowing same-sex couples to marry on the same terms as other couples.,See kahesõnaline väljend tähendab samasooliste paaride abiellumist teistega samadel tingimustel.,Marriage equality,Abieluvõrdsus,,,"Marriage equality means that same-sex couples may marry with the same legal status, rights, and responsibilities as other couples.","Abieluvõrdsus tähendab, et samasoolised paarid saavad abielluda teiste paaridega samadel õiguslikel tingimustel ning samade õiguste ja kohustustega.",Marriage equality — Wikipedia,https://en.wikipedia.org/wiki/Same-sex_marriage,CC-BY-SA-4.0,2026-08-28,reviewed,true
built-in-adult-clue-0142,built-in-adult,Adult (Mature) / Täiskasvanutele,built-in-adult-set-029,board,round-two,2,easy,sexuality-identity-society,Rights Around the World,Õigused üle maailma,"This four-word U.S. military policy introduced in the 1990s barred openly gay, lesbian, and bisexual people from serving and was repealed in 2011.","See 1990. aastatel kehtestatud neljasõnaline USA sõjaväepoliitika keelas avalikult geidel, lesbidel ja biseksuaalsetel inimestel teenida ning tühistati 2011. aastal.","Don't Ask, Don't Tell","Don't Ask, Don't Tell",DADT,DADT,"Don't Ask, Don't Tell restricted openly gay, lesbian, and bisexual people from U.S. military service until its repeal took effect in 2011.","„Don't Ask, Don't Tell“ piiras avalikult geide, lesbide ja biseksuaalsete inimeste teenimist USA relvajõududes, kuni selle tühistamine 2011. aastal jõustus.","Don't ask, don't tell — Wikipedia","https://en.wikipedia.org/wiki/Don%27t_ask,_don%27t_tell",CC-BY-SA-4.0,2026-08-28,reviewed,true
built-in-adult-clue-0143,built-in-adult,Adult (Mature) / Täiskasvanutele,built-in-adult-set-029,board,round-two,3,easy,sexuality-identity-society,Rights Around the World,Õigused üle maailma,This 2015 U.S. Supreme Court case required every state to license and recognize same-sex marriages.,See 2015. aasta USA ülemkohtu lahend kohustas kõiki osariike samasooliste abielusid sõlmima ja tunnustama.,Obergefell v. Hodges,Obergefell vs. Hodges,,,Obergefell v. Hodges was the 2015 U.S. Supreme Court decision requiring states to license and recognize marriages between two people of the same sex.,"„Obergefell vs. Hodges“ oli USA ülemkohtu 2015. aasta otsus, mis kohustas osariike samast soost inimeste abielusid sõlmima ja tunnustama.",Obergefell v. Hodges — Wikipedia,https://en.wikipedia.org/wiki/Obergefell_v._Hodges,CC-BY-SA-4.0,2026-08-28,reviewed,true
built-in-adult-clue-0144,built-in-adult,Adult (Mature) / Täiskasvanutele,built-in-adult-set-029,board,round-two,4,easy,sexuality-identity-society,Rights Around the World,Õigused üle maailma,Voters in this 2015 national ballot made Ireland the first country to approve same-sex marriage by popular vote.,"Sellel 2015. aasta üleriigilisel hääletusel tegid valijad Iirimaast esimese riigi, kus samasooliste abielu kiideti heaks rahvahääletusel.",Irish marriage referendum,Iirimaa abielureferendum,,,"Ireland's 2015 marriage referendum approved same-sex marriage by popular vote, a first for a country-wide referendum.",Iirimaa 2015. aasta abielureferendum kiitis samasooliste abielu heaks rahvahääletusel; see oli esimene selline üleriigiline referendum maailmas.,Thirty-fourth Amendment of the Constitution of Ireland — Wikipedia,https://en.wikipedia.org/wiki/Thirty-fourth_Amendment_of_the_Constitution_of_Ireland,CC-BY-SA-4.0,2026-08-28,reviewed,true
built-in-adult-clue-0145,built-in-adult,Adult (Mature) / Täiskasvanutele,built-in-adult-set-029,board,round-two,5,easy,sexuality-identity-society,Rights Around the World,Õigused üle maailma,Malta became the first European country to enact this prohibition on attempts to change a person's sexual orientation or gender identity in 2016.,"Malta sai 2016. aastal esimeseks Euroopa riigiks, mis keelas katsed muuta inimese seksuaalset sättumust või sooidentiteeti.",Conversion therapy ban,Konversiooniteraapia keeld,,,Malta's 2016 law prohibited conversion practices intended to change or suppress sexual orientation or gender identity.,"Malta 2016. aasta seadus keelas konversioonipraktikad, mille eesmärk on muuta või alla suruda seksuaalset sättumust või sooidentiteeti.",Conversion therapy — Wikipedia,https://en.wikipedia.org/wiki/Conversion_therapy,CC-BY-SA-4.0,2026-08-28,reviewed,true
built-in-adult-clue-0146,built-in-adult,Adult (Mature) / Täiskasvanutele,built-in-adult-set-030,board,round-two,1,easy,sexuality-identity-society,Books and Ideas About Belonging,Kuuluvuse raamatud ja ideed,Celie tells her story in letters in this Alice Walker novel.,Celie jutustab oma loo kirjades selles Alice Walkeri romaanis.,The Color Purple,Purpurpunane,,,"In Alice Walker's The Color Purple, Celie tells her life through letters and finds dignity and independence despite abuse.",Alice Walkeri romaanis „Purpurpunane“ jutustab Celie oma elust kirjade kaudu ning leiab vägivalla kiuste eneseväärikuse ja iseseisvuse.,The Color Purple — Wikipedia,https://en.wikipedia.org/wiki/The_Color_Purple,CC-BY-SA-4.0,2026-08-28,reviewed,true
built-in-adult-clue-0147,built-in-adult,Adult (Mature) / Täiskasvanutele,built-in-adult-set-030,board,round-two,2,easy,sexuality-identity-society,Books and Ideas About Belonging,Kuuluvuse raamatud ja ideed,Oscar Wilde's only novel centers on a portrait that ages in its subject's place.,"Oscar Wilde'i ainus romaan keskendub portreele, mis vananeb kujutatud mehe asemel.",The Picture of Dorian Gray,Dorian Gray portree,,,"In Oscar Wilde's The Picture of Dorian Gray, Dorian stays young while his portrait ages and bears the marks of his actions.","Oscar Wilde'i romaanis „Dorian Gray portree“ jääb Dorian ise nooreks, samal ajal kui tema portree vananeb ja kannab tema tegude jälgi.",The Picture of Dorian Gray — Wikipedia,https://en.wikipedia.org/wiki/The_Picture_of_Dorian_Gray,CC-BY-SA-4.0,2026-08-28,reviewed,true
built-in-adult-clue-0148,built-in-adult,Adult (Mature) / Täiskasvanutele,built-in-adult-set-030,board,round-two,3,easy,sexuality-identity-society,Books and Ideas About Belonging,Kuuluvuse raamatud ja ideed,E. M. Forster wrote this novel about a young Englishman who falls in love with Clive and later Alec; it was published after Forster's death.,"E. M. Forster kirjutas selle romaani noorest inglasest, kes armub Clive'i ja hiljem Alecisse; teos avaldati pärast Forsteri surma.",Maurice,Maurice,,,E. M. Forster's Maurice follows its title character's relationships with Clive Durham and Alec Scudder and was published posthumously in 1971.,E. M. Forsteri „Maurice“ jälgib nimitegelase suhteid Clive Durhami ja Alec Scudderiga ning avaldati postuumselt 1971. aastal.,Maurice — Wikipedia,https://en.wikipedia.org/wiki/Maurice_(novel),CC-BY-SA-4.0,2026-08-28,reviewed,true
built-in-adult-clue-0149,built-in-adult,Adult (Mature) / Täiskasvanutele,built-in-adult-set-030,board,round-two,4,easy,sexuality-identity-society,Books and Ideas About Belonging,Kuuluvuse raamatud ja ideed,The English umbrella term for certain culturally specific Indigenous North American gender and spiritual roles begins with the number after one.,"Teatud Põhja-Ameerika põlisrahvaste kultuurispetsiifiliste soo- ja vaimsete rollide ingliskeelne üldnimetus algab arvuga, mis tuleb pärast ühte.",Two-Spirit,Kaksvaim,Two Spirit,Two-Spirit,"Two-Spirit is an umbrella term used by some Indigenous North American people for culturally specific gender, social, and spiritual roles.","Kaksvaim on mõne Põhja-Ameerika põlisrahva kasutatav katusmõiste oma kultuuris määratletud sooliste, ühiskondlike ja vaimsete rollide kohta.",Two-Spirit — Wikipedia,https://en.wikipedia.org/wiki/Two-spirit,CC-BY-SA-4.0,2026-08-28,reviewed,true
built-in-adult-clue-0150,built-in-adult,Adult (Mature) / Täiskasvanutele,built-in-adult-set-030,board,round-two,5,easy,sexuality-identity-society,Books and Ideas About Belonging,Kuuluvuse raamatud ja ideed,Judith Butler linked this two-word concept to gender being produced through repeated social acts.,"Judith Butler seostas selle kahesõnalise mõiste ideega, et sugu kujuneb korduvate ühiskondlike tegude kaudu.",Gender performativity,Soo performatiivsus,,,"Gender performativity, associated with Judith Butler, treats gender as produced through repeated acts and social conventions.",Judith Butleriga seostatud soo performatiivsuse mõiste käsitleb sugu korduvate tegude ja ühiskondlike tavade kaudu kujunevana.,Gender performativity — Wikipedia,https://en.wikipedia.org/wiki/Gender_Trouble,CC-BY-SA-4.0,2026-08-28,reviewed,true
built-in-adult-clue-0151,built-in-adult,Adult (Mature) / Täiskasvanutele,built-in-adult-set-031,board,round-two,1,easy,nightlife-adult-social-culture,"Cabaret, Comedy, and Clubs","Kabaree, komöödia ja klubid","A brick wall, microphone, and stand-up acts are stereotypical features of this venue.","Tellissein, mikrofon ja püstijalakomöödia on selle esinemispaiga tüüpilised tunnused.",Comedy club,Komöödiaklubi,,,"A comedy club is a venue where a variety of comedic acts perform to a live audience. Although the term usually refers to establishments that feature stand-up comedians, it can also feature other forms of comedy such as improvisational comedians, impersonators, impressionists, magicians and ventriloquists.","Komöödiaklubi on esinemispaik, kus laval astuvad mikrofoni ette püstijalakoomikud.",Comedy club — Wikipedia,https://en.wikipedia.org/wiki/Comedy_club,CC-BY-SA-4.0,2026-08-28,reviewed,true
built-in-adult-clue-0152,built-in-adult,Adult (Mature) / Täiskasvanutele,built-in-adult-set-031,board,round-two,2,easy,nightlife-adult-social-culture,"Cabaret, Comedy, and Clubs","Kabaree, komöödia ja klubid",Liza Minnelli sings at Berlin's Kit Kat Club in this 1972 musical film.,Liza Minnelli laulab Berliini Kit Kat Clubis selles 1972. aasta muusikafilmis.,Cabaret,Kabaree,,,"In the 1972 musical film Cabaret, Liza Minnelli's Sally Bowles performs at Berlin's Kit Kat Club.",1972. aasta muusikafilmis „Kabaree“ esineb Liza Minnelli kehastatud Sally Bowles Berliini Kit Kat Clubis.,Cabaret — Wikipedia,https://en.wikipedia.org/wiki/Cabaret_(1972_film),CC-BY-SA-4.0,2026-08-28,reviewed,true
built-in-adult-clue-0153,built-in-adult,Adult (Mature) / Täiskasvanutele,built-in-adult-set-031,board,round-two,3,easy,nightlife-adult-social-culture,"Cabaret, Comedy, and Clubs","Kabaree, komöödia ja klubid",A Sunset Strip building with a black exterior and a wall of comedians' names houses this stand-up club.,Sunset Stripi musta välisilme ja koomikute nimedega hoones tegutseb see püstijalakomöödia klubi.,The Comedy Store,The Comedy Store,,,The Comedy Store is a stand-up club on the Sunset Strip whose black exterior bears the names of associated comedians.,"The Comedy Store on Sunset Stripil asuv püstijalakomöödia klubi, mille mustale välisseinale on kirjutatud paigaga seotud koomikute nimed.",The Comedy Store — Wikipedia,https://en.wikipedia.org/wiki/The_Comedy_Store,CC-BY-SA-4.0,2026-08-28,reviewed,true
built-in-adult-clue-0154,built-in-adult,Adult (Mature) / Täiskasvanutele,built-in-adult-set-031,board,round-two,4,easy,nightlife-adult-social-culture,"Cabaret, Comedy, and Clubs","Kabaree, komöödia ja klubid",Tina Fey and Steve Carell trained at this Chicago improvisational theater.,Tina Fey ja Steve Carell õppisid selles Chicago improvisatsiooniteatris.,The Second City,The Second City,,,"The Second City is an improvisational comedy enterprise. It is the oldest improvisational theater troupe to be continuously based in Chicago, with training programs and live theaters in Toronto and New York.","The Second City on Chicagos alguse saanud improvisatsiooni- ja komöödiateater, kus on õppinud teiste seas Tina Fey ja Steve Carell.",The Second City — Wikipedia,https://en.wikipedia.org/wiki/The_Second_City,CC-BY-SA-4.0,2026-08-28,reviewed,true
built-in-adult-clue-0155,built-in-adult,Adult (Mature) / Täiskasvanutele,built-in-adult-set-031,board,round-two,5,easy,nightlife-adult-social-culture,"Cabaret, Comedy, and Clubs","Kabaree, komöödia ja klubid",The Ramones and Blondie helped make this Bowery club a landmark of New York punk.,Ramones ja Blondie aitasid teha sellest Bowery klubist New Yorgi pungi maamärgi.,CBGB,CBGB,,,CBGB was a club on New York's Bowery whose stage became closely associated with punk bands including Ramones and Blondie.,"CBGB oli New Yorgi Bowery tänava klubi, mille lavaga seostuvad punkansamblid Ramones ja Blondie.",CBGB — Wikipedia,https://en.wikipedia.org/wiki/CBGB,CC-BY-SA-4.0,2026-08-28,reviewed,true
built-in-adult-clue-0156,built-in-adult,Adult (Mature) / Täiskasvanutele,built-in-adult-set-032,board,round-two,1,easy,nightlife-adult-social-culture,Nightlife Through the Ages,Ööelu läbi aegade,Tiny mirrors on this hanging sphere scatter spots of light across a dance floor.,Selle rippuva kera väikesed peeglid hajutavad valguslaike üle tantsupõranda.,Disco ball,Diskokuul,,,A disco ball is a mirrored sphere that reflects moving spots of light around a dance venue.,"Diskokuul on peegelpinnaga kera, mis peegeldab tantsukohas liikuvaid valguslaike.",Disco ball — Wikipedia,https://en.wikipedia.org/wiki/Disco_ball,CC-BY-SA-4.0,2026-08-27,reviewed,true
built-in-adult-clue-0157,built-in-adult,Adult (Mature) / Täiskasvanutele,built-in-adult-set-032,board,round-two,2,easy,nightlife-adult-social-culture,Nightlife Through the Ages,Ööelu läbi aegade,"Coins, a numbered song list, and a glowing cabinet let bar patrons choose the next record on this machine.","Mündid, nummerdatud laulunimekiri ja helendav kapp võimaldavad baarikülastajal valida sellel masinal järgmise loo.",Jukebox,Plaadiautomaat,,,A jukebox is a coin-operated music machine that lets a customer select a recording from a numbered list.,"Plaadiautomaat on müntidega töötav muusikamasin, mille nummerdatud loendist saab kuulaja valida salvestise.",Jukebox — Wikipedia,https://en.wikipedia.org/wiki/Jukebox,CC-BY-SA-4.0,2026-08-27,reviewed,true
built-in-adult-clue-0158,built-in-adult,Adult (Mature) / Täiskasvanutele,built-in-adult-set-032,board,round-two,3,easy,nightlife-adult-social-culture,Nightlife Through the Ages,Ööelu läbi aegade,Steve Rubell and Ian Schrager opened this Manhattan nightclub in 1977.,Steve Rubell ja Ian Schrager avasid selle Manhattani ööklubi 1977. aastal.,Studio 54,Studio 54,,,Studio 54 opened in New York in 1977.,Studio 54 avati 1977. aastal New Yorgis.,Studio 54 — Wikipedia,https://en.wikipedia.org/wiki/Studio_54,CC-BY-SA-4.0,2026-08-27,reviewed,true
built-in-adult-clue-0159,built-in-adult,Adult (Mature) / Täiskasvanutele,built-in-adult-set-032,board,round-two,4,easy,nightlife-adult-social-culture,Nightlife Through the Ages,Ööelu läbi aegade,This Paris music hall opened in 1869 and became a symbol of Belle Époque entertainment.,See Pariisi muusikasaal avati 1869. aastal ja sellest sai Belle Époque'i meelelahutuse sümbol.,Folies Bergère,Folies Bergère,Folies Bergere,Folies Bergere,The Folies Bergère opened in Paris in 1869.,Folies Bergère avati 1869. aastal Pariisis.,Folies Bergère — Wikipedia,https://en.wikipedia.org/wiki/Folies_Berg%C3%A8re,CC-BY-SA-4.0,2026-08-27,reviewed,true
built-in-adult-clue-0160,built-in-adult,Adult (Mature) / Täiskasvanutele,built-in-adult-set-032,board,round-two,5,easy,nightlife-adult-social-culture,Nightlife Through the Ages,Ööelu läbi aegade,"This 19th-century theatrical form parodied opera, Shakespeare, and classical subjects.","See 19. sajandi teatrivorm parodeeris ooperit, Shakespeare'i ja klassikalisi teemasid.",Victorian burlesque,Viktoriaanlik burlesk,,,"Victorian burlesque mixed parody, music, and theatrical spectacle.","Viktoriaanlik burlesk ühendas paroodia, muusika ja teatriliku vaatemängu.",Victorian burlesque — Wikipedia,https://en.wikipedia.org/wiki/Victorian_burlesque,CC-BY-SA-4.0,2026-08-27,reviewed,true
built-in-adult-clue-0161,built-in-adult,Adult (Mature) / Täiskasvanutele,built-in-adult-set-033,board,round-two,1,easy,nightlife-adult-social-culture,"Stages, Speakeasies, and Scenes","Lavad, salabaarid ja skeened","A bob haircut, short skirt, and 1920s jazz-club style evoke this fashionable young woman.","Poisipea, lühike seelik ja 1920. aastate džässiklubi stiil viitavad sellele moekale noorele naisele.",Flapper,Fläpper,,,"A flapper was a fashionable young woman associated with 1920s dress, jazz, and changing social customs.","Fläpper oli 1920. aastate moe, džässi ja muutuvate seltskonnakommetega seotud noor naine.",Flapper — Wikipedia,https://en.wikipedia.org/wiki/Flapper,CC-BY-SA-4.0,2026-08-27,reviewed,true
built-in-adult-clue-0162,built-in-adult,Adult (Mature) / Täiskasvanutele,built-in-adult-set-033,board,round-two,2,easy,nightlife-adult-social-culture,"Stages, Speakeasies, and Scenes","Lavad, salabaarid ja skeened","Singers, comedians, dancers, and novelty acts shared the bill in this variety-theater tradition.","Lauljad, koomikud, tantsijad ja vigurartistid jagasid lava selles varietee-traditsioonis.",Vaudeville,Vodevill,,,"Vaudeville was a variety-entertainment form built from separate acts such as comedy, song, dance, and novelty performance.","Vodevill oli varieteevorm, mis koosnes eraldi numbritest, nagu komöödia, laul, tants ja viguriesinemised.",Vaudeville — Wikipedia,https://en.wikipedia.org/wiki/Vaudeville,CC-BY-SA-4.0,2026-08-27,reviewed,true
built-in-adult-clue-0163,built-in-adult,Adult (Mature) / Täiskasvanutele,built-in-adult-set-033,board,round-two,3,easy,nightlife-adult-social-culture,"Stages, Speakeasies, and Scenes","Lavad, salabaarid ja skeened",This Harlem nightclub featured major Black performers while maintaining segregated admission for much of its early history.,"Selles Harlemi ööklubis esinesid väljapaistvad mustanahalised artistid, kuid suure osa varasest ajaloost oli publiku vastuvõtt rassiliselt eraldatud.",Cotton Club,Cotton Club,,,The Cotton Club was a prominent Harlem nightclub with discriminatory admission policies.,"Cotton Club oli tuntud Harlemi ööklubi, mille sissepääsupoliitika diskrimineeris külastajaid.",Cotton Club — Wikipedia,https://en.wikipedia.org/wiki/Cotton_Club,CC-BY-SA-4.0,2026-08-27,reviewed,true
built-in-adult-clue-0164,built-in-adult,Adult (Mature) / Täiskasvanutele,built-in-adult-set-033,board,round-two,4,easy,nightlife-adult-social-culture,"Stages, Speakeasies, and Scenes","Lavad, salabaarid ja skeened",A 1979 baseball promotion at Chicago's Comiskey Park carried this name.,See nimi anti 1979. aastal Chicago Comiskey Parkis korraldatud pesapalli reklaamüritusele.,Disco Demolition Night,Disco Demolition Night,,,Disco Demolition Night took place at Comiskey Park in 1979.,Disco Demolition Night toimus 1979. aastal Comiskey Parkis.,Disco Demolition Night — Wikipedia,https://en.wikipedia.org/wiki/Disco_Demolition_Night,CC-BY-SA-4.0,2026-08-27,reviewed,true
built-in-adult-clue-0165,built-in-adult,Adult (Mature) / Täiskasvanutele,built-in-adult-set-033,board,round-two,5,easy,nightlife-adult-social-culture,"Stages, Speakeasies, and Scenes","Lavad, salabaarid ja skeened",Dada artists founded this Zurich venue in 1916.,Dadaistid asutasid selle Zürichi esinemispaiga 1916. aastal.,Cabaret Voltaire,Cabaret Voltaire,,,Cabaret Voltaire became a birthplace of Dada in 1916.,Cabaret Voltaire sai 1916. aastal Dada sünnikoduks.,Cabaret Voltaire (Zurich) — Wikipedia,https://en.wikipedia.org/wiki/Cabaret_Voltaire_(Zurich),CC-BY-SA-4.0,2026-08-27,reviewed,true
built-in-adult-clue-0166,built-in-adult,Adult (Mature) / Täiskasvanutele,built-in-adult-set-034,board,round-one,1,medium,nightlife-adult-social-culture,Harlem to Hollywood After Dark,Harlemist Hollywoodini pärast pimedat,The Beatles played nearly 300 times at this Liverpool cellar venue.,The Beatles esines selles Liverpooli keldriklubis ligi 300 korda.,Cavern Club,Cavern Club,,,The Beatles played the Cavern Club in Liverpool nearly 300 times between 1961 and 1963.,The Beatles esines Liverpooli Cavern Clubis aastatel 1961–1963 ligi 300 korda.,Cavern Club — Wikipedia,https://en.wikipedia.org/wiki/The_Cavern_Club,CC-BY-SA-4.0,2026-08-28,reviewed,true
built-in-adult-clue-0167,built-in-adult,Adult (Mature) / Täiskasvanutele,built-in-adult-set-034,board,round-one,2,medium,nightlife-adult-social-culture,Harlem to Hollywood After Dark,Harlemist Hollywoodini pärast pimedat,Barry Manilow sang about a showgirl named Lola at this New York nightclub.,Barry Manilow laulis Lola-nimelisest tantsijast selles New Yorgi ööklubis.,Copacabana,Copacabana,,,Barry Manilow's song Copacabana tells of showgirl Lola and bartender Tony at the New York nightclub of that name.,Barry Manilow' laul „Copacabana“ jutustab samanimelise New Yorgi ööklubi tantsijast Lolast ja baarmen Tonyst.,Copacabana — Wikipedia,https://en.wikipedia.org/wiki/Copacabana_(nightclub),CC-BY-SA-4.0,2026-08-28,reviewed,true
built-in-adult-clue-0168,built-in-adult,Adult (Mature) / Täiskasvanutele,built-in-adult-set-034,board,round-one,3,medium,nightlife-adult-social-culture,Harlem to Hollywood After Dark,Harlemist Hollywoodini pärast pimedat,The Doors were once the house band at this Sunset Strip rock club.,The Doors oli kunagi selle Sunset Stripi rokiklubi püsibänd.,Whisky a Go Go,Whisky a Go Go,,,The Doors served as the house band at the Whisky a Go Go on Los Angeles's Sunset Strip in 1966.,The Doors oli 1966. aastal Los Angelese Sunset Stripil asuva Whisky a Go Go püsibänd.,Whisky a Go Go — Wikipedia,https://en.wikipedia.org/wiki/Whisky_a_Go_Go,CC-BY-SA-4.0,2026-08-28,reviewed,true
built-in-adult-clue-0169,built-in-adult,Adult (Mature) / Täiskasvanutele,built-in-adult-set-034,board,round-one,4,medium,nightlife-adult-social-culture,Harlem to Hollywood After Dark,Harlemist Hollywoodini pärast pimedat,This castle-like hotel on Sunset Boulevard is known for Hollywood celebrity stories.,See lossilaadne Sunset Boulevardi hotell on tuntud Hollywoodi kuulsuslugude poolest.,Chateau Marmont,Chateau Marmont,,,Chateau Marmont is a castle-like Sunset Boulevard hotel long associated with stories about Hollywood celebrities.,"Chateau Marmont on Sunset Boulevardi lossilaadne hotell, mida seostatakse arvukate Hollywoodi kuulsuste lugudega.",Chateau Marmont — Wikipedia,https://en.wikipedia.org/wiki/Chateau_Marmont,CC-BY-SA-4.0,2026-08-28,reviewed,true
built-in-adult-clue-0170,built-in-adult,Adult (Mature) / Täiskasvanutele,built-in-adult-set-034,board,round-one,5,medium,nightlife-adult-social-culture,Harlem to Hollywood After Dark,Harlemist Hollywoodini pärast pimedat,Elton John made his celebrated 1970 U.S. debut at this West Hollywood club.,Elton John tegi selles West Hollywoodi klubis oma kuulsa 1970. aasta USA debüüdi.,Troubadour,Troubadour,,,Elton John's acclaimed August 1970 performances at the Troubadour introduced him to a major U.S. music-industry audience.,Elton Johni 1970. aasta augusti menukad esinemised Troubadouris tutvustasid teda laiemalt USA muusikatööstusele.,Troubadour — Wikipedia,"https://en.wikipedia.org/wiki/Troubadour_(West_Hollywood,_California)",CC-BY-SA-4.0,2026-08-28,reviewed,true
built-in-adult-clue-0171,built-in-adult,Adult (Mature) / Täiskasvanutele,built-in-adult-set-035,board,round-one,1,medium,nightlife-adult-social-culture,Nightlife Performances and Culture,Ööelu etendused ja kultuur,This word combines removing clothing with playful delay or suggestion.,See sõna ühendab riiete eemaldamise mängulise viivituse ja vihjamisega.,Striptease,Striptiis,,,Striptease is a staged performance built around gradual undressing.,"Striptiis on lavastatud etendus, mis on üles ehitatud järk-järgulise lahtiriietumise ümber.",Striptease — Wikipedia,https://en.wikipedia.org/wiki/Striptease,CC-BY-SA-4.0,2026-08-27,reviewed,true
built-in-adult-clue-0172,built-in-adult,Adult (Mature) / Täiskasvanutele,built-in-adult-set-035,board,round-one,2,medium,nightlife-adult-social-culture,Nightlife Performances and Culture,Ööelu etendused ja kultuur,Chicago clubs gave their city's name to the early history of this four-on-the-floor dance genre.,Chicago klubid sidusid selle neljandikrütmilise tantsužanri varase ajaloo oma linnaga.,House music,House-muusika,,,House music is an electronic dance genre that developed in Chicago clubs during the 1980s.,"House-muusika on elektroonilise tantsumuusika žanr, mis arenes 1980. aastatel Chicago klubides.",House music — Wikipedia,https://en.wikipedia.org/wiki/House_music,CC-BY-SA-4.0,2026-08-27,reviewed,true
built-in-adult-clue-0173,built-in-adult,Adult (Mature) / Täiskasvanutele,built-in-adult-set-035,board,round-one,3,medium,nightlife-adult-social-culture,Nightlife Performances and Culture,Ööelu etendused ja kultuur,"Comedy, theatrical parody, costumes, and teasing stage performance combine in this kind of show.","Komöödia, teatriparoodia, kostüümid ja vihjav lavaesitus ühinevad selles etendusliigis.",Burlesque show,Burleskietendus,,,"A burlesque show combines theatrical parody, comedy, costume, and stylized adult stage entertainment.","Burleskietendus ühendab teatriparoodia, komöödia, kostüümid ja stiliseeritud täiskasvanutele mõeldud lavaesituse.",Burlesque — Wikipedia,https://en.wikipedia.org/wiki/Burlesque,CC-BY-SA-4.0,2026-08-27,reviewed,true
built-in-adult-clue-0174,built-in-adult,Adult (Mature) / Täiskasvanutele,built-in-adult-set-035,board,round-one,4,medium,nightlife-adult-social-culture,Nightlife Performances and Culture,Ööelu etendused ja kultuur,What term described the illegal transport of alcohol by sea or across borders during U.S. Prohibition?,Milline keeluajastuga seotud termin tähistas alkoholi ebaseaduslikku vedu meritsi või üle piiri?,Rum-running,Rummivedu,,,Rum-running was the illegal transport of alcohol during Prohibition.,Rummivedu oli keeluajal kasutatud termin alkoholi ebaseadusliku piiriülese või meritsi veo kohta.,Rum-running — Wikipedia,https://en.wikipedia.org/wiki/Rum-running,CC-BY-SA-4.0,2026-08-27,reviewed,true
built-in-adult-clue-0175,built-in-adult,Adult (Mature) / Täiskasvanutele,built-in-adult-set-035,board,round-one,5,medium,nightlife-adult-social-culture,Nightlife Performances and Culture,Ööelu etendused ja kultuur,This Harlem venue began presenting its famous Amateur Night in 1934.,See Harlemi esinemispaik hakkas 1934. aastal korraldama oma kuulsat amatööride õhtut.,Apollo Theater,Apollo Theater,,,The Apollo Theater's Amateur Night began in 1934.,Apollo Theateri Amateur Night sai alguse 1934. aastal.,Apollo Theater — Wikipedia,https://en.wikipedia.org/wiki/Apollo_Theater,CC-BY-SA-4.0,2026-08-27,reviewed,true
built-in-adult-clue-0176,built-in-adult,Adult (Mature) / Täiskasvanutele,built-in-adult-set-036,board,round-one,1,medium,nightlife-adult-social-culture,At the Club Door,Klubiuksel,A colored paper or plastic band around the wrist can prove admission to a club or festival.,Värviline paber- või plastpael randme ümber võib tõendada sissepääsu klubisse või festivalile.,Wristband,Käepael,,,"Nightclubs and festivals use wristbands to show admission, age status, or access privileges at a glance.","Ööklubid ja festivalid kasutavad randmepaelu, et näidata ühe pilguga sissepääsu, vanusekontrolli või ligipääsuõigust.",Wristband — Wikipedia,https://en.wikipedia.org/wiki/Wristband,CC-BY-SA-4.0,2026-08-28,reviewed,true
built-in-adult-clue-0177,built-in-adult,Adult (Mature) / Täiskasvanutele,built-in-adult-set-036,board,round-one,2,medium,nightlife-adult-social-culture,At the Club Door,Klubiuksel,Roped-off tables and bottle service often mark a club area reserved for guests with this special three-letter status.,"Köiega eraldatud lauad ja pudelite lauateenindus tähistavad sageli klubiala, mis on reserveeritud selle kolmetähelise eristaatusega külalistele.",VIP,VIP,,,"A VIP is a person given special access or privileges because of status, influence, or importance; clubs may reserve roped-off areas for such guests.","VIP on inimene, kellele antakse staatuse, mõju või tähtsuse tõttu eripääs või -õigused; klubis võib sellistele külalistele olla eraldatud köiega piiratud ala.",VIP — Wikipedia,https://en.wikipedia.org/wiki/Very_important_person,CC-BY-SA-4.0,2026-08-28,reviewed,true
built-in-adult-clue-0178,built-in-adult,Adult (Mature) / Täiskasvanutele,built-in-adult-set-036,board,round-one,3,medium,nightlife-adult-social-culture,At the Club Door,Klubiuksel,'No sneakers' might be part of this set of clothing rules.,„Spordijalatseid ei lubata“ võib olla osa neist riietumisreeglitest.,Dress code,Riietumisreeglid,,,"A dress code is a set of rules, often written, with regard to what clothing groups of people must wear. Dress codes are created out of social perceptions and norms, and vary based on purpose, circumstances, and occasions.","Riietuskood on reeglite kogum, mis on sageli kirjas selle kohta, milliseid riideid peavad kandma inimrühmad. Riietuskoodid luuakse sotsiaalsete arusaamade ja normide põhjal ning need varieeruvad olenevalt eesmärgist, asjaoludest ja sündmustest.",Dress code — Wikipedia,https://en.wikipedia.org/wiki/Dress_code,CC-BY-SA-4.0,2026-08-28,reviewed,true
built-in-adult-clue-0179,built-in-adult,Adult (Mature) / Täiskasvanutele,built-in-adult-set-036,board,round-one,4,medium,nightlife-adult-social-culture,At the Club Door,Klubiuksel,"At a club entrance, this worker exchanges coats for numbered claim tickets.",Klubi sissepääsu juures võtab see töötaja üleriided hoiule ja annab vastu numbriga garderoobitšeki.,Coat check attendant,Garderoobihoidja,,,A coat check attendant stores guests' outerwear and returns it when they present the matching claim ticket.,Garderoobihoidja võtab külastajate üleriided hoiule ning tagastab need vastava garderoobitšeki esitamisel.,Cloakroom — Wikipedia,https://en.wikipedia.org/wiki/Cloakroom,CC-BY-SA-4.0,2026-08-28,reviewed,true
built-in-adult-clue-0180,built-in-adult,Adult (Mature) / Täiskasvanutele,built-in-adult-set-036,board,round-one,5,medium,nightlife-adult-social-culture,At the Club Door,Klubiuksel,A club may collect this at the door before a guest buys any drinks.,"Klubi võib seda uksel nõuda enne, kui külastaja on ostnud ühtegi jooki.",Cover charge,Sissepääsutasu,,,"A cover charge is an entrance fee sometimes charged at bars, nightclubs, or restaurants. It is collected upon entry or as an additional charge on the bill.","Kattetasu on sissepääsutasu, mida mõnikord nõutakse baarides, ööklubides või restoranides. See võetakse sisse sisenemisel või lisatasuna arvel.",Cover charge — Wikipedia,https://en.wikipedia.org/wiki/Cover_charge,CC-BY-SA-4.0,2026-08-28,reviewed,true
built-in-adult-clue-0181,built-in-adult,Adult (Mature) / Täiskasvanutele,built-in-adult-set-037,board,round-one,1,medium,nightlife-adult-social-culture,Drinks with a Story,Looga joogid,Orange juice and sparkling wine make this brunch cocktail named like a yellow flower.,"Apelsinimahlast ja vahuveinist valmistatakse seda hilise hommikusöögi kokteili, mille nimi meenutab kollast lille.",Mimosa,Mimosa,,,"A mimosa mixes sparkling wine with citrus juice, usually orange juice, and shares its name with the yellow mimosa flower.","Mimosa segab vahuveini tsitrusemahlaga, tavaliselt apelsinimahlaga, ning jagab nime kollase mimoosiõiega.",Mimosa — Wikipedia,https://en.wikipedia.org/wiki/Mimosa_(cocktail),CC-BY-SA-4.0,2026-08-28,reviewed,true
built-in-adult-clue-0182,built-in-adult,Adult (Mature) / Täiskasvanutele,built-in-adult-set-037,board,round-one,2,medium,nightlife-adult-social-culture,Drinks with a Story,Looga joogid,Tomato juice gives this brunch cocktail its red color.,Tomatimahl annab sellele hilise hommikusöögi kokteilile punase värvi.,Bloody Mary,Bloody Mary,,,"A Bloody Mary is a cocktail containing vodka, tomato juice, and other spices and flavorings including Worcestershire sauce, hot sauces, garlic, herbs, horseradish, celery, olives, pickled vegetables, salt, black pepper, lemon juice, lime juice and celery salt. Some versions of the drink, such as the ""surf 'n' turf"" Bloody Mary, include shrimp and bacon as garnishes.","Bloody Mary on tomatimahla ja tavaliselt viina sisaldav punane kokteil, mida seostatakse sageli hilise hommikusöögiga.",Bloody Mary — Wikipedia,https://en.wikipedia.org/wiki/Bloody_Mary_(cocktail),CC-BY-SA-4.0,2026-08-28,reviewed,true
built-in-adult-clue-0183,built-in-adult,Adult (Mature) / Täiskasvanutele,built-in-adult-set-037,board,round-one,3,medium,nightlife-adult-social-culture,Drinks with a Story,Looga joogid,"Equal parts gin, sweet vermouth, and Campari make this bitter Italian cocktail.","Võrdses koguses džinnist, magusast vermutist ja Camparist valmistatakse seda mõrkjat Itaalia kokteili.",Negroni,Negroni,,,"A Negroni is an Italian cocktail traditionally made with equal parts gin, sweet vermouth, and Campari.","Negroni on Itaalia kokteil, mida valmistatakse traditsiooniliselt võrdsetes osades džinnist, magusast vermutist ja Camparist.",Negroni — Wikipedia,https://en.wikipedia.org/wiki/Negroni,CC-BY-SA-4.0,2026-08-28,reviewed,true
built-in-adult-clue-0184,built-in-adult,Adult (Mature) / Täiskasvanutele,built-in-adult-set-037,board,round-one,4,medium,nightlife-adult-social-culture,Drinks with a Story,Looga joogid,Peru and Chile both claim versions of this brandy cocktail topped with foam.,Nii Peruu kui ka Tšiili peavad omaks selle vahuse brändikokteili versioone.,Pisco sour,Pisco sour,,,"A pisco sour is an alcoholic cocktail of Peruvian origin, which is made from pisco, a Peruvian brandy, with sour citrus juice and sweetener components. The Peruvian pisco sour includes Peruvian pisco with freshly squeezed lime juice, simple syrup, ice, egg white, and Angostura bitters.","Pisco sour on pisco, tsitrusemahla ja suhkru baasil valmistatud vahuse kattega kokteil, mille eri versioone peavad omaks nii Peruu kui ka Tšiili.",Pisco sour — Wikipedia,https://en.wikipedia.org/wiki/Pisco_sour,CC-BY-SA-4.0,2026-08-28,reviewed,true
built-in-adult-clue-0185,built-in-adult,Adult (Mature) / Täiskasvanutele,built-in-adult-set-037,board,round-one,5,medium,nightlife-adult-social-culture,Drinks with a Story,Looga joogid,New Orleans claims this rye-or-cognac cocktail flavored with absinthe.,New Orleans peab omaks seda rukki või konjaki ja absindiga maitsestatud kokteili.,Sazerac,Sazerac,,,Sazerac is a local variation of a cognac or whiskey cocktail originally from New Orleans. It is named for the Sazerac de Forge et Fils brand of cognac brandy that originally served as its main ingredient.,"Sazerac on New Orleansiga seostatud kokteil, milles kasutatakse rukki-viskit või konjakit, suhkrut, bitterit ja absindiga loputatud klaasi.",Sazerac — Wikipedia,https://en.wikipedia.org/wiki/Sazerac,CC-BY-SA-4.0,2026-08-28,reviewed,true
built-in-adult-clue-0186,built-in-adult,Adult (Mature) / Täiskasvanutele,built-in-adult-set-038,board,round-one,1,medium,nightlife-adult-social-culture,Dances After Dark,Tantsud pärast pimedat,A four-on-the-floor beat and mirrored ball define this 1970s dance style.,Neljalöögiline biit ja peegelkera iseloomustavad seda 1970. aastate tantsustiili.,Disco,Disko,,,Disco is a dance-music style and club culture that became globally popular in the 1970s and is marked by a steady four-on-the-floor beat.,"Disko on 1970. aastatel üleilmseks saanud tantsumuusika ja -kultuur, mida iseloomustavad ühtlane neljandikrütm ning klubitants.",Disco — Wikipedia,https://en.wikipedia.org/wiki/Disco,CC-BY-SA-4.0,2026-08-28,reviewed,true
built-in-adult-clue-0187,built-in-adult,Adult (Mature) / Täiskasvanutele,built-in-adult-set-038,board,round-one,2,medium,nightlife-adult-social-culture,Dances After Dark,Tantsud pärast pimedat,This lively partner dance developed from Cuban and Puerto Rican musical traditions.,See elav paaristants arenes Kuuba ja Puerto Rico muusikatraditsioonidest.,Salsa,Salsa,,,"Salsa is the name for Latin American dances that are danced to salsa music. Salsa is one of the most popular types of Latin dance that is practiced worldwide, and is typically danced with a partner, although there are elements of solo footwork as well.",Salsa on Kuuba ja Puerto Rico muusikatraditsioonidest kujunenud tempokas paaristants ja muusikastiil.,Salsa — Wikipedia,https://en.wikipedia.org/wiki/Salsa_(dance),CC-BY-SA-4.0,2026-08-28,reviewed,true
built-in-adult-clue-0188,built-in-adult,Adult (Mature) / Täiskasvanutele,built-in-adult-set-038,board,round-one,3,medium,nightlife-adult-social-culture,Dances After Dark,Tantsud pärast pimedat,This partner dance and music style originated in the Dominican Republic.,See paaristants ja muusikastiil sai alguse Dominikaani Vabariigist.,Bachata,Bachata,,,Bachata is a dance and music genre that originated in the Dominican Republic.,Bachata on Dominikaani Vabariigis tekkinud muusika- ja paaristantsustiil.,Bachata (dance) — Wikipedia,https://en.wikipedia.org/wiki/Bachata_(dance),CC-BY-SA-4.0,2026-08-28,reviewed,true
built-in-adult-clue-0189,built-in-adult,Adult (Mature) / Täiskasvanutele,built-in-adult-set-038,board,round-one,4,medium,nightlife-adult-social-culture,Dances After Dark,Tantsud pärast pimedat,Pose-like movements inspired by fashion magazines define this ballroom dance style.,Moeajakirjade poosidest inspireeritud liigutused määratlevad selle ballroom-tantsustiili.,Voguing,Vogue-tants,,,"Voguing uses fashion-photography-inspired poses, hand movements, and angular lines and developed within ballroom culture.","Vogue-tants kasutab moefotodest inspireeritud poose, käeliigutusi ja nurgelisi liikumisi ning kujunes ballroom-kultuuris.",Voguing — Wikipedia,https://en.wikipedia.org/wiki/Vogue_(dance),CC-BY-SA-4.0,2026-08-28,reviewed,true
built-in-adult-clue-0190,built-in-adult,Adult (Mature) / Täiskasvanutele,built-in-adult-set-038,board,round-one,5,medium,nightlife-adult-social-culture,Dances After Dark,Tantsud pärast pimedat,A popular origin story links this Harlem swing dance's name with Charles Lindbergh's 1927 Atlantic 'hop.',Levinud päritolulugu seob selle Harlemi svingtantsu nime Charles Lindberghi 1927. aasta Atlandi-„hüppega“.,Lindy Hop,Lindy Hop,,,Lindy Hop is a swing dance associated with Harlem; a popular name story links it to Charles Lindbergh's 1927 Atlantic flight.,Lindy Hop on Harlemiga seotud svingtants; populaarne nimepärimus seob selle Charles Lindberghi 1927. aasta üle Atlandi lennuga.,Lindy Hop — Wikipedia,https://en.wikipedia.org/wiki/Lindy_Hop,CC-BY-SA-4.0,2026-08-28,reviewed,true
built-in-adult-clue-0191,built-in-adult,Adult (Mature) / Täiskasvanutele,built-in-adult-set-039,board,round-one,1,medium,nightlife-adult-social-culture,Nightlife Around the World,Ööelu üle maailma,DJs and all-night dance clubs draw visitors to this Spanish island.,DJ-d ja öö läbi avatud tantsuklubid meelitavad külastajaid sellele Hispaania saarele.,Ibiza,Ibiza,,,Ibiza became an international nightlife destination through large clubs and dance-music events featuring prominent DJs.,Ibiza kujunes rahvusvaheliseks ööelusihtkohaks suurte klubide ja tuntud DJ-dega tantsumuusikaürituste kaudu.,Ibiza — Wikipedia,https://en.wikipedia.org/wiki/Ibiza,CC-BY-SA-4.0,2026-08-28,reviewed,true
built-in-adult-clue-0192,built-in-adult,Adult (Mature) / Täiskasvanutele,built-in-adult-set-039,board,round-one,2,medium,nightlife-adult-social-culture,Nightlife Around the World,Ööelu üle maailma,Rooftop bars and the backpacker strip Khao San Road belong to this Thai capital.,Katusebaarid ja seljakotirändurite Khao San Road kuuluvad sellele Tai pealinnale.,Bangkok,Bangkok,,,"Bangkok's nightlife includes rooftop bars and the hostels, restaurants, and late venues around Khao San Road.","Bangkoki ööellu kuuluvad katusebaarid ning Khao San Roadi ümbruse hostelid, söögikohad ja hilisõhtused meelelahutuspaigad.",Bangkok — Wikipedia,https://en.wikipedia.org/wiki/Bangkok,CC-BY-SA-4.0,2026-08-28,reviewed,true
built-in-adult-clue-0193,built-in-adult,Adult (Mature) / Täiskasvanutele,built-in-adult-set-039,board,round-one,3,medium,nightlife-adult-social-culture,Nightlife Around the World,Ööelu üle maailma,Late dinners and milongas keep this Argentine capital awake for tango.,Hilised õhtusöögid ja milongad hoiavad selle Argentina pealinna tango saatel ärkvel.,Buenos Aires,Buenos Aires,,,"Buenos Aires is known for late dinners and milongas, social events where people gather to dance tango.",Buenos Airese ööelu iseloomustavad hilised õhtusöögid ja milongad ehk seltskondlikud tangoõhtud.,Buenos Aires — Wikipedia,https://en.wikipedia.org/wiki/Buenos_Aires,CC-BY-SA-4.0,2026-08-28,reviewed,true
built-in-adult-clue-0194,built-in-adult,Adult (Mature) / Täiskasvanutele,built-in-adult-set-039,board,round-one,4,medium,nightlife-adult-social-culture,Nightlife Around the World,Ööelu üle maailma,Live-music clubs line this New Orleans street just downriver from the French Quarter.,"Seda New Orleansi tänavat, mis asub French Quarterist allavoolu, ääristavad elava muusika klubid.",Frenchmen Street,Frenchmen Street,,,Frenchmen Street in New Orleans is known for live-music venues near the French Quarter.,New Orleansi Frenchmen Street on tuntud French Quarteri lähedal asuvate elava muusika paikade poolest.,Frenchmen Street — Wikipedia,https://en.wikipedia.org/wiki/Frenchmen_Street,CC-BY-SA-4.0,2026-08-28,reviewed,true
built-in-adult-clue-0195,built-in-adult,Adult (Mature) / Täiskasvanutele,built-in-adult-set-039,board,round-one,5,medium,nightlife-adult-social-culture,Nightlife Around the World,Ööelu üle maailma,A former power station in Berlin houses this club famous for techno and a strict door policy.,Berliini endises elektrijaamas asub see tehno ja range uksepoliitika poolest kuulus klubi.,Berghain,Berghain,,,"Berghain is a Berlin nightclub in a former power station, internationally known for techno music.","Berghain on Berliini ööklubi endises elektrijaamas, mida tuntakse rahvusvaheliselt tehno poolest.",Berghain — Wikipedia,https://en.wikipedia.org/wiki/Berghain,CC-BY-SA-4.0,2026-08-28,reviewed,true
built-in-adult-clue-0196,built-in-adult,Adult (Mature) / Täiskasvanutele,built-in-adult-set-040,board,round-one,1,medium,nightlife-adult-social-culture,When the Party Runs Late,Kui pidu venib pikaks,Headache and thirst the morning after drinking are classic signs of this condition.,Peavalu ja janu joomisjärgsel hommikul on selle seisundi tüüpilised märgid.,Hangover,Pohmell,,,"A hangover is the after-effect of drinking alcohol; common symptoms include headache, thirst, fatigue, and nausea.","Pohmell on alkoholi tarvitamisele järgnev enesetunne, mille sagedased sümptomid on peavalu, janu, väsimus ja iiveldus.",Hangover — Wikipedia,https://en.wikipedia.org/wiki/Hangover,CC-BY-SA-4.0,2026-08-28,reviewed,true
built-in-adult-clue-0197,built-in-adult,Adult (Mature) / Täiskasvanutele,built-in-adult-set-040,board,round-one,2,medium,nightlife-adult-social-culture,When the Party Runs Late,Kui pidu venib pikaks,A bartender announces this final chance to order before closing.,Baarmen kuulutab selle viimase võimaluse tellida enne sulgemist.,Last call,Viimane tellimus,,,"In a bar, a last call (last orders) is an announcement made shortly before the bar closes for the night, informing patrons of their last chance to buy alcoholic beverages. There are various means to make the signal, like ringing a bell, flashing the lights, or announcing verbally.","Viimane tellimus on baarmeni teade, et enne teeninduse lõppu saab jooke tellida veel viimast korda.",Last call — Wikipedia,https://en.wikipedia.org/wiki/Last_call_(bar_term),CC-BY-SA-4.0,2026-08-28,reviewed,true
built-in-adult-clue-0198,built-in-adult,Adult (Mature) / Täiskasvanutele,built-in-adult-set-040,board,round-one,3,medium,nightlife-adult-social-culture,When the Party Runs Late,Kui pidu venib pikaks,"This hyphenated event begins when the main concert, awards show, or wedding reception ends.","See sidekriipsuga üritus algab pärast põhikontserdi, auhinnagala või pulmapeo lõppu.",After-party,Järelpidu,,,"An after-party is a social event held after a main event such as a concert, awards ceremony, premiere, or wedding reception.","Järelpidu on koosviibimine, mis algab pärast põhüritust, näiteks kontserti, auhinnagalat, esilinastust või pulmapidu.",After-party — Wikipedia,https://en.wikipedia.org/wiki/After-party,CC-BY-SA-4.0,2026-08-28,reviewed,true
built-in-adult-clue-0199,built-in-adult,Adult (Mature) / Täiskasvanutele,built-in-adult-set-040,board,round-one,4,medium,nightlife-adult-social-culture,When the Party Runs Late,Kui pidu venib pikaks,This late public-transport service can replace a taxi after trains stop running.,See hiline ühistransporditeenus võib pärast rongiliikluse lõppu taksot asendada.,Night bus,Ööbuss,,,"Night service, sometimes also known as owl service, is a mode of public transport service operated during the night hours. As an intermediate approach – between providing full service around the clock and stopping services altogether – it provides more limited service during times of lower passenger volume, saving resources and allowing for maintenance on primary transportation systems.","Ööbuss on hilisõhtul või öösel sõitev ühistranspordiliin, mis võib liikuda ajal, mil tavapärane rongi- või bussiliiklus on lõppenud.",Night bus — Wikipedia,https://en.wikipedia.org/wiki/Night_service_(public_transport),CC-BY-SA-4.0,2026-08-28,reviewed,true
built-in-adult-clue-0200,built-in-adult,Adult (Mature) / Täiskasvanutele,built-in-adult-set-040,board,round-one,5,medium,nightlife-adult-social-culture,When the Party Runs Late,Kui pidu venib pikaks,Jet lag and shift work can disrupt this roughly 24-hour biological cycle.,Ajavahestress ja vahetustega töö võivad häirida seda ligikaudu 24-tunnist bioloogilist tsüklit.,Circadian rhythm,Ööpäevarütm,,,"A circadian rhythm, or circadian cycle, is a natural oscillation that repeats roughly every 24 hours. Circadian rhythms can refer to any process that originates within an organism (i.e., endogenous) and responds to the environment (is entrained by the environment).","Ööpäevarütm on organismi ligikaudu 24-tunnine bioloogiline tsükkel, mida võivad häirida ajavööndivahetus ja vahetustega töö.",Circadian rhythm — Wikipedia,https://en.wikipedia.org/wiki/Circadian_rhythm,CC-BY-SA-4.0,2026-08-28,reviewed,true
built-in-adult-clue-0201,built-in-adult,Adult (Mature) / Täiskasvanutele,built-in-adult-set-041,board,round-one,1,medium,censorship-obscenity-law,Books Once Banned,Kunagi keelatud raamatud,Scout Finch narrates this Harper Lee novel about her lawyer father Atticus defending Tom Robinson.,"Scout Finch jutustab seda Harper Lee romaani oma advokaadist isast Atticusest, kes kaitseb Tom Robinsoni.",To Kill a Mockingbird,Tappa laulurästast,,,Harper Lee's To Kill a Mockingbird is narrated by Scout Finch and follows Atticus Finch's defense of Tom Robinson.,Harper Lee „Tappa laulurästast“ on jutustatud Scout Finchi vaatepunktist ning käsitleb Atticus Finchi kaitset Tom Robinsonile.,To Kill a Mockingbird — Wikipedia,https://en.wikipedia.org/wiki/To_Kill_a_Mockingbird,CC-BY-SA-4.0,2026-08-28,reviewed,true
built-in-adult-clue-0202,built-in-adult,Adult (Mature) / Täiskasvanutele,built-in-adult-set-041,board,round-one,2,medium,censorship-obscenity-law,Books Once Banned,Kunagi keelatud raamatud,Offred narrates Margaret Atwood's dystopia of Gilead.,Offred jutustab Margaret Atwoodi Gileadi-düstoopiat.,The Handmaid's Tale,Teenijanna lugu,,,The Handmaid's Tale is Margaret Atwood's dystopian novel about Offred's life under the patriarchal regime of Gilead.,„Teenijanna lugu“ on Margaret Atwoodi düstoopiline romaan Offredi elust patriarhaalse Gileadi režiimi all.,The Handmaid's Tale — Wikipedia,https://en.wikipedia.org/wiki/The_Handmaid's_Tale,CC-BY-SA-4.0,2026-08-28,reviewed,true
built-in-adult-clue-0203,built-in-adult,Adult (Mature) / Täiskasvanutele,built-in-adult-set-041,board,round-one,3,medium,censorship-obscenity-law,Books Once Banned,Kunagi keelatud raamatud,A 1989 fatwa against Salman Rushdie followed publication of this novel.,Selle romaani ilmumisele järgnes 1989. aastal fatwa Salman Rushdie vastu.,The Satanic Verses,Saatanlikud värsid,,,"After The Satanic Verses was published, Ayatollah Ruhollah Khomeini issued a 1989 fatwa calling for Salman Rushdie's death.","Pärast „Saatanlike värsside“ ilmumist andis ajatolla Ruhollah Khomeini 1989. aastal välja fatwa, milles kutsuti üles Salman Rushdie tapmisele.",The Satanic Verses — Wikipedia,https://en.wikipedia.org/wiki/The_Satanic_Verses,CC-BY-SA-4.0,2026-08-28,reviewed,true
built-in-adult-clue-0204,built-in-adult,Adult (Mature) / Täiskasvanutele,built-in-adult-set-041,board,round-one,4,medium,censorship-obscenity-law,Books Once Banned,Kunagi keelatud raamatud,A U.S. court decision in 1933 cleared this James Joyce novel of obscenity.,USA kohtuotsus vabastas selle James Joyce'i romaani 1933. aastal sündsusetuse süüdistusest.,Ulysses,Ulysses,,,"In the 1933 United States v. One Book Called Ulysses decision, a federal court ruled that James Joyce's Ulysses was not obscene.","1933. aasta kohtuasjas „United States v. One Book Called Ulysses“ otsustas USA föderaalkohus, et James Joyce'i „Ulysses“ ei ole sündsusetu.",Ulysses — Wikipedia,https://en.wikipedia.org/wiki/Ulysses_(novel),CC-BY-SA-4.0,2026-08-28,reviewed,true
built-in-adult-clue-0205,built-in-adult,Adult (Mature) / Täiskasvanutele,built-in-adult-set-041,board,round-one,5,medium,censorship-obscenity-law,Books Once Banned,Kunagi keelatud raamatud,Angie Thomas wrote this frequently challenged novel about Starr Carter witnessing a police shooting.,"Angie Thomas kirjutas selle sageli vaidlustatud romaani Starr Carterist, kes näeb pealt politseitulistamist.",The Hate U Give,The Hate U Give,,,"The Hate U Give is Angie Thomas's novel about Starr Carter, who witnesses the police shooting of her friend.","The Hate U Give on Angie Thomase romaan Starr Carterist, kes näeb pealt oma sõbra tulistamist politsei poolt.",The Hate U Give — Wikipedia,https://en.wikipedia.org/wiki/The_Hate_U_Give,CC-BY-SA-4.0,2026-08-28,reviewed,true
built-in-adult-clue-0206,built-in-adult,Adult (Mature) / Täiskasvanutele,built-in-adult-set-042,board,round-one,1,medium,censorship-obscenity-law,Movie Ratings Around the World,Filmide vanusepiirangud maailmas,"In the U.S. system, these two letters mean parental guidance is suggested.","USA süsteemis tähendavad need kaks tähte, et soovitatakse vanemate juhendamist.",PG,PG,,,"In the U.S. film-rating system, PG means parental guidance is suggested because some material may not be suitable for children.","USA filmide vanusepiirangus tähendab PG, et vanemate juhendamine on soovitatav, sest osa sisust ei pruugi lastele sobida.",PG — Wikipedia,https://en.wikipedia.org/wiki/Motion_Picture_Association_film_rating_system,CC-BY-SA-4.0,2026-08-28,reviewed,true
built-in-adult-clue-0207,built-in-adult,Adult (Mature) / Täiskasvanutele,built-in-adult-set-042,board,round-one,2,medium,censorship-obscenity-law,Movie Ratings Around the World,Filmide vanusepiirangud maailmas,"In U.S. cinemas, viewers under 17 need an accompanying adult for this rating.",USA kinodes vajavad alla 17-aastased selle reitinguga filmi puhul täiskasvanud saatjat.,R,R,,,"In U.S. cinemas, an R-rated film requires viewers under 17 to attend with a parent or adult guardian.",USA kinodes peab alla 17-aastane vaataja R-reitinguga filmi vaatama koos vanema või täiskasvanud eestkostjaga.,R — Wikipedia,https://en.wikipedia.org/wiki/Motion_Picture_Association_film_rating_system,CC-BY-SA-4.0,2026-08-28,reviewed,true
built-in-adult-clue-0208,built-in-adult,Adult (Mature) / Täiskasvanutele,built-in-adult-set-042,board,round-one,3,medium,censorship-obscenity-law,Movie Ratings Around the World,Filmide vanusepiirangud maailmas,"As of 2026, New Zealand uses this letter-and-number label for films restricted to viewers aged 18 and over.","2026. aasta seisuga kasutab Uus-Meremaa seda tähe ja numbri märgist filmide puhul, mis on lubatud vähemalt 18-aastastele.",R18,R18,,,"In New Zealand's 2026 classification system, R18 restricts a film or publication to people aged 18 and over.",Uus-Meremaa 2026. aasta klassifikatsioonis piirab R18 filmi või väljaande vähemalt 18-aastastele.,R18 — Wikipedia,https://en.wikipedia.org/wiki/Office_of_Film_and_Literature_Classification_(New_Zealand),CC-BY-SA-4.0,2026-08-28,reviewed,true
built-in-adult-clue-0209,built-in-adult,Adult (Mature) / Täiskasvanutele,built-in-adult-set-042,board,round-one,4,medium,censorship-obscenity-law,Movie Ratings Around the World,Filmide vanusepiirangud maailmas,"This British board classifies films with labels such as U, PG, 12A, and 18.","See Briti nõukogu liigitab filme märgistega U, PG, 12A ja 18.",BBFC,BBFC,,,"The British Board of Film Classification assigns UK cinema and video labels including U, PG, 12A, 15, and 18.","Briti filmide klassifikatsiooninõukogu määrab Ühendkuningriigi kino- ja videoteostele vanusemärgiseid, sealhulgas U, PG, 12A, 15 ja 18.",BBFC — Wikipedia,https://en.wikipedia.org/wiki/British_Board_of_Film_Classification,CC-BY-SA-4.0,2026-08-28,reviewed,true
built-in-adult-clue-0210,built-in-adult,Adult (Mature) / Täiskasvanutele,built-in-adult-set-042,board,round-one,5,medium,censorship-obscenity-law,Movie Ratings Around the World,Filmide vanusepiirangud maailmas,German cinema-goers see this three-letter age-rating body on posters and trailers.,Saksa kinokülastajad näevad plakatitel ja treileritel seda kolmetähelist vanusepiirangu asutust.,FSK,FSK,,,"The Freiwillige Selbstkontrolle der Filmwirtschaft (FSK, transl. Self-Regulatory Body of the Movie Industry) is a German motion picture rating system organization run by the Spitzenorganisation der Filmwirtschaft based in Wiesbaden.","Freiwillige Selbstkontrolle der Filmwirtschaft (FSK, tõlkes filmitööstuse isereguleeruv asutus) on Saksamaa filmide hindamissüsteemi organisatsioon, mida juhib Wiesbadenis asuv Spitzenorganisation der Filmwirtschaft.",FSK — Wikipedia,https://en.wikipedia.org/wiki/Freiwillige_Selbstkontrolle_der_Filmwirtschaft,CC-BY-SA-4.0,2026-08-28,reviewed,true
built-in-adult-clue-0211,built-in-adult,Adult (Mature) / Täiskasvanutele,built-in-adult-set-043,board,round-one,1,medium,censorship-obscenity-law,Censors Met Their Match,Tsensorid leidsid vastase,"During a 1957 appearance, cameras framed Elvis Presley only from the waist up on this television variety program.",1957. aasta esinemisel näitasid kaamerad Elvis Presleyt üksnes vöökohast ülespoole selles televisiooni varieteesaates.,The Ed Sullivan Show,The Ed Sullivan Show,,,"For Elvis Presley's third appearance on The Ed Sullivan Show in 1957, the broadcast showed him only from the waist up.",Elvis Presley kolmandal esinemisel saates „The Ed Sullivan Show“ 1957. aastal näitas teleülekanne teda üksnes vöökohast ülespoole.,The Ed Sullivan Show — Wikipedia,https://en.wikipedia.org/wiki/The_Ed_Sullivan_Show,CC-BY-SA-4.0,2026-08-28,reviewed,true
built-in-adult-clue-0212,built-in-adult,Adult (Mature) / Täiskasvanutele,built-in-adult-set-043,board,round-one,2,medium,censorship-obscenity-law,Censors Met Their Match,Tsensorid leidsid vastase,MTV refused to air the original video for this 1990 Madonna single.,MTV keeldus näitamast selle Madonna 1990. aasta singli algset videot.,Justify My Love,Justify My Love,,,Madonna released 'Justify My Love' in 1990; MTV declined to broadcast its original music video.,Madonna avaldas „Justify My Love'i“ 1990. aastal ning MTV keeldus selle algset muusikavideot näitamast.,Justify My Love — Wikipedia,https://en.wikipedia.org/wiki/Justify_My_Love,CC-BY-SA-4.0,2026-08-28,reviewed,true
built-in-adult-clue-0213,built-in-adult,Adult (Mature) / Täiskasvanutele,built-in-adult-set-043,board,round-one,3,medium,censorship-obscenity-law,Censors Met Their Match,Tsensorid leidsid vastase,Obscenity arrests made this American stand-up comedian a free-speech symbol.,Sündsusetuse eest vahistamised tegid sellest Ameerika püstijalakoomikust sõnavabaduse sümboli.,Lenny Bruce,Lenny Bruce,,,Lenny Bruce became a free-speech symbol after repeated obscenity arrests over language used in his stand-up performances.,Lenny Bruce'ist sai sõnavabaduse sümbol pärast korduvaid sündsusetussüüdistusega vahistamisi oma püstijalakomöödias kasutatud keele pärast.,Lenny Bruce — Wikipedia,https://en.wikipedia.org/wiki/Lenny_Bruce,CC-BY-SA-4.0,2026-08-28,reviewed,true
built-in-adult-clue-0214,built-in-adult,Adult (Mature) / Täiskasvanutele,built-in-adult-set-043,board,round-one,4,medium,censorship-obscenity-law,Censors Met Their Match,Tsensorid leidsid vastase,Chinese authorities detained this artist and government critic in 2011; he also created Tate Modern's Sunflower Seeds.,Hiina võimud pidasid selle kunstniku ja valitsuskriitiku 2011. aastal kinni; ta lõi ka Tate Moderni teose „Sunflower Seeds“.,Ai Weiwei,Ai Weiwei,,,Chinese authorities detained Ai Weiwei for 81 days in 2011; the artist and government critic also created Tate Modern's Sunflower Seeds installation.,Hiina võimud pidasid Ai Weiwei 2011. aastal 81 päevaks kinni; kunstnik ja valitsuskriitik lõi ka Tate Moderni installatsiooni „Sunflower Seeds“.,Ai Weiwei — Wikipedia,https://en.wikipedia.org/wiki/Ai_Weiwei,CC-BY-SA-4.0,2026-08-28,reviewed,true
built-in-adult-clue-0215,built-in-adult,Adult (Mature) / Täiskasvanutele,built-in-adult-set-043,board,round-one,5,medium,censorship-obscenity-law,Censors Met Their Match,Tsensorid leidsid vastase,Apartheid authorities banned several novels by this South African Nobel laureate.,Apartheidivõimud keelasid mitu selle Lõuna-Aafrika Nobeli laureaadi romaani.,Nadine Gordimer,Nadine Gordimer,,,"South African apartheid authorities banned several novels by Nobel laureate Nadine Gordimer, including A World of Strangers and Burger's Daughter.","Lõuna-Aafrika apartheidivõimud keelasid mitu Nobeli laureaadi Nadine Gordimeri romaani, sealhulgas „A World of Strangers“ ja „Burger's Daughter“.",Nadine Gordimer — Wikipedia,https://en.wikipedia.org/wiki/Nadine_Gordimer,CC-BY-SA-4.0,2026-08-28,reviewed,true
built-in-adult-clue-0216,built-in-adult,Adult (Mature) / Täiskasvanutele,built-in-adult-set-044,board,round-one,1,medium,censorship-obscenity-law,Art That Caused a Stir,Kära tekitanud kunst,Michelangelo painted this vast biblical scene behind the altar of the Sistine Chapel.,Michelangelo maalis selle hiiglasliku piiblistseeni Sixtuse kabeli altari taha.,The Last Judgment,Viimne kohtupäev,,,The Last Judgment is Michelangelo's large fresco on the altar wall of the Sistine Chapel.,„Viimne kohtupäev“ on Michelangelo suur fresko Sixtuse kabeli altariseinal.,The Last Judgment (Michelangelo) — Wikipedia,https://en.wikipedia.org/wiki/The_Last_Judgment_(Michelangelo),CC-BY-SA-4.0,2026-08-28,reviewed,true
built-in-adult-clue-0217,built-in-adult,Adult (Mature) / Täiskasvanutele,built-in-adult-set-044,board,round-one,2,medium,censorship-obscenity-law,Art That Caused a Stir,Kära tekitanud kunst,Marcel Duchamp submitted a signed urinal under this ironic title in 1917.,Marcel Duchamp esitas 1917. aastal signeeritud pissuaari selle iroonilise pealkirjaga.,Fountain,Purskkaev,,,"Fountain was a readymade sculpture attributed to Marcel Duchamp in 1917, consisting of a porcelain urinal signed ""R. Mutt"". The work is regarded by art historians and theorists of the avant-garde as a major landmark in 20th-century art.","Purskkaev oli 1917. aastal Marcel Duchampile omistatud valmisskulptuur, mis koosnes portselanist pissuaarist, millele on kirjutatud ""R. Mutt"". Kunstiajaloolased ja avangardi teoreetikud peavad seda teost 20. sajandi kunsti oluliseks maamärgiks.",Fountain — Wikipedia,https://en.wikipedia.org/wiki/Fountain_(Duchamp),CC-BY-SA-4.0,2026-08-28,reviewed,true
built-in-adult-clue-0218,built-in-adult,Adult (Mature) / Täiskasvanutele,built-in-adult-set-044,board,round-one,3,medium,censorship-obscenity-law,Art That Caused a Stir,Kära tekitanud kunst,Andres Serrano photographed a small plastic crucifix submerged in amber liquid for this controversial 1987 work.,Andres Serrano pildistas selle vastuolulise 1987. aasta teose jaoks merevaigukarva vedelikku asetatud väikest plastkrutsifiksi.,Piss Christ,Piss Christ,Immersion (Piss Christ),Immersion (Piss Christ),Andres Serrano's 1987 photograph Piss Christ depicts a small plastic crucifix submerged in a container of the artist's urine.,Andres Serrano 1987. aasta foto „Piss Christ“ kujutab kunstniku uriiniga anumasse asetatud väikest plastkrutsifiksi.,Piss Christ — Wikipedia,https://en.wikipedia.org/wiki/Piss_Christ,CC-BY-SA-4.0,2026-08-28,reviewed,true
built-in-adult-clue-0219,built-in-adult,Adult (Mature) / Täiskasvanutele,built-in-adult-set-044,board,round-one,4,medium,censorship-obscenity-law,Art That Caused a Stir,Kära tekitanud kunst,John Singer Sargent repainted a fallen shoulder strap after this portrait caused a scandal in Paris.,"John Singer Sargent maalis langenud õlapaela ümber pärast seda, kui see portree põhjustas Pariisis skandaali.",Madame X,Madame X,,,Madame X is John Singer Sargent's portrait whose original fallen shoulder strap contributed to a Paris scandal.,"„Madame X“ on John Singer Sargenti portree, mille algne langenud õlapael aitas kaasa Pariisi skandaalile.",Portrait of Madame X — Wikipedia,https://en.wikipedia.org/wiki/Portrait_of_Madame_X,CC-BY-SA-4.0,2026-08-28,reviewed,true
built-in-adult-clue-0220,built-in-adult,Adult (Mature) / Täiskasvanutele,built-in-adult-set-044,board,round-one,5,medium,censorship-obscenity-law,Art That Caused a Stir,Kära tekitanud kunst,Judy Chicago's installation arranges symbolic place settings for women from history around a triangular table.,Judy Chicago installatsioon paigutab ajalooliste naiste sümboolsed lauakohad kolmnurkse laua ümber.,The Dinner Party,The Dinner Party,,,The Dinner Party is an installation artwork by American feminist artist Judy Chicago. There are 39 elaborate place settings on a triangular table for 39 mythical and historical famous women.,The Dinner Party on Ameerika feministliku kunstniku Judy Chicago installatsioon. Kolmnurksel laual on 39 läbimõeldud kohaseadet 39 müütilise ja ajaloolise kuulsa naise jaoks.,The Dinner Party — Wikipedia,https://en.wikipedia.org/wiki/The_Dinner_Party,CC-BY-SA-4.0,2026-08-28,reviewed,true
built-in-adult-clue-0221,built-in-adult,Adult (Mature) / Täiskasvanutele,built-in-adult-set-045,board,round-one,1,medium,censorship-obscenity-law,Freedom of Speech in Everyday Life,Sõnavabadus argielus,"In the United States, this amendment protects speech, press, religion, assembly, and petition.","Ameerika Ühendriikides kaitseb see põhiseaduse muudatus sõna-, ajakirjandus- ja usuvabadust ning kogunemist ja petitsiooni.",First Amendment,Esimene põhiseaduse muudatus,,,"The First Amendment (Amendment I) to the United States Constitution prevents Congress from making laws respecting an establishment of religion; prohibiting the free exercise of religion; or abridging the freedom of speech, the freedom of the press, the freedom of peaceable assembly and the right to petition the government for redress of grievances.","USA põhiseaduse esimene parandus kaitseb sõna- ja ajakirjandusvabadust, usuvabadust, rahumeelset kogunemist ning õigust esitada valitsusele petitsioone.",First Amendment — Wikipedia,https://en.wikipedia.org/wiki/First_Amendment_to_the_United_States_Constitution,CC-BY-SA-4.0,2026-08-28,reviewed,true
built-in-adult-clue-0222,built-in-adult,Adult (Mature) / Täiskasvanutele,built-in-adult-set-045,board,round-one,2,medium,censorship-obscenity-law,Freedom of Speech in Everyday Life,Sõnavabadus argielus,The Onion and political cartoons use this form of humor to criticize people or institutions.,The Onion ja poliitilised karikatuurid kasutavad seda huumorivormi inimeste või asutuste kritiseerimiseks.,Satire,Satiir,,,"Satire is a genre of the visual, literary, and performing arts, usually in the form of fiction and less frequently non-fiction, in which vices, follies, abuses, and shortcomings are held up to ridicule, often with the intent of exposing or shaming the perceived flaws of individuals, corporations, government, or society itself into improvement.","Satiir kasutab huumorit, irooniat ja liialdust inimeste, institutsioonide või ühiskondlike pahede kritiseerimiseks.",Satire — Wikipedia,https://en.wikipedia.org/wiki/Satire,CC-BY-SA-4.0,2026-08-28,reviewed,true
built-in-adult-clue-0223,built-in-adult,Adult (Mature) / Täiskasvanutele,built-in-adult-set-045,board,round-one,3,medium,censorship-obscenity-law,Freedom of Speech in Everyday Life,Sõnavabadus argielus,"This person exposes wrongdoing inside an organization, sometimes at personal risk.","See inimene paljastab organisatsioonis väärteod, vahel isikliku riskiga.",Whistleblower,Rikkumisest teataja,,,"Whistleblowing (also whistle-blowing or whistle blowing) is the activity of a person, often an employee, revealing information about activity within a private or public organization that is deemed wrongful – whether it be illegal, immoral, illicit, unsafe, unethical, or fraudulent. Whistleblowers can communicate in a variety of ways internally, and/or publicly.","Rikkumisest teataja avalikustab organisatsiooni sees toimunud ebaseadusliku, ohtliku või ebaeetilise tegevuse, mõnikord isikliku riski hinnaga.",Whistleblower — Wikipedia,https://en.wikipedia.org/wiki/Whistleblowing,CC-BY-SA-4.0,2026-08-28,reviewed,true
built-in-adult-clue-0224,built-in-adult,Adult (Mature) / Täiskasvanutele,built-in-adult-set-045,board,round-one,4,medium,censorship-obscenity-law,Freedom of Speech in Everyday Life,Sõnavabadus argielus,Libel and slander are the written and spoken forms of this harm to reputation.,Kirjalik ja suuline mainekahjustamine on selle õigusrikkumise kaks vormi.,Defamation,Laim,,,Defamation is communication that harms another person's reputation; its exact legal definition and the distinction between libel and slander vary by jurisdiction.,Laim on teise inimese mainet kahjustav teabeavaldus. Selle täpne õiguslik määratlus ning kirjaliku ja suulise laimu eristamine sõltuvad jurisdiktsioonist.,Defamation — Wikipedia,https://en.wikipedia.org/wiki/Defamation,CC-BY-SA-4.0,2026-08-28,reviewed,true
built-in-adult-clue-0225,built-in-adult,Adult (Mature) / Täiskasvanutele,built-in-adult-set-045,board,round-one,5,medium,censorship-obscenity-law,Freedom of Speech in Everyday Life,Sõnavabadus argielus,"A court may issue this order requiring someone to stop an action, including a planned publication.","Kohus võib anda selle korralduse, mis kohustab tegevuse, sealhulgas kavandatud avaldamise, peatama.",Injunction,Kohtulik keeld,,,An injunction is a court order requiring a party to do or stop doing a specified act; it can be sought to prevent publication.,"Kohtulik keeld on kohtu korraldus, mis kohustab isikut kindlat tegu tegema või sellest hoiduma; seda võib kasutada ka kavandatud avaldamise peatamiseks.",Injunction — Wikipedia,https://en.wikipedia.org/wiki/Injunction,CC-BY-SA-4.0,2026-08-28,reviewed,true
built-in-adult-clue-0226,built-in-adult,Adult (Mature) / Täiskasvanutele,built-in-adult-set-046,board,round-one,1,medium,censorship-obscenity-law,Banned Books and Burned Records,Keelatud raamatud ja põletatud plaadid,Firemen burn books in this Ray Bradbury novel whose title names paper's supposed ignition temperature in Fahrenheit.,"Tuletõrjujad põletavad raamatuid selles Ray Bradbury romaanis, mille pealkirjas olev arv viitab paberi väidetavale süttimistemperatuurile.",Fahrenheit 451,Fahrenheit 451,,,"Fahrenheit 451 is a 1953 dystopian novel by American writer Ray Bradbury. It presents a future American society where books have been outlawed and ""firemen"" burn any that are found.","„Fahrenheit 451“ on Ray Bradbury 1953. aasta düstoopiline romaan tulevikuühiskonnast, kus raamatud on keelatud ja niinimetatud tuletõrjujad põletavad leitud eksemplarid.",Fahrenheit 451 — Wikipedia,https://en.wikipedia.org/wiki/Fahrenheit_451,CC-BY-SA-4.0,2026-08-28,reviewed,true
built-in-adult-clue-0227,built-in-adult,Adult (Mature) / Täiskasvanutele,built-in-adult-set-046,board,round-one,2,medium,censorship-obscenity-law,Banned Books and Burned Records,Keelatud raamatud ja põletatud plaadid,Schools have challenged this children's series about two pranksters and their superhero principal.,Koolides on vaidlustatud seda lasteraamatusarja kahest vembumehest ja nende superkangelasest direktorist.,Captain Underpants,Kapten Aluspüks,,,Captain Underpants is Dav Pilkey's children's series about two prank-loving boys and a principal who becomes their superhero creation.,"„Kapten Aluspüks“ on Dav Pilkey lasteraamatusari kahest vembumehest poisist ja direktorist, kellest saab nende loodud superkangelane.",Captain Underpants — Wikipedia,https://en.wikipedia.org/wiki/Captain_Underpants,CC-BY-SA-4.0,2026-08-28,reviewed,true
built-in-adult-clue-0228,built-in-adult,Adult (Mature) / Täiskasvanutele,built-in-adult-set-046,board,round-one,3,medium,censorship-obscenity-law,Banned Books and Burned Records,Keelatud raamatud ja põletatud plaadid,The BBC restricted this 1983 Frankie Goes to Hollywood single despite its cheerful one-word title.,BBC piiras seda Frankie Goes to Hollywoodi 1983. aasta singlit vaatamata selle rõõmsale ühesõnalisele pealkirjale.,Relax,Relax,,,Frankie Goes to Hollywood released 'Relax' in 1983; the BBC restricted the song from its radio and television outlets.,Frankie Goes to Hollywood avaldas „Relaxi“ 1983. aastal ning BBC piiras laulu esitamist oma raadio- ja telekanalites.,Relax (song) — Wikipedia,https://en.wikipedia.org/wiki/Relax_(song),CC-BY-SA-4.0,2026-08-28,reviewed,true
built-in-adult-clue-0229,built-in-adult,Adult (Mature) / Täiskasvanutele,built-in-adult-set-046,board,round-one,4,medium,censorship-obscenity-law,Banned Books and Burned Records,Keelatud raamatud ja põletatud plaadid,Country stations boycotted this band after Natalie Maines criticized President George W. Bush in 2003.,Kantrijaamad boikoteerisid seda bändi pärast Natalie Mainesi kriitikat president George W. Bushi suhtes 2003. aastal.,Dixie Chicks,Dixie Chicks,The Chicks,The Chicks,U.S. country radio stations boycotted the Dixie Chicks after Natalie Maines criticized President George W. Bush in 2003.,"USA kantriraadiojaamad boikoteerisid ansamblit Dixie Chicks pärast seda, kui Natalie Maines kritiseeris 2003. aastal president George W. Bushi.",Dixie Chicks — Wikipedia,https://en.wikipedia.org/wiki/The_Chicks,CC-BY-SA-4.0,2026-08-28,reviewed,true
built-in-adult-clue-0230,built-in-adult,Adult (Mature) / Täiskasvanutele,built-in-adult-set-046,board,round-one,5,medium,censorship-obscenity-law,Banned Books and Burned Records,Keelatud raamatud ja põletatud plaadid,An American obscenity trial in 1957 centered on this Allen Ginsberg poem.,1957. aasta Ameerika roppuseprotsess keskendus sellele Allen Ginsbergi luuletusele.,Howl,Ulg,,,Allen Ginsberg's poem 'Howl' was the subject of a 1957 obscenity trial in San Francisco.,Allen Ginsbergi luuletus „Ulg“ oli 1957. aastal San Franciscos toimunud roppuseprotsessi keskmes.,Howl — Wikipedia,https://en.wikipedia.org/wiki/Howl,CC-BY-SA-4.0,2026-08-28,reviewed,true
built-in-adult-clue-0231,built-in-adult,Adult (Mature) / Täiskasvanutele,built-in-adult-set-047,board,round-one,1,medium,censorship-obscenity-law,From Mailboxes to Movie Screens,Postkastidest kinoekraanideni,Unwanted bulk email shares its name with a canned meat.,Soovimatu hulgimeili ingliskeelne nimetus jagab nime lihakonserviga.,Spam,Spam,,,"Email spam, also referred to as junk email, spam mail, or simply spam, refers to unsolicited messages sent in bulk via email. The term originates from a Monty Python sketch, where the name of a canned meat product,""Spam,"" is used repetitively, mirroring the intrusive nature of unwanted emails.",Spam tähendab soovimatut hulgimeili; ingliskeelne nimetus pärineb samanimelisest lihakonservist ja Monty Pythoni sketšist.,Spam — Wikipedia,https://en.wikipedia.org/wiki/Email_spam,CC-BY-SA-4.0,2026-08-28,reviewed,true
built-in-adult-clue-0232,built-in-adult,Adult (Mature) / Täiskasvanutele,built-in-adult-set-047,board,round-one,2,medium,censorship-obscenity-law,From Mailboxes to Movie Screens,Postkastidest kinoekraanideni,"These settings let adults limit what children can watch, play, or open online.","Need sätted võimaldavad täiskasvanutel piirata, mida lapsed veebis vaatavad, mängivad või avavad.",Parental controls,Vanemlik järelevalve,,,"Parental controls are features which may be included in digital television services, computers and video games, mobile devices and software to enable parents to restrict certain content viewable by their children. This may be content they deem inappropriate for their age, maturity level or feel is aimed more at an adult audience.","Vanemliku järelevalve sätted võimaldavad täiskasvanul piirata laste juurdepääsu saadetele, mängudele, rakendustele või veebisisule.",Parental controls — Wikipedia,https://en.wikipedia.org/wiki/Parental_controls,CC-BY-SA-4.0,2026-08-28,reviewed,true
built-in-adult-clue-0233,built-in-adult,Adult (Mature) / Täiskasvanutele,built-in-adult-set-047,board,round-one,3,medium,censorship-obscenity-law,From Mailboxes to Movie Screens,Postkastidest kinoekraanideni,Opening or blacking out soldiers' letters during wartime is an example of this practice.,Sõdurite kirjade avamine või osaline varjamine sõja ajal on selle praktika näide.,Postal censorship,Postitsensuur,,,Postal censorship is official inspection of mail; during wartime it can involve opening letters or blacking out passages before delivery.,Postitsensuur on posti ametlik kontrollimine; sõja ajal võidakse selle käigus kirju avada või enne kättetoimetamist tekstiosi kinni katta.,Postal censorship — Wikipedia,https://en.wikipedia.org/wiki/Postal_censorship,CC-BY-SA-4.0,2026-08-28,reviewed,true
built-in-adult-clue-0234,built-in-adult,Adult (Mature) / Täiskasvanutele,built-in-adult-set-047,board,round-one,4,medium,censorship-obscenity-law,From Mailboxes to Movie Screens,Postkastidest kinoekraanideni,A streaming service uses this technique when a show is available in one country but not another.,"Voogedastusteenus kasutab seda võtet, kui sari on ühes riigis saadaval, kuid teises mitte.",Geoblocking,Asukohapõhine blokeerimine,,,Geoblocking restricts access to online content according to the user's geographic location.,Geoblokeerimine piirab juurdepääsu veebisisule kasutaja geograafilise asukoha järgi.,Geoblocking — Wikipedia,https://en.wikipedia.org/wiki/Geo-blocking,CC-BY-SA-4.0,2026-08-28,reviewed,true
built-in-adult-clue-0235,built-in-adult,Adult (Mature) / Täiskasvanutele,built-in-adult-set-047,board,round-one,5,medium,censorship-obscenity-law,From Mailboxes to Movie Screens,Postkastidest kinoekraanideni,"In the United States, this movie preview may advertise restricted films to age-appropriate audiences.",Ameerika Ühendriikides võib see filmitreiler reklaamida piiratud filme sobivas vanuses publikule.,Red band trailer,Punase märgiga treiler,,,A red-band trailer in the United States may preview restricted material for an age-appropriate audience.,Ameerika Ühendriikides võib punase märgiga treiler näidata piiratud materjali sobivas vanuses publikule.,Motion Picture Association film rating system — trailer ratings,https://en.wikipedia.org/wiki/Motion_Picture_Association_film_rating_system#Trailer_ratings,CC-BY-SA-4.0,2026-08-28,reviewed,true
built-in-adult-clue-0236,built-in-adult,Adult (Mature) / Täiskasvanutele,built-in-adult-set-048,board,round-one,1,medium,censorship-obscenity-law,Rules of the Screen,Ekraani reeglid,This notice alerts viewers that upcoming text may reveal a plot twist or ending.,"See märkus hoiatab vaatajat, et järgnev tekst võib paljastada süžeepöörde või lõpu.",Spoiler warning,Spoilerihoiatus,,,"A spoiler warning alerts an audience before a description reveals an important plot event, twist, climax, or ending.","Spoilerihoiatus annab publikule ette teada, et järgnev kirjeldus võib paljastada tähtsa süžeesündmuse, pöörde, haripunkti või lõpu.",Spoiler warning — Wikipedia,https://en.wikipedia.org/wiki/Spoiler_(media),CC-BY-SA-4.0,2026-08-28,reviewed,true
built-in-adult-clue-0237,built-in-adult,Adult (Mature) / Täiskasvanutele,built-in-adult-set-048,board,round-one,2,medium,censorship-obscenity-law,Rules of the Screen,Ekraani reeglid,This short notice prepares an audience for potentially upsetting material.,See lühike märkus valmistab publikut ette võimalikule häirivale või tundlikule materjalile.,Content warning,Sisuhoiatus,,,A content warning is a notice that alerts an audience before material that may be disturbing or sensitive.,"Sisuhoiatus teavitab publikut ette, et järgnev materjal võib olla häiriv või tundlik.",Content warning — Wikipedia,https://en.wikipedia.org/wiki/Content_warning,CC-BY-SA-4.0,2026-08-28,reviewed,true
built-in-adult-clue-0238,built-in-adult,Adult (Mature) / Täiskasvanutele,built-in-adult-set-048,board,round-one,3,medium,censorship-obscenity-law,Rules of the Screen,Ekraani reeglid,Live television may use a few seconds of this so offensive language can be muted.,"Otsetelevisioon võib kasutada mõnesekundilist viivitust, et sobimatu keel vaigistada.",Broadcast delay,Saateviivitus,,,Broadcast delay inserts a short intentional gap into a live radio or television feed so mistakes or unacceptable material can be stopped before transmission.,"Saateviivitus lisab otse raadio- või teleülekandesse lühikese tahtliku ajavahe, et viga või sobimatu sisu saaks enne eetrisse jõudmist peatada.",Broadcast delay — Wikipedia,https://en.wikipedia.org/wiki/Broadcast_delay,CC-BY-SA-4.0,2026-08-28,reviewed,true
built-in-adult-clue-0239,built-in-adult,Adult (Mature) / Täiskasvanutele,built-in-adult-set-048,board,round-one,4,medium,censorship-obscenity-law,Rules of the Screen,Ekraani reeglid,British broadcasters use this term for the time after which adult TV content may air.,"Briti ringhäälingus tähistab see termin aega, pärast mida võib näidata täiskasvanutele mõeldud telesisu.",Watershed,Eetripiir,,,"In broadcasting, the watershed is the time after which programs intended only for mature audiences may be shown.","Ringhäälingus on eetripiir kellaaeg, pärast mida võib näidata ainult täiskasvanud vaatajatele mõeldud saateid.",Watershed — Wikipedia,https://en.wikipedia.org/wiki/Watershed_(broadcasting),CC-BY-SA-4.0,2026-08-28,reviewed,true
built-in-adult-clue-0240,built-in-adult,Adult (Mature) / Täiskasvanutele,built-in-adult-set-048,board,round-one,5,medium,censorship-obscenity-law,Rules of the Screen,Ekraani reeglid,Hollywood films followed this production code from the 1930s until the modern U.S. ratings system replaced it.,Hollywoodi filmid järgisid seda tootmiskoodeksit 1930. aastatest kuni tänapäevase USA reitingusüsteemini.,Hays Code,Haysi koodeks,,,"The Motion Picture Production Code, widely called the Hays Code, governed major-studio films in the United States from 1934 to 1968.",Motion Picture Production Code ehk Haysi koodeks reguleeris Ameerika Ühendriikide suurstuudiote filme aastatel 1934–1968.,Hays Code — Wikipedia,https://en.wikipedia.org/wiki/Hays_Code,CC-BY-SA-4.0,2026-08-28,reviewed,true
built-in-adult-clue-0241,built-in-adult,Adult (Mature) / Täiskasvanutele,built-in-adult-set-049,board,round-one,1,medium,censorship-obscenity-law,Courtroom Words in Plain English,Kohtusõnad lihtsas keeles,A lawyer says this word to challenge a question or piece of evidence during a trial.,"Advokaat ütleb selle sõna, et kohtuprotsessil küsimus või tõend vaidlustada.",Objection,Vastuväide,,,"In the law of the United States of America, an objection is a formal protest to evidence, argument, or questions that are in violation of the rules of evidence or other procedural law. Objections are often raised in court during a trial to disallow a witness's testimony, and may also be raised during depositions and in response to written discovery.","Vastuväide on kohtumenetluses esitatud ametlik protest küsimuse, argumendi või tõendi vastu, kui see rikub tõendamis- või menetlusreegleid.",Objection — Wikipedia,https://en.wikipedia.org/wiki/Objection_(United_States_law),CC-BY-SA-4.0,2026-08-28,reviewed,true
built-in-adult-clue-0242,built-in-adult,Adult (Mature) / Täiskasvanutele,built-in-adult-set-049,board,round-one,2,medium,censorship-obscenity-law,Courtroom Words in Plain English,Kohtusõnad lihtsas keeles,Guilty or not guilty are possible forms of this decision by a jury.,Süüdi või mitte süüdi võivad olla selle vandemeeste ametliku järelduse vormid.,Verdict,Verdikt,Jury verdict,Vandekohtu otsus,"In law, a verdict is the formal finding of fact made by a jury on matters or questions submitted to the jury by a judge. In a bench trial, the judge's decision near the end of the trial is simply referred to as a finding.","Verdikt on vandekohtu ametlik otsus talle kohtuasjas esitatud küsimuses, näiteks kas süüdistatav on süüdi või mitte.",Verdict — Wikipedia,https://en.wikipedia.org/wiki/Verdict,CC-BY-SA-4.0,2026-08-28,reviewed,true
built-in-adult-clue-0243,built-in-adult,Adult (Mature) / Täiskasvanutele,built-in-adult-set-049,board,round-one,3,medium,censorship-obscenity-law,Courtroom Words in Plain English,Kohtusõnad lihtsas keeles,This court order requires a person to appear and testify as a witness.,See kohtu korraldus nõuab inimeselt tunnistajana kohtusse ilmumist ja ütluste andmist.,Subpoena,Kohtukutse,,,"A subpoena ad testificandum, also called a witness summons, compels a person to appear and testify before a court or other authority.",Kohtukutse kohustab inimest kohtu või muu pädeva asutuse ette ilmuma ja tunnistajana ütlusi andma.,Subpoena — Wikipedia,https://en.wikipedia.org/wiki/Subpoena,CC-BY-SA-4.0,2026-08-28,reviewed,true
built-in-adult-clue-0244,built-in-adult,Adult (Mature) / Täiskasvanutele,built-in-adult-set-049,board,round-one,4,medium,censorship-obscenity-law,Courtroom Words in Plain English,Kohtusõnad lihtsas keeles,Disobeying a judge or disrupting proceedings can lead to this finding.,Kohtuniku eiramine või menetluse häirimine võib viia selle rikkumiseni.,Contempt of court,Kohtu autoriteedi eiramine,Disrespect of court,Lugupidamatus kohtu vastu,"Contempt of court covers conduct that disobeys a court order or shows serious disrespect for the court, including deliberate disruption of proceedings.","Kohtu autoriteedi eiramine hõlmab kohtu korraldusele allumatust või kohtu vastu tõsise lugupidamatuse näitamist, sealhulgas menetluse tahtlikku häirimist.",Contempt of court — Wikipedia,https://en.wikipedia.org/wiki/Contempt_of_court,CC-BY-SA-4.0,2026-08-28,reviewed,true
built-in-adult-clue-0245,built-in-adult,Adult (Mature) / Täiskasvanutele,built-in-adult-set-049,board,round-one,5,medium,censorship-obscenity-law,Courtroom Words in Plain English,Kohtusõnad lihtsas keeles,"Latin for 'friend of the court,' this filing offers information from someone outside the case.","Ladina keeles „kohtu sõber“ on see dokument, millega menetlusväline isik annab kohtule teavet.",Amicus brief,Amicus curiae arvamus,Friend-of-the-court brief,Kohtusõbra arvamus,"An amicus curiae (lit. 'friend of the court'; pl. amici curiae) is an individual or organization that is not a party to a legal case, but that is permitted to assist a court by offering information, expertise, or insight that has a bearing on the issues in the case. Whether an amicus brief will be considered is typically under the court's discretion.","Amicus curiae arvamus on kohtuasja välise isiku või organisatsiooni kirjalik seisukoht, mis annab kohtule asjakohast teavet või eriteadmisi.",Amicus brief — Wikipedia,https://en.wikipedia.org/wiki/Amicus_curiae,CC-BY-SA-4.0,2026-08-28,reviewed,true
built-in-adult-clue-0246,built-in-adult,Adult (Mature) / Täiskasvanutele,built-in-adult-set-050,board,round-one,1,medium,censorship-obscenity-law,Who Decides What We See?,"Kes otsustab, mida me näeme?","Before publication, this newsroom worker verifies names, dates, quotations, and other claims in a story.","Enne avaldamist kontrollib see uudistetoimetuse töötaja loos olevaid nimesid, kuupäevi, tsitaate ja muid väiteid.",Fact-checker,Faktikontrollija,,,"A fact-checker verifies factual claims in text prepared for publication, including names, dates, and quotations.","Faktikontrollija kontrollib avaldamiseks ettevalmistatud teksti väiteid, sealhulgas nimesid, kuupäevi ja tsitaate.",Fact-checking — Wikipedia,https://en.wikipedia.org/wiki/Fact-checking,CC-BY-SA-4.0,2026-08-28,reviewed,true
built-in-adult-clue-0247,built-in-adult,Adult (Mature) / Täiskasvanutele,built-in-adult-set-050,board,round-one,2,medium,censorship-obscenity-law,Who Decides What We See?,"Kes otsustab, mida me näeme?","Watching a movie for violence, language, and other content precedes this process of assigning its audience age label.","Filmi vägivalla, keelekasutuse ja muu sisu hindamisele järgneb see vaatajatele vanusemärgise määramise protsess.",Film classification,Filmide klassifitseerimine,,,Film classification evaluates a film's content and assigns an age label or certificate describing its suitability for audiences.,"Filmide klassifitseerimisel hinnatakse filmi sisu ning määratakse vanusemärgis või tunnistus, mis kirjeldab teose sobivust vaatajatele.",Motion picture content rating system — Wikipedia,https://en.wikipedia.org/wiki/Motion_picture_content_rating_system,CC-BY-SA-4.0,2026-08-28,reviewed,true
built-in-adult-clue-0248,built-in-adult,Adult (Mature) / Täiskasvanutele,built-in-adult-set-050,board,round-one,3,medium,censorship-obscenity-law,Who Decides What We See?,"Kes otsustab, mida me näeme?",This professional selects and interprets objects for an exhibition.,See spetsialist valib näitusele esemeid ja tõlgendab neid.,Museum curator,Muuseumikuraator,,,A museum curator selects objects for an exhibition and develops the interpretation that connects them for visitors.,Muuseumikuraator valib näitusele esemed ja loob neid külastajale seostava tõlgenduse.,Museum curator — Wikipedia,https://en.wikipedia.org/wiki/Curator,CC-BY-SA-4.0,2026-08-28,reviewed,true
built-in-adult-clue-0249,built-in-adult,Adult (Mature) / Täiskasvanutele,built-in-adult-set-050,board,round-one,4,medium,censorship-obscenity-law,Who Decides What We See?,"Kes otsustab, mida me näeme?",A streaming platform may use this step-by-step computer process to recommend your next show.,Voogedastusplatvorm võib kasutada seda samm-sammulist arvutiprotsessi järgmise sarja soovitamiseks.,Algorithm,Algoritm,,,A streaming recommendation algorithm applies a defined sequence of calculations to viewing and preference data to suggest another program.,"Voogedastuse soovitusalgoritm rakendab vaatamis- ja eelistusandmetele kindlat arvutussammude jada, et pakkuda järgmist saadet.",Recommender system — Wikipedia,https://en.wikipedia.org/wiki/Recommender_system,CC-BY-SA-4.0,2026-08-28,reviewed,true
built-in-adult-clue-0250,built-in-adult,Adult (Mature) / Täiskasvanutele,built-in-adult-set-050,board,round-one,5,medium,censorship-obscenity-law,Who Decides What We See?,"Kes otsustab, mida me näeme?","At a U.S. television network, this department reviews programs for legal, ethical, and taste concerns.","USA telekanalis kontrollib see osakond saateid õiguslike, eetiliste ja maitseküsimuste tõttu.",Standards and practices,Standardite ja tavade osakond,,,"In the United States, Standards and Practices (also referred to as Broadcast Standards and Practices or BS&P for short) is the name traditionally given to the department at a television network which is responsible for the moral, ethical, and legal implications of the program that the network airs.","USA telekanali standardite ja tavade osakond hindab saadete õiguslikke, eetilisi ja hea maitsega seotud küsimusi enne eetrisse jõudmist.",Standards and practices — Wikipedia,https://en.wikipedia.org/wiki/Broadcast_Standards_and_Practices,CC-BY-SA-4.0,2026-08-28,reviewed,true
built-in-adult-clue-0251,built-in-adult,Adult (Mature) / Täiskasvanutele,built-in-adult-set-051,board,round-two,1,medium,erotic-art-literature-film-history,Famous Figures in Art,Kuulsad figuurid kunstis,Botticelli painted Venus arriving on a giant shell in this Renaissance work.,Botticelli maalis selles renessansiteoses Veenuse saabumas hiiglaslikul merekarbil.,The Birth of Venus,Veenuse sünd,,,"Sandro Botticelli painted The Birth of Venus in the 1480s, showing the goddess Venus arriving at shore on a giant shell.",Sandro Botticelli maalis „Veenuse sünni“ 1480. aastatel; teos kujutab jumalanna Veenust suurel merekarbil kaldale saabumas.,The Birth of Venus — Wikipedia,https://en.wikipedia.org/wiki/The_Birth_of_Venus,CC-BY-SA-4.0,2026-08-28,reviewed,true
built-in-adult-clue-0252,built-in-adult,Adult (Mature) / Täiskasvanutele,built-in-adult-set-051,board,round-two,2,medium,erotic-art-literature-film-history,Famous Figures in Art,Kuulsad figuurid kunstis,This armless ancient Greek statue is displayed in the Louvre.,Seda käteta Vana-Kreeka kuju eksponeeritakse Louvre'is.,Venus de Milo,Milose Venus,,,"The Venus de Milo or Aphrodite of Melos is an ancient Greek marble sculpture that was created during the Hellenistic period. Its exact dating is uncertain, but the modern consensus places it in the 2nd century BC, perhaps between 160 and 110 BC. It was discovered in 1820 on the island of Milos, Greece, and has been displayed at the Louvre Museum since 1821.","Venus de Milo ehk Melose Aphrodite on Vana-Kreeka marmorskulptuur, mis loodi hellenistlikul perioodil. Selle täpne dateerimine on ebakindel, kuid tänapäevane konsensus paigutab selle 2. sajandisse eKr, võib-olla vahemikku 160–110 eKr. See avastati 1820. aastal Kreekas Milose saarelt ja seda on Louvre'i muuseumis eksponeeritud alates 1821. aastast.",Venus de Milo — Wikipedia,https://en.wikipedia.org/wiki/Venus_de_Milo,CC-BY-SA-4.0,2026-08-28,reviewed,true
built-in-adult-clue-0253,built-in-adult,Adult (Mature) / Täiskasvanutele,built-in-adult-set-051,board,round-two,3,medium,erotic-art-literature-film-history,Famous Figures in Art,Kuulsad figuurid kunstis,Jeff Koons made this giant mirror-bright sculpture resemble a party balloon animal.,Jeff Koons kujundas selle hiiglasliku peegelläikelise skulptuuri peo õhupallilooma sarnaseks.,Balloon Dog,Õhupallikoer,,,Balloon Dog is Jeff Koons's monumental stainless-steel sculpture shaped like a balloon animal.,"„Õhupallikoer“ on Jeff Koonsi monumentaalne roostevabast terasest skulptuur, mis meenutab õhupallilooma.",Balloon Dog — Wikipedia,https://en.wikipedia.org/wiki/Balloon_Dog,CC-BY-SA-4.0,2026-08-28,reviewed,true
built-in-adult-clue-0254,built-in-adult,Adult (Mature) / Täiskasvanutele,built-in-adult-set-051,board,round-two,4,medium,erotic-art-literature-film-history,Famous Figures in Art,Kuulsad figuurid kunstis,Leonardo drew this man in a circle and square to study human proportions.,"Leonardo joonistas selle mehe ringi ja ruudu sisse, et uurida inimkeha proportsioone.",Vitruvian Man,Vitruviuse mees,,,"Leonardo da Vinci drew Vitruvian Man around 1490, showing a man in two superimposed positions within a circle and a square.","Leonardo da Vinci joonistas „Vitruviuse inimese“ umbes 1490. aastal, kujutades meest kahes kattuvas asendis ringi ja ruudu sees.",Vitruvian Man — Wikipedia,https://en.wikipedia.org/wiki/Vitruvian_Man,CC-BY-SA-4.0,2026-08-28,reviewed,true
built-in-adult-clue-0255,built-in-adult,Adult (Mature) / Täiskasvanutele,built-in-adult-set-051,board,round-two,5,medium,erotic-art-literature-film-history,Famous Figures in Art,Kuulsad figuurid kunstis,This ancient Greek statue freezes an athlete just before he releases a discus.,See Vana-Kreeka kuju jäädvustab sportlase hetke enne ketta heitmist.,Discobolus,Kettaheitja,,,"The Discobolus by Myron (""discus thrower"", Greek: Δισκοβόλος, Diskobólos) is an ancient Greek sculpture completed at the start of the Classical period in around 460–450 BC that depicts an ancient Greek athlete throwing a discus.","Myroni Discobolus (""kettaheitja"", kreeka keeles: Δισκοβόλος, Diskobólos) on Vana-Kreeka skulptuur, mis valmis klassikalise perioodi alguses umbes aastatel 460–450 eKr ja mis kujutab Vana-Kreeka sportlast ketast viskamas.",Discobolus — Wikipedia,https://en.wikipedia.org/wiki/Discobolus,CC-BY-SA-4.0,2026-08-28,reviewed,true
built-in-adult-clue-0256,built-in-adult,Adult (Mature) / Täiskasvanutele,built-in-adult-set-052,board,round-two,1,medium,erotic-art-literature-film-history,Famous Pairs and Symbols in Art,Kuulsad paarid ja sümbolid kunstis,"Robert Indiana stacked two pairs of letters, tilting the O, in this famous sculpture design.",Robert Indiana ladus selles kuulsas skulptuurikujunduses kaks tähepaari üksteise peale ja kallutas O-tähte.,LOVE,LOVE,,,LOVE is Robert Indiana's four-letter image and sculpture design with a tilted O.,"LOVE on Robert Indiana neljatäheline kujundus ja skulptuur, mille O-täht on kallutatud.",LOVE (sculpture) — Wikipedia,https://en.wikipedia.org/wiki/LOVE_(sculpture),CC-BY-SA-4.0,2026-08-28,reviewed,true
built-in-adult-clue-0257,built-in-adult,Adult (Mature) / Täiskasvanutele,built-in-adult-set-052,board,round-two,2,medium,erotic-art-literature-film-history,Famous Pairs and Symbols in Art,Kuulsad paarid ja sümbolid kunstis,A pitchfork-holding farmer stands beside a woman in Grant Wood's famous painting.,Grant Woodi kuulsal maalil seisab hanguga talunik naise kõrval.,American Gothic,Ameerika gootika,,,"Grant Wood painted American Gothic in 1930 in the American Regionalist style. The figures stand before a Carpenter Gothic house, and Wood painted the work in oil on beaverboard.",Grant Wood maalis „American Gothicu“ 1930. aastal ameerika regionalistlikus stiilis. Kujutatud inimesed seisavad Carpenteri gooti stiilis maja ees ning teos on maalitud õlivärvidega puitkiudplaadile.,American Gothic — Wikipedia,https://en.wikipedia.org/wiki/American_Gothic,CC-BY-SA-4.0,2026-08-28,reviewed,true
built-in-adult-clue-0258,built-in-adult,Adult (Mature) / Täiskasvanutele,built-in-adult-set-052,board,round-two,3,medium,erotic-art-literature-film-history,Famous Pairs and Symbols in Art,Kuulsad paarid ja sümbolid kunstis,Gold leaf shimmers around an embracing couple in this Gustav Klimt painting.,Kuldleht särab embava paari ümber sellel Gustav Klimti maalil.,The Kiss,Suudlus,,,"The Kiss (German: Der Kuss) is an oil-on-canvas painting with added gold leaf, silver and platinum by the Austrian Symbolist painter Gustav Klimt. It was painted at some point in 1907 and 1908, during the height of what scholars call his ""Golden Period"".","Suudlus (saksa keeles Der Kuss) on Austria sümbolisti maalikunstniku Gustav Klimti õlimaal lõuendil, millele on lisatud lehtkulda, hõbedat ja plaatinat. See maaliti mingil ajal aastatel 1907 ja 1908, selle kõrgajal, mida teadlased nimetavad tema ""kuldseks perioodiks"".",The Kiss — Wikipedia,https://en.wikipedia.org/wiki/The_Kiss_(Klimt),CC-BY-SA-4.0,2026-08-28,reviewed,true
built-in-adult-clue-0259,built-in-adult,Adult (Mature) / Täiskasvanutele,built-in-adult-set-052,board,round-two,4,medium,erotic-art-literature-film-history,Famous Pairs and Symbols in Art,Kuulsad paarid ja sümbolid kunstis,René Magritte hid a kissing couple's faces beneath white cloth in this surreal painting.,René Magritte peitis selle sürrealistliku maali suudleva paari näod valge riide alla.,The Lovers,Armastajad,,,René Magritte painted The Lovers in 1928. It shows two people kissing while white cloth covers both faces.,"René Magritte maalis „Armastajad“ 1928. aastal. Teos kujutab suudlevat paari, kelle mõlema nägu katab valge riie.",The Lovers — Wikipedia,https://en.wikipedia.org/wiki/The_Lovers_(Magritte),CC-BY-SA-4.0,2026-08-28,reviewed,true
built-in-adult-clue-0260,built-in-adult,Adult (Mature) / Täiskasvanutele,built-in-adult-set-052,board,round-two,5,medium,erotic-art-literature-film-history,Famous Pairs and Symbols in Art,Kuulsad paarid ja sümbolid kunstis,Rodin sculpted an embracing couple under this seasonal title.,Rodin kujutas embavat paari selle aastaajale viitava pealkirja all.,Eternal Springtime,Igavene kevad,,,"Eternal Springtime (French: L'Éternel Printemps) is a c. 1884 sculpture by the French artist Auguste Rodin, depicting a pair of lovers.","„Igavene kevad“ on Auguste Rodini umbes 1884. aastal valminud skulptuur, mis kujutab embavat armastajapaari.",Eternal Springtime — Wikipedia,https://en.wikipedia.org/wiki/Eternal_Springtime,CC-BY-SA-4.0,2026-08-28,reviewed,true
built-in-adult-clue-0261,built-in-adult,Adult (Mature) / Täiskasvanutele,built-in-adult-set-053,board,round-two,1,medium,erotic-art-literature-film-history,Myths of Love and Desire,Armastuse ja iha müüdid,This Roman love god carries a bow and arrows.,See Rooma armastusjumal kannab vibu ja nooli.,Cupid,Cupido,,,"In classical mythology, Cupid (Latin: Cupīdō, meaning ""passionate desire"") is the god of desire, erotic love, attraction and affection.",Amor (ladina keeles 'armastus') on vanarooma mütoloogias armastusjumal.,Cupid — Wikipedia,https://en.wikipedia.org/wiki/Cupid,CC-BY-SA-4.0,2026-08-28,reviewed,true
built-in-adult-clue-0262,built-in-adult,Adult (Mature) / Täiskasvanutele,built-in-adult-set-053,board,round-two,2,medium,erotic-art-literature-film-history,Myths of Love and Desire,Armastuse ja iha müüdid,This Greek goddess of love was said to rise from sea foam.,See Kreeka armastusjumalanna olevat tõusnud merevahust.,Aphrodite,Aphrodite,,,Aphrodite is the Greek goddess of love and beauty; one tradition says she arose from sea foam.,Aphrodite on Kreeka armastuse ja ilu jumalanna; ühe pärimuse järgi sündis ta merevahust.,Aphrodite — Wikipedia,https://en.wikipedia.org/wiki/Aphrodite,CC-BY-SA-4.0,2026-08-28,reviewed,true
built-in-adult-clue-0263,built-in-adult,Adult (Mature) / Täiskasvanutele,built-in-adult-set-053,board,round-two,3,medium,erotic-art-literature-film-history,Myths of Love and Desire,Armastuse ja iha müüdid,Her face was said to launch a thousand ships in the Trojan War.,Tema nägu olevat Trooja sõjas vette saatnud tuhat laeva.,Helen of Troy,Trooja Helena,,,Helen of Troy was famed in Greek myth for extraordinary beauty; her abduction or elopement helped trigger the Trojan War and inspired the phrase about a face that launched a thousand ships.,"Trooja Helena oli Kreeka mütoloogias erakordse ilu poolest kuulus. Tema röövimine või põgenemine aitas vallandada Trooja sõja ning inspireeris väljendit näost, mis saatis teele tuhat laeva.",Helen of Troy — Wikipedia,https://en.wikipedia.org/wiki/Helen_of_Troy,CC-BY-SA-4.0,2026-08-28,reviewed,true
built-in-adult-clue-0264,built-in-adult,Adult (Mature) / Täiskasvanutele,built-in-adult-set-053,board,round-two,4,medium,erotic-art-literature-film-history,Myths of Love and Desire,Armastuse ja iha müüdid,This mythic youth fell in love with his own reflection and inspired a psychology term.,See müütiline noormees armus oma peegelpilti ja andis nime psühholoogiaterminile.,Narcissus,Narkissos,,,"In Greek myth, Narcissus became absorbed by his own reflection. His name gave rise to the psychology term narcissism.",Kreeka müüdis armus Narkissos oma peegelpilti. Tema nimest pärineb psühholoogiatermin „nartsissism“.,Narcissus — Wikipedia,https://en.wikipedia.org/wiki/Narcissus_(mythology),CC-BY-SA-4.0,2026-08-28,reviewed,true
built-in-adult-clue-0265,built-in-adult,Adult (Mature) / Täiskasvanutele,built-in-adult-set-053,board,round-two,5,medium,erotic-art-literature-film-history,Myths of Love and Desire,Armastuse ja iha müüdid,This beautiful youth loved by Aphrodite gave English a word for a handsome man.,See Aphrodite armastatud kaunis noormees andis inglise keelde sõna nägusa mehe kohta.,Adonis,Adonis,,,"Adonis was a beautiful mortal youth loved by Aphrodite in Greek myth; in English, an adonis can mean a very handsome young man.","Adonis oli Kreeka mütoloogias kaunis surelik noormees, keda armastas Aphrodite. Inglise keeles võib adonis tähendada väga nägusat noormeest.",Adonis — Wikipedia,https://en.wikipedia.org/wiki/Adonis,CC-BY-SA-4.0,2026-08-28,reviewed,true
built-in-adult-clue-0266,built-in-adult,Adult (Mature) / Täiskasvanutele,built-in-adult-set-054,board,round-two,1,medium,erotic-art-literature-film-history,Books That Raised Eyebrows,Kulme kergitanud raamatud,Anastasia Steele and Christian Grey lead this bestselling novel.,Anastasia Steele ja Christian Grey on selle menukiromaani peategelased.,Fifty Shades of Grey,Viiskümmend halli varjundit,,,"Fifty Shades of Grey is a 2011 erotic romance novel by British author E. L. James. It became the first installment in the Fifty Shades novel series that follows the deepening relationship between a college graduate, Anastasia Steele, and a young business magnate, Christian Grey.","Viiskümmend halli varjundit on Briti kirjaniku E. L. Jamesi 2011. aastal ilmunud erootiline armastusromaan. Sellest sai esimene osa Fifty Shadesi romaanisarjas, mis jälgib kolledži lõpetaja Anastasia Steele'i ja noore ärimagnaadi Christian Grey süvenevat suhet.",Fifty Shades of Grey — Wikipedia,https://en.wikipedia.org/wiki/Fifty_Shades_of_Grey,CC-BY-SA-4.0,2026-08-28,reviewed,true
built-in-adult-clue-0267,built-in-adult,Adult (Mature) / Täiskasvanutele,built-in-adult-set-054,board,round-two,2,medium,erotic-art-literature-film-history,Books That Raised Eyebrows,Kulme kergitanud raamatud,Humbert Humbert narrates this controversial Vladimir Nabokov novel.,Humbert Humbert jutustab seda vastuolulist Vladimir Nabokovi romaani.,Lolita,Lolita,,,Lolita is Vladimir Nabokov's novel narrated by the fictional Humbert Humbert.,"„Lolita“ on Vladimir Nabokovi romaan, mille jutustaja on väljamõeldud Humbert Humbert.",Lolita — Wikipedia,https://en.wikipedia.org/wiki/Lolita,CC-BY-SA-4.0,2026-08-28,reviewed,true
built-in-adult-clue-0268,built-in-adult,Adult (Mature) / Täiskasvanutele,built-in-adult-set-054,board,round-two,3,medium,erotic-art-literature-film-history,Books That Raised Eyebrows,Kulme kergitanud raamatud,Pilgrims tell earthy stories while traveling to an English shrine in this Chaucer work.,Palverändurid jutustavad Chauceri teoses teel Inglise pühamusse mahlakaid lugusid.,The Canterbury Tales,Canterbury lood,,,Geoffrey Chaucer's The Canterbury Tales collects 24 stories told by pilgrims traveling from London to Saint Thomas Becket's shrine at Canterbury Cathedral.,"Geoffrey Chauceri „Canterbury lood“ koondab 24 lugu, mida Londonist Canterbury katedraali püha Thomas Becketi hauale rändavad palverändurid jutustavad omavahelisel jutuvõistlusel.",The Canterbury Tales — Wikipedia,https://en.wikipedia.org/wiki/The_Canterbury_Tales,CC-BY-SA-4.0,2026-08-28,reviewed,true
built-in-adult-clue-0269,built-in-adult,Adult (Mature) / Täiskasvanutele,built-in-adult-set-054,board,round-two,4,medium,erotic-art-literature-film-history,Books That Raised Eyebrows,Kulme kergitanud raamatud,Boccaccio's storytellers pass time during the Black Death in this Italian collection.,Noored firenzelased jutustavad Musta surma ajal sada lugu selles Boccaccio teose kogumikus.,The Decameron,Dekameron,,,Giovanni Boccaccio's 14th-century Decameron collects 100 stories told by 10 young Florentines sheltering from the plague.,"Giovanni Boccaccio 14. sajandi „Dekameron“ koondab 100 lugu, mida jutustavad katku eest varjuvad 10 noort firenzelast.",The Decameron — Wikipedia,https://en.wikipedia.org/wiki/The_Decameron,CC-BY-SA-4.0,2026-08-28,reviewed,true
built-in-adult-clue-0270,built-in-adult,Adult (Mature) / Täiskasvanutele,built-in-adult-set-054,board,round-two,5,medium,erotic-art-literature-film-history,Books That Raised Eyebrows,Kulme kergitanud raamatud,Letters reveal the schemes of Valmont and the Marquise de Merteuil in this French novel.,Kirjad paljastavad Valmonti ja markii de Merteuil' sepitsused selles Prantsuse romaanis.,Dangerous Liaisons,Ohtlikud suhted,,,Pierre Choderlos de Laclos's 1782 epistolary novel Dangerous Liaisons depicts the manipulative schemes of Valmont and the Marquise de Merteuil.,Pierre Choderlos de Laclos' 1782. aasta kiriromaan „Ohtlikud suhted“ kujutab Valmonti ja markii de Merteuil' manipuleerivaid sepitsusi.,Dangerous Liaisons — Wikipedia,https://en.wikipedia.org/wiki/Les_Liaisons_dangereuses,CC-BY-SA-4.0,2026-08-28,reviewed,true
built-in-adult-clue-0271,built-in-adult,Adult (Mature) / Täiskasvanutele,built-in-adult-set-055,board,round-two,1,medium,erotic-art-literature-film-history,Art Movements with Feeling,Tundelised kunstivoolud,Monet and Renoir used visible brushstrokes to capture changing light in this movement.,Monet ja Renoir kasutasid selles kunstivoolus muutuva valguse tabamiseks nähtavaid pintslitõmbeid.,Impressionism,Impressionism,,,"Impressionism was a 19th-century art movement characterised by visible brush strokes, open composition, emphasis on accurate depiction of light in its changing qualities (often accentuating the effects of the passage of time), ordinary subject matter, unusual visual angles, and inclusion of movement as a crucial element of human perception and experience.","Impressionism oli 19. sajandi kunstisuund, mida iseloomustasid nähtavad pintslitõmbed, avatud kompositsioon, rõhuasetus valguse täpsele kujutamisele selle muutuvates omadustes (sageli rõhutades aja kulgemise mõju), tavaline teema, ebatavalised visuaalsed nurgad ning liikumise kaasamine inimese taju ja kogemuse olulise elemendina.",Impressionism — Wikipedia,https://en.wikipedia.org/wiki/Impressionism,CC-BY-SA-4.0,2026-08-28,reviewed,true
built-in-adult-clue-0272,built-in-adult,Adult (Mature) / Täiskasvanutele,built-in-adult-set-055,board,round-two,2,medium,erotic-art-literature-film-history,Art Movements with Feeling,Tundelised kunstivoolud,"This movement prized emotion, nature, and imagination over strict reason.","See kunstivool väärtustas range mõistuse asemel tundeid, loodust ja kujutlusvõimet.",Romanticism,Romantism,,,"Romanticism (also known as the Romantic movement or Romantic era) was an artistic and intellectual movement that originated in Europe towards the end of the 18th century. The purpose of the movement was to advocate for the importance of subjectivity, imagination, and appreciation of nature in society and culture in response to the Age of Enlightenment and the Industrial Revolution.","Romantism (tuntud ka kui romantiline liikumine või romantismi ajastu) oli kunstiline ja intellektuaalne liikumine, mis sai alguse Euroopas 18. sajandi lõpus. Liikumise eesmärk oli valgustusajastule ja tööstusrevolutsioonile reageerides propageerida subjektiivsuse, kujutlusvõime ja looduse väärtustamise tähtsust ühiskonnas ja kultuuris.",Romanticism — Wikipedia,https://en.wikipedia.org/wiki/Romanticism,CC-BY-SA-4.0,2026-08-28,reviewed,true
built-in-adult-clue-0273,built-in-adult,Adult (Mature) / Täiskasvanutele,built-in-adult-set-055,board,round-two,3,medium,erotic-art-literature-film-history,Art Movements with Feeling,Tundelised kunstivoolud,Flowing plant-like lines characterize this decorative style around 1900.,Seda 1900. aasta paiku levinud dekoratiivstiili iseloomustavad voolavad taimemotiivid.,Art Nouveau,Juugend,,,"Art Nouveau was an international decorative style around 1900, recognized for flowing lines and forms inspired by plants and flowers.","Juugend oli 1900. aasta paiku levinud rahvusvaheline dekoratiivstiil, mida iseloomustavad voolavad jooned ning taimedest ja lilledest inspireeritud vormid.",Art Nouveau — Wikipedia,https://en.wikipedia.org/wiki/Art_Nouveau,CC-BY-SA-4.0,2026-08-28,reviewed,true
built-in-adult-clue-0274,built-in-adult,Adult (Mature) / Täiskasvanutele,built-in-adult-set-055,board,round-two,4,medium,erotic-art-literature-film-history,Art Movements with Feeling,Tundelised kunstivoolud,Henri Matisse and André Derain used intense non-natural colors in this early modern movement.,"Henri Matisse ja André Derain kasutasid selles varauusaegses kunstivoolus erksaid, ebaloomulikke värve.",Fauvism,Fovism,,,"Fauvism was an early twentieth-century art movement associated with Henri Matisse, André Derain, and bold non-natural color.","Fovism oli kahekümnenda sajandi alguse kunstivool, mida seostatakse Henri Matisse'i, André Deraini ja julgete ebaloomulike värvidega.",Fauvism — Wikipedia,https://en.wikipedia.org/wiki/Fauvism,CC-BY-SA-4.0,2026-08-28,reviewed,true
built-in-adult-clue-0275,built-in-adult,Adult (Mature) / Täiskasvanutele,built-in-adult-set-055,board,round-two,5,medium,erotic-art-literature-film-history,Art Movements with Feeling,Tundelised kunstivoolud,Rossetti and Millais belonged to this British group that looked back before Raphael.,"Rossetti ja Millais kuulusid sellesse Briti rühma, mis vaatas Raphaeli-eelsesse aega.",Pre-Raphaelite Brotherhood,Prerafaeliitide vennaskond,,,The Pre-Raphaelite Brotherhood was founded in 1848 by seven artists and writers who sought detailed color and composition inspired by art before Raphael.,"Prerafaeliitide vennaskonna asutasid 1848. aastal seitse kunstnikku ja kirjanikku, kes taotlesid Raffaeli-eelsest kunstist inspireeritud detailirohket värvi- ja kompositsioonikäsitlust.",Pre-Raphaelite Brotherhood — Wikipedia,https://en.wikipedia.org/wiki/Pre-Raphaelite_Brotherhood,CC-BY-SA-4.0,2026-08-28,reviewed,true
built-in-adult-clue-0276,built-in-adult,Adult (Mature) / Täiskasvanutele,built-in-adult-set-056,board,round-two,1,medium,erotic-art-literature-film-history,Photographs Everyone Knows,"Fotod, mida kõik tunnevad",A white dress billows above a subway grate in a famous image of this star.,Selle staari kuulsal fotol kerkib valge kleit metroovõre kohal.,Marilyn Monroe,Marilyn Monroe,,,The famous white-dress image comes from a scene in the 1955 film The Seven Year Itch in which a subway draft lifts Marilyn Monroe's skirt above a Manhattan grate.,"Kuulus valge kleidi foto pärineb 1955. aasta filmi „The Seven Year Itch“ stseenist, kus metroorongi õhuvool kergitab Marilyn Monroe seelikut Manhattani tänavaresti kohal.",White dress of Marilyn Monroe — Wikipedia,https://en.wikipedia.org/wiki/White_dress_of_Marilyn_Monroe,CC-BY-SA-4.0,2026-08-28,reviewed,true
built-in-adult-clue-0277,built-in-adult,Adult (Mature) / Täiskasvanutele,built-in-adult-set-056,board,round-two,2,medium,erotic-art-literature-film-history,Photographs Everyone Knows,"Fotod, mida kõik tunnevad",Apollo 8 photographed our blue planet above the Moon's horizon in this 1968 image.,Apollo 8 pildistas 1968. aastal meie sinist planeeti Kuu horisondi kohal.,Earthrise,Maatõus,,,"Earthrise is a photograph of Earth taken from lunar orbit by astronaut William Anders on December 24, 1968, during the Apollo 8 mission. Nature photographer Galen Rowell described it as ""the most influential environmental photograph ever taken"".","Earthrise on foto Maast, mille astronaut William Anders tegi 24. detsembril 1968 Apollo 8 missiooni ajal Kuu orbiidilt. Loodusfotograaf Galen Rowell kirjeldas seda kui ""kõige mõjukamat keskkonnafotot, mis kunagi tehtud"".",Earthrise — Wikipedia,https://en.wikipedia.org/wiki/Earthrise,CC-BY-SA-4.0,2026-08-28,reviewed,true
built-in-adult-clue-0278,built-in-adult,Adult (Mature) / Täiskasvanutele,built-in-adult-set-056,board,round-two,3,medium,erotic-art-literature-film-history,Photographs Everyone Knows,"Fotod, mida kõik tunnevad",Eleven workers eat on a steel beam high above Manhattan in this 1932 photo.,Üksteist töölist söövad sellel 1932. aasta fotol Manhattani kohal terastalal.,Lunch atop a Skyscraper,Lõuna pilvelõhkuja tipus,,,"Lunch atop a Skyscraper is a black-and-white photograph taken on September 20, 1932, of eleven ironworkers sitting on a steel beam of the RCA Building, 850 feet (260 meters) above the ground during the construction of Rockefeller Center in Manhattan, New York City. It was a staged photograph arranged as a publicity stunt, part of a campaign promoting the skyscraper.","Lõunasöök pilvelõhkuja tipus on mustvalge foto, mis on tehtud 20. septembril 1932 üheteistkümnest rauatöölisest, kes istuvad RCA hoone terastalal, 850 jala (260 meetri) kõrgusel maapinnast Rockefelleri keskuse ehitamise ajal Manhattanil, New Yorgis. See oli lavastatud foto, mis oli korraldatud reklaamitrikiks, osa pilvelõhkujat propageerivast kampaaniast.",Lunch atop a Skyscraper — Wikipedia,https://en.wikipedia.org/wiki/Lunch_atop_a_Skyscraper,CC-BY-SA-4.0,2026-08-28,reviewed,true
built-in-adult-clue-0279,built-in-adult,Adult (Mature) / Täiskasvanutele,built-in-adult-set-056,board,round-two,4,medium,erotic-art-literature-film-history,Photographs Everyone Knows,"Fotod, mida kõik tunnevad",Green eyes stare from the 1985 National Geographic cover known by this title.,"Rohelised silmad vaatavad 1985. aasta National Geographicu kaanelt, mida tuntakse selle nime all.",Afghan Girl,Afgaani tüdruk,,,"Afghan Girl is a 1984 photographic portrait of Sharbat Gula, an Afghan refugee in Pakistan during the Soviet–Afghan War. The photograph, taken by American photojournalist Steve McCurry near the Pakistani city of Peshawar, appeared on the June 1985 cover of National Geographic.","Afghan Girl on 1984. aasta fotoportree Sharbat Gulast, kes oli Pakistanis Nõukogude-Afganistani sõja ajal Afganistani põgenik. Foto, mille tegi Ameerika fotoajakirjanik Steve McCurry Pakistani Peshawari linna lähedal, ilmus 1985. aasta juuni National Geographicu kaanel.",Afghan Girl — Wikipedia,https://en.wikipedia.org/wiki/Afghan_Girl,CC-BY-SA-4.0,2026-08-28,reviewed,true
built-in-adult-clue-0280,built-in-adult,Adult (Mature) / Täiskasvanutele,built-in-adult-set-056,board,round-two,5,medium,erotic-art-literature-film-history,Photographs Everyone Knows,"Fotod, mida kõik tunnevad",A sailor kisses a woman in white in this 1945 celebration photograph.,Meremees suudleb valges riietatud naist sellel 1945. aasta pidustusfotol.,V-J Day in Times Square,V-J päev Times Square'il,,,"V-J Day in Times Square is a photograph by Alfred Eisenstaedt that portrays a U.S. Navy sailor kissing a total stranger after grabbing her on Victory over Japan Day (""V-J Day"") in New York City's Times Square on August 14, 1945.",Alfred Eisenstaedti foto „V-J Day in Times Square“ jäädvustas 14. augustil 1945 Times Square'il mereväelase suudlemas valges riietatud naist.,V-J Day in Times Square — Wikipedia,https://en.wikipedia.org/wiki/V-J_Day_in_Times_Square,CC-BY-SA-4.0,2026-08-28,reviewed,true
built-in-adult-clue-0281,built-in-adult,Adult (Mature) / Täiskasvanutele,built-in-adult-set-057,board,round-two,1,medium,erotic-art-literature-film-history,Love on Stage,Armastus laval,ABBA songs tell the story of Sophie and her three possible fathers in this jukebox musical.,ABBA laulud jutustavad selles jukebox-muusikalis Sophie ja tema kolme võimaliku isa loo.,Mamma Mia!,Mamma Mia!,,,Mamma Mia! is a jukebox musical built from ABBA songs. Its story follows Sophie as she invites three men who might be her father to her wedding.,"„Mamma Mia!“ on ABBA lauludel põhinev jukebox-muusikal. Sophie kutsub oma pulma kolm meest, kellest igaüks võib olla tema isa.",Mamma Mia! — Wikipedia,https://en.wikipedia.org/wiki/Mamma_Mia!_(musical),CC-BY-SA-4.0,2026-08-28,reviewed,true
built-in-adult-clue-0282,built-in-adult,Adult (Mature) / Täiskasvanutele,built-in-adult-set-057,board,round-two,2,medium,erotic-art-literature-film-history,Love on Stage,Armastus laval,Tony and Maria fall in love amid rival New York gangs in this musical.,Tony ja Maria armuvad selles muusikalis New Yorgi rivaalitsevate jõukude keskel.,West Side Story,West Side Story,,,West Side Story adapts Romeo and Juliet to rival gangs in New York; Tony and Maria fall in love across the conflict between the Jets and Sharks.,„West Side Story“ kohandab „Romeo ja Julia“ loo New Yorgi rivaalitsevate jõukude keskele: Tony ja Maria armuvad Jetsi ja Sharksi konflikti kiuste.,West Side Story — Wikipedia,https://en.wikipedia.org/wiki/West_Side_Story,CC-BY-SA-4.0,2026-08-28,reviewed,true
built-in-adult-clue-0283,built-in-adult,Adult (Mature) / Täiskasvanutele,built-in-adult-set-057,board,round-two,3,medium,erotic-art-literature-film-history,Love on Stage,Armastus laval,A masked musical genius haunts a Paris opera house in this Andrew Lloyd Webber show.,Maskis muusikageenius kummitab selles Andrew Lloyd Webberi lavastuses Pariisi ooperimaja.,The Phantom of the Opera,Ooperifantoom,,,The Phantom of the Opera is a musical by Andrew Lloyd Webber about a masked musical genius who haunts the Paris Opera House and becomes obsessed with singer Christine Daaé.,"Andrew Lloyd Webberi muusikal „Ooperifantoom“ räägib maski kandvast muusikageeniusest, kes varjab end Pariisi ooperimajas ja kiindub lauljanna Christine Daaésse.",The Phantom of the Opera — Wikipedia,https://en.wikipedia.org/wiki/The_Phantom_of_the_Opera_(1986_musical),CC-BY-SA-4.0,2026-08-28,reviewed,true
built-in-adult-clue-0284,built-in-adult,Adult (Mature) / Täiskasvanutele,built-in-adult-set-057,board,round-two,4,medium,erotic-art-literature-film-history,Love on Stage,Armastus laval,Bohemian friends in New York's East Village sing 'Seasons of Love' in this musical.,New Yorgi East Village'i boheemlastest sõbrad laulavad selles muusikalis „Seasons of Love“.,Rent,Rent,,,Rent follows young artists in New York's East Village during the HIV/AIDS crisis and includes the ensemble song 'Seasons of Love.',„Rent“ jälgib HIV/AIDSi kriisi ajal New Yorgi East Village'is elavaid noori kunstnikke ning sisaldab ansamblilaulu „Seasons of Love“.,Rent — Wikipedia,https://en.wikipedia.org/wiki/Rent_(musical),CC-BY-SA-4.0,2026-08-28,reviewed,true
built-in-adult-clue-0285,built-in-adult,Adult (Mature) / Täiskasvanutele,built-in-adult-set-057,board,round-two,5,medium,erotic-art-literature-film-history,Love on Stage,Armastus laval,Orpheus and Eurydice descend into an industrial underworld in this folk-and-jazz musical.,Orpheus ja Eurydike laskuvad selles folgi- ja džässimuusikalis tööstuslikku allilma.,Hadestown,Hadestown,,,"Hadestown is Anaïs Mitchell's musical retelling of the myths of Orpheus, Eurydice, Hades, and Persephone.","Hadestown on Anaïs Mitchelli muusikaline ümberjutustus Orpheuse, Eurydike, Hadese ja Persephone müütidest.",Hadestown — Wikipedia,https://en.wikipedia.org/wiki/Hadestown,CC-BY-SA-4.0,2026-08-28,reviewed,true
built-in-adult-clue-0286,built-in-adult,Adult (Mature) / Täiskasvanutele,built-in-adult-set-058,board,round-two,1,medium,erotic-art-literature-film-history,Classic Screen Chemistry,Klassikaline ekraanikeemia,Ryan Gosling and Rachel McAdams play Noah and Allie in this romantic drama.,Ryan Gosling ja Rachel McAdams mängivad selles romantilises draamas Noah'd ja Alliet.,The Notebook,Päevaraamat,,,The Notebook is a romantic drama film starring Ryan Gosling and Rachel McAdams as Noah and Allie.,„Päevaraamat“ on romantiline draamafilm Ryan Goslingi ja Rachel McAdamsiga Noah' ja Allie rollides.,The Notebook — Wikipedia,https://en.wikipedia.org/wiki/The_Notebook,CC-BY-SA-4.0,2026-08-28,reviewed,true
built-in-adult-clue-0287,built-in-adult,Adult (Mature) / Täiskasvanutele,built-in-adult-set-058,board,round-two,2,medium,erotic-art-literature-film-history,Classic Screen Chemistry,Klassikaline ekraanikeemia,Baby and Johnny practice a lift at a Catskills resort in this 1987 film.,Baby ja Johnny harjutavad selles 1987. aasta filmis Catskillsi kuurordis tõstet.,Dirty Dancing,Dirty Dancing,,,"Dirty Dancing is a 1987 American romantic drama dance film written by Eleanor Bergstein, produced by Linda Gottlieb, and directed by Emile Ardolino. Starring Patrick Swayze and Jennifer Grey, it tells the story of Frances ""Baby"" Houseman (Grey), a young woman who falls in love with dance instructor Johnny Castle (Swayze) while vacationing at a Borscht Belt resort in 1963.","Dirty Dancing on 1987. aasta Ameerika romantiline draama tantsufilm, mille autor on Eleanor Bergstein, produtsent Linda Gottlieb ja režissöör Emile Ardolino. Peaosades Patrick Swayze ja Jennifer Grey, see räägib loo Frances ""Baby"" Housemanist (Grey), noorest naisest, kes armub 1963. aastal Borscht Belti kuurordis puhkamas tantsuõpetajasse Johnny Castle'i (Swayze).",Dirty Dancing — Wikipedia,https://en.wikipedia.org/wiki/Dirty_Dancing,CC-BY-SA-4.0,2026-08-28,reviewed,true
built-in-adult-clue-0288,built-in-adult,Adult (Mature) / Täiskasvanutele,built-in-adult-set-058,board,round-two,3,medium,erotic-art-literature-film-history,Classic Screen Chemistry,Klassikaline ekraanikeemia,Rick tells Ilsa they will always have Paris in this wartime film.,"Rick ütleb Ilsale selles sõjaaegses filmis, et neile jääb alati Pariis.",Casablanca,Casablanca,,,"In Casablanca, Rick and Ilsa are former lovers whose Paris history is recalled in the line “We'll always have Paris.”","Filmis „Casablanca“ on Rick ja Ilsa endised armastajad, kelle Pariisi minevikku meenutab lause „We'll always have Paris“.",Casablanca — Wikipedia,https://en.wikipedia.org/wiki/Casablanca_(film),CC-BY-SA-4.0,2026-08-28,reviewed,true
built-in-adult-clue-0289,built-in-adult,Adult (Mature) / Täiskasvanutele,built-in-adult-set-058,board,round-two,4,medium,erotic-art-literature-film-history,Classic Screen Chemistry,Klassikaline ekraanikeemia,Heath Ledger and Jake Gyllenhaal play two cowboys whose relationship spans years in this film.,"Heath Ledger ja Jake Gyllenhaal mängivad selles filmis kahte kauboid, kelle suhe kestab aastaid.",Brokeback Mountain,Brokeback Mountain,,,Brokeback Mountain stars Heath Ledger and Jake Gyllenhaal as two cowboys whose relationship begins while herding sheep in Wyoming.,"Filmis „Brokeback Mountain“ mängivad Heath Ledger ja Jake Gyllenhaal kahte kauboid, kelle suhe algab Wyomingis lambaid karjatades.",Brokeback Mountain — Wikipedia,https://en.wikipedia.org/wiki/Brokeback_Mountain,CC-BY-SA-4.0,2026-08-28,reviewed,true
built-in-adult-clue-0290,built-in-adult,Adult (Mature) / Täiskasvanutele,built-in-adult-set-058,board,round-two,5,medium,erotic-art-literature-film-history,Classic Screen Chemistry,Klassikaline ekraanikeemia,A New Year's Eve confession follows years of friendship in this romantic comedy.,Selles romantilises komöödias järgneb aastatepikkusele sõprusele uusaastaõhtu armuavaldus.,When Harry Met Sally...,Kui Harry kohtas Sallyt,,,"When Harry Met Sally... follows Harry and Sally from friendship toward romance, culminating in Harry's New Year's Eve declaration.","„When Harry Met Sally...“ jälgib Harry ja Sally teekonda sõprusest armastuseni, mis kulmineerub Harry uusaastaõhtu armastusavaldusega.",When Harry Met Sally... — Wikipedia,https://en.wikipedia.org/wiki/When_Harry_Met_Sally...,CC-BY-SA-4.0,2026-08-28,reviewed,true
built-in-adult-clue-0291,built-in-adult,Adult (Mature) / Täiskasvanutele,built-in-adult-set-059,board,round-two,1,medium,erotic-art-literature-film-history,Literary Couples,Kirjanduspaarid,Pride and Prejudice brings together this witty heroine and proud estate owner.,„Uhkus ja eelarvamus“ viib kokku selle vaimuka kangelanna ja uhke mõisniku.,Elizabeth Bennet and Mr Darcy,Elizabeth Bennet ja härra Darcy,,,"Pride and Prejudice brings together Elizabeth Bennet and the initially proud Fitzwilliam Darcy through misunderstanding, reflection, and changed judgment.","„Uhkus ja eelarvamus“ viib Elizabeth Benneti ja esialgu uhke Fitzwilliam Darcy arusaamatuste, eneseanalüüsi ja muutunud hinnangute kaudu kokku.",Elizabeth Bennet and Mr Darcy — Wikipedia,https://en.wikipedia.org/wiki/Pride_and_Prejudice,CC-BY-SA-4.0,2026-08-28,reviewed,true
built-in-adult-clue-0292,built-in-adult,Adult (Mature) / Täiskasvanutele,built-in-adult-set-059,board,round-two,2,medium,erotic-art-literature-film-history,Literary Couples,Kirjanduspaarid,A green light across the bay symbolizes his longing for her in The Great Gatsby.,Roheline tuli üle lahe sümboliseerib „Suures Gatsbys“ tema igatsust naise järele.,Daisy Buchanan and Jay Gatsby,Daisy Buchanan ja Jay Gatsby,,,"The Great Gatsby  is a 1925 tragedy novel by American writer F. Scott Fitzgerald. Set in the Jazz Age on Long Island, near New York City, the novel depicts first-person narrator Nick Carraway's interactions with Jay Gatsby, a mysterious millionaire obsessed with reuniting with his former lover, Daisy Buchanan.","Suur Gatsby on Ameerika kirjaniku F. Scott Fitzgeraldi 1925. aasta tragöödiaromaan. New Yorgi lähedal Long Islandil džässiajastul aset leidvas romaanis on kujutatud esimeses isikus jutustaja Nick Carraway suhtlemist Jay Gatsbyga, salapärase miljonäriga, kes on kinnisideeks taasühinemisest oma endise väljavalitu Daisy Buchananiga.",Daisy Buchanan and Jay Gatsby — Wikipedia,https://en.wikipedia.org/wiki/The_Great_Gatsby,CC-BY-SA-4.0,2026-08-28,reviewed,true
built-in-adult-clue-0293,built-in-adult,Adult (Mature) / Täiskasvanutele,built-in-adult-set-059,board,round-two,3,medium,erotic-art-literature-film-history,Literary Couples,Kirjanduspaarid,A governess falls for the master of Thornfield Hall in Charlotte Brontë's novel.,Charlotte Brontë romaanis armub guvernant Thornfield Halli isandasse.,Jane Eyre and Mr Rochester,Jane Eyre ja härra Rochester,,,"Jane Eyre and Edward Rochester are the central couple of Charlotte Brontë's Jane Eyre, whose relationship is tested by the secret at Thornfield Hall.","Jane Eyre ja Edward Rochester on Charlotte Brontë romaani „Jane Eyre“ keskne paar, kelle suhet proovile paneb Thornfield Halli saladus.",Jane Eyre and Mr Rochester — Wikipedia,https://en.wikipedia.org/wiki/Jane_Eyre,CC-BY-SA-4.0,2026-08-28,reviewed,true
built-in-adult-clue-0294,built-in-adult,Adult (Mature) / Täiskasvanutele,built-in-adult-set-059,board,round-two,4,medium,erotic-art-literature-film-history,Literary Couples,Kirjanduspaarid,Gone with the Wind follows the stormy relationship of these two Southerners.,„Tuulest viidud“ jälgib nende kahe lõunaosariiklase tormilist suhet.,Scarlett O'Hara and Rhett Butler,Scarlett O'Hara ja Rhett Butler,,,"In Gone with the Wind, Scarlett O'Hara and Rhett Butler form a turbulent relationship during and after the American Civil War.",„Tuulest viidud“ kujutab Scarlett O'Hara ja Rhett Butleri tormilist suhet Ameerika kodusõja ajal ja järel.,Scarlett O'Hara and Rhett Butler — Wikipedia,https://en.wikipedia.org/wiki/Gone_with_the_Wind_(novel),CC-BY-SA-4.0,2026-08-28,reviewed,true
built-in-adult-clue-0295,built-in-adult,Adult (Mature) / Täiskasvanutele,built-in-adult-set-059,board,round-two,5,medium,erotic-art-literature-film-history,Literary Couples,Kirjanduspaarid,The windswept moors frame this doomed pair in Wuthering Heights.,Tuulised nõmmed ümbritsevad seda hukule määratud paari „Vihurimäes“.,Catherine and Heathcliff,Catherine ja Heathcliff,,,"In Emily Brontë's Wuthering Heights, Catherine Earnshaw and the fostered orphan Heathcliff form the novel's central, destructive love relationship across the Yorkshire moors.",Emily Brontë romaanis „Vihurimäe“ moodustavad Catherine Earnshaw ja kasulapsena perre võetud Heathcliff teose keskse hävitava armusuhte Yorkshire'i nõmmedel.,Catherine and Heathcliff — Wikipedia,https://en.wikipedia.org/wiki/Wuthering_Heights,CC-BY-SA-4.0,2026-08-28,reviewed,true
built-in-adult-clue-0296,built-in-adult,Adult (Mature) / Täiskasvanutele,built-in-adult-set-060,board,round-two,1,medium,erotic-art-literature-film-history,Great Art Museums,Suured kunstimuuseumid,New Yorkers often call this Fifth Avenue institution simply 'the Met.',Newyorklased kutsuvad seda Fifth Avenue asutust sageli lihtsalt Metiks.,The Metropolitan Museum of Art,Metropolitani kunstimuuseum,,,"The Metropolitan Museum of Art, colloquially referred to as the Met, is an encyclopedic art museum in New York City.","Metropolitani Kunstimuuseum (inglise keeles Metropolitan Museum of Art, kõnekeeles The Met) on kunstimuuseum New Yorgis Ameerika Ühendriikides.",The Metropolitan Museum of Art — Wikipedia,https://en.wikipedia.org/wiki/Metropolitan_Museum_of_Art,CC-BY-SA-4.0,2026-08-28,reviewed,true
built-in-adult-clue-0297,built-in-adult,Adult (Mature) / Täiskasvanutele,built-in-adult-set-060,board,round-two,2,medium,erotic-art-literature-film-history,Great Art Museums,Suured kunstimuuseumid,Velázquez's Las Meninas is a treasure of this Madrid museum.,Velázquezi „Las Meninas“ on selle Madridi muuseumi aare.,Prado Museum,Prado muuseum,,,The Prado Museum in Madrid holds Diego Velázquez's Las Meninas as one of its defining works.,"Madridi Prado muuseumis asub Diego Velázqueze „Las Meninas“, üks muuseumi tuntumaid teoseid.",Prado Museum — Wikipedia,https://en.wikipedia.org/wiki/Museo_del_Prado,CC-BY-SA-4.0,2026-08-28,reviewed,true
built-in-adult-clue-0298,built-in-adult,Adult (Mature) / Täiskasvanutele,built-in-adult-set-060,board,round-two,3,medium,erotic-art-literature-film-history,Great Art Museums,Suured kunstimuuseumid,A former Paris railway station houses this museum rich in Impressionist art.,Endises Pariisi raudteejaamas asub see impressionistliku kunsti poolest rikas muuseum.,Musée d'Orsay,Musée d'Orsay,,,Paris's Musée d'Orsay occupies the former Gare d'Orsay railway station and is especially known for its Impressionist collection.,Pariisi Musée d'Orsay tegutseb endises Gare d'Orsay raudteejaamas ja on eriti tuntud impressionistliku kunsti kogu poolest.,Musée d'Orsay — Wikipedia,https://en.wikipedia.org/wiki/Musée_d'Orsay,CC-BY-SA-4.0,2026-08-28,reviewed,true
built-in-adult-clue-0299,built-in-adult,Adult (Mature) / Täiskasvanutele,built-in-adult-set-060,board,round-two,4,medium,erotic-art-literature-film-history,Great Art Museums,Suured kunstimuuseumid,Botticelli's Birth of Venus hangs in this Florence gallery.,Botticelli „Veenuse sünd“ asub selles Firenze galeriis.,Uffizi Gallery,Uffizi galerii,,,Florence's Uffizi Gallery houses Sandro Botticelli's The Birth of Venus.,Firenze Uffizi galeriis asub Sandro Botticelli maal „Veenuse sünd“.,Uffizi Gallery — Wikipedia,https://en.wikipedia.org/wiki/Uffizi,CC-BY-SA-4.0,2026-08-28,reviewed,true
built-in-adult-clue-0300,built-in-adult,Adult (Mature) / Täiskasvanutele,built-in-adult-set-060,board,round-two,5,medium,erotic-art-literature-film-history,Great Art Museums,Suured kunstimuuseumid,Vermeer's Girl with a Pearl Earring hangs in this museum in The Hague.,Vermeeri „Tütarlaps pärlkõrvarõngaga“ asub selles Haagi muuseumis.,Mauritshuis,Mauritshuis,,,The Mauritshuis in The Hague houses Vermeer's Girl with a Pearl Earring.,Haagi Mauritshuisis asub Vermeeri „Tütarlaps pärlkõrvarõngaga“.,Mauritshuis — Wikipedia,https://en.wikipedia.org/wiki/Mauritshuis,CC-BY-SA-4.0,2026-08-28,reviewed,true
built-in-adult-clue-0301,built-in-adult,Adult (Mature) / Täiskasvanutele,built-in-adult-set-061,board,round-two,1,medium,sex-work-history-regulation,Jobs After Dark,Öised ametid,This worker mixes drinks and keeps the bar running.,See töötaja segab jooke ja hoiab baari töös.,Bartender,Baarmen,,,A bartender prepares and serves alcoholic and non-alcoholic drinks behind a bar.,Baarmen valmistab ja serveerib leti taga alkohoolseid ning alkoholivabu jooke.,Bartender — Wikipedia,https://en.wikipedia.org/wiki/Bartender,CC-BY-SA-4.0,2026-08-28,reviewed,true
built-in-adult-clue-0302,built-in-adult,Adult (Mature) / Täiskasvanutele,built-in-adult-set-061,board,round-two,2,medium,sex-work-history-regulation,Jobs After Dark,Öised ametid,This licensed driver may take late-night passengers home for a metered fare.,See kutseline juht võib viia hilisõhtused reisijad taksomeetri tasu eest koju.,Taxi driver,Taksojuht,,,A taxi driver transports passengers for a fare; local rules commonly govern driver licensing and the use of taximeters.,Taksojuht veab reisijaid tasu eest; kohalike eeskirjadega reguleeritakse tavaliselt nii juhi tegevusluba kui ka taksomeetri kasutamist.,Taxi driver — Wikipedia,https://en.wikipedia.org/wiki/Taxi_driver,CC-BY-SA-4.0,2026-08-28,reviewed,true
built-in-adult-clue-0303,built-in-adult,Adult (Mature) / Täiskasvanutele,built-in-adult-set-061,board,round-two,3,medium,sex-work-history-regulation,Jobs After Dark,Öised ametid,This person queues backing tracks and calls singers to the microphone during a karaoke night.,See inimene paneb karaokeõhtul fonogrammid järjekorda ja kutsub lauljad mikrofoni juurde.,Karaoke host,Karaokejuht,,,"A karaoke host runs a karaoke event by managing songs, performers, and the order of appearances.","Karaokejuht korraldab karaokeüritust, haldades laule, esinejaid ja esinemisjärjekorda.",Karaoke — Wikipedia,https://en.wikipedia.org/wiki/Karaoke,CC-BY-SA-4.0,2026-08-28,reviewed,true
built-in-adult-clue-0304,built-in-adult,Adult (Mature) / Täiskasvanutele,built-in-adult-set-061,board,round-two,4,medium,sex-work-history-regulation,Jobs After Dark,Öised ametid,"After a late show, this crew member moves scenery, cables, and equipment behind the scenes.","Pärast hilist etendust liigutab see meeskonnaliige lava taga dekoratsioone, kaableid ja tehnikat.",Stagehand,Lavatööline,,,"A stagehand works behind the scenes moving scenery, equipment, and cables for performances.","Lavatööline töötab lava taga ning liigutab etenduste jaoks dekoratsioone, tehnikat ja kaableid.",Stagehand — Wikipedia,https://en.wikipedia.org/wiki/Stagehand,CC-BY-SA-4.0,2026-08-28,reviewed,true
built-in-adult-clue-0305,built-in-adult,Adult (Mature) / Täiskasvanutele,built-in-adult-set-061,board,round-two,5,medium,sex-work-history-regulation,Jobs After Dark,Öised ametid,"At a hotel, this overnight employee balances the day's accounts and helps guests.",Hotellis tasakaalustab see öötöötaja päeva kontod ja aitab külalisi.,Night auditor,Ööaudiitor,,,"A night auditor is an employee who works at the reception of a hotel during the course of the night shift. Apart from performing the usual duties of a hotel receptionist, the night auditor's main task is to perform accounting checks.","Ööaudiitor on töötaja, kes töötab öövahetuse ajal hotelli vastuvõtus. Ööaudiitori põhiülesanne on peale tavapäraste hotelli administraatori tööülesannete täitmise raamatupidamise kontrolli teostamine.",Night auditor — Wikipedia,https://en.wikipedia.org/wiki/Night_auditor,CC-BY-SA-4.0,2026-08-28,reviewed,true
built-in-adult-clue-0306,built-in-adult,Adult (Mature) / Täiskasvanutele,built-in-adult-set-062,board,round-two,1,medium,sex-work-history-regulation,City Streets After Midnight,Linnatänavad pärast südaööd,This lamp on a pole illuminates roads and pavements at night.,See posti otsas olev lamp valgustab öösel teid ja kõnniteid.,Streetlight,Tänavalatern,,,"A street light, light pole, lamp pole, lamppost, streetlamp, light standard, or lamp standard is a raised source of light on the edge of a road or path. Similar lights may be found on a railway platform.","Tänavavalgusti on teed, kõnniteed või muud avalikku ruumi valgustav postile paigaldatud lamp.",Streetlight — Wikipedia,https://en.wikipedia.org/wiki/Street_light,CC-BY-SA-4.0,2026-08-28,reviewed,true
built-in-adult-clue-0307,built-in-adult,Adult (Mature) / Täiskasvanutele,built-in-adult-set-062,board,round-two,2,medium,sex-work-history-regulation,City Streets After Midnight,Linnatänavad pärast südaööd,Glowing gas-filled tubes spell a business name in this bright street display.,Helendavad gaasiga täidetud torud kirjutavad sellel eredal tänavareklaamil ettevõtte nime.,Neon sign,Neoonsilt,,,"In the signage industry, neon signs are electric signs lighted by long luminous gas-discharge tubes that contain rarefied neon or other gases. They are the most common use for neon lighting, which was first demonstrated in a modern form in December 1910 by Georges Claude at the Paris Motor Show.","Neoonsilt on elektriline silt, mille helendavad gaaslahendustorud sisaldavad hõrendatud neooni või muid gaase. Georges Claude demonstreeris tänapäevast neoonvalgustust 1910. aasta detsembris Pariisi autonäitusel.",Neon sign — Wikipedia,https://en.wikipedia.org/wiki/Neon_sign,CC-BY-SA-4.0,2026-08-28,reviewed,true
built-in-adult-clue-0308,built-in-adult,Adult (Mature) / Täiskasvanutele,built-in-adult-set-062,board,round-two,3,medium,sex-work-history-regulation,City Streets After Midnight,Linnatänavad pärast südaööd,Taxis line up at this designated pickup place.,Taksod seisavad selles tähistatud pealekorjamiskohas järjekorras.,Taxi stand,Taksopeatus,Cab stand,Taksode ooteala,A taxi stand is a designated place where taxis queue for passengers.,"Taksopeatus on selleks tähistatud koht, kus taksod seisavad reisijate jaoks järjekorras.",Taxi rank — Wikipedia,https://en.wikipedia.org/wiki/Taxi_stand,CC-BY-SA-4.0,2026-08-28,reviewed,true
built-in-adult-clue-0309,built-in-adult,Adult (Mature) / Täiskasvanutele,built-in-adult-set-062,board,round-two,4,medium,sex-work-history-regulation,City Streets After Midnight,Linnatänavad pärast südaööd,"At any hour, a hospital's ambulance entrance leads to this department for urgent care.",Haigla kiirabi sissepääs viib igal kellaajal sellesse kiiret ravi pakkuvasse osakonda.,Emergency department,Erakorralise meditsiini osakond,,,A hospital emergency department provides urgent medical assessment and treatment around the clock.,Haigla erakorralise meditsiini osakond pakub kiiret meditsiinilist hindamist ja ravi ööpäev läbi.,Emergency department — Wikipedia,https://en.wikipedia.org/wiki/Emergency_department,CC-BY-SA-4.0,2026-08-28,reviewed,true
built-in-adult-clue-0310,built-in-adult,Adult (Mature) / Täiskasvanutele,built-in-adult-set-062,board,round-two,5,medium,sex-work-history-regulation,City Streets After Midnight,Linnatänavad pärast südaööd,"Yellow signs, waffles, and doors open through the night identify this U.S. diner chain.","Kollased sildid, vahvlid ja öö läbi avatud uksed viitavad sellele USA söögikohaketile.",Waffle House,Waffle House,,,Waffle House is an American restaurant chain known for round-the-clock service at most locations.,"Waffle House on Ameerika restoranikett, mille enamik söögikohti on tuntud ööpäevaringse teeninduse poolest.",Waffle House — Wikipedia,https://en.wikipedia.org/wiki/Waffle_House,CC-BY-SA-4.0,2026-08-28,reviewed,true
built-in-adult-clue-0311,built-in-adult,Adult (Mature) / Täiskasvanutele,built-in-adult-set-063,board,round-two,1,medium,sex-work-history-regulation,Working for Tips,Jootraha eest töötamine,This restaurant worker takes orders and brings food to the table.,See restoranitöötaja võtab tellimusi ja toob toidu lauda.,Waiter,Kelner,,,"Waiting staff (BrE), waiters (masc) / waitresses (fem), or servers (AmE) are those who work at a restaurant, a diner, or a bar and sometimes in private homes, attending to customers by supplying them with food and drink as requested. Waiting staff follow rules and guidelines determined by the manager.","Kelner teenindab restoranis või baaris külalisi, võtab tellimusi ning toob lauda toidu ja joogi.",Waiter — Wikipedia,https://en.wikipedia.org/wiki/Waiting_staff,CC-BY-SA-4.0,2026-08-28,reviewed,true
built-in-adult-clue-0312,built-in-adult,Adult (Mature) / Täiskasvanutele,built-in-adult-set-063,board,round-two,2,medium,sex-work-history-regulation,Working for Tips,Jootraha eest töötamine,A customer may leave a tip after this professional cuts or styles their hair.,"Klient võib jätta jootraha pärast seda, kui see spetsialist tema juukseid lõikab või soengusse seab.",Hairdresser,Juuksur,,,"A hairdresser cuts and styles hair, and tipping is customary for the service in some countries.",Juuksur lõikab ja kujundab juukseid ning mõnes riigis on selle teenuse eest tavaks jootraha anda.,Hairdresser — Wikipedia,https://en.wikipedia.org/wiki/Hairdresser,CC-BY-SA-4.0,2026-08-28,reviewed,true
built-in-adult-clue-0313,built-in-adult,Adult (Mature) / Täiskasvanutele,built-in-adult-set-063,board,round-two,3,medium,sex-work-history-regulation,Working for Tips,Jootraha eest töötamine,"At the front of a walking group, this worker turns streets, monuments, or museum objects into stories.","Jalutusrühma ees muudab see töötaja tänavad, monumendid või muuseumiesemed lugudeks.",Tour guide,Giid,,,"A tourist guide is a person who guides visitors in the language of their choice and interprets the cultural and natural heritage of an area. Tourist guides normally possess an area-specific qualification, usually issued and/or recognised by the appropriate authority.","Turistigiid on isik, kes juhendab külastajaid nende valitud keeles ning tõlgendab piirkonna kultuuri- ja looduspärandit. Turistide giididel on tavaliselt piirkonnapõhine kvalifikatsioon, mille tavaliselt väljastab ja/või tunnustab pädev asutus.",Tour guide — Wikipedia,https://en.wikipedia.org/wiki/Tour_guide,CC-BY-SA-4.0,2026-08-28,reviewed,true
built-in-adult-clue-0314,built-in-adult,Adult (Mature) / Täiskasvanutele,built-in-adult-set-063,board,round-two,4,medium,sex-work-history-regulation,Working for Tips,Jootraha eest töötamine,"At a hotel awning, a guest may exchange car keys for a claim ticket from this worker.",Hotelli varikatuse all võib külaline anda sellele töötajale autovõtmed ja saada vastu numbrilipiku.,Valet,Parkimisteenindaja,,,Valet parking is a service in which an attendant parks and later retrieves a customer's vehicle.,"Parkimisteenus tähendab, et teenindaja pargib kliendi sõiduki ja toob selle hiljem tagasi.",Valet — Wikipedia,https://en.wikipedia.org/wiki/Valet_parking,CC-BY-SA-4.0,2026-08-28,reviewed,true
built-in-adult-clue-0315,built-in-adult,Adult (Mature) / Täiskasvanutele,built-in-adult-set-063,board,round-two,5,medium,sex-work-history-regulation,Working for Tips,Jootraha eest töötamine,"A brass luggage cart, a hotel lobby, and a guest's room number are the working clues for this employee.","Messingist pagasikäru, hotelli fuajee ja külalise toanumber viitavad selle töötaja ametile.",Bellhop,Hotellipakikandja,,,"A bellhop (North America), or hotel porter (international), is a hotel employee who helps patrons with their luggage while checking in or out. Bellhops often wear a uniform, like certain other page boys or doormen.",Hotellipakikandja ehk portjee aitab saabuvatel ja lahkuvatel külalistel pagasit kanda ning võib saata nad tuppa.,Bellhop — Wikipedia,https://en.wikipedia.org/wiki/Bellhop,CC-BY-SA-4.0,2026-08-28,reviewed,true
built-in-adult-clue-0316,built-in-adult,Adult (Mature) / Täiskasvanutele,built-in-adult-set-064,board,round-two,1,medium,sex-work-history-regulation,Around the Workplace,Töökohal,This small workplace label displays an employee's name for customers.,See väike töösilt näitab klientidele töötaja nime.,Name badge,Nimesilt,,,"A name tag or name badge is a badge or sticker worn on the outermost clothing as a means of displaying the wearer's name for others to view. Name tags may be temporary, such as a sticker with a person's name, or it may be more durable.","Nimesilt või nimemärk on märk või kleebis, mida kantakse välimistel riietel, et näidata kandja nime teistele vaatamiseks. Nimesildid võivad olla ajutised, näiteks kleebis inimese nimega, või olla vastupidavamad.",Name badge — Wikipedia,https://en.wikipedia.org/wiki/Name_tag,CC-BY-SA-4.0,2026-08-28,reviewed,true
built-in-adult-clue-0317,built-in-adult,Adult (Mature) / Täiskasvanutele,built-in-adult-set-064,board,round-two,2,medium,sex-work-history-regulation,Around the Workplace,Töökohal,"A refrigerator, kettle, and lockers may be found in this employee-only room.","Külmkapp, veekeetja ja kapid võivad asuda selles ainult töötajatele mõeldud ruumis.",Break room,Puhkeruum,,,A break room is a room in a workplace where employees can go during meals and other breaks.,"Puhkeruum on ruum töökohas, kus töötajad saavad käia söögi ja muude vaheaegade ajal.",Break room — Wikipedia,https://en.wikipedia.org/wiki/Break_room,CC-BY-SA-4.0,2026-08-28,reviewed,true
built-in-adult-clue-0318,built-in-adult,Adult (Mature) / Täiskasvanutele,built-in-adult-set-064,board,round-two,3,medium,sex-work-history-regulation,Around the Workplace,Töökohal,Hours worked beyond a normal schedule may receive extra pay under this term.,Tavapärasest graafikust üle töötatud tunnid võivad selle mõiste alusel saada lisatasu.,Overtime,Ületunnitöö,,,Overtime is the amount of time someone works beyond normal working hours. The term is also used for the pay received for this time.,"Ületunnitöö on aeg, mille jooksul keegi töötab väljaspool tavapärast tööaega. Seda mõistet kasutatakse ka selle aja eest saadud töötasu kohta.",Overtime — Wikipedia,https://en.wikipedia.org/wiki/Overtime,CC-BY-SA-4.0,2026-08-28,reviewed,true
built-in-adult-clue-0319,built-in-adult,Adult (Mature) / Täiskasvanutele,built-in-adult-set-064,board,round-two,4,medium,sex-work-history-regulation,Around the Workplace,Töökohal,"Hiring, benefits, and employee policies often belong to this department.","Värbamine, hüved ja töötajapoliitika kuuluvad sageli sellele osakonnale.",Human resources,Personaliosakond,,,"A human-resources department commonly manages recruitment, benefits, employee records, and workplace policies.","Personaliosakond haldab tavaliselt värbamist, hüvesid, töötajate andmeid ja töökohapoliitikat.",Human resources — activities,https://en.wikipedia.org/wiki/Human_resources#Activities,CC-BY-SA-4.0,2026-08-28,reviewed,true
built-in-adult-clue-0320,built-in-adult,Adult (Mature) / Täiskasvanutele,built-in-adult-set-064,board,round-two,5,medium,sex-work-history-regulation,Around the Workplace,Töökohal,Employees punch in and out on this device to record working hours.,"Töötajad märgivad selle seadmega tööle saabumise ja lahkumise, et tööaega registreerida.",Time clock,Tööajakell,,,"A time clock, sometimes known as a clock card machine, punch clock, or time recorder, is a device that records start and end times for hourly employees (or those on flexi-time) at a place of business. In mechanical time clocks, this was accomplished by inserting a heavy paper card, called a time card, into a slot on the time clock.",Tööajakell registreerib töötaja tööpäeva algus- ja lõpuaja; mehaanilisse seadmesse sisestati selleks paberist tööajakaart.,Time clock — Wikipedia,https://en.wikipedia.org/wiki/Time_clock,CC-BY-SA-4.0,2026-08-28,reviewed,true
built-in-adult-clue-0321,built-in-adult,Adult (Mature) / Täiskasvanutele,built-in-adult-set-065,board,round-two,1,medium,sex-work-history-regulation,How Entertainment Makes Money,Kuidas meelelahutus raha teenib,Buying this document or digital code grants entry to a show.,Selle dokumendi või digikoodi ostmine annab sissepääsu etendusele.,Ticket,Pilet,,,"A ticket is a voucher that indicates that an individual is entitled to admission to an event or establishment such as a theatre, amusement park, stadium, or tourist attraction, or has a right to travel on a vehicle, such as with an airline ticket, bus ticket or train ticket. An individual typically pays for a ticket, but it may be free of charge.","Pilet on vautšer, mis näitab, et isikul on õigus pääseda mõnele üritusele või asutusele, nagu teater, lõbustuspark, staadion või turismiobjekt, või õigus sõita sõidukiga, näiteks lennu-, bussi- või rongipiletiga. Tavaliselt maksab pileti eest üksikisik, kuid see võib olla tasuta.",Ticket — Wikipedia,https://en.wikipedia.org/wiki/Ticket_(admission),CC-BY-SA-4.0,2026-08-28,reviewed,true
built-in-adult-clue-0322,built-in-adult,Adult (Mature) / Täiskasvanutele,built-in-adult-set-065,board,round-two,2,medium,sex-work-history-regulation,How Entertainment Makes Money,Kuidas meelelahutus raha teenib,"T-shirts, posters, and mugs sold with a performer's name are examples of this revenue source.","Esineja nimega T-särgid, plakatid ja kruusid on selle tuluallika näited.",Merchandise,Fännikaubad,,,"Merchandise means goods offered for sale; performer-branded shirts, posters, and mugs are commonly sold as fan merchandise.","Fännikaubad on müügiks pakutavad esemed, näiteks esineja nime või kujutisega T-särgid, plakatid ja kruusid.",Merchandise — Wiktionary,https://en.wiktionary.org/wiki/merchandise,CC-BY-SA-4.0,2026-08-28,reviewed,true
built-in-adult-clue-0323,built-in-adult,Adult (Mature) / Täiskasvanutele,built-in-adult-set-065,board,round-two,3,medium,sex-work-history-regulation,How Entertainment Makes Money,Kuidas meelelahutus raha teenib,A company funds an event in exchange for displaying its brand under this arrangement.,Ettevõte rahastab selle kokkuleppe alusel üritust vastutasuks oma kaubamärgi näitamise eest.,Sponsorship,Sponsorlus,,,"Sponsoring something (or someone) is the act of supporting an event, activity, person, or organization financially or through the provision of products or services. The individual or group that provides the support, similar to a benefactor, is known as the sponsor.","Millegi (või kellegi) sponsoreerimine on sündmuse, tegevuse, isiku või organisatsiooni rahaline või toodete või teenuste pakkumise kaudu toetamine. Üksikisik või rühm, kes toetust pakub, sarnaselt heategijaga, on tuntud kui sponsor.",Sponsorship — Wikipedia,https://en.wikipedia.org/wiki/Sponsorship,CC-BY-SA-4.0,2026-08-28,reviewed,true
built-in-adult-clue-0324,built-in-adult,Adult (Mature) / Täiskasvanutele,built-in-adult-set-065,board,round-two,4,medium,sex-work-history-regulation,How Entertainment Makes Money,Kuidas meelelahutus raha teenib,A creative project may raise many small online contributions through this funding method.,Loomeprojekt võib selle rahastusviisi abil koguda internetis palju väikeseid panuseid.,Crowdfunding,Ühisrahastus,,,"Crowdfunding finances a project by collecting relatively small contributions from many people, commonly online.","Ühisrahastus rahastab projekti paljude inimeste suhteliselt väikeste panustega, tavaliselt internetis.",Crowdfunding — Wikipedia,https://en.wikipedia.org/wiki/Crowdfunding,CC-BY-SA-4.0,2026-08-28,reviewed,true
built-in-adult-clue-0325,built-in-adult,Adult (Mature) / Täiskasvanutele,built-in-adult-set-065,board,round-two,5,medium,sex-work-history-regulation,How Entertainment Makes Money,Kuidas meelelahutus raha teenib,"Creators may receive these repeated payments when songs, books, or films are used.","Loojad võivad saada neid korduvaid makseid laulude, raamatute või filmide kasutamise eest.",Royalties,Autoritasud,,,"A royalty payment is a payment made by one party to another that owns a particular asset, for the right to ongoing use of that asset. Royalties are typically agreed upon as a percentage of gross or net revenues derived from the use of an asset or a fixed price per unit sold of an item of such, but there are also other modes and metrics of compensation.","Kasutustasu on makse, mille üks osapool teeb teisele, kellele konkreetne vara kuulub, selle vara pideva kasutamise õiguse eest. Kasutustasud lepitakse tavaliselt kokku protsendina vara kasutamisest saadavast bruto- või netotulust või fikseeritud hind sellise objekti müüdud ühiku kohta, kuid on ka teisi kompenseerimisviise ja -mõõdikuid.",Royalties — Wikipedia,https://en.wikipedia.org/wiki/Royalty_payment,CC-BY-SA-4.0,2026-08-28,reviewed,true
built-in-adult-clue-0326,built-in-adult,Adult (Mature) / Täiskasvanutele,built-in-adult-set-066,board,round-two,1,medium,sex-work-history-regulation,Women and Icons Who Changed Culture,"Naised ja ikoonid, kes muutsid kultuuri",'We Can Do It!' and a rolled-up sleeve symbolize this wartime worker.,„We Can Do It!“ ja üleskääritud varrukas sümboliseerivad seda sõjaaegset töötajat.,Rosie the Riveter,Rosie the Riveter,,,"Rosie the Riveter is an allegorical cultural icon in the United States who represents the women who worked in the factories and shipyards during World War II, many of whom produced munitions and war supplies. These women sometimes took entirely new jobs replacing the male workers who joined the military.","Rosie the Riveter on allegooriline kultuuriikoon Ameerika Ühendriikides, kes esindab II maailmasõja ajal tehastes ja laevatehastes töötanud naisi, kellest paljud tootsid laskemoona ja sõjavarustust. Need naised asusid mõnikord täiesti uutele töökohtadele, asendades sõjaväega liitunud meestöötajaid.",Rosie the Riveter — Wikipedia,https://en.wikipedia.org/wiki/Rosie_the_Riveter,CC-BY-SA-4.0,2026-08-28,reviewed,true
built-in-adult-clue-0327,built-in-adult,Adult (Mature) / Täiskasvanutele,built-in-adult-set-066,board,round-two,2,medium,sex-work-history-regulation,Women and Icons Who Changed Culture,"Naised ja ikoonid, kes muutsid kultuuri",This talk-show host built a media company around her first name.,See jutusaatejuht ehitas oma eesnime ümber meediaettevõtte.,Oprah Winfrey,Oprah Winfrey,,,"Oprah Winfrey became famous through The Oprah Winfrey Show and built Harpo Productions, whose name reverses the spelling of Oprah.","Oprah Winfrey sai kuulsaks saatega „The Oprah Winfrey Show“ ning rajas Harpo Productionsi, mille nimi on „Oprah“ tagurpidi kirjutatuna.",Oprah Winfrey — Wikipedia,https://en.wikipedia.org/wiki/Oprah_Winfrey,CC-BY-SA-4.0,2026-08-28,reviewed,true
built-in-adult-clue-0328,built-in-adult,Adult (Mature) / Täiskasvanutele,built-in-adult-set-066,board,round-two,3,medium,sex-work-history-regulation,Women and Icons Who Changed Culture,"Naised ja ikoonid, kes muutsid kultuuri",This country singer founded the Imagination Library book-gifting program.,See kantrilaulja asutas raamatuid kinkiva programmi Imagination Library.,Dolly Parton,Dolly Parton,,,"Dolly Parton founded the Imagination Library, a program that mails free books to enrolled children from birth until they begin school.","Dolly Parton asutas programmi Imagination Library, mis saadab osalevatele lastele sünnist kooliminekuni tasuta raamatuid.",Dolly Parton — Wikipedia,https://en.wikipedia.org/wiki/Dolly_Parton,CC-BY-SA-4.0,2026-08-28,reviewed,true
built-in-adult-clue-0329,built-in-adult,Adult (Mature) / Täiskasvanutele,built-in-adult-set-066,board,round-two,4,medium,sex-work-history-regulation,Women and Icons Who Changed Culture,"Naised ja ikoonid, kes muutsid kultuuri",This primatologist transformed the study of chimpanzees through fieldwork at Gombe.,See primatoloog muutis šimpanside uurimist Gombes tehtud välitööga.,Jane Goodall,Jane Goodall,,,Jane Goodall's long-term fieldwork at Gombe transformed scientific understanding of wild chimpanzee behavior.,Jane Goodalli pikaajaline välitöö Gombes muutis teadlaste arusaama looduslike šimpanside käitumisest.,Jane Goodall — Wikipedia,https://en.wikipedia.org/wiki/Jane_Goodall,CC-BY-SA-4.0,2026-08-28,reviewed,true
built-in-adult-clue-0330,built-in-adult,Adult (Mature) / Täiskasvanutele,built-in-adult-set-066,board,round-two,5,medium,sex-work-history-regulation,Women and Icons Who Changed Culture,"Naised ja ikoonid, kes muutsid kultuuri",This aviator became the first woman to fly solo across the Atlantic.,"Sellest lendurist sai esimene naine, kes lendas üksi üle Atlandi.",Amelia Earhart,Amelia Earhart,,,In 1932 Amelia Earhart became the first woman to fly solo nonstop across the Atlantic Ocean.,"1932. aastal sai Amelia Earhartist esimene naine, kes lendas üksi ja vahemaandumiseta üle Atlandi ookeani.",Amelia Earhart — Wikipedia,https://en.wikipedia.org/wiki/Amelia_Earhart,CC-BY-SA-4.0,2026-08-28,reviewed,true
built-in-adult-clue-0331,built-in-adult,Adult (Mature) / Täiskasvanutele,built-in-adult-set-067,board,round-two,1,medium,sex-work-history-regulation,Traditional Trades,Traditsioonilised ametid,This craftsperson heats and hammers iron on an anvil.,See käsitööline kuumutab ja taob rauda alasill.,Blacksmith,Sepp,,,"A blacksmith is a metalsmith who creates objects primarily from wrought iron or steel, but sometimes from other metals, by forging the metal, using tools to hammer, bend, and cut (cf. tinsmith).","Sepp valmistab rauast või terasest esemeid, kuumutades metalli ning seda haamriga tagudes, painutades ja lõigates.",Blacksmith — Wikipedia,https://en.wikipedia.org/wiki/Blacksmith,CC-BY-SA-4.0,2026-08-28,reviewed,true
built-in-adult-clue-0332,built-in-adult,Adult (Mature) / Täiskasvanutele,built-in-adult-set-067,board,round-two,2,medium,sex-work-history-regulation,Traditional Trades,Traditsioonilised ametid,This craftsperson builds and repairs wooden structures using tools such as saws and planes.,"See käsitööline ehitab ja parandab puidust konstruktsioone, kasutades näiteks saage ja höövleid.",Carpenter,Puusepp,,,"A carpenter cuts, shapes, builds, and repairs wooden structures and fittings.","Puusepp lõikab, vormib, ehitab ja parandab puidust konstruktsioone ning detaile.",Carpentry — Wikipedia,https://en.wikipedia.org/wiki/Carpentry,CC-BY-SA-4.0,2026-08-28,reviewed,true
built-in-adult-clue-0333,built-in-adult,Adult (Mature) / Täiskasvanutele,built-in-adult-set-067,board,round-two,3,medium,sex-work-history-regulation,Traditional Trades,Traditsioonilised ametid,"Chalk marks on cloth, a measuring tape, and a fitting room point to this clothing craftsperson.","Kriidijäljed kangal, mõõdulint ja proovikabiin viitavad sellele rõivameistrile.",Tailor,Rätsep,,,"A tailor is a person who makes or alters clothing, particularly men's clothing. The Oxford English Dictionary dates the term to the thirteenth century.","Rätsep on isik, kes valmistab või muudab rõivaid, eriti meesterõivaid. Oxfordi inglise sõnaraamat dateerib selle termini kolmeteistkümnendasse sajandisse.",Tailor — Wikipedia,https://en.wikipedia.org/wiki/Tailor,CC-BY-SA-4.0,2026-08-28,reviewed,true
built-in-adult-clue-0334,built-in-adult,Adult (Mature) / Täiskasvanutele,built-in-adult-set-067,board,round-two,4,medium,sex-work-history-regulation,Traditional Trades,Traditsioonilised ametid,Hops enter a mash-and-fermentation workplace run by this maker of a familiar drink.,"Humalad jõuavad meskimise ja kääritamise töökotta, mida juhib selle tuttava joogi valmistaja.",Brewer,Õllepruul,,,"Brewing is the production of beer by steeping a starch source (commonly cereal grains, the most popular of which is barley) in water and fermenting the resulting sweet liquid with yeast. It may be done in a brewery by a commercial brewer, at home by a homebrewer, or communally.","Pruulimine on õlle valmistamine tärkliseallika (tavaliselt teravilja terad, millest populaarseim on oder) leotamise teel vees ja saadud magusa vedeliku kääritamisel pärmiga. Seda võib teha õlletehases kaubanduslik õllepruulija, kodus kodupruulija või ühiselt.",Brewer — Wikipedia,https://en.wikipedia.org/wiki/Brewing,CC-BY-SA-4.0,2026-08-28,reviewed,true
built-in-adult-clue-0335,built-in-adult,Adult (Mature) / Täiskasvanutele,built-in-adult-set-067,board,round-two,5,medium,sex-work-history-regulation,Traditional Trades,Traditsioonilised ametid,"A traveler signs a register, orders ale, and receives a room key from this traditional roadside host.","Rändur kirjutab külalisteraamatusse, tellib õlut ja saab toavõtme sellelt traditsiooniliselt teeäärselt võõrustajalt.",Innkeeper,Kõrtsmik,,,"An innkeeper runs an inn, welcoming travelers and arranging lodging, food, and drink for guests.","Kõrtsmik peab võõrastemaja, võtab rändureid vastu ning korraldab külalistele majutust, sööki ja jooki.",Innkeeper — Wikipedia,https://en.wikipedia.org/wiki/Innkeeper,CC-BY-SA-4.0,2026-08-28,reviewed,true
built-in-adult-clue-0336,built-in-adult,Adult (Mature) / Täiskasvanutele,built-in-adult-set-068,board,round-one,1,hard,sex-work-history-regulation,Neighborhoods After Dark,Õhtused linnaosad,Bourbon Street runs through this historic New Orleans neighborhood.,Bourbon Street läbib seda ajaloolist New Orleansi linnaosa.,French Quarter,Prantsuse kvartal,,,New Orleans developed around the French Quarter after the city was founded in 1718; Bourbon Street runs through this historic district.,New Orleans arenes pärast linna asutamist 1718. aastal French Quarteri ümber; Bourbon Street läbib seda ajaloolist linnaosa.,French Quarter — Wikipedia,https://en.wikipedia.org/wiki/French_Quarter,CC-BY-SA-4.0,2026-08-28,reviewed,true
built-in-adult-clue-0337,built-in-adult,Adult (Mature) / Täiskasvanutele,built-in-adult-set-068,board,round-one,2,hard,sex-work-history-regulation,Neighborhoods After Dark,Õhtused linnaosad,The Moulin Rouge and Sacré-Cœur share this Paris hill district.,Moulin Rouge ja Sacré-Cœur asuvad selles Pariisi mägises linnaosas.,Montmartre,Montmartre,,,"Montmartre is a hill and surrounding district in Paris's 18th arrondissement, home to both Sacré-Cœur and the Moulin Rouge.",Montmartre on küngas ja seda ümbritsev linnaosa Pariisi 18. ringkonnas; seal asuvad nii Sacré-Cœur kui ka Moulin Rouge.,Montmartre — Wikipedia,https://en.wikipedia.org/wiki/Montmartre,CC-BY-SA-4.0,2026-08-28,reviewed,true
built-in-adult-clue-0338,built-in-adult,Adult (Mature) / Täiskasvanutele,built-in-adult-set-068,board,round-one,3,hard,sex-work-history-regulation,Neighborhoods After Dark,Õhtused linnaosad,"Theaters, restaurants, and nightlife fill this central London district.","Teatrid, restoranid ja ööelu täidavad seda Londoni kesklinna piirkonda.",Soho,Soho,,,"Soho is a district of Westminster, in the City of Westminster in the West End of London. Originally a fashionable district for the aristocracy, it has been one of the main entertainment districts in the capital since the 19th century.",Soho on Westminsteri linnaosa Westminsteri linnas Londoni West Endis. Algselt aristokraatia jaoks moekas linnaosa on see olnud üks peamisi meelelahutuspiirkondi pealinnas alates 19. sajandist.,Soho — Wikipedia,https://en.wikipedia.org/wiki/Soho,CC-BY-SA-4.0,2026-08-28,reviewed,true
built-in-adult-clue-0339,built-in-adult,Adult (Mature) / Täiskasvanutele,built-in-adult-set-068,board,round-one,4,hard,sex-work-history-regulation,Neighborhoods After Dark,Õhtused linnaosad,Kabukichō nightlife and a major Tokyo rail hub point to this ward centered on a busy station.,Kabukichō ööelu ja Tokyo tähtis raudteesõlm viitavad sellele elava jaama ümber kujunenud linnaosale.,Shinjuku,Shinjuku,,,Shinjuku is a major Tokyo district and transport hub. Its Kabukichō area is especially known for nightlife and entertainment.,Shinjuku on Tokyo suur linnaosa ja transpordisõlm. Selle Kabukichō piirkond on eriti tuntud ööelu ja meelelahutuse poolest.,Shinjuku — Wikipedia,https://en.wikipedia.org/wiki/Shinjuku,CC-BY-SA-4.0,2026-08-28,reviewed,true
built-in-adult-clue-0340,built-in-adult,Adult (Mature) / Täiskasvanutele,built-in-adult-set-068,board,round-one,5,hard,sex-work-history-regulation,Neighborhoods After Dark,Õhtused linnaosad,Dublin nightlife crowds the cobbled lanes around a famous red-fronted pub in this riverside cultural quarter.,Dublini ööelu koondub munakivitänavatele kuulsa punase fassaadiga pubi ümber selles jõeäärses kultuurikvartalis.,Temple Bar,Temple Bar,Temple Bar district,Temple Bari kvartal,Temple Bar is a riverside cultural and nightlife quarter in central Dublin whose cobbled streets include the red-fronted Temple Bar pub.,"Temple Bar on Dublini kesklinna jõeäärne kultuuri- ja ööelukvartal, mille munakivitänavatel asub punase fassaadiga Temple Bar pubi.","Temple Bar, Dublin — Wikipedia","https://en.wikipedia.org/wiki/Temple_Bar,_Dublin",CC-BY-SA-4.0,2026-08-28,reviewed,true
built-in-adult-clue-0341,built-in-adult,Adult (Mature) / Täiskasvanutele,built-in-adult-set-069,board,round-one,1,hard,sex-work-history-regulation,Markets After Dark,Turud pärast pimedat,Food and shopping stalls that open mainly after sunset form this kind of market.,Peamiselt pärast päikeseloojangut avanevad toidu- ja müügiletid moodustavad seda liiki turu.,Night market,Ööturg,,,A night market is a street market that operates chiefly in the evening and sells food and goods.,"Ööturg on peamiselt õhtuti tegutsev tänavaturg, kus müüakse toitu ja kaupu.",Night market — Wikipedia,https://en.wikipedia.org/wiki/Night_market,CC-BY-SA-4.0,2026-08-28,reviewed,true
built-in-adult-clue-0342,built-in-adult,Adult (Mature) / Täiskasvanutele,built-in-adult-set-069,board,round-one,2,hard,sex-work-history-regulation,Markets After Dark,Turud pärast pimedat,Many independent vendors serve meals under one roof in this shared dining space.,Paljud sõltumatud müüjad pakuvad selles ühises söögikohas ühe katuse all eineid.,Food hall,Toiduhall,,,A food hall brings multiple food vendors together in one shared indoor space.,Toiduhall koondab mitu toidumüüjat ühte ühisesse siseruumi.,Food hall — Wikipedia,https://en.wikipedia.org/wiki/Food_hall,CC-BY-SA-4.0,2026-08-28,reviewed,true
built-in-adult-clue-0343,built-in-adult,Adult (Mature) / Täiskasvanutele,built-in-adult-set-069,board,round-one,3,hard,sex-work-history-regulation,Markets After Dark,Turud pärast pimedat,Second-hand goods and collectibles fill this market with an insect in its English name.,"Kasutatud kaubad ja kogumisesemed täidavad seda turgu, mille ingliskeelses nimes on putukas.",Flea market,Kirbuturg,,,"A flea market is a marketplace where vendors sell second-hand goods, antiques, and collectibles.","Kirbuturg on turg, kus müüjad pakuvad kasutatud kaupu, antiikesemeid ja kogumisesemeid.",Flea market — Wikipedia,https://en.wikipedia.org/wiki/Flea_market,CC-BY-SA-4.0,2026-08-28,reviewed,true
built-in-adult-clue-0344,built-in-adult,Adult (Mature) / Täiskasvanutele,built-in-adult-set-069,board,round-one,4,hard,sex-work-history-regulation,Markets After Dark,Turud pärast pimedat,This Persian-derived word describes a marketplace of many small shops or stalls.,See pärsia päritolu sõna kirjeldab paljude väikeste poodide või lettidega turgu.,Bazaar,Basaar,,,"A bazaar is a marketplace or shopping quarter made up of many vendors, shops, or stalls.","Basaar on paljudest müüjatest, poodidest või lettidest koosnev turg või kaubanduspiirkond.",Bazaar — Wikipedia,https://en.wikipedia.org/wiki/Bazaar,CC-BY-SA-4.0,2026-08-28,reviewed,true
built-in-adult-clue-0345,built-in-adult,Adult (Mature) / Täiskasvanutele,built-in-adult-set-069,board,round-one,5,hard,sex-work-history-regulation,Markets After Dark,Turud pärast pimedat,A Thai postcard may show produce changing hands between vendors and shoppers who remain in small boats.,"Tai postkaardil võivad müüjad ja ostjad vahetada saadusi, jäädes ise väikestesse paatidesse.",Floating market,Ujuvturg,,,"A floating market is a market where goods are sold from boats, especially on canals and rivers.","Ujuvturg on turg, kus kaupu müüakse paatidest, eriti kanalitel ja jõgedel.",Floating market — Wikipedia,https://en.wikipedia.org/wiki/Floating_market,CC-BY-SA-4.0,2026-08-28,reviewed,true
built-in-adult-clue-0346,built-in-adult,Adult (Mature) / Täiskasvanutele,built-in-adult-set-070,board,round-one,1,hard,sex-work-history-regulation,Rights at Work,Õigused tööl,This legal floor sets the lowest hourly pay an employer may offer.,"See seaduslik alampiir määrab madalaima tunnitasu, mida tööandja võib pakkuda.",Minimum wage,Miinimumpalk,,,A minimum wage is the legal floor below which an employer may not pay an employee for work.,"Miinimumpalk on seadusega kehtestatud alampiir, millest vähem ei tohi tööandja töötajale töö eest maksta.",Minimum wage — Wikipedia,https://en.wikipedia.org/wiki/Minimum_wage,CC-BY-SA-4.0,2026-08-28,reviewed,true
built-in-adult-clue-0347,built-in-adult,Adult (Mature) / Täiskasvanutele,built-in-adult-set-070,board,round-one,2,hard,sex-work-history-regulation,Rights at Work,Õigused tööl,An employee uses this authorized time away when illness prevents work.,"Töötaja kasutab seda lubatud eemalolekuaega, kui haigus takistab töötamist.",Sick leave,Haiguspuhkus,,,Sick leave is authorized time away from work because illness prevents an employee from working; a medical certificate may document the need but is not the leave itself.,"Haiguspuhkus on lubatud töölt eemalolek ajal, mil haigus takistab töötamist; haigusleht võib selle vajadust tõendada, kuid ei ole puhkus ise.",Sick leave — Wikipedia,https://en.wikipedia.org/wiki/Sick_leave,CC-BY-SA-4.0,2026-08-28,reviewed,true
built-in-adult-clue-0348,built-in-adult,Adult (Mature) / Täiskasvanutele,built-in-adult-set-070,board,round-one,3,hard,sex-work-history-regulation,Rights at Work,Õigused tööl,This job-protected time away helps a parent care for a new child.,See töökohta kaitsev eemalolekuaeg aitab vanemal hoolitseda uue lapse eest.,Parental leave,Vanemapuhkus,,,"Parental leave is job-protected time away from work for a parent to care for a new child; eligibility, duration, and pay differ by country and employer.","Vanemapuhkus on töölt eemal viibimise aeg, mil vanem hoolitseb uue lapse eest; õigused, kestus ja tasu erinevad riigi ning tööandja järgi.",Parental leave — Wikipedia,https://en.wikipedia.org/wiki/Parental_leave,CC-BY-SA-4.0,2026-08-28,reviewed,true
built-in-adult-clue-0349,built-in-adult,Adult (Mature) / Täiskasvanutele,built-in-adult-set-070,board,round-one,4,hard,sex-work-history-regulation,Rights at Work,Õigused tööl,This principle calls for equivalent compensation for equal or comparable work.,See põhimõte nõuab võrdse või võrreldava töö eest samaväärset tasu.,Equal pay,Võrdne palk,,,"Equal pay for equal work is the concept of labour rights that individuals in the same workplace be given equal pay. It is most commonly used in the context of sexual discrimination, in relation to the gender pay gap.","Võrdse töö eest võrdne tasu on töötajate õiguste kontseptsioon, mille kohaselt makstakse samal töökohal olevatele isikutele võrdne tasu. Seda kasutatakse kõige sagedamini seksuaalse diskrimineerimise kontekstis, seoses soolise palgalõhega.",Equal pay — Wikipedia,https://en.wikipedia.org/wiki/Equal_pay_for_equal_work,CC-BY-SA-4.0,2026-08-28,reviewed,true
built-in-adult-clue-0350,built-in-adult,Adult (Mature) / Täiskasvanutele,built-in-adult-set-070,board,round-one,5,hard,sex-work-history-regulation,Rights at Work,Õigused tööl,A union and employer negotiate wages and conditions through this process.,Ametiühing ja tööandja lepivad selle protsessi kaudu kokku palgas ja tingimustes.,Collective bargaining,Kollektiivläbirääkimised,,,"Collective bargaining is negotiation between an employer and employees represented by a union over wages, working conditions, benefits, and related terms.","Kollektiivläbirääkimised on tööandja ja ametiühingu esindatud töötajate läbirääkimised palga, töötingimuste, hüvitiste ja muude kokkulepete üle.",Collective bargaining — Wikipedia,https://en.wikipedia.org/wiki/Collective_bargaining,CC-BY-SA-4.0,2026-08-28,reviewed,true
built-in-adult-clue-0351,built-in-adult,Adult (Mature) / Täiskasvanutele,built-in-adult-set-071,board,round-one,1,hard,adult-entertainment-history,From Cinema to Streaming,Kinost voogedastuseni,Many auditoriums showing different films share one building in this cinema type.,"Selles kinotüübis jagavad üht hoonet paljud saalid, mis näitavad erinevaid filme.",Multiplex,Multiplekskino,,,A multiplex is a movie theater complex with multiple screens or auditoriums within a single complex. They are usually housed in a specially designed building.,Multipleks on mitme ekraani või auditooriumiga kinokompleks ühes kompleksis. Tavaliselt asuvad nad spetsiaalselt projekteeritud hoones.,Multiplex — Wikipedia,https://en.wikipedia.org/wiki/Multiplex_(movie_theater),CC-BY-SA-4.0,2026-08-28,reviewed,true
built-in-adult-clue-0352,built-in-adult,Adult (Mature) / Täiskasvanutele,built-in-adult-set-071,board,round-one,2,hard,adult-entertainment-history,From Cinema to Streaming,Kinost voogedastuseni,This theater or cinema performance takes place in the afternoon rather than the evening.,See teatri- või kinoseanss toimub õhtuse aja asemel pärastlõunal.,Matinee,Päevane etendus,,,"A matinee is a theatrical performance or film screening held during the daytime, especially in the afternoon.","Päevane etendus ehk matinee on teatrietendus või kinoseanss, mis toimub päeval, eriti pärastlõunal.",Matinee — Wikipedia,https://en.wikipedia.org/wiki/Matinee,CC-BY-SA-4.0,2026-08-28,reviewed,true
built-in-adult-clue-0353,built-in-adult,Adult (Mature) / Täiskasvanutele,built-in-adult-set-071,board,round-one,3,hard,adult-entertainment-history,From Cinema to Streaming,Kinost voogedastuseni,This purchase saves a complete film or episode file to a device for later offline playback.,"Selle ostuga salvestatakse terve filmi või osa fail seadmesse, et seda hiljem võrguühenduseta vaadata.",Digital download,Digitaalne allalaadimine,,,A digital movie purchase can be downloaded as a complete file to a device for later offline viewing rather than streamed only while connected.,"Digitaalselt ostetud filmi saab laadida tervikliku failina seadmesse, et vaadata seda hiljem võrguühenduseta, mitte üksnes ühenduse ajal voogedastada.",Redownload TV shows and movies that you purchased — Apple Support,https://support.apple.com/en-us/118239,Proprietary; citation-only,2026-08-28,reviewed,true
built-in-adult-clue-0354,built-in-adult,Adult (Mature) / Täiskasvanutele,built-in-adult-set-071,board,round-one,4,hard,adult-entertainment-history,From Cinema to Streaming,Kinost voogedastuseni,This service lets viewers choose a program whenever they want instead of following a schedule.,"See teenus võimaldab vaatajal valida saate soovitud ajal, mitte järgida programmi.",Video on demand,Nõudevideo,,,"Video on demand (VOD) is a media distribution system that allows users to access television shows, films, and videos digitally on request.","Nõudevideo ehk VOD on meediateenus, mis võimaldab kasutajal filmi või saadet valida ja vaadata talle sobival ajal.",Video on demand — Wikipedia,https://en.wikipedia.org/wiki/Video_on_demand,CC-BY-SA-4.0,2026-08-28,reviewed,true
built-in-adult-clue-0355,built-in-adult,Adult (Mature) / Täiskasvanutele,built-in-adult-set-071,board,round-one,5,hard,adult-entertainment-history,From Cinema to Streaming,Kinost voogedastuseni,This grand early cinema style offered ornate lobbies and thousands of seats.,See suursugune varajane kinotüüp pakkus ehitud fuajeesid ja tuhandeid istekohti.,Movie palace,Kinopalee,,,"A movie palace (or picture palace in the United Kingdom) is a large, elaborately decorated movie theater built from the 1910s to the 1940s. The late 1920s saw the peak of the movie palace, with hundreds opening every year between 1925 and 1930.","Filmipalee (või Ühendkuningriigis pildipalee) on 1910. aastatest 1940. aastateni ehitatud suur ja põhjalikult kaunistatud kino. 1920. aastate lõpus oli filmipalee kõrgaeg, aastatel 1925–1930 avati igal aastal sadu.",Movie palace — Wikipedia,https://en.wikipedia.org/wiki/Movie_palace,CC-BY-SA-4.0,2026-08-28,reviewed,true
built-in-adult-clue-0356,built-in-adult,Adult (Mature) / Täiskasvanutele,built-in-adult-set-072,board,round-one,1,hard,adult-entertainment-history,Movie Night Technology,Filmiõhtu tehnika,This machine throws a moving image onto a screen.,See masin projitseerib liikuva pildi ekraanile.,Projector,Projektor,,,"A movie projector (or film projector) is an opto-mechanical device for displaying motion picture film by projecting it onto a screen. Most of the optical and mechanical elements, except for the illumination and sound devices, are present in movie cameras.",Filmiprojektor suunab filmilindilt või digitaalsest allikast järjestikused kujutised objektiivi kaudu ekraanile.,Projector — Wikipedia,https://en.wikipedia.org/wiki/Movie_projector,CC-BY-SA-4.0,2026-08-28,reviewed,true
built-in-adult-clue-0357,built-in-adult,Adult (Mature) / Täiskasvanutele,built-in-adult-set-072,board,round-one,2,hard,adult-entertainment-history,Movie Night Technology,Filmiõhtu tehnika,Apps and an internet connection are built into this television type.,Rakendused ja internetiühendus on sellesse teleritüüpi sisse ehitatud.,Smart TV,Nutiteler,,,"A smart TV, also known as a connected TV (CTV, or rarely, CoTV), is a traditional television set with integrated internet and interactive Web 2.0 features that allow users to stream music and videos, browse the internet, and view photos. Smart TVs are a technological convergence of computers, televisions, and digital media players.","Nutiteler, tuntud ka kui ühendatud teler (CTV või harva ka CoTV), on traditsiooniline televiisor koos integreeritud Interneti ja interaktiivsete Web 2.0 funktsioonidega, mis võimaldavad kasutajatel voogesitada muusikat ja videoid, sirvida Internetti ja vaadata fotosid. Nutitelerid on arvutite, telerite ja digitaalsete meediumipleierite tehnoloogiline lähenemine.",Smart TV — Wikipedia,https://en.wikipedia.org/wiki/Smart_TV,CC-BY-SA-4.0,2026-08-28,reviewed,true
built-in-adult-clue-0358,built-in-adult,Adult (Mature) / Täiskasvanutele,built-in-adult-set-072,board,round-one,3,hard,adult-entertainment-history,Movie Night Technology,Filmiõhtu tehnika,A heated kettle pops kernels behind the cinema counter in this device.,Selle seadme kuumutatud katlas paisuvad kinokioski jaoks maisiterad popkorniks.,Popcorn machine,Popkornimasin,,,A popcorn machine heats corn kernels until their moisture expands and the kernels pop into the familiar cinema snack.,"Popkornimasin kuumutab maisiteri, kuni neis olev niiskus paisub ja terad lõhkevad kinost tuntud suupisteks.",Popcorn machine — Wikipedia,https://en.wikipedia.org/wiki/Popcorn_maker,CC-BY-SA-4.0,2026-08-28,reviewed,true
built-in-adult-clue-0359,built-in-adult,Adult (Mature) / Täiskasvanutele,built-in-adult-set-072,board,round-one,4,hard,adult-entertainment-history,Movie Night Technology,Filmiõhtu tehnika,"This long, narrow speaker sits below a television to improve movie audio.",See pikk kitsas kõlar asub teleri all ja parandab filmiheli.,Soundbar,Ribakõlar,,,"A soundbar is a wide, low loudspeaker enclosure designed to sit above or below a television.","Ribakõlar on lai ja madal kõlarikorpus, mis on mõeldud paigutamiseks teleri kohale või alla.",Soundbar — Wikipedia,https://en.wikipedia.org/wiki/Soundbar,CC-BY-SA-4.0,2026-08-28,reviewed,true
built-in-adult-clue-0360,built-in-adult,Adult (Mature) / Täiskasvanutele,built-in-adult-set-072,board,round-one,5,hard,adult-entertainment-history,Movie Night Technology,Filmiõhtu tehnika,This digital cable carries high-definition picture and sound between home devices.,See digikaabel edastab koduseadmete vahel kõrglahutusega pilti ja heli.,HDMI cable,HDMI-kaabel,,,"HDMI (High-Definition Multimedia Interface) is a brand of proprietary digital interface used to transmit high-quality video and audio signals between devices. It is commonly used to connect devices such as televisions, computer monitors, projectors, gaming consoles, and personal computers.","HDMI (High-Definition Multimedia Interface) on patenteeritud digitaalliides, mida kasutatakse kvaliteetsete video- ja helisignaalide edastamiseks seadmete vahel. Seda kasutatakse tavaliselt selliste seadmete ühendamiseks nagu televiisorid, arvutimonitorid, projektorid, mängukonsoolid ja personaalarvutid.",HDMI cable — Wikipedia,https://en.wikipedia.org/wiki/HDMI,CC-BY-SA-4.0,2026-08-28,reviewed,true
built-in-adult-clue-0361,built-in-adult,Adult (Mature) / Täiskasvanutele,built-in-adult-set-073,board,round-one,1,hard,adult-entertainment-history,How We Watched at Home,Kuidas me kodus vaatasime,This handheld device changes channels from the sofa.,See käeshoitav seade vahetab kanaleid diivanilt.,Remote control,Kaugjuhtimispult,,,"A remote control, also known colloquially as a remote or clicker, is an electronic device used to operate another device from a distance, usually wirelessly. In consumer electronics, a remote control can be used to operate devices such as a television set, DVD player or other digital home media appliance.","Kaugjuhtimispult on käeshoitav seade, millega juhitakse telerit eemalt, näiteks vahetatakse kanalit või muudetakse helitugevust.",Remote control — Wikipedia,https://en.wikipedia.org/wiki/Remote_control,CC-BY-SA-4.0,2026-08-28,reviewed,true
built-in-adult-clue-0362,built-in-adult,Adult (Mature) / Täiskasvanutele,built-in-adult-set-073,board,round-one,2,hard,adult-entertainment-history,How We Watched at Home,Kuidas me kodus vaatasime,"Founded in 2005, this site made 'Broadcast Yourself' its slogan.",2005. aastal asutatud veebisait kasutas hüüdlauset „Broadcast Yourself“.,YouTube,YouTube,,,YouTube launched in 2005 and used the slogan “Broadcast Yourself” in its early branding.,YouTube alustas 2005. aastal ning kasutas oma varases brändingus tunnuslauset „Broadcast Yourself“.,YouTube — Wikipedia,https://en.wikipedia.org/wiki/YouTube,CC-BY-SA-4.0,2026-08-28,reviewed,true
built-in-adult-clue-0363,built-in-adult,Adult (Mature) / Täiskasvanutele,built-in-adult-set-073,board,round-one,3,hard,adult-entertainment-history,How We Watched at Home,Kuidas me kodus vaatasime,A wired subscription brought many channels into homes under this name.,Juhtmega tellimusteenus tõi selle nime all kodudesse palju kanaleid.,Cable television,Kaabeltelevisioon,,,Cable television is a system for delivering broadcast programming to viewers by radio frequency (RF) signals transmitted through coaxial cable and through fibre-optic cable.,"Kaabeltelevisioon on süsteem telesaadete edastamiseks vaatajatele raadiosageduslike (RF) signaalide kaudu, mis edastatakse koaksiaalkaabli ja fiiberoptilise kaabli kaudu.",Cable television — Wikipedia,https://en.wikipedia.org/wiki/Cable_television,CC-BY-SA-4.0,2026-08-28,reviewed,true
built-in-adult-clue-0364,built-in-adult,Adult (Mature) / Täiskasvanutele,built-in-adult-set-073,board,round-one,4,hard,adult-entertainment-history,How We Watched at Home,Kuidas me kodus vaatasime,Customers once borrowed tapes or discs from this store for movie night.,Kliendid laenasid kunagi sellest poest filmiõhtuks kassette või plaate.,Video rental shop,Videolaenutus,,,"A video rental shop/store is a physical retail business that rents home videos such as movies, prerecorded TV shows, video game cartridges/discs and other media content. Typically, a rental shop conducts business with customers under conditions and terms agreed upon in a rental agreement or contract, which may be implied, explicit, or written.","Videolaenutus oli pood, kust klient sai filmi sisaldava videokasseti või plaadi kindlaks ajaks koju laenata.",Video rental shop — Wikipedia,https://en.wikipedia.org/wiki/Video_rental_shop,CC-BY-SA-4.0,2026-08-28,reviewed,true
built-in-adult-clue-0365,built-in-adult,Adult (Mature) / Täiskasvanutele,built-in-adult-set-073,board,round-one,5,hard,adult-entertainment-history,How We Watched at Home,Kuidas me kodus vaatasime,"A deep, heavy television once formed pictures inside this glass tube.",Sügav ja raske teler tekitas kunagi pildi selles klaastorus.,Cathode-ray tube,Katoodkiiretoru,,,"A cathode ray tube (CRT) is a vacuum tube containing one or more electron guns, which emit electron beams, which are directed and controlled to display images on a phosphorescent screen. The images may represent electrical waveforms on an oscilloscope, a frame of video on an analog television set (TV), digital raster graphics on a computer monitor, or other phenomena like radar targets.","Katoodkiiretoru (CRT) on vaakumtoru, mis sisaldab ühte või mitut elektronkahurit, mis kiirgavad elektronkiire, mida suunatakse ja juhitakse kujutiste kuvamiseks fosforestseeruval ekraanil. Kujutised võivad kujutada elektrilisi lainekujusid ostsilloskoobis, videokaadrit analoogtelevisioonis (TV), digitaalset rastergraafikat arvutimonitoril või muid nähtusi, näiteks radari sihtmärke.",Cathode-ray tube — Wikipedia,https://en.wikipedia.org/wiki/Cathode-ray_tube,CC-BY-SA-4.0,2026-08-28,reviewed,true
built-in-adult-clue-0366,built-in-adult,Adult (Mature) / Täiskasvanutele,built-in-adult-set-074,board,round-one,1,hard,adult-entertainment-history,Pictures Bigger and Brighter,Suuremad ja eredamad pildid,This process adds color to footage that was originally photographed in black and white.,Selle protsessiga lisatakse värvid algselt mustvalgelt filmitud materjalile.,Film colorization,Filmi koloreerimine,,,Film colorization adds color to black-and-white motion-picture footage through manual or digital techniques.,Filmi koloreerimisel lisatakse mustvalgele filmimaterjalile värvid käsitsi või digitaalse töötluse abil.,Film colorization — Wikipedia,https://en.wikipedia.org/wiki/Film_colorization,CC-BY-SA-4.0,2026-08-28,reviewed,true
built-in-adult-clue-0367,built-in-adult,Adult (Mature) / Täiskasvanutele,built-in-adult-set-074,board,round-one,2,hard,adult-entertainment-history,Pictures Bigger and Brighter,Suuremad ja eredamad pildid,This format makes the picture much broader than it is tall.,See formaat teeb pildi palju laiemaks kui kõrgeks.,Widescreen,Laiekraan,,,"Widescreen images are displayed within a set of aspect ratios (relationship of image width to height) used in film, television and computer screens. For TV, the original screen ratio for broadcasts was in 4:3 (1.33:1).","Laiekraanpilte kuvatakse filmi-, televiisori- ja arvutiekraanidel kasutatavate kuvasuhete (pildi laiuse ja kõrguse suhe) piires. Teleri puhul oli saadete esialgne ekraanisuhe 4:3 (1,33:1).",Widescreen — Wikipedia,https://en.wikipedia.org/wiki/Widescreen,CC-BY-SA-4.0,2026-08-28,reviewed,true
built-in-adult-clue-0368,built-in-adult,Adult (Mature) / Täiskasvanutele,built-in-adult-set-074,board,round-one,3,hard,adult-entertainment-history,Pictures Bigger and Brighter,Suuremad ja eredamad pildid,Special glasses make images appear to extend toward the audience in this format.,Eriprillid panevad selles formaadis kujutised näima publiku poole ulatuvat.,3D film,3D-film,,,"A 3D film presents slightly different images to each eye, usually through special glasses, to create an illusion of depth.","3D-film esitab kummalegi silmale veidi erineva kujutise, tavaliselt eriprillide abil, et luua sügavuse illusioon.",3D film — Wikipedia,https://en.wikipedia.org/wiki/3D_film,CC-BY-SA-4.0,2026-08-28,reviewed,true
built-in-adult-clue-0369,built-in-adult,Adult (Mature) / Täiskasvanutele,built-in-adult-set-074,board,round-one,4,hard,adult-entertainment-history,Pictures Bigger and Brighter,Suuremad ja eredamad pildid,Very large screens and a proprietary projection system carry these four letters.,Väga suured ekraanid ja eriline projektsioonisüsteem kannavad neid nelja tähte.,IMAX,IMAX,,,"IMAX is a cinema system built around high-resolution image capture, large screens, and specialized projection.","IMAX on kinosüsteem, mis ühendab suure lahutusega pildisalvestuse, suured ekraanid ja eriprojektsiooni.",IMAX — Wikipedia,https://en.wikipedia.org/wiki/IMAX,CC-BY-SA-4.0,2026-08-28,reviewed,true
built-in-adult-clue-0370,built-in-adult,Adult (Mature) / Täiskasvanutele,built-in-adult-set-074,board,round-one,5,hard,adult-entertainment-history,Pictures Bigger and Brighter,Suuremad ja eredamad pildid,Three synchronized projectors created this deeply curved widescreen cinema process.,Kolm sünkroonitud projektorit lõid selle tugevalt kaarduva laiekraanilise kinoprotsessi.,Cinerama,Cinerama,,,Cinerama was a widescreen process that originally used three synchronized projectors on a curved screen.,"Cinerama oli laiekraaniprotsess, mis kasutas algselt kolme sünkroonitud projektorit ja kaarduvat ekraani.",Cinerama — Wikipedia,https://en.wikipedia.org/wiki/Cinerama,CC-BY-SA-4.0,2026-08-28,reviewed,true
built-in-adult-clue-0371,built-in-adult,Adult (Mature) / Täiskasvanutele,built-in-adult-set-075,board,round-one,1,hard,adult-entertainment-history,Home Media Formats,Kodused meediaformaadid,Movies moved from tape to this digital optical disc in the late 1990s.,Filmid liikusid 1990. aastate lõpus lindilt sellele digitaalsele optilisele plaadile.,DVD,DVD,,,"DVD (Digital Video Disc or Digital Versatile Disc) is a digital optical disc data storage format. It was invented and developed in 1995 and first released on November 1, 1996, in Japan.",DVD (Digital Video Disc või Digital Versatile Disc) on digitaalse optilise plaadi andmesalvestusvorming. See leiutati ja töötati välja 1995. aastal ning lasti esmakordselt välja 1. novembril 1996 Jaapanis.,DVD — Wikipedia,https://en.wikipedia.org/wiki/DVD,CC-BY-SA-4.0,2026-08-28,reviewed,true
built-in-adult-clue-0372,built-in-adult,Adult (Mature) / Täiskasvanutele,built-in-adult-set-075,board,round-one,2,hard,adult-entertainment-history,Home Media Formats,Kodused meediaformaadid,This bulky videocassette won the home-video format war against Betamax.,See suur videokassett võitis koduvideo formaadisõja Betamaxi vastu.,VHS,VHS,,,JVC introduced VHS in 1976 as an analog videocassette format. VHS defeated Betamax in the home-video format war and became the dominant tape format of the 1980s and 1990s.,JVC tutvustas VHS-i 1976. aastal analoogvideokasseti formaadina. VHS võitis koduvideo formaadisõja Betamaxi vastu ning sai 1980. ja 1990. aastate valdavaks lindiformaadiks.,VHS — Wikipedia,https://en.wikipedia.org/wiki/VHS,CC-BY-SA-4.0,2026-08-28,reviewed,true
built-in-adult-clue-0373,built-in-adult,Adult (Mature) / Täiskasvanutele,built-in-adult-set-075,board,round-one,3,hard,adult-entertainment-history,Home Media Formats,Kodused meediaformaadid,A blue-violet laser reads this high-definition disc format.,Sinakasvioletne laser loeb seda kõrglahutusega plaadiformaati.,Blu-ray,Blu-ray,,,"Blu-ray (Blu-ray Disc or BD) is a digital optical disc data storage format designed to supersede the DVD format. It was invented and developed in the early-mid 2000s and released worldwide on June 20, 2006, capable of storing several hours of high-definition video (HDTV 720p and 1080p).","Blu-ray (Blu-ray Disc või BD) on digitaalse optilise plaadi andmesalvestusvorming, mis on loodud asendama DVD-vormingut. See leiutati ja töötati välja 2000. aastate alguses-keskpaigas ning avaldati kogu maailmas 20. juunil 2006 ning see on võimeline salvestama mitu tundi kõrglahutusega videot (HDTV 720p ja 1080p).",Blu-ray — Wikipedia,https://en.wikipedia.org/wiki/Blu-ray,CC-BY-SA-4.0,2026-08-28,reviewed,true
built-in-adult-clue-0374,built-in-adult,Adult (Mature) / Täiskasvanutele,built-in-adult-set-075,board,round-one,4,hard,adult-entertainment-history,Home Media Formats,Kodused meediaformaadid,A turntable playing a 33⅓-rpm LP lowers a stylus into the grooves of this format.,33⅓ p/min LP-plaati mängiv plaadimängija langetab nõela selle helikandja vagudesse.,Vinyl record,Vinüülplaat,,,A vinyl record is a disc-shaped analogue sound carrier whose spiral groove is read by a stylus on a turntable.,"Vinüülplaat on kettakujuline analooghelikandja, mille spiraalset vagu loeb plaadimängija nõel.",Vinyl record — Wikipedia,https://en.wikipedia.org/wiki/Phonograph_record,CC-BY-SA-4.0,2026-08-28,reviewed,true
built-in-adult-clue-0375,built-in-adult,Adult (Mature) / Täiskasvanutele,built-in-adult-set-075,board,round-one,5,hard,adult-entertainment-history,Home Media Formats,Kodused meediaformaadid,Philips introduced this pocket-sized magnetic format with two enclosed reels in 1963.,Philips tõi 1963. aastal turule selle taskusuuruse kahe suletud rulliga magnetformaadi.,Cassette tape,Helikassett,,,"The cassette tape, officially named the Compact Cassette, and also known as audio cassette, or simply tape or cassette, is an analog magnetic tape recording format for audio recording and playback. Invented by Lou Ottens and his team at the Dutch company Philips, the Compact Cassette was introduced in August 1963, and Philips freely licensed the patented format to other manufacturers from 1966.","Kassettlint, ametliku nimega Compact Cassette ja tuntud ka kui helikassett või lihtsalt lint või kassett, on analoogmagnetlindi salvestusvorming heli salvestamiseks ja taasesitamiseks. Lou Ottensi ja tema meeskonna poolt Hollandi ettevõttes Philips leiutatud kompaktkassett võeti kasutusele augustis 1963 ja Philips litsentseeris patenteeritud formaadi vabalt teistele tootjatele alates 1966. aastast.",Cassette tape — Wikipedia,https://en.wikipedia.org/wiki/Cassette_tape,CC-BY-SA-4.0,2026-08-28,reviewed,true
built-in-adult-clue-0376,built-in-adult,Adult (Mature) / Täiskasvanutele,built-in-adult-set-076,board,round-one,1,hard,adult-entertainment-history,Selling a Movie,Filmi müümine,This short preview advertises a coming film.,See lühike eelvaade reklaamib peagi saabuvat filmi.,Trailer,Treiler,,,"A trailer (also known as a preview, coming attraction, or attraction video) is a short advertisement, originally designed for a feature film, which highlights key scenes of upcoming features intended to be exhibited in the future at a movie theater or cinema. It is a product of creative and technical work.","Filmitreiler on lühike reklaamvideo, mis koondab valitud stseenid ja tutvustab peagi kinno või voogedastusse jõudvat filmi.",Trailer — Wikipedia,https://en.wikipedia.org/wiki/Trailer_(promotion),CC-BY-SA-4.0,2026-08-28,reviewed,true
built-in-adult-clue-0377,built-in-adult,Adult (Mature) / Täiskasvanutele,built-in-adult-set-076,board,round-one,2,hard,adult-entertainment-history,Selling a Movie,Filmi müümine,"A film's title, stars, and key image appear on this printed advertisement.","Filmi pealkiri, staarid ja põhipilt ilmuvad sellel trükireklaamil.",Poster,Plakat,,,A film poster is a poster used to promote and advertise a film primarily to persuade paying customers into a movie theater to see it. Studios often print several posters that vary in size and content for various domestic and international markets.,"Filmiplakat on reklaam, mis tutvustab filmi ning kutsub publikut seda kinno vaatama.",Poster — Wikipedia,https://en.wikipedia.org/wiki/Film_poster,CC-BY-SA-4.0,2026-08-28,reviewed,true
built-in-adult-clue-0378,built-in-adult,Adult (Mature) / Täiskasvanutele,built-in-adult-set-076,board,round-one,3,hard,adult-entertainment-history,Selling a Movie,Filmi müümine,Stars walk a red carpet at this first public showing.,Staarid kõnnivad punasel vaibal sellel esimesel avalikul linastusel.,Premiere,Esilinastus,,,"A film premiere is the first public screening of a film, usually presented as a special event for invited guests and media.","Filmi esilinastus on filmi esimene avalik linastus, mida korraldatakse sageli kutsutud külaliste ja ajakirjanduse eriüritusena.",Premiere — Wikipedia,https://en.wikipedia.org/wiki/Premiere,CC-BY-SA-4.0,2026-08-28,reviewed,true
built-in-adult-clue-0379,built-in-adult,Adult (Mature) / Täiskasvanutele,built-in-adult-set-076,board,round-one,4,hard,adult-entertainment-history,Selling a Movie,Filmi müümine,'In space no one can hear you scream' is this kind of memorable marketing line.,„Kosmoses ei kuule keegi su karjumist“ on sellist tüüpi meeldejääv turunduslause.,Tagline,Reklaamlause,Slogan,Tunnuslause,"In entertainment, a tagline (alternatively spelled tag line) is a short text which serves to clarify a thought for, or is designed with a form of, dramatic effect. Many tagline slogans are reiterated phrases associated with an individual, social group, or product.","Reklaamlause on lühike meeldejääv fraas, millega filmi turunduses rõhutatakse selle meeleolu või keskset ideed.",Tagline — Wikipedia,https://en.wikipedia.org/wiki/Tagline,CC-BY-SA-4.0,2026-08-28,reviewed,true
built-in-adult-clue-0380,built-in-adult,Adult (Mature) / Täiskasvanutele,built-in-adult-set-076,board,round-one,5,hard,adult-entertainment-history,Selling a Movie,Filmi müümine,Actors answer many short interviews in one hotel during this concentrated publicity event.,Näitlejad annavad sellel koondatud reklaamiüritusel ühes hotellis palju lühikesi intervjuusid.,Press junket,Pressiüritus,,,"A press junket brings journalists to one location, often a hotel, for a schedule of short promotional interviews with a film's actors and creators.","Pressiüritus toob ajakirjanikud ühte kohta, sageli hotelli, kus nad teevad filmi näitlejate ja tegijatega järjest lühikesi reklaamiintervjuusid.",Press junket — Wikipedia,https://en.wikipedia.org/wiki/Press_junket,CC-BY-SA-4.0,2026-08-28,reviewed,true
built-in-adult-clue-0381,built-in-adult,Adult (Mature) / Täiskasvanutele,built-in-adult-set-077,board,round-one,1,hard,adult-entertainment-history,Behind the Screen,Ekraani taga,This person guides actors and the creative vision of a film.,See inimene juhib näitlejaid ja filmi loomingulist nägemust.,Director,Režissöör,,,"A film director or filmmaker is a person who controls a film's artistic and dramatic aspects and visualizes the screenplay (or script) while guiding the film crew and actors in the fulfillment of that vision. The director has a key role in choosing the cast members, production design and all the creative aspects of filmmaking in cooperation with the producer.","Režissöör juhib näitlejate tööd ja filmi loomingulist tervikut, tõlgendades stsenaariumi koos võttegrupi eri osakondadega.",Director — Wikipedia,https://en.wikipedia.org/wiki/Film_director,CC-BY-SA-4.0,2026-08-28,reviewed,true
built-in-adult-clue-0382,built-in-adult,Adult (Mature) / Täiskasvanutele,built-in-adult-set-077,board,round-one,2,hard,adult-entertainment-history,Behind the Screen,Ekraani taga,"Financing, schedules, and logistics often fall to this film professional.","Rahastus, ajakavad ja logistika kuuluvad sageli sellele filmispetsialistile.",Producer,Produtsent,,,"A film producer is a person who oversees film production, from finding and selecting promising material for development, through to post-production, marketing and distribution of the film. They plan and coordinate various aspects of film production, such as selecting the script, coordinating writing, directing, editing, and arranging financing.","Filmiprodutsent on isik, kes jälgib filmi tootmist, alates paljutõotava materjali leidmisest ja väljavalimisest kuni filmi järeltootmiseni, turustamise ja levitamiseni. Nad kavandavad ja koordineerivad filmitootmise erinevaid aspekte, nagu stsenaariumi valimine, kirjutamise koordineerimine, režii, montaaž ja rahastamise korraldamine.",Producer — Wikipedia,https://en.wikipedia.org/wiki/Film_producer,CC-BY-SA-4.0,2026-08-28,reviewed,true
built-in-adult-clue-0383,built-in-adult,Adult (Mature) / Täiskasvanutele,built-in-adult-set-077,board,round-one,3,hard,adult-entertainment-history,Behind the Screen,Ekraani taga,"Crash mats, rehearsed falls, and a car chase may belong to this performer's working day.","Turvamatid, harjutatud kukkumised ja autode tagaajamine võivad kuuluda selle esineja tööpäeva.",Stunt performer,Kaskadöör,,,"A stunt performer, often called a stuntman or stuntwoman and occasionally stuntperson or stunt-person, is a trained professional who performs daring acts, often as a career. Stunt performers usually appear in films or on television, as opposed to a daredevil, who performs for a live audience.","Kaskadöör sooritab filmis või telesaates väljaõpet nõudvaid ohtlikke kukkumisi, võitlusi ja sõidukitrikke näitleja asemel või tema kõrval.",Stunt performer — Wikipedia,https://en.wikipedia.org/wiki/Stunt_performer,CC-BY-SA-4.0,2026-08-28,reviewed,true
built-in-adult-clue-0384,built-in-adult,Adult (Mature) / Täiskasvanutele,built-in-adult-set-077,board,round-one,4,hard,adult-entertainment-history,Behind the Screen,Ekraani taga,This film worker turns hours of footage into a final rhythm by deciding where one shot cuts to the next.,"See filmitöötaja loob tundidepikkusest materjalist lõpliku rütmi, otsustades, kus üks kaader läheb üle järgmiseks.",Film editor,Filmimonteerija,,,Film editing is the creative and technical part of the post-production process of filmmaking in which shots are combined into sequences that create a finished motion picture. The term is derived from the traditional process of working with film stock but now primarily uses digital technology. Source context retrieved in 2026.,"Filmi montaaž on filmitegemise järeltootmisprotsessi loominguline ja tehniline osa, mille käigus kaadrid kombineeritakse jadadeks, mis loovad valmis filmi. Mõiste tuleneb traditsioonilisest filmimaterjaliga töötamise protsessist, kuid kasutab nüüd peamiselt digitaaltehnoloogiat. Allikakontekst vaadatud 2026. aastal.",Film editor — Wikipedia,https://en.wikipedia.org/wiki/Film_editing,CC-BY-SA-4.0,2026-08-28,reviewed,true
built-in-adult-clue-0385,built-in-adult,Adult (Mature) / Täiskasvanutele,built-in-adult-set-077,board,round-one,5,hard,adult-entertainment-history,Behind the Screen,Ekraani taga,"Before an intimate scene is filmed, this crew member choreographs agreed movements and confirms performers' boundaries.",Enne intiimstseeni filmimist seab see võttemeeskonna liige kokku kokkulepitud liikumised ja kinnitab näitlejate piirid.,Intimacy coordinator,Intiimsuskoordinaator,,,"An intimacy coordinator is an occupation in the film and television industries. They are ""an advocate, a liaison between actors and production, and a movement coach and/or choreographer in regards to nudity and simulated sex, and other intimate and hyper-exposed scenes"".","Intiimsuskoordinaator kavandab intiimstseenide liikumise, nõusoleku ja piirid ning aitab esinejatel ja võttemeeskonnal neid kokkuleppeid järgida.",Intimacy coordinator — Wikipedia,https://en.wikipedia.org/wiki/Intimacy_coordinator,CC-BY-SA-4.0,2026-08-28,reviewed,true
built-in-adult-clue-0386,built-in-adult,Adult (Mature) / Täiskasvanutele,built-in-adult-set-078,board,round-one,1,hard,adult-entertainment-history,Awards Night,Auhinnaõhtu,The Academy presents this gold statuette for film achievement.,Akadeemia annab selle kuldkujukese filmisaavutuste eest.,Oscar,Oscar,,,"The Academy Awards, more commonly known as the Oscars, are awards based on artistic and technical merit in film. They are presented annually by the Academy of Motion Picture Arts and Sciences (AMPAS) in the United States in recognition of excellence in cinematic achievements around the world, as assessed by the Academy's voting membership.",Oscar on Ameerika Filmikunsti ja -teaduste Akadeemia väljaantav kuldse kujukesega filmiauhind; võitjad valib akadeemia hääleõiguslik liikmeskond.,Oscar — Wikipedia,https://en.wikipedia.org/wiki/Academy_Awards,CC-BY-SA-4.0,2026-08-28,reviewed,true
built-in-adult-clue-0387,built-in-adult,Adult (Mature) / Täiskasvanutele,built-in-adult-set-078,board,round-one,2,hard,adult-entertainment-history,Awards Night,Auhinnaõhtu,This statuette honors television and holds an atom above its head.,See teleauhinnakuju hoiab pea kohal aatomit.,Emmy,Emmy,,,"The Emmy statuette depicts a winged woman holding an atom, symbolizing television art and science.","Emmy kujuke kujutab tiivulist naist, kes hoiab aatomit, sümboliseerides televisiooni kunsti ja teadust.",Emmy — Wikipedia,https://en.wikipedia.org/wiki/Emmy_Awards,CC-BY-SA-4.0,2026-08-28,reviewed,true
built-in-adult-clue-0388,built-in-adult,Adult (Mature) / Täiskasvanutele,built-in-adult-set-078,board,round-one,3,hard,adult-entertainment-history,Awards Night,Auhinnaõhtu,Film and television share this award whose trophy is a globe.,"Film ja televisioon jagavad seda auhinda, mille kujuke on gloobus.",Golden Globe,Kuldgloobus,,,"The Golden Globe award covers film and television, and its trophy features a golden globe wrapped in filmstrip.",Kuldgloobuse auhind hõlmab filmi ja televisiooni ning selle kujukesel on filmilindiga ümbritsetud kuldne maakera.,Golden Globe — Wikipedia,https://en.wikipedia.org/wiki/Golden_Globe_Awards,CC-BY-SA-4.0,2026-08-28,reviewed,true
built-in-adult-clue-0389,built-in-adult,Adult (Mature) / Täiskasvanutele,built-in-adult-set-078,board,round-one,4,hard,adult-entertainment-history,Awards Night,Auhinnaõhtu,Britain's film academy presents awards under this five-letter abbreviation.,Briti filmiakadeemia annab auhindu välja selle viietähelise lühendi all.,BAFTA,BAFTA,,,BAFTA is the British Academy of Film and Television Arts and the familiar short name of its film and television awards.,BAFTA on Briti filmi- ja telekunsti akadeemia ning selle väljaantavate filmi- ja teleauhindade tuntud lühinimi.,BAFTA — Wikipedia,https://en.wikipedia.org/wiki/British_Academy_Film_Awards,CC-BY-SA-4.0,2026-08-28,reviewed,true
built-in-adult-clue-0390,built-in-adult,Adult (Mature) / Täiskasvanutele,built-in-adult-set-078,board,round-one,5,hard,adult-entertainment-history,Awards Night,Auhinnaõhtu,Cannes gives this French-named competition prize shaped like a palm branch.,"Cannes annab välja selle prantsuskeelse nimega võistlusauhinna, mis on kujundatud palmioksana.",Palme d'Or,Kuldne Palmioks,,,The Palme d'Or is awarded to the winning film in the Cannes Film Festival's official competition and is designed as a palm branch.,Kuldne Palmioks ehk Palme d'Or antakse Cannes'i filmifestivali põhivõistluse võidufilmile ning selle kujunduses on palmioks.,Palme d'Or — Wikipedia,https://en.wikipedia.org/wiki/Palme_d'Or,CC-BY-SA-4.0,2026-08-28,reviewed,true
built-in-adult-clue-0391,built-in-adult,Adult (Mature) / Täiskasvanutele,built-in-adult-set-079,board,round-one,1,hard,adult-entertainment-history,Television Around the World,Televisioon maailmas,"As of 2026, television licence fees chiefly fund this three-letter British public broadcaster, whose UK public channels do not carry ordinary commercial advertising.","2026. aasta seisuga rahastatakse telelitsentsitasudest peamiselt seda kolmetähelist Briti avalik-õiguslikku ringhäälingut, mille Ühendkuningriigi avalikel kanalitel ei näidata tavapärast kommertsreklaami.",BBC,BBC,,,"As of 2026, the television licence chiefly funds the BBC's UK public services, and its domestic public channels do not carry ordinary commercial advertising.",2026. aasta seisuga rahastab telelitsents peamiselt BBC Ühendkuningriigi avalikke teenuseid ning selle kodumaistel avalikel kanalitel ei näidata tavapärast kommertsreklaami.,Television licensing in the United Kingdom — BBC funding,https://en.wikipedia.org/wiki/Television_licensing_in_the_United_Kingdom#BBC,CC-BY-SA-4.0,2026-08-28,reviewed,true
built-in-adult-clue-0392,built-in-adult,Adult (Mature) / Täiskasvanutele,built-in-adult-set-079,board,round-one,2,hard,adult-entertainment-history,Television Around the World,Televisioon maailmas,The initial of Korea joins the word drama in this shorthand for South Korean television series.,Korea ingliskeelse nime algustäht liitub sõnaga drama selles Lõuna-Korea telesarjade lühinimetuses.,K-drama,K-draama,,,"Korean drama (Korean: 한국 드라마; RR: Hanguk deurama), also known as K-drama and Koreanovela, is a Korean-language television show made in South Korea. These shows began to be produced around the early 1960s, but were mostly consumed domestically until the rise of the Korean Wave in the 1990s.","Korea draama (korea keeles 한국 드라마; RR: Hanguk deurama), tuntud ka kui K-drama ja Koreanovela, on Lõuna-Koreas tehtud koreakeelne telesaade. Neid saateid hakati tootma umbes 1960. aastate alguses, kuid enamasti tarbiti neid siseriiklikult kuni Korea laine tõusuni 1990. aastatel.",K-drama — Wikipedia,https://en.wikipedia.org/wiki/Korean_drama,CC-BY-SA-4.0,2026-08-28,reviewed,true
built-in-adult-clue-0393,built-in-adult,Adult (Mature) / Täiskasvanutele,built-in-adult-set-079,board,round-one,3,hard,adult-entertainment-history,Television Around the World,Televisioon maailmas,Latin American television popularized this finite-run melodramatic serial.,Ladina-Ameerika televisioon muutis populaarseks selle piiratud pikkusega melodramaatilise sarja.,Telenovela,Telenovela,,,"A telenovela is a type of a television serial drama or soap opera produced primarily in Latin America. The word is a portmanteau of tele (for ""television"") and novela (meaning ""novel"").","Telenovela on peamiselt Ladina-Ameerikas toodetud teleseriaalide draama või seebiooper. See sõna on portmanteau sõnadest tele (""televisioon"") ja novela (tähendab ""romaan"").",Telenovela — Wikipedia,https://en.wikipedia.org/wiki/Telenovela,CC-BY-SA-4.0,2026-08-28,reviewed,true
built-in-adult-clue-0394,built-in-adult,Adult (Mature) / Täiskasvanutele,built-in-adult-set-079,board,round-one,4,hard,adult-entertainment-history,Television Around the World,Televisioon maailmas,Dark crime dramas from Scandinavian countries are grouped under this genre label.,Skandinaavia riikide sünged krimidraamad koondatakse selle žanrinime alla.,Nordic noir,Põhjamaade noir,,,"Nordic noir, also known as Scandinavian noir, is a genre of crime fiction usually written from a police point of view and set in Scandinavia or the Nordic countries. Nordic noir often employs plain language, avoiding metaphor, and is typically set in bleak landscapes.","Nordic noir, tuntud ka kui Scandinavian noir, on kriminaalkirjanduse žanr, mis on tavaliselt kirjutatud politsei vaatenurgast ja mille tegevus toimub Skandinaavias või Põhjamaades. Nordic noir kasutab sageli lihtsat keelt, vältides metafoori ja on tavaliselt aset leidnud süngetel maastikel.",Nordic noir — Wikipedia,https://en.wikipedia.org/wiki/Nordic_noir,CC-BY-SA-4.0,2026-08-28,reviewed,true
built-in-adult-clue-0395,built-in-adult,Adult (Mature) / Täiskasvanutele,built-in-adult-set-079,board,round-one,5,hard,adult-entertainment-history,Television Around the World,Televisioon maailmas,The initials of Nippon Hōsō Kyōkai name this Japanese public broadcaster.,Nime Nippon Hōsō Kyōkai algustähed moodustavad selle Jaapani avalik-õigusliku ringhäälingu nime.,NHK,NHK,,,"The Japan Broadcasting Corporation (Japanese: 日本放送協会, Hepburn: Nippon Hōsō Kyōkai), also known by its romanized initialism NHK, is a Japanese public broadcaster. It is a statutory corporation funded by viewers' payments of a television license fee.","NHK on Jaapani seaduse alusel tegutsev avalik-õiguslik ringhääling, mida rahastatakse peamiselt vastuvõtuseadmete omanike makstavatest tasudest.",NHK — Wikipedia,https://en.wikipedia.org/wiki/NHK,CC-BY-SA-4.0,2026-08-28,reviewed,true
built-in-adult-clue-0396,built-in-adult,Adult (Mature) / Täiskasvanutele,built-in-adult-set-080,board,round-one,1,hard,adult-entertainment-history,Signals and Subscriptions,Signaalid ja tellimused,This metal device receives broadcast signals through the air.,See metallseade võtab õhu kaudu vastu ringhäälingusignaale.,Antenna,Antenn,,,"In radio-frequency engineering, an antenna (American English) or aerial (British English) is a structure used to convert alternating electric currents into radio waves for transmission, and to convert radio waves back into electric currents for reception. It is the interface between radio waves propagating through space and electric currents moving in metal conductors, used with a transmitter or receiver.",Antenn võtab vastu või edastab raadio- ja telesignaale elektromagnetlainete kaudu.,Antenna — Wikipedia,https://en.wikipedia.org/wiki/Antenna_(radio),CC-BY-SA-4.0,2026-08-28,reviewed,true
built-in-adult-clue-0397,built-in-adult,Adult (Mature) / Täiskasvanutele,built-in-adult-set-080,board,round-one,2,hard,adult-entertainment-history,Signals and Subscriptions,Signaalid ja tellimused,This bowl-shaped rooftop receiver points toward an orbiting transmitter.,See kausikujuline katusevastuvõtja on suunatud orbiidil olevale saatjale.,Satellite dish,Satelliiditaldrik,,,A satellite dish is a dish-shaped type of parabolic antenna designed to receive or transmit information by radio waves to or from a communication satellite. The term most commonly means a dish which receives direct-broadcast satellite television from a direct broadcast satellite in geostationary orbit.,"Satelliitantenn on taldrikujuline paraboolantenn, mis on ette nähtud teabe vastuvõtmiseks või edastamiseks raadiolainete kaudu sidesatelliidile või sidesatelliidilt. Mõiste tähendab enamasti taldrikut, mis võtab vastu satelliittelevisiooni otseedastust geostatsionaarsel orbiidil olevalt otseedastussatelliidilt.",Satellite dish — Wikipedia,https://en.wikipedia.org/wiki/Satellite_dish,CC-BY-SA-4.0,2026-08-28,reviewed,true
built-in-adult-clue-0398,built-in-adult,Adult (Mature) / Täiskasvanutele,built-in-adult-set-080,board,round-one,3,hard,adult-entertainment-history,Signals and Subscriptions,Signaalid ja tellimused,This receiver beside a television decodes subscription channels or digital signals.,See teleri kõrval olev vastuvõtja dekodeerib tellimuskanaleid või digisignaale.,Set-top box,Digiboks,,,"A set-top box (STB), also known as a cable box, receiver, or simply box, and historically television decoder or a converter, is an information appliance device that generally contains a TV tuner input and displays output to a television set, turning the source signal into content in a form that can then be displayed on the television screen or other display device.","Digiboks on teleri kõrval olev vastuvõtuseade, mis dekodeerib digitaal- või tellimussignaali ekraanil esitamiseks.",Set-top box — Wikipedia,https://en.wikipedia.org/wiki/Set-top_box,CC-BY-SA-4.0,2026-08-28,reviewed,true
built-in-adult-clue-0399,built-in-adult,Adult (Mature) / Täiskasvanutele,built-in-adult-set-080,board,round-one,4,hard,adult-entertainment-history,Signals and Subscriptions,Signaalid ja tellimused,A viewer pays separately for one boxing match or event under this model.,Vaataja maksab selle mudeli puhul eraldi ühe poksimatši või ürituse eest.,Pay-per-view,Tasuline üksikvaatamine,,,"Pay-per-view (PPV) is a type of pay television or webcast service that enables a viewer to pay to watch individual events via private telecast. Events can be purchased through a multichannel television platform using their electronic program guide, an automated telephone system, or through a live customer service representative.","Ühekordse tasu eest vaatamise mudelis maksab vaataja eraldi ühe konkreetse saate või otseürituse, näiteks poksimatši eest.",Pay-per-view — Wikipedia,https://en.wikipedia.org/wiki/Pay-per-view,CC-BY-SA-4.0,2026-08-28,reviewed,true
built-in-adult-clue-0400,built-in-adult,Adult (Mature) / Täiskasvanutele,built-in-adult-set-080,board,round-one,5,hard,adult-entertainment-history,Signals and Subscriptions,Signaalid ja tellimused,This software setting blocks websites or online material that match selected categories.,"See tarkvarasäte blokeerib veebisaite või veebimaterjali, mis vastavad valitud kategooriatele.",Content filter,Sisufilter,,,"A content filter restricts access to online material according to rules such as categories, keywords, or addresses.","Sisufilter piirab juurdepääsu veebimaterjalile selliste reeglite järgi nagu kategooriad, märksõnad või aadressid.",Content-control software — Wikipedia,https://en.wikipedia.org/wiki/Content-control_software,CC-BY-SA-4.0,2026-08-28,reviewed,true
built-in-adult-clue-0401,built-in-adult,Adult (Mature) / Täiskasvanutele,built-in-adult-set-081,board,round-one,1,hard,vice-moral-regulation,Games at the Casino,Kasiinomängud,"Reels, paylines, and a lever define this casino machine.","Rullid, võiduliinid ja kang iseloomustavad seda kasiinoautomaati.",Slot machine,Mänguautomaat,,,"A slot machine, fruit machine (British English), puggie (Scots), poker machine or pokie machine (Australian and New Zealand English) is a gambling machine that creates a game of chance for its customers. A slot machine's standard layout features a screen displaying three or more reels that ""spin"" when the game is activated.","Mänguautomaadil määravad pöörlevad rullid ja võiduliinid, kas mängija sümbolikombinatsioon annab väljamakse.",Slot machine — Wikipedia,https://en.wikipedia.org/wiki/Slot_machine,CC-BY-SA-4.0,2026-08-28,reviewed,true
built-in-adult-clue-0402,built-in-adult,Adult (Mature) / Täiskasvanutele,built-in-adult-set-081,board,round-one,2,hard,vice-moral-regulation,Games at the Casino,Kasiinomängud,Players try to reach 21 without going over in this card game.,Selles kaardimängus püütakse jõuda 21-ni seda ületamata.,Blackjack,Blackjack,,,"In blackjack, players try to make a hand totaling 21 or closer to 21 than the dealer without going over, which is called busting.",Blackjack'is püütakse saada kaartide summaks 21 või jõuda sellele diilerist lähemale; üle 21 minek tähendab kaotust.,Blackjack — Wikipedia,https://en.wikipedia.org/wiki/Blackjack,CC-BY-SA-4.0,2026-08-28,reviewed,true
built-in-adult-clue-0403,built-in-adult,Adult (Mature) / Täiskasvanutele,built-in-adult-set-081,board,round-one,3,hard,vice-moral-regulation,Games at the Casino,Kasiinomängud,A royal flush is the top conventional hand in many versions of this game.,Kuninglik mastirida on selle mängu paljudes variantides tugevaim tavakäsi.,Poker,Pokker,,,Poker compares players' card hands according to a hierarchy of combinations; a royal flush conventionally outranks every other hand.,Pokkeris võrreldakse mängijate kaardikombinatsioone kindla paremusjärjestuse järgi; kuninglik mastirida on tavaliselt kõrgeim käsi.,Poker — Wikipedia,https://en.wikipedia.org/wiki/Poker,CC-BY-SA-4.0,2026-08-28,reviewed,true
built-in-adult-clue-0404,built-in-adult,Adult (Mature) / Täiskasvanutele,built-in-adult-set-081,board,round-one,4,hard,vice-moral-regulation,Games at the Casino,Kasiinomängud,A croupier calls “no more bets” before a small ball settles beside wagers on numbers such as 17.,"Krupjee kuulutab „panused on suletud“, enne kui väike kuul peatub näiteks numbrile 17 tehtud panuste kõrval.",Roulette,Rulett,,,"In roulette, players bet on numbers or groups before a croupier closes betting; a small ball then settles in a numbered pocket on a spinning wheel to determine the result.","Ruletis panustatakse numbritele või numbrirühmadele enne, kui krupjee panustamise lõpetab; seejärel peatub väike kuul pöörleva ratta nummerdatud pesas ja määrab tulemuse.",Roulette — Wikipedia,https://en.wikipedia.org/wiki/Roulette,CC-BY-SA-4.0,2026-08-28,reviewed,true
built-in-adult-clue-0405,built-in-adult,Adult (Mature) / Täiskasvanutele,built-in-adult-set-081,board,round-one,5,hard,vice-moral-regulation,Games at the Casino,Kasiinomängud,"Player, banker, and tie are the three common bets in this casino card game whose winning total is nearest nine.","Mängija, pankur ja viik on kolm levinud panust selles kasiinokaardimängus, kus võidab üheksale lähim punktisumma.",Baccarat,Baccarat,,,"Baccarat is a card game with common bets on player, banker, or tie; the object is a point total as close as possible to nine.","Baccarat on kaardimäng, kus panustatakse tavaliselt mängija käele, pankuri käele või viigile; eesmärk on saada punktisumma võimalikult lähedale üheksale.",Baccarat — Wikipedia,https://en.wikipedia.org/wiki/Baccarat,CC-BY-SA-4.0,2026-08-28,reviewed,true
built-in-adult-clue-0406,built-in-adult,Adult (Mature) / Täiskasvanutele,built-in-adult-set-082,board,round-one,1,hard,vice-moral-regulation,Lotteries Around the World,Loteriid maailmas,A player rubs away an opaque coating to reveal prizes on this instant ticket.,Mängija kraabib selle kiirloteriipileti läbipaistmatu kihi alt välja auhinnad.,Scratch card,Kraapekaart,,,"A scratchcard is a card designed for competitions, often made of thin cardstock or plastic, where one or more areas contain concealed information which can be revealed by scratching off an opaque covering.","Kraapekaart on võistlusteks mõeldud kaart, mis on sageli valmistatud õhukesest kartongist või plastikust, kus üks või mitu ala sisaldab varjatud teavet, mille saab paljastada läbipaistmatut katet maha kraapides.",Scratch card — Wikipedia,https://en.wikipedia.org/wiki/Scratchcard,CC-BY-SA-4.0,2026-08-28,reviewed,true
built-in-adult-clue-0407,built-in-adult,Adult (Mature) / Täiskasvanutele,built-in-adult-set-082,board,round-one,2,hard,vice-moral-regulation,Lotteries Around the World,Loteriid maailmas,A school fundraiser may sell numbered tickets and draw one at random for a prize in this game of chance.,Kooli heategevusüritusel võidakse müüa nummerdatud pileteid ja tõmmata neist auhinna võitja selles õnnemängus.,Raffle,Auhinnaloos,Prize draw,Tombola,A raffle awards prizes by randomly drawing from numbered tickets sold or distributed to participants.,Auhinnaloosis jagatakse auhindu osalejatele müüdud või antud nummerdatud piletite juhusliku väljatõmbamise teel.,Raffle — Wikipedia,https://en.wikipedia.org/wiki/Raffle,CC-BY-SA-4.0,2026-08-28,reviewed,true
built-in-adult-clue-0408,built-in-adult,Adult (Mature) / Täiskasvanutele,built-in-adult-set-082,board,round-one,3,hard,vice-moral-regulation,Lotteries Around the World,Loteriid maailmas,A separate red ball gives this large American lottery its name.,Eraldi punane pall annab sellele suurele Ameerika loteriile nime.,Powerball,Powerball,,,Powerball is a multi-jurisdiction American lottery in which a separately drawn red Powerball helps determine prizes.,"Powerball on mitmes piirkonnas mängitav Ameerika loterii, kus eraldi loositud punane Powerball aitab määrata võite.",Powerball — Wikipedia,https://en.wikipedia.org/wiki/Powerball,CC-BY-SA-4.0,2026-08-28,reviewed,true
built-in-adult-clue-0409,built-in-adult,Adult (Mature) / Täiskasvanutele,built-in-adult-set-082,board,round-one,4,hard,vice-moral-regulation,Lotteries Around the World,Loteriid maailmas,Players in several European countries share jackpots under this lottery name.,Mitme Euroopa riigi mängijad jagavad selle loterii jackpote.,EuroMillions,EuroMillions,,,"EuroMillions is a coordinated lottery sold in several European countries, whose players participate in the same draws and shared jackpot pool.","EuroMillions on mitmes Euroopa riigis müüdav ühisloterii, mille mängijad osalevad samades loosimistes ja ühises jackpotifondis.",EuroMillions — Wikipedia,https://en.wikipedia.org/wiki/EuroMillions,CC-BY-SA-4.0,2026-08-28,reviewed,true
built-in-adult-clue-0410,built-in-adult,Adult (Mature) / Täiskasvanutele,built-in-adult-set-082,board,round-one,5,hard,vice-moral-regulation,Lotteries Around the World,Loteriid maailmas,Coworkers who pool money for tickets and agree to split any jackpot form this kind of group.,"Töökaaslased, kes panevad piletite ostmiseks raha kokku ja lepivad kokku võimaliku peavõidu jagamises, moodustavad sellise rühma.",Lottery syndicate,Loteriisündikaat,,,A lottery syndicate is a group that buys tickets collectively and shares any resulting prizes under an agreed arrangement.,"Loteriisündikaat on rühm, kes ostab pileteid ühiselt ja jagab võidud eelneva kokkuleppe järgi.",Lottery syndicate — Wikipedia,https://en.wikipedia.org/wiki/Lottery_syndicate,CC-BY-SA-4.0,2026-08-28,reviewed,true
built-in-adult-clue-0411,built-in-adult,Adult (Mature) / Täiskasvanutele,built-in-adult-set-083,board,round-one,1,hard,vice-moral-regulation,Games at the Pub,Pubimängud,Players throw small pointed missiles at a circular board in this game.,Selles mängus visatakse väikesi teravaid nooli ümmarguse märklaua pihta.,Darts,Noolemäng,,,"Darts is a competitive sport in which two or more players bare-handedly throw small sharp-pointed projectiles known as darts at a round target known as a dartboard. Points can be scored by hitting specific marked areas of the board, though unlike in sports such as archery, these areas are distributed all across the board and do not follow a principle of points increasing toward the board's bullseye.",Noolemängus viskavad mängijad väikseid terava otsaga nooli ümmarguse märklaua sektoritesse ja härjasilma poole.,Darts — Wikipedia,https://en.wikipedia.org/wiki/Darts,CC-BY-SA-4.0,2026-08-28,reviewed,true
built-in-adult-clue-0412,built-in-adult,Adult (Mature) / Täiskasvanutele,built-in-adult-set-083,board,round-one,2,hard,vice-moral-regulation,Games at the Pub,Pubimängud,A cue strikes numbered balls toward pockets on this table.,Kii lööb sellel laual nummerdatud palle aukude suunas.,Pool,Piljard,,,"Pool is a group of cue sports played on a billiard table. The table has six pockets along the rails, into which balls are shot.","Piljardimängus pool lüüakse kii abil valget palli, et suunata nummerdatud pallid laua taskutesse.",Pool — Wikipedia,https://en.wikipedia.org/wiki/Pool_(cue_sports),CC-BY-SA-4.0,2026-08-28,reviewed,true
built-in-adult-clue-0413,built-in-adult,Adult (Mature) / Täiskasvanutele,built-in-adult-set-083,board,round-one,3,hard,vice-moral-regulation,Games at the Pub,Pubimängud,Handles rotate rods of miniature players that kick a small ball toward goals in this tabletop pub game.,"Selles pubides levinud lauamängus pööravad käepidemed väikeste mängijatega vardaid, mis löövad palli väravate poole.",Table football,Lauajalgpall,,,Table football is played by rotating rods bearing miniature footballers to move a ball toward the opponent's goal.,"Lauajalgpallis pööratakse väikeste jalgpalluritega vardaid, et suunata pall vastase väravasse.",Table football — Wikipedia,https://en.wikipedia.org/wiki/Table_football,CC-BY-SA-4.0,2026-08-28,reviewed,true
built-in-adult-clue-0414,built-in-adult,Adult (Mature) / Täiskasvanutele,built-in-adult-set-083,board,round-one,4,hard,vice-moral-regulation,Games at the Pub,Pubimängud,Players match the numbered ends of rectangular tiles in this game.,Selles mängus sobitatakse ristkülikukujuliste klotside nummerdatud otsi.,Dominoes,Doomino,,,"Dominoes are a family of tile-based games played with pieces. Each domino is a rectangular tile, usually with a line dividing its face into two square ends.","Doominos ühendavad mängijad ristkülikukujulisi klotse nii, et kokkupuutuvates otstes oleks sama arv täppe.",Dominoes — Wikipedia,https://en.wikipedia.org/wiki/Dominoes,CC-BY-SA-4.0,2026-08-28,reviewed,true
built-in-adult-clue-0415,built-in-adult,Adult (Mature) / Täiskasvanutele,built-in-adult-set-083,board,round-one,5,hard,vice-moral-regulation,Games at the Pub,Pubimängud,Teams answer general-knowledge questions between drinks at this event.,Võistkonnad vastavad sellel üritusel jookide vahel üldteadmiste küsimustele.,Pub quiz,Pubiviktoriin,,,"A pub quiz is a quiz held in a pub or bar. These events are also called quiz nights, trivia nights, or bar trivia and may be held in other settings.","Pubiviktoriin on baaris või pubis peetav võistlus, kus meeskonnad vastavad üldteadmiste küsimustele.",Pub quiz — Wikipedia,https://en.wikipedia.org/wiki/Pub_quiz,CC-BY-SA-4.0,2026-08-28,reviewed,true
built-in-adult-clue-0416,built-in-adult,Adult (Mature) / Täiskasvanutele,built-in-adult-set-084,board,round-two,1,hard,vice-moral-regulation,Cards on the Table,Kaardid laual,This card may count as high or low and usually bears a single suit symbol.,See kaart võib olla kõrge või madal ning kannab tavaliselt üht mastimärki.,Ace,Äss,,,"An ace is a playing card, die or domino with a single pip. In the standard French deck, an ace has a single suit symbol (a heart, diamond, spade, or a club) located in the middle of the card, sometimes large and decorated, especially in the case of the ace of spades.","Äss on mängukaart, millel on tavaliselt üks mastimärk ja mis võib olenevalt mängust olla kõrgeima või madalaima väärtusega.",Ace — Wikipedia,https://en.wikipedia.org/wiki/Ace,CC-BY-SA-4.0,2026-08-28,reviewed,true
built-in-adult-clue-0417,built-in-adult,Adult (Mature) / Täiskasvanutele,built-in-adult-set-084,board,round-two,2,hard,vice-moral-regulation,Cards on the Table,Kaardid laual,This extra card often shows a court jester and may act as a wild card.,See lisakaart kujutab sageli õuenarri ja võib olla vaba kaart.,Joker,Jokker,,,"A joker is an extra card beyond the standard suits, often depicting a court jester and sometimes serving as a wild card.","Jokker on tavapärastele kaartidele lisatud kaart, millel kujutatakse sageli narrikuju ja mis võib mängus olla vabakaart.",Joker — Wikipedia,https://en.wikipedia.org/wiki/Joker_(playing_card),CC-BY-SA-4.0,2026-08-28,reviewed,true
built-in-adult-clue-0418,built-in-adult,Adult (Mature) / Täiskasvanutele,built-in-adult-set-084,board,round-two,3,hard,vice-moral-regulation,Cards on the Table,Kaardid laual,Face cards and an ace complete this same-suit poker run whose name sounds fit for a monarch.,"Pildikaardid ja äss lõpetavad selle ühest mastist pokkerirea, mille nimi kõlab monarhile sobivalt.",Royal flush,Kuninglik mastirida,,,"A royal flush is the ace, king, queen, jack, and ten of a single suit and beats every other standard poker hand.","Kuninglik mastirida koosneb sama masti kümnest, soldatist, emandast, kuningast ja ässast ning on pokkeris kõrgeim mastirida.",List of poker hands — straight flush,https://en.wikipedia.org/wiki/List_of_poker_hands#Straight_flush,CC-BY-SA-4.0,2026-08-28,reviewed,true
built-in-adult-clue-0419,built-in-adult,Adult (Mature) / Täiskasvanutele,built-in-adult-set-084,board,round-two,4,hard,vice-moral-regulation,Cards on the Table,Kaardid laual,The Fool and Major Arcana belong to this deck used for games and divination.,"Narr ja suur arkaan kuuluvad sellesse kaardipakki, mida kasutatakse mängudeks ja ennustamiseks.",Tarot,Tarot,,,A tarot deck includes the Major Arcana and its Fool card; tarot cards are used both in card games and divination.,"Tarokikaardipakis on Suur Arkaan, kuhu kuulub Narr; tarokikaarte kasutatakse nii kaardimängudes kui ka ennustamisel.",Tarot — Wikipedia,https://en.wikipedia.org/wiki/Tarot,CC-BY-SA-4.0,2026-08-28,reviewed,true
built-in-adult-clue-0420,built-in-adult,Adult (Mature) / Täiskasvanutele,built-in-adult-set-084,board,round-two,5,hard,vice-moral-regulation,Cards on the Table,Kaardid laual,Four players in two partnerships bid before playing tricks in this card game.,Selles kaardimängus pakuvad neli mängijat kahes paaris enne tihide võtmist.,Bridge,Bridž,,,"Contract bridge, or simply bridge, is a trick-taking card game using a standard 52-card deck. In its basic format, it is played by four players in two competing partnerships, with partners sitting opposite each other around a table.",Bridži mängib neli inimest kahe paarina; enne tihide mängimist toimub pakkumine ning kasutatakse tavalist 52-kaardilist kaardipakki.,Bridge — Wikipedia,https://en.wikipedia.org/wiki/Contract_bridge,CC-BY-SA-4.0,2026-08-28,reviewed,true
built-in-adult-clue-0421,built-in-adult,Adult (Mature) / Täiskasvanutele,built-in-adult-set-085,board,round-two,1,hard,vice-moral-regulation,Casino Destinations,Kasiinosihtkohad,The Strip and neon casinos identify this Nevada city.,Strip ja neoonkasiinod tähistavad seda Nevada linna.,Las Vegas,Las Vegas,,,"Las Vegas, colloquially shortened to Vegas, is the most populous city in the U.S. state of Nevada and the county seat of Clark County. It is the 24th-most populous city in the United States, with 641,903 residents at the 2020 census. Source context retrieved in 2026.","Las Vegas, kõnekeeles lühendatult Vegas, on kõige suurema rahvaarvuga linn USA Nevada osariigis ja Clarki maakonna maakonnakeskus. See on USA rahvaarvult 24. linn, kus 2020. aasta rahvaloenduse andmetel elas 641 903 elanikku. Allikakontekst vaadatud 2026. aastal.",Las Vegas — Wikipedia,https://en.wikipedia.org/wiki/Las_Vegas,CC-BY-SA-4.0,2026-08-28,reviewed,true
built-in-adult-clue-0422,built-in-adult,Adult (Mature) / Täiskasvanutele,built-in-adult-set-085,board,round-two,2,hard,vice-moral-regulation,Casino Destinations,Kasiinosihtkohad,A famous casino overlooks the Mediterranean in this Monaco district.,Kuulus kasiino vaatab Vahemerele selles Monaco piirkonnas.,Monte Carlo,Monte Carlo,,,Monte Carlo is a district of Monaco on the Mediterranean coast and is internationally known for the Monte Carlo Casino.,"Monte Carlo on Vahemere rannikul asuv Monaco linnaosa, mis on rahvusvaheliselt tuntud Monte Carlo kasiino poolest.",Monte Carlo — Wikipedia,https://en.wikipedia.org/wiki/Monte_Carlo,CC-BY-SA-4.0,2026-08-28,reviewed,true
built-in-adult-clue-0423,built-in-adult,Adult (Mature) / Täiskasvanutele,built-in-adult-set-085,board,round-two,3,hard,vice-moral-regulation,Casino Destinations,Kasiinosihtkohad,Marina Bay Sands links three hotel towers with a rooftop platform above the casinos of this city-state.,Marina Bay Sands ühendab kolm hotellitorni katuseplatvormiga selle linnriigi kasiinode kohal.,Singapore,Singapur,,,"Singapore's Marina Bay Sands resort combines three hotel towers, a rooftop SkyPark, and casino facilities.","Singapuri Marina Bay Sandsi kuurort ühendab kolm hotellitorni, katusel asuva SkyParki ja kasiinod.",Marina Bay Sands — Wikipedia,https://en.wikipedia.org/wiki/Marina_Bay_Sands,CC-BY-SA-4.0,2026-08-28,reviewed,true
built-in-adult-clue-0424,built-in-adult,Adult (Mature) / Täiskasvanutele,built-in-adult-set-085,board,round-two,4,hard,vice-moral-regulation,Casino Destinations,Kasiinosihtkohad,This Chinese special administrative region is a major casino destination near Hong Kong.,See Hongkongi lähedal asuv Hiina erihalduspiirkond on suur kasiinosihtkoht.,Macau,Macau,,,Macau is a Chinese special administrative region near Hong Kong and a major international destination for casino gambling.,Macau on Hongkongi lähedal asuv Hiina erihalduspiirkond ja suur rahvusvaheline kasiinohasartmängude sihtkoht.,Macau — Wikipedia,https://en.wikipedia.org/wiki/Macau,CC-BY-SA-4.0,2026-08-28,reviewed,true
built-in-adult-clue-0425,built-in-adult,Adult (Mature) / Täiskasvanutele,built-in-adult-set-085,board,round-two,5,hard,vice-moral-regulation,Casino Destinations,Kasiinosihtkohad,Atlantis and its casino occupy this Bahamian island connected by bridges to Nassau.,"Atlantis ja selle kasiino asuvad sellel Bahama saarel, mida ühendavad sillad Nassau linnaga.",Paradise Island,Paradise Island,,,Paradise Island is a Bahamian island linked by bridges to Nassau and home to the Atlantis resort and casino.,"Paradise Island on Bahama saar, mida ühendavad sillad Nassau linnaga ning kus asuvad Atlantise kuurort ja kasiino.",Paradise Island — Wikipedia,https://en.wikipedia.org/wiki/Paradise_Island,CC-BY-SA-4.0,2026-08-28,reviewed,true
built-in-adult-clue-0426,built-in-adult,Adult (Mature) / Täiskasvanutele,built-in-adult-set-086,board,round-two,1,hard,vice-moral-regulation,Drinks at the Bar and Beyond,Joogid baaris ja mujal,A red label and contour bottle belong to this Atlanta-born soft drink.,Punane silt ja kontuurpudel kuuluvad sellele Atlantas sündinud karastusjoogile.,Coca-Cola,Coca-Cola,,,Coca-Cola is an Atlanta-created soft drink recognized by its red label and contour glass bottle.,"Coca-Cola on Atlantas loodud karastusjook, mida tuntakse punase sildi ja kontuurse klaaspudeli järgi.",Coca-Cola — Wikipedia,https://en.wikipedia.org/wiki/Coca-Cola,CC-BY-SA-4.0,2026-08-28,reviewed,true
built-in-adult-clue-0427,built-in-adult,Adult (Mature) / Täiskasvanutele,built-in-adult-set-086,board,round-two,2,hard,vice-moral-regulation,Drinks at the Bar and Beyond,Joogid baaris ja mujal,This bar drink copies the style of a cocktail but leaves out alcohol.,"See baarijook jäljendab kokteili, kuid ei sisalda alkoholi.",Mocktail,Alkoholivaba kokteil,,,A mocktail is a mixed drink styled like a cocktail but made without alcohol.,"Alkoholivaba kokteil ehk mocktail on kokteili moodi segujook, mis ei sisalda alkoholi.",Non-alcoholic mixed drink — Wikipedia,https://en.wikipedia.org/wiki/Non-alcoholic_mixed_drink,CC-BY-SA-4.0,2026-08-28,reviewed,true
built-in-adult-clue-0428,built-in-adult,Adult (Mature) / Täiskasvanutele,built-in-adult-set-086,board,round-two,3,hard,vice-moral-regulation,Drinks at the Bar and Beyond,Joogid baaris ja mujal,Only sparkling wine from a named French region may use this protected name in many markets.,Paljudel turgudel võib seda kaitstud nime kasutada ainult samanimelisest Prantsuse piirkonnast pärit vahuvein.,Champagne,Šampanja,,,"Champagne  is a sparkling wine originated and produced in the Champagne wine region of France under the AOC rules of the appellation, which demand specific vineyard practices, sourcing of grapes exclusively from designated places within it, specific grape-pressing methods and secondary fermentation of the wine in the bottle to cause carbonation.","Šampanja on Prantsusmaal Champagne'i veinipiirkonnast pärit ja toodetud vahuvein nimetuse AOC reeglite alusel, mis nõuavad spetsiifilisi viinamarjaistanduste tavasid, viinamarjade hankimist ainult selleks ettenähtud kohtadest, spetsiifilisi viinamarjade pressimismeetodeid ja veini teisest kääritamist pudelis karboniseerumise tekitamiseks.",Champagne — Wikipedia,https://en.wikipedia.org/wiki/Champagne,CC-BY-SA-4.0,2026-08-28,reviewed,true
built-in-adult-clue-0429,built-in-adult,Adult (Mature) / Täiskasvanutele,built-in-adult-set-086,board,round-two,4,hard,vice-moral-regulation,Drinks at the Bar and Beyond,Joogid baaris ja mujal,A SCOBY ferments sweetened tea into this lightly fizzy drink.,SCOBY kääritab magustatud tee selleks kergelt kihisevaks joogiks.,Kombucha,Kombucha,,,Kombucha is a lightly fizzy drink made by fermenting sweetened tea with a culture of bacteria and yeast known as a SCOBY.,"Kombucha on kergelt kihisev jook, mis valmib magustatud tee kääritamisel bakterite ja pärmseente koosluse ehk SCOBY abil.",Kombucha — Wikipedia,https://en.wikipedia.org/wiki/Kombucha,CC-BY-SA-4.0,2026-08-28,reviewed,true
built-in-adult-clue-0430,built-in-adult,Adult (Mature) / Täiskasvanutele,built-in-adult-set-086,board,round-two,5,hard,vice-moral-regulation,Drinks at the Bar and Beyond,Joogid baaris ja mujal,This green anise-flavored spirit was nicknamed the Green Fairy.,Seda rohelist aniisimaitselist kanget jooki hüüti Roheliseks Haldjaks.,Absinthe,Absint,,,Absinthe is a strong anise-flavored spirit made with wormwood and nicknamed the Green Fairy.,"Absint on aniisimaitseline kange alkohoolne jook, mille koostises kasutatakse koirohtu ja mida on kutsutud Roheliseks Haldjaks.",Absinthe — Wikipedia,https://en.wikipedia.org/wiki/Absinthe,CC-BY-SA-4.0,2026-08-28,reviewed,true
built-in-adult-clue-0431,built-in-adult,Adult (Mature) / Täiskasvanutele,built-in-adult-set-087,board,round-two,1,hard,vice-moral-regulation,When Nightlife Closes,Kui ööelu sulgub,This is the scheduled hour when a bar stops serving customers and prepares to shut its doors.,"See on kavandatud kellaaeg, mil baar lõpetab klientide teenindamise ja valmistub uksi sulgema.",Closing time,Sulgemisaeg,,,Closing time is the scheduled time at which a bar or other business stops serving customers and closes for the day.,"Sulgemisaeg on kokkulepitud kellaaeg, mil baar või muu ettevõte lõpetab klientide teenindamise ja sulgeb uksed.",Closing time — Wiktionary,https://en.wiktionary.org/wiki/closing_time,CC-BY-SA-4.0,2026-08-28,reviewed,true
built-in-adult-clue-0432,built-in-adult,Adult (Mature) / Täiskasvanutele,built-in-adult-set-087,board,round-two,2,hard,vice-moral-regulation,When Nightlife Closes,Kui ööelu sulgub,This person agrees to avoid alcohol and drive the group home safely.,See inimene nõustub alkoholist hoiduma ja seltskonna turvaliselt koju sõidutama.,Designated driver,Kaine autojuht,,,"The terms ""designated driver"" and ""designated driving"" (commonly known as DD) refer to the selection of a person who remains sober as the responsible driver of a vehicle whilst others have been allowed to drink alcoholic beverages.","Kaine autojuht lepib enne väljasõitu kokku, et ei tarbi alkoholi ja viib kaaslased turvaliselt koju.",Designated driver — Wikipedia,https://en.wikipedia.org/wiki/Designated_driver,CC-BY-SA-4.0,2026-08-28,reviewed,true
built-in-adult-clue-0433,built-in-adult,Adult (Mature) / Täiskasvanutele,built-in-adult-set-087,board,round-two,3,hard,vice-moral-regulation,When Nightlife Closes,Kui ööelu sulgub,This rule requires people to be indoors after a stated hour.,See reegel nõuab inimestelt pärast määratud kellaaega siseruumides viibimist.,Curfew,Liikumiskeeld,,,"A curfew is an order that imposes certain regulations during specified hours. Typically, curfews order all people affected by them to remain indoors during the evening and nighttime hours.","Liikumiskeeld on korraldus, mis kehtestab teatud kellaaegadel teatud eeskirjad. Tavaliselt annab liikumiskeeld kõigile mõjutatud inimestele korralduse jääda õhtusel ja öisel ajal siseruumidesse.",Curfew — Wikipedia,https://en.wikipedia.org/wiki/Curfew,CC-BY-SA-4.0,2026-08-28,reviewed,true
built-in-adult-clue-0434,built-in-adult,Adult (Mature) / Täiskasvanutele,built-in-adult-set-087,board,round-two,4,hard,vice-moral-regulation,When Nightlife Closes,Kui ööelu sulgub,This venue operates later than ordinary licensed bars.,See koht tegutseb tavapärastest litsentseeritud baaridest hiljem.,After-hours club,Pärast sulgemisaega tegutsev klubi,Afterhours club,Hilisööklubi,"An afterhours club (aka after hours club and afterhour club) is a nightclub that is open past the designated curfew closing time for clubs that serve alcohol (which is often an hour long). Such clubs may cease serving alcohol at the designated time, but have special permission to remain open to customers and to sell non-alcoholic sodas and often highly caffeinated drinks.","Pärast sulgemisaega tegutsev klubi on meelelahutuskoht, mis jääb avatuks kauem kui tavapärased litsentsitud baarid.",After-hours club — Wikipedia,https://en.wikipedia.org/wiki/After-hours_club,CC-BY-SA-4.0,2026-08-28,reviewed,true
built-in-adult-clue-0435,built-in-adult,Adult (Mature) / Täiskasvanutele,built-in-adult-set-087,board,round-two,5,hard,vice-moral-regulation,When Nightlife Closes,Kui ööelu sulgub,Sydney introduced this kind of rule in 2014 to stop new patrons entering certain venues after a set late-night hour.,"Sydney kehtestas 2014. aastal sellise reegli, mis keelas uutel külastajatel pärast määratud hilist kellaaega teatud kohtadesse siseneda.",Lockout law,Hilise sisenemise keeld,,,"Sydney's lockout laws operated from February 2014 to January 2020 in the central business district and Oxford Street, and until March 2021 in Kings Cross.",Sydney hilise sisenemise keeld kehtis kesklinna äripiirkonnas ja Oxford Streetil 2014. aasta veebruarist 2020. aasta jaanuarini ning Kings Crossis 2021. aasta märtsini.,Lockout law — Wikipedia,https://en.wikipedia.org/wiki/Sydney_lockout_laws,CC-BY-SA-4.0,2026-08-28,reviewed,true
built-in-adult-clue-0436,built-in-adult,Adult (Mature) / Täiskasvanutele,built-in-adult-set-088,board,round-two,1,hard,vice-moral-regulation,Leisure Around the World,Vaba aeg maailmas,"Dry heat, wooden benches, and Finland point to this bathing tradition.","Kuiv kuumus, puidust pingid ja Soome viitavad sellele pesemistraditsioonile.",Sauna,Saun,,,A sauna is a heated room used for bathing in dry or humid heat; the tradition is especially associated with Finland.,"Saun on kuumaks köetud ruum, kus pestakse ja lõõgastutakse kuivas või niiskes kuumuses; saunakultuur on eriti tihedalt seotud Soomega.",Sauna — Wikipedia,https://en.wikipedia.org/wiki/Sauna,CC-BY-SA-4.0,2026-08-28,reviewed,true
built-in-adult-clue-0437,built-in-adult,Adult (Mature) / Täiskasvanutele,built-in-adult-set-088,board,round-two,2,hard,vice-moral-regulation,Leisure Around the World,Vaba aeg maailmas,Singers follow lyrics on a screen over prerecorded music in this Japanese-born pastime.,Selles Jaapanist pärit ajaviites jälgivad lauljad ekraanilt sõnu salvestatud muusika saatel.,Karaoke,Karaoke,,,Karaoke originated in Japan and is a form of entertainment in which people sing into a microphone to prerecorded accompaniment while following lyrics on a screen.,Karaoke sai alguse Jaapanis; selles ajaviites lauldakse mikrofoni eelnevalt salvestatud saate järgi ja jälgitakse sõnu ekraanilt.,Karaoke — Wikipedia,https://en.wikipedia.org/wiki/Karaoke,CC-BY-SA-4.0,2026-08-28,reviewed,true
built-in-adult-clue-0438,built-in-adult,Adult (Mature) / Täiskasvanutele,built-in-adult-set-088,board,round-two,3,hard,vice-moral-regulation,Leisure Around the World,Vaba aeg maailmas,Small shared dishes accompany drinks under this Spanish tradition.,Väikesed jagatavad road saadavad selle Hispaania tava järgi jooke.,Tapas,Tapas,,,Tapas are small Spanish dishes or snacks that may be served with drinks and combined into a meal.,"Tapas on väikesed Hispaania road või suupisted, mida võib pakkuda jookide kõrvale ja ühendada eineks.",Tapas — Wikipedia,https://en.wikipedia.org/wiki/Tapas,CC-BY-SA-4.0,2026-08-28,reviewed,true
built-in-adult-clue-0439,built-in-adult,Adult (Mature) / Täiskasvanutele,built-in-adult-set-088,board,round-two,4,hard,vice-moral-regulation,Leisure Around the World,Vaba aeg maailmas,"In Sweden, colleagues may pause over coffee and a cinnamon bun under this four-letter custom.",Rootsis võivad töökaaslased teha kohvi ja kaneelisaiaga pausi selle neljatähelise tava järgi.,Fika,Fika,,,"Fika is a Swedish social custom of pausing for coffee, often with cake or another small sweet.","Fika on Rootsi seltskondlik tava teha kohvipaus, sageli koos koogi või muu väikese maiusega.",Fika — Wikipedia,https://en.wikipedia.org/wiki/Fika_(Sweden),CC-BY-SA-4.0,2026-08-28,reviewed,true
built-in-adult-clue-0440,built-in-adult,Adult (Mature) / Täiskasvanutele,built-in-adult-set-088,board,round-two,5,hard,vice-moral-regulation,Leisure Around the World,Vaba aeg maailmas,A spritz and small bites before dinner in Milan belong to this Italian early-evening custom.,Spritz ja väikesed suupisted enne õhtusööki Milanos kuuluvad selle Itaalia varase õhtu tava juurde.,Aperitivo,Aperitivo,,,"In Milan, aperitivo is an early-evening social custom in which a pre-dinner drink such as a spritz is served with small bites.","Milanos on aperitivo varase õhtu seltskondlik tava, kus õhtusöögieelse joogi, näiteks spritzi kõrvale pakutakse väikseid suupisteid.",Where to eat in Milan — Introducing Milan,https://www.introducingmilan.com/where-to-eat,Proprietary; citation-only,2026-08-28,reviewed,true
built-in-adult-clue-0441,built-in-adult,Adult (Mature) / Täiskasvanutele,built-in-adult-set-089,board,round-two,1,hard,vice-moral-regulation,Symbols of Social Change,Ühiskondlike muutuste sümbolid,A circle containing lines based on semaphore letters N and D became this anti-nuclear sign.,Ringis olevad semaforitähtedel N ja D põhinevad jooned said selleks tuumavastaseks märgiks.,Peace symbol,Rahu sümbol,,,Gerald Holtom designed the nuclear-disarmament symbol by combining the semaphore positions for the letters N and D inside a circle.,"Gerald Holtom kujundas tuumadesarmeerimise sümboli, ühendades ringi sees semaforitähiste N ja D käteasendid.",Peace symbol — Wikipedia,https://en.wikipedia.org/wiki/Peace_symbols,CC-BY-SA-4.0,2026-08-28,reviewed,true
built-in-adult-clue-0442,built-in-adult,Adult (Mature) / Täiskasvanutele,built-in-adult-set-089,board,round-two,2,hard,vice-moral-regulation,Symbols of Social Change,Ühiskondlike muutuste sümbolid,This hand gesture has represented solidarity and resistance in many movements.,See käemärk on paljudes liikumistes tähistanud solidaarsust ja vastupanu.,Raised fist,Tõstetud rusikas,,,"The raised or clenched fist has been used by many political and labor movements as a symbol of solidarity, unity, strength, and resistance.","Tõstetud või kokkusurutud rusikat on paljud poliitilised ja ametiühinguliikumised kasutanud solidaarsuse, ühtsuse, jõu ning vastupanu sümbolina.",Raised fist — Wikipedia,https://en.wikipedia.org/wiki/Raised_fist,CC-BY-SA-4.0,2026-08-28,reviewed,true
built-in-adult-clue-0443,built-in-adult,Adult (Mature) / Täiskasvanutele,built-in-adult-set-089,board,round-two,3,hard,vice-moral-regulation,Symbols of Social Change,Ühiskondlike muutuste sümbolid,Votes-for-women marchers wore this shoulder-to-hip banner.,Naiste valimisõiguse eest marssijad kandsid seda õlalt puusale ulatuvat linti.,Suffragette sash,Sufražeti lint,,,A sash is a broad band worn from one shoulder to the opposite hip; suffrage marchers used lettered sashes to display their cause.,"Lint on lai pael, mida kantakse ühelt õlalt vastaspuusale; valimisõiguse eest marssijad kasutasid kirjaga linte oma sõnumi näitamiseks.",Sash — Wikipedia,https://en.wikipedia.org/wiki/Sash,CC-BY-SA-4.0,2026-08-28,reviewed,true
built-in-adult-clue-0444,built-in-adult,Adult (Mature) / Täiskasvanutele,built-in-adult-set-089,board,round-two,4,hard,vice-moral-regulation,Symbols of Social Change,Ühiskondlike muutuste sümbolid,This international campaign uses a pale loop to oppose violence against women and girls.,"See rahvusvaheline kampaania kasutab heledat linti, et seista naiste ja tüdrukute vastase vägivalla vastu.",White Ribbon,Valge Lint,,,"The White Ribbon Campaign (WRC) is a global movement of men and boys working to end male violence against women and girls. It was established in November 1991 by a group of men in Toronto, Ontario, as a response to the École Polytechnique massacre of female students by Marc Lépine in 1989.","White Ribbon Campaign (WRC) on ülemaailmne meeste ja poiste liikumine, mille eesmärk on lõpetada meeste vägivald naiste ja tüdrukute vastu. Selle asutas 1991. aasta novembris rühm mehi Torontos, Ontario osariigis, vastusena École Polytechnique'i naisüliõpilaste veresaunale, mille korraldas 1989. aastal Marc Lépine.",White Ribbon — Wikipedia,https://en.wikipedia.org/wiki/White_Ribbon_Campaign,CC-BY-SA-4.0,2026-08-28,reviewed,true
built-in-adult-clue-0445,built-in-adult,Adult (Mature) / Täiskasvanutele,built-in-adult-set-089,board,round-two,5,hard,vice-moral-regulation,Symbols of Social Change,Ühiskondlike muutuste sümbolid,Pink knitted hats with pointed corners became a symbol of the 2017 Women's March.,Roosad teravate nurkadega kootud mütsid said 2017. aasta naiste marsi sümboliks.,Pussyhat,Pussyhat,,,"The Pussyhat Project encouraged people to knit or sew pink, cat-eared hats for participants in the 2017 Women's March.",Pussyhat Project kutsus inimesi üles kuduma või õmblema 2017. aasta naiste marsil osalejatele roosasid kassikõrvadega mütse.,Pussyhat — Wikipedia,https://en.wikipedia.org/wiki/Pussyhat,CC-BY-SA-4.0,2026-08-28,reviewed,true
built-in-adult-clue-0446,built-in-adult,Adult (Mature) / Täiskasvanutele,built-in-adult-set-090,board,round-two,1,hard,vice-moral-regulation,Prohibition in Pop Culture,Keeluaeg popkultuuris,A password might open this illegal bar during U.S. Prohibition.,Parool võis USA keeluajal avada selle ebaseadusliku baari.,Speakeasy,Salabaar,,,"A speakeasy, also called a beer flat, blind pig, or blind tiger, was an illicit establishment that sold alcoholic beverages. The term may also refer to a retro style bar that replicates aspects of historical speakeasies.","Salabaar ehk speakeasy oli USA kuivseaduse ajal ebaseaduslik alkoholi müüv koht, kuhu pääsemiseks võidi nõuda parooli.",Speakeasy — Wikipedia,https://en.wikipedia.org/wiki/Speakeasy,CC-BY-SA-4.0,2026-08-28,reviewed,true
built-in-adult-clue-0447,built-in-adult,Adult (Mature) / Täiskasvanutele,built-in-adult-set-090,board,round-two,2,hard,vice-moral-regulation,Prohibition in Pop Culture,Keeluaeg popkultuuris,This illegally distilled liquor takes a name suggesting it was made by night.,"See ebaseaduslikult destilleeritud jook kannab nime, mis vihjab öisele valmistamisele.",Moonshine,Puskar,,,"Moonshine is high-proof liquor, traditionally made or distributed illegally. The name was derived from a tradition of distilling the alcohol at night, usually when the moon was out, to avoid detection.",Puskari all mõeldakse ebaseaduslikult destilleeritud kanget alkoholi; ingliskeelne nimi moonshine vihjab öisele salajasele valmistamisele.,Moonshine — Wikipedia,https://en.wikipedia.org/wiki/Moonshine,CC-BY-SA-4.0,2026-08-28,reviewed,true
built-in-adult-clue-0448,built-in-adult,Adult (Mature) / Täiskasvanutele,built-in-adult-set-090,board,round-two,3,hard,vice-moral-regulation,Prohibition in Pop Culture,Keeluaeg popkultuuris,Kevin Costner plays Eliot Ness battling Al Capone in this 1987 film.,"Kevin Costner mängib selles 1987. aasta filmis Eliot Nessi, kes võitleb Al Capone'iga.",The Untouchables,The Untouchables,,,The Untouchables is a 1987 film starring Kevin Costner as Eliot Ness and Robert De Niro as Al Capone.,"1987. aasta filmis „The Untouchables“ kehastab Kevin Costner Eliot Nessi, kes võitleb Chicagos Al Capone'i kuritegeliku organisatsiooniga.",The Untouchables (film) — Wikipedia,https://en.wikipedia.org/wiki/The_Untouchables_(film),CC-BY-SA-4.0,2026-08-28,reviewed,true
built-in-adult-clue-0449,built-in-adult,Adult (Mature) / Täiskasvanutele,built-in-adult-set-090,board,round-two,4,hard,vice-moral-regulation,Prohibition in Pop Culture,Keeluaeg popkultuuris,Atlantic City bootleggers drive this HBO drama set during Prohibition.,Atlantic City salakaubavedajad on selle keeluajal toimuva HBO sarja keskmes.,Boardwalk Empire,Boardwalk Empire,,,The HBO series Boardwalk Empire depicts Atlantic City politics and bootlegging during U.S. Prohibition.,HBO sari „Boardwalk Empire“ kujutab Atlantic City poliitikat ja salaviinakaubandust USA kuivseaduse ajal.,Boardwalk Empire — Wikipedia,https://en.wikipedia.org/wiki/Boardwalk_Empire,CC-BY-SA-4.0,2026-08-28,reviewed,true
built-in-adult-clue-0450,built-in-adult,Adult (Mature) / Täiskasvanutele,built-in-adult-set-090,board,round-two,5,hard,vice-moral-regulation,Prohibition in Pop Culture,Keeluaeg popkultuuris,Child actors play 1920s gangsters firing cream-pie guns in this musical film.,"Lapsnäitlejad mängivad selles muusikafilmis 1920. aastate gangstereid, kes tulistavad kreemipüssidest.",Bugsy Malone,Bugsy Malone,,,"In the musical film Bugsy Malone, child actors play 1920s gangsters and fire cream-pie filling from their weapons.",Muusikalifilmis „Bugsy Malone“ kehastavad lapsnäitlejad 1920. aastate gangstereid ning nende naljarelvad tulistavad vahukoore- või kreemitäidist.,Bugsy Malone — Wikipedia,https://en.wikipedia.org/wiki/Bugsy_Malone,CC-BY-SA-4.0,2026-08-28,reviewed,true
built-in-adult-clue-0451,built-in-adult,Adult (Mature) / Täiskasvanutele,built-in-adult-set-091,board,round-two,1,hard,landmark-research-terminology,Body Chemistry in Plain English,Kehakeemia lihtsas keeles,A sudden fright can trigger this fight-or-flight hormone.,Äkiline ehmatus võib vallandada selle võitle-või-põgene hormooni.,Adrenaline,Adrenaliin,,,"Adrenaline, also called epinephrine, is a hormone and medication that helps drive the body's fight-or-flight response to sudden stress or danger.","Adrenaliin, mida nimetatakse ka epinefriiniks, on hormoon ja ravim, mis osaleb muu hulgas organismi võitle-või-põgene reaktsioonis.",Adrenaline — Wikipedia,https://en.wikipedia.org/wiki/Adrenaline,CC-BY-SA-4.0,2026-08-28,reviewed,true
built-in-adult-clue-0452,built-in-adult,Adult (Mature) / Täiskasvanutele,built-in-adult-set-091,board,round-two,2,hard,landmark-research-terminology,Body Chemistry in Plain English,Kehakeemia lihtsas keeles,Reward and motivation are strongly associated with this neurotransmitter.,Tasu ja motivatsioon on tugevalt seotud selle virgatsainega.,Dopamine,Dopamiin,,,"Dopamine is a neurotransmitter involved in learning from rewards, motivation, and directing behavior toward desired outcomes.","Dopamiin on virgatsaine, mis osaleb tasust õppimises, motivatsioonis ja käitumise suunamises soovitud eesmärkide poole.",Dopamine — Wikipedia,https://en.wikipedia.org/wiki/Dopamine,CC-BY-SA-4.0,2026-08-28,reviewed,true
built-in-adult-clue-0453,built-in-adult,Adult (Mature) / Täiskasvanutele,built-in-adult-set-091,board,round-two,3,hard,landmark-research-terminology,Body Chemistry in Plain English,Kehakeemia lihtsas keeles,Exercise can release these natural chemicals linked with pain relief and euphoria.,"Treening võib vabastada neid loomulikke kemikaale, mida seostatakse valu leevendamise ja eufooriaga.",Endorphins,Endorfiinid,,,Endorphins (contracted from endogenous morphine) are peptides produced in the brain that block the perception of pain and increase feelings of well-being. They are produced and stored in the pituitary gland of the brain.,"Endorfiinid (saadud endogeensest morfiinist) on ajus toodetud peptiidid, mis blokeerivad valu tajumise ja suurendavad heaolutunnet. Neid toodetakse ja säilitatakse aju hüpofüüsis.",Endorphins — Wikipedia,https://en.wikipedia.org/wiki/Endorphins,CC-BY-SA-4.0,2026-08-28,reviewed,true
built-in-adult-clue-0454,built-in-adult,Adult (Mature) / Täiskasvanutele,built-in-adult-set-091,board,round-two,4,hard,landmark-research-terminology,Body Chemistry in Plain English,Kehakeemia lihtsas keeles,Psychology and medicine use this Latin-derived word for sexual drive.,Psühholoogia ja meditsiin kasutavad seda ladina päritolu sõna seksuaaltungi kohta.,Libido,Libiido,,,"The libido or sex drive ( lih-BEE-doh; from Latin libīdō, ""lust, desire"") refers to a psychological energy that, in common parlance, encompasses all forms of sexual desire, but is sometimes also regarded as the driving force behind other needs, such as a mother's love for her infant. The term was originally developed by the Austrian neurologist Sigmund Freud, the pioneer of psychoanalysis.",Libiido tähendab psühholoogias ja meditsiinis seksuaalset tungi või iha.,Libido — Wikipedia,https://en.wikipedia.org/wiki/Libido,CC-BY-SA-4.0,2026-08-28,reviewed,true
built-in-adult-clue-0455,built-in-adult,Adult (Mature) / Täiskasvanutele,built-in-adult-set-091,board,round-two,5,hard,landmark-research-terminology,Body Chemistry in Plain English,Kehakeemia lihtsas keeles,"Labor, breastfeeding, and social bonding involve this hormone.","Sünnitus, imetamine ja sotsiaalne sidusus hõlmavad seda hormooni.",Oxytocin,Oksütotsiin,,,"Oxytocin is a hormone involved in uterine contractions during labor, milk release during breastfeeding, and aspects of social bonding.","Oksütotsiin on hormoon, mis osaleb sünnituse ajal emaka kokkutõmmetes, imetamisel piima väljutamises ja sotsiaalsete sidemete kujunemises.",Oxytocin — Wikipedia,https://en.wikipedia.org/wiki/Oxytocin,CC-BY-SA-4.0,2026-08-28,reviewed,true
built-in-adult-clue-0456,built-in-adult,Adult (Mature) / Täiskasvanutele,built-in-adult-set-092,board,round-two,1,hard,landmark-research-terminology,The Language of Romance,Romantika keel,"This informal word means a strong, often temporary romantic attraction.","See argisõna tähendab tugevat, sageli ajutist romantilist külgetõmmet.",Crush,Armumine,,,"A crush is a strong, often short-lived romantic attraction to another person.","Armumine on tugev, sageli lühiajaline romantiline külgetõmme teise inimese vastu.",Crush — Wikipedia,https://en.wikipedia.org/wiki/Crush_(emotion),CC-BY-SA-4.0,2026-08-28,reviewed,true
built-in-adult-clue-0457,built-in-adult,Adult (Mature) / Täiskasvanutele,built-in-adult-set-092,board,round-two,2,hard,landmark-research-terminology,The Language of Romance,Romantika keel,Songs use this compound word for deep sadness after lost love.,Laulud kasutavad seda liitsõna kaotatud armastusele järgneva sügava kurbuse kohta.,Heartbreak,Südamevalu,,,A broken heart (also known as heartbreak or heartache) is a metaphor for the intense emotional stress or pain one feels at experiencing great loss or deep longing. It is often greatly associated with grief and mourning especially following the death of a loved one.,"Südamevalu on sügav emotsionaalne valu, mida inimene võib tunda pärast armusuhte kaotust või tagasilükkamist.",Heartbreak — Wikipedia,https://en.wikipedia.org/wiki/Broken_heart,CC-BY-SA-4.0,2026-08-28,reviewed,true
built-in-adult-clue-0458,built-in-adult,Adult (Mature) / Täiskasvanutele,built-in-adult-set-092,board,round-two,3,hard,landmark-research-terminology,The Language of Romance,Romantika keel,"In dating, this science word describes an easy, exciting connection between people.",Kohtingukeele puhul kirjeldab see teadussõna inimeste vahelist kerget ja põnevat sidet.,Chemistry,Keemia,,,"In dating, chemistry means a spontaneous sense of mutual attraction and easy interpersonal connection.","Kohtingute kontekstis tähendab keemia spontaanset vastastikust külgetõmmet ja tunnet, et suhtlus sujub kergesti.",Chemistry — Wikipedia,https://en.wikipedia.org/wiki/Chemistry_(relationship),CC-BY-SA-4.0,2026-08-28,reviewed,true
built-in-adult-clue-0459,built-in-adult,Adult (Mature) / Täiskasvanutele,built-in-adult-set-092,board,round-two,4,hard,landmark-research-terminology,The Language of Romance,Romantika keel,"This relationship begins soon after a breakup, sometimes before feelings have settled.","See suhe algab varsti pärast lahkuminekut, vahel enne tunnete rahunemist.",Rebound relationship,Asendussuhe,,,"A rebound relationship begins soon after a breakup, often while a person is still processing the previous relationship.","Asendussuhe algab peagi pärast lahkuminekut, sageli ajal, mil inimene alles töötleb eelmise suhtega seotud tundeid.",Rebound relationship — Wikipedia,https://en.wikipedia.org/wiki/Rebound_(dating),CC-BY-SA-4.0,2026-08-28,reviewed,true
built-in-adult-clue-0460,built-in-adult,Adult (Mature) / Täiskasvanutele,built-in-adult-set-092,board,round-two,5,hard,landmark-research-terminology,The Language of Romance,Romantika keel,This word describes a sense of emotional resolution after a relationship or difficult event ends.,See sõna kirjeldab emotsionaalset lahendust pärast suhte või raske sündmuse lõppu.,Closure,Lõpetatuse tunne,,,Emotional closure is a sense that a difficult relationship or experience has reached a comprehensible ending.,"Emotsionaalne lõpetatuse tunne tähendab, et raske suhe või kogemus on jõudnud mõistetava lõpuni.",Closure — APA Dictionary of Psychology,https://dictionary.apa.org/closure,source,2026-08-28,reviewed,true
built-in-adult-clue-0461,built-in-adult,Adult (Mature) / Täiskasvanutele,built-in-adult-set-093,board,round-two,1,hard,landmark-research-terminology,Survey Basics,Küsitluse põhitõed,This official count aims to include every person in a country.,See ametlik loendus püüab hõlmata riigi iga inimest.,Census,Rahvaloendus,,,"A census (from the Latin censere, 'to assess') is the procedure of systematically acquiring, recording, and calculating information about the members of a given population, which is then usually presented through statistics. This term is used mostly in connection with national population and housing censuses. Source context retrieved in 2026.","Loendus (ladina keelest censere, 'hinnata') on protseduur, mille käigus kogutakse, registreeritakse ja arvutatakse süstemaatiliselt teavet antud rahvastiku liikmete kohta, mis seejärel esitatakse tavaliselt statistika kaudu. Seda terminit kasutatakse enamasti seoses üleriigiliste rahva- ja eluruumide loendustega. Allikakontekst vaadatud 2026. aastal.",Census — Wikipedia,https://en.wikipedia.org/wiki/Census,CC-BY-SA-4.0,2026-08-28,reviewed,true
built-in-adult-clue-0462,built-in-adult,Adult (Mature) / Täiskasvanutele,built-in-adult-set-093,board,round-two,2,hard,landmark-research-terminology,Survey Basics,Küsitluse põhitõed,Respondents fill in this organized list of survey questions.,Vastajad täidavad selle korrastatud küsitlusküsimuste loendi.,Questionnaire,Küsimustik,,,A questionnaire is a research instrument that consists of a set of questions (or other types of prompts) for the purpose of gathering information from respondents through survey or statistical study. A research questionnaire is typically a mix of close-ended questions and open-ended questions.,"Küsimustik on uurimisvahend, mis koosneb küsimuste komplektist (või muud tüüpi viipadest), mille eesmärk on koguda vastajatelt küsitluse või statistilise uuringu kaudu teavet. Uurimisküsimustik on tavaliselt suletud ja avatud küsimuste segu.",Questionnaire — Wikipedia,https://en.wikipedia.org/wiki/Questionnaire,CC-BY-SA-4.0,2026-08-28,reviewed,true
built-in-adult-clue-0463,built-in-adult,Adult (Mature) / Täiskasvanutele,built-in-adult-set-093,board,round-two,3,hard,landmark-research-terminology,Survey Basics,Küsitluse põhitõed,Researchers study this selected subset to estimate characteristics of the broader group they want to understand.,"Teadlased uurivad seda valitud alamhulka, et hinnata suurema üldkogumi omadusi.",Sample,Valim,,,"In survey research, a sample is the selected subset that researchers observe; it differs from the broader target group whose characteristics they want to estimate.","Küsitlusuuringus on valim vaadeldavaks valitud alamhulk, mille tulemuste põhjal saab hinnata suurema üldkogumi omadusi.",Sample — Wikipedia,https://en.wikipedia.org/wiki/Sampling_(statistics),CC-BY-SA-4.0,2026-08-28,reviewed,true
built-in-adult-clue-0464,built-in-adult,Adult (Mature) / Täiskasvanutele,built-in-adult-set-093,board,round-two,4,hard,landmark-research-terminology,Survey Basics,Küsitluse põhitõed,A survey promises this when answers cannot be linked back to a respondent's identity.,"Küsitlus lubab seda, kui vastuseid ei saa seostada vastaja isikuga.",Anonymity,Anonüümsus,,,"Anonymity describes situations in which the acting person's identity is unknown. Anonymity may be created unintentionally through the loss of identifying information due to the passage of time or a destructive event, or intentionally if a person chooses to withhold their identity.","Anonüümsus tähendab, et vastaja isikut ei teata või tema vastuseid ei saa temaga seostada.",Anonymity — Wikipedia,https://en.wikipedia.org/wiki/Anonymity,CC-BY-SA-4.0,2026-08-28,reviewed,true
built-in-adult-clue-0465,built-in-adult,Adult (Mature) / Täiskasvanutele,built-in-adult-set-093,board,round-two,5,hard,landmark-research-terminology,Survey Basics,Küsitluse põhitõed,Poll results often print this plus-or-minus range beside a percentage.,Küsitlustulemused trükivad selle pluss-miinus vahemiku sageli protsendi kõrvale.,Margin of error,Veapiir,error margin,veamarginaal,A margin of error is the plus-or-minus range used to express sampling uncertainty around a survey estimate.,"Veapiir on pluss-miinus vahemik, millega väljendatakse küsitluse hinnangu valimi määramatust.",Margin of error — Wikipedia,https://en.wikipedia.org/wiki/Margin_of_error,CC-BY-SA-4.0,2026-08-28,reviewed,true
built-in-adult-clue-0466,built-in-adult,Adult (Mature) / Täiskasvanutele,built-in-adult-set-094,board,round-two,1,hard,landmark-research-terminology,How Research Works,Kuidas teadus töötab,Scientists test this proposed explanation or prediction.,Teadlased kontrollivad seda pakutud seletust või ennustust.,Hypothesis,Hüpotees,,,"A hypothesis (pl.: hypotheses) is a proposed explanation for a phenomenon. A scientific hypothesis must be based on observations and make a testable and reproducible prediction about reality, in a process beginning with an educated guess.","Hüpotees on kontrollitav esialgne seletus või ennustus, mida teadlane saab vaatluse või katse abil uurida.",Hypothesis — Wikipedia,https://en.wikipedia.org/wiki/Hypothesis,CC-BY-SA-4.0,2026-08-28,reviewed,true
built-in-adult-clue-0467,built-in-adult,Adult (Mature) / Täiskasvanutele,built-in-adult-set-094,board,round-two,2,hard,landmark-research-terminology,How Research Works,Kuidas teadus töötab,This inactive look-alike treatment helps separate expectation from a drug's effect.,See toimeaineta sarnane sekkumine aitab eristada ootust ravimi toimest.,Placebo,Platseebo,,,"A placebo ( pluh-SEE-boh) is a medicine or treatment intended to appear genuine to its recipient, but which has no pharmaceutical effect. Common placebos include inert tablets (like sugar pills), inert injections (like saline), sham surgery, and other procedures.","Platseebo on toimeaineta näiv ravi, mida kasutatakse võrdluseks, et eristada ravimi mõju ootuse mõjust.",Placebo — Wikipedia,https://en.wikipedia.org/wiki/Placebo,CC-BY-SA-4.0,2026-08-28,reviewed,true
built-in-adult-clue-0468,built-in-adult,Adult (Mature) / Täiskasvanutele,built-in-adult-set-094,board,round-two,3,hard,landmark-research-terminology,How Research Works,Kuidas teadus töötab,This comparison group does not receive the experimental treatment.,See võrdlusrühm ei saa katselist sekkumist.,Control group,Kontrollrühm,,,A control group provides a comparison by not receiving the experimental treatment given to the treatment group.,"Kontrollrühm on katses võrdlusalus, mis ei saa uuritavat sekkumist samal viisil nagu katserühm.",Control group — Wikipedia,https://en.wikipedia.org/wiki/Treatment_and_control_groups,CC-BY-SA-4.0,2026-08-28,reviewed,true
built-in-adult-clue-0469,built-in-adult,Adult (Mature) / Täiskasvanutele,built-in-adult-set-094,board,round-two,4,hard,landmark-research-terminology,How Research Works,Kuidas teadus töötab,Other experts evaluate a study before a journal publishes it through this process.,Teised eksperdid hindavad uuringut enne ajakirjas avaldamist selle protsessi kaudu.,Peer review,Eelretsenseerimine,,,Peer review is the evaluation of work by one or more people with similar competencies as the producers of the work (peers). It functions as a form of self-regulation by qualified members of a profession within the relevant field.,Eelretsenseerimisel hindavad sama valdkonna asjatundjad uurimistööd enne selle avaldamist teadusajakirjas.,Peer review — Wikipedia,https://en.wikipedia.org/wiki/Peer_review,CC-BY-SA-4.0,2026-08-28,reviewed,true
built-in-adult-clue-0470,built-in-adult,Adult (Mature) / Täiskasvanutele,built-in-adult-set-094,board,round-two,5,hard,landmark-research-terminology,How Research Works,Kuidas teadus töötab,Neither participants nor key researchers know who receives which treatment in this design.,"Selles uuringukavas ei tea osalejad ega peamised teadlased, kes millist sekkumist saab.",Double-blind study,Topeltpime uuring,,,"In a blind or blinded experiment, information that could influence participants or investigators is withheld until the experiment is completed. Blinding is used to reduce or eliminate potential sources of bias, such as participants’ expectations, the observer-expectancy effect, observer bias, confirmation bias, and other cognitive or procedural influences.","Topeltpimedas uuringus ei tea ei osalejad ega tulemusi vahetult hindavad teadlased, kes saab uuritavat ravi ja kes võrdlusravi; nii vähendatakse ootustest tingitud kallutatust.",Double-blind study — Wikipedia,https://en.wikipedia.org/wiki/Blinded_experiment,CC-BY-SA-4.0,2026-08-28,reviewed,true
built-in-adult-clue-0471,built-in-adult,Adult (Mature) / Täiskasvanutele,built-in-adult-set-095,board,round-two,1,hard,landmark-research-terminology,Universities Behind Famous Ideas,Kuulsate ideede ülikoolid,Facebook began in a dormitory at this Massachusetts university.,Facebook sai alguse selle Massachusettsi ülikooli ühiselamus.,Harvard University,Harvardi ülikool,,,Mark Zuckerberg launched TheFacebook from his Harvard University dormitory in 2004 before the service expanded beyond the campus.,"Mark Zuckerberg käivitas 2004. aastal Harvardi ülikooli ühiselamutoast TheFacebooki, enne kui teenus ülikoolilinnakust välja laienes.",Harvard University — Wikipedia,https://en.wikipedia.org/wiki/History_of_Facebook,CC-BY-SA-4.0,2026-08-28,reviewed,true
built-in-adult-clue-0472,built-in-adult,Adult (Mature) / Täiskasvanutele,built-in-adult-set-095,board,round-two,2,hard,landmark-research-terminology,Universities Behind Famous Ideas,Kuulsate ideede ülikoolid,Sigmund Freud studied medicine and later taught at this Austrian university.,Sigmund Freud õppis arstiteadust ja õpetas hiljem selles Austria ülikoolis.,University of Vienna,Viini ülikool,,,Sigmund Freud studied medicine at the University of Vienna and later became a lecturer there.,Sigmund Freud õppis Viini ülikoolis arstiteadust ja sai hiljem seal lektoriks.,Sigmund Freud — Wikipedia,https://en.wikipedia.org/wiki/Sigmund_Freud,CC-BY-SA-4.0,2026-08-28,reviewed,true
built-in-adult-clue-0473,built-in-adult,Adult (Mature) / Täiskasvanutele,built-in-adult-set-095,board,round-two,3,hard,landmark-research-terminology,Universities Behind Famous Ideas,Kuulsate ideede ülikoolid,Watson and Crick worked here when they proposed DNA's double-helix structure.,"Watson ja Crick töötasid siin, kui nad esitasid DNA kaksikheeliksi struktuuri.",University of Cambridge,Cambridge'i ülikool,,,James Watson and Francis Crick worked at the University of Cambridge's Cavendish Laboratory when they proposed the DNA double-helix model in 1953.,"James Watson ja Francis Crick töötasid Cambridge'i ülikooli Cavendishi laboris, kui nad esitasid 1953. aastal DNA kaksikheeliksi mudeli.",University of Cambridge — Wikipedia,https://en.wikipedia.org/wiki/Molecular_structure_of_nucleic_acids,CC-BY-SA-4.0,2026-08-28,reviewed,true
built-in-adult-clue-0474,built-in-adult,Adult (Mature) / Täiskasvanutele,built-in-adult-set-095,board,round-two,4,hard,landmark-research-terminology,Universities Behind Famous Ideas,Kuulsate ideede ülikoolid,A controversial 1971 prison experiment took this California university's name.,Vastuoluline 1971. aasta vanglaeksperiment kandis selle California ülikooli nime.,Stanford University,Stanfordi ülikool,,,"The Stanford prison experiment (SPE), also referred to as the Zimbardo prison experiment (ZPE), was a controversial psychological experiment performed in August 1971 at Stanford University. It was designed to be a two-week simulation of a prison environment that examined the effects of situational variables on participants' reactions and behaviors.","Stanfordi vanglaeksperiment (SPE), mida nimetatakse ka Zimbardo vanglaeksperimendiks (ZPE), oli vastuoluline psühholoogiline eksperiment, mis viidi läbi 1971. aasta augustis Stanfordi ülikoolis. See oli mõeldud kahenädalaseks vanglakeskkonna simulatsiooniks, mis uuris olukorra muutujate mõju osalejate reaktsioonidele ja käitumisele.",Stanford University — Wikipedia,https://en.wikipedia.org/wiki/Stanford_prison_experiment,CC-BY-SA-4.0,2026-08-28,reviewed,true
built-in-adult-clue-0475,built-in-adult,Adult (Mature) / Täiskasvanutele,built-in-adult-set-095,board,round-two,5,hard,landmark-research-terminology,Universities Behind Famous Ideas,Kuulsate ideede ülikoolid,The first sustained controlled nuclear chain reaction took place under this university's football stands in 1942.,Esimene püsiv kontrollitud tuumaahelreaktsioon toimus 1942. aastal selle ülikooli jalgpallitribüüni all.,University of Chicago,Chicago ülikool,,,"Chicago Pile-1 achieved the first controlled, self-sustaining nuclear chain reaction in 1942 beneath the stands of the University of Chicago's Stagg Field.",Chicago Pile-1 saavutas 1942. aastal esimese kontrollitud isepüsiva tuumaahelreaktsiooni Chicago ülikooli Stagg Fieldi tribüünide all.,University of Chicago — Wikipedia,https://en.wikipedia.org/wiki/Chicago_Pile-1,CC-BY-SA-4.0,2026-08-28,reviewed,true
built-in-adult-clue-0476,built-in-adult,Adult (Mature) / Täiskasvanutele,built-in-adult-set-096,board,round-two,1,hard,landmark-research-terminology,Signs of Growing Up,Kasvamise märgid,Blocked hair follicles can cause this common skin condition with spots.,Ummistunud karvanääpsud võivad põhjustada seda levinud täppidega nahaseisundit.,Acne,Akne,,,"Acne, also known as acne vulgaris, is a long-term skin condition that occurs when dead skin cells and sebum clog hair follicles. Typical features of the condition include blackheads or whiteheads, pimples, oily skin, and possible scarring.","Akne on nahahaigus, mis tekib siis, kui surnud naharakud ja rasu ummistavad karvanääpsud. Tüüpilised nähud on komedoonid ja vistrikud.",Acne — Wikipedia,https://en.wikipedia.org/wiki/Acne,CC-BY-SA-4.0,2026-08-28,reviewed,true
built-in-adult-clue-0477,built-in-adult,Adult (Mature) / Täiskasvanutele,built-in-adult-set-096,board,round-two,2,hard,landmark-research-terminology,Signs of Growing Up,Kasvamise märgid,A rapid increase in height during adolescence is called this.,Noorukiea kiiret pikkuse kasvu nimetatakse nii.,Growth spurt,Kasvuspurt,,,"A growth spurt is a period of unusually rapid physical growth, commonly including a sharp increase in height during adolescence.","Kasvuspurt on tavapärasest kiirema kehalise kasvu periood, mil noorukieas suureneb sageli kiiresti ka pikkus.",Growth spurt — Wikipedia,https://en.wikipedia.org/wiki/Growth_spurt,CC-BY-SA-4.0,2026-08-28,reviewed,true
built-in-adult-clue-0478,built-in-adult,Adult (Mature) / Täiskasvanutele,built-in-adult-set-096,board,round-two,3,hard,landmark-research-terminology,Signs of Growing Up,Kasvamise märgid,The larynx grows and pitch often drops during this adolescent change.,Kõri kasvab ja häälekõrgus sageli langeb selle noorukiea muutuse ajal.,Voice change,Häälemurre,,,"A voice change or voice mutation, sometimes referred to as a voice break or voice crack, commonly refers to the deepening of the voice of men as they reach puberty. Before puberty both sexes have roughly similar vocal pitches, but during puberty the male voice typically deepens an octave, while the female voice gradually becomes richer.","Häälemurre on noorukiea muutus, mille käigus kõri kasvab ja häälekõrgus sageli langeb.",Voice change — Wikipedia,https://en.wikipedia.org/wiki/Voice_change,CC-BY-SA-4.0,2026-08-28,reviewed,true
built-in-adult-clue-0479,built-in-adult,Adult (Mature) / Täiskasvanutele,built-in-adult-set-096,board,round-two,4,hard,landmark-research-terminology,Signs of Growing Up,Kasvamise märgid,These final molars often emerge in the late teens or early twenties.,Need viimased purihambad lõikuvad sageli hilises teismeeas või kahekümnendate alguses.,Wisdom teeth,Tarkusehambad,,,"The third molar, commonly called wisdom tooth, is the most posterior of the three molars in each quadrant of the human dentition. The age at which wisdom teeth come through (erupt) is variable, but this generally occurs between late teens and early twenties.","Tarkusehambad on hambakaare kõige tagumised purihambad. Nende lõikumise aeg erineb, kuid sageli toimub see hilises teismeeas või kahekümnendate alguses.",Wisdom teeth — Wikipedia,https://en.wikipedia.org/wiki/Wisdom_tooth,CC-BY-SA-4.0,2026-08-28,reviewed,true
built-in-adult-clue-0480,built-in-adult,Adult (Mature) / Täiskasvanutele,built-in-adult-set-096,board,round-two,5,hard,landmark-research-terminology,Signs of Growing Up,Kasvamise märgid,This legal threshold marks when a person becomes an adult for many civic purposes.,"See õiguslik piir märgib aega, mil inimene saab paljudel ühiskondlikel eesmärkidel täiskasvanuks.",Age of majority,Täisealisuse iga,,,"The age of majority is the age defining legal adulthood. At majority, a minor becomes an adult, assuming legal control over their person, actions, and decisions, gaining new rights, and ending parental rights.","Täisealisuse iga on seaduses määratud piir, millest alates käsitatakse inimest paljudes tsiviil- ja ühiskondlikes küsimustes täiskasvanuna.",Age of majority — Wikipedia,https://en.wikipedia.org/wiki/Age_of_majority,CC-BY-SA-4.0,2026-08-28,reviewed,true
built-in-adult-clue-0481,built-in-adult,Adult (Mature) / Täiskasvanutele,built-in-adult-set-097,board,round-two,1,hard,landmark-research-terminology,Reproductive Health Basics,Reproduktiivtervise põhitõed,This word describes the natural capacity to conceive or produce offspring.,See sõna kirjeldab loomulikku võimet rasestuda või järglasi saada.,Fertility,Viljakus,,,"Fertility in colloquial terms refers the ability to have offspring. In demographic contexts, fertility refers to the actual production of offspring, rather than the physical capability to reproduce, which is termed fecundity.",Tavakeeles tähendab viljakus võimet järglasi saada. Demograafias eristatakse tegelikku laste saamist bioloogilisest sigimisvõimest ehk fekundiidsusest.,Fertility — Wikipedia,https://en.wikipedia.org/wiki/Fertility,CC-BY-SA-4.0,2026-08-28,reviewed,true
built-in-adult-clue-0482,built-in-adult,Adult (Mature) / Täiskasvanutele,built-in-adult-set-097,board,round-two,2,hard,landmark-research-terminology,Reproductive Health Basics,Reproduktiivtervise põhitõed,This low-dose X-ray image screens breast tissue for possible cancer.,See väikese doosiga röntgenipilt sõelub rinnakudet võimaliku vähi suhtes.,Mammogram,Mammogramm,,,"Mammography uses low-energy X-rays, commonly around 30 kVp, to image breast tissue for screening and diagnosis.","Mammograafias kasutatakse rinnakoe sõelumiseks ja diagnoosimiseks madala energiaga röntgenikiirgust, tavaliselt umbes 30 kVp.",Mammogram — Wikipedia,https://en.wikipedia.org/wiki/Mammography,CC-BY-SA-4.0,2026-08-28,reviewed,true
built-in-adult-clue-0483,built-in-adult,Adult (Mature) / Täiskasvanutele,built-in-adult-set-097,board,round-two,3,hard,landmark-research-terminology,Reproductive Health Basics,Reproduktiivtervise põhitõed,This physician specializes in the health of the female reproductive system.,See arst on spetsialiseerunud naiste reproduktiivsüsteemi tervisele.,Gynecologist,Günekoloog,,,"Gynaecology (or gynecology in American English) is the area of medicine concerned with conditions affecting the female reproductive system. It is sometimes combined with the field of obstetrics, which focuses on pregnancy and childbirth, thereby forming the combined area of obstetrics and gynaecology (OB-GYN).","Günekoloog on arst, kes tegeleb naise reproduktiivsüsteemi tervise ja haigustega; eriala ühendatakse sageli sünnitusabiga.",Gynecologist — Wikipedia,https://en.wikipedia.org/wiki/Gynaecology,CC-BY-SA-4.0,2026-08-28,reviewed,true
built-in-adult-clue-0484,built-in-adult,Adult (Mature) / Täiskasvanutele,built-in-adult-set-097,board,round-two,4,hard,landmark-research-terminology,Reproductive Health Basics,Reproduktiivtervise põhitõed,This screening test collects cervical cells to look for changes that may lead to cancer.,"See sõeluuring kogub emakakaelarakke, et otsida vähini viivaid muutusi.",Pap smear,Pap-test,,,"The Papanicolaou test (abbreviated as Pap test, also known as Pap smear (AE), cervical smear (BE), or smear test (BE)) is a method of cervical screening used to detect potentially precancerous and cancerous processes in the cervix (opening of the uterus or womb) or, more rarely, anus (in both men and women) or the vaginal vault.","Pap-test ehk Papanicolaou test on emakakaela sõeluuring, millega otsitakse emakakaela rakkudest vähieelseid ja vähkkasvajalisi muutusi.",Pap smear — Wikipedia,https://en.wikipedia.org/wiki/Pap_test,CC-BY-SA-4.0,2026-08-28,reviewed,true
built-in-adult-clue-0485,built-in-adult,Adult (Mature) / Täiskasvanutele,built-in-adult-set-097,board,round-two,5,hard,landmark-research-terminology,Reproductive Health Basics,Reproduktiivtervise põhitõed,Testing people without symptoms can detect sexually transmitted infections under this preventive practice.,Sümptomiteta inimeste testimine võib selle ennetava tegevusega avastada sugulisel teel levivaid nakkusi.,STI screening,STI sõeluuring,,,STI screening tests people who may have no symptoms so infections can be detected and treated earlier.,"STI sõeluuring testib ka sümptomiteta inimesi, et nakkusi saaks varem avastada ja ravida.",Sexually transmitted infection — screening,https://en.wikipedia.org/wiki/Sexually_transmitted_infection#Screening,CC-BY-SA-4.0,2026-08-28,reviewed,true
built-in-adult-clue-0486,built-in-adult,Adult (Mature) / Täiskasvanutele,built-in-adult-set-098,board,round-two,1,hard,landmark-research-terminology,Everyday Terms in Health and Society,Tervise ja ühiskonna argimõisted,This term covers methods intended to prevent pregnancy.,See mõiste hõlmab raseduse vältimiseks mõeldud meetodeid.,Contraception,Rasestumisvastased vahendid,birth control,Kontratseptsioon,Contraception is the deliberate prevention of pregnancy.,Rasestumisvastaste vahendite kasutamine on raseduse tahtlik ennetamine.,Birth control — Wikipedia,https://en.wikipedia.org/wiki/Birth_control,CC-BY-SA-4.0,2026-08-27,reviewed,true
built-in-adult-clue-0487,built-in-adult,Adult (Mature) / Täiskasvanutele,built-in-adult-set-098,board,round-two,2,hard,landmark-research-terminology,Everyday Terms in Health and Society,Tervise ja ühiskonna argimõisted,"When sperm and egg unite and their genetic material combines to form a zygote, this biological process has occurred.","Kui seemne- ja munarakk ühinevad ning nende geneetiline materjal moodustab sügoodi, on toimunud see bioloogiline protsess.",Fertilization,Viljastumine,,,Fertilization combines genetic material from two gametes.,Viljastumisel ühineb kahe suguraku geneetiline materjal.,Human fertilization — Wikipedia,https://en.wikipedia.org/wiki/Human_fertilization,CC-BY-SA-4.0,2026-08-27,reviewed,true
built-in-adult-clue-0488,built-in-adult,Adult (Mature) / Täiskasvanutele,built-in-adult-set-098,board,round-two,3,hard,landmark-research-terminology,Everyday Terms in Health and Society,Tervise ja ühiskonna argimõisted,This legal threshold specifies when a person can agree to sexual activity under a jurisdiction's criminal law.,"See õiguslik vanusepiir määrab, millal loetakse inimest kriminaalõiguse järgi seksuaaltegevuseks nõusoleku andmiseks piisavalt vanaks.",Age of consent,Nõusolekuiga,,,The age of consent is the legal threshold at which a person is considered able to agree to sexual activity under criminal law; the threshold and related rules vary by jurisdiction and offence.,"Nõusolekuiga on õiguslik vanusepiir, millest alates loetakse inimene kriminaalõiguses võimeliseks seksuaaltegevuseks nõusolekut andma; vanusepiir ja sellega seotud reeglid erinevad jurisdiktsiooni ja süüteo järgi.",Age of consent — Wikipedia,https://en.wikipedia.org/wiki/Age_of_consent,CC-BY-SA-4.0,2026-08-27,reviewed,true
built-in-adult-clue-0489,built-in-adult,Adult (Mature) / Täiskasvanutele,built-in-adult-set-098,board,round-two,4,hard,landmark-research-terminology,Everyday Terms in Health and Society,Tervise ja ühiskonna argimõisted,"Clothing, voice, and manner can be parts of this outward presentation of gender.","Riietus, hääl ja käitumisviisid võivad olla osa sellest soo välisest väljendamisest.",Gender expression,Sooline eneseväljendus,,,Gender expression is how a person communicates gender outwardly.,"Sooline eneseväljendus on viis, kuidas inimene väljendab sugu oma välimuse ja käitumise kaudu.",Gender expression — Wikipedia,https://en.wikipedia.org/wiki/Gender_expression,CC-BY-SA-4.0,2026-08-27,reviewed,true
built-in-adult-clue-0490,built-in-adult,Adult (Mature) / Täiskasvanutele,built-in-adult-set-098,board,round-two,5,hard,landmark-research-terminology,Everyday Terms in Health and Society,Tervise ja ühiskonna argimõisted,Researchers return to the same people or cohort at several points over months or years in this kind of study design.,Selle uurimiskavandi puhul pöörduvad teadlased kuude või aastate jooksul korduvalt samade inimeste või sama kohordi juurde.,Longitudinal study,Pikiuuring,,,A longitudinal study collects observations from the same people or cohort at multiple points over an extended period.,Pikiuuring kogub samade uuritavate kohta vaatlusi mitmel ajahetkel.,Longitudinal study — Wikipedia,https://en.wikipedia.org/wiki/Longitudinal_study,CC-BY-SA-4.0,2026-08-27,reviewed,true
built-in-adult-clue-0491,built-in-adult,Adult (Mature) / Täiskasvanutele,built-in-adult-set-099,board,round-two,1,hard,landmark-research-terminology,Milestones and Life Transitions,Eluetapid ja üleminekud,This life stage follows adolescence and often includes new independence.,See eluetapp järgneb noorukieale ja hõlmab sageli uut iseseisvust.,Young adulthood,Noor täiskasvanuiga,,,"In medicine and the social sciences, a young adult is generally a person in the years following adolescence, sometimes with some overlap. Definitions and opinions on what qualifies as a young adult vary, with works such as Erik Erikson's stages of human development significantly influencing the definition of the term.","Noor täiskasvanuiga järgneb noorukieale ning sellega seostuvad sageli suurem iseseisvus, töö ja uued suhted.",Young adulthood — Wikipedia,https://en.wikipedia.org/wiki/Young_adult,CC-BY-SA-4.0,2026-08-28,reviewed,true
built-in-adult-clue-0492,built-in-adult,Adult (Mature) / Täiskasvanutele,built-in-adult-set-099,board,round-two,2,hard,landmark-research-terminology,Milestones and Life Transitions,Eluetapid ja üleminekud,This broad life period lies between young adulthood and old age.,See lai eluperiood jääb noore täiskasvanuea ja vanaduse vahele.,Middle age,Keskealisus,,,Middle age is the life period between young adulthood and old age; one common range is 40 to 64 years.,Keskealisus on eluperiood noore täiskasvanuea ja vanaduse vahel; üks levinud vanusevahemik on 40–64 aastat.,Middle age — Wikipedia,https://en.wikipedia.org/wiki/Middle_age,CC-BY-SA-4.0,2026-08-28,reviewed,true
built-in-adult-clue-0493,built-in-adult,Adult (Mature) / Täiskasvanutele,built-in-adult-set-099,board,round-two,3,hard,landmark-research-terminology,Milestones and Life Transitions,Eluetapid ja üleminekud,A person enters this stage when they leave long-term paid work.,"Inimene jõuab sellesse etappi, kui lahkub pikaajaliselt palgatöölt.",Retirement,Pensionile jäämine,,,Retirement is the withdrawal from one's position or occupation or from one's active working life. A person may also semi-retire by reducing work hours or workload.,"Pensionile jäämine tähendab pikaajalisest palgatööst lahkumist, sageli pärast pensioniea või rahalise valmisoleku saavutamist.",Retirement — Wikipedia,https://en.wikipedia.org/wiki/Retirement,CC-BY-SA-4.0,2026-08-28,reviewed,true
built-in-adult-clue-0494,built-in-adult,Adult (Mature) / Täiskasvanutele,built-in-adult-set-099,board,round-two,4,hard,landmark-research-terminology,Milestones and Life Transitions,Eluetapid ja üleminekud,Parents may use this phrase after their children have moved out.,Vanemad võivad kasutada seda väljendit pärast laste kodust lahkumist.,Empty nest,Tühi pesa,,,"Empty nest syndrome is a feeling of grief and loneliness parents may feel when their children move out of the family home, such as to live on their own or to pursue a higher education. It is not a clinical condition.","Tühja pesa all mõeldakse vanemate kodu ja elujärku pärast seda, kui lapsed on välja kolinud.",Empty nest — Wikipedia,https://en.wikipedia.org/wiki/Empty_nest_syndrome,CC-BY-SA-4.0,2026-08-28,reviewed,true
built-in-adult-clue-0495,built-in-adult,Adult (Mature) / Täiskasvanutele,built-in-adult-set-099,board,round-two,5,hard,landmark-research-terminology,Milestones and Life Transitions,Eluetapid ja üleminekud,Jeanne Calment belonged to this demographic group named for reaching a three-digit age.,"Jeanne Calment kuulus sellesse demograafilisse rühma, mille nimetus viitab kolmekohalise vanuseni jõudmisele.",Centenarian,Saja-aastane,,,A centenarian is a person aged at least 100; Jeanne Calment lived to 122.,Saja-aastane on vähemalt 100-aastane inimene; Jeanne Calment elas 122-aastaseks.,Centenarian — Wikipedia,https://en.wikipedia.org/wiki/Centenarian,CC-BY-SA-4.0,2026-08-28,reviewed,true
built-in-adult-clue-0496,built-in-adult,Adult (Mature) / Täiskasvanutele,built-in-adult-set-100,board,round-two,1,hard,landmark-research-terminology,Healthy Relationships,Terved suhted,"This means valuing another person's feelings, choices, and boundaries.","See tähendab teise inimese tunnete, valikute ja piiride väärtustamist.",Respect,Austus,,,"Respect, also called esteem, is a positive feeling or deferential action shown towards someone or something considered important or held in high esteem or regard. It conveys a sense of admiration for good or valuable qualities.","Austus tähendab teise inimese väärtustamist ning tema tunnete, valikute ja piiridega arvestamist.",Respect — Wikipedia,https://en.wikipedia.org/wiki/Respect,CC-BY-SA-4.0,2026-08-28,reviewed,true
built-in-adult-clue-0497,built-in-adult,Adult (Mature) / Täiskasvanutele,built-in-adult-set-100,board,round-two,2,hard,landmark-research-terminology,Healthy Relationships,Terved suhted,Telling the truth and avoiding deliberate deception demonstrate this quality.,Tõe rääkimine ja teadliku petmise vältimine näitavad seda omadust.,Honesty,Ausus,,,"Honesty or truthfulness is a facet of moral character that connotes positive and virtuous attributes such as integrity, truthfulness, straightforwardness (including straightforwardness of conduct: earnestness), along with the absence of lying, cheating, theft, etc. Honesty also involves being trustworthy, loyal, fair, and sincere.","Ausus tähendab tõe rääkimist, siirust ja usaldusväärsust ning teadlikust petmisest hoidumist.",Honesty — Wikipedia,https://en.wikipedia.org/wiki/Honesty,CC-BY-SA-4.0,2026-08-28,reviewed,true
built-in-adult-clue-0498,built-in-adult,Adult (Mature) / Täiskasvanutele,built-in-adult-set-100,board,round-two,3,hard,landmark-research-terminology,Healthy Relationships,Terved suhted,Encouragement and practical help during hard times are forms of this.,Julgustamine ja praktiline abi rasketel aegadel on selle vormid.,Support,Toetus,,,"Social support is the perception and actuality that one is cared for, has assistance available from other people, and, most popularly, that one is part of a supportive social network. These supportive resources can be emotional (e.g., nurturance), informational (e.g., advice), or companionship (e.g., sense of belonging); tangible (e.g., financial assistance) or intangible (e.g., personal advice).","Toetus tähendab, et inimene tunneb end hoituna ning saab teistelt emotsionaalset julgustust, teavet, seltsi või praktilist abi.",Support — Wikipedia,https://en.wikipedia.org/wiki/Social_support,CC-BY-SA-4.0,2026-08-28,reviewed,true
built-in-adult-clue-0499,built-in-adult,Adult (Mature) / Täiskasvanutele,built-in-adult-set-100,board,round-two,4,hard,landmark-research-terminology,Healthy Relationships,Terved suhted,"Keeping one's own friends, interests, and decisions supports this freedom to direct one's own life within a couple.","Oma sõprade, huvide ja otsuste säilitamine toetab paarisuhtes seda vabadust oma elu ise juhtida.",Personal autonomy,Isiklik autonoomia,,,"Personal autonomy is the capacity to make informed choices and direct one's own life, including while participating in a relationship.",Isiklik autonoomia on võime teha teadlikke valikuid ja juhtida oma elu ka paarisuhtes olles.,Autonomy — Wikipedia,https://en.wikipedia.org/wiki/Autonomy,CC-BY-SA-4.0,2026-08-28,reviewed,true
built-in-adult-clue-0500,built-in-adult,Adult (Mature) / Täiskasvanutele,built-in-adult-set-100,board,round-two,5,hard,landmark-research-terminology,Healthy Relationships,Terved suhted,"Listening, identifying needs, and agreeing on a solution are steps in this process.","Kuulamine, vajaduste tuvastamine ja lahenduses kokkuleppimine on selle protsessi sammud.",Conflict resolution,Konfliktide lahendamine,,,Conflict resolution uses communication and problem-solving to address disagreement and reach an acceptable outcome.,"Konfliktide lahendamisel kasutatakse kuulamist, vajaduste sõnastamist ja probleemilahendust, et jõuda osapooltele vastuvõetava tulemuseni.",Conflict resolution — Wikipedia,https://en.wikipedia.org/wiki/Conflict_resolution,CC-BY-SA-4.0,2026-08-28,reviewed,true
