clue_id,pack_id,pack_name,category_set_id,content_kind,round,tier,difficulty,macro_topic,category_name_en,category_name_et,clue_en,clue_et,response_en,response_et,accepted_variants_en,accepted_variants_et,explanation_en,explanation_et,source_title,source_url,source_license,source_retrieved_at,translation_status,enabled
built-in-estonia-clue-0001,built-in-estonia,Estonia / Eesti,built-in-estonia-set-001,board,round-one,1,easy,history-statehood,"Blue, Black, White—and More","Sinine, must, valge ja veel","Blue also belongs to this grain-field flower, chosen as Estonia’s national flower in 1968.","Sinine on ka selle viljapõllulille värv, mis valiti 1968. aastal Eesti rahvuslilleks.",cornflower,rukkilill,,,The blue cornflower has been Estonia’s national flower since 1968 and was long familiar among fields of rye.,Sinine rukkilill on olnud Eesti rahvuslill alates 1968. aastast ning kasvas vanasti sageli rukkipõldudel.,National symbols of Estonia,https://estinst.ee/wp-content/uploads/2017/02/549_symbolid-veebi-juuni-2015_1.pdf,All rights reserved,2026-08-28,reviewed,true
built-in-estonia-clue-0002,built-in-estonia,Estonia / Eesti,built-in-estonia-set-001,board,round-one,2,easy,history-statehood,"Blue, Black, White—and More","Sinine, must, valge ja veel",The “black bread” at an Estonian table is traditionally baked mainly from this grain.,Eesti laua „must leib“ küpsetatakse traditsiooniliselt peamiselt sellest teraviljast.,rye,rukis,,,Rye gives Estonian black bread its dark crumb and characteristic sourdough flavour.,Rukis annab Eesti mustale leivale tumeda sisu ja iseloomuliku hapuka maitse.,Regional flavors,https://visitestonia.com/en/what-to-do/regional-flavors,All rights reserved,2026-08-28,reviewed,true
built-in-estonia-clue-0003,built-in-estonia,Estonia / Eesti,built-in-estonia-set-001,board,round-one,3,easy,history-statehood,"Blue, Black, White—and More","Sinine, must, valge ja veel","Around midsummer, lingering northern twilight gives Estonia’s short summer nights this bright nickname.",Jaanipäeva paiku annab pikk põhjamaine videvik Eesti lühikestele suveöödele selle heleda nimetuse.,white nights,valged ööd,,,"Estonia’s northern latitude leaves only twilight around the summer solstice, creating the season known as the white nights.",Eesti põhjapoolse asendi tõttu ei lähe suvise pööripäeva paiku päriselt pimedaks ning seda aega tuntakse valgete öödena.,Midsummer’s Eve – when Dusk meets Dawn,https://visitestonia.com/en/what-to-do/midsummers-eve-when-dusk-meets-dawn-jaanipaev,All rights reserved,2026-08-28,reviewed,true
built-in-estonia-clue-0004,built-in-estonia,Estonia / Eesti,built-in-estonia-set-001,board,round-one,4,easy,history-statehood,"Blue, Black, White—and More","Sinine, must, valge ja veel",White limestone layers rise above the Baltic at this dramatic coastal escarpment near Paldiski.,Paldiski lähedal kerkivad Läänemere kohal valged paekihid sellel järsul rannikupangal.,Pakri cliffs,Pakri pank,,,The Pakri peninsula ends in a high limestone cliff whose exposed pale rock forms one of northern Estonia’s most striking coastal views.,"Pakri poolsaar lõpeb kõrge paekaldaga, mille hele paljand on üks Põhja-Eesti silmapaistvamaid rannikuvaateid.",Pakri Landscape Conservation Area and cliffed coast,https://visitestonia.com/en/pakri-landscape-conservation-area-and-cliffed-coast,All rights reserved,2026-08-28,reviewed,true
built-in-estonia-clue-0005,built-in-estonia,Estonia / Eesti,built-in-estonia-set-001,board,round-one,5,easy,history-statehood,"Blue, Black, White—and More","Sinine, must, valge ja veel",The first blue-black-white flag was consecrated at Otepää in 1884 for which Tartu student organization?,Millise Tartu üliõpilasorganisatsiooni esimene sinimustvalge lipp pühitseti 1884. aastal Otepääl?,Estonian Students’ Society,Eesti Üliõpilaste Selts,EÜS,EÜS,"The Estonian Students’ Society, abbreviated EÜS in Estonian, adopted the blue-black-white colours; its first flag was consecrated at Otepää in 1884.",Eesti Üliõpilaste Selts ehk EÜS võttis kasutusele sinimustvalged värvid ning seltsi esimene lipp pühitseti 1884. aastal Otepääl.,Sinimustvalge postiajaloos,https://www.erm.ee/naitused/sinimustvalge-postiajaloos/,All rights reserved,2026-08-28,reviewed,true
built-in-estonia-clue-0006,built-in-estonia,Estonia / Eesti,built-in-estonia-set-002,board,round-one,1,easy,history-statehood,Estonia’s Famous Firsts,Eesti kuulsad esimesed,Tallinn records a public Christmas tree on Town Hall Square in 1441. In which decade was that?,Tallinna Raekoja platsil on avalik jõulupuu kirja pandud 1441. aastal. Millises kümnendis see oli?,1440s,1440. aastad,,,"Tallinn’s Brotherhood of the Black Heads erected a festive tree on Town Hall Square in 1441, placing the record in the 1440s.","Tallinna Mustpeade vennaskond püstitas 1441. aastal Raekoja platsile pidupuu, seega pärineb teade 1440. aastatest.",The story of the Christmas tree on Town Hall square,https://www.visittallinn.ee/eng/visitor/ideas-tips/tips-and-guides/christmas-tree,All rights reserved,2026-08-28,reviewed,true
built-in-estonia-clue-0007,built-in-estonia,Estonia / Eesti,built-in-estonia-set-002,board,round-one,2,easy,history-statehood,Estonia’s Famous Firsts,Eesti kuulsad esimesed,In 2005 Estonia became the first country to offer nationwide binding elections through this digital method.,2005. aastal pakkus Eesti esimese riigina üleriigilistel siduvatel valimistel seda digitaalset võimalust.,internet voting,e-hääletamine,e-voting;i-voting;online voting,e-hääletus;i-hääletus;interneti-hääletus,"Estonia introduced binding nationwide internet voting in 2005, allowing authenticated ballots to be cast online.","Eesti võttis 2005. aastal kasutusele siduva üleriigilise e-hääletamise, mis võimaldab anda tuvastatud hääle internetis.",Electronic voting in Estonia,https://en.wikipedia.org/wiki/Electronic_voting_in_Estonia,CC-BY-SA-4.0,2026-08-28,reviewed,true
built-in-estonia-clue-0008,built-in-estonia,Estonia / Eesti,built-in-estonia-set-002,board,round-one,3,easy,history-statehood,Estonia’s Famous Firsts,Eesti kuulsad esimesed,"In 2016, this former European Court of Auditors member became Estonia’s first woman president.",2016. aastal sai sellest endisest Euroopa Kontrollikoja liikmest Eesti esimene naispresident.,Kersti Kaljulaid,Kersti Kaljulaid,,,Kersti Kaljulaid served as Estonia’s president from 2016 to 2021 and was the first woman to hold the office.,Kersti Kaljulaid oli aastatel 2016–2021 Eesti president ning esimene naine selles ametis.,Kersti Kaljulaid,https://en.wikipedia.org/wiki/Kersti_Kaljulaid,CC-BY-SA-4.0,2026-08-28,reviewed,true
built-in-estonia-clue-0009,built-in-estonia,Estonia / Eesti,built-in-estonia-set-002,board,round-one,4,easy,history-statehood,Estonia’s Famous Firsts,Eesti kuulsad esimesed,"Tanel Padar, Dave Benton and 2XL gave Estonia its first Eurovision win with this 2001 song.","Tanel Padar, Dave Benton ja 2XL tõid Eestile 2001. aastal esimese Eurovisiooni võidu selle lauluga.",Everybody,„Everybody“,,,“Everybody” won Eurovision 2001 for Estonia and brought the following year’s contest to Tallinn.,„Everybody“ võitis Eestile 2001. aasta Eurovisiooni ning tõi järgmise aasta võistluse Tallinna.,Everybody (Tanel Padar and Dave Benton song),https://en.wikipedia.org/wiki/Everybody_(Tanel_Padar_and_Dave_Benton_song),CC-BY-SA-4.0,2026-08-28,reviewed,true
built-in-estonia-clue-0010,built-in-estonia,Estonia / Eesti,built-in-estonia-set-002,board,round-one,5,easy,history-statehood,Estonia’s Famous Firsts,Eesti kuulsad esimesed,"Johannes Pääsuke made Estonia’s first narrative film in 1914, a political satire about hunting this animal in Pärnumaa.","Johannes Pääsuke tegi 1914. aastal Eesti esimese mängufilmi, poliitilise satiiri selle looma jahist Pärnumaal.",Bear Hunt in Pärnumaa,„Karujaht Pärnumaal“,,,Johannes Pääsuke’s 1914 satire “Bear Hunt in Pärnumaa” is generally regarded as the first Estonian narrative film.,Johannes Pääsukese 1914. aasta satiiri „Karujaht Pärnumaal“ peetakse üldiselt esimeseks Eesti mängufilmiks.,Lauri Kärk (2012). Eesti filmiajaloo lühikonspekt,https://www.efis.ee/en/page/eesti-filmiajaloo-luhikonspekt,All rights reserved,2026-08-28,reviewed,true
built-in-estonia-clue-0011,built-in-estonia,Estonia / Eesti,built-in-estonia-set-003,board,round-one,1,easy,history-statehood,Estonia by the Numbers,Eesti arvudes,"Visit Estonia’s 2026 sailing guide counts 2,317 islands. Which round-number description fits: more than 200, more than 2,000 or more than 20,000?","Visit Estonia 2026. aasta purjetamisjuhend loendab 2317 saart. Milline ümardatud kirjeldus sobib: üle 200, üle 2000 või üle 20 000?","more than 2,000 islands",üle 2000 saare,"over 2,000 islands",rohkem kui 2000 saart,"Visit Estonia’s 2026 sailing guide lists 2,317 islands, so the accurate rounded description is more than 2,000.","Visit Estonia 2026. aasta purjetamisjuhend loendab 2317 saart, seega on täpne ümardatud kirjeldus „üle 2000“.",Sailing to Estonia and exploring the country’s small harbors,https://visitestonia.com/en/where-to-go/sailing-to-estonia-and-exploring-the-countrys-small-harbors,All rights reserved,2026-08-28,reviewed,true
built-in-estonia-clue-0012,built-in-estonia,Estonia / Eesti,built-in-estonia-set-003,board,round-one,2,easy,history-statehood,Estonia by the Numbers,Eesti arvudes,Estonian grammar traditionally counts a dozen cases plus two more. Name that complete case inventory.,Eesti grammatikas loetakse traditsiooniliselt tosin käänet ja veel kaks. Nimeta käänete koguarv.,fourteen grammatical cases,neliteist käänet,fourteen cases;14 cases,neliteist;14,Standard descriptions of Estonian grammar list 14 noun cases: twelve plus two in the clue.,Eesti keele tavakirjeldustes loetletakse 14 nimisõnakäänet: vihjes nimetatud tosin ja veel kaks.,Estonian grammar,https://en.wikipedia.org/wiki/Estonian_grammar,CC-BY-SA-4.0,2026-08-28,reviewed,true
built-in-estonia-clue-0013,built-in-estonia,Estonia / Eesti,built-in-estonia-set-003,board,round-one,3,easy,history-statehood,Estonia by the Numbers,Eesti arvudes,Visit Estonia prints the country’s international dialling prefix as 00372. Replace the opening zeroes with a plus sign: what is the equivalent code?,Visit Estonia kirjutab Eesti rahvusvahelise suunakoodi kujul 00372. Asenda algusnullid plussmärgiga: milline on samaväärne kood?,+372,+372,,,Estonia’s international dialling prefix can be written as either 00372 or +372.,Eesti rahvusvahelise suunakoodi võib kirjutada kujul 00372 või +372.,Tips for planning your trip to Estonia,https://visitestonia.com/en/planning,All rights reserved,2026-08-28,reviewed,true
built-in-estonia-clue-0014,built-in-estonia,Estonia / Eesti,built-in-estonia-set-003,board,round-one,4,easy,history-statehood,Estonia by the Numbers,Eesti arvudes,A Visit Tallinn guide counted 46 towers on the medieval city wall originally and 26 still intact. Subtract to find how many had not survived.,"Visit Tallinna juhendi järgi oli keskaegsel linnamüüril algselt 46 torni ja neist 26 oli säilinud. Lahuta ja leia, mitu torni polnud säilinud.",20 towers,20 torni,twenty towers,kakskümmend torni,"The guide records 46 original wall towers and 26 intact, leaving a difference of 20 towers.",Juhend märgib 46 algset linnamüüritorni ja 26 säilinud torni; vahe on 20 torni.,Tallinn tourism guide (2011),https://www.tourism.tallinn.ee/static/files/050/imago_2011.pdf,All rights reserved,2026-08-28,reviewed,true
built-in-estonia-clue-0015,built-in-estonia,Estonia / Eesti,built-in-estonia-set-003,board,round-one,5,easy,history-statehood,Estonia by the Numbers,Eesti arvudes,"Harju, Tartu, Pärnu and Saare are examples of Estonia’s first-level counties. How many counties does the country have altogether?","Harju, Tartu, Pärnu ja Saare on Eesti maakonnad. Mitu maakonda on Eestis kokku?",15 counties,15 maakonda,fifteen;15,viisteist;15,"Estonia is divided into 15 counties, including the island counties of Saare and Hiiu.","Eesti jaguneb 15 maakonnaks, nende seas Saare ja Hiiu maakond.",Counties of Estonia,https://en.wikipedia.org/wiki/Counties_of_Estonia,CC-BY-SA-4.0,2026-08-28,reviewed,true
built-in-estonia-clue-0016,built-in-estonia,Estonia / Eesti,built-in-estonia-set-004,board,round-one,1,easy,history-statehood,Names with a Story,"Nimed, millel on lugu","Its name literally says “Mother River,” and it flows through central Tartu.",Selle nimi tähendab sõna-sõnalt ema jõge ning see voolab läbi Tartu kesklinna.,Emajõgi,Emajõgi,,,Emajõgi means “Mother River” and links Lake Võrtsjärv with Lake Peipus while passing through Tartu.,"Emajõgi tähendab „emajõge“ ning ühendab Võrtsjärve Peipsiga, voolates läbi Tartu.",Emajõgi,https://en.wikipedia.org/wiki/Emajõgi,CC-BY-SA-4.0,2026-08-28,reviewed,true
built-in-estonia-clue-0017,built-in-estonia,Estonia / Eesti,built-in-estonia-set-004,board,round-one,2,easy,history-statehood,Names with a Story,"Nimed, millel on lugu","The stacked, spiralling profile of this Tartu high-rise explains a name that literally means “Snail Tower.”","Selle Tartu kõrghoone astmeline spiraalne kuju selgitab nime, mis tähendab sõna-sõnalt „teotorni“.",Tigutorn,Tigutorn,,,Tigutorn is a residential high-rise in Tartu whose twisting silhouette inspired its Estonian “Snail Tower” nickname.,"Tigutorn on Tartu elamu, mille keerduv siluett andis hoonele teotorni meenutava nime.",Snail Tower,https://en.wikipedia.org/wiki/Tigutorn,CC-BY-SA-4.0,2026-08-28,reviewed,true
built-in-estonia-clue-0018,built-in-estonia,Estonia / Eesti,built-in-estonia-set-004,board,round-one,3,easy,history-statehood,Names with a Story,"Nimed, millel on lugu",An embracing couple under an umbrella gives this Tartu fountain sculpture its affectionate name.,Vihmavarju all embav paar annab sellele Tartu purskkaevuskulptuurile hellitava nime.,Kissing Students,Suudlevad tudengid,,,Mati Karmin’s Kissing Students fountain shows an embracing couple beneath an umbrella in Tartu Town Hall Square.,Mati Karmini purskkaev „Suudlevad tudengid“ kujutab Tartu Raekoja platsil vihmavarju all embavat paari.,Kissing Students,https://en.wikipedia.org/wiki/Kissing_Students,CC-BY-SA-4.0,2026-08-28,reviewed,true
built-in-estonia-clue-0019,built-in-estonia,Estonia / Eesti,built-in-estonia-set-004,board,round-one,4,easy,history-statehood,Names with a Story,"Nimed, millel on lugu","A 1989 human chain joined Estonia, Latvia and Lithuania, giving this peaceful protest its road-like English name.","1989. aasta inimkett ühendas Eesti, Läti ja Leedu ning sai eesti keeles keti järgi selle nime.",Baltic Way,Balti kett,,,"On 23 August 1989, roughly two million people formed the Baltic Way across Estonia, Latvia and Lithuania.","23. augustil 1989 moodustas ligikaudu kaks miljonit inimest Eestit, Lätit ja Leedut läbinud Balti keti.",Baltic Way,https://en.wikipedia.org/wiki/Baltic_Way,CC-BY-SA-4.0,2026-08-28,reviewed,true
built-in-estonia-clue-0020,built-in-estonia,Estonia / Eesti,built-in-estonia-set-004,board,round-one,5,easy,history-statehood,Names with a Story,"Nimed, millel on lugu",This unusually broad Tallinn cannon tower carries a stout woman’s nickname in both English and Estonian.,See ebatavaliselt lai Tallinna suurtükitorn kannab nii eesti kui ka inglise keeles tüsedale naisele viitavat hüüdnime.,Fat Margaret,Paks Margareeta,,,Paks Margareeta is a massive 16th-century cannon tower forming part of the Estonian Maritime Museum.,Paks Margareeta on massiivne 16. sajandi suurtükitorn ja Eesti Meremuuseumi osa.,Estonian Maritime Museum,https://en.wikipedia.org/wiki/Estonian_Maritime_Museum,CC-BY-SA-4.0,2026-08-28,reviewed,true
built-in-estonia-clue-0021,built-in-estonia,Estonia / Eesti,built-in-estonia-set-005,board,round-one,1,easy,history-statehood,Estonia on the World Stage,Eesti maailmaareenil,This Estonian rapper brought his surreal visual style to Eurovision 2025 with “Espresso Macchiato.”,See Eesti räppar tõi 2025. aasta Eurovisioonile oma sürrealistliku visuaalstiili ja loo „Espresso Macchiato“.,Tommy Cash,Tommy Cash,,,Tommy Cash is an Estonian rapper and visual artist who represented Estonia at Eurovision 2025 with “Espresso Macchiato.”,"Tommy Cash on Eesti räppar ja visuaalkunstnik, kes esindas Eestit 2025. aasta Eurovisioonil looga „Espresso Macchiato“.",Tommy Cash (rapper),https://en.wikipedia.org/wiki/Tommy_Cash_(rapper),CC-BY-SA-4.0,2026-08-28,reviewed,true
built-in-estonia-clue-0022,built-in-estonia,Estonia / Eesti,built-in-estonia-set-005,board,round-one,2,easy,history-statehood,Estonia on the World Stage,Eesti maailmaareenil,"Estonia became a full member of this international space organization in 2015, joining missions beyond its own ESTCube project.","Eesti sai 2015. aastal selle rahvusvahelise kosmoseorganisatsiooni täisliikmeks, liitudes missioonidega väljaspool oma ESTCube’i projekti.",European Space Agency,Euroopa Kosmoseagentuur,,,Estonia became the 21st member state of the European Space Agency in 2015.,Eestist sai 2015. aastal Euroopa Kosmoseagentuuri 21. liikmesriik.,Member States welcome Estonia,https://www.esa.int/About_Us/Corporate_news/Member_States_welcome_Estonia,All rights reserved,2026-08-28,reviewed,true
built-in-estonia-clue-0023,built-in-estonia,Estonia / Eesti,built-in-estonia-set-005,board,round-one,3,easy,history-statehood,Estonia on the World Stage,Eesti maailmaareenil,UNESCO lists this walled Hanseatic centre for its unusually complete medieval urban fabric.,UNESCO nimekirjas on see müüridega hansalinnasüda erakordselt tervikliku keskaegse linnaruumi tõttu.,Tallinn Old Town,Tallinna vanalinn,,,"Tallinn Old Town preserves its medieval walls, street plan and Hanseatic buildings well enough to merit UNESCO status.","Tallinna vanalinn säilitab keskaegsed müürid, tänavavõrgu ja hansahooned ning kuulub seetõttu UNESCO nimekirja.",Tallinn Old Town,https://en.wikipedia.org/wiki/Tallinn_Old_Town,CC-BY-SA-4.0,2026-08-28,reviewed,true
built-in-estonia-clue-0024,built-in-estonia,Estonia / Eesti,built-in-estonia-set-005,board,round-one,4,easy,history-statehood,Estonia on the World Stage,Eesti maailmaareenil,"This Estonian-American conductor, son of Neeme Järvi, founded the Baltic Sea Philharmonic.","See Eesti-Ameerika dirigent, Neeme Järvi poeg, asutas Baltic Sea Philharmonicu.",Kristjan Järvi,Kristjan Järvi,,,Kristjan Järvi belongs to Estonia’s Järvi conducting family and founded the Baltic Sea Philharmonic.,Kristjan Järvi kuulub Eesti Järvide dirigendiperekonda ning asutas Baltic Sea Philharmonicu.,Kristjan Järvi,https://en.wikipedia.org/wiki/Kristjan_Järvi,CC-BY-SA-4.0,2026-08-28,reviewed,true
built-in-estonia-clue-0025,built-in-estonia,Estonia / Eesti,built-in-estonia-set-005,board,round-one,5,easy,history-statehood,Estonia on the World Stage,Eesti maailmaareenil,Name the Estonian Nordic combined skier whose surname is also the Estonian word for “lynx.”,"Nimeta Eesti kahevõistleja, kelle perekonnanimi tähendab eesti keeles ilvest.",Kristjan Ilves,Kristjan Ilves,,,"Kristjan Ilves competes for Estonia in Nordic combined, which joins ski jumping with cross-country skiing.","Kristjan Ilves esindab Eestit kahevõistluses, kus ühendatakse suusahüpped ja murdmaasuusatamine.",Kristjan Ilves,https://en.wikipedia.org/wiki/Kristjan_Ilves,CC-BY-SA-4.0,2026-08-28,reviewed,true
built-in-estonia-clue-0026,built-in-estonia,Estonia / Eesti,built-in-estonia-set-006,board,round-one,1,easy,history-statehood,A Year in Estonia,Aasta Eestis,Spring floods bring a canoe-friendly “fifth season” to this national park.,Kevadised üleujutused toovad sellesse rahvusparki kanuusõiduks sobiva „viienda aastaaja“.,Soomaa,Soomaa,,,"Soomaa’s seasonal floods spread across roads and meadows, creating a fifth season best explored by canoe.",Soomaa hooajalised üleujutused katavad teid ja niite ning loovad kanuuga läbitava viienda aastaaja.,Soomaa National Park,https://en.wikipedia.org/wiki/Soomaa_National_Park,CC-BY-SA-4.0,2026-08-28,reviewed,true
built-in-estonia-clue-0027,built-in-estonia,Estonia / Eesti,built-in-estonia-set-006,board,round-one,2,easy,history-statehood,A Year in Estonia,Aasta Eestis,"Bonfires, swings and a very short night mark this 24 June celebration.","Lõkked, kiiged ja väga lühike öö tähistavad seda 24. juuni püha.",Jaanipäev,jaanipäev,,,"Jaanipäev falls on 24 June, while the bonfires and all-night gatherings begin on the preceding evening.","Jaanipäev on 24. juunil, kuid lõkked ja öised koosviibimised algavad juba eelmisel õhtul.",Midsummer,https://en.wikipedia.org/wiki/Midsummer,CC-BY-SA-4.0,2026-08-28,reviewed,true
built-in-estonia-clue-0028,built-in-estonia,Estonia / Eesti,built-in-estonia-set-006,board,round-one,3,easy,history-statehood,A Year in Estonia,Aasta Eestis,"At sunset on the last Saturday of August, bonfires along Estonia’s coast recall old beacon fires that guided sailors home. Name this end-of-summer event.","Augusti viimasel laupäeval süüdatakse päikeseloojangul Eesti rannikul lõkked, mis meenutavad meremehi koju juhatanud vanu märgutulesid. Nimeta suvelõpu sündmus.",Night of Ancient Lights,Muinastulede öö,Night of Ancient Bonfires,muinastulede õhtu,The Night of Ancient Lights revives coastal signal-fire imagery with bonfires lit at sunset near the end of August.,Muinastulede öö elustab ranniku märgutulede tava augusti lõpus päikeseloojangul süüdatavate lõketega.,The Night of Ancient Lights,https://visittallinn.ee/eng/visitor/see-do/events/events/10528/the-night-of-ancient-bonfires,All rights reserved,2026-08-28,reviewed,true
built-in-estonia-clue-0029,built-in-estonia,Estonia / Eesti,built-in-estonia-set-006,board,round-one,4,easy,history-statehood,A Year in Estonia,Aasta Eestis,"University students celebrate on 30 April with costumes and festivities on this spring night, called volbriöö in Estonian.","Üliõpilased tähistavad 30. aprillil kostüümide ja pidustustega seda kevadööd, mida inglise keeles nimetatakse Walpurgis Night’iks.",Walpurgis Night,volbriöö,,,"In Estonian university towns, volbriöö on 30 April is marked by student processions, costumes and spring celebrations.","Eesti ülikoolilinnades tähistatakse 30. aprilli volbriööd tudengirongkäikude, kostüümide ja kevadpidudega.",Walpurgis Night,https://en.wikipedia.org/wiki/Walpurgis_Night,CC-BY-SA-4.0,2026-08-28,reviewed,true
built-in-estonia-clue-0030,built-in-estonia,Estonia / Eesti,built-in-estonia-set-006,board,round-one,5,easy,history-statehood,A Year in Estonia,Aasta Eestis,This dark barley-and-blood sausage is a familiar feature of an Estonian Christmas meal.,See tume odra ja verega vorst on Eesti jõululaua tuttav osa.,verivorst,verivorst,,,"Verivorst combines blood, barley groats and seasoning in a sausage traditionally served with sauerkraut at Christmas.","Verivorst ühendab vere, odrakruubid ja maitseained ning seda süüakse jõulude ajal traditsiooniliselt hapukapsaga.",Blood sausage,https://en.wikipedia.org/wiki/Blood_sausage,CC-BY-SA-4.0,2026-08-28,reviewed,true
built-in-estonia-clue-0031,built-in-estonia,Estonia / Eesti,built-in-estonia-set-007,board,round-one,1,easy,history-statehood,"Made, Written or Invented Here","Siin tehtud, kirjutatud või leiutatud",Markus Villig founded this Tallinn-born ride-hailing and delivery company as Taxify.,Markus Villig asutas selle Tallinnast pärit sõidu- ja kullerteenuse ettevõtte Taxify nime all.,Bolt,Bolt,,,Markus Villig launched Taxify in Tallinn; the company later adopted the name Bolt and expanded far beyond ride-hailing.,"Markus Villig käivitas Tallinnas Taxify, millest sai hiljem Bolt ja mis laienes sõidujagamisest palju kaugemale.",Bolt (company),https://en.wikipedia.org/wiki/Bolt_(company),CC-BY-SA-4.0,2026-08-28,reviewed,true
built-in-estonia-clue-0032,built-in-estonia,Estonia / Eesti,built-in-estonia-set-007,board,round-one,2,easy,history-statehood,"Made, Written or Invented Here","Siin tehtud, kirjutatud või leiutatud",A Tallinn factory gives this national name to its concert grand pianos.,Tallinna tehas annab oma kontsertklaveritele selle riigi nime.,Estonia piano,Estonia klaver,,,Estonia Piano Factory builds handcrafted grand pianos in Tallinn under the country’s name.,Estonia Klaverivabrik valmistab Tallinnas riigi nime kandvaid käsitöö-tiibklavereid.,Estonia Piano Factory,https://en.wikipedia.org/wiki/Estonia_Piano_Factory,CC-BY-SA-4.0,2026-08-28,reviewed,true
built-in-estonia-clue-0033,built-in-estonia,Estonia / Eesti,built-in-estonia-set-007,board,round-one,3,easy,history-statehood,"Made, Written or Invented Here","Siin tehtud, kirjutatud või leiutatud","Add the activity ending “-ing” to Estonian “kiik,” meaning “swing,” to name this sport of looping over the top on progressively longer shafts.","Lisa eesti sõnale „kiik“ tegevust märkiv inglise lõpp „-ing“, et saada selle järjest pikematel aistel üle võlli kiikumise spordiala nimi.",kiiking,kiiking,,,Kiiking uses a rigid swing and adjustable shafts; competitors try to complete a full rotation on the longest setting.,Kiikingus kasutatakse jäika kiike ja reguleeritavaid aisasid ning võistleja püüab teha täisringi võimalikult pikkade aistega.,Kiiking,https://en.wikipedia.org/wiki/Kiiking,CC-BY-SA-4.0,2026-08-28,reviewed,true
built-in-estonia-clue-0034,built-in-estonia,Estonia / Eesti,built-in-estonia-set-007,board,round-one,4,easy,history-statehood,"Made, Written or Invented Here","Siin tehtud, kirjutatud või leiutatud",Eno Raud wrote about this homemade striped rag doll who comes alive for the child Anu.,"Eno Raud kirjutas sellest kodus tehtud triibulisest kaltsunukust, kes ärkab Anu jaoks ellu.",Sipsik,Sipsik,,,Eno Raud’s children’s character Sipsik is a striped rag doll made by Anu’s brother Mart.,"Eno Raua lastekirjanduse tegelane Sipsik on triibuline kaltsunukk, kelle teeb Anu vend Mart.",Raggie,https://en.wikipedia.org/wiki/Sipsik,CC-BY-SA-4.0,2026-08-28,reviewed,true
built-in-estonia-clue-0035,built-in-estonia,Estonia / Eesti,built-in-estonia-set-007,board,round-one,5,easy,history-statehood,"Made, Written or Invented Here","Siin tehtud, kirjutatud või leiutatud",Walter Zapp developed the prototype of this tiny camera in Tallinn before production moved to Riga.,"Walter Zapp arendas selle tillukese kaamera prototüübi Tallinnas, enne kui tootmine viidi Riiga.",Minox,Minox,,,"Walter Zapp designed the miniature Minox camera in Tallinn, though mass production began in Riga.","Walter Zapp kavandas miniatuurse Minoxi kaamera Tallinnas, kuigi seeriatootmine algas Riias.",Minox,https://en.wikipedia.org/wiki/Minox,CC-BY-SA-4.0,2026-08-28,reviewed,true
built-in-estonia-clue-0036,built-in-estonia,Estonia / Eesti,built-in-estonia-set-008,board,round-one,1,easy,history-statehood,Estonia for All Five Senses,Eesti kõigile viiele meelele,See Estonian art from classics to contemporary work in this curved limestone-and-glass Tallinn museum.,Vaata Eesti kunsti klassikast tänapäevani selles kaarduvas paekivi- ja klaashoones Tallinnas.,Kumu,Kumu,,,Kumu is the Art Museum of Estonia’s main building and presents Estonian art from the 18th century onward.,Kumu on Eesti Kunstimuuseumi peahoone ning tutvustab Eesti kunsti alates 18. sajandist.,Kumu (museum),https://en.wikipedia.org/wiki/Kumu_(museum),CC-BY-SA-4.0,2026-08-28,reviewed,true
built-in-estonia-clue-0037,built-in-estonia,Estonia / Eesti,built-in-estonia-set-008,board,round-one,2,easy,history-statehood,Estonia for All Five Senses,Eesti kõigile viiele meelele,"On several Estonian beaches, dry grains can squeak or hum underfoot, giving the sand this musical nickname.","Mõnes Eesti rannas võivad kuivad liivaterad jalge all kriuksuda või kumiseda, andes liivale selle muusikalise nimetuse.",singing sands,laulvad liivad,,,"Friction between suitably dry, similarly sized sand grains can produce the audible phenomenon called singing sands.","Sobivalt kuivade ja ühesuuruste liivaterade hõõrdumine võib tekitada kuuldava nähtuse, mida nimetatakse laulvateks liivadeks.",Filmmaker explores “singing sands” phenomenon on Estonia’s beaches,https://news.err.ee/1609811760/filmmaker-explores-singing-sands-phenomenon-on-estonia-s-beaches,All rights reserved,2026-08-28,reviewed,true
built-in-estonia-clue-0038,built-in-estonia,Estonia / Eesti,built-in-estonia-set-008,board,round-one,3,easy,history-statehood,Estonia for All Five Senses,Eesti kõigile viiele meelele,Taste this refreshing spring drink collected from birch trees and sometimes sold bottled at Estonian markets. Give its English name.,"Maitse seda värskendavat kevadjooki, mida kogutakse kaselt ja müüakse vahel Eesti turgudel pudelisse villituna. Nimeta jook.",birch sap,kasemahl,,,"Birch sap, called kasemahl in Estonian, is presented as a refreshing spring drink that can be found bottled at local markets.","Kasemahl on värskendav kevadjook, mida võib Eesti turgudelt leida ka pudelisse villituna.",Celebrate springtime in Estonia,https://visitestonia.com/en/what-to-do/spring-in-estonia,All rights reserved,2026-08-28,reviewed,true
built-in-estonia-clue-0039,built-in-estonia,Estonia / Eesti,built-in-estonia-set-008,board,round-one,4,easy,history-statehood,Estonia for All Five Senses,Eesti kõigile viiele meelele,"Touch the pale local stone nicknamed “Saaremaa marble,” carved on the island into bowls, candlesticks and other souvenirs. What rock is it?","Puuduta heledat kohalikku kivimit, mida hüütakse „Saaremaa marmoriks“ ning millest valmistatakse saarel kausse, küünlajalgu ja suveniire. Mis kivim see on?",Saaremaa dolomite,Saaremaa dolomiit,,,Saaremaa dolomite is locally called Saaremaa marble and is worked into both buildings and small decorative objects.,Saaremaa dolomiiti kutsutakse kohapeal Saaremaa marmoriks ning seda kasutatakse nii hoonetes kui ka väikestes tarbe- ja iluesemetes.,Saaremaa souvenirs,https://www.visitsaaremaa.ee/en/care/buy-consciously/saaremaa-souvenirs/,All rights reserved,2026-08-28,reviewed,true
built-in-estonia-clue-0040,built-in-estonia,Estonia / Eesti,built-in-estonia-set-008,board,round-one,5,easy,history-statehood,Estonia for All Five Senses,Eesti kõigile viiele meelele,Smell the warm barley aroma of this Estonian bake whose Food Route recipe mixes barley flour with baking soda. Name it.,Nuusuta selle Eesti küpsetise sooja odraaroomi; Toidutee retseptis segatakse odrajahu söögisoodaga. Nimeta küpsetis.,karask,karask,,,"The Estonian Food Route recipe for karask combines barley flour with baking soda, bakes the mixture at 180 °C and serves it warm.","Eesti Toidutee karaskiretsept ühendab odrajahu söögisoodaga, küpsetab segu 180 °C juures ja soovitab seda serveerida kuumalt.",Lihtne karask,https://www.toidutee.ee/rahvustoidud-retseptid/leivad-saiad-karaskid/lihtne-karask/36,All rights reserved,2026-08-28,reviewed,true
built-in-estonia-clue-0041,built-in-estonia,Estonia / Eesti,built-in-estonia-set-009,board,round-one,1,easy,history-statehood,Across the Water,Üle vee,Historic concrete hangars beside Tallinn Bay house this branch of the Estonian Maritime Museum.,Tallinna lahe ääres asuvates ajaloolistes betoonangaarides tegutseb see Eesti Meremuuseumi filiaal.,Seaplane Harbour,Lennusadam,,,The Seaplane Harbour occupies landmark reinforced-concrete hangars and displays vessels including the submarine Lembit.,Lennusadam asub silmapaistvates raudbetoonangaarides ning seal on väljas muu hulgas allveelaev Lembit.,Seaplane Harbour,https://en.wikipedia.org/wiki/Seaplane_Harbour,CC-BY-SA-4.0,2026-08-28,reviewed,true
built-in-estonia-clue-0042,built-in-estonia,Estonia / Eesti,built-in-estonia-set-009,board,round-one,2,easy,history-statehood,Across the Water,Üle vee,A ferry from Munalaid carries travellers to this UNESCO-recognized island community.,Munalaidilt viib praam reisijad sellele UNESCO tunnustatud saarele ja sealsesse kogukonda.,Kihnu,Kihnu,,,"Kihnu’s living cultural traditions include distinctive clothing, music and community customs recognized by UNESCO.","Kihnu elav kultuuripärand hõlmab omanäolisi rõivaid, muusikat ja kogukonnakombeid, mida UNESCO on tunnustanud.",Kihnu,https://en.wikipedia.org/wiki/Kihnu,CC-BY-SA-4.0,2026-08-28,reviewed,true
built-in-estonia-clue-0043,built-in-estonia,Estonia / Eesti,built-in-estonia-set-009,board,round-one,3,easy,history-statehood,Across the Water,Üle vee,A seasonal ferry from Tallinn carries walkers and beachgoers to this small island within the capital’s city limits.,"Hooajaline laev viib Tallinnast matkajaid ja rannalisi sellele väikesaarele, mis kuulub pealinna haldusterritooriumile.",Aegna,Aegna,,,Aegna is a small island administered by Tallinn and reached from the capital by seasonal passenger ferry.,"Aegna on Tallinna haldusalasse kuuluv väikesaar, kuhu pääseb pealinnast hooajalise reisilaevaga.",Aegna,https://en.wikipedia.org/wiki/Aegna,CC-BY-SA-4.0,2026-08-28,reviewed,true
built-in-estonia-clue-0044,built-in-estonia,Estonia / Eesti,built-in-estonia-set-009,board,round-one,4,easy,history-statehood,Across the Water,Üle vee,This Estonian rower won Olympic silver medals in the single sculls and double sculls.,See Eesti sõudja võitis olümpiahõbeda nii ühepaadil kui paarisaerulisel kahepaadil.,Jüri Jaanson,Jüri Jaanson,,,Jüri Jaanson earned Olympic rowing silver in the single sculls in 2004 and the double sculls in 2008.,Jüri Jaanson võitis olümpiahõbeda 2004. aastal ühepaadil ja 2008. aastal kahepaadil.,Jüri Jaanson,https://en.wikipedia.org/wiki/Jüri_Jaanson,CC-BY-SA-4.0,2026-08-28,reviewed,true
built-in-estonia-clue-0045,built-in-estonia,Estonia / Eesti,built-in-estonia-set-009,board,round-one,5,easy,history-statehood,Across the Water,Üle vee,"First raced in 1958, this Estonian sailing regatta often sends its stages to ports inside Muhu Strait.",1958. aastal esimest korda peetud Eesti purjeregati etapid viivad sageli Muhu väina sadamatesse.,Muhu Väin Regatta,Muhu Väina regatt,,,"The Muhu Väin Regatta began in 1958, and its stages have commonly visited ports within Muhu Strait.",Muhu Väina regatt sai alguse 1958. aastal ning selle etapid on sageli viinud Muhu väina sadamatesse.,History - Muhu Väina regatt,https://muhuvain.ee/en/history/,All rights reserved,2026-08-28,reviewed,true
built-in-estonia-clue-0046,built-in-estonia,Estonia / Eesti,built-in-estonia-set-010,board,round-one,1,easy,geography-regions,Unexpected Estonia,Üllatav Eesti,This South Estonian language variety is central to the culture of Setomaa on the Russian border.,See lõunaeesti keelekuju on Venemaa piiril asuva Setomaa kultuuri keskne osa.,Seto language,seto keel,,,Seto is a South Estonian language variety spoken in Setomaa and closely tied to Seto identity and song culture.,"Seto keel on Setomaal kõneldav lõunaeesti keelekuju, mis on tihedalt seotud seto identiteedi ja laulutraditsiooniga.",Seto dialect,https://en.wikipedia.org/wiki/Seto_dialect,CC-BY-SA-4.0,2026-08-28,reviewed,true
built-in-estonia-clue-0047,built-in-estonia,Estonia / Eesti,built-in-estonia-set-010,board,round-one,2,easy,geography-regions,Unexpected Estonia,Üllatav Eesti,"In cold winters, marked routes across frozen sea can legally connect mainland Estonia with its islands; name this type of road.",Külmadel talvedel võivad tähistatud rajad üle jäätunud mere seaduslikult ühendada mandrit saartega. Nimeta selline tee.,ice road,jäätee,,,"An ice road is an officially opened winter route across frozen water, with special speed and safety rules.",Jäätee on ametlikult avatud talvine tee üle külmunud veekogu ning sellel kehtivad eraldi kiirus- ja ohutusreeglid.,Ice road,https://en.wikipedia.org/wiki/Ice_road,CC-BY-SA-4.0,2026-08-28,reviewed,true
built-in-estonia-clue-0048,built-in-estonia,Estonia / Eesti,built-in-estonia-set-010,board,round-one,3,easy,geography-regions,Unexpected Estonia,Üllatav Eesti,"Estonians have excelled internationally in this comic race, lending their name to one carrying technique.",Eestlased on olnud edukad sellel humoorikal võistlusel ning üks kandmisviis kannab nende nime.,wife-carrying,naisekandmine,,,"Wife-carrying rewards speed through an obstacle course, and the “Estonian carry” places the partner upside down across the shoulders.",Naisekandmises läbitakse takistusrada aja peale ning „eesti stiilis“ kantakse partnerit pea alaspidi üle õlgade.,Wife-carrying,https://en.wikipedia.org/wiki/Wife-carrying,CC-BY-SA-4.0,2026-08-28,reviewed,true
built-in-estonia-clue-0049,built-in-estonia,Estonia / Eesti,built-in-estonia-set-010,board,round-one,4,easy,geography-regions,Unexpected Estonia,Üllatav Eesti,Records from 1422 make this Tallinn Town Hall Square pharmacy one of Europe’s oldest still operating.,1422. aasta teated teevad sellest Tallinna Raekoja platsi apteegist ühe Euroopa vanima siiani tegutseva.,Raeapteek,Raeapteek,,,Raeapteek is documented from 1422 and has served Tallinn’s Town Hall Square for roughly six centuries.,Raeapteeki on dokumenteeritud alates 1422. aastast ning see on teenindanud Tallinna Raekoja platsi umbes kuus sajandit.,Raeapteek,https://en.wikipedia.org/wiki/Raeapteek,CC-BY-SA-4.0,2026-08-28,reviewed,true
built-in-estonia-clue-0050,built-in-estonia,Estonia / Eesti,built-in-estonia-set-010,board,round-one,5,easy,geography-regions,Unexpected Estonia,Üllatav Eesti,A meteorite impact left a striking cluster of craters near this Saaremaa village.,Meteoriidilöök jättis selle Saaremaa küla lähedale silmatorkava kraatrirühma.,Kaali,Kaali,,,Kaali’s main crater contains a small lake and belongs to a Saaremaa impact field formed by a meteorite.,Kaali peakraater sisaldab väikest järve ning kuulub Saaremaal meteoriidi tekitatud kraatrivälja.,Kaali crater,https://en.wikipedia.org/wiki/Kaali_crater,CC-BY-SA-4.0,2026-08-28,reviewed,true
built-in-estonia-clue-0051,built-in-estonia,Estonia / Eesti,built-in-estonia-set-011,board,round-one,1,easy,geography-regions,From Underground to Outer Space,Maa alt kosmosesse,Begin underground with this combustible rock that has powered much of Estonia’s electricity production.,"Alusta maa alt selle põleva kivimiga, millest on toodetud suur osa Eesti elektrist.",oil shale,põlevkivi,,,Oil shale has supplied much of Estonia’s electricity and is mined chiefly in Ida-Viru County.,Põlevkivi on andnud suure osa Eesti elektrist ning seda kaevandatakse peamiselt Ida-Virumaal.,Oil shale in Estonia,https://en.wikipedia.org/wiki/Oil_shale_in_Estonia,CC-BY-SA-4.0,2026-08-28,reviewed,true
built-in-estonia-clue-0052,built-in-estonia,Estonia / Eesti,built-in-estonia-set-011,board,round-one,2,easy,geography-regions,From Underground to Outer Space,Maa alt kosmosesse,Rise 314 metres above the capital at this broadcasting landmark built for the 1980 Olympic sailing events.,"Tõuse pealinna kohale 314 meetri kõrgusele selle ringhäälingutorni abil, mis ehitati 1980. aasta olümpia purjeregati ajaks.",Tallinn TV Tower,Tallinna teletorn,,,Tallinn TV Tower stands 314 metres high and was completed for communications during the 1980 Moscow Olympic sailing regatta.,Tallinna teletorn on 314 meetrit kõrge ning valmis 1980. aasta Moskva olümpiamängude purjeregati sidevajadusteks.,Tallinn TV Tower,https://en.wikipedia.org/wiki/Tallinn_TV_Tower,CC-BY-SA-4.0,2026-08-28,reviewed,true
built-in-estonia-clue-0053,built-in-estonia,Estonia / Eesti,built-in-estonia-set-011,board,round-one,3,easy,geography-regions,From Underground to Outer Space,Maa alt kosmosesse,"Return to the surface at this broad northern waterfall, especially dramatic when winter freezes its curtain.","Naase maapinnale selle laia Põhja-Eesti joa juures, mille jäätunud veekardin on talvel eriti võimas.",Jägala Waterfall,Jägala juga,,,Jägala is Estonia’s widest natural waterfall and can form a dramatic wall of ice during cold winters.,Jägala on Eesti kõige laiem looduslik juga ning külmadel talvedel võib sellest saada võimas jääsein.,Jägala Waterfall,https://en.wikipedia.org/wiki/Jägala_Waterfall,CC-BY-SA-4.0,2026-08-28,reviewed,true
built-in-estonia-clue-0054,built-in-estonia,Estonia / Eesti,built-in-estonia-set-011,board,round-one,4,easy,geography-regions,From Underground to Outer Space,Maa alt kosmosesse,"Finish in orbit with this University of Tartu student satellite, Estonia’s first satellite.","Lõpeta orbiidil selle Tartu Ülikooli tudengisatelliidiga, mis oli Eesti esimene satelliit.",ESTCube-1,ESTCube-1,,,ESTCube-1 entered orbit in 2013 as Estonia’s first satellite and a student-built technology demonstrator.,ESTCube-1 jõudis 2013. aastal orbiidile Eesti esimese satelliidi ja tudengite tehnoloogiakatsetusena.,ESTCube-1,https://en.wikipedia.org/wiki/ESTCube-1,CC-BY-SA-4.0,2026-08-28,reviewed,true
built-in-estonia-clue-0055,built-in-estonia,Estonia / Eesti,built-in-estonia-set-011,board,round-one,5,easy,geography-regions,From Underground to Outer Space,Maa alt kosmosesse,"Look farther upward with this Estonian astronomer, who studied meteors and anticipated a distant comet cloud.","Vaata kõrgemale koos selle Eesti astronoomiga, kes uuris meteoore ja ennustas kauget komeedipilve.",Ernst Öpik,Ernst Öpik,,,Ernst Öpik calculated astronomical distances and argued for a remote reservoir of comets decades before it became widely known.,Ernst Öpik arvutas astronoomilisi kaugusi ja kirjeldas kauget komeedivaru aastakümneid enne selle laialdast tuntust.,Ernst Öpik,https://en.wikipedia.org/wiki/Ernst_Öpik,CC-BY-SA-4.0,2026-08-28,reviewed,true
built-in-estonia-clue-0056,built-in-estonia,Estonia / Eesti,built-in-estonia-set-012,board,round-one,1,easy,geography-regions,From AHHAA to Ekspress,AHHAAst Ekspressini,Name this Tartu science centre whose name doubles the discovery exclamation “Aha!” and whose planetarium projects onto a full sphere.,"Nimeta Tartu teaduskeskus, mille nimi kordab avastushüüdu „Ahaa!“ ja mille planetaarium projitseerib täissfäärile.",AHHAA,AHHAA,,,"AHHAA is Tartu’s interactive science centre, and its name echoes the exclamation made at a moment of discovery.","AHHAA on Tartu interaktiivne teaduskeskus, mille nimi meenutab avastamishetke hüüatust.",AHHAA,https://en.wikipedia.org/wiki/AHHAA,CC-BY-SA-4.0,2026-08-28,reviewed,true
built-in-estonia-clue-0057,built-in-estonia,Estonia / Eesti,built-in-estonia-set-012,board,round-one,2,easy,geography-regions,From AHHAA to Ekspress,AHHAAst Ekspressini,"Name this small silvery fish, Estonia’s national fish and a familiar Baltic catch.","Nimeta väikest hõbedast kala, Eesti rahvuskala ja tuttavat Läänemere saaki.",Baltic herring,räim,,,Baltic herring is the smaller Baltic form of Atlantic herring and has served as Estonia’s national fish since 2007.,Räim on Läänemeres elav Atlandi heeringa väiksem vorm ning Eesti rahvuskala alates 2007. aastast.,National symbols of Estonia,https://estinst.ee/wp-content/uploads/2017/02/549_symbolid-veebi-juuni-2015_1.pdf,All rights reserved,2026-08-28,reviewed,true
built-in-estonia-clue-0058,built-in-estonia,Estonia / Eesti,built-in-estonia-set-012,board,round-one,3,easy,geography-regions,From AHHAA to Ekspress,AHHAAst Ekspressini,Name this Paide-born model who became an international fashion star and briefly entered Estonian politics.,"Nimeta Paides sündinud modelli, kellest sai rahvusvaheline moetäht ja kes astus lühidalt Eesti poliitikasse.",Carmen Kass,Carmen Kass,,,Paide-born Carmen Kass became an international runway model and later stood as a candidate in an Estonian election.,Paides sündinud Carmen Kassist sai rahvusvaheline moelavastaar ning hiljem kandideeris ta Eesti valimistel.,Carmen Kass,https://en.wikipedia.org/wiki/Carmen_Kass,CC-BY-SA-4.0,2026-08-28,reviewed,true
built-in-estonia-clue-0059,built-in-estonia,Estonia / Eesti,built-in-estonia-set-012,board,round-one,4,easy,geography-regions,From AHHAA to Ekspress,AHHAAst Ekspressini,Name this detective role-playing game created by the Estonian studio ZA/UM.,"Nimeta detektiivset rollimängu, mille lõi Eesti stuudio ZA/UM.",Disco Elysium,„Disco Elysium“,,,ZA/UM’s “Disco Elysium” is a dialogue-heavy detective role-playing game created by an Estonian-led team.,"ZA/UMi „Disco Elysium“ on dialoogirohke detektiiv-rollimäng, mille lõi Eesti taustaga meeskond.",Disco Elysium,https://en.wikipedia.org/wiki/Disco_Elysium,CC-BY-SA-4.0,2026-08-28,reviewed,true
built-in-estonia-clue-0060,built-in-estonia,Estonia / Eesti,built-in-estonia-set-012,board,round-one,5,easy,geography-regions,From AHHAA to Ekspress,AHHAAst Ekspressini,Hans H. Luik founded this weekly newspaper in 1989; its two-word title literally means “Estonian Express.”,"Hans H. Luik asutas 1989. aastal nädalalehe, mille nimi võiks inglise keeles olla „Estonian Express“. Nimeta väljaanne.",Eesti Ekspress,Eesti Ekspress,,,Eesti Ekspress began publication in 1989 and became a prominent Estonian investigative weekly.,Eesti Ekspress alustas ilmumist 1989. aastal ning kujunes oluliseks Eesti uuriva ajakirjanduse nädalaleheks.,Eesti Ekspress,https://en.wikipedia.org/wiki/Eesti_Ekspress,CC-BY-SA-4.0,2026-08-28,reviewed,true
built-in-estonia-clue-0061,built-in-estonia,Estonia / Eesti,built-in-estonia-set-013,board,round-one,1,easy,geography-regions,Estonian Names Across the Headlines,Eesti nimed pealkirjades,The singer behind “Walking on Air” comes from Elva and is known by this single stage name.,Laulu „Walking on Air“ esitaja on pärit Elvast ja kasutab seda ühesõnalist artistinime.,Kerli,Kerli,,,"Kerli Kõiv, professionally known as Kerli, brought an otherworldly visual style to songs such as “Walking on Air.”",Kerli Kõiv ehk Kerli ühendas lugudes nagu „Walking on Air“ muusika ebamaise visuaalse stiiliga.,Kerli,https://en.wikipedia.org/wiki/Kerli,CC-BY-SA-4.0,2026-08-28,reviewed,true
built-in-estonia-clue-0062,built-in-estonia,Estonia / Eesti,built-in-estonia-set-013,board,round-one,2,easy,geography-regions,Estonian Names Across the Headlines,Eesti nimed pealkirjades,"In 1992, this writer, filmmaker and polyglot began serving as Estonia’s president, a role he held until 2001.","1992. aastal alustas see kirjanik, filmitegija ja polüglott tööd Eesti presidendina ning oli ametis 2001. aastani.",Lennart Meri,Lennart Meri,,,"Lennart Meri combined careers in writing, filmmaking and diplomacy before serving as president from 1992 to 2001.","Lennart Meri ühendas kirjaniku-, filmitegija- ja diplomaaditöö ning oli aastatel 1992–2001 Eesti president.",Lennart Meri,https://en.wikipedia.org/wiki/Lennart_Meri,CC-BY-SA-4.0,2026-08-28,reviewed,true
built-in-estonia-clue-0063,built-in-estonia,Estonia / Eesti,built-in-estonia-set-013,board,round-one,3,easy,geography-regions,Estonian Names Across the Headlines,Eesti nimed pealkirjades,"In 2010, this Estonian-born wrestler, Kaido Höövelson, reached sumo’s second-highest rank under a ring name meaning the Baltic Sea.","2010. aastal jõudis Eestis sündinud Kaido Höövelson sumo tugevuselt teise auastmeni ringinime all, mis tähendab Läänemerd.",Baruto Kaito,Baruto Kaito,,,"In 2010, Kaido Höövelson, wrestling as Baruto Kaito, reached ōzeki, the sumo rank immediately below yokozuna.",2010. aastal jõudis Baruto Kaito nime all maadelnud Kaido Höövelson yokozuna’le vahetult järgneva ōzeki auastmeni.,Baruto Kaito,https://en.wikipedia.org/wiki/Baruto_Kaito,CC-BY-SA-4.0,2026-08-28,reviewed,true
built-in-estonia-clue-0064,built-in-estonia,Estonia / Eesti,built-in-estonia-set-013,board,round-one,4,easy,geography-regions,Estonian Names Across the Headlines,Eesti nimed pealkirjades,Ott Sepp’s co-creator and co-star in the Estonian television satire “Tujurikkuja” has the initials M. A. Name this actor-comedian.,Ott Sepa kaasautoril ja -näitlejal telesatiiris „Tujurikkuja“ on initsiaalid M. A. Nimeta see näitleja ja koomik.,Märt Avandi,Märt Avandi,,,Märt Avandi is an Estonian actor and comedian known for the television satire “Tujurikkuja.”,"Märt Avandi on Eesti näitleja ja koomik, keda tuntakse telesatiiri „Tujurikkuja“ järgi.",Märt Avandi,https://en.wikipedia.org/wiki/Märt_Avandi,CC-BY-SA-4.0,2026-08-28,reviewed,true
built-in-estonia-clue-0065,built-in-estonia,Estonia / Eesti,built-in-estonia-set-013,board,round-one,5,easy,geography-regions,Estonian Names Across the Headlines,Eesti nimed pealkirjades,"In 2024, this Estonian Red Bull slackliner with the initials J. R. crossed more than 3.6 kilometres over Italy’s Strait of Messina.","See initsiaalidega J. R. Eesti Red Bulli köielkõndija läbis 2024. aastal üle 3,6 kilomeetri Messina väina kohal.",Jaan Roose,Jaan Roose,,,"Jaan Roose is an Estonian slackliner known for record-scale highline crossings, including a 2024 attempt over the Strait of Messina.","Jaan Roose on Eesti slackliner, kes on tuntud rekordiliste kõrgliinikõndide, sealhulgas 2024. aasta Messina väina ületuse poolest.",Jaan Roose,https://en.wikipedia.org/wiki/Jaan_Roose,CC-BY-SA-4.0,2026-08-28,reviewed,true
built-in-estonia-clue-0066,built-in-estonia,Estonia / Eesti,built-in-estonia-set-014,board,round-one,1,easy,geography-regions,From Screen to Stadium,Ekraanilt staadionile,Cross-country World Cup races help this southern town live up to its title as Estonia’s “winter capital.”,Murdmaasuusatamise maailmakarikaetapid aitavad sellel Lõuna-Eesti linnal kanda „talvepealinna“ tiitlit.,Otepää,Otepää,,,Otepää’s ski venues and World Cup events support its ceremonial title as Estonia’s winter capital.,Otepää suusarajatised ja maailmakarikaetapid toetavad linna pidulikku Eesti talvepealinna tiitlit.,Otepää,https://en.wikipedia.org/wiki/Otepää,CC-BY-SA-4.0,2026-08-28,reviewed,true
built-in-estonia-clue-0067,built-in-estonia,Estonia / Eesti,built-in-estonia-set-014,board,round-one,2,easy,geography-regions,From Screen to Stadium,Ekraanilt staadionile,Christopher Nolan’s “Tenet” used this monumental Soviet-era Tallinn venue as a filming location.,Christopher Nolani „Tenet“ kasutas seda monumentaalset nõukogudeaegset Tallinna hoonet võttepaigana.,Linnahall,Linnahall,,,Tallinn’s Linnahall was built for the 1980 Olympics and later doubled as a striking location in “Tenet.”,Tallinna Linnahall ehitati 1980. aasta olümpiaks ning oli hiljem silmapaistev võttepaik filmis „Tenet“.,Linnahall,https://en.wikipedia.org/wiki/Linnahall,CC-BY-SA-4.0,2026-08-28,reviewed,true
built-in-estonia-clue-0068,built-in-estonia,Estonia / Eesti,built-in-estonia-set-014,board,round-one,3,easy,geography-regions,From Screen to Stadium,Ekraanilt staadionile,Estonia hosted Eurovision 2002 in this large Tallinn venue; in 2023 the building was renamed Unibet Arena. What name did it use for the contest?,Eesti korraldas 2002. aasta Eurovisiooni selles suures Tallinna areenis; 2023. aastal nimetati hoone ümber Unibet Arenaks. Mis nime kandis see lauluvõistluse ajal?,Saku Suurhall,Saku Suurhall,,,Saku Suurhall hosted Eurovision 2002; the same venue received the sponsored name Unibet Arena in 2023.,Saku Suurhall võõrustas 2002. aasta Eurovisiooni; sama hoone sai 2023. aastal sponsornime Unibet Arena.,Unibet Arena,https://en.wikipedia.org/wiki/Unibet_Arena,CC-BY-SA-4.0,2026-08-28,reviewed,true
built-in-estonia-clue-0069,built-in-estonia,Estonia / Eesti,built-in-estonia-set-014,board,round-one,4,easy,geography-regions,From Screen to Stadium,Ekraanilt staadionile,"A. H. Tammsaare’s novel became this 2019 epic film, Estonia’s submission for the Academy Awards.","A. H. Tammsaare romaanist valmis see 2019. aasta suurfilm, mille Eesti esitas Oscarile.",Truth and Justice,„Tõde ja õigus“,,,The 2019 film “Truth and Justice” adapts the first volume of Tammsaare’s novel cycle about life at Robber’s Rise.,2019. aasta film „Tõde ja õigus“ ekraniseerib Tammsaare romaanisarja esimese osa Vargamäe elust.,Truth and Justice (2019 film),https://en.wikipedia.org/wiki/Truth_and_Justice_(2019_film),CC-BY-SA-4.0,2026-08-28,reviewed,true
built-in-estonia-clue-0070,built-in-estonia,Estonia / Eesti,built-in-estonia-set-014,board,round-one,5,easy,geography-regions,From Screen to Stadium,Ekraanilt staadionile,"Between Ehitustööriist and Bigbank/Kalev, which slash-form name did this Tallinn basketball club use from 2005 through 2026?",Millist kaldkriipsuga nime kasutas see Tallinna korvpalliklubi Ehitustööriista ja Bigbank/Kalevi nimeperioodide vahel aastatel 2005–2026?,BC Kalev/Cramo,BC Kalev/Cramo,,,"The club’s sponsorship chronology lists BC Kalev/Cramo for 2005–2026, between Ehitustööriist and Bigbank/Kalev.",Klubi sponsornimede kronoloogias paikneb BC Kalev/Cramo aastatel 2005–2026 Ehitustööriista ja Bigbank/Kalevi vahel.,BC Kalev,https://en.wikipedia.org/wiki/BC_Kalev/Cramo,CC-BY-SA-4.0,2026-08-28,reviewed,true
built-in-estonia-clue-0071,built-in-estonia,Estonia / Eesti,built-in-estonia-set-015,board,round-one,1,easy,geography-regions,Things That Move in Estonia,"Asjad, mis Eestis liiguvad",Rally Estonia sends this kind of timed competition vehicle over fast gravel stages around Tartu and Otepää.,Rally Estonia saadab seda tüüpi ajavõistlussõiduki Tartu ja Otepää ümbruse kiiretele kruusakatsetele.,rally car,ralliauto,,,"A rally car is specially prepared for timed closed-road stages, with safety equipment and a co-driver reading pace notes.",Ralliauto on kohandatud kiiruskatseteks ning selles on turvavarustus ja legendi lugev kaardilugeja.,Rally Estonia,https://en.wikipedia.org/wiki/Rally_Estonia,CC-BY-SA-4.0,2026-08-28,reviewed,true
built-in-estonia-clue-0072,built-in-estonia,Estonia / Eesti,built-in-estonia-set-015,board,round-one,2,easy,geography-regions,Things That Move in Estonia,"Asjad, mis Eestis liiguvad",Large autumn flocks of this long-legged bird stop around Matsalu Bay during migration.,Selle pika jalaga linnu suured sügisparved peatuvad rände ajal Matsalu lahe ümbruses.,common crane,sookurg,,,Common cranes gather in large numbers near Matsalu before continuing their southward autumn migration.,Sookured kogunevad sügisel Matsalu ümbrusse suurte parvedena enne rände jätkamist lõuna poole.,Common crane,https://linnuriik.ee/en/haeska-observation-tower/common-crane/,All rights reserved,2026-08-28,reviewed,true
built-in-estonia-clue-0073,built-in-estonia,Estonia / Eesti,built-in-estonia-set-015,board,round-one,3,easy,geography-regions,Things That Move in Estonia,"Asjad, mis Eestis liiguvad","In Estonia’s northeastern forests, this rare mammal glides between trees rather than truly flying.","Eesti kirdeosa metsades liugleb see haruldane imetaja puult puule, mitte ei lenda päriselt.",Siberian flying squirrel,lendorav,,,The Siberian flying squirrel survives in a small Estonian range and glides on skin membranes between mature forest trees.,Lendorav püsib Eestis väikesel levialal ning liugleb lennunahkade abil vanade metsapuude vahel.,Siberian flying squirrel,https://en.wikipedia.org/wiki/Siberian_flying_squirrel,CC-BY-SA-4.0,2026-08-28,reviewed,true
built-in-estonia-clue-0074,built-in-estonia,Estonia / Eesti,built-in-estonia-set-015,board,round-one,4,easy,geography-regions,Things That Move in Estonia,"Asjad, mis Eestis liiguvad",Information moves securely between Estonian public and private databases through this distributed data-exchange layer.,Andmed liiguvad Eesti avaliku ja erasektori andmekogude vahel turvaliselt selle hajusa andmevahetuskihi kaudu.,X-Road,X-tee,,,"X-Road lets separate information systems exchange authenticated, encrypted data without creating one central super-database.",X-tee võimaldab eraldi infosüsteemidel vahetada tuvastatud ja krüpteeritud andmeid ilma ühe keskse hiigelandmebaasita.,X-Road,https://en.wikipedia.org/wiki/X-Road,CC-BY-SA-4.0,2026-08-28,reviewed,true
built-in-estonia-clue-0075,built-in-estonia,Estonia / Eesti,built-in-estonia-set-015,board,round-one,5,easy,geography-regions,Things That Move in Estonia,"Asjad, mis Eestis liiguvad","Named after a Saaremaa folk hero, this ferry carries vehicles on the Virtsu–Kuivastu route.",Saaremaa rahvuskangelase järgi nimetatud praam veab sõidukeid Virtsu–Kuivastu liinil.,Tõll,Tõll,,,Tõll is a vehicle ferry on the Virtsu–Kuivastu link and takes its name from Saaremaa’s legendary giant.,"Tõll on Virtsu–Kuivastu liini autopraam, mis kannab Saaremaa muistse hiiglase nime.",TS Laevad,https://en.wikipedia.org/wiki/TS_Laevad,CC-BY-SA-4.0,2026-08-28,reviewed,true
built-in-estonia-clue-0076,built-in-estonia,Estonia / Eesti,built-in-estonia-set-016,board,round-one,1,easy,geography-regions,Estonia after Dark,Eesti pärast pimedat,"A tall spruce, wooden stalls and winter lights fill Raekoja plats for this seasonal event.","Kõrge kuusk, puitletid ja talvetuled täidavad Raekoja platsi selle hooajalise sündmuse ajal.",Tallinn Christmas Market,Tallinna jõuluturg,,,Tallinn Christmas Market occupies Town Hall Square around a decorated spruce and rows of wooden stalls.,Tallinna jõuluturg täidab Raekoja platsi ehitud kuuse ja puidust müügimajakestega.,Tallinn Christmas Market,https://en.wikipedia.org/wiki/Tallinn_Christmas_Market,CC-BY-SA-4.0,2026-08-28,reviewed,true
built-in-estonia-clue-0077,built-in-estonia,Estonia / Eesti,built-in-estonia-set-016,board,round-one,2,easy,geography-regions,Estonia after Dark,Eesti pärast pimedat,"On an Estonian summer night, the wingless female of this beetle can glow green beside a path.",Eesti suveööl võib selle mardika tiivutu emane raja ääres rohekalt helendada.,glow-worm,jaaniuss,,,The glow-worm is a beetle; its fully wingless adult female produces greenish light to attract a mate.,Jaaniuss on mardikas; tema täiesti tiivutu täiskasvanud emane tekitab paarilise ligimeelitamiseks rohekat valgust.,The glimmering world of glow-worms,https://www.nhm.ac.uk/discover/the-glimmering-world-of-glow-worms.html,All rights reserved,2026-08-28,reviewed,true
built-in-estonia-clue-0078,built-in-estonia,Estonia / Eesti,built-in-estonia-set-016,board,round-one,3,easy,geography-regions,Estonia after Dark,Eesti pärast pimedat,Friedrich Georg Wilhelm von Struve observed stars from this university landmark and began geodetic work linked to his famous arc.,Friedrich Georg Wilhelm von Struve vaatles sellest ülikoolilinna maamärgist tähti ja alustas oma kuulsa kaarega seotud geodeetilisi töid.,Tartu Observatory,Tartu tähetorn,,,Tartu Old Observatory was a base for Struve’s astronomy and the geodetic measurements behind the Struve Arc.,Tartu tähetorn oli Struve astronoomiatöö ja Struve kaare geodeetiliste mõõtmiste üks keskusi.,University of Tartu Old Observatory,https://en.wikipedia.org/wiki/University_of_Tartu_Old_Observatory,CC-BY-SA-4.0,2026-08-28,reviewed,true
built-in-estonia-clue-0079,built-in-estonia,Estonia / Eesti,built-in-estonia-set-016,board,round-one,4,easy,geography-regions,Estonia after Dark,Eesti pärast pimedat,Huge late-evening gatherings of patriotic singing became a defining feature of Estonia’s Singing Revolution.,Suured hilisõhtused isamaaliku ühislaulmise kogunemised said Eesti laulva revolutsiooni tunnusjooneks.,Night Song Festivals,öölaulupeod,,,The Night Song Festivals drew vast crowds to sing patriotic songs during the movement toward restored independence.,Öölaulupeod tõid iseseisvuse taastamise liikumise ajal tohutud rahvahulgad isamaalisi laule laulma.,Estonian Song Festival,https://en.wikipedia.org/wiki/Estonian_Song_Festival,CC-BY-SA-4.0,2026-08-28,reviewed,true
built-in-estonia-clue-0080,built-in-estonia,Estonia / Eesti,built-in-estonia-set-016,board,round-one,5,easy,geography-regions,Estonia after Dark,Eesti pärast pimedat,"A red lantern room still guides ships from this small island lighthouse in the Gulf of Finland, north of Prangli.",Soome lahes Pranglist põhja pool asuva väikesaare punase laternaruumiga tuletorn juhatab endiselt laevu. Nimeta tuletorn.,Keri Lighthouse,Keri tuletorn,,,Keri Lighthouse stands on Keri island north of Prangli and marks navigation in the Gulf of Finland.,Keri tuletorn seisab Pranglist põhja pool Keri saarel ning tähistab laevateed Soome lahes.,Keri Lighthouse,https://en.wikipedia.org/wiki/Keri_Lighthouse,CC-BY-SA-4.0,2026-08-28,reviewed,true
built-in-estonia-clue-0081,built-in-estonia,Estonia / Eesti,built-in-estonia-set-017,board,round-one,1,easy,geography-regions,"Small Country, Big Ideas","Väike riik, suured ideed",A SIM card and two PIN codes let Estonians identify themselves and sign digitally by phone using this service.,SIM-kaart ja kaks PIN-koodi võimaldavad eestlastel selle teenusega telefonis isikut tõendada ja digiallkirja anda.,Mobile-ID,Mobiil-ID,,,Mobile-ID provides secure electronic identification and digital signing through a mobile phone and its SIM card.,Mobiil-ID võimaldab mobiiltelefoni ja SIM-kaardi abil turvaliselt isikut tõendada ning digiallkirja anda.,Using mobile-ID,https://www.id.ee/en/article/using-mobile-id/,All rights reserved,2026-08-28,reviewed,true
built-in-estonia-clue-0082,built-in-estonia,Estonia / Eesti,built-in-estonia-set-017,board,round-one,2,easy,geography-regions,"Small Country, Big Ideas","Väike riik, suured ideed",The Estonian civic initiative Let’s Do It! grew into this annual international anti-litter campaign.,Eesti kodanikualgatus „Teeme ära!“ kasvas selleks iga-aastaseks rahvusvaheliseks prügikoristuskampaaniaks.,World Cleanup Day,Maailmakoristuspäev,,,World Cleanup Day grew from Estonia’s 2008 “Let’s Do It!” action into a coordinated international cleanup campaign.,Maailmakoristuspäev kasvas Eesti 2008. aasta „Teeme ära!“ talgutest koordineeritud rahvusvaheliseks koristuskampaaniaks.,World Cleanup Day,https://en.wikipedia.org/wiki/World_Cleanup_Day,CC-BY-SA-4.0,2026-08-28,reviewed,true
built-in-estonia-clue-0083,built-in-estonia,Estonia / Eesti,built-in-estonia-set-017,board,round-one,3,easy,geography-regions,"Small Country, Big Ideas","Väike riik, suured ideed",Estonian Skype alumni helped found this company whose small six-wheeled robots deliver groceries on pavements.,"Eesti Skype’i taustaga asutajad lõid selle ettevõtte, mille väikesed kuuerattalised robotid veavad kõnniteedel kaupa.",Starship Technologies,Starship Technologies,,,Starship Technologies was founded by Estonian Skype alumni and builds autonomous six-wheeled pavement delivery robots.,Starship Technologiesi asutasid Eesti Skype’i taustaga ettevõtjad ning firma ehitab kuuerattalisi autonoomseid kõnniteeroboteid.,Starship Technologies,https://en.wikipedia.org/wiki/Starship_Technologies,CC-BY-SA-4.0,2026-08-28,reviewed,true
built-in-estonia-clue-0084,built-in-estonia,Estonia / Eesti,built-in-estonia-set-017,board,round-one,4,easy,geography-regions,"Small Country, Big Ideas","Väike riik, suured ideed",Estonia keeps critical state-system backups abroad under diplomatic-style protection in this digital continuity arrangement.,Eesti hoiab riigi tähtsate infosüsteemide varukoopiaid välismaal diplomaatilise kaitsega selles digitaalse järjepidevuse lahenduses.,data embassy,andmesaatkond,,,Estonia’s data embassy in Luxembourg stores protected copies of critical government data so services can survive a crisis at home.,"Eesti andmesaatkond Luksemburgis hoiab riigi kriitiliste andmete kaitstud koopiaid, et teenused saaksid kodumaise kriisi korral jätkuda.",Data Embassy,https://e-estonia.com/solutions/e-governance/data-embassy/,All rights reserved,2026-08-28,reviewed,true
built-in-estonia-clue-0085,built-in-estonia,Estonia / Eesti,built-in-estonia-set-017,board,round-one,5,easy,geography-regions,"Small Country, Big Ideas","Väike riik, suured ideed","Based at the University of Tartu, this large research resource links volunteer genetic samples with health information.",Tartu Ülikoolis asuv ulatuslik teadusandmestik seob vabatahtlike geeniproovid terviseandmetega.,Estonian Biobank,Eesti geenivaramu,,,The Estonian Biobank combines participants’ genetic material with health information for long-term research.,Eesti geenivaramu ühendab osalejate geneetilise materjali terviseandmetega pikaajalisteks teadusuuringuteks.,Estonian Biobank,https://genomics.ut.ee/en/content/estonian-biobank,All rights reserved,2026-08-28,reviewed,true
built-in-estonia-clue-0086,built-in-estonia,Estonia / Eesti,built-in-estonia-set-018,board,round-two,1,easy,geography-regions,"Home, Work and Play—Estonian Style","Kodu, töö ja mäng Eesti moodi","Weekends may mean leaving town for this simple seasonal second home, often near forest or water.","Nädalavahetusel võidakse linnast sõita sellesse lihtsasse hooajalisse teise koju, mis asub sageli metsa või vee ääres.",summer cottage,suvila,,,"A suvila is an Estonian summer house used for escapes from town, often with a garden, forest or water nearby.","Suvila on eestlaste suvemaja linnast puhkamiseks, sageli aia, metsa või veekogu lähedal.",Top unforgettable places to stay,https://visitestonia.com/en/where-to-go/top-unforgettable-places-to-stay,All rights reserved,2026-08-28,reviewed,true
built-in-estonia-clue-0087,built-in-estonia,Estonia / Eesti,built-in-estonia-set-018,board,round-two,2,easy,geography-regions,"Home, Work and Play—Estonian Style","Kodu, töö ja mäng Eesti moodi",Estonians routinely use this cryptographic tool to approve contracts and government forms remotely.,Eestlased kasutavad seda krüptograafilist vahendit tavaliselt lepingute ja riigivormide kaugkinnitamiseks.,digital signature,digiallkiri,,,A digital signature binds an authenticated signer to an electronic document and carries legal force in Estonia.,Digiallkiri seob tuvastatud allkirjastaja elektroonilise dokumendiga ning on Eestis õigusliku jõuga.,Digital signature: How it works,https://e-estonia.com/digital-signature-how-to/,All rights reserved,2026-08-28,reviewed,true
built-in-estonia-clue-0088,built-in-estonia,Estonia / Eesti,built-in-estonia-set-018,board,round-two,3,easy,geography-regions,"Home, Work and Play—Estonian Style","Kodu, töö ja mäng Eesti moodi","At play, Estonians send a flying disc toward chain baskets on courses found across the country.",Mängides lennutavad eestlased ketast kettkorvide poole radadel üle kogu riigi.,disc golf,discgolf,,,"Disc golf replaces golf balls and holes with flying discs and metal chain baskets, on courses common across Estonia.",Discgolfis asendavad golfipalli ja auku lendav ketas ning metallist kettkorv; radu leidub üle Eesti.,Disc golf in Estonia,https://en.wikipedia.org/wiki/Disc_golf_in_Estonia,CC-BY-SA-4.0,2026-08-28,reviewed,true
built-in-estonia-clue-0089,built-in-estonia,Estonia / Eesti,built-in-estonia-set-018,board,round-two,4,easy,geography-regions,"Home, Work and Play—Estonian Style","Kodu, töö ja mäng Eesti moodi","For a snack, Estonians unwrap this small chocolate-coated curd bar from the chilled aisle.",Vahepalaks pakivad eestlased külmletist lahti selle väikese šokolaadiga kaetud kohupiimabatooni.,kohuke,kohuke,,,Kohuke is a chilled sweet curd snack usually covered in chocolate glaze and sold in individual wrappers.,"Kohuke on jahutatud magus kohupiimasnäkk, mis on tavaliselt šokolaadiglasuuris ja eraldi pakendis.",Curd snack,https://en.wikipedia.org/wiki/Curd_snack,CC-BY-SA-4.0,2026-08-28,reviewed,true
built-in-estonia-clue-0090,built-in-estonia,Estonia / Eesti,built-in-estonia-set-018,board,round-two,5,easy,geography-regions,"Home, Work and Play—Estonian Style","Kodu, töö ja mäng Eesti moodi",Living rooms and a grain-threshing space shared one long traditional Estonian building; name this combined type of farmhouse.,Eluruumid ja viljapeksuruum jagasid üht pikka traditsioonilist Eesti hoonet. Nimeta see ühendatud talumajatüüp.,threshing farmhouse,rehielamu,rehehouse,rehemaja,"A threshing farmhouse, or rehehouse, combines dwelling rooms with the heated room that once dried and processed grain.","Rehielamu ühendab eluruumid köetava rehetoaga, kus vanasti vilja kuivatati ja peksti.",Rehielamu,https://et.wikipedia.org/wiki/Rehielamu,CC-BY-SA-4.0,2026-08-28,reviewed,true
built-in-estonia-clue-0091,built-in-estonia,Estonia / Eesti,built-in-estonia-set-019,board,round-two,1,easy,towns-landmarks,Five Ways to Spend a Day in Estonia,Viis viisi päeva veetmiseks Eestis,Wooden planks form this kind of walkway across wet peat on many Estonian nature trails.,Puitlaudadest moodustub paljudel Eesti loodusradadel selline üle märja turba kulgev käigutee.,bog boardwalk,raba laudtee,,,Bog boardwalks protect wet peat and hikers alike by concentrating foot traffic on raised wooden planks.,"Raba laudteed kaitsevad nii märga turvast kui matkajaid, suunates liikumise kõrgemale tõstetud plankudele.",3 reasons to come to Estonia for bogshoeing,https://visitestonia.com/en/what-to-do/3-reasons-to-come-to-estonia-for-bogshoeing,All rights reserved,2026-08-28,reviewed,true
built-in-estonia-clue-0092,built-in-estonia,Estonia / Eesti,built-in-estonia-set-019,board,round-two,2,easy,towns-landmarks,Five Ways to Spend a Day in Estonia,Viis viisi päeva veetmiseks Eestis,"Use this state-owned passenger rail operator for trains linking Tallinn with Tartu, Narva and other cities.","Kasuta seda riiklikku reisirongioperaatorit, et sõita Tallinnast Tartusse, Narva ja teistesse linnadesse.",Elron,Elron,,,"Elron is Estonia’s state-owned passenger rail operator, running domestic services with modern trains.","Elron on Eesti riiklik reisirongioperaator, mis teenindab siseliine nüüdisaegsete rongidega.",Elron (rail transit),https://en.wikipedia.org/wiki/Elron_(rail_transit),CC-BY-SA-4.0,2026-08-28,reviewed,true
built-in-estonia-clue-0093,built-in-estonia,Estonia / Eesti,built-in-estonia-set-019,board,round-two,3,easy,towns-landmarks,Five Ways to Spend a Day in Estonia,Viis viisi päeva veetmiseks Eestis,"Pack this portable Estonian pastry, which may hide a savoury meat, cabbage or carrot filling.","Paki kaasa see käepärane Eesti küpsetis, mille sees võib olla liha-, kapsa- või porganditäidis.",pirukas,pirukas,,,"A pirukas is a baked pastry with fillings that can range from meat and cabbage to carrot, fish or fruit.","Pirukas on küpsetis, mille täidis võib olla lihast ja kapsast porgandi, kala või puuviljani.",Estonian cuisine,https://en.wikipedia.org/wiki/Estonian_cuisine,CC-BY-SA-4.0,2026-08-28,reviewed,true
built-in-estonia-clue-0094,built-in-estonia,Estonia / Eesti,built-in-estonia-set-019,board,round-two,4,easy,towns-landmarks,Five Ways to Spend a Day in Estonia,Viis viisi päeva veetmiseks Eestis,One annual pass opens dozens of museums around the country under this straightforward name.,Üks aastapilet avab kümneid muuseume üle riigi selle lihtsa nime all.,Estonian Museum Card,Muuseumikaart,,,The Estonian Museum Card is a yearly pass accepted by a broad network of museums throughout the country.,"Muuseumikaart on aastapilet, mida aktsepteerib lai muuseumivõrgustik üle Eesti.",What is a Museum Card?,https://muuseumikaart.ee/en/mis-on-muuseumikaart/,All rights reserved,2026-08-28,reviewed,true
built-in-estonia-clue-0095,built-in-estonia,Estonia / Eesti,built-in-estonia-set-019,board,round-two,5,easy,towns-landmarks,Five Ways to Spend a Day in Estonia,Viis viisi päeva veetmiseks Eestis,"Finish the day on this sandy Lahemaa resort beach, long popular with summer visitors from Tallinn.","Lõpeta päev sellel Lahemaa liivarannal, mis on pikka aega olnud tallinlaste seas populaarne suvituskoht.",Võsu beach,Võsu rand,,,"Võsu is a long-established summer resort in Lahemaa National Park, known for its shallow sandy beach.","Võsu on pika suvitustraditsiooniga Lahemaa kuurort, mida tuntakse madala veega liivaranna poolest.",Võsu beach,https://visitestonia.com/en/vosu-beach,All rights reserved,2026-08-28,reviewed,true
built-in-estonia-clue-0096,built-in-estonia,Estonia / Eesti,built-in-estonia-set-020,board,round-two,1,easy,towns-landmarks,Estonia: Then and Now,Eesti: enne ja nüüd,"For a business with deep roots, choose this confectionery brand whose history reaches back to a Tallinn shop opened in 1806.","Sügavate juurtega ettevõtteks vali see maiustustebränd, mille ajalugu ulatub 1806. aastal Tallinnas avatud poodi.",Kalev,Kalev,,,Kalev traces its confectionery history to a Tallinn predecessor founded in 1806 and remains a familiar Estonian brand.,Kalev seob oma maiustuste ajaloo 1806. aastal Tallinnas asutatud eelkäijaga ning on endiselt tuntud Eesti kaubamärk.,Kalev (confectioner),https://en.wikipedia.org/wiki/Kalev_(confectioner),CC-BY-SA-4.0,2026-08-28,reviewed,true
built-in-estonia-clue-0097,built-in-estonia,Estonia / Eesti,built-in-estonia-set-020,board,round-two,2,easy,towns-landmarks,Estonia: Then and Now,Eesti: enne ja nüüd,"For Estonia’s digital-era reputation, recall this 1990s program that connected schools and promoted computer skills.","Eesti digiajastu maine meenutamiseks mõtle sellele 1990. aastate programmile, mis ühendas koole ja edendas arvutioskusi.",Tiger Leap,Tiigrihüpe,,,"Tiger Leap was a 1990s program that equipped Estonian schools with computers, connectivity and digital skills.","Tiigrihüpe oli 1990. aastate programm, mis tõi Eesti koolidesse arvutid, internetiühenduse ja digioskused.",Tiigrihüpe,https://en.wikipedia.org/wiki/Tiigrihüpe,CC-BY-SA-4.0,2026-08-28,reviewed,true
built-in-estonia-clue-0098,built-in-estonia,Estonia / Eesti,built-in-estonia-set-020,board,round-two,3,easy,towns-landmarks,Estonia: Then and Now,Eesti: enne ja nüüd,"For a living stage tradition, enter this Tallinn theatre shared by the national opera and national symphony orchestra.","Elava lavatraditsiooni jaoks sisene sellesse Tallinna teatrisse, mida jagavad rahvusooper ja riiklik sümfooniaorkester.",Estonia Theatre,Estonia teater,,,The Estonia Theatre building is shared by the Estonian National Opera and the Estonian National Symphony Orchestra.,Estonia teatrihoonet jagavad Rahvusooper Estonia ja Eesti Riiklik Sümfooniaorkester.,Estonia Theatre,https://en.wikipedia.org/wiki/Estonia_Theatre,CC-BY-SA-4.0,2026-08-28,reviewed,true
built-in-estonia-clue-0099,built-in-estonia,Estonia / Eesti,built-in-estonia-set-020,board,round-two,4,easy,towns-landmarks,Estonia: Then and Now,Eesti: enne ja nüüd,"For a present-day conservation challenge, name this shy dark-plumaged forest bird protected in Estonia.",Tänapäevase looduskaitse proovikivina nimeta see Eestis kaitstav pelglik tumeda sulestikuga metsalind.,black stork,must-toonekurg,,,A 2018 black-stork action plan estimated about 60–90 breeding pairs in Estonia; the species uses old undisturbed forest and belongs to the strictest protection category.,2018. aasta must-toonekure tegevuskava hinnangul pesitses Eestis umbes 60–90 paari; liik vajab vanu häirimatuid metsi ja kuulub I kaitsekategooriasse.,Which protected species have significantly improved over the last 20 years and which have deteriorated significantly?,https://www.loodusveeb.ee/en/themes/protected-species/which-protected-species-have-significantly-improved-over-last-20-years-and,All rights reserved,2026-08-28,reviewed,true
built-in-estonia-clue-0100,built-in-estonia,Estonia / Eesti,built-in-estonia-set-020,board,round-two,5,easy,towns-landmarks,Estonia: Then and Now,Eesti: enne ja nüüd,"For the medieval chapter, open this priest-written account of the early-13th-century crusades in Estonia and Latvia.",Keskaja peatüki jaoks ava see preester Henriku kirjutatud ülevaade 13. sajandi alguse ristisõdadest Eestis ja Lätis.,Chronicle of Henry of Livonia,Henriku Liivimaa kroonika,,,Henry of Livonia’s chronicle is a major written source for the early 13th-century crusades in Estonia and Latvia.,Henriku Liivimaa kroonika on tähtis kirjalik allikas 13. sajandi alguse ristisõdade kohta Eestis ja Lätis.,Livonian Chronicle of Henry,https://en.wikipedia.org/wiki/Livonian_Chronicle_of_Henry,CC-BY-SA-4.0,2026-08-28,reviewed,true
built-in-estonia-clue-0101,built-in-estonia,Estonia / Eesti,built-in-estonia-set-021,board,round-two,1,easy,folklore-traditions,A Little Estonian Luck,Natuke Eesti õnne,Spotting this soot-blackened worker is lucky; tradition says touching one of their brass buttons improves the odds.,Selle tahmase töömehe nägemine toob õnne ning pärimuse järgi suurendab vasknööbi puudutamine õnne veelgi.,chimney sweep,korstnapühkija,,,"Tallinn’s chimney-sweep tradition treats a brass button as a token of luck, echoed by the city’s polished-button sweep statue.",Tallinna korstnapühkijapärimuses peetakse vasknööpi õnnetoojaks ning seda meenutab läikivate nööpidega korstnapühkija kuju.,Lucky Chimney Sweeper in Tallinn,https://www.atlasobscura.com/places/lucky-chimney-sweeper,All rights reserved,2026-08-28,reviewed,true
built-in-estonia-clue-0102,built-in-estonia,Estonia / Eesti,built-in-estonia-set-021,board,round-two,2,easy,folklore-traditions,A Little Estonian Luck,Natuke Eesti õnne,"Estonian respect for bread says a loaf belongs in this position, never upside down.","Eesti leiva austamise tava järgi peab päts olema selles asendis, mitte tagurpidi.",right-side up,õigetpidi,,,"Estonian bread lore warns against leaving a loaf upside down, a gesture associated with disrespect and misfortune.","Eesti leivapärimus hoiatab pätsi tagurpidi jätmise eest, sest seda seostatakse lugupidamatuse ja halva endega.",Estonians’ superstitions — from the thunder god’s scythe to toppled cake,https://news.err.ee/1610041678/estonians-superstitions-from-the-thunder-god-s-scythe-to-toppled-cake,All rights reserved,2026-08-28,reviewed,true
built-in-estonia-clue-0103,built-in-estonia,Estonia / Eesti,built-in-estonia-set-021,board,round-two,3,easy,folklore-traditions,A Little Estonian Luck,Natuke Eesti õnne,"At Estonian Midsummer, tradition says a young woman should gather flowers from different places and put them under her pillow. How many flowers make the bouquet?",Eesti jaaniööl pidavat neiu korjama eri kohtadest lilli ja panema need padja alla. Mitu lille peab kimbus olema?,nine flowers,üheksa lille,nine;9,üheksa;9,A Midsummer bouquet of nine different flowers is placed under the pillow in hopes of dreaming about a future partner.,Jaaniööl pannakse üheksast eri lillest kimp padja alla lootuses näha unes tulevast kaasat.,Midsummer’s Eve – when Dusk meets Dawn,https://visitestonia.com/en/what-to-do/midsummers-eve-when-dusk-meets-dawn-jaanipaev,All rights reserved,2026-08-28,reviewed,true
built-in-estonia-clue-0104,built-in-estonia,Estonia / Eesti,built-in-estonia-set-021,board,round-two,4,easy,folklore-traditions,A Little Estonian Luck,Natuke Eesti õnne,"Masked visitors in dark clothes bring songs, riddles and wishes for crop luck on 9 November under this name.","Tumedates rõivastes maskeeritud külalised toovad 9. novembril laule, mõistatusi ja viljaõnne soove selle nime all.",mardisandid,mardisandid,,,"Mardisandid visit around St Martin’s Day in dark disguises, performing and wishing households good harvest fortune.","Mardisandid käivad mardipäeva paiku tumedates maskeeringutes, esinevad ja soovivad pererahvale viljaõnne.","Mardid, kadrid",https://rahvakultuur.ee/2024/12/13/mardid-kadrid/,All rights reserved,2026-08-28,reviewed,true
built-in-estonia-clue-0105,built-in-estonia,Estonia / Eesti,built-in-estonia-set-021,board,round-two,5,easy,folklore-traditions,A Little Estonian Luck,Natuke Eesti õnne,White-clad masked visitors traditionally wish livestock luck around St Catherine’s Day under this Estonian name.,Valgesse riietatud maskeeritud külalised soovivad kadripäeva paiku karjaõnne selle eesti nime all.,kadrisandid,kadrisandid,,,Kadrisandid wear light clothing around St Catherine’s Day and traditionally bring wishes for livestock fertility.,Kadrisandid kannavad kadripäeva paiku heledaid rõivaid ning soovivad traditsiooniliselt karjaõnne.,"Mardid, kadrid",https://rahvakultuur.ee/2024/12/13/mardid-kadrid/,All rights reserved,2026-08-28,reviewed,true
built-in-estonia-clue-0106,built-in-estonia,Estonia / Eesti,built-in-estonia-set-022,board,round-two,1,easy,folklore-traditions,A Weekend in the Country,Nädalavahetus maal,A yellow trumpet shape makes this prized edible mushroom easy to spot in an Estonian forest basket.,Kollane lehtrikuju teeb selle hinnatud söögiseene Eesti metsakorvis kergesti äratuntavaks.,chanterelle,kukeseen,,,"Chanterelles are yellow, funnel-shaped forest mushrooms prized in Estonia for their flavour and easy recognition.","Kukeseened on kollased lehtrikujulised metsaseened, mida hinnatakse Eestis maitse ja hea äratuntavuse tõttu.",Autumn foraging in Estonia,https://visitestonia.com/en/what-to-do/autumn-foraging-in-estonia,All rights reserved,2026-08-28,reviewed,true
built-in-estonia-clue-0107,built-in-estonia,Estonia / Eesti,built-in-estonia-set-022,board,round-two,2,easy,folklore-traditions,A Weekend in the Country,Nädalavahetus maal,Blue-stained fingers often reveal that someone has picked this small forest berry.,"Siniseks värvunud sõrmed reedavad sageli, et korjatud on seda väikest metsamarja.",bilberry,mustikas,,,Bilberries grow wild in Estonian forests and stain pickers’ fingers blue with their dark flesh.,Mustikad kasvavad Eesti metsades metsikult ning nende tume viljaliha värvib korjajate sõrmed siniseks.,Autumn foraging in Estonia,https://visitestonia.com/en/what-to-do/autumn-foraging-in-estonia,All rights reserved,2026-08-28,reviewed,true
built-in-estonia-clue-0108,built-in-estonia,Estonia / Eesti,built-in-estonia-set-022,board,round-two,3,easy,folklore-traditions,A Weekend in the Country,Nädalavahetus maal,Several people can stand and pump together on this large traditional outdoor structure.,Mitu inimest saavad koos seista ja hoogu teha sellel suurel traditsioonilisel õuerajatisel.,village swing,külakiik,,,A külakiik is a large village swing built for several standing riders to create momentum together.,"Külakiik on suur õuekiik, millel mitu püsti seisvat inimest koos hoogu teevad.",Külakiik,https://et.wikipedia.org/wiki/Külakiik,CC-BY-SA-4.0,2026-08-28,reviewed,true
built-in-estonia-clue-0109,built-in-estonia,Estonia / Eesti,built-in-estonia-set-022,board,round-two,4,easy,folklore-traditions,A Weekend in the Country,Nädalavahetus maal,Tie leafy twigs into this fragrant bundle for gently beating warm skin in the sauna.,"Seo lehtedega oksad selleks lõhnavaks kimbuks, millega saunas sooja nahka vihutakse.",birch sauna whisk,kaseviht,,,A kaseviht is a tied bundle of leafy birch twigs used to massage and warm the skin in the sauna.,"Kaseviht on lehtedega kaseokstest seotud kimp, millega saunas nahka masseeritakse ja soojendatakse.",Everything you need to know about Estonian sauna,https://visitestonia.com/en/what-to-do/everything-you-need-to-know-about-estonian-sauna,All rights reserved,2026-08-28,reviewed,true
built-in-estonia-clue-0110,built-in-estonia,Estonia / Eesti,built-in-estonia-set-022,board,round-two,5,easy,folklore-traditions,A Weekend in the Country,Nädalavahetus maal,"This bellows-driven folk instrument has melody buttons instead of a piano-style keyboard, distinguishing it from another common accordion type.",Selle lõõtsaga rahvapilli meloodiapoolsel küljel on klaveriklahvide asemel nupud. Nimeta pillitüüp.,button accordion,nuppakordion,,,"A button accordion uses buttons for the melody keyboard, unlike a piano accordion with piano-style keys.","Nuppakordionil mängitakse meloodiat nuppudega, erinevalt klahvidega klaverakordionist.",Accordion,https://en.wikipedia.org/wiki/Accordion,CC-BY-SA-4.0,2026-08-28,reviewed,true
built-in-estonia-clue-0111,built-in-estonia,Estonia / Eesti,built-in-estonia-set-023,board,round-two,1,easy,folklore-traditions,Handmade around Estonia,Käsitsi tehtud üle Eesti,This famously fine lace wrap is said to be delicate enough to pass through a wedding ring.,"See kuulsalt peen pitsiline õlakate olevat nii õrn, et mahub läbi abielusõrmuse.",Haapsalu shawl,Haapsalu sall,,,A Haapsalu shawl is knitted from exceptionally fine lace yarn and is traditionally demonstrated by passing it through a ring.,Haapsalu sall kootakse erakordselt peenest pitslõngast ning selle õrnust näidatakse traditsiooniliselt sõrmusest läbitõmbamisega.,Haapsalu shawl,https://en.wikipedia.org/wiki/Haapsalu_shawl,CC-BY-SA-4.0,2026-08-28,reviewed,true
built-in-estonia-clue-0112,built-in-estonia,Estonia / Eesti,built-in-estonia-set-023,board,round-two,2,easy,folklore-traditions,Handmade around Estonia,Käsitsi tehtud üle Eesti,"Name these low traditional shoes from Muhu, decorated with bright floral embroidery.","Nimeta need Muhu madalad traditsioonilised jalanõud, mida kaunistab erk lilltikand.",Muhu slippers,Muhu pätid,,,Muhu pätid are low shoes whose dark uppers are brightened by the island’s characteristic floral embroidery.,"Muhu pätid on madalad jalanõud, mille tumedat pealset kaunistab saarele iseloomulik värvikas lilltikand.",The Muhu Slipper as a Cultural Object,https://dspace.ut.ee/bitstreams/d7947b91-5207-4abd-9f64-ad310d9b2c83/download,All rights reserved,2026-08-28,reviewed,true
built-in-estonia-clue-0113,built-in-estonia,Estonia / Eesti,built-in-estonia-set-023,board,round-two,3,easy,folklore-traditions,Handmade around Estonia,Käsitsi tehtud üle Eesti,Thin strips of wood are woven into this light container associated with Avinurme craftspeople.,"Õhukesed puulaastud punutakse selleks kergeks anumaks, mida seostatakse Avinurme meistritega.",wooden-chip basket,laastukorv,,,"Avinurme craftspeople weave thin wooden splints into light, durable baskets known as laastukorvid.",Avinurme käsitöölised punuvad õhukestest puulaastudest kergeid ja vastupidavaid laastukorve.,Avinurme,https://et.wikipedia.org/wiki/Avinurme,CC-BY-SA-4.0,2026-08-28,reviewed,true
built-in-estonia-clue-0114,built-in-estonia,Estonia / Eesti,built-in-estonia-set-023,board,round-two,4,easy,folklore-traditions,Handmade around Estonia,Käsitsi tehtud üle Eesti,A gleaming round piece of jewellery dominates the front of a festive Seto woman’s costume.,Särav ümmargune ehe domineerib piduliku seto naise rõivastuse esiküljel.,large silver brooch,suur sõlg,,,"A large silver sõlg fastens and dominates festive Seto women’s dress, often accompanied by further silver jewellery.",Suur hõbedane sõlg kinnitab ja ilmestab seto naise pidurõivaid ning seda saadavad sageli muud hõbeehted.,Seto naiste käsitöö,https://rahvakultuur.ee/2020/03/29/seto-naiste-kasitoo/,All rights reserved,2026-08-28,reviewed,true
built-in-estonia-clue-0115,built-in-estonia,Estonia / Eesti,built-in-estonia-set-023,board,round-two,5,easy,folklore-traditions,Handmade around Estonia,Käsitsi tehtud üle Eesti,"Name the southeastern Estonian village associated with local clay, pottery workshops and nearby sandstone caves.","Nimeta Kagu-Eesti küla, mida seostatakse kohaliku savi, keraamikatöökodade ja lähedaste liivakivikoobastega.",Piusa,Piusa,,,Piusa is known for sandstone caves and a local clay-and-pottery connection in southeastern Estonia.,"Piusa on Kagu-Eesti paik, mida tuntakse liivakivikoobaste ning kohaliku savi- ja keraamikaseose poolest.",Piusa Pottery ceramics studio,https://visitestonia.com/en/piusa-pottery-ceramics-studio,All rights reserved,2026-08-28,reviewed,true
built-in-estonia-clue-0116,built-in-estonia,Estonia / Eesti,built-in-estonia-set-024,board,round-two,1,easy,folklore-traditions,"Four Seasons, Five Traditions","Neli aastaaega, viis tava","In early autumn, Estonians head into forests with baskets for this edible-fungi pastime.",Varasügisel lähevad eestlased korvidega metsa seda söögiseente korjamise harrastust nautima.,mushroom picking,seenelkäik,,,Autumn mushroom picking is a widespread Estonian pastime supported by extensive accessible forests.,"Sügisene seenelkäik on Eestis levinud harrastus, mida soosivad ulatuslikud ligipääsetavad metsad.",Autumn foraging in Estonia,https://visitestonia.com/en/what-to-do/autumn-foraging-in-estonia,All rights reserved,2026-08-28,reviewed,true
built-in-estonia-clue-0117,built-in-estonia,Estonia / Eesti,built-in-estonia-set-024,board,round-two,2,easy,folklore-traditions,"Four Seasons, Five Traditions","Neli aastaaega, viis tava",The return of this fork-tailed national bird is one of Estonia’s familiar signs of spring.,Selle harkis sabaga rahvuslinnu tagasitulek on Eestis tuttav kevademärk.,barn swallow,suitsupääsuke,,,The fork-tailed barn swallow is Estonia’s national bird and returns north as spring advances.,Harkis sabaga suitsupääsuke on Eesti rahvuslind ning naaseb kevade edenedes põhja.,National symbols of Estonia,https://estinst.ee/wp-content/uploads/2017/02/549_symbolid-veebi-juuni-2015_1.pdf,All rights reserved,2026-08-28,reviewed,true
built-in-estonia-clue-0118,built-in-estonia,Estonia / Eesti,built-in-estonia-set-024,board,round-two,3,easy,folklore-traditions,"Four Seasons, Five Traditions","Neli aastaaega, viis tava",A long sled ride promises long flax in the old custom attached to this late-winter day.,Pikk liulask lubab vana kombe järgi pikka lina selle hilistalvise päeva puhul.,Shrove Tuesday,vastlapäev,,,"On vastlapäev, a longer sled run traditionally promised taller flax in the coming growing season.",Vastlapäeval ennustas pikem liug traditsiooniliselt tulevaks kasvuperioodiks pikemat lina.,Sledding and sweet buns: Shrovetide in Estonia,https://visitestonia.com/en/what-to-do/sledding-and-sweet-buns-shrovetide-in-estonia,All rights reserved,2026-08-28,reviewed,true
built-in-estonia-clue-0119,built-in-estonia,Estonia / Eesti,built-in-estonia-set-024,board,round-two,4,easy,folklore-traditions,"Four Seasons, Five Traditions","Neli aastaaega, viis tava",Midsummer legend sends seekers into the woods for this impossible magical bloom.,Jaanipäeva pärimus saadab otsijad metsa selle võimatu maagilise õie järele.,fern flower,sõnajalaõis,,,"The fern flower is a mythical Midsummer bloom said to bring luck, although real ferns reproduce without flowers.","Sõnajalaõis on müütiline jaaniöö õis, mis pidavat tooma õnne, kuigi päris sõnajalad paljunevad õiteta.",Midsummer’s Eve – when Dusk meets Dawn,https://visitestonia.com/en/what-to-do/midsummers-eve-when-dusk-meets-dawn-jaanipaev,All rights reserved,2026-08-28,reviewed,true
built-in-estonia-clue-0120,built-in-estonia,Estonia / Eesti,built-in-estonia-set-024,board,round-two,5,easy,folklore-traditions,"Four Seasons, Five Traditions","Neli aastaaega, viis tava","At Christmas, geometric shapes made from hollow stalks may hang from an Estonian farmhouse ceiling under this name.",Jõulude ajal võivad õõnsatest kõrtest geomeetrilised kujundid rippuda Eesti talu laes selle nime all.,straw crown,õlekroon,,,An õlekroon is a geometric straw mobile hung from the ceiling as a traditional Christmas or New Year decoration.,"Õlekroon on geomeetriline kõrtest rippkaunistus, mis pannakse lakke jõuludeks või aastavahetuseks.","Tehti jõulukrooni, kas pilliroost ehk õlgedest …",https://www.folklore.ee/erk/items/show/51198,All rights reserved,2026-08-28,reviewed,true
built-in-estonia-clue-0121,built-in-estonia,Estonia / Eesti,built-in-estonia-set-025,board,round-two,1,easy,music-performing-arts,Estonia on the Playlist,Eesti esitusloendis,Tõnis Mägi’s one-word Singing Revolution anthem names the first light of day. Give that English meaning.,Tõnis Mägi ühe sõnaga laulva revolutsiooni hümni pealkiri tähistab päeva esimest valgust. Nimeta see mõiste.,dawn,koit,,,"Tõnis Mägi’s song “Koit,” whose title means dawn, became closely associated with Estonia’s Singing Revolution.",Tõnis Mägi laul „Koit“ sai tihedalt seotuks Eesti laulva revolutsiooniga.,Tõnis Mägi,https://en.wikipedia.org/wiki/Tõnis_Mägi,CC-BY-SA-4.0,2026-08-28,reviewed,true
built-in-estonia-clue-0122,built-in-estonia,Estonia / Eesti,built-in-estonia-set-025,board,round-two,2,easy,music-performing-arts,Estonia on the Playlist,Eesti esitusloendis,"Estonian rapper nublu built his early anonymous image around this soft, downward-brimmed headwear.",Eesti räppar nublu kujundas oma varase anonüümse kuvandi selle pehme allapoole pööratud servaga peakatte ümber.,bucket hat,kalurimüts,,,Nublu initially concealed his identity and became visually associated with a bucket hat.,Nublu varjas algul oma isikut ning tema kuvandiga seostus kalurimüts.,Nublu,https://et.wikipedia.org/wiki/Nublu,CC-BY-SA-4.0,2026-08-28,reviewed,true
built-in-estonia-clue-0123,built-in-estonia,Estonia / Eesti,built-in-estonia-set-025,board,round-two,3,easy,music-performing-arts,Estonia on the Playlist,Eesti esitusloendis,"Curly Strings combine fiddle, guitar, mandolin and double bass in this unplugged traditional-pop style.","Curly Strings ühendab viiuli, kitarri, mandoliini ja kontrabassi selles võimenduseta pärimuslikus popistiilis.",acoustic folk,akustiline folk,,,Curly Strings is an Estonian acoustic folk band known for string instruments and the hit “Kauges külas.”,"Curly Strings on Eesti akustilise folgi ansambel, mida tuntakse keelpillide ja hiti „Kauges külas“ järgi.",Curly Strings,https://en.wikipedia.org/wiki/Curly_Strings,CC-BY-SA-4.0,2026-08-28,reviewed,true
built-in-estonia-clue-0124,built-in-estonia,Estonia / Eesti,built-in-estonia-set-025,board,round-two,4,easy,music-performing-arts,Estonia on the Playlist,Eesti esitusloendis,"Build this Tallinn indie-folk band’s name from its singer’s first name, the number after one, and mythical fire-breathing reptiles.","Moodusta selle Tallinna indie-folk-ansambli nimi laulja eesnimest Ewert, ühele järgnevast arvust ja müütilistest tuld purskavatest roomajatest.",Ewert and The Two Dragons,Ewert and The Two Dragons,,,Ewert and The Two Dragons is a Tallinn indie-folk band fronted by Ewert Sundja.,"Ewert and The Two Dragons on Tallinna indie-folk-ansambel, mille laulja on Ewert Sundja.",Ewert and The Two Dragons,https://en.wikipedia.org/wiki/Ewert_and_The_Two_Dragons,CC-BY-SA-4.0,2026-08-28,reviewed,true
built-in-estonia-clue-0125,built-in-estonia,Estonia / Eesti,built-in-estonia-set-025,board,round-two,5,easy,music-performing-arts,Estonia on the Playlist,Eesti esitusloendis,"Veljo Tormis built many choral cycles from Estonia’s old alliterative folk verses, known collectively by this name.",Veljo Tormis lõi palju kooritsükleid Eesti vanadest algriimilistest rahvaviisidest. Mis nimega neid laule tuntakse?,runic songs,regilaulud,,,"Veljo Tormis drew extensively on Estonian regilaul, the traditional runic-song form, in his choral music.",Veljo Tormis kasutas oma koorimuusikas rohkesti Eesti traditsioonilist regilaulu.,Veljo Tormis,https://en.wikipedia.org/wiki/Veljo_Tormis,CC-BY-SA-4.0,2026-08-28,reviewed,true
built-in-estonia-clue-0126,built-in-estonia,Estonia / Eesti,built-in-estonia-set-026,board,round-two,1,easy,music-performing-arts,Music in Unexpected Places,Muusika ootamatutes paikades,A carillon of 34 bells plays from this civic building’s tower over Tartu’s main square. Name the building and instrument together.,Tartu peaväljaku kohal mängib selle linna esindushoone tornis 34 kellast koosnev kellamäng. Nimeta hoone ja pill koos.,Tartu Town Hall carillon,Tartu raekoja kellamäng,,,Tartu Town Hall’s tower contains a 34-bell carillon that plays several times each day over Town Hall Square.,"Tartu raekoja tornis on 34 kellast koosnev kellamäng, mis kõlab Raekoja platsi kohal mitu korda päevas.",The Carillon of Tartu Town Hall,https://www.tartu.ee/en/carillon-tartu-town-hall,All rights reserved,2026-08-28,reviewed,true
built-in-estonia-clue-0127,built-in-estonia,Estonia / Eesti,built-in-estonia-set-026,board,round-two,2,easy,music-performing-arts,Music in Unexpected Places,Muusika ootamatutes paikades,"Candles, bonfires and light shows illuminate the forested setting near Otepää for this South Estonian festival.","Küünlad, lõkked ja valgusšõud valgustavad Otepää lähedal metsast paika sellel Lõuna-Eesti festivalil.",Leigo Lake Music Festival,Leigo järvemuusika,,,"Leigo Lake Music Festival near Otepää combines open-air music with candles, bonfires and light shows after dark.","Otepää lähedal toimuv Leigo Järvemuusika ühendab vabaõhumuusika pimeduse saabudes küünalde, lõkete ja valgusšõudega.",Estonia’s top summer music festivals,https://visitestonia.com/en/what-to-do/estonias-top-summer-music-festivals,All rights reserved,2026-08-28,reviewed,true
built-in-estonia-clue-0128,built-in-estonia,Estonia / Eesti,built-in-estonia-set-026,board,round-two,3,easy,music-performing-arts,Music in Unexpected Places,Muusika ootamatutes paikades,This festival places bands and visual art among the trees of a forest park in Põlva.,See festival paigutab ansamblid ja visuaalkunsti Põlva metsapargi puude vahele.,Intsikurmu Music Festival,Intsikurmu muusikafestival,,,Intsikurmu Music Festival places concerts and visual installations among the trees of Põlva’s forest park.,Intsikurmu muusikafestival paigutab kontserdid ja visuaalsed installatsioonid Põlva metsapargi puude vahele.,Intsikurmu Festival starts on Friday,https://news.err.ee/1609049660/intsikurmu-festival-starts-on-friday,All rights reserved,2026-08-28,reviewed,true
built-in-estonia-clue-0129,built-in-estonia,Estonia / Eesti,built-in-estonia-set-026,board,round-two,4,easy,music-performing-arts,Music in Unexpected Places,Muusika ootamatutes paikades,Name the bowed traditional instrument preserved from Ruhnu’s Swedish-speaking musical culture.,Nimeta Ruhnu rootsikeelsest muusikakultuurist säilinud poogenpill.,Ruhnu violin,Ruhnu viiul,,,The Ruhnu violin represents the Swedish-speaking island community’s preserved bowed-instrument tradition.,Ruhnu viiul esindab saare rootsikeelse kogukonna säilinud poogenpillitraditsiooni.,Ruhnu Viiul — Ruhnu viiulifestivali lugu,https://ruhnuviiul.ee/#:~:text=Kunagi%20oli%20Ruhnu%20tuntud%20oma%20osavate%20viiuldajate%20poolest,All rights reserved,2026-08-28,reviewed,true
built-in-estonia-clue-0130,built-in-estonia,Estonia / Eesti,built-in-estonia-set-026,board,round-two,5,easy,music-performing-arts,Music in Unexpected Places,Muusika ootamatutes paikades,"In 2006, Arvo Pärt titled a tribute “Für Lennart …”. Supply the final two Latin words that mean “in memory.”","2006. aastal pani Arvo Pärt mälestusteose pealkirjaks „Für Lennart …“. Lisa kaks viimast ladinakeelset sõna, mis tähendavad „mälestuseks“.",in memoriam,in memoriam,,,"In 2006, Arvo Pärt composed “Für Lennart in memoriam” in memory of former Estonian president Lennart Meri.",2006. aastal kirjutas Arvo Pärt endise Eesti presidendi Lennart Meri mälestuseks teose „Für Lennart in memoriam“.,Für Lennart in memoriam,https://www.arvopart.ee/en/arvo-part/work/438/,All rights reserved,2026-08-28,reviewed,true
built-in-estonia-clue-0131,built-in-estonia,Estonia / Eesti,built-in-estonia-set-027,board,round-two,1,easy,music-performing-arts,Estonian Voices and a Baton,Eesti hääled ja dirigendikepp,Neeme Järvi leads orchestras with a baton in this profession.,Neeme Järvi juhatab orkestreid dirigendikepiga. Nimeta tema amet.,conductor,dirigent,,,Neeme Järvi is an Estonian-American conductor who has led major orchestras in Europe and North America.,"Neeme Järvi on Eesti-Ameerika dirigent, kes on juhatanud suuri orkestreid Euroopas ja Põhja-Ameerikas.",Neeme Järvi,https://en.wikipedia.org/wiki/Neeme_Järvi,CC-BY-SA-4.0,2026-08-28,reviewed,true
built-in-estonia-clue-0132,built-in-estonia,Estonia / Eesti,built-in-estonia-set-027,board,round-two,2,easy,music-performing-arts,Estonian Voices and a Baton,Eesti hääled ja dirigendikepp,"The Estonian National ensemble abbreviated RAM is made up of lower adult voices, making it this type of choir.",Lühendi RAM all tegutseva Eesti rahvusliku kollektiivi madalamad täiskasvanuhääled moodustavad seda tüüpi koori.,male choir,meeskoor,,,"The Estonian National Male Choir, founded by Gustav Ernesaks, is a professional male choir commonly known as RAM.","Gustav Ernesaksa asutatud Eesti Rahvusmeeskoor on kutseline meeskoor, mida tuntakse lühendi RAM järgi.",Estonian National Male Choir,https://en.wikipedia.org/wiki/Estonian_National_Male_Choir,CC-BY-SA-4.0,2026-08-28,reviewed,true
built-in-estonia-clue-0133,built-in-estonia,Estonia / Eesti,built-in-estonia-set-027,board,round-two,3,easy,music-performing-arts,Estonian Voices and a Baton,Eesti hääled ja dirigendikepp,"Heino Kaljuste founded Ellerhein for young female singers, making it this type of choir.",Heino Kaljuste asutas Ellerheina noortele naislauljatele. Mis tüüpi koor see on?,girls’ choir,tütarlastekoor,,,Ellerhein is an Estonian girls’ choir founded by Heino Kaljuste in 1951.,Ellerhein on Heino Kaljuste 1951. aastal asutatud Eesti tütarlastekoor.,Ellerhein,https://en.wikipedia.org/wiki/Ellerhein,CC-BY-SA-4.0,2026-08-28,reviewed,true
built-in-estonia-clue-0134,built-in-estonia,Estonia / Eesti,built-in-estonia-set-027,board,round-two,4,easy,music-performing-arts,Estonian Voices and a Baton,Eesti hääled ja dirigendikepp,Tõnu Kaljuste founded the Estonian Philharmonic ensemble whose compact professional forces identify this type of choir.,Tõnu Kaljuste asutas Eesti Filharmoonia väikese professionaalse koosseisu. Mis tüüpi koor see on?,chamber choir,kammerkoor,,,The Estonian Philharmonic Chamber Choir is a professional chamber choir founded by Tõnu Kaljuste in 1981.,Eesti Filharmoonia Kammerkoor on Tõnu Kaljuste 1981. aastal asutatud kutseline kammerkoor.,Estonian Philharmonic Chamber Choir,https://en.wikipedia.org/wiki/Estonian_Philharmonic_Chamber_Choir,CC-BY-SA-4.0,2026-08-28,reviewed,true
built-in-estonia-clue-0135,built-in-estonia,Estonia / Eesti,built-in-estonia-set-027,board,round-two,5,easy,music-performing-arts,Estonian Voices and a Baton,Eesti hääled ja dirigendikepp,Gustav Ernesaks’s affectionate Estonian nickname combines singing with an elderly father figure. Give its English sense.,Gustav Ernesaksa hellitusnimi ühendab laulmise ja eaka isakuju. Nimeta see eestikeelne hüüdnimi.,Father of Song,Laulutaat,,,"Gustav Ernesaks is affectionately known in Estonia as Laulutaat, literally the “Father of Song.”",Gustav Ernesaksa tuntakse Eestis hellitusnimega Laulutaat.,Gustav Ernesaks,https://en.wikipedia.org/wiki/Gustav_Ernesaks,CC-BY-SA-4.0,2026-08-28,reviewed,true
built-in-estonia-clue-0136,built-in-estonia,Estonia / Eesti,built-in-estonia-set-028,board,round-two,1,easy,music-performing-arts,"Strings, Pipes and Keys","Keeled, torud ja klahvid","Factory history records that more than 7,400 of this full-size grand-piano type were made as Estonia instruments gained prominence on major stages.","Tehase ajaloo järgi valmistati seda täismõõdus tiibklaverit üle 7400, kui Estonia pillid kogusid suurtel lavadel tuntust.",concert grand piano,kontsertklaver,,,"Estonia Piano Factory’s history says more than 7,400 Concert Grand instruments were made as Estonia pianos became prominent on concert stages throughout the East.","Estonia klaverivabriku ajaloo järgi valmistati üle 7400 kontsertklaveri, kui Estonia klaverid kogusid tuntust ida kontserdilavadel.",History - Estonia Pianos,https://www.estoniapiano.com/about-us/history/,All rights reserved,2026-08-28,reviewed,true
built-in-estonia-clue-0137,built-in-estonia,Estonia / Eesti,built-in-estonia-set-028,board,round-two,2,easy,music-performing-arts,"Strings, Pipes and Keys","Keeled, torud ja klahvid","Tallinn’s Niguliste museum hosts concerts on this instrument, whose ranks of pipes can range from a whisper to thunder.","Tallinna Niguliste muuseumis toimuvad kontserdid sellel pillil, mille vilesid läbiv õhk võib kõlada sosinast mürinani.",pipe organ,orel,,,Niguliste’s pipe organ sends pressurized air through different ranks of pipes and is used for regular museum concerts.,Niguliste orel juhib suruõhu eri vileregistritesse ning seda kasutatakse muuseumi korrapärastel kontsertidel.,Niguliste Museum,https://nigulistemuuseum.ekm.ee/en/,All rights reserved,2026-08-28,reviewed,true
built-in-estonia-clue-0138,built-in-estonia,Estonia / Eesti,built-in-estonia-set-028,board,round-two,3,easy,music-performing-arts,"Strings, Pipes and Keys","Keeled, torud ja klahvid","Known in Estonian as “parmupill,” this small folk instrument buzzes when its flexible tongue is plucked against the teeth.",Selle väikese rahvapilli painduv keel pannakse hammaste vastas sõrmega helisema. Nimeta pill.,jaw harp,parmupill,,,"The parmupill, or jaw harp, creates a buzzing tone when its flexible tongue vibrates against the player’s mouth cavity.","Parmupill tekitab sumiseva heli, kui selle painduv keel võngub mängija suuõõne vastas.",Parmupill,https://pilliportaal.kultuur.ut.ee/parimuspillid/parmupill/,All rights reserved,2026-08-28,reviewed,true
built-in-estonia-clue-0139,built-in-estonia,Estonia / Eesti,built-in-estonia-set-028,board,round-two,4,easy,music-performing-arts,"Strings, Pipes and Keys","Keeled, torud ja klahvid",Herders once used this long bark or wooden wind instrument to signal across Estonian pastures and forests.,Karjased kasutasid seda pikka kasetohust või puidust puhkpilli Eesti karjamaadel ja metsades märguandmiseks.,shepherd’s horn,karjapasun,,,The karjapasun is an Estonian shepherd’s signal horn traditionally made from bark or wood.,"Karjapasun on Eesti karjaste signaalpill, mida valmistati traditsiooniliselt kasetohust või puidust.",Karjapasun,https://et.wikipedia.org/wiki/Karjapasun,CC-BY-SA-4.0,2026-08-28,reviewed,true
built-in-estonia-clue-0140,built-in-estonia,Estonia / Eesti,built-in-estonia-set-028,board,round-two,5,easy,music-performing-arts,"Strings, Pipes and Keys","Keeled, torud ja klahvid","A bow, not fingers, sounds the strings of this Estonian-Swedish traditional lyre.","Selle eestirootsi traditsioonilise lüüra keeli paneb helisema poogen, mitte sõrmed.",hiiu kannel,hiiu kannel,talharpa;bowed lyre,rootsi kannel;poogenkannel,The hiiu kannel is a bowed lyre associated especially with Estonia’s coastal Swedish musical tradition.,"Hiiu kannel on poogenlüüra, mida seostatakse eriti Eesti rannarootslaste muusikapärandiga.",Talharpa,https://en.wikipedia.org/wiki/Talharpa,CC-BY-SA-4.0,2026-08-28,reviewed,true
built-in-estonia-clue-0141,built-in-estonia,Estonia / Eesti,built-in-estonia-set-029,board,round-two,1,easy,music-performing-arts,Estonia at Eurovision,Eesti Eurovisioonil,"She represented Estonia twice in the 1990s, including a fifth-place duet with Ivo Linna.","Ta esindas Eestit 1990. aastatel kaks korda, sealhulgas saavutas Ivo Linnaga duetis viienda koha.",Maarja-Liis Ilus,Maarja-Liis Ilus,,,"Maarja-Liis Ilus represented Estonia at Eurovision in both 1996 and 1997, first alongside Ivo Linna.","Maarja-Liis Ilus esindas Eestit Eurovisioonil 1996. ja 1997. aastal, esimesel korral koos Ivo Linnaga.",Maarja-Liis Ilus,https://en.wikipedia.org/wiki/Maarja-Liis_Ilus,CC-BY-SA-4.0,2026-08-28,reviewed,true
built-in-estonia-clue-0142,built-in-estonia,Estonia / Eesti,built-in-estonia-set-029,board,round-two,2,easy,music-performing-arts,Estonia at Eurovision,Eesti Eurovisioonil,"Performing simply as Ines, she took “Once in a Lifetime” to fourth place in 2000.",Inesena esinedes viis ta laulu „Once in a Lifetime“ 2000. aastal neljandale kohale.,Eda-Ines Etti,Eda-Ines Etti,,,Eda-Ines Etti performed as Ines when “Once in a Lifetime” finished fourth at Eurovision 2000.,"Eda-Ines Etti esines Inese nime all, kui „Once in a Lifetime“ sai 2000. aasta Eurovisioonil neljanda koha.",Eda-Ines Etti,https://en.wikipedia.org/wiki/Eda-Ines_Etti,CC-BY-SA-4.0,2026-08-28,reviewed,true
built-in-estonia-clue-0143,built-in-estonia,Estonia / Eesti,built-in-estonia-set-029,board,round-two,3,easy,music-performing-arts,Estonia at Eurovision,Eesti Eurovisioonil,Violins and the Estonian-language song “Rändajad” carried this group to sixth place in 2009.,Viiulid ja eestikeelne „Rändajad“ viisid selle ansambli 2009. aastal kuuendale kohale.,Urban Symphony,Urban Symphony,,,"Urban Symphony combined strings with Sandra Nurmsalu’s vocal on “Rändajad,” Estonia’s sixth-place Eurovision 2009 entry.",Urban Symphony ühendas loos „Rändajad“ keelpillid Sandra Nurmsalu lauluga ning saavutas 2009. aasta Eurovisioonil kuuenda koha.,Urban Symphony,https://en.wikipedia.org/wiki/Urban_Symphony,CC-BY-SA-4.0,2026-08-28,reviewed,true
built-in-estonia-clue-0144,built-in-estonia,Estonia / Eesti,built-in-estonia-set-029,board,round-two,4,easy,music-performing-arts,Estonia at Eurovision,Eesti Eurovisioonil,This duo performed the moody 2015 duet “Goodbye to Yesterday.”,See duo esitas 2015. aasta meeleoluka dueti „Goodbye to Yesterday“.,Elina Born and Stig Rästa,Elina Born ja Stig Rästa,,,Elina Born and Stig Rästa represented Estonia in 2015 with the duet “Goodbye to Yesterday.”,Elina Born ja Stig Rästa esindasid Eestit 2015. aastal duetiga „Goodbye to Yesterday“.,Elina Born,https://en.wikipedia.org/wiki/Elina_Born,CC-BY-SA-4.0,2026-08-28,reviewed,true
built-in-estonia-clue-0145,built-in-estonia,Estonia / Eesti,built-in-estonia-set-029,board,round-two,5,easy,music-performing-arts,Estonia at Eurovision,Eesti Eurovisioonil,A hip-hop group joined a talharpa duo for Estonia’s unusually titled 2024 entry.,Räpipunt ühendas jõud hiiu kandle duoga Eesti ebatavalise pealkirjaga 2024. aasta võistlusloo jaoks.,5MIINUST and Puuluup,5MIINUST ja Puuluup,,,5MIINUST and Puuluup paired hip-hop with talharpas for Estonia’s 2024 Eurovision entry.,5MIINUST ja Puuluup ühendasid Eesti 2024. aasta Eurovisiooni loos hiphopi hiiu kanneldega.,(Nendest) narkootikumidest ei tea me (küll) midagi,https://en.wikipedia.org/wiki/(Nendest)_narkootikumidest_ei_tea_me_(küll)_midagi,CC-BY-SA-4.0,2026-08-28,reviewed,true
built-in-estonia-clue-0146,built-in-estonia,Estonia / Eesti,built-in-estonia-set-030,board,round-two,1,easy,music-performing-arts,Curtain Up in Estonia,Eesriie tõuseb Eestis,"This spring showcase festival fills Estonia’s capital with emerging music, industry talks and city events.","See kevadine esitlusfestival täidab Eesti pealinna uue muusika, valdkonna arutelude ja linnaüritustega.",Tallinn Music Week,Tallinn Music Week,,,Tallinn Music Week is an annual international showcase festival and music-industry conference held across Tallinn.,Tallinn Music Week on iga-aastane rahvusvaheline esitlusfestival ja muusikatööstuse konverents Tallinnas.,Tallinn Music Week,https://www.visittallinn.ee/eng/visitor/see-do/events/events/14543/tallinn-music-week,All rights reserved,2026-08-28,reviewed,true
built-in-estonia-clue-0147,built-in-estonia,Estonia / Eesti,built-in-estonia-set-030,board,round-two,2,easy,music-performing-arts,Curtain Up in Estonia,Eesriie tõuseb Eestis,Opera and ballet share the historic Estonia Theatre under this national company.,Ooper ja ballett jagavad ajaloolist Estonia teatrit selle rahvusliku organisatsiooni all.,Estonian National Opera,Rahvusooper Estonia,,,The Estonian National Opera presents opera and ballet in Tallinn’s historic Estonia Theatre.,Rahvusooper Estonia esitab Tallinna ajaloolises Estonia teatris ooperit ja balletti.,Estonian National Opera,https://en.wikipedia.org/wiki/Estonian_National_Opera,CC-BY-SA-4.0,2026-08-28,reviewed,true
built-in-estonia-clue-0148,built-in-estonia,Estonia / Eesti,built-in-estonia-set-030,board,round-two,3,easy,music-performing-arts,Curtain Up in Estonia,Eesriie tõuseb Eestis,"Drama, ballet and opera all appear under one roof at this Tartu theatre.","Sõnateater, ballett ja ooper tegutsevad kõik selle Tartu teatri katuse all.",Vanemuine,Vanemuine,,,"Vanemuine is a Tartu theatre whose repertoire spans drama, opera, ballet and musical theatre.","Vanemuine on Tartu teater, mille repertuaar hõlmab draamat, ooperit, balletti ja muusikalavastusi.",Vanemuine Theatre,https://www.vanemuine.ee/en/,All rights reserved,2026-08-28,reviewed,true
built-in-estonia-clue-0149,built-in-estonia,Estonia / Eesti,built-in-estonia-set-030,board,round-two,4,easy,music-performing-arts,Curtain Up in Estonia,Eesriie tõuseb Eestis,This national-language theatre performs in the Jugend-style building opposite Tallinn’s Freedom Square.,See eestikeelne teater mängib Tallinna Vabaduse väljaku vastas asuvas juugendhoones.,Estonian Drama Theatre,Eesti Draamateater,,,"The Estonian Drama Theatre is a major repertory theatre in central Tallinn, housed in a landmark 1910 building.","Eesti Draamateater on Tallinna kesklinna suur repertuaariteater, mis tegutseb 1910. aastal valminud hoones.",Estonian Drama Theatre,https://www.draamateater.ee/en/,All rights reserved,2026-08-28,reviewed,true
built-in-estonia-clue-0150,built-in-estonia,Estonia / Eesti,built-in-estonia-set-030,board,round-two,5,easy,music-performing-arts,Curtain Up in Estonia,Eesriie tõuseb Eestis,"Combine the medieval Canute Guild name with the all-capitals Estonian word “SAAL,” meaning hall, to name this Tallinn contemporary-performance venue.","Ühenda keskaegse Kanuti gildi nimi suurtähtedes eesti sõnaga „SAAL“, et saada selle Tallinna nüüdisetenduspaiga nimi.",Kanuti Gildi SAAL,Kanuti Gildi SAAL,,,Kanuti Gildi SAAL takes its name from the historic Canute Guild building; “saal” is Estonian for a hall.,Kanuti Gildi SAAL on nime saanud ajaloolise Kanuti gildi hoone järgi ning „saal“ tähendab eesti keeles saali.,Kanuti Gildi SAAL,https://saal.ee/en/,All rights reserved,2026-08-28,reviewed,true
built-in-estonia-clue-0151,built-in-estonia,Estonia / Eesti,built-in-estonia-set-031,board,round-two,1,easy,language-literature,Say It in Estonian,Ütle eesti keeles,Combine Estonian “lennu” (flight) with “jaam” (station) to get this travel hub.,"Ühenda „lennu“ ja „jaam“, et saada selle reisikeskuse nimi.",airport,lennujaam,,,"Lennujaam literally joins flight with station, making the structure of the Estonian word for airport transparent.","Lennujaam liidab sõnad „lend“ ja „jaam“, mistõttu eesti lennujaama-sõna ehitus on läbipaistev.",Sõnaveeb — lennujaam,https://sonaveeb.ee/search/unif/dlall/dsall/lennujaam/1/est?uilang=en,All rights reserved,2026-08-28,reviewed,true
built-in-estonia-clue-0152,built-in-estonia,Estonia / Eesti,built-in-estonia-set-031,board,round-two,2,easy,language-literature,Say It in Estonian,Ütle eesti keeles,"A “raamat” is a book and a “kogu” is a collection, pointing to this public institution.",„Raamat“ ja „kogu“ osutavad sellele avalikule asutusele.,library,raamatukogu,,,"Raamatukogu builds “library” from raamat, a book, and kogu, a collection.",Raamatukogu moodustub raamatut tähistavast sõnast „raamat“ ja kogumit tähistavast sõnast „kogu“.,Sõnaveeb — raamatukogu,https://sonaveeb.ee/search/unif/dlall/dsall/raamatukogu/1/est?uilang=en,All rights reserved,2026-08-28,reviewed,true
built-in-estonia-clue-0153,built-in-estonia,Estonia / Eesti,built-in-estonia-set-031,board,round-two,3,easy,language-literature,Say It in Estonian,Ütle eesti keeles,Estonian builds this national-centre term from “pea” (head) and “linn” (city).,Eesti keel moodustab selle riigi keskuse mõiste sõnadest „pea“ ja „linn“.,capital city,pealinn,,,"Pealinn literally combines pea, “head,” and linn, “city,” to form the Estonian term for a capital.",Pealinn ühendab sõnad „pea“ ja „linn“ ning moodustab eesti nimetuse riigi pealinnale.,Sõnaveeb — pealinn,https://sonaveeb.ee/search/unif/dlall/dsall/pealinn/1/est?uilang=en,All rights reserved,2026-08-28,reviewed,true
built-in-estonia-clue-0154,built-in-estonia,Estonia / Eesti,built-in-estonia-set-031,board,round-two,4,easy,language-literature,Say It in Estonian,Ütle eesti keeles,The parts “jää” (ice) and “lõhkuja” (breaker) transparently name this winter ship.,Osad „jää“ ja „lõhkuja“ annavad läbipaistvalt selle talvise laeva nime.,icebreaker,jäälõhkuja,,,"Jäälõhkuja is a literal compound of jää, “ice,” and lõhkuja, “breaker.”",Jäälõhkuja on otsene liitsõna osadest „jää“ ja „lõhkuja“.,Sõnaveeb — jäälõhkuja,https://sonaveeb.ee/search/unif/dlall/dsall/j%C3%A4%C3%A4l%C3%B5hkuja/1/est?uilang=en,All rights reserved,2026-08-28,reviewed,true
built-in-estonia-clue-0155,built-in-estonia,Estonia / Eesti,built-in-estonia-set-031,board,round-two,5,easy,language-literature,Say It in Estonian,Ütle eesti keeles,Estonian joins “päeva” (day) with “lill” (flower) to name this tall yellow bloom that turns toward light.,"Eesti keel ühendab sõnad „päeva“ ja „lill“, et nimetada seda kõrget kollast õit, mis pöördub valguse poole.",sunflower,päevalill,,,The Estonian compound päevalill literally combines “day” and “flower” and means sunflower.,Eesti liitsõna päevalill ühendab sõnad „päev“ ja „lill“ ning tähendab päevalille.,Sõnaveeb — päevalill,https://sonaveeb.ee/search/unif/dlall/dsall/p%C3%A4evalill/1/est?uilang=en,All rights reserved,2026-08-28,reviewed,true
built-in-estonia-clue-0156,built-in-estonia,Estonia / Eesti,built-in-estonia-set-032,board,round-two,1,easy,folklore-traditions,At an Estonian Celebration,Eesti peol,"At Easter in Setomaa, decorated eggs race down a specially built sand ramp and try to strike one another. Name this game.",Setomaa lihavõtetel veerevad värvitud munad mööda spetsiaalset liivakallakut ja püüavad üksteist tabada. Nimeta mäng.,egg rolling,munade veeretamine,Easter egg rolling,munaveeretamine,Setomaa Easter egg rolling sends decorated eggs down a sand ramp; an egg that hits others without breaking can win.,"Setomaa lihavõtteaegses munade veeretamises lastakse värvitud munad liivakallakust alla; võita võib muna, mis tabab teisi ega purune.",Easter in Estonia: old traditions and new beginnings,https://visitestonia.com/en/what-to-do/easter-in-estonia-old-traditions-and-new-beginnings,All rights reserved,2026-08-28,reviewed,true
built-in-estonia-clue-0157,built-in-estonia,Estonia / Eesti,built-in-estonia-set-032,board,round-two,2,easy,folklore-traditions,At an Estonian Celebration,Eesti peol,Coffee tables at birthdays and office parties often centre on this braided sweet yeast pastry.,Sünnipäevade ja kontoripidude kohvilaua keskmes on sageli see punutud magus pärmitainaküpsetis.,kringel,kringel,,,Kringel is a braided yeast pastry shaped into a ring or wreath and commonly shared at celebrations.,"Kringel on pärmitainast punutud rõnga- või pärjakujuline küpsetis, mida jagatakse sageli pidudel.",Kringel,https://en.wikipedia.org/wiki/Kringel,CC-BY-SA-4.0,2026-08-28,reviewed,true
built-in-estonia-clue-0158,built-in-estonia,Estonia / Eesti,built-in-estonia-set-032,board,round-two,3,easy,folklore-traditions,At an Estonian Celebration,Eesti peol,Bright vertical bands identify this traditional women’s garment from several Estonian regions.,Erksad püsttriibud iseloomustavad seda mitme Eesti piirkonna traditsioonilist naisterõivast.,striped skirt,triibuseelik,,,The triibuseelik uses woven vertical colour bands whose combinations can identify an Estonian region or parish.,Triibuseeliku kootud püstised värvivöödid võivad näidata Eesti piirkonda või kihelkonda.,Estonian Folk Costumes,https://rahvaroivad.ee/en/,All rights reserved,2026-08-28,reviewed,true
built-in-estonia-clue-0159,built-in-estonia,Estonia / Eesti,built-in-estonia-set-032,board,round-two,4,easy,folklore-traditions,At an Estonian Celebration,Eesti peol,Join the Estonian grain meaning “oats” to a common male first name to form this lively folk-dance title.,"Ühenda kaera tähistava teravilja nimetus levinud mehenimega, et saada selle hoogsa rahvatantsu pealkiri.",Kaerajaan,Kaerajaan,,,Kaerajaan is a well-known Estonian group dance built from four repeating figures.,"Kaerajaan on tuntud eesti rühmatants, mis koosneb neljast korduvast tuurist.",Kaerajaan,https://et.wikipedia.org/wiki/Kaerajaan,CC-BY-SA-4.0,2026-08-28,reviewed,true
built-in-estonia-clue-0160,built-in-estonia,Estonia / Eesti,built-in-estonia-set-032,board,round-two,5,easy,folklore-traditions,At an Estonian Celebration,Eesti peol,"Medieval costumes, craft stalls and a large fair fill the university city during this annual festival recalling its Hanseatic past.","Keskaegsed rõivad, käsitööletid ja suur laat täidavad ülikoolilinna selle iga-aastase hansaminevikku meenutava festivali ajal.",Tartu Hanseatic Days,Tartu hansapäevad,,,"Tartu Hanseatic Days celebrate the city’s trading history with themed areas, performances and a Hanseatic fair.","Tartu hansapäevad tähistavad linna kaubandusajalugu teemalade, esinemiste ja hansalaadaga.",Hanseatic Days to offer city residents a diverse programme,https://www.tartu.ee/en/news/hanseatic-days-to-offer-city-residents-a-diverse-programme,All rights reserved,2026-08-28,reviewed,true
built-in-estonia-clue-0161,built-in-estonia,Estonia / Eesti,built-in-estonia-set-033,board,round-two,1,easy,folklore-traditions,Patterns You Meet around Estonia,"Mustrid, mida Eestis kohtad",A sweeping curved choir shell creates the unmistakable outline of this mass-singing venue.,Pühkiv kaarjas laululava loob selle massilaulmise paiga eksimatu silueti.,Tallinn Song Festival Grounds,Tallinna lauluväljak,,,Tallinn Song Festival Grounds centres on a vast curved choir shell designed for massed singers.,"Tallinna lauluväljaku keskmes on hiiglaslik kaarjas laululava, mis on mõeldud suurtele ühendkooridele.",Tallinn Song Festival Grounds,https://en.wikipedia.org/wiki/Tallinn_Song_Festival_Grounds,CC-BY-SA-4.0,2026-08-28,reviewed,true
built-in-estonia-clue-0162,built-in-estonia,Estonia / Eesti,built-in-estonia-set-033,board,round-two,2,easy,folklore-traditions,Patterns You Meet around Estonia,"Mustrid, mida Eestis kohtad",Geometric stars and colour bands carry regional meanings on this warm pair of hand coverings.,Geomeetrilised tähed ja värvivöödid kannavad piirkondlikke tähendusi nendel soojadel käekatetel.,knitted mittens,kootud kindad,,,Estonian knitted mittens encode regional styles through colour combinations and geometric motifs.,Eesti kootud kinnaste värvikombinatsioonid ja geomeetrilised kirjad kannavad piirkondlikke stiile.,Kihnu kinnaste kudumine ja kandmine,https://rahvakultuur.ee/2020/03/17/kihnu-kinnaste-kudumine-ja-kandmine/,All rights reserved,2026-08-28,reviewed,true
built-in-estonia-clue-0163,built-in-estonia,Estonia / Eesti,built-in-estonia-set-033,board,round-two,3,easy,folklore-traditions,Patterns You Meet around Estonia,"Mustrid, mida Eestis kohtad","On Estonian knitted mittens, this geometric motif has eight radiating points and is traditionally read as protective.",Eesti kootud kinnastel on sellel geomeetrilisel kaitsemotiivil kaheksa kiirt.,eight-pointed star,kaheksakand,,,"The eight-pointed star, or kaheksakand, appears in Kihnu mitten patterns and is traditionally associated with protection.",Kaheksakand esineb Kihnu kindakirjades ning seda on pärimuses seostatud kaitsega.,Kihnu kinnaste kudumine ja kandmine,https://rahvakultuur.ee/2020/03/17/kihnu-kinnaste-kudumine-ja-kandmine/,All rights reserved,2026-08-28,reviewed,true
built-in-estonia-clue-0164,built-in-estonia,Estonia / Eesti,built-in-estonia-set-033,board,round-two,4,easy,folklore-traditions,Patterns You Meet around Estonia,"Mustrid, mida Eestis kohtad",Vivid flowers on dark fabric distinguish this island’s celebrated needlework style.,Erksad lilled tumedal kangal eristavad selle saare kuulsat tikkimisstiili.,Muhu embroidery,Muhu tikand,,,"Muhu embroidery is recognized for exuberant, brightly coloured flowers worked against contrasting fabric.","Muhu tikandit tuntakse erksavärviliste lopsakate lillede järgi, mis paistavad kontrastselt kangalt.",Muhu embroidery,https://www.oadeed.ee/muhu-tikand-english/,All rights reserved,2026-08-28,reviewed,true
built-in-estonia-clue-0165,built-in-estonia,Estonia / Eesti,built-in-estonia-set-033,board,round-two,5,easy,folklore-traditions,Patterns You Meet around Estonia,"Mustrid, mida Eestis kohtad",Red cord decorates the dark wool of this southern Estonian traditional men’s coat.,Punane nöör kaunistab selle Lõuna-Eesti traditsioonilise meestekuue tumedat villa.,Mulgi coat,mulgi kuub,,,The Mulgi coat is a dark woollen men’s garment distinguished by red cord decoration.,"Mulgi kuub on tume villane meeste rõivas, mida eristab punane kaaruspael.",Mulgi folk costume,https://mulgimaa.ee/en/mulgimaa/folk-costume/mulgi-folk-costume/,All rights reserved,2026-08-28,reviewed,true
built-in-estonia-clue-0166,built-in-estonia,Estonia / Eesti,built-in-estonia-set-034,board,round-two,1,easy,folklore-traditions,Wildlife and Wilder Stories,Loomad ja veel pöörasemad lood,"In 2026, Estonia’s official nature portal described this long-legged browser as the country’s largest mammal; North Americans call the same species a moose.",2026. aastal kirjeldas Eesti ametlik loodusportaal seda pikkade jalgadega taimtoidulist looma riigi suurima imetajana; Põhja-Ameerikas nimetatakse sama liiki moose’iks.,European elk,põder,,,"In 2026, Estonia’s nature portal identified the European elk, called a moose in North America, as Estonia’s largest mammal.","2026. aastal nimetas Eesti loodusportaal põtra, keda Põhja-Ameerikas kutsutakse moose’iks, Eesti suurimaks imetajaks.",Põder (Alces alces),https://loodusveeb.ee/et/themes/liikide-nimekiri/poder-alces-alces,All rights reserved,2026-08-28,reviewed,true
built-in-estonia-clue-0167,built-in-estonia,Estonia / Eesti,built-in-estonia-set-034,board,round-two,2,easy,folklore-traditions,Wildlife and Wilder Stories,Loomad ja veel pöörasemad lood,"In “Kalevipoeg,” this small spiny animal wisely tells the hero to strike with the edge of a plank.",„Kalevipojas“ õpetab see väike okkaline loom kangelast targalt lauakese serviti lööma.,hedgehog,siil,,,"In “Kalevipoeg,” the hedgehog’s tactical advice helps the hero use a plank effectively, earning the animal a reward.",„Kalevipojas“ aitab siili taktikaline nõuanne kangelasel lauda tõhusalt kasutada ning loom saab selle eest tasu.,"Giant lore: Kalevipoeg, the hedgehog and national identity",https://www.folklore.ee/folklore/vol64/giants.pdf,All rights reserved,2026-08-28,reviewed,true
built-in-estonia-clue-0168,built-in-estonia,Estonia / Eesti,built-in-estonia-set-034,board,round-two,3,easy,folklore-traditions,Wildlife and Wilder Stories,Loomad ja veel pöörasemad lood,Moonlight is said to reveal this ghostly woman in a Haapsalu castle chapel window.,Kuuvalgus pidavat Haapsalu linnuse kabeliaknas nähtavale tooma selle kummitusliku naise.,White Lady,Valge Daam,,,Haapsalu’s White Lady is said to appear in the chapel window during August full moons.,Haapsalu Valge Daam ilmuvat pärimuse järgi augusti täiskuu ajal kabeliaknale.,Haapsalu Castle,https://visitestonia.com/en/haapsalu-castle,All rights reserved,2026-08-28,reviewed,true
built-in-estonia-clue-0169,built-in-estonia,Estonia / Eesti,built-in-estonia-set-034,board,round-two,4,easy,folklore-traditions,Wildlife and Wilder Stories,Loomad ja veel pöörasemad lood,Legend says this watery old man will flood Tallinn if told the city is finally complete.,"Pärimuse järgi uputab see vees elav vanamees Tallinna, kui talle öelda, et linn on valmis.",Lake Ülemiste Elder,Ülemiste vanake,,,The Ülemiste Elder repeatedly asks whether Tallinn is finished and threatens a flood if anyone ever replies yes.,"Ülemiste vanake küsib ikka, kas Tallinn on valmis, ning ähvardab jaatava vastuse korral linna üle ujutada.",Lake Ülemiste,https://en.wikipedia.org/wiki/Lake_Ülemiste,CC-BY-SA-4.0,2026-08-28,reviewed,true
built-in-estonia-clue-0170,built-in-estonia,Estonia / Eesti,built-in-estonia-set-034,board,round-two,5,easy,folklore-traditions,Wildlife and Wilder Stories,Loomad ja veel pöörasemad lood,"This Estonian forest spirit appears as a tall bearded old man overgrown with moss, dressed in birch and able to decide a hunter’s luck. Name him.","Seda Eesti metsavaimu kujutatakse pika samblasse kasvanud habemikuna, kes kannab kasetohust rõivaid ja võib määrata jahimehe saagi. Nimeta ta.",Metsavana,Metsavana,,,"Metsavana is an old-man forest deity described as moss-covered, dressed in birch and able to decide how plentiful a hunter’s catch will be.","Metsavana on vanamehekujuline metsahaldjas, keda kirjeldatakse samblasse kasvanuna ja kasetohust rõivais ning kes võib määrata jahisaagi suuruse.",Metsavana,https://en.wikipedia.org/wiki/Metsavana,CC-BY-SA-4.0,2026-08-28,reviewed,true
built-in-estonia-clue-0171,built-in-estonia,Estonia / Eesti,built-in-estonia-set-035,board,round-one,1,medium,folklore-traditions,"Tradition, Turned Up","Pärimus, heli juurde",Plucked strings across a flat wooden body produce the sound of this Estonian zither.,Selle Eesti rahvapilli heli sünnib lameda puidust kõlakasti kohale pingutatud keelte näppimisel. Nimeta pill.,kannel,kannel,,,The kannel is an Estonian plucked zither with strings stretched over a shallow wooden resonator.,"Kannel on eesti näppekeelpill, mille keeled paiknevad madala puidust kõlakasti kohal.",Kannel (instrument),https://en.wikipedia.org/wiki/Kannel_(instrument),CC-BY-SA-4.0,2026-08-28,reviewed,true
built-in-estonia-clue-0172,built-in-estonia,Estonia / Eesti,built-in-estonia-set-035,board,round-one,2,medium,folklore-traditions,"Tradition, Turned Up","Pärimus, heli juurde",The Estonian Traditional Music Centre in Viljandi occupies a restored building once used for storing grain. What was it?,"Eesti Pärimusmuusika Keskus tegutseb Viljandis taastatud hoones, kus varem hoiti vilja. Mis hoone see oli?",former granary,endine ait,,,The Estonian Traditional Music Centre operates in Viljandi’s restored 19th-century granary.,Eesti Pärimusmuusika Keskus tegutseb Viljandi taastatud 19. sajandi aidas.,The birth of the Festival - XXVI Viljandi pärimusmuusika festival,https://2018.viljandifolk.ee/en/festival-eng/423-sunnilugu-2,All rights reserved,2026-08-28,reviewed,true
built-in-estonia-clue-0173,built-in-estonia,Estonia / Eesti,built-in-estonia-set-035,board,round-one,3,medium,folklore-traditions,"Tradition, Turned Up","Pärimus, heli juurde","At the Estonian Open Air Museum, Leigarid performs dances and music as this kind of traditional performing group.",Eesti Vabaõhumuuseumis esitab Leigarid tantse ja muusikat seda liiki pärimusliku kollektiivina.,folk-dance ensemble,rahvatantsuansambel,,,"Leigarid is a Tallinn folk ensemble that performs Estonian folk dances, songs and instrumental music.","Leigarid on Tallinna folkloorirühm, kes esitab Eesti rahvatantse, laule ja pillimuusikat.",Leigarid,https://leigarid.ee/en/,All rights reserved,2026-08-28,reviewed,true
built-in-estonia-clue-0174,built-in-estonia,Estonia / Eesti,built-in-estonia-set-035,board,round-one,4,medium,folklore-traditions,"Tradition, Turned Up","Pärimus, heli juurde",This Estonian trio mixes archival folk voices and traditional instruments with energetic modern production.,See Eesti trio ühendab arhiivide rahvahääled ja pärimuspillid energilise moodsa produktsiooniga.,Trad.Attack!,Trad.Attack!,,,Trad.Attack! combines archival singers and traditional instruments with amplified contemporary rhythms.,Trad.Attack! ühendab arhiivilauljad ja pärimuspillid võimendatud nüüdisaegsete rütmidega.,Trad.Attack!,https://en.wikipedia.org/wiki/Trad.Attack!,CC-BY-SA-4.0,2026-08-28,reviewed,true
built-in-estonia-clue-0175,built-in-estonia,Estonia / Eesti,built-in-estonia-set-035,board,round-one,5,medium,folklore-traditions,"Tradition, Turned Up","Pärimus, heli juurde","For one summer day, this festival playfully declares a Seto kingdom and elects Peko’s representative.",Ühel suvepäeval kuulutab see festival mänguliselt välja Seto kuningriigi ja valib Peko asemiku.,Seto Kingdom Day,Seto Kuningriigi päev,,,"Seto Kingdom Day elects an ülemsootska, celebrates Seto skills and symbolically forms a kingdom for one day.","Seto Kuningriigi päev valib ülemsootska, tähistab seto oskusi ja loob sümboolselt üheks päevaks kuningriigi.",Kingdom Day,https://visitsetomaa.ee/en/kingdom-day,All rights reserved,2026-08-28,reviewed,true
built-in-estonia-clue-0176,built-in-estonia,Estonia / Eesti,built-in-estonia-set-036,board,round-one,1,medium,language-literature,Writers with More Than One Story,Kirjanikud rohkem kui ühe looga,The Finnish-Estonian novelist behind “Purge” writes across the histories of both countries.,„Puhastuse“ soome-eesti autor kirjutab mõlema riigi ajaloo kokkupuutepunktidest.,Sofi Oksanen,Sofi Oksanen,,,Sofi Oksanen draws on Finnish-Estonian family history in novels including the internationally successful “Purge.”,"Sofi Oksanen ammutab Soome-Eesti perekonnaloost ainest romaanidele, sealhulgas rahvusvaheliselt menukale „Puhastusele“.",Sofi Oksanen,https://en.wikipedia.org/wiki/Sofi_Oksanen,CC-BY-SA-4.0,2026-08-28,reviewed,true
built-in-estonia-clue-0177,built-in-estonia,Estonia / Eesti,built-in-estonia-set-036,board,round-one,2,medium,language-literature,Writers with More Than One Story,Kirjanikud rohkem kui ühe looga,This poet of Estonia’s national awakening also wrote plays and helped shape the first song festival.,See Eesti ärkamisaja luuletaja kirjutas ka näidendeid ja aitas kujundada esimest laulupidu.,Lydia Koidula,Lydia Koidula,,,Lydia Koidula wrote patriotic poetry and plays during the national awakening and helped organize the first song festival.,Lydia Koidula kirjutas rahvusliku ärkamise ajal isamaaluulet ja näidendeid ning aitas korraldada esimest laulupidu.,Lydia Koidula,https://en.wikipedia.org/wiki/Lydia_Koidula,CC-BY-SA-4.0,2026-08-28,reviewed,true
built-in-estonia-clue-0178,built-in-estonia,Estonia / Eesti,built-in-estonia-set-036,board,round-one,3,medium,language-literature,Writers with More Than One Story,Kirjanikud rohkem kui ühe looga,The compiler of “Kalevipoeg” trained and worked in this other profession: medicine. Name him.,„Kalevipoja“ koostaja õppis ja töötas ka arstina. Nimeta ta.,Friedrich Reinhold Kreutzwald,Friedrich Reinhold Kreutzwald,,,Friedrich Reinhold Kreutzwald was a physician in Võru as well as the compiler of the national epic “Kalevipoeg.”,Friedrich Reinhold Kreutzwald oli lisaks „Kalevipoja“ koostajale Võrus tegutsenud arst.,Friedrich Reinhold Kreutzwald,https://en.wikipedia.org/wiki/Friedrich_Reinhold_Kreutzwald,CC-BY-SA-4.0,2026-08-28,reviewed,true
built-in-estonia-clue-0179,built-in-estonia,Estonia / Eesti,built-in-estonia-set-036,board,round-one,4,medium,language-literature,Writers with More Than One Story,Kirjanikud rohkem kui ühe looga,"A museum in Jõgeva honours this poet, a leading member of the literary group Arbujad.","Jõgeval asuv muuseum austab seda luuletajat, kes kuulus kirjandusrühma Arbujad juhtfiguuride hulka.",Betti Alver,Betti Alver,,,"Betti Alver was a leading Arbujad poet, and her life and work are commemorated by a museum in Jõgeva.",Betti Alver oli üks Arbujate juhtivaid luuletajaid ning tema elu ja loomingut tutvustab Jõgeva muuseum.,Betti Alver,https://en.wikipedia.org/wiki/Betti_Alver,CC-BY-SA-4.0,2026-08-28,reviewed,true
built-in-estonia-clue-0180,built-in-estonia,Estonia / Eesti,built-in-estonia-set-036,board,round-one,5,medium,language-literature,Writers with More Than One Story,Kirjanikud rohkem kui ühe looga,This Muhu-born writer also travelled to Antarctica and gave his name to a controversial Tallinn relief.,See Muhus sündinud kirjanik reisis ka Antarktikasse ja andis nime vastuolulisele Tallinna bareljeefile.,Juhan Smuul,Juhan Smuul,,,"Muhu-born Juhan Smuul wrote prose and drama, travelled on an Antarctic expedition and became a prominent Soviet-era author.","Muhus sündinud Juhan Smuul kirjutas proosat ja näidendeid, käis Antarktika-ekspeditsioonil ning sai tuntud nõukogudeaegseks autoriks.",Juhan Smuul,https://en.wikipedia.org/wiki/Juhan_Smuul,CC-BY-SA-4.0,2026-08-28,reviewed,true
built-in-estonia-clue-0181,built-in-estonia,Estonia / Eesti,built-in-estonia-set-037,board,round-one,1,medium,language-literature,A Bookish Day Out,Raamatulik päev,This institution preserves the country’s published heritage and occupies a monumental building on Tõnismägi.,See asutus säilitab riigi trükipärandit ja asub monumentaalses hoones Tõnismäel.,National Library of Estonia,Eesti Rahvusraamatukogu,,,The National Library collects Estonia’s published output and serves as both a research library and cultural institution.,Eesti Rahvusraamatukogu kogub riigi väljaandeid ning tegutseb nii teadusraamatukogu kui kultuuriasutusena.,National Library of Estonia,https://en.wikipedia.org/wiki/National_Library_of_Estonia,CC-BY-SA-4.0,2026-08-28,reviewed,true
built-in-estonia-clue-0182,built-in-estonia,Estonia / Eesti,built-in-estonia-set-037,board,round-one,2,medium,language-literature,A Bookish Day Out,Raamatulik päev,A schoolhouse in Pärnu preserves the home and classroom world of Lydia Koidula and her father.,Pärnu koolimajas säilitatakse Lydia Koidula ja tema isa kodu- ning klassiruumi maailma.,Koidula Museum,Koidula muuseum,,,Koidula Museum occupies the Pärnu schoolhouse where Lydia Koidula lived and her father J. V. Jannsen taught.,"Koidula muuseum asub Pärnu koolimajas, kus Lydia Koidula elas ja tema isa J. V. Jannsen õpetas.",Koidula Museum,https://www.parnumuuseum.ee/koidula-museum,All rights reserved,2026-08-28,reviewed,true
built-in-estonia-clue-0183,built-in-estonia,Estonia / Eesti,built-in-estonia-set-037,board,round-one,3,medium,language-literature,A Bookish Day Out,Raamatulik päev,This Tallinn international literary festival uses an English-looking name that also plays on reading.,"See Tallinna rahvusvaheline kirjandusfestival kasutab inglispärast nime, mis mängib lugemise mõttega.",HeadRead,HeadRead,,,"HeadRead is Tallinn’s international literature festival, with a name that can be read as an invitation to read thoughtfully.","HeadRead on Tallinna rahvusvaheline kirjandusfestival, mille nimi kõlab ühtlasi kutsega hästi lugeda.",HeadRead Literary Festival,https://headread.ee/en/,All rights reserved,2026-08-28,reviewed,true
built-in-estonia-clue-0184,built-in-estonia,Estonia / Eesti,built-in-estonia-set-037,board,round-one,4,medium,language-literature,A Bookish Day Out,Raamatulik päev,A cultural building on Vanemuise Street hosts writers’ organizations and literary events under this name.,Vanemuise tänava kultuurihoones tegutsevad kirjanike ühendused ja toimuvad kirjandusüritused selle nime all.,Tartu Literature House,Tartu Kirjanduse Maja,,,Tartu Literature House on Vanemuise Street provides a shared home for writers’ organizations and public literary events.,Tartu Kirjanduse Maja Vanemuise tänaval on kirjanike ühenduste ja avalike kirjandusürituste ühine kodu.,Tartu literary map,https://www.tartu.ee/sites/default/files/uploads/Kultuur%20ja%20vaba%20aeg/Kirjanduslinna%20kaart_est_eng.pdf,All rights reserved,2026-08-28,reviewed,true
built-in-estonia-clue-0185,built-in-estonia,Estonia / Eesti,built-in-estonia-set-037,board,round-one,5,medium,language-literature,A Bookish Day Out,Raamatulik päev,Jüri Arrak’s 1981 portfolio depicts twelve Estonian folk games using this printmaking method drawn on stone or plate.,"Jüri Arraku 1981. aasta mapis on kaksteist Eesti rahvamängu, mis on tehtud kivile või plaadile joonistamisega selles graafikatehnikas.",lithographs,litograafiad,,,Jüri Arrak’s portfolio “Eesti rahvamänge” consists of twelve lithographs published in 1981.,Jüri Arraku 1981. aasta mapis „Eesti rahvamänge“ on kaksteist litograafiat.,Eesti rahvamänge : 12 litograafiat,https://www.digar.ee/arhiiv/en/raamatud/155088,All rights reserved,2026-08-28,reviewed,true
built-in-estonia-clue-0186,built-in-estonia,Estonia / Eesti,built-in-estonia-set-038,board,round-one,1,medium,language-literature,"Dots, Tildes and Long Vowels","Täpid, lained ja pikad vokaalid",Otto Wilhelm Masing helped establish Õ in Estonian spelling. Name the wavy diacritic written above its O.,Otto Wilhelm Masing aitas Õ-tähe eesti õigekirjas kinnistada. Nimeta O kohal olev laineline diakriitik.,tilde,tilde,,,The letter Õ is an O bearing a tilde; Masing promoted it in early-19th-century Estonian orthography.,Õ-täht on tildega O ning Masing juurutas seda 19. sajandi alguse eesti õigekirjas.,Tilde,https://en.wikipedia.org/wiki/Tilde,CC-BY-SA-4.0,2026-08-28,reviewed,true
built-in-estonia-clue-0187,built-in-estonia,Estonia / Eesti,built-in-estonia-set-038,board,round-one,2,medium,language-literature,"Dots, Tildes and Long Vowels","Täpid, lained ja pikad vokaalid",The distinctive letter Õ appears once in the name of this central Estonian town known for its castle and rose garden.,"Eesti eripärane Õ-täht esineb ühe korra selle Kesk-Eesti linna nimes, mis on tuntud lossi ja roosiaia poolest.",Põltsamaa,Põltsamaa,,,Põltsamaa contains a single Õ and is known for its castle complex and rose garden.,Põltsamaa nimes on üks Õ ning linna tuntakse lossikompleksi ja roosiaia poolest.,Põltsamaa,https://en.wikipedia.org/wiki/Põltsamaa,CC-BY-SA-4.0,2026-08-28,reviewed,true
built-in-estonia-clue-0188,built-in-estonia,Estonia / Eesti,built-in-estonia-set-038,board,round-one,3,medium,language-literature,"Dots, Tildes and Long Vowels","Täpid, lained ja pikad vokaalid",Both names of this acclaimed “Border State” novelist showcase Estonia’s distinctive Õ.,Selle tunnustatud „Piiririigi“ autori mõlemas nimes paistab silma eesti Õ.,Tõnu Õnnepalu,Tõnu Õnnepalu,,,"Tõnu Õnnepalu is the author of “Border State,” and both parts of his name display Estonia’s characteristic Õ.",„Piiririigi“ autor Tõnu Õnnepalu kannab Õ-tähte nii ees- kui perekonnanimes.,Tõnu Õnnepalu,https://en.wikipedia.org/wiki/Tõnu_Õnnepalu,CC-BY-SA-4.0,2026-08-28,reviewed,true
built-in-estonia-clue-0189,built-in-estonia,Estonia / Eesti,built-in-estonia-set-038,board,round-one,4,medium,language-literature,"Dots, Tildes and Long Vowels","Täpid, lained ja pikad vokaalid",A doubled Ö opens the name of this “Nightingale Valley” near Rõuge.,Kahekordne Ö alustab selle Rõuge lähedal asuva oru nime; inglise keeles tähendab nimi „Nightingale Valley“.,Ööbikuorg,Ööbikuorg,,,"Ööbikuorg means “Nightingale Valley,” and its name begins with Estonia’s striking doubled Ö.",Ööbikuorg tähendab ööbikute orgu ning selle nimi algab silmatorkava kahekordse Ö-ga.,List of valleys in Estonia,https://en.wikipedia.org/wiki/List_of_valleys_in_Estonia,CC-BY-SA-4.0,2026-08-28,reviewed,true
built-in-estonia-clue-0190,built-in-estonia,Estonia / Eesti,built-in-estonia-set-038,board,round-one,5,medium,language-literature,"Dots, Tildes and Long Vowels","Täpid, lained ja pikad vokaalid",Four consecutive vowel letters make the name of this Estonian band look like the word for “ice edge.”,"Nimeta Eesti ansambel, mille nimi koosneb külmunud vee ja piiri tähistavate sõnade liitumisest ning sisaldab nelja järjestikust täishäälikutähte.",Jäääär,Jäääär,,,Jäääär is both the name of an Estonian band and the ordinary compound for the edge of ice.,Jäääär on nii Eesti ansambli nimi kui tavaline liitsõna jää serva kohta.,Jäääär,https://www.eestiaa.ee/kataloog/ansamblid/jaeaeaeaer,All rights reserved,2026-08-28,reviewed,true
built-in-estonia-clue-0191,built-in-estonia,Estonia / Eesti,built-in-estonia-set-039,board,round-one,1,medium,language-literature,Old Tales in Modern Places,Vanad lood moodsates paikades,An angel above Tallinn Bay marks an 1893 shipwreck at this seaside memorial named for the lost Russian warship.,"Tallinna lahe kohal seisev ingel meenutab sellel mereäärsel, hukkunud Vene sõjalaeva järgi nimetatud mälestussambal 1893. aasta laevahukku.",Russalka Memorial,Russalka mälestussammas,,,The Russalka Memorial’s angel commemorates sailors lost when the Russian warship Russalka sank in 1893.,"Russalka mälestussamba ingel meenutab meremehi, kes hukkusid Vene sõjalaeva Russalka uppumisel 1893. aastal.",Russalka Memorial,https://en.wikipedia.org/wiki/Russalka_Memorial,CC-BY-SA-4.0,2026-08-28,reviewed,true
built-in-estonia-clue-0192,built-in-estonia,Estonia / Eesti,built-in-estonia-set-039,board,round-one,2,medium,language-literature,Old Tales in Modern Places,Vanad lood moodsates paikades,A statue of Kalev’s grieving widow gives this Toompea green space its name.,Kalevi leinava lese kuju annab sellele Toompea haljasalale nime.,Linda Hill,Lindamägi,,,"Linda Hill takes its name from the “Kalevipoeg” figure Linda, whose mourning statue stands in the park.","Lindamägi on saanud nime „Kalevipoja“ Linda järgi, kelle leinav kuju pargis seisab.",Linda,https://kunstikaart.tallinn.ee/works/31-linda,All rights reserved,2026-08-28,reviewed,true
built-in-estonia-clue-0193,built-in-estonia,Estonia / Eesti,built-in-estonia-set-039,board,round-one,3,medium,language-literature,Old Tales in Modern Places,Vanad lood moodsates paikades,A cave in the steep bank of the Pärnu River earned this infernal nickname because its passage seems to descend deep underground.,"Pärnu jõe järsus kaldas asuv koobas sai selle põrguliku hüüdnime, sest käik näib laskuvat sügavale maa alla.",Tori Hell,Tori põrgu,,,Tori Hell is a cave in the Pärnu River bank at Tori whose dark descending passage inspired its name.,"Tori põrgu on Tori alevikus Pärnu jõe kaldas asuv koobas, mille pime laskuv käik inspireeris nime.",Tori Hell cave,https://visitviljandi.ee/en/places/tori-hell-cave/,All rights reserved,2026-08-28,reviewed,true
built-in-estonia-clue-0194,built-in-estonia,Estonia / Eesti,built-in-estonia-set-039,board,round-one,4,medium,language-literature,Old Tales in Modern Places,Vanad lood moodsates paikades,Folk tales portray this “Old Heathen” as a devilish but often gullible giant.,"Eesti rahvajuttudes on see kuratlik hiiglane sageli tugev, kuid Kaval-Antsu poolt kergesti ninapidi veetav. Nimeta tegelane.",Vanapagan,Vanapagan,,,Vanapagan is a devil-like giant in Estonian tales whose strength is often defeated by Kaval-Ants’s cleverness.,"Vanapagan on eesti juttude kuradilaadne hiiglane, kelle jõu kavaldab sageli üle Kaval-Ants.",Vanapagan,https://en.wikipedia.org/wiki/Vanapagan,CC-BY-SA-4.0,2026-08-28,reviewed,true
built-in-estonia-clue-0195,built-in-estonia,Estonia / Eesti,built-in-estonia-set-039,board,round-one,5,medium,language-literature,Old Tales in Modern Places,Vanad lood moodsates paikades,Estonian legends tell of a person who crosses the boundary between human and this wolf-shaped supernatural creature.,"Eesti muistendid jutustavad inimesest, kes muutub hundikujuliseks üleloomulikuks olendiks. Mis olend see on?",werewolf,libahunt,,,Estonian and Livonian folklore preserves many accounts of people believed to transform into wolves.,"Eesti ja Liivimaa pärimuses leidub rohkesti lugusid inimestest, keda usuti hundiks muutuvat.",Werewolf lore of Estonia and Livonia as reverberation of the history of mentalities,https://folklore.ee/tagused/nr80/metsvahi.pdf,All rights reserved,2026-08-28,reviewed,true
built-in-estonia-clue-0196,built-in-estonia,Estonia / Eesti,built-in-estonia-set-040,board,round-one,1,medium,language-literature,"Stories on Page, Stage and Screen","Lood lehel, laval ja ekraanil",Tallinn’s Estonian Theatre for Young Audiences includes a museum devoted to these figures brought to life by performers.,"Tallinna Eesti Noorsooteatri juurde kuulub muuseum, mis on pühendatud neile näitlejate elustatud kujudele.",puppets,nukud,,,The Estonian Theatre for Young Audiences runs the Museum of Puppetry Arts in Tallinn’s old town.,Eesti Noorsooteatri juures tegutseb Tallinna vanalinnas Nukukunsti muuseum.,Estonian Theatre for Young Audiences,https://eestinoorsooteater.ee/en,All rights reserved,2026-08-28,reviewed,true
built-in-estonia-clue-0197,built-in-estonia,Estonia / Eesti,built-in-estonia-set-040,board,round-one,2,medium,language-literature,"Stories on Page, Stage and Screen","Lood lehel, laval ja ekraanil",Eduard Tubin turned Aino Kallas’s story “Barbara von Tisenhusen” into this sung dramatic genre.,Eduard Tubin lõi Aino Kallase jutustuse „Barbara von Tisenhusen“ põhjal selle lauldava lavateose liigi.,opera,ooper,,,"Eduard Tubin composed the opera “Barbara von Tisenhusen,” based on Aino Kallas’s historical story.",Eduard Tubin komponeeris Aino Kallase ajaloolise jutustuse põhjal ooperi „Barbara von Tisenhusen“.,Barbara von Tisenhusen,https://en.wikipedia.org/wiki/Barbara_von_Tisenhusen,CC-BY-SA-4.0,2026-08-28,reviewed,true
built-in-estonia-clue-0198,built-in-estonia,Estonia / Eesti,built-in-estonia-set-040,board,round-one,3,medium,language-literature,"Stories on Page, Stage and Screen","Lood lehel, laval ja ekraanil",Oskar Luts’s schooldays novel about Paunvere became a beloved 1969 Estonian film.,Oskar Lutsu koolipõlveromaan Paunverest sai armastatud 1969. aasta Eesti filmiks.,Spring,„Kevade“,,,“Spring” adapts Oskar Luts’s Paunvere school story and became one of Estonia’s most beloved films after its 1969 release.,„Kevade“ ekraniseerib Oskar Lutsu Paunvere kooliloo ning sai pärast 1969. aasta esilinastust üheks Eesti armastatumaks filmiks.,Spring (1969 film),https://en.wikipedia.org/wiki/Spring_(1969_film),CC-BY-SA-4.0,2026-08-28,reviewed,true
built-in-estonia-clue-0199,built-in-estonia,Estonia / Eesti,built-in-estonia-set-040,board,round-one,4,medium,language-literature,"Stories on Page, Stage and Screen","Lood lehel, laval ja ekraanil",Indrek Hargla’s medieval Tallinn detective novels inspired a film trilogy under this title.,Indrek Hargla keskaegse Tallinna krimiromaanid inspireerisid selle pealkirjaga filmitriloogiat.,Apothecary Melchior,„Apteeker Melchior“,,,“Apothecary Melchior” follows a medieval Tallinn investigator created by novelist Indrek Hargla and adapted into three films.,"„Apteeker Melchior“ jälgib Indrek Hargla loodud keskaegse Tallinna uurijat, kelle lood ekraniseeriti kolme filmina.",Indrek Hargla,https://en.wikipedia.org/wiki/Indrek_Hargla,CC-BY-SA-4.0,2026-08-28,reviewed,true
built-in-estonia-clue-0200,built-in-estonia,Estonia / Eesti,built-in-estonia-set-040,board,round-one,5,medium,language-literature,"Stories on Page, Stage and Screen","Lood lehel, laval ja ekraanil",Rainer Sarnet’s black-and-white fantasy film adapts Andrus Kivirähk’s novel “Rehepapp.”,Rainer Sarneti mustvalge fantaasiafilm põhineb Andrus Kivirähki romaanil „Rehepapp“.,November,„November“,,,"“November” turns Kivirähk’s “Rehepapp” into a stark black-and-white world of peasants, spirits and kratts.","„November“ muudab Kivirähki „Rehepapi“ kargeks mustvalgeks talupoegade, vaimude ja krattide maailmaks.",November (2017 film),https://en.wikipedia.org/wiki/November_(2017_film),CC-BY-SA-4.0,2026-08-28,reviewed,true
built-in-estonia-clue-0201,built-in-estonia,Estonia / Eesti,built-in-estonia-set-041,board,round-one,1,medium,towns-landmarks,Estonian Calling Cards,Eesti visiitkaardid,"Dark rye bread, butter, spiced fish and often egg form this familiar Estonian open sandwich.","Tume rukkileib, või, vürtsikilu ja sageli muna moodustavad selle tuttava Eesti lahtise võileiva.",sprat sandwich,kiluvõileib,,,Kiluvõileib is an Estonian open sandwich traditionally made with rye bread and spiced Baltic sprat.,"Kiluvõileib on Eesti lahtine võileib, mida tehakse tavaliselt rukkileiva ja vürtsikiluga.",Regional flavors,https://visitestonia.com/en/what-to-do/regional-flavors,All rights reserved,2026-08-28,reviewed,true
built-in-estonia-clue-0202,built-in-estonia,Estonia / Eesti,built-in-estonia-set-041,board,round-one,2,medium,towns-landmarks,Estonian Calling Cards,Eesti visiitkaardid,Kelly Sildaru became the youngest winter-event gold medallist at this action-sports competition in 2016.,Kelly Sildarust sai 2016. aastal selle ekstreemspordivõistluse noorim taliala kuldmedalist.,X Games,X Games,,,"Kelly Sildaru won Winter X Games gold in 2016 at age 13, becoming the event’s youngest gold medallist.",Kelly Sildaru võitis 2016. aastal 13-aastaselt Winter X Gamesi kulla ja sai võistluse noorimaks kuldmedalistiks.,Kelly Sildaru,https://en.wikipedia.org/wiki/Kelly_Sildaru,CC-BY-SA-4.0,2026-08-28,reviewed,true
built-in-estonia-clue-0203,built-in-estonia,Estonia / Eesti,built-in-estonia-set-041,board,round-one,3,medium,towns-landmarks,Estonian Calling Cards,Eesti visiitkaardid,Kristo Käärmann and Taavet Hinrikus founded this Estonian money-transfer company in 2011; in 2021 it adopted this shorter one-word name.,Kristo Käärmann ja Taavet Hinrikus asutasid selle Eesti rahaülekandefirma 2011. aastal; 2021. aastal võttis ettevõte kasutusele selle lühema ühesõnalise nime.,Wise,Wise,,,TransferWise adopted the shorter name Wise in 2021 while continuing its international money-transfer and financial services.,TransferWise võttis 2021. aastal kasutusele lühema nime Wise ning jätkas rahvusvaheliste rahaülekannete ja finantsteenustega.,Wise (company),https://en.wikipedia.org/wiki/Wise_(company),CC-BY-SA-4.0,2026-08-28,reviewed,true
built-in-estonia-clue-0204,built-in-estonia,Estonia / Eesti,built-in-estonia-set-041,board,round-one,4,medium,towns-landmarks,Estonian Calling Cards,Eesti visiitkaardid,A square medieval convent building and moat make this Saaremaa fortress easy to recognize.,Ruudukujuline keskaegne konvendihoone ja vallikraav teevad selle Saaremaa kindluse kergesti äratuntavaks.,Kuressaare Castle,Kuressaare loss,,,Kuressaare Castle is a well-preserved medieval convent fortress surrounded by a moat on Saaremaa.,"Kuressaare loss on Saaremaal asuv hästi säilinud keskaegne konvendihoone, mida ümbritseb vallikraav.",Kuressaare Castle,https://en.wikipedia.org/wiki/Kuressaare_Castle,CC-BY-SA-4.0,2026-08-28,reviewed,true
built-in-estonia-clue-0205,built-in-estonia,Estonia / Eesti,built-in-estonia-set-041,board,round-one,5,medium,towns-landmarks,Estonian Calling Cards,Eesti visiitkaardid,Arvo Pärt’s title for this serene violin-and-piano work means “Mirror in the Mirror.”,Arvo Pärdi selle rahuliku viiuli- ja klaveriteose pealkiri tähendab „peegel peeglis“.,Spiegel im Spiegel,„Spiegel im Spiegel“,,,“Spiegel im Spiegel” pairs simple piano triads with a sustained melodic line in Pärt’s tintinnabuli style.,„Spiegel im Spiegel“ ühendab Pärdi tintinnabuli-stiilis lihtsad klaverikolmkõlad pika meloodialiiniga.,Spiegel im Spiegel,https://en.wikipedia.org/wiki/Spiegel_im_Spiegel,CC-BY-SA-4.0,2026-08-28,reviewed,true
built-in-estonia-clue-0206,built-in-estonia,Estonia / Eesti,built-in-estonia-set-042,board,round-one,1,medium,towns-landmarks,A Tallinn Day without the Usual Tour,Tallinna päev tavarajalt väljas,Orange and modern white vehicles of this type carry passengers through central Tallinn without using rails underground.,"Seda tüüpi oranžid ja moodsad valged sõidukid veavad reisijaid läbi Tallinna kesklinna, kuid mitte maa all.",tram,tramm,,,Tallinn trams run on surface rails through the city and include both older orange cars and newer white vehicles.,Tallinna trammid sõidavad linnas maapealsetel rööbastel ning nende seas on nii vanemaid oranže kui uusi valgeid vaguneid.,Trams in Tallinn,https://en.wikipedia.org/wiki/Trams_in_Tallinn,CC-BY-SA-4.0,2026-08-28,reviewed,true
built-in-estonia-clue-0207,built-in-estonia,Estonia / Eesti,built-in-estonia-set-042,board,round-one,2,medium,towns-landmarks,A Tallinn Day without the Usual Tour,Tallinna päev tavarajalt väljas,Tallinn’s old-town confectionery tradition includes figures modelled from this almond-and-sugar paste.,Tallinna vanalinna maiustustraditsiooni kuuluvad sellest mandli- ja suhkrumassist voolitud kujukesed.,marzipan,martsipan,,,"Tallinn confectioners have long shaped marzipan, a paste of almonds and sugar, into painted figures.",Tallinna kondiitrid on kaua vorminud mandli- ja suhkrupastast martsipani värvitud kujukesteks.,Where to find the best souvenirs in Estonia,https://visitestonia.com/en/what-to-do/where-to-find-the-best-souvenirs-in-estonia,All rights reserved,2026-08-28,reviewed,true
built-in-estonia-clue-0208,built-in-estonia,Estonia / Eesti,built-in-estonia-set-042,board,round-one,3,medium,towns-landmarks,A Tallinn Day without the Usual Tour,Tallinna päev tavarajalt väljas,"As of 2026, this Baroque palace commissioned by Peter the Great houses a branch of the Art Museum of Estonia.",2026. aasta seisuga tegutseb selles Peeter I tellimusel ehitatud barokkpalees Eesti Kunstimuuseumi filiaal.,Kadriorg Palace,Kadrioru loss,,,"As of 2026, Kadriorg Palace houses the Kadriorg Art Museum, a branch of the Art Museum of Estonia displaying foreign art.","2026. aasta seisuga asub Kadrioru lossis Eesti Kunstimuuseumi filiaal Kadrioru kunstimuuseum, kus näidatakse väliskunsti.",Kadriorg Palace,https://en.wikipedia.org/wiki/Kadriorg_Palace,CC-BY-SA-4.0,2026-08-28,reviewed,true
built-in-estonia-clue-0209,built-in-estonia,Estonia / Eesti,built-in-estonia-set-042,board,round-one,4,medium,towns-landmarks,A Tallinn Day without the Usual Tour,Tallinna päev tavarajalt väljas,"Food stalls, antiques and fresh produce fill this market beside Tallinn’s main railway station.","Toiduletid, antiik ja värske kaup täidavad seda Tallinna pearaudteejaama kõrval asuvat turgu.",Balti Jaam Market,Balti Jaama Turg,,,"Balti Jaama Turg stands beside Tallinn’s main station and combines produce, street food, antiques and everyday goods.","Balti Jaama Turg asub Tallinna peajaama kõrval ning ühendab toidukauba, tänavatoidu, antiigi ja tarbekaubad.",Balti Jaam Market,https://www.visittallinn.ee/eng/visitor/see-do/things-to-do/attractions-museums/176707/balti-jaam-market,All rights reserved,2026-08-28,reviewed,true
built-in-estonia-clue-0210,built-in-estonia,Estonia / Eesti,built-in-estonia-set-042,board,round-one,5,medium,towns-landmarks,A Tallinn Day without the Usual Tour,Tallinna päev tavarajalt väljas,"Former railway-factory buildings house studios, restaurants and start-ups in this creative quarter.","Endistes raudteetehase hoonetes tegutsevad selle loomelinnaku stuudiod, restoranid ja idufirmad.",Telliskivi Creative City,Telliskivi Loomelinnak,,,"Telliskivi Creative City converted former industrial buildings into a Tallinn cluster of studios, businesses, venues and restaurants.","Telliskivi Loomelinnak muutis endised tööstushooned Tallinna stuudiote, ettevõtete, esinemispaikade ja restoranide keskuseks.",Telliskivi Creative City,https://en.wikipedia.org/wiki/Telliskivi_Creative_City,CC-BY-SA-4.0,2026-08-28,reviewed,true
built-in-estonia-clue-0211,built-in-estonia,Estonia / Eesti,built-in-estonia-set-043,board,round-one,1,medium,towns-landmarks,"Tartu: Old Ideas, New Energy","Tartu: vanad ideed, uus energia",Palm houses and an outdoor collection beside Tartu’s old town belong to this university garden founded in 1803.,Palmimajad ja Tartu vanalinna kõrval asuv avakollektsioon kuuluvad sellele 1803. aastal rajatud ülikooliaiale.,University of Tartu Botanical Garden,Tartu Ülikooli botaanikaaed,,,The University of Tartu Botanical Garden was founded in 1803 and maintains glasshouses and outdoor plant collections.,Tartu Ülikooli botaanikaaed rajati 1803. aastal ning seal on kasvuhooned ja avamaa taimekollektsioonid.,University of Tartu Botanical Garden,https://natmuseum.ut.ee/en/botanical-garden,All rights reserved,2026-08-28,reviewed,true
built-in-estonia-clue-0212,built-in-estonia,Estonia / Eesti,built-in-estonia-set-043,board,round-one,2,medium,towns-landmarks,"Tartu: Old Ideas, New Energy","Tartu: vanad ideed, uus energia",A mass cross-country ski race from Otepää to Elva carries this university city’s name.,Otepäält Elvasse kulgev rahvasuusavõistlus kannab selle ülikoolilinna nime.,Tartu Marathon,Tartu Maraton,,,Tartu Marathon is a large cross-country ski event whose classic route runs from Otepää to Elva.,"Tartu Maraton on suur murdmaasuusaüritus, mille klassikaline rada kulgeb Otepäält Elvasse.",Tartu Maraton,https://en.wikipedia.org/wiki/Tartu_Maraton,CC-BY-SA-4.0,2026-08-28,reviewed,true
built-in-estonia-clue-0213,built-in-estonia,Estonia / Eesti,built-in-estonia-set-043,board,round-one,3,medium,towns-landmarks,"Tartu: Old Ideas, New Energy","Tartu: vanad ideed, uus energia","Streets named for peas, beans and potatoes explain the “Soup Town” name of this wooden-house district.","Selle puumajadega Tartu linnaosa tänavad kannavad kaunviljade, teraviljade ja köögiviljade nimetusi. Nimeta linnaosa.",Supilinn,Supilinn,,,"Supilinn’s “Soup Town” identity comes from streets named Herne, Oa, Kartuli and other food words.","Supilinna „supilinna“ identiteet tuleb Herne, Oa, Kartuli ja teiste toidusõnadega tänavanimedest.",Supilinn,https://en.wikipedia.org/wiki/Supilinn,CC-BY-SA-4.0,2026-08-28,reviewed,true
built-in-estonia-clue-0214,built-in-estonia,Estonia / Eesti,built-in-estonia-set-043,board,round-one,4,medium,towns-landmarks,"Tartu: Old Ideas, New Energy","Tartu: vanad ideed, uus energia",A Latin motto about restoring strength appears on this pale bridge on Toomemägi.,Ladinakeelne jõu taastamise mõttetera seisab sellel heledal Toomemäe sillal.,Angel’s Bridge,Inglisild,,,"Angel’s Bridge crosses Toomemägi in Tartu and bears the Latin motto “Otium reficit vires,” meaning rest restores strength.",Inglisild ületab Tartus Toomemäe ning kannab ladinakeelset mõtet „Puhkus taastab jõu“.,Tartu Angel Bridge,https://visitestonia.com/en/tartu-angel-bridge,All rights reserved,2026-08-28,reviewed,true
built-in-estonia-clue-0215,built-in-estonia,Estonia / Eesti,built-in-estonia-set-043,board,round-one,5,medium,towns-landmarks,"Tartu: Old Ideas, New Energy","Tartu: vanad ideed, uus energia",This Tartu scholar helped found the Tartu–Moscow School of semiotics.,See Tartu teadlane aitas rajada Tartu–Moskva semiootikakoolkonna.,Juri Lotman,Juri Lotman,,,Juri Lotman worked at the University of Tartu and helped establish the influential Tartu–Moscow School of semiotics.,Juri Lotman töötas Tartu Ülikoolis ning aitas rajada mõjuka Tartu–Moskva semiootikakoolkonna.,Juri Lotman,https://en.wikipedia.org/wiki/Juri_Lotman,CC-BY-SA-4.0,2026-08-28,reviewed,true
built-in-estonia-clue-0216,built-in-estonia,Estonia / Eesti,built-in-estonia-set-044,board,round-one,1,medium,towns-landmarks,Names above the Door,Nimed ukse kohal,Estonia’s main airport added this writer-president’s name in 2009.,Eesti peamine lennujaam lisas 2009. aastal oma nimele selle kirjanikust presidendi nime.,Lennart Meri Tallinn Airport,Lennart Meri Tallinna lennujaam,,,"Tallinn Airport adopted President Lennart Meri’s name in 2009, three years after his death.","Tallinna lennujaam võttis president Lennart Meri nime 2009. aastal, kolm aastat pärast tema surma.",Tallinn Airport,https://en.wikipedia.org/wiki/Tallinn_Airport,CC-BY-SA-4.0,2026-08-28,reviewed,true
built-in-estonia-clue-0217,built-in-estonia,Estonia / Eesti,built-in-estonia-set-044,board,round-one,2,medium,towns-landmarks,Names above the Door,Nimed ukse kohal,"As of 2026, a former submarine shipyard beside Tallinn Bay has become this waterfront quarter of galleries, restaurants and homes.","2026. aasta seisuga on Tallinna lahe äärsest endisest allveelaevatehasest saanud see galeriide, restoranide ja kodudega mereäärne kvartal.",Noblessner,Noblessner,,,"As of 2026, Noblessner has been redeveloped from an Imperial Russian submarine shipyard into a waterfront district in Tallinn.",2026. aasta seisuga on Noblessner kujundatud Vene keisririigi allveelaevatehasest Tallinna mereäärseks kvartaliks.,Noblessner,https://noblessner.ee/en/,All rights reserved,2026-08-28,reviewed,true
built-in-estonia-clue-0218,built-in-estonia,Estonia / Eesti,built-in-estonia-set-044,board,round-one,3,medium,towns-landmarks,Names above the Door,Nimed ukse kohal,The name of this museum of occupations and freedom combines the idea of liberty with “museum.”,Selle okupatsioonide ja vabaduse muuseumi nimi ühendab vabaduse mõiste sõnaga „muuseum“.,Vabamu,Vabamu,,,"Vabamu’s name joins vaba, “free,” with muuseum and suits its focus on occupation, resistance and freedom.","Vabamu nimi ühendab sõna „vaba“ muuseumiga ning sobib okupatsiooni, vastupanu ja vabaduse käsitlusega.",Vabamu Museum of Occupations and Freedom,https://en.wikipedia.org/wiki/Vabamu_Museum_of_Occupations_and_Freedom,CC-BY-SA-4.0,2026-08-28,reviewed,true
built-in-estonia-clue-0219,built-in-estonia,Estonia / Eesti,built-in-estonia-set-044,board,round-one,4,medium,towns-landmarks,Names above the Door,Nimed ukse kohal,"As of 2026, this international photography-museum name identifies the Telliskivi venue without translation.",2026. aasta seisuga tähistab see rahvusvaheline fotomuuseumi nimi Telliskivi asutust ilma tõlketa.,Fotografiska Tallinn,Fotografiska Tallinn,,,"As of 2026, Fotografiska Tallinn is a branch of the international photography-centre brand in Telliskivi Creative City.",2026. aasta seisuga on Fotografiska Tallinn rahvusvahelise fotokeskuse kaubamärgi haru Telliskivi Loomelinnakus.,Fotografiska,https://en.wikipedia.org/wiki/Fotografiska,CC-BY-SA-4.0,2026-08-28,reviewed,true
built-in-estonia-clue-0220,built-in-estonia,Estonia / Eesti,built-in-estonia-set-044,board,round-one,5,medium,towns-landmarks,Names above the Door,Nimed ukse kohal,"As of 2026, this energy-company name identifies the major performance venue in Tallinn’s Solaris complex.",2026. aasta seisuga kannab Tallinna Solarise keskuse suur esinemispaik selle energiaettevõtte nime.,Alexela Concert Hall,Alexela kontserdimaja,,,"As of 2026, Alexela Concert Hall is a major venue in Tallinn’s Solaris complex and carries the name of its energy-company sponsor.","2026. aasta seisuga on Alexela kontserdimaja Tallinna Solarise keskuse suur esinemispaik, mis kannab energiaettevõttest sponsori nime.",Alexela Concert Hall,https://en.wikipedia.org/wiki/Alexela_Concert_Hall,CC-BY-SA-4.0,2026-08-28,reviewed,true
built-in-estonia-clue-0221,built-in-estonia,Estonia / Eesti,built-in-estonia-set-045,board,round-one,1,medium,towns-landmarks,"Getting Around, Estonia Style",Liikvel Eesti moodi,The app of Estonian-founded Bolt unlocks shared versions of this compact two-wheeler for short city trips.,Eestis asutatud Bolti äpp avab selle kompaktse kaherattalise sõiduki jagatud versioone lühikesteks linnasõitudeks.,electric scooter,elektritõukeratas,,,"Bolt, founded in Estonia, operates app-unlocked shared electric scooters for short urban journeys.",Eestis asutatud Bolt pakub äpiga avatavaid jagatud elektritõukerattaid lühikesteks linnasõitudeks.,Bolt scooters,https://bolt.eu/en/scooters/,All rights reserved,2026-08-28,reviewed,true
built-in-estonia-clue-0222,built-in-estonia,Estonia / Eesti,built-in-estonia-set-045,board,round-one,2,medium,towns-landmarks,"Getting Around, Estonia Style",Liikvel Eesti moodi,"Tallinn passengers tap this green contactless public-transport card when boarding buses, trams and trolleybuses.","Tallinna sõitjad valideerivad bussi, trammi või trolli sisenedes seda rohelist ühistranspordikaarti.",Ühiskaart,Ühiskaart,,,Tallinn’s Ühiskaart is a reusable contactless card used to validate public-transport travel and load tickets.,"Tallinna Ühiskaart on korduskasutatav kontaktivaba kaart, millega valideeritakse ühistranspordis sõit ja millele saab pileteid laadida.",Public Transport,https://www.tallinn.ee/en/mobility/public-transport,All rights reserved,2026-08-28,reviewed,true
built-in-estonia-clue-0223,built-in-estonia,Estonia / Eesti,built-in-estonia-set-045,board,round-one,3,medium,towns-landmarks,"Getting Around, Estonia Style",Liikvel Eesti moodi,This Tallinn-based coach company links Estonian cities and runs international Baltic routes.,See Tallinnas asuv bussifirma ühendab Eesti linnu ja teenindab rahvusvahelisi Balti liine.,Lux Express,Lux Express,,,Lux Express is a Tallinn-based coach operator serving Estonian intercity and international Baltic routes.,"Lux Express on Tallinnas asuv bussiettevõte, mis teenindab Eesti linnadevahelisi ja rahvusvahelisi Balti liine.",Lux Express,https://en.wikipedia.org/wiki/Lux_Express,CC-BY-SA-4.0,2026-08-28,reviewed,true
built-in-estonia-clue-0224,built-in-estonia,Estonia / Eesti,built-in-estonia-set-045,board,round-one,4,medium,towns-landmarks,"Getting Around, Estonia Style",Liikvel Eesti moodi,Electric and diesel versions of this Swiss train family carry many Estonian rail passengers.,Selle Šveitsi rongiperekonna elektri- ja diiselversioonid veavad paljusid Eesti rongireisijaid.,Stadler FLIRT,Stadler FLIRT,,,Stadler FLIRT is a Swiss train family used in both electric and diesel form on Estonia’s passenger network.,"Stadler FLIRT on Šveitsi rongiperekond, mille elektri- ja diiselversioonid sõidavad Eesti reisirongivõrgus.",Stadler FLIRT,https://en.wikipedia.org/wiki/Stadler_FLIRT,CC-BY-SA-4.0,2026-08-28,reviewed,true
built-in-estonia-clue-0225,built-in-estonia,Estonia / Eesti,built-in-estonia-set-045,board,round-one,5,medium,towns-landmarks,"Getting Around, Estonia Style",Liikvel Eesti moodi,"Named for a Hiiumaa folk giant, this vehicle ferry serves the Rohuküla–Heltermaa route.",Hiiumaa rahvapärimuse hiiglase järgi nimetatud autopraam teenindab Rohuküla–Heltermaa liini.,Leiger,Leiger,,,Leiger is a TS Laevad ferry on the Rohuküla–Heltermaa route and bears the name of Hiiumaa’s legendary giant.,"Leiger on TS Laevade Rohuküla–Heltermaa liini praam, mis kannab Hiiumaa muistse hiiu nime.",MS Leiger,https://en.wikipedia.org/wiki/MS_Leiger,CC-BY-SA-4.0,2026-08-28,reviewed,true
built-in-estonia-clue-0226,built-in-estonia,Estonia / Eesti,built-in-estonia-set-046,board,round-one,1,medium,towns-landmarks,"Castles, Cakes and Competitions","Lossid, koogid ja võistlused",A warrior-shaped weather vane atop Tallinn Town Hall carries this familiar nickname.,Tallinna raekoja tipus oleva sõdalasekujulise tuulelipu tuttav nimi on see.,Old Thomas,Vana Toomas,,,Old Thomas is the warrior-shaped weather vane that has watched from Tallinn Town Hall’s spire since the 16th century.,"Vana Toomas on sõdalasekujuline tuulelipp, mis on valvanud Tallinna raekoja tornis alates 16. sajandist.",Old Thomas,https://en.wikipedia.org/wiki/Old_Thomas,CC-BY-SA-4.0,2026-08-28,reviewed,true
built-in-estonia-clue-0227,built-in-estonia,Estonia / Eesti,built-in-estonia-set-046,board,round-one,2,medium,towns-landmarks,"Castles, Cakes and Competitions","Lossid, koogid ja võistlused",King Magnus of Livonia made this central Estonian riverside fortress his residence from 1570 to 1578.,Liivimaa kuningas Magnus kasutas aastatel 1570–1578 oma residentsina seda Kesk-Eesti jõeäärset kindlust.,Põltsamaa Castle,Põltsamaa loss,,,Põltsamaa Castle began as a stone fortress in 1272 and later served as King Magnus’s Livonian residence.,Põltsamaa loss rajati 1272. aastal kivilinnusena ning hiljem oli see Liivimaa kuninga Magnuse residents.,Põltsamaa Castle,https://visitestonia.com/en/poltsamaa-castle,All rights reserved,2026-08-28,reviewed,true
built-in-estonia-clue-0228,built-in-estonia,Estonia / Eesti,built-in-estonia-set-046,board,round-one,3,medium,towns-landmarks,"Castles, Cakes and Competitions","Lossid, koogid ja võistlused","Sponge, crisp whipped-egg-white layers, cream and berries make up the Estonian café favourite known as Brita. What kind of cake is it?","Biskviit, krõbedad vahustatud munavalge kihid, kreem ja marjad moodustavad Eesti kohvikulemmiku Brita. Mis tüüpi kook see on?",meringue cake,beseekook,,,"Brita cake combines sponge cake with baked meringue, cream and berries.","Brita koogis on ühendatud biskviit, küpsetatud besee, kreem ja marjad.",Brita kook,https://nami-nami.ee/retsept/763/brita_kook,All rights reserved,2026-08-28,reviewed,true
built-in-estonia-clue-0229,built-in-estonia,Estonia / Eesti,built-in-estonia-set-046,board,round-one,4,medium,towns-landmarks,"Castles, Cakes and Competitions","Lossid, koogid ja võistlused",BMX and skateboarding athletes meet in Tallinn for this international action-sports event.,BMX-ratturid ja rulatajad kohtuvad Tallinnas sellel rahvusvahelisel ekstreemspordiüritusel.,Simple Session,Simple Session,,,Simple Session is a Tallinn action-sports event that brings international BMX riders and skateboarders together.,"Simple Session on Tallinna ekstreemspordiüritus, mis toob kokku rahvusvahelised BMX-ratturid ja rulatajad.",Simple Session,https://en.wikipedia.org/wiki/Simple_Session,CC-BY-SA-4.0,2026-08-28,reviewed,true
built-in-estonia-clue-0230,built-in-estonia,Estonia / Eesti,built-in-estonia-set-046,board,round-one,5,medium,towns-landmarks,"Castles, Cakes and Competitions","Lossid, koogid ja võistlused",A red-brick manor castle and a famous rye variety share the name of this southern Estonian place.,Punastest tellistest mõisaloss ja kuulus rukkisort jagavad selle Lõuna-Eesti paiga nime.,Sangaste,Sangaste,,,Sangaste names both a southern Estonian place with a red-brick manor castle and a celebrated rye variety.,Sangaste nimi kuulub nii punastest tellistest mõisalossiga Lõuna-Eesti paigale kui tuntud rukkisordile.,Sangaste,https://en.wikipedia.org/wiki/Sangaste,CC-BY-SA-4.0,2026-08-28,reviewed,true
built-in-estonia-clue-0231,built-in-estonia,Estonia / Eesti,built-in-estonia-set-047,board,round-one,1,medium,towns-landmarks,A Postcard with a Twist,Postkaart väikese vimkaga,"At Narva, how many opposing fortresses face each other across the river?",Mitu vastastikku seisvat kindlust vaatavad Narvas üle jõe teineteisele otsa?,two castles,kaks kindlust,,,Narva’s Hermann Castle and Russia’s Ivangorod Fortress face one another across the narrow Narva River.,Narva Hermanni linnus ja Venemaa Jaanilinna kindlus seisavad vastakuti üle kitsa Narva jõe.,Hermann Castle,https://en.wikipedia.org/wiki/Hermann_Castle,CC-BY-SA-4.0,2026-08-28,reviewed,true
built-in-estonia-clue-0232,built-in-estonia,Estonia / Eesti,built-in-estonia-set-047,board,round-one,2,medium,towns-landmarks,A Postcard with a Twist,Postkaart väikese vimkaga,"Ruins, hills and summer concerts come together at this major annual music event.","Lossimäed, varemed ja suvekontserdid kohtuvad sellel suurel iga-aastasel muusikapeol.",Viljandi Folk Music Festival,Viljandi pärimusmuusika festival,,,Viljandi Folk Music Festival fills the castle hills and town venues with traditional and contemporary folk music each summer.,Viljandi pärimusmuusika festival täidab igal suvel lossimäed ja linnalavad traditsioonilise ning nüüdisaegse pärimusmuusikaga.,Viljandi Folk Music Festival,https://en.wikipedia.org/wiki/Viljandi_Folk_Music_Festival,CC-BY-SA-4.0,2026-08-28,reviewed,true
built-in-estonia-clue-0233,built-in-estonia,Estonia / Eesti,built-in-estonia-set-047,board,round-one,3,medium,towns-landmarks,A Postcard with a Twist,Postkaart väikese vimkaga,Shoreline change once left this Saaremaa lighthouse standing in water and visibly leaning.,Rannajoone muutus jättis selle Saaremaa tuletorni kunagi vette ja silmanähtavalt viltu.,Kiipsaare Lighthouse,Kiipsaare tuletorn,,,Kiipsaare Lighthouse became famous for leaning in the sea as Saaremaa’s shifting shoreline moved around it.,"Kiipsaare tuletorn sai kuulsaks meres viltu seismisega, kui Saaremaa muutuv rannajoon selle ümber nihkus.",Kiipsaare Lighthouse,https://en.wikipedia.org/wiki/Kiipsaare_Lighthouse,CC-BY-SA-4.0,2026-08-28,reviewed,true
built-in-estonia-clue-0234,built-in-estonia,Estonia / Eesti,built-in-estonia-set-047,board,round-one,4,medium,towns-landmarks,A Postcard with a Twist,Postkaart väikese vimkaga,A monumental staircase descends from Sillamäe’s town square to a seaside promenade with a historic gazebo. Name this attraction.,"Monumentaalne trepp laskub Sillamäe linnaväljakult mereäärsele promenaadile, kus asub ajalooline rotund. Nimeta see vaatamisväärsus.",Sillamäe Sea Boulevard,Sillamäe Mere puiestee,Sea Boulevard;Sillamäe Mere puiestee,Mere puiestee;Sillamäe merepromenaad,"Sillamäe Sea Boulevard joins the town square and seafront with a monumental staircase, promenade and historic gazebo.","Sillamäe Mere puiestee ühendab linnaväljaku ja mereääre monumentaalse trepi, promenaadi ning ajaloolise rotundiga.",Sillamäe Mere puiestee (Sea Boulevard),https://visitestonia.com/en/sillamae-mere-puiestee-sea-boulevard,All rights reserved,2026-08-28,reviewed,true
built-in-estonia-clue-0235,built-in-estonia,Estonia / Eesti,built-in-estonia-set-047,board,round-one,5,medium,towns-landmarks,A Postcard with a Twist,Postkaart väikese vimkaga,"Built in 1644, this island church is often described as Estonia’s oldest surviving wooden building.",1644. aastal ehitatud saarekirikut nimetatakse sageli Eesti vanimaks säilinud puithooneks.,Ruhnu wooden church,Ruhnu puukirik,,,Ruhnu’s wooden St Magdalene church dates from 1644 and is regarded as Estonia’s oldest surviving wooden building.,Ruhnu puust Püha Magdaleena kirik pärineb 1644. aastast ning seda peetakse Eesti vanimaks säilinud puithooneks.,Ruhnu,https://en.wikipedia.org/wiki/Ruhnu,CC-BY-SA-4.0,2026-08-28,reviewed,true
built-in-estonia-clue-0236,built-in-estonia,Estonia / Eesti,built-in-estonia-set-048,board,round-one,1,medium,language-literature,Estonian Words with Character,Iseloomuga eesti sõnad,A green running figure and an outward arrow on an Estonian safety sign communicate this English instruction.,Millist juhist väljendavad Eesti ohutusmärgil roheline jooksev kujutis ja väljapoole suunatud nool?,exit,väljapääs,,,"Estonian väljapääs marks an exit or emergency way out, commonly shown with a green running figure and directional arrow.",Väljapääsu tähistav roheline märk juhatab hoonest ohutult välja.,Sõnaveeb — väljapääs,https://sonaveeb.ee/search/unif/dlall/dsall/v%C3%A4ljap%C3%A4%C3%A4s/1/est?uilang=en,All rights reserved,2026-08-28,reviewed,true
built-in-estonia-clue-0237,built-in-estonia,Estonia / Eesti,built-in-estonia-set-048,board,round-one,2,medium,language-literature,Estonian Words with Character,Iseloomuga eesti sõnad,A green cross and the near-cognate “apteek” on an Estonian sign direct you to this shop.,Millisesse kauplusse juhatavad Eestis roheline rist ning Kreeka ja Ladina päritolu laensõna?,pharmacy,apteek,,,Apteek is the Estonian word for a pharmacy and appears on signs often marked by a green cross.,Apteek on eestikeelne sõna ravimeid müüva koha kohta ning selle sildil on sageli roheline rist.,Sõnaveeb — apteek,https://sonaveeb.ee/search/unif/dlall/dsall/apteek/1/est?uilang=en,All rights reserved,2026-08-28,reviewed,true
built-in-estonia-clue-0238,built-in-estonia,Estonia / Eesti,built-in-estonia-set-048,board,round-one,3,medium,language-literature,Estonian Words with Character,Iseloomuga eesti sõnad,Drop one vowel from Estonian “muuseum” and this English cognate appears.,Millise kultuuriasutuse rahvusvaheline nimetus erineb eesti keeles ingliskeelsest kujust ühe lisatäishääliku poolest?,museum,muuseum,,,"Muuseum is the Estonian cognate of “museum,” preserving the same recognizable international root.",Muuseum on inglise sõna „museum“ eesti sugulassõna ning säilitab sama äratuntava rahvusvahelise tüve.,Sõnaveeb — muuseum,https://sonaveeb.ee/search/unif/dlall/dsall/muuseum/1/est?uilang=en,All rights reserved,2026-08-28,reviewed,true
built-in-estonia-clue-0239,built-in-estonia,Estonia / Eesti,built-in-estonia-set-048,board,round-one,4,medium,language-literature,Estonian Words with Character,Iseloomuga eesti sõnad,An Estonian dining sign ends in “-oran” where English ends in “-aurant.” Name the place type.,"Eesti söögikoha silt lõpeb tähtedega „-oran“, inglise vaste aga „-aurant“. Nimeta kohatüüp.",restaurant,restoran,,,"Restoran is the Estonian form of “restaurant,” with pronunciation and spelling adapted to the language.","Restoran on sõna „restaurant“ eestikeelne kuju, mille hääldus ja kirjapilt on keelega kohandatud.",Sõnaveeb — restoran,https://sonaveeb.ee/search/unif/dlall/dsall/restoran/1/est?uilang=en,All rights reserved,2026-08-28,reviewed,true
built-in-estonia-clue-0240,built-in-estonia,Estonia / Eesti,built-in-estonia-set-048,board,round-one,5,medium,language-literature,Estonian Words with Character,Iseloomuga eesti sõnad,Estonian bus and railway place names end in the same four-letter element. What English place type do “bussijaam” and “raudteejaam” share?,Üks ja sama neljatäheline sõna lõpetab nii bussi- kui raudteepeatuse nimetuse. Mis transpordikohta see sõna tähistab?,station,jaam,,,Jaam means a station and forms compounds such as bussijaam and raudteejaam.,Jaam tähistab peatuse- või transpordikohta ning moodustab liitsõnu nagu bussijaam ja raudteejaam.,Sõnaveeb — jaam,https://sonaveeb.ee/search/unif/dlall/dsall/jaam/1/est?uilang=en,All rights reserved,2026-08-28,reviewed,true
built-in-estonia-clue-0241,built-in-estonia,Estonia / Eesti,built-in-estonia-set-049,board,round-one,1,medium,language-literature,Lost—and Found—in Translation,Tõlkes kadunud ja leitud,Translate the Estonian bedtime wish formed from the words for a good quality and the part of the day after evening.,Milline kahesõnaline eestikeelne magamaminekusoov vastab inglise fraasile „good night“?,good night,head ööd,,,“Head ööd” is the customary Estonian wish corresponding to English “good night.”,"„Head ööd“ on tavapärane eestikeelne magamaminekusoov, mille inglise vaste on „good night“.",Sõnaveeb — head ööd,https://sonaveeb.ee/search/unif/dlall/dsall/head%20%C3%B6%C3%B6d/1/est?uilang=en,All rights reserved,2026-08-28,reviewed,true
built-in-estonia-clue-0242,built-in-estonia,Estonia / Eesti,built-in-estonia-set-049,board,round-one,2,medium,language-literature,Lost—and Found—in Translation,Tõlkes kadunud ja leitud,The Estonian word “aitäh” contains two dotted vowels. Translate it into this everyday English expression.,"Nimeta eesti tänusõna, mis algab tähtedega a ja i ning lõpeb tähtedega ä ja h.",thank you,aitäh,,,“Aitäh” is the standard everyday Estonian expression of thanks.,„Aitäh“ on eesti keele tavaline igapäevane tänusõna.,Sõnaveeb — aitäh,https://sonaveeb.ee/search/unif/dlall/dsall/ait%C3%A4h/1/est?uilang=en,All rights reserved,2026-08-28,reviewed,true
built-in-estonia-clue-0243,built-in-estonia,Estonia / Eesti,built-in-estonia-set-049,board,round-one,3,medium,language-literature,Lost—and Found—in Translation,Tõlkes kadunud ja leitud,Translate Tallinn’s “Vabaduse väljak” into this familiar English place name.,"Nimeta eesti keeles Tallinna väljak, mille ingliskeelne nimi on „Freedom Square“.",Freedom Square,Vabaduse väljak,,,"Vabaduse väljak translates directly as Freedom Square, the central Tallinn plaza below the War of Independence monument.","Vabaduse väljak on otsetõlkes Freedom Square, Tallinna keskne plats Vabadussõja võidusamba all.","Freedom Square, Tallinn","https://en.wikipedia.org/wiki/Freedom_Square,_Tallinn",CC-BY-SA-4.0,2026-08-28,reviewed,true
built-in-estonia-clue-0244,built-in-estonia,Estonia / Eesti,built-in-estonia-set-049,board,round-one,4,medium,language-literature,Lost—and Found—in Translation,Tõlkes kadunud ja leitud,This friendly English greeting appears on Estonian signs as “Tere tulemast.”,Milline kahesõnaline eestikeelne tervitus vastab inglise sõnale „Welcome“?,Welcome,Tere tulemast,,,“Tere tulemast” is the standard Estonian phrase used to welcome arriving guests and visitors.,„Tere tulemast“ on tavapärane eestikeelne väljend saabuvate külaliste ja külastajate tervitamiseks.,Sõnaveeb — tere tulemast,https://sonaveeb.ee/search/unif/dlall/dsall/tere%20tulemast/1/est?uilang=en,All rights reserved,2026-08-28,reviewed,true
built-in-estonia-clue-0245,built-in-estonia,Estonia / Eesti,built-in-estonia-set-049,board,round-one,5,medium,language-literature,Lost—and Found—in Translation,Tõlkes kadunud ja leitud,"Andrus Kivirähk’s novel “Mees, kes teadis ussisõnu” appears in English under this title.",Andrus Kivirähki romaan „The Man Who Spoke Snakish“ ilmus eesti keeles selle pealkirjaga.,The Man Who Spoke Snakish,"„Mees, kes teadis ussisõnu“",,,"“The Man Who Spoke Snakish” is the English title of Kivirähk’s novel “Mees, kes teadis ussisõnu.”","„Mees, kes teadis ussisõnu“ kannab inglise keeles pealkirja „The Man Who Spoke Snakish“.",The Man Who Spoke Snakish,https://en.wikipedia.org/wiki/The_Man_Who_Spoke_Snakish,CC-BY-SA-4.0,2026-08-28,reviewed,true
built-in-estonia-clue-0246,built-in-estonia,Estonia / Eesti,built-in-estonia-set-050,board,round-one,1,medium,language-literature,Estonia in Print and Pixels,Eesti trükis ja pikslites,"Founded in the 19th century, this newspaper’s name means “postman.”","See 19. sajandil asutatud ajaleht kannab ametinimetust, mis kirjeldab kirjade kohalevedajat. Nimeta väljaanne.",Postimees,Postimees,,,"Postimees began in the 19th century, and its title is the Estonian word for a postman.",Postimees alustas 19. sajandil ning selle pealkiri tähendab eesti keeles postiljoni.,Postimees,https://en.wikipedia.org/wiki/Postimees,CC-BY-SA-4.0,2026-08-28,reviewed,true
built-in-estonia-clue-0247,built-in-estonia,Estonia / Eesti,built-in-estonia-set-050,board,round-one,2,medium,language-literature,Estonia in Print and Pixels,Eesti trükis ja pikslites,Estonian policy discussions borrowed the folklore name of a servant creature for this modern artificial-intelligence concept.,Eesti poliitikaarutelud laenasid teeniva pärimusolendi nime sellele moodsale tehisintellekti mõistele.,kratt,kratt,,,Kratt is a folklore servant assembled from objects; Estonia reused the memorable name for artificial-intelligence policy.,Kratt on esemetest kokku pandud pärimuslik teenija ning Eesti võttis selle meeldejääva nime kasutusele tehisintellektipoliitikas.,E-Estonia Council approved kratt strategy,https://www.valitsus.ee/en/news/e-estonia-council-approved-kratt-strategy,All rights reserved,2026-08-28,reviewed,true
built-in-estonia-clue-0248,built-in-estonia,Estonia / Eesti,built-in-estonia-set-050,board,round-one,3,medium,language-literature,Estonia in Print and Pixels,Eesti trükis ja pikslites,The authoritative online dictionary Sõnaveeb is maintained by this national language institution.,Autoriteetset veebisõnastikku Sõnaveeb haldab see riiklik keeleasutus.,Institute of the Estonian Language,Eesti Keele Instituut,,,The Institute of the Estonian Language develops language resources and maintains the Sõnaveeb dictionary portal.,Eesti Keele Instituut arendab keeleressursse ja haldab sõnastikuportaali Sõnaveeb.,Institute of the Estonian Language,https://en.wikipedia.org/wiki/Institute_of_the_Estonian_Language,CC-BY-SA-4.0,2026-08-28,reviewed,true
built-in-estonia-clue-0249,built-in-estonia,Estonia / Eesti,built-in-estonia-set-050,board,round-one,4,medium,language-literature,Estonia in Print and Pixels,Eesti trükis ja pikslites,Printed reference volumes and a later online edition share this straightforward national title.,Trükitud teatmeteosed ja hilisem veebiväljaanne jagavad seda lihtsat rahvuslikku pealkirja.,Estonian Encyclopaedia,Eesti entsüklopeedia,,,The Estonian Encyclopaedia exists as a national reference work in printed volumes and later online form.,"Eesti entsüklopeedia on riiklik teatmeteos, mis ilmus trükiköidetena ja hiljem veebis.",Eesti entsüklopeedia,https://et.wikipedia.org/wiki/Eesti_entsüklopeedia,CC-BY-SA-4.0,2026-08-28,reviewed,true
built-in-estonia-clue-0250,built-in-estonia,Estonia / Eesti,built-in-estonia-set-050,board,round-one,5,medium,language-literature,Estonia in Print and Pixels,Eesti trükis ja pikslites,The National Library of Estonia uses this all-capitals name for its digital archive of publications.,Eesti Rahvusraamatukogu kasutab oma väljaannete digitaalarhiivi jaoks seda suurtähtedega nime.,DIGAR,DIGAR,,,"DIGAR is the National Library of Estonia’s digital archive for newspapers, books and other publications.","DIGAR on Eesti Rahvusraamatukogu digiarhiiv ajalehtede, raamatute ja teiste väljaannete jaoks.",DIGAR,https://www.digar.ee/arhiiv/en/,All rights reserved,2026-08-28,reviewed,true
built-in-estonia-clue-0251,built-in-estonia,Estonia / Eesti,built-in-estonia-set-051,board,round-two,1,medium,music-performing-arts,Estonia Takes the Stage,Eesti astub lavale,"Which Tallinn festival, whose name combines “jazz” with the Estonian word for “arc,” has brought international jazz acts to Estonia since 1990?","Milline Tallinna festival, mille nimi ühendab sõna „jazz“ eesti sõnaga „kaar“, on toonud rahvusvahelisi džässiesinejaid Eestisse alates 1990. aastast?",Jazzkaar,Jazzkaar,,,Jazzkaar began in 1990 and grew into Estonia’s leading international jazz festival.,Jazzkaar sai alguse 1990. aastal ning sellest kujunes Eesti juhtiv rahvusvaheline džässifestival.,Jazzkaar — Wikipedia (revision 1256332208),https://en.wikipedia.org/w/index.php?oldid=1256332208,CC-BY-SA-4.0,2026-08-28,reviewed,true
built-in-estonia-clue-0252,built-in-estonia,Estonia / Eesti,built-in-estonia-set-051,board,round-two,2,medium,music-performing-arts,Estonia Takes the Stage,Eesti astub lavale,Elina Nechayeva represented Estonia at Eurovision 2018 with which operatic song?,Millise ooperliku lauluga esindas Elina Netšajeva Eestit 2018. aasta Eurovisioonil?,La forza,La forza,,,"“La forza” means “the force” in Italian, matching the song’s operatic language and Nechayeva’s classical vocal style.","„La forza“ tähendab itaalia keeles „jõudu“, sobides laulu ooperliku keele ja Nechayeva klassikalise laulustiiliga.",La forza — Wikipedia (revision 1353545281),https://en.wikipedia.org/w/index.php?oldid=1353545281,CC-BY-SA-4.0,2026-08-28,reviewed,true
built-in-estonia-clue-0253,built-in-estonia,Estonia / Eesti,built-in-estonia-set-051,board,round-two,3,medium,music-performing-arts,Estonia Takes the Stage,Eesti astub lavale,Which Estonian repertory theatre is based in the northern town famous for its castle and aurochs statue?,"Milline Eesti repertuaariteater asub põhjapoolses linnas, mis on tuntud linnuse ja tarva kuju poolest?",Rakvere Theatre,Rakvere Teater,,,Rakvere Theatre is unusual among Estonian repertory theatres because it serves a small town while touring extensively around the country.,"Rakvere Teater on Eesti repertuaariteatrite seas erandlik, sest tegutseb väikelinnas ja annab palju külalisetendusi üle riigi.",Rakvere Theatre — Wikipedia (revision 1369078259),https://en.wikipedia.org/w/index.php?oldid=1369078259,CC-BY-SA-4.0,2026-08-28,reviewed,true
built-in-estonia-clue-0254,built-in-estonia,Estonia / Eesti,built-in-estonia-set-051,board,round-two,4,medium,music-performing-arts,Estonia Takes the Stage,Eesti astub lavale,Which summer festival founded by conductor Tõnu Kaljuste stages music and theatre on Naissaar and around Tallinn Bay?,Milline dirigent Tõnu Kaljuste asutatud suvefestival korraldab muusika- ja teatriprojekte Naissaarel ning Tallinna lahe ümbruses?,Nargenfestival,Nargenfestival,,,"Nargenfestival links performances in Tallinn with Naissaar, where Kaljuste established the Omari barn venue.","Nargenfestival ühendab Tallinna etendused Naissaarega, kuhu Kaljuste rajas Omari küüni kontserdipaiga.",Nargenfestival — Viimsi Teataja,https://viimsi.ee/sites/default/files/documents/2025-09/VT_31.08.12.pdf,all-rights-reserved,2026-08-28,reviewed,true
built-in-estonia-clue-0255,built-in-estonia,Estonia / Eesti,built-in-estonia-set-051,board,round-two,5,medium,music-performing-arts,Estonia Takes the Stage,Eesti astub lavale,Which Estonian composer and former rock musician wrote the orchestral cycle “Magma”?,Milline Eesti helilooja ja endine rokkmuusik kirjutas orkestritsükli „Magma“?,Erkki-Sven Tüür,Erkki-Sven Tüür,,,Tüür first became widely known as the leader of the progressive-rock group In Spe before concentrating on concert music.,"Tüür sai esmalt laiemalt tuntuks progerokirühma In Spe juhina, enne kui keskendus kontsertmuusikale.",Erkki-Sven Tüür — Wikipedia (revision 1356935356),https://en.wikipedia.org/w/index.php?oldid=1356935356,CC-BY-SA-4.0,2026-08-28,reviewed,true
built-in-estonia-clue-0256,built-in-estonia,Estonia / Eesti,built-in-estonia-set-052,board,round-two,1,medium,music-performing-arts,"Songs, Screens and Spotlights","Laulud, ekraanid ja rambivalgus",Which Estonian-Georgian film set during the War in Abkhazia received an Academy Award nomination for Best Foreign Language Film?,Milline Abhaasia sõja ajal toimuv Eesti-Gruusia film kandideeris parima võõrkeelse filmi Oscarile?,Tangerines,Mandariinid,,,"The story confines opposing fighters to one household, using their forced proximity to examine the human cost of war.",Lugu toob vastaspoole võitlejad ühe katuse alla ning uurib sunnitud koosolemise kaudu sõja inimlikku hinda.,Tangerines film — Wikipedia (revision 1341636965),https://en.wikipedia.org/w/index.php?oldid=1341636965,CC-BY-SA-4.0,2026-08-28,reviewed,true
built-in-estonia-clue-0257,built-in-estonia,Estonia / Eesti,built-in-estonia-set-052,board,round-two,2,medium,music-performing-arts,"Songs, Screens and Spotlights","Laulud, ekraanid ja rambivalgus",Which 2015 Estonian-language film follows a fencing teacher in Haapsalu who hides from the Soviet secret police?,"Milline 2015. aasta eestikeelne film jutustab Haapsalu vehklemisõpetajast, kes varjab end Nõukogude salapolitsei eest?",The Fencer,Vehkleja,,,The Fencer is an Estonian film inspired by coach Endel Nelis and his fencing club in Haapsalu.,"„Vehkleja“ on Eesti film, mis on inspireeritud treener Endel Nelisest ja tema Haapsalu vehklemisklubist.",The Fencer — Wikipedia (revision 1359916823),https://en.wikipedia.org/w/index.php?oldid=1359916823,CC-BY-SA-4.0,2026-08-28,reviewed,true
built-in-estonia-clue-0258,built-in-estonia,Estonia / Eesti,built-in-estonia-set-052,board,round-two,3,medium,music-performing-arts,"Songs, Screens and Spotlights","Laulud, ekraanid ja rambivalgus",Which singer won the first season of “Eesti otsib superstaari” and later represented Estonia at Eurovision 2013?,Milline laulja võitis saate „Eesti otsib superstaari“ esimese hooaja ja esindas hiljem Eestit 2013. aasta Eurovisioonil?,Birgit Õigemeel,Birgit Õigemeel,Birgit,Birgit,"The singer later performed under the name Birgit Sarrap, while continuing to be widely known simply as Birgit.","Laulja esines hiljem Birgit Sarrapi nime all, kuid jäi laiemalt tuntuks ka lihtsalt Birgitina.",Birgit Õigemeel — Wikipedia (revision 1371022227),https://en.wikipedia.org/w/index.php?oldid=1371022227,CC-BY-SA-4.0,2026-08-28,reviewed,true
built-in-estonia-clue-0259,built-in-estonia,Estonia / Eesti,built-in-estonia-set-052,board,round-two,4,medium,music-performing-arts,"Songs, Screens and Spotlights","Laulud, ekraanid ja rambivalgus",Which Estonian electronic artist born Andres Kõpper performs under a four-letter stage name written with an umlaut?,"Milline Andres Kõpperina sündinud Eesti elektroonilise muusika artist esineb neljatähelise, täpitähega lavanime all?",NOËP,NOËP,,,"NOËP is the stage name of musician and filmmaker Andres Kõpper, who blends electronic production with pop songwriting.",NOËP on muusiku ja filmitegija Andres Kõpperi artistinimi; tema looming ühendab elektroonilise produktsiooni poplauludega.,NOËP — Wikipedia (revision 1365905977),https://en.wikipedia.org/w/index.php?oldid=1365905977,CC-BY-SA-4.0,2026-08-28,reviewed,true
built-in-estonia-clue-0260,built-in-estonia,Estonia / Eesti,built-in-estonia-set-052,board,round-two,5,medium,music-performing-arts,"Songs, Screens and Spotlights","Laulud, ekraanid ja rambivalgus",Which Estonian ballet dancer and choreographer became artistic director of the Estonian National Ballet in 2001?,Milline Eesti balletitantsija ja koreograaf sai 2001. aastal Estonia Rahvusballeti kunstiliseks juhiks?,Tiit Härm,Tiit Härm,,,Tiit Härm danced internationally before leading the Estonian National Ballet and creating choreography in Tallinn.,Tiit Härm tantsis rahvusvaheliselt ning juhtis hiljem Estonia Rahvusballetti ja lõi Tallinnas koreograafiat.,Tiit Härm — Wikipedia (revision 1335603006),https://en.wikipedia.org/w/index.php?oldid=1335603006,CC-BY-SA-4.0,2026-08-28,reviewed,true
built-in-estonia-clue-0261,built-in-estonia,Estonia / Eesti,built-in-estonia-set-053,board,round-two,1,medium,art-architecture,An Estonian Art Tour,Eesti kunstituur,"Which Estonian modernist named Konrad painted vivid landscapes inspired by Norway, Italy and Saaremaa?","Milline Konradi-nimeline Eesti modernist maalis Norrast, Itaaliast ja Saaremaast inspireeritud erksaid maastikke?",Konrad Mägi,Konrad Mägi,,,Mägi studied and worked abroad before helping establish the Pallas art school in Tartu.,Mägi õppis ja töötas välismaal ning aitas hiljem Tartus Pallase kunstikooli rajada.,Konrad Mägi — Wikipedia (revision 1370851184),https://en.wikipedia.org/w/index.php?oldid=1370851184,CC-BY-SA-4.0,2026-08-28,reviewed,true
built-in-estonia-clue-0262,built-in-estonia,Estonia / Eesti,built-in-estonia-set-053,board,round-two,2,medium,art-architecture,An Estonian Art Tour,Eesti kunstituur,"Often called the first professional painter of Estonian origin, who portrayed both peasants and the imperial court?","Keda peetakse sageli esimeseks eesti päritolu kutseliseks maalikunstnikuks, kes kujutas nii talupoegi kui ka keiserlikku õukonda?",Johann Köler,Johann Köler,,,Köler trained at the Imperial Academy of Arts in Saint Petersburg and later maintained close ties with Estonia’s national awakening.,Köler õppis Peterburi Keiserlikus Kunstiakadeemias ning säilitas hiljem tihedad sidemed Eesti rahvusliku ärkamisajaga.,Johann Köler — Wikipedia (revision 1363358575),https://en.wikipedia.org/w/index.php?oldid=1363358575,CC-BY-SA-4.0,2026-08-28,reviewed,true
built-in-estonia-clue-0263,built-in-estonia,Estonia / Eesti,built-in-estonia-set-053,board,round-two,3,medium,art-architecture,An Estonian Art Tour,Eesti kunstituur,Which Estonian artist illustrated the 1935 edition of the national epic “Kalevipoeg”?,Milline Eesti kunstnik illustreeris rahvuseepose „Kalevipoeg“ 1935. aasta väljaande?,Kristjan Raud,Kristjan Raud,,,Kristjan Raud’s “Kalevipoeg” illustrations became an important part of Estonian visual culture.,Kristjan Raua „Kalevipoja“ illustratsioonidest sai Eesti visuaalkultuuri oluline osa.,Kristjan Raud — Wikipedia (revision 1370851231),https://en.wikipedia.org/w/index.php?oldid=1370851231,CC-BY-SA-4.0,2026-08-28,reviewed,true
built-in-estonia-clue-0264,built-in-estonia,Estonia / Eesti,built-in-estonia-set-053,board,round-two,4,medium,art-architecture,An Estonian Art Tour,Eesti kunstituur,The graphic sheets “Hell” and “Cabaret” are signature works by which Estonian artist?,Millise Eesti kunstniku tuntud graafilised lehed on „Põrgu“ ja „Kabaree“?,Eduard Wiiralt,Eduard Wiiralt,,,Wiiralt spent important working periods in Paris and became especially associated with engraving and etching.,Wiiralt töötas olulistel loomeperioodidel Pariisis ning sai eriti tuntuks vasegravüüri ja ofordi meistrina.,Eduard Wiiralt — Wikipedia (revision 1370851312),https://en.wikipedia.org/w/index.php?oldid=1370851312,CC-BY-SA-4.0,2026-08-28,reviewed,true
built-in-estonia-clue-0265,built-in-estonia,Estonia / Eesti,built-in-estonia-set-053,board,round-two,5,medium,art-architecture,An Estonian Art Tour,Eesti kunstituur,"Textiles, wax and the human body recur in the sculptures of which influential Estonian artist born in 1947?","Millise 1947. aastal sündinud mõjuka Eesti kunstniku skulptuurides korduvad tekstiil, vaha ja inimkeha?",Anu Põder,Anu Põder,,,"Põder’s work gained wider international attention through later retrospectives, including an exhibition at Kumu.","Põdra looming pälvis hilisemate retrospektiividega laiemat rahvusvahelist tähelepanu, sealhulgas Kumus toimunud näitusega.",Anu Põder — Wikipedia (revision 1197078674),https://en.wikipedia.org/w/index.php?oldid=1197078674,CC-BY-SA-4.0,2026-08-28,reviewed,true
built-in-estonia-clue-0266,built-in-estonia,Estonia / Eesti,built-in-estonia-set-054,board,round-two,1,medium,art-architecture,Creative Estonia,Loominguline Eesti,Tartu Art Museum’s exhibition building leans noticeably on Raekoja plats; what everyday nickname does that inspire?,Tartu Kunstimuuseumi näitusemaja kaldub Raekoja platsil märgatavalt; millise argise hüüdnime see on saanud?,The Leaning House,Viltune maja,,,"As of August 28, 2026, the former Barclay de Tolly family residence hosts the museum’s changing exhibitions.",28. augusti 2026 seisuga toimuvad endises Barclay de Tolly perekonna elamus muuseumi vahetuvad näitused.,Tartu Art Museum — Wikipedia (revision 1338272310),https://en.wikipedia.org/w/index.php?oldid=1338272310,CC-BY-SA-4.0,2026-08-28,reviewed,true
built-in-estonia-clue-0267,built-in-estonia,Estonia / Eesti,built-in-estonia-set-054,board,round-two,2,medium,art-architecture,Creative Estonia,Loominguline Eesti,"Which Tartu museum lets visitors explore Estonian childhood through dolls, teddy bears, model trains and other playthings?","Millises Tartu muuseumis saab Eesti lapsepõlve avastada nukkude, mängukarude, mudelrongide ja teiste mänguasjade kaudu?",Tartu Toy Museum,Tartu Mänguasjamuuseum,,,Tartu Toy Museum preserves toys and childhood culture in Tartu’s Old Town.,Tartu Mänguasjamuuseum talletab mänguasju ja lapsepõlvekultuuri Tartu vanalinnas.,Tartu Toy Museum — Wikipedia (revision 1363578000),https://en.wikipedia.org/w/index.php?oldid=1363578000,CC-BY-SA-4.0,2026-08-28,reviewed,true
built-in-estonia-clue-0268,built-in-estonia,Estonia / Eesti,built-in-estonia-set-054,board,round-two,3,medium,art-architecture,Creative Estonia,Loominguline Eesti,Which museum operates inside Hermann Castle on the Estonian bank of the Narva River?,Milline muuseum tegutseb Hermanni linnuses Narva jõe Eesti-poolsel kaldal?,Narva Museum,Narva Muuseum,,,Narva Museum presents the city’s history inside Hermann Castle and uses the reconstructed Northern Yard to demonstrate early-modern crafts.,Narva Muuseum tutvustab Hermanni linnuses linna ajalugu ning kasutab taastatud Põhjaõue varauusaegsete käsitööoskuste näitamiseks.,Narva Museum — Wikipedia (revision 1363332059),https://en.wikipedia.org/w/index.php?oldid=1363332059,CC-BY-SA-4.0,2026-08-28,reviewed,true
built-in-estonia-clue-0269,built-in-estonia,Estonia / Eesti,built-in-estonia-set-054,board,round-two,4,medium,art-architecture,Creative Estonia,Loominguline Eesti,"Which Kadriorg museum displays Johannes Mikkel’s collection of Western European, Russian and Chinese art?","Milline Kadrioru muuseum eksponeerib Johannes Mikkeli Lääne-Euroopa, Vene ja Hiina kunsti kogu?",The Mikkel Museum,Mikkeli muuseum,,,"Collector Johannes Mikkel donated his art collection to Estonia, and the museum opened in Kadriorg’s former palace kitchen building.",Kollektsionäär Johannes Mikkel kinkis oma kunstikogu Eestile ning muuseum avati Kadrioru endises lossiköögi hoones.,Mikkel Museum — Wikipedia (revision 1363427378),https://en.wikipedia.org/w/index.php?oldid=1363427378,CC-BY-SA-4.0,2026-08-28,reviewed,true
built-in-estonia-clue-0270,built-in-estonia,Estonia / Eesti,built-in-estonia-set-054,board,round-two,5,medium,art-architecture,Creative Estonia,Loominguline Eesti,"As of August 28, 2026, a Tallinn Old Town museum bears the hyphenated artist name of which versatile Estonian artist and designer, born Erich Carl Hugo Adamson?","28. augusti 2026 seisuga kannab Tallinna vanalinna muuseum millise mitmekülgse Eesti kunstniku ja disaineri, sünninimega Erich Carl Hugo Adamson, sidekriipsuga kunstnikunime?",Adamson-Eric,Adamson-Eric,,,"His work ranged from painting and ceramics to leatherwork, jewellery and textile design.","Tema looming ulatus maalikunstist ja keraamikast nahkehistöö, ehete ning tekstiilidisainini.",Adamson-Eric — Wikipedia (revision 1370851145),https://en.wikipedia.org/w/index.php?oldid=1370851145,CC-BY-SA-4.0,2026-08-28,reviewed,true
built-in-estonia-clue-0271,built-in-estonia,Estonia / Eesti,built-in-estonia-set-055,board,round-two,1,medium,art-architecture,"Art, Design and City Life","Kunst, disain ja linnaelu",The onion domes opposite Estonia’s parliament belong to which Russian Orthodox cathedral on Toompea?,Millisele Toompeal parlamendihoone vastas asuvale vene õigeusu katedraalile kuuluvad sibulkuplid?,Alexander Nevsky Cathedral,Aleksander Nevski katedraal,,,The cathedral was completed in 1900 to a design by Mikhail Preobrazhensky and retains a prominent iconostasis.,Katedraal valmis 1900. aastal Mihhail Preobraženski projekti järgi ning seal on säilinud silmapaistev ikonostaas.,"Alexander Nevsky Cathedral, Tallinn — Wikipedia (revision 1369592724)",https://en.wikipedia.org/w/index.php?oldid=1369592724,CC-BY-SA-4.0,2026-08-28,reviewed,true
built-in-estonia-clue-0272,built-in-estonia,Estonia / Eesti,built-in-estonia-set-055,board,round-two,2,medium,art-architecture,"Art, Design and City Life","Kunst, disain ja linnaelu",Which Tallinn church is dedicated to Norway’s King Olaf II and has a famously tall spire?,Milline Tallinna kirik on pühendatud Norra kuningale Olav II-le ja on kuulus oma kõrge torni poolest?,St Olaf’s Church,Oleviste kirik,,,The church’s spire has repeatedly been rebuilt after lightning strikes and long served as a conspicuous Tallinn navigation landmark.,Kiriku tornikiivrit on pärast pikselööke korduvalt taastatud ning see oli kaua Tallinna silmapaistev meremärk.,"St Olaf’s Church, Tallinn — Wikipedia (revision 1370630776)",https://en.wikipedia.org/w/index.php?oldid=1370630776,CC-BY-SA-4.0,2026-08-28,reviewed,true
built-in-estonia-clue-0273,built-in-estonia,Estonia / Eesti,built-in-estonia-set-055,board,round-two,3,medium,art-architecture,"Art, Design and City Life","Kunst, disain ja linnaelu","As of August 28, 2026, which notorious former prison and present-day memorial site occupies a 19th-century sea fortress in Tallinn?",Milline kurikuulus endine vangla ja praegune mälupaik asub 28. augusti 2026 seisuga Tallinna 19. sajandi merekindluses?,Patarei Prison,Patarei vangla,,,"As of August 28, 2026, its surviving cells and corridors present the crimes of both Nazi and Soviet occupations.",28. augusti 2026 seisuga tutvustatakse selle säilinud kongides ja koridorides nii natsliku kui ka nõukogude okupatsiooni kuritegusid.,Patarei Prison — Wikipedia (revision 1366812234),https://en.wikipedia.org/w/index.php?oldid=1366812234,CC-BY-SA-4.0,2026-08-28,reviewed,true
built-in-estonia-clue-0274,built-in-estonia,Estonia / Eesti,built-in-estonia-set-055,board,round-two,4,medium,art-architecture,"Art, Design and City Life","Kunst, disain ja linnaelu","As of August 28, 2026, which massive limestone industrial building beside Tallinn’s Rotermann Quarter houses the Estonian Museum of Architecture?",Millises massiivses Rotermanni kvartali paekivist tööstushoones tegutseb 28. augusti 2026 seisuga Eesti Arhitektuurimuuseum?,Rotermann Salt Storage,Rotermanni soolaladu,,,The 1908 Rotermann salt-storage building was adapted as a museum while retaining its limestone industrial character.,"1908. aasta Rotermanni soolaladu kohandati muuseumiks, säilitades hoone paekivise tööstusilme.",The history of the Rotermann Salt Storage — Estonian Museum of Architecture,https://arhitektuurimuuseum.ee/eng/the-museum/buildings-history/,all-rights-reserved,2026-08-28,reviewed,true
built-in-estonia-clue-0275,built-in-estonia,Estonia / Eesti,built-in-estonia-set-055,board,round-two,5,medium,art-architecture,"Art, Design and City Life","Kunst, disain ja linnaelu",Which Tallinn palace houses the Estonian History Museum’s exhibition about the country’s modern history?,Millises Tallinna lossis asub Eesti Ajaloomuuseumi Eesti lähiajaloo näitus?,Maarjamäe Palace,Maarjamäe loss,,,Maarjamäe was built as a summer residence for the Orlov-Davydov family before becoming part of the History Museum.,"Maarjamäe rajati Orlov-Davõdovite perekonna suveresidentsiks, enne kui sellest sai ajaloomuuseumi osa.",Maarjamäe Palace — Wikipedia (revision 1343293108),https://en.wikipedia.org/w/index.php?oldid=1343293108,CC-BY-SA-4.0,2026-08-28,reviewed,true
built-in-estonia-clue-0276,built-in-estonia,Estonia / Eesti,built-in-estonia-set-056,board,round-two,1,medium,art-architecture,Looking at Estonia,Pilk Eestile,Its Low German name means “peek into the kitchen”; what is this stout cannon tower in Tallinn called?,Selle alamsaksakeelne nimi tähendab „kiika kööki“; kuidas nimetatakse seda jämedat Tallinna suurtükitorni?,Kiek in de Kök,Kiek in de Kök,,,"As of August 28, 2026, the tower anchors a museum route that also enters Tallinn’s bastion passages and neighbouring wall towers.","28. augusti 2026 seisuga on torn muuseumitee keskpunkt, kust pääseb ka Tallinna bastionikäikudesse ja naabertornidesse.","Kiek in de Kök, Tallinn — Wikipedia (revision 1348625248)",https://en.wikipedia.org/w/index.php?oldid=1348625248,CC-BY-SA-4.0,2026-08-28,reviewed,true
built-in-estonia-clue-0277,built-in-estonia,Estonia / Eesti,built-in-estonia-set-056,board,round-two,2,medium,art-architecture,Looking at Estonia,Pilk Eestile,The Estonian flag is raised each morning above which tall tower of Toompea Castle?,Millise Toompea lossi kõrge torni kohale heisatakse igal hommikul Eesti lipp?,Pikk Hermann,Pikk Hermann,,,"The flag is raised to the national anthem at sunrise, but not earlier than seven in the morning, and lowered at sunset.","Lipp heisatakse päikesetõusul hümni saatel, kuid mitte enne kella seitset, ning langetatakse päikeseloojangul.",Pikk Hermann — Wikipedia (revision 1360493496),https://en.wikipedia.org/w/index.php?oldid=1360493496,CC-BY-SA-4.0,2026-08-28,reviewed,true
built-in-estonia-clue-0278,built-in-estonia,Estonia / Eesti,built-in-estonia-set-056,board,round-two,3,medium,art-architecture,Looking at Estonia,Pilk Eestile,"Which modern architect, born in Kuressaare, designed the Salk Institute and the Kimbell Art Museum?",Milline Kuressaares sündinud modernistlik arhitekt projekteeris Salki instituudi ja Kimbelli kunstimuuseumi?,Louis Kahn,Louis Kahn,,,Louis Kahn was born in Kuressaare and later became a major American architect.,Louis Kahn sündis Kuressaares ja temast sai hiljem mõjukas Ameerika arhitekt.,Louis Kahn — Wikipedia (revision 1367054587),https://en.wikipedia.org/w/index.php?oldid=1367054587,CC-BY-SA-4.0,2026-08-28,reviewed,true
built-in-estonia-clue-0279,built-in-estonia,Estonia / Eesti,built-in-estonia-set-056,board,round-two,4,medium,art-architecture,Looking at Estonia,Pilk Eestile,Which modern Tartu University building in Narva has a sloping roof that mirrors the Old Stock Exchange once standing there?,Millise Tartu Ülikooli Narva hoone kaldkatus peegeldab samas paigas seisnud vana börsihoonet?,University of Tartu Narva College,Tartu Ülikooli Narva kolledž,,,Narva College’s contemporary building deliberately echoes the lost Old Stock Exchange façade and roofline.,Narva kolledži nüüdishoone viitab teadlikult hävinud vana börsihoone fassaadile ja katusejoonele.,University of Tartu Narva College — Wikipedia (revision 1359781776),https://en.wikipedia.org/w/index.php?oldid=1359781776,CC-BY-SA-4.0,2026-08-28,reviewed,true
built-in-estonia-clue-0280,built-in-estonia,Estonia / Eesti,built-in-estonia-set-056,board,round-two,5,medium,art-architecture,Looking at Estonia,Pilk Eestile,Which landmark Tallinn cinema opened in 1955 in a Stalinist-classicist building on Vana-Posti Street?,Milline Tallinna tuntud kino avati 1955. aastal Vana-Posti tänava stalinistlikus klassitsistlikus hoones?,Sõprus Cinema,Kino Sõprus,,,"Sõprus was designed as a ceremonial Soviet-era cinema, and its preserved interior remains one of Tallinn’s notable 1950s public spaces.",Sõprus kavandati esindusliku nõukogudeaegse kinona ning selle säilinud interjöör on üks Tallinna tähelepanuväärsemaid 1950. aastate avalikke ruume.,About Cinema Sõprus,https://kinosoprus.ee/en/about-us,all-rights-reserved,2026-08-28,reviewed,true
built-in-estonia-clue-0281,built-in-estonia,Estonia / Eesti,built-in-estonia-set-057,board,round-two,1,medium,art-architecture,Made and Displayed in Estonia,Eestis loodud ja näidatud,"Known by the abbreviation EKA, which Tallinn university teaches art, design, architecture and conservation?","Milline Tallinna ülikool, mida tuntakse lühendi EKA järgi, õpetab kunsti, disaini, arhitektuuri ja muinsuskaitset?",The Estonian Academy of Arts,Eesti Kunstiakadeemia,EKA,EKA,"Founded in 1914, the academy moved into a purpose-built central Tallinn campus that opened in 2018.","1914. aastal asutatud akadeemia kolis Tallinna kesklinna spetsiaalselt rajatud õppehoonesse, mis avati 2018. aastal.",Estonian Academy of Arts — Wikipedia (revision 1359703861),https://en.wikipedia.org/w/index.php?oldid=1359703861,CC-BY-SA-4.0,2026-08-28,reviewed,true
built-in-estonia-clue-0282,built-in-estonia,Estonia / Eesti,built-in-estonia-set-057,board,round-two,2,medium,art-architecture,Made and Displayed in Estonia,Eestis loodud ja näidatud,The Estonian Museum of Architecture occupies a former salt store in which Tallinn quarter named for an industrialist?,Millises töösturi järgi nimetatud Tallinna kvartalis asub Eesti Arhitektuurimuuseum endises soolalaos?,Rotermann Quarter,Rotermanni kvartal,,,"The quarter’s 1908 limestone salt store was adapted as a museum rather than demolished, preserving its industrial structure.","Kvartali 1908. aasta paekivist soolaladu kohandati lammutamise asemel muuseumiks, säilitades selle tööstusliku tarindi.",Building's history — Estonian Museum of Architecture,https://arhitektuurimuuseum.ee/eng/the-museum/buildings-history/,all-rights-reserved,2026-08-28,reviewed,true
built-in-estonia-clue-0283,built-in-estonia,Estonia / Eesti,built-in-estonia-set-057,board,round-two,3,medium,art-architecture,Made and Displayed in Estonia,Eestis loodud ja näidatud,"As of August 28, 2026, which square medieval tower in Tallinn’s Danish King’s Garden contains a museum-café?",Millises Tallinna Taani Kuninga aias asuvas neljakandilises keskaegses tornis tegutseb 28. augusti 2026 seisuga muuseumkohvik?,Maiden’s Tower,Neitsitorn,,,"Maiden’s Tower forms part of Tallinn’s surviving city wall and, as of August 28, 2026, connects with the Kiek in de Kök museum complex.",Neitsitorn kuulub Tallinna säilinud linnamüüri ning on 28. augusti 2026 seisuga ühendatud Kiek in de Köki muuseumikompleksiga.,Maiden Tower — Wikipedia (revision 1308949831),https://en.wikipedia.org/w/index.php?oldid=1308949831,CC-BY-SA-4.0,2026-08-28,reviewed,true
built-in-estonia-clue-0284,built-in-estonia,Estonia / Eesti,built-in-estonia-set-057,board,round-two,4,medium,art-architecture,Made and Displayed in Estonia,Eestis loodud ja näidatud,Which medieval Tallinn guild building on Pikk Street houses an Estonian History Museum branch?,Millises Pika tänava keskaegses Tallinna gildihoones asub Eesti Ajaloomuuseumi filiaal?,The Great Guild Hall,Suurgildi hoone,,,Tallinn’s wealthy medieval merchants used the Great Guild Hall for business and social gatherings before it became a museum.,"Tallinna jõukad keskaegsed kaupmehed kasutasid Suurgildi hoonet äri- ja seltskondlikeks koosviibimisteks, enne kui sellest sai muuseum.","Great Guild, Tallinn — Wikipedia (revision 1344461241)",https://en.wikipedia.org/w/index.php?oldid=1344461241,CC-BY-SA-4.0,2026-08-28,reviewed,true
built-in-estonia-clue-0285,built-in-estonia,Estonia / Eesti,built-in-estonia-set-057,board,round-two,5,medium,art-architecture,Made and Displayed in Estonia,Eestis loodud ja näidatud,"As of August 28, 2026, which former Soviet-era art-production complex on Pärnu maantee houses studios and galleries under a three-letter name?",Milline endine nõukogudeaegne kunstitootmise kompleks Pärnu maanteel majutab 28. augusti 2026 seisuga ateljeesid ja galeriisid kolmetähelise nime all?,ARS Art Factory,ARS Kunstilinnak,,,"The complex grew from the Soviet-era ARS production combine, where artists and craftspeople made commissioned works and applied art.","Kompleks kasvas välja nõukogudeaegsest tootmiskoondisest ARS, kus kunstnikud ja käsitöölised valmistasid tellimustöid ning tarbekunsti.",Estonian Artists’ Association — Wikipedia (revision 1313171726),https://en.wikipedia.org/w/index.php?oldid=1313171726,CC-BY-SA-4.0,2026-08-28,reviewed,true
built-in-estonia-clue-0286,built-in-estonia,Estonia / Eesti,built-in-estonia-set-058,board,round-two,1,medium,art-architecture,Culture in Colour and Stone,Kultuur värvis ja kivis,"A surviving fragment of Bernt Notke’s “Dance of Death” is displayed in which former Tallinn church, now a museum?","Millises endises Tallinna kirikus, mis tegutseb nüüd muuseumina, on väljas Bernt Notke „Surmatantsu“ säilinud osa?",St Nicholas’ Church,Niguliste kirik,Niguliste,Niguliste,Niguliste was badly damaged in the 1944 bombing of Tallinn and was later restored as a museum and concert space.,Niguliste sai 1944. aasta Tallinna pommitamises raskelt kannatada ning taastati hiljem muuseumi ja kontserdipaigana.,"St Nicholas’ Church, Tallinn — Wikipedia (revision 1354900122)",https://en.wikipedia.org/w/index.php?oldid=1354900122,CC-BY-SA-4.0,2026-08-28,reviewed,true
built-in-estonia-clue-0287,built-in-estonia,Estonia / Eesti,built-in-estonia-set-058,board,round-two,2,medium,art-architecture,Culture in Colour and Stone,Kultuur värvis ja kivis,Which Lutheran cathedral on Toompea preserves medieval tomb slabs and the coats of arms of Baltic German nobles?,Millises Toompea luterlikus katedraalis on säilinud keskaegsed hauaplaadid ja baltisaksa aadlike vapid?,St Mary’s Cathedral,Tallinna toomkirik,Dome Church,Toomkirik,St Mary’s Cathedral began as a medieval church; its interior heraldry records centuries of Baltic German noble families.,Tallinna toomkirik sai alguse keskajal ning selle sisevapid talletavad sajanditepikkust baltisaksa aadlisuguvõsade ajalugu.,"St Mary’s Cathedral, Tallinn — Wikipedia (revision 1363859783)",https://en.wikipedia.org/w/index.php?oldid=1363859783,CC-BY-SA-4.0,2026-08-28,reviewed,true
built-in-estonia-clue-0288,built-in-estonia,Estonia / Eesti,built-in-estonia-set-058,board,round-two,3,medium,art-architecture,Culture in Colour and Stone,Kultuur värvis ja kivis,"Which Saaremaa church, begun in the 13th century, is generally regarded as Estonia’s oldest surviving stone church?",Millist Saaremaa 13. sajandil rajatud kirikut peetakse üldiselt Eesti vanimaks säilinud kivikirikuks?,Valjala Church,Valjala kirik,,,Valjala’s fabric preserves the transition from Romanesque to Gothic building traditions after the conquest of Saaremaa.,Valjala kiriku ehituses on säilinud Saaremaa vallutamise järgse romaani ja gooti ehitustraditsiooni üleminek.,Valjala Church — Wikipedia (revision 1363875593),https://en.wikipedia.org/w/index.php?oldid=1363875593,CC-BY-SA-4.0,2026-08-28,reviewed,true
built-in-estonia-clue-0289,built-in-estonia,Estonia / Eesti,built-in-estonia-set-058,board,round-two,4,medium,art-architecture,Culture in Colour and Stone,Kultuur värvis ja kivis,"Which house of worship opened in 2007 beside Tallinn’s Jewish Community Centre, the first purpose-built one in the city since World War II?",Milline pühakoda avati 2007. aastal Tallinna Juudi Kogukonna Keskuse kõrval esimese pärast Teist maailmasõda linna ehitatud omataolisena?,Tallinn Synagogue,Tallinna sünagoog,Beit Bella Synagogue,Beit Bella sünagoog,The complex returned a purpose-built synagogue to Tallinn after the pre-war building on Maakri Street was destroyed in 1944.,"Kompleks tõi Tallinnasse taas spetsiaalselt ehitatud sünagoogi pärast seda, kui sõjaeelne Maakri tänava hoone 1944. aastal hävis.",Tallinn Synagogue — Wikipedia (revision 1366894741),https://en.wikipedia.org/w/index.php?oldid=1366894741,CC-BY-SA-4.0,2026-08-28,reviewed,true
built-in-estonia-clue-0290,built-in-estonia,Estonia / Eesti,built-in-estonia-set-058,board,round-two,5,medium,art-architecture,Culture in Colour and Stone,Kultuur värvis ja kivis,Which Tallinn church completed in 2000 is home to Estonia’s largest Methodist congregation?,Milline 2000. aastal valminud Tallinna kirik on Eesti suurima metodisti koguduse kodu?,Tallinn Methodist Church,Tallinna metodisti kirik,,,"The church complex also accommodates the Baltic Methodist Theological Seminary, giving it a role beyond congregational worship.","Kirikukompleksis tegutseb ka Balti Metodisti Teoloogiline Seminar, mistõttu on hoonel lisaks kogudusetööle hariduslik roll.",Tallinn Methodist Church — Estonian Centre for Architecture,https://estonianarchitecture.com/project/methodist-church/,all-rights-reserved,2026-08-28,reviewed,true
built-in-estonia-clue-0291,built-in-estonia,Estonia / Eesti,built-in-estonia-set-059,board,round-two,1,medium,art-architecture,"Studios, Streets and Stories","Ateljeed, tänavad ja lood",A bent steel path near Tallinn harbour remembers the 1994 sinking of which ferry?,Millise parvlaeva 1994. aasta hukku mälestab Tallinna sadama lähedal katkestatud terastee kujuline monument?,MS Estonia,Parvlaev Estonia,,,Sculptors Villu Jaanisoo and Jorma Mukala shaped the memorial as an interrupted line leading toward the sea.,"Skulptorid Villu Jaanisoo ja Jorma Mukala kujundasid mälestusmärgi katkenud joonena, mis suundub mere poole.",MS Estonia — Wikipedia (revision 1352767574),https://en.wikipedia.org/w/index.php?oldid=1352767574,CC-BY-SA-4.0,2026-08-28,reviewed,true
built-in-estonia-clue-0292,built-in-estonia,Estonia / Eesti,built-in-estonia-set-059,board,round-two,2,medium,art-architecture,"Studios, Streets and Stories","Ateljeed, tänavad ja lood",Ülo Õun’s Tartu sculpture shows a nude adult man walking hand in hand with a much smaller boy. What family relationship gives the work its title?,Ülo Õuna Tartu skulptuur kujutab alasti täiskasvanud meest käest kinni kõndimas palju väiksema poisiga. Milline peresuhe annab teosele pealkirja?,Father and Son,Isa ja poeg,,,Ülo Õun’s 1977 sculpture “Father and Son” was installed in central Tartu in 2004.,Ülo Õuna 1977. aasta skulptuur „Isa ja poeg“ paigaldati Tartu kesklinna 2004. aastal.,Father and Son sculpture — Wikipedia (revision 1361319463),https://en.wikipedia.org/w/index.php?oldid=1361319463,CC-BY-SA-4.0,2026-08-28,reviewed,true
built-in-estonia-clue-0293,built-in-estonia,Estonia / Eesti,built-in-estonia-set-059,board,round-two,3,medium,art-architecture,"Studios, Streets and Stories","Ateljeed, tänavad ja lood",A Tartu bench sculpture imagines a meeting between Oscar Wilde and which Estonian writer with a rhyming surname?,Tartu pingiskulptuur kujutab Oscar Wilde’i kohtumist millise riimuva perekonnanimega Eesti kirjanikuga?,Eduard Vilde,Eduard Vilde,,,"The sculpture was created for Tartu and later inspired a counterpart in Galway, linking the two literary cities.","Tartu jaoks loodud skulptuur inspireeris hiljem teisikut Galways, sidudes kaks kirjanduslinna.",Sculpture of Oscar Wilde and Eduard Vilde,https://visitestonia.com/en/sculpture-of-oscar-wilde-and-eduard-vilde,all-rights-reserved,2026-08-28,reviewed,true
built-in-estonia-clue-0294,built-in-estonia,Estonia / Eesti,built-in-estonia-set-059,board,round-two,4,medium,art-architecture,"Studios, Streets and Stories","Ateljeed, tänavad ja lood",Which Estonian statesman who led the delegation that negotiated the Treaty of Tartu is honoured by a monument in Tallinn’s Kadriorg district?,Millist Tartu rahu läbirääkinud Eesti delegatsiooni juhtinud riigimeest austab monument Tallinna Kadriorus?,Jaan Poska,Jaan Poska,,,"Before the peace negotiations, Poska had served as Tallinn’s first ethnic Estonian mayor and as foreign minister.",Enne rahuläbirääkimisi oli Poska olnud Tallinna esimene eestlasest linnapea ja välisminister.,Jaan Poska — Wikipedia (revision 1363360076),https://en.wikipedia.org/w/index.php?oldid=1363360076,CC-BY-SA-4.0,2026-08-28,reviewed,true
built-in-estonia-clue-0295,built-in-estonia,Estonia / Eesti,built-in-estonia-set-059,board,round-two,5,medium,art-architecture,"Studios, Streets and Stories","Ateljeed, tänavad ja lood",Which Russian Empire field marshal stands in bronze in a Tartu square that bears his name?,Milline Vene keisririigi feldmarssal seisab pronkskujuna tema nime kandval Tartu platsil?,Michael Andreas Barclay de Tolly,Michael Andreas Barclay de Tolly,Barclay de Tolly,Barclay de Tolly,"Barclay de Tolly, born in the Baltic region, is commemorated by a prominent monument in central Tartu.",Baltikumis sündinud Barclay de Tollyt meenutab Tartu kesklinnas silmapaistev monument.,Barclay de Tolly Monument — Wikipedia (revision 1256302101),https://en.wikipedia.org/w/index.php?oldid=1256302101,CC-BY-SA-4.0,2026-08-28,reviewed,true
built-in-estonia-clue-0296,built-in-estonia,Estonia / Eesti,built-in-estonia-set-060,board,round-two,1,medium,art-architecture,Architectural Estonia,Eesti arhitektuur,Which neoclassical seaside building recalls Pärnu’s long history as a spa town?,Milline neoklassitsistlik mereäärne hoone meenutab Pärnu pikka ajalugu kuurortlinnana?,Pärnu Mud Baths,Pärnu mudaravila,,,The present building replaced an earlier bathing house destroyed by fire and later gained a semicircular wing.,Praegune hoone asendas tulekahjus hävinud varasemat supelasutust ning sellele lisati hiljem poolringikujuline tiib.,Pärnu Mud Baths — Wikipedia (revision 1300016040),https://en.wikipedia.org/w/index.php?oldid=1300016040,CC-BY-SA-4.0,2026-08-28,reviewed,true
built-in-estonia-clue-0297,built-in-estonia,Estonia / Eesti,built-in-estonia-set-060,board,round-two,2,medium,art-architecture,Architectural Estonia,Eesti arhitektuur,Which baroque civic building anchors Narva’s Town Hall Square?,Milline barokne linnavalitsuse hoone on Narva Raekoja platsi keskne maamärk?,Narva Town Hall,Narva raekoda,,,Narva Town Hall is a rare surviving baroque landmark from the city’s pre-war centre.,Narva raekoda on haruldane säilinud barokne maamärk linna sõjaeelsest keskusest.,Narva Town Hall — Wikipedia (revision 1344837108),https://en.wikipedia.org/w/index.php?oldid=1344837108,CC-BY-SA-4.0,2026-08-28,reviewed,true
built-in-estonia-clue-0298,built-in-estonia,Estonia / Eesti,built-in-estonia-set-060,board,round-two,3,medium,art-architecture,Architectural Estonia,Eesti arhitektuur,Which white neo-Gothic manor near Lake Peipus was modelled on Balmoral Castle in Scotland?,Milline Peipsi järve lähedal asuv valge neogooti mõisahoone kavandati Šotimaa Balmorali lossi eeskujul?,Alatskivi Castle,Alatskivi loss,,,"Alatskivi Castle was rebuilt in the 19th century with Balmoral-inspired towers and, as of August 28, 2026, serves as a cultural venue.",Alatskivi loss ehitati 19. sajandil ümber Balmoralist inspireeritud tornidega ning tegutseb 28. augusti 2026 seisuga kultuuripaigana.,Alatskivi Castle — Wikipedia (revision 1358424205),https://en.wikipedia.org/w/index.php?oldid=1358424205,CC-BY-SA-4.0,2026-08-28,reviewed,true
built-in-estonia-clue-0299,built-in-estonia,Estonia / Eesti,built-in-estonia-set-060,board,round-two,4,medium,art-architecture,Architectural Estonia,Eesti arhitektuur,Which medieval Tartu church is famous for hundreds of terracotta figures decorating its interior and exterior?,Milline keskaegne Tartu kirik on kuulus sadade sise- ja väliskülge kaunistavate terrakotafiguuride poolest?,"St John’s Church, Tartu",Tartu Jaani kirik,,,"The surviving medieval terracotta figures are individually modelled, making the church’s sculptural ensemble exceptional in Europe.","Säilinud keskaegsed terrakotafiguurid on modelleeritud ükshaaval, mistõttu on kiriku skulptuuriansambel Euroopas erakordne.","St John’s Church, Tartu — Wikipedia (revision 1354900070)",https://en.wikipedia.org/w/index.php?oldid=1354900070,CC-BY-SA-4.0,2026-08-28,reviewed,true
built-in-estonia-clue-0300,built-in-estonia,Estonia / Eesti,built-in-estonia-set-060,board,round-two,5,medium,art-architecture,Architectural Estonia,Eesti arhitektuur,Which cultural venue in a former Tallinn power station hosted events during Estonia’s 2017 EU presidency?,Milline endises Tallinna elektrijaamas tegutsev kultuurikeskus võõrustas üritusi Eesti 2017. aasta ELi eesistumise ajal?,Tallinn Creative Hub,Kultuurikatel,Kultuurikatel,Tallinna Kultuurikatel,Its preserved boiler hall and tall chimney keep the industrial scale visible inside the adapted public complex.,Säilinud katelde saal ja kõrge korsten hoiavad kohandatud avalikus kompleksis nähtavana tööstusliku mõõtkava.,Tallinn Creative Hub — Wikipedia (revision 1368029006),https://en.wikipedia.org/w/index.php?oldid=1368029006,CC-BY-SA-4.0,2026-08-28,reviewed,true
built-in-estonia-clue-0301,built-in-estonia,Estonia / Eesti,built-in-estonia-set-061,board,round-two,1,medium,science-technology,Digital Daily Life,Digitaalne argipäev,Which paperless service lets an Estonian pharmacist retrieve a doctor’s order using the patient’s identity document?,Milline paberivaba teenus võimaldab Eesti apteekril patsiendi isikut tõendava dokumendi abil arsti korralduse leida?,A digital prescription,Digiretsept,E-prescription,Digiretsept,"A patient can collect prescribed medicine with an identity document, so a paper form does not have to travel between doctor and pharmacy.","Patsient saab retseptiravimi kätte isikut tõendava dokumendiga, mistõttu paberretsept ei pea liikuma arsti ja apteegi vahel.",e-Prescription — e-Estonia,https://e-estonia.com/service/e-health/e-prescription/,all-rights-reserved,2026-08-28,reviewed,true
built-in-estonia-clue-0302,built-in-estonia,Estonia / Eesti,built-in-estonia-set-061,board,round-two,2,medium,science-technology,Digital Daily Life,Digitaalne argipäev,Which app-based identity tool lets many Estonians authenticate and sign without inserting a physical card?,Milline rakenduspõhine isikutuvastusvahend võimaldab paljudel eestlastel end tuvastada ja allkirjastada ilma füüsilist kaarti sisestamata?,Smart-ID,Smart-ID,,,Smart-ID stores no private signing key on the phone alone; the cryptographic shares are divided between the user’s device and the service.,"Smart-ID privaatne allkirjavõti ei asu ainult telefonis, vaid krüptograafilised osad on jagatud kasutaja seadme ja teenuse vahel.",Smart-ID — Wikipedia (revision 1371398407),https://en.wikipedia.org/w/index.php?oldid=1371398407,CC-BY-SA-4.0,2026-08-28,reviewed,true
built-in-estonia-clue-0303,built-in-estonia,Estonia / Eesti,built-in-estonia-set-061,board,round-two,3,medium,science-technology,Digital Daily Life,Digitaalne argipäev,"Which Estonia-developed online school platform lets families view grades, homework and messages?","Milline Eestis arendatud kooliplatvorm võimaldab peredel näha hindeid, kodutöid ja teateid?",eKool,eKool,,,"The service connects teachers, pupils and parents around timetables, assignments, grades and absence records.","Teenus ühendab õpetajaid, õpilasi ja vanemaid tunniplaani, ülesannete, hinnete ning puudumisteabe kaudu.",eKool — Wikipedia (revision 1368710912),https://en.wikipedia.org/w/index.php?oldid=1368710912,CC-BY-SA-4.0,2026-08-28,reviewed,true
built-in-estonia-clue-0304,built-in-estonia,Estonia / Eesti,built-in-estonia-set-061,board,round-two,4,medium,science-technology,Digital Daily Life,Digitaalne argipäev,Which nationwide portal lets Estonian patients see their medical records and prescriptions online?,Milline üleriigiline portaal võimaldab Eesti patsientidel veebis oma terviseandmeid ja retsepte näha?,The Patient Portal,Terviseportaal,Health Portal,Terviseportaal,"The portal brings together records from multiple healthcare providers and lets patients see referrals, test results and prescriptions.","Portaal koondab eri tervishoiuteenuse osutajate andmeid ning võimaldab vaadata saatekirju, analüüsitulemusi ja retsepte.",Healthcare in Estonia — Wikipedia (revision 1346520390),https://en.wikipedia.org/w/index.php?oldid=1346520390,CC-BY-SA-4.0,2026-08-28,reviewed,true
built-in-estonia-clue-0305,built-in-estonia,Estonia / Eesti,built-in-estonia-set-061,board,round-two,5,medium,science-technology,Digital Daily Life,Digitaalne argipäev,Which Tallinn centre demonstrates the country’s digital public services to international visitors?,Milline Tallinna keskus tutvustab väliskülalistele Eesti digitaalseid avalikke teenuseid?,The e-Estonia Briefing Centre,e-Eesti esitluskeskus,,,The centre hosts visiting delegations and demonstrates how Estonia’s interoperable public systems exchange data.,"Keskus võõrustab välisdelegatsioone ning näitab, kuidas Eesti koosvõimelised avalikud süsteemid andmeid vahetavad.",e-Estonia — Wikipedia (revision 1360651496),https://en.wikipedia.org/w/index.php?oldid=1360651496,CC-BY-SA-4.0,2026-08-28,reviewed,true
built-in-estonia-clue-0306,built-in-estonia,Estonia / Eesti,built-in-estonia-set-062,board,round-two,1,medium,science-technology,Cyber Estonia,Küber-Eesti,Which Tallinn-founded company uses artificial intelligence to verify people’s identity documents online?,Milline Tallinnas asutatud ettevõte kasutab tehisintellekti inimeste isikut tõendavate dokumentide veebipõhiseks kontrollimiseks?,Veriff,Veriff,,,The service compares a document with a live face check and evaluates technical signals intended to expose identity fraud.,"Teenus võrdleb dokumenti reaalajas näokontrolliga ning hindab tehnilisi tunnuseid, mis aitavad avastada identiteedipettust.",Veriff — Wikipedia (revision 1359993616),https://en.wikipedia.org/w/index.php?oldid=1359993616,CC-BY-SA-4.0,2026-08-28,reviewed,true
built-in-estonia-clue-0307,built-in-estonia,Estonia / Eesti,built-in-estonia-set-062,board,round-two,2,medium,science-technology,Cyber Estonia,Küber-Eesti,Which Estonian response team handles national-level computer-security incidents?,Milline Eesti reageerimismeeskond tegeleb riikliku tasandi arvutiturbeintsidentidega?,CERT-EE,CERT-EE,,,CERT-EE operates within the Information System Authority and coordinates reporting and response when cyber incidents affect Estonian networks.,CERT-EE tegutseb Riigi Infosüsteemi Ametis ning koordineerib Eesti võrke mõjutavate küberintsidentide teavitamist ja lahendamist.,CERT-EE RFC 2350,https://ria.ee/en/cyber-security/handling-cyber-incidents-cert-ee/rfc-2350-description-cert-ee,all-rights-reserved,2026-08-28,reviewed,true
built-in-estonia-clue-0308,built-in-estonia,Estonia / Eesti,built-in-estonia-set-062,board,round-two,3,medium,science-technology,Cyber Estonia,Küber-Eesti,Which NATO cyber-defence research centre has its headquarters in Tallinn?,Milline NATO küberkaitse uurimiskeskus asub Tallinnas?,The NATO Cooperative Cyber Defence Centre of Excellence,NATO küberkaitsekoostöö keskus,CCDCOE,CCDCOE,"The organisation hosts Locked Shields, an annual exercise in which teams defend simulated national systems under attack.","Organisatsioon korraldab iga-aastast õppust Locked Shields, kus meeskonnad kaitsevad ründe all olevaid simuleeritud riiklikke süsteeme.",NATO Cooperative Cyber Defence Centre of Excellence — Wikipedia (revision 1364983332),https://en.wikipedia.org/w/index.php?oldid=1364983332,CC-BY-SA-4.0,2026-08-28,reviewed,true
built-in-estonia-clue-0309,built-in-estonia,Estonia / Eesti,built-in-estonia-set-062,board,round-two,4,medium,science-technology,Cyber Estonia,Küber-Eesti,Which eesti.ee tool lets an authenticated user see which public agencies have queried their personal data?,"Milline eesti.ee tööriist võimaldab autenditud kasutajal näha, millised riigiasutused on tema isikuandmeid pärinud?",The Data Tracker,Andmejälgija,,,"Introduced in 2017, the Data Tracker shows the agency, database and reason associated with supported personal-data queries.","2017. aastal kasutusele võetud Andmejälgija näitab toetatud isikuandmepäringute juures asutust, andmekogu ja päringu põhjust.",Data tracker — tool that builds trust in institutions — e-Estonia,https://e-estonia.com/data-tracker-build-citizen-trust/,all-rights-reserved,2026-08-28,reviewed,true
built-in-estonia-clue-0310,built-in-estonia,Estonia / Eesti,built-in-estonia-set-062,board,round-two,5,medium,science-technology,Cyber Estonia,Küber-Eesti,Which Tallinn-founded company develops blockchain-style data-integrity systems known as KSI?,Milline Tallinnas asutatud ettevõte arendab KSI nime all tuntud plokiahelalaadseid andmetervikluse süsteeme?,Guardtime,Guardtime,,,KSI links data fingerprints into a time-ordered structure so later alteration can be detected without storing the underlying records in the system.,"KSI seob andmete sõrmejäljed ajalisse struktuuri, mis võimaldab hilisema muutmise avastada ilma algandmeid süsteemi talletamata.",Guardtime turned trust into digital truth — e-Estonia,https://e-estonia.com/guardtime-turned-trust-into-digital-truth/,all-rights-reserved,2026-08-28,reviewed,true
built-in-estonia-clue-0311,built-in-estonia,Estonia / Eesti,built-in-estonia-set-063,board,round-two,1,medium,science-technology,Robots Made in Estonia,Eestis loodud robotid,"Which University of Tartu open-source robot platform joins “robot” with the Estonian word tont, meaning “ghost”?",Millise Tartu Ülikooli avatud lähtekoodiga robotplatvormi nimi ühendab sõna „robot“ eestikeelse sõnaga „tont“?,Robotont,Robotont,,,Robotont is an open mobile-robot platform developed for education and research at the University of Tartu.,Robotont on Tartu Ülikoolis õppe- ja teadustööks arendatud avatud mobiilroboti platvorm.,Robotont — open robot platform for education and research,https://robotont.ut.ee/en/,all-rights-reserved,2026-08-28,reviewed,true
built-in-estonia-clue-0312,built-in-estonia,Estonia / Eesti,built-in-estonia-set-063,board,round-two,2,medium,science-technology,Robots Made in Estonia,Eestis loodud robotid,Which Tallinn-born festival lets teams build and compete with robots?,Milline Tallinnas alguse saanud festival laseb võistkondadel roboteid ehitada ja nendega võistelda?,Robotex,Robotex,,,The event began at Tallinn University of Technology and later expanded into an international robotics programme.,Üritus sai alguse Tallinna Tehnikaülikoolis ning kasvas hiljem rahvusvaheliseks robootikaprogrammiks.,Robotex organisation and history,https://robotex.international/robotex-organization/,all-rights-reserved,2026-08-28,reviewed,true
built-in-estonia-clue-0313,built-in-estonia,Estonia / Eesti,built-in-estonia-set-063,board,round-two,3,medium,science-technology,Robots Made in Estonia,Eestis loodud robotid,Which Viljandi-founded company builds parcel terminals and robotic pickup systems for retailers?,Milline Viljandis asutatud ettevõte valmistab jaemüüjatele pakiautomaate ja robotiseeritud väljastussüsteeme?,Cleveron,Cleveron,,,Cleveron grew from parcel-delivery innovation in Viljandi and has supplied automated pickup equipment to retailers abroad.,Cleveron kasvas välja Viljandi pakiveoinnovatsioonist ning on tarninud automatiseeritud väljastusseadmeid välisriikide jaemüüjatele.,Cleveron — Wikipedia (revision 1240275172),https://en.wikipedia.org/w/index.php?oldid=1240275172,CC-BY-SA-4.0,2026-08-28,reviewed,true
built-in-estonia-clue-0314,built-in-estonia,Estonia / Eesti,built-in-estonia-set-063,board,round-two,4,medium,science-technology,Robots Made in Estonia,Eestis loodud robotid,Which Estonian company develops unmanned ground vehicles such as the tracked THeMIS?,"Milline Eesti ettevõte arendab mehitamata maismaasõidukeid, näiteks roomikutega THeMIS-t?",Milrem Robotics,Milrem Robotics,,,"THeMIS is a modular tracked platform whose payload can be changed for transport, observation or defence tasks.","THeMIS on modulaarne roomikplatvorm, mille pealisehitust saab vahetada transpordi-, vaatlus- või kaitseülesannete jaoks.",Milrem Robotics — Wikipedia (revision 1359594375),https://en.wikipedia.org/w/index.php?oldid=1359594375,CC-BY-SA-4.0,2026-08-28,reviewed,true
built-in-estonia-clue-0315,built-in-estonia,Estonia / Eesti,built-in-estonia-set-063,board,round-two,5,medium,science-technology,Robots Made in Estonia,Eestis loodud robotid,Which Viljandi company spun out of Cleveron to build compact self-driving delivery carriers?,"Milline Viljandi ettevõte eraldus Cleveronist, et ehitada väikseid isejuhtivaid kaubaveokeid?",Clevon,Clevon,,,The carrier is designed for low-speed last-mile delivery and can be supervised remotely when traffic requires assistance.,Sõiduk on mõeldud väikese kiirusega viimase miili veoks ning liikluses saab seda vajaduse korral kaugelt jälgida ja abistada.,Clevon company description,https://clevon.com/wp-content/uploads/2022/06/Company-description-translation-ENG-.pdf,all-rights-reserved,2026-08-28,reviewed,true
built-in-estonia-clue-0316,built-in-estonia,Estonia / Eesti,built-in-estonia-set-064,board,round-two,1,medium,science-technology,Powering Estonia,Eesti energiaallikad,Which natural-gas fuel was Tallink’s ferry Megastar designed to use?,Millist maagaasil põhinevat kütust projekteeriti Tallinki parvlaev Megastar kasutama?,Liquefied natural gas,Veeldatud maagaas,LNG,LNG,"Cooling natural gas into liquid greatly reduces its volume, making it practical to store aboard a ship.",Maagaasi jahutamine vedelaks vähendab tugevalt selle ruumala ning muudab kütuse laeval hoidmise praktiliseks.,MS Megastar — Wikipedia (revision 1363320417),https://en.wikipedia.org/w/index.php?oldid=1363320417,CC-BY-SA-4.0,2026-08-28,reviewed,true
built-in-estonia-clue-0317,built-in-estonia,Estonia / Eesti,built-in-estonia-set-064,board,round-two,2,medium,science-technology,Powering Estonia,Eesti energiaallikad,What is the name of the submarine electricity-interconnector system linking Estonia and Finland?,Mis nime kannab Eesti ja Soome vaheline merealune elektriühenduste süsteem?,Estlink,Estlink,,,"Estlink consists of two undersea cables, allowing electricity to move between the Estonian and Nordic power markets.","Estlink koosneb kahest merekaablist, mis võimaldavad elektril liikuda Eesti ja Põhjamaade elektriturgude vahel.",Estlink — Wikipedia (revision 1349889828),https://en.wikipedia.org/w/index.php?oldid=1349889828,CC-BY-SA-4.0,2026-08-28,reviewed,true
built-in-estonia-clue-0318,built-in-estonia,Estonia / Eesti,built-in-estonia-set-064,board,round-two,3,medium,science-technology,Powering Estonia,Eesti energiaallikad,What is the name of the wind farm whose turbines stand on the Pakri Peninsula near Paldiski?,Mis nime kannab Paldiski lähedal Pakri poolsaarel paiknev tuulepark?,Pakri Wind Farm,Pakri tuulepark,,,The exposed peninsula gives turbines access to strong coastal winds close to Paldiski’s industrial infrastructure.,Avatud poolsaar võimaldab turbiinidel kasutada tugevaid rannikutuuli Paldiski tööstustaristu lähedal.,Wind power in Estonia — Wikipedia (revision 1346636343),https://en.wikipedia.org/w/index.php?oldid=1346636343,CC-BY-SA-4.0,2026-08-28,reviewed,true
built-in-estonia-clue-0319,built-in-estonia,Estonia / Eesti,built-in-estonia-set-064,board,round-two,4,medium,science-technology,Powering Estonia,Eesti energiaallikad,What collective name is used for the Eesti and Balti power stations near Estonia’s eastern border?,Millise koondnimega nimetatakse Eesti idapiiri lähedal asuvaid Eesti ja Balti elektrijaamu?,Narva Power Plants,Narva elektrijaamad,,,The Eesti and Balti stations were built around local oil-shale generation and shaped the industrial landscape near Narva.,Eesti ja Balti elektrijaamad rajati kohaliku põlevkivienergeetika ümber ning need kujundasid Narva ümbruse tööstusmaastikku.,Narva Power Plants — Wikipedia (revision 1346917928),https://en.wikipedia.org/w/index.php?oldid=1346917928,CC-BY-SA-4.0,2026-08-28,reviewed,true
built-in-estonia-clue-0320,built-in-estonia,Estonia / Eesti,built-in-estonia-set-064,board,round-two,5,medium,science-technology,Powering Estonia,Eesti energiaallikad,Which Tallinn-founded company makes fast-charging supercapacitors for transport and power grids?,Milline Tallinnas asutatud ettevõte toodab transpordi ja elektrivõrkude jaoks kiiresti laetavaid superkondensaatoreid?,Skeleton Technologies,Skeleton Technologies,,,"Supercapacitors deliver energy in short, powerful bursts and tolerate many more charge cycles than ordinary batteries.",Superkondensaatorid annavad energiat lühikeste võimsate impulssidena ning taluvad tavalisest akust palju rohkem laadimistsükleid.,Skeleton Technologies — Wikipedia (revision 1365814735),https://en.wikipedia.org/w/index.php?oldid=1365814735,CC-BY-SA-4.0,2026-08-28,reviewed,true
built-in-estonia-clue-0321,built-in-estonia,Estonia / Eesti,built-in-estonia-set-065,board,round-two,1,medium,science-technology,Estonia Looks to Space,Eesti vaatab kosmosesse,Which Estonian student satellite launched in 2023 carried experiments including a plasma-brake test?,Milline 2023. aastal orbiidile saadetud Eesti tudengisatelliit kandis muu hulgas plasmapiduri katset?,ESTCube-2,ESTCube-2,,,ESTCube-2 continued the student programme begun by Estonia’s first satellite and tested technologies for removing small spacecraft from orbit.,ESTCube-2 jätkas Eesti esimese satelliidiga alanud tudengiprogrammi ning katsetas väikeste kosmoseaparaatide orbiidilt eemaldamise tehnoloogiaid.,ESTCube-2 — Wikipedia (revision 1370717062),https://en.wikipedia.org/w/index.php?oldid=1370717062,CC-BY-SA-4.0,2026-08-28,reviewed,true
built-in-estonia-clue-0322,built-in-estonia,Estonia / Eesti,built-in-estonia-set-065,board,round-two,2,medium,science-technology,Estonia Looks to Space,Eesti vaatab kosmosesse,Which Naissaar-born optician invented the wide-field telescope design that bears his surname?,Milline Naissaarel sündinud optik leiutas tema perekonnanime kandva laia vaateväljaga teleskoobitüübi?,Bernhard Schmidt,Bernhard Schmidt,,,The Schmidt design uses a correcting plate with a spherical mirror to produce sharp images across a wide field.,"Schmidti süsteem kasutab sfäärilise peegli ees korrektsiooniplaati, et saada terav kujutis laias vaateväljas.",Bernhard Schmidt — Wikipedia (revision 1365474316),https://en.wikipedia.org/w/index.php?oldid=1365474316,CC-BY-SA-4.0,2026-08-28,reviewed,true
built-in-estonia-clue-0323,built-in-estonia,Estonia / Eesti,built-in-estonia-set-065,board,round-two,3,medium,science-technology,Estonia Looks to Space,Eesti vaatab kosmosesse,"Which Estonian astrophysicist, first name Jaan and surname beginning with E, helped establish the cosmic web of superclusters and voids?","Milline Eesti astrofüüsik, eesnimega Jaan ja E-tähega algava perekonnanimega, aitas kirjeldada superparvede ja tühikute kosmilist võrku?",Jaan Einasto,Jaan Einasto,,,Einasto’s team used galaxy motions and distributions to argue for large amounts of unseen matter.,"Einasto töörühm kasutas galaktikate liikumist ja jaotust, et näidata suure hulga nähtamatu aine olemasolu.",Jaan Einasto — Wikipedia (revision 1311241455),https://en.wikipedia.org/w/index.php?oldid=1311241455,CC-BY-SA-4.0,2026-08-28,reviewed,true
built-in-estonia-clue-0324,built-in-estonia,Estonia / Eesti,built-in-estonia-set-065,board,round-two,4,medium,science-technology,Estonia Looks to Space,Eesti vaatab kosmosesse,Which village southwest of Tartu became Estonia’s principal astronomy campus when the observatory moved there in the 1960s?,Millisesse Tartust edelasse jäävasse külla kolis Eesti peamine astronoomiakeskus 1960. aastatel?,Tõravere,Tõravere,,,Tõravere was selected for darker skies than central Tartu and remains the home of the University of Tartu observatory campus.,Tõravere valiti Tartu kesklinnast pimedama taeva tõttu ning seal asub endiselt Tartu Ülikooli observatooriumi linnak.,Tõravere — Wikipedia (revision 1358779290),https://en.wikipedia.org/w/index.php?oldid=1358779290,CC-BY-SA-4.0,2026-08-28,reviewed,true
built-in-estonia-clue-0325,built-in-estonia,Estonia / Eesti,built-in-estonia-set-065,board,round-two,5,medium,science-technology,Estonia Looks to Space,Eesti vaatab kosmosesse,Which Estonian astronomer developed the Soviet Salyut programme’s Mikron experiment for studying the upper atmosphere?,Milline Eesti astronoom töötas Nõukogude Saljuti programmi jaoks välja ülaatmosfääri uurinud Mikroni eksperimendi?,Charles Villmann,Charles Villmann,,,The Mikron instruments observed twilight and atmospheric light from crewed orbital stations.,Mikroni seadmed vaatlesid mehitatud orbitaaljaamadest hämarikku ja atmosfäärivalgust.,Science at Tartu Observatory — Tartu Observatory Museum,https://muuseum.to.ee/Kasikirjad/HTML/teadustartuobservatooriumis.htm,all-rights-reserved,2026-08-28,reviewed,true
built-in-estonia-clue-0326,built-in-estonia,Estonia / Eesti,built-in-estonia-set-066,board,round-two,1,medium,science-technology,Reading the Landscape,Maastikku lugedes,Turquoise water surrounds submerged prison ruins at which former limestone quarry west of Tallinn?,Millise Tallinnast läänes asuva endise paekarjääri türkiissinises vees paiknevad uppunud vanglavaremed?,Rummu Quarry,Rummu karjäär,,,"Water filled the quarry after prison-era pumping stopped, leaving machinery and buildings partly submerged.",Pärast vanglaaegse pumpamise lõppu täitus karjäär veega ning masinad ja hooned jäid osaliselt vee alla.,Rummu Quarry — Wikipedia (revision 1304028591),https://en.wikipedia.org/w/index.php?oldid=1304028591,CC-BY-SA-4.0,2026-08-28,reviewed,true
built-in-estonia-clue-0327,built-in-estonia,Estonia / Eesti,built-in-estonia-set-066,board,round-two,2,medium,science-technology,Reading the Landscape,Maastikku lugedes,Sandstone cliffs and forest paths draw weekend hikers to which two famous “heaven halls” beside the Ahja River?,Millised kaks kuulsat „taevakoda“ Ahja jõe ääres meelitavad nädalavahetusel matkajaid liivakivipaljandite ja metsaradadega?,The Taevaskoda outcrops,Taevaskojad,Suur and Väike Taevaskoda,Suur ja Väike Taevaskoda,"The Ahja River has cut the outcrops into Devonian sandstone, exposing colourful layered cliff faces.","Ahja jõgi on paljandunud kaljud uuristanud Devoni liivakivisse, tuues nähtavale värvilised kihid.",Large and Small Taevaskoda sandstone outcrops,https://visitestonia.com/en/large-and-small-taevaskoda-sandstone-outcrops,all-rights-reserved,2026-08-28,reviewed,true
built-in-estonia-clue-0328,built-in-estonia,Estonia / Eesti,built-in-estonia-set-066,board,round-two,3,medium,science-technology,Reading the Landscape,Maastikku lugedes,Layers of limestone rise sharply along northern Estonia in which long escarpment?,Millise pika astanguna kerkivad Põhja-Eestis järsult paekivikihid?,The Baltic Klint,Balti klint,,,The escarpment continues beyond Estonia as part of a much longer geological feature around the Baltic region.,Astang jätkub väljaspool Eestit osana märksa pikemast Läänemere piirkonna geoloogilisest struktuurist.,Baltic Klint — Wikipedia (revision 1287861519),https://en.wikipedia.org/w/index.php?oldid=1287861519,CC-BY-SA-4.0,2026-08-28,reviewed,true
built-in-estonia-clue-0329,built-in-estonia,Estonia / Eesti,built-in-estonia-set-066,board,round-two,4,medium,science-technology,Reading the Landscape,Maastikku lugedes,Which southern Estonian caves near castle ruins were dug into pale sandstone and later used as shelters?,Millised Lõuna-Eesti koopad linnusevaremete lähedal on uuristatud heledasse liivakivisse ning neid kasutati hiljem varjupaigana?,Helme Caves,Helme koopad,,,Helme Caves are human-enlarged sandstone cavities beside the ruins of Helme Order Castle.,Helme koopad on inimeste laiendatud liivakiviõõnsused Helme ordulinnuse varemete kõrval.,Helme caves — Visit Estonia,https://visitestonia.com/en/helme-caves,all-rights-reserved,2026-08-28,reviewed,true
built-in-estonia-clue-0330,built-in-estonia,Estonia / Eesti,built-in-estonia-set-066,board,round-two,5,medium,science-technology,Reading the Landscape,Maastikku lugedes,"Which southeastern Estonian crater field includes the meteorite crater called Põrguhaud, “Hell’s Grave”?",Millises Kagu-Eesti kraatriväljas asub meteoriidikraater nimega Põrguhaud?,Ilumetsa,Ilumetsa,,,RMK’s recreation site provides a boardwalk and information cabin on the walk to Põrguhaud.,RMK puhkekohas on Põrguhauda viiva laudtee juures teabemajake.,Ilumetsa Meteorite Craters — RMK,https://rmk.ee/en/exploring-nature/where-to-go/ilumetsa-meteorite-craters/,all-rights-reserved,2026-08-28,reviewed,true
built-in-estonia-clue-0331,built-in-estonia,Estonia / Eesti,built-in-estonia-set-067,board,round-two,1,medium,science-technology,Engineering the Journey,Teekonna tehnika,"Which Estonian bus company, whose name begins with “Go,” operates regional routes in several counties?",Milline „Go“-ga algava nimega Eesti bussiettevõte teenindab maakonnaliine mitmes piirkonnas?,GoBus,GoBus,,,"Alongside contracted county routes, the operator provides charter services with coaches of different sizes.",Lisaks maakondlikele liinidele pakub ettevõte tellimusvedu eri suurusega bussidega.,GoBus — Wikipedia (revision 1191048141),https://en.wikipedia.org/w/index.php?oldid=1191048141,CC-BY-SA-4.0,2026-08-28,reviewed,true
built-in-estonia-clue-0332,built-in-estonia,Estonia / Eesti,built-in-estonia-set-067,board,round-two,2,medium,science-technology,Engineering the Journey,Teekonna tehnika,What three-letter IATA code appears on baggage tags for Tallinn Airport?,Milline kolmetäheline IATA-kood on Tallinna lennujaama pagasisiltidel?,TLL,TLL,,,Tallinn Airport uses the four-letter ICAO designator EETN alongside its three-letter IATA code TLL.,Tallinna lennujaama neljatäheline ICAO tähis on EETN ning kolmetäheline IATA-kood TLL.,Tallinn Airport — Wikipedia (revision 1368045898),https://en.wikipedia.org/w/index.php?oldid=1368045898,CC-BY-SA-4.0,2026-08-28,reviewed,true
built-in-estonia-clue-0333,built-in-estonia,Estonia / Eesti,built-in-estonia-set-067,board,round-two,3,medium,science-technology,Engineering the Journey,Teekonna tehnika,"Which Tallinn railway station beside the Old Town is the capital’s main hub for trains to Tartu, Narva and Paldiski?","Milline Tallinna vanalinna kõrval asuv raudteejaam on pealinna peamine sõlmpunkt Tartu, Narva ja Paldiski rongidele?",Balti jaam,Balti jaam,,,Balti jaam connects Tallinn’s national and commuter rail services beside the Old Town and Kalamaja.,Balti jaam ühendab Tallinna kaug- ja lähirongiliinid vanalinna ning Kalamaja kõrval.,Stops: Balti jaam — Elron,https://elron.ee/en/soiduinfo/peatused,all-rights-reserved,2026-08-28,reviewed,true
built-in-estonia-clue-0334,built-in-estonia,Estonia / Eesti,built-in-estonia-set-067,board,round-two,4,medium,science-technology,Engineering the Journey,Teekonna tehnika,Which causeway carries road traffic between Muhu and Saaremaa across the Väike Strait?,Milline tammtee viib maanteeliikluse üle Väikese väina Muhu ja Saaremaa vahel?,The Väinatamm causeway,Väinatamm,,,Väinatamm opened in 1896 and gives Muhu and Saaremaa a permanent road connection.,Väinatamm avati 1896. aastal ning see ühendab Muhu ja Saaremaa püsiva maanteega.,Väinatamm causeway — Wikipedia (revision 1243288062),https://en.wikipedia.org/w/index.php?oldid=1243288062,CC-BY-SA-4.0,2026-08-28,reviewed,true
built-in-estonia-clue-0335,built-in-estonia,Estonia / Eesti,built-in-estonia-set-067,board,round-two,5,medium,science-technology,Engineering the Journey,Teekonna tehnika,"According to the Rail Baltica design published by 28 August 2026, the planned gauge is 85 millimetres narrower than Estonia’s existing 1,520 mm main network. How wide is it?",28. augustiks 2026 avaldatud Rail Balticu projekti järgi on kavandatud rööpmelaius Eesti senise 1520 mm põhivõrgu omast 85 millimeetrit kitsam. Kui lai see on?,"1,435 millimetres",1435 millimeetrit,Standard gauge,Standardrööpmelaius,"The 1,435 mm European standard gauge differs from the broader 1,520 mm system used by Estonia’s existing main railway network.",Euroopa 1435 mm standardrööpmelaius erineb Eesti olemasoleva põhiraudteevõrgu laiemast 1520 mm süsteemist.,Rail Baltica — Wikipedia (revision 1367305314),https://en.wikipedia.org/w/index.php?oldid=1367305314,CC-BY-SA-4.0,2026-08-28,reviewed,true
built-in-estonia-clue-0336,built-in-estonia,Estonia / Eesti,built-in-estonia-set-068,board,round-one,1,hard,science-technology,Estonian Start-up Stories,Eesti idufirmade lood,Which Estonia-founded sauna-climate brand begins with the word “sauna” and circulates hot air more evenly?,Milline Eestis asutatud saunakliima kaubamärk algab sõnaga „saun“ ja jaotab kuuma õhku ühtlasemalt?,Saunum,Saunum,,,Its air-mixing approach aims to reduce the temperature difference between a sauna’s hot ceiling and cooler floor.,Selle õhusegamise lahendus vähendab sauna kuuma laealuse ja jahedama põranda temperatuurierinevust.,About Saunum,https://saunum.com/en/about-saunum/,all-rights-reserved,2026-08-28,reviewed,true
built-in-estonia-clue-0337,built-in-estonia,Estonia / Eesti,built-in-estonia-set-068,board,round-one,2,hard,science-technology,Estonian Start-up Stories,Eesti idufirmade lood,Which Estonia-founded sales platform combines a deal “pipeline” with a verb meaning to move business forward?,"Millise Eestis asutatud müügiplatvormi nimi ühendab müügitoru ingliskeelse sõna tegusõnaga, mis tähendab äri edasiviimist?",Pipedrive,Pipedrive,,,"Pipedrive was designed around activity-based selling, encouraging teams to schedule the next action for each open deal.","Pipedrive loodi tegevuspõhise müügi ümber, suunates meeskondi kavandama iga avatud tehingu järgmist sammu.",Pipedrive — Wikipedia (revision 1351887011),https://en.wikipedia.org/w/index.php?oldid=1351887011,CC-BY-SA-4.0,2026-08-28,reviewed,true
built-in-estonia-clue-0338,built-in-estonia,Estonia / Eesti,built-in-estonia-set-068,board,round-one,3,hard,science-technology,Estonian Start-up Stories,Eesti idufirmade lood,Which Estonia-founded indoor-garden brand pairs the press of a button with what plants then do?,"Millise Eestis asutatud toaaia kaubamärgi nimi ühendab nupuvajutuse sellega, mida taimed seejärel teevad?",Click & Grow,Click & Grow,Click and Grow,Click and Grow,The company’s plant pods combine seeds with a growth medium designed to release water and nutrients gradually.,"Ettevõtte taimekapslites on seemned ja kasvusubstraat, mis annab vett ning toitaineid järk-järgult.",Click & Grow — Wikipedia (revision 1311423886),https://en.wikipedia.org/w/index.php?oldid=1311423886,CC-BY-SA-4.0,2026-08-28,reviewed,true
built-in-estonia-clue-0339,built-in-estonia,Estonia / Eesti,built-in-estonia-set-068,board,round-one,4,hard,science-technology,Estonian Start-up Stories,Eesti idufirmade lood,"Which international gambling-software company, whose name joins gaming with technology, established a major development centre in Tartu?",Milline mängimise ja tehnoloogia mõisteid ühendava nimega rahvusvaheline hasartmängutarkvara ettevõte rajas Tartusse suure arenduskeskuse?,Playtech,Playtech,,,Playtech began in Tartu in 1999 and grew from an Estonian development operation into an international gambling-technology supplier.,Playtech alustas 1999. aastal Tartus ning kasvas Eesti arendusüksusest rahvusvaheliseks hasartmängutehnoloogia pakkujaks.,Playtech — Wikipedia (revision 1359583289),https://en.wikipedia.org/w/index.php?oldid=1359583289,CC-BY-SA-4.0,2026-08-28,reviewed,true
built-in-estonia-clue-0340,built-in-estonia,Estonia / Eesti,built-in-estonia-set-068,board,round-one,5,hard,science-technology,Estonian Start-up Stories,Eesti idufirmade lood,Which Estonian entrepreneur co-founded the software-testing company Testlio after winning an AngelHack event?,Milline Eesti ettevõtja kaasasutas tarkvaratestimise ettevõtte Testlio pärast AngelHacki ürituse võitmist?,Kristel Kruustük,Kristel Kruustük,,,Testlio was built as a distributed testing network that connects freelance specialists with product teams around the world.,"Testlio loodi hajusa testimisvõrgustikuna, mis ühendab vabakutselisi spetsialiste tootemeeskondadega üle maailma.",About Testlio — Where our story began,https://www.testlio.com/about-us,all-rights-reserved,2026-08-28,reviewed,true
built-in-estonia-clue-0341,built-in-estonia,Estonia / Eesti,built-in-estonia-set-069,board,round-one,1,hard,government-civics,The Estonian State,Eesti riik,Which document adopted by referendum in 1992 begins by affirming the continuity of the Estonian state?,Milline 1992. aasta rahvahääletusel vastu võetud dokument kinnitab alguses Eesti riigi järjepidevust?,The Constitution of Estonia,Eesti Vabariigi põhiseadus,,,The document establishes a parliamentary republic in which executive authority is accountable to the Riigikogu.,"Põhiseadus kehtestab parlamentaarse vabariigi, kus täitevvõim vastutab riigikogu ees.",Constitution of Estonia — Wikipedia (revision 1351540989),https://en.wikipedia.org/w/index.php?oldid=1351540989,CC-BY-SA-4.0,2026-08-28,reviewed,true
built-in-estonia-clue-0342,built-in-estonia,Estonia / Eesti,built-in-estonia-set-069,board,round-one,2,hard,government-civics,The Estonian State,Eesti riik,"As of August 28, 2026, the prime minister leads which collective body of ministers in Estonia?",Millist ministrite kollektiivset organit juhib Eestis 28. augusti 2026 seisuga peaminister?,The Government of the Republic,Vabariigi Valitsus,The cabinet,Valitsus,"Estonia’s 1992 Constitution assigns executive power to the Government of the Republic, whose members take office by oath.","Eesti 1992. aasta põhiseadus annab täidesaatva riigivõimu Vabariigi Valitsusele, mille liikmed astuvad ametisse vandega.",Government of Estonia — Wikipedia (revision 1360576110),https://en.wikipedia.org/w/index.php?oldid=1360576110,CC-BY-SA-4.0,2026-08-28,reviewed,true
built-in-estonia-clue-0343,built-in-estonia,Estonia / Eesti,built-in-estonia-set-069,board,round-one,3,hard,government-civics,The Estonian State,Eesti riik,"As of August 28, 2026, which Tartu-based court is both Estonia’s highest court and its constitutional-review court?",Milline Tartus asuv kohus on 28. augusti 2026 seisuga ühtaegu Eesti kõrgeim kohus ja põhiseaduslikkuse järelevalve kohus?,The Supreme Court of Estonia,Riigikohus,Riigikohus,Riigikohus,The institution combines cassation and constitutional review instead of assigning them to separate courts.,"Asutus ühendab kassatsiooni ja põhiseaduslikkuse järelevalve, selle asemel et jagada need eri kohtute vahel.",Supreme Court of Estonia — Wikipedia (revision 1354091168),https://en.wikipedia.org/w/index.php?oldid=1354091168,CC-BY-SA-4.0,2026-08-28,reviewed,true
built-in-estonia-clue-0344,built-in-estonia,Estonia / Eesti,built-in-estonia-set-069,board,round-one,4,hard,government-civics,The Estonian State,Eesti riik,Which permanent election body organises voting in Estonia and abroad?,Milline alaline valimisasutus korraldab hääletamist Eestis ja välismaal?,The State Electoral Office,Riigi valimisteenistus,State Electoral Office of Estonia,Riigi valimisteenistus,The office is a structural unit of the Chancellery of the Riigikogu and performs election work continuously between campaigns.,Valimisteenistus on Riigikogu Kantselei struktuuriüksus ning teeb valimiste korraldustööd püsivalt ka valimistevahelisel ajal.,State Electoral Office of Estonia,https://www.valimised.ee/en/electoral-organizers/state-electoral-office/state-electoral-office-estonia,all-rights-reserved,2026-08-28,reviewed,true
built-in-estonia-clue-0345,built-in-estonia,Estonia / Eesti,built-in-estonia-set-069,board,round-one,5,hard,government-civics,The Estonian State,Eesti riik,Which independent Estonian constitutional official checks whether laws conform to the Constitution and also serves as the national ombudsman?,Milline sõltumatu Eesti põhiseaduslik ametikandja kontrollib seaduste vastavust põhiseadusele ja täidab ka riikliku ombudsmani ülesandeid?,The Chancellor of Justice,Õiguskantsler,,,The Chancellor of Justice can propose that the Riigikogu bring an unconstitutional law into conformity and can ask the Supreme Court to invalidate it.,Õiguskantsler võib teha riigikogule ettepaneku viia põhiseadusvastane seadus põhiseadusega kooskõlla ning pöörduda selle tühistamiseks riigikohtusse.,Application to the Chancellor of Justice — Õiguskantsler,https://www.oiguskantsler.ee/en/contacts/application-chancellor-justice,all-rights-reserved,2026-08-28,reviewed,true
built-in-estonia-clue-0346,built-in-estonia,Estonia / Eesti,built-in-estonia-set-070,board,round-one,1,hard,government-civics,How Estonia Votes,Kuidas Eesti valib,"How many members sit in Estonia’s parliament, the Riigikogu?",Mitu liiget on Eesti parlamendis ehk Riigikogus?,101,101,,,The 101-member Riigikogu meets in the expressionist parliament building within Toompea Castle.,101-liikmeline riigikogu koguneb Toompea lossi ekspressionistlikus parlamendihoones.,Riigikogu — Wikipedia (revision 1371231265),https://en.wikipedia.org/w/index.php?oldid=1371231265,CC-BY-SA-4.0,2026-08-28,reviewed,true
built-in-estonia-clue-0347,built-in-estonia,Estonia / Eesti,built-in-estonia-set-070,board,round-one,2,hard,government-civics,How Estonia Votes,Kuidas Eesti valib,"After Estonia’s votes are counted, seats in the Riigikogu are allocated using what general form of representation?",Millise üldise esindusviisi alusel jaotatakse pärast häälte lugemist kohad Eesti Riigikogus?,Proportional representation,Proportsionaalne esindatus,,,Parties normally need at least five percent of the national vote to take part in the distribution of compensation mandates.,Erakond peab kompensatsioonimandaatide jaotuses osalemiseks koguma tavaliselt vähemalt viis protsenti üleriigilistest häältest.,Elections in Estonia — Wikipedia (revision 1348771142),https://en.wikipedia.org/w/index.php?oldid=1348771142,CC-BY-SA-4.0,2026-08-28,reviewed,true
built-in-estonia-clue-0348,built-in-estonia,Estonia / Eesti,built-in-estonia-set-070,board,round-one,3,hard,government-civics,How Estonia Votes,Kuidas Eesti valib,Estonia lowered the voting age for local elections by two years from the former age of 18. What is the resulting minimum age?,Eestis langetati kohalike valimiste valimisiga varasemalt 18 eluaastalt kahe aasta võrra. Milline on uus alampiir?,16,16,,,The lower age applies to local council elections; voting in Riigikogu elections still begins at 18.,Madalam vanusepiir kehtib kohaliku volikogu valimistel; riigikogu valimistel algab valimisõigus endiselt 18-aastaselt.,Elections in Estonia — Wikipedia (revision 1348771142),https://en.wikipedia.org/w/index.php?oldid=1348771142,CC-BY-SA-4.0,2026-08-28,reviewed,true
built-in-estonia-clue-0349,built-in-estonia,Estonia / Eesti,built-in-estonia-set-070,board,round-one,4,hard,government-civics,How Estonia Votes,Kuidas Eesti valib,What term does Estonia’s official elections site use for voting during the six days before election day?,Millist nimetust kasutab Eesti ametlik valimisveeb kuuel valimispäeval enne valimispäeva hääletamise kohta?,Advance voting,Eelhääletamine,,,"The period includes voting at designated polling places and online, giving voters alternatives before the Sunday election day.","Ajavahemik hõlmab hääletamist määratud jaoskondades ja internetis, pakkudes valijale võimalusi enne pühapäevast valimispäeva.",Advance Voting — Elections in Estonia,https://www.valimised.ee/en/estonian-elections-nutshell/advance-voting/advance-voting,all-rights-reserved,2026-08-28,reviewed,true
built-in-estonia-clue-0350,built-in-estonia,Estonia / Eesti,built-in-estonia-set-070,board,round-one,5,hard,government-civics,How Estonia Votes,Kuidas Eesti valib,Which Estonian body supervises election managers and ascertains national election results?,Milline Eesti organ teeb järelevalvet valimiste korraldajate üle ja teeb kindlaks üleriigilised valimistulemused?,The National Electoral Committee,Vabariigi Valimiskomisjon,National Electoral Committee of Estonia,Vabariigi Valimiskomisjon,"The committee’s supervisory role is separate from the State Electoral Office, which performs the permanent day-to-day organisation of elections.",Vabariigi Valimiskomisjoni järelevalveroll erineb Riigi Valimisteenistuse ülesannetest; valimisteenistus korraldab valimisi püsivalt ja igapäevaselt.,"Composition, competence and functions of the National Electoral Committee",https://www.valimised.ee/en/electoral-organizers/national-electoral-committee/composition-competence-and-functions-national,all-rights-reserved,2026-08-28,reviewed,true
built-in-estonia-clue-0351,built-in-estonia,Estonia / Eesti,built-in-estonia-set-071,board,round-one,1,hard,government-civics,Across Estonia’s Borders,Üle Eesti piiride,Estonia’s longest land border is shared with which southern neighbour?,Millise lõunanaabriga jagab Eesti oma pikimat maismaapiiri?,Latvia,Läti,,,The Estonia–Latvia border runs from the Gulf of Riga eastward to the tripoint with Russia.,Eesti–Läti piir kulgeb Liivi lahest ida poole kuni Venemaaga ühise kolmikpunktini.,Estonia — Wikipedia (revision 1370946023),https://en.wikipedia.org/w/index.php?oldid=1370946023,CC-BY-SA-4.0,2026-08-28,reviewed,true
built-in-estonia-clue-0352,built-in-estonia,Estonia / Eesti,built-in-estonia-set-071,board,round-one,2,hard,government-civics,Across Estonia’s Borders,Üle Eesti piiride,"On a map, Estonia’s northern coastline faces which gulf?",Millise lahe poole on Eesti põhjarannik kaardil suunatud?,The Gulf of Finland,Soome laht,,,The gulf forms a Baltic Sea corridor between Estonia and Finland and narrows eastward toward Saint Petersburg.,Laht moodustab Läänemere koridori Eesti ja Soome vahel ning kitseneb ida poole Peterburi suunas.,Gulf of Finland — Wikipedia (revision 1366018461),https://en.wikipedia.org/w/index.php?oldid=1366018461,CC-BY-SA-4.0,2026-08-28,reviewed,true
built-in-estonia-clue-0353,built-in-estonia,Estonia / Eesti,built-in-estonia-set-071,board,round-one,3,hard,government-civics,Across Estonia’s Borders,Üle Eesti piiride,The Friendship Bridge across the Narva River directly links which two border cities?,Millist kahte piirilinna ühendab üle Narva jõe kulgev Sõpruse sild?,Narva and Ivangorod,Narva ja Ivangorod,,,The current road bridge opened in 1960 and carries one of the principal crossing points on Estonia’s eastern border.,Praegune maanteesild avati 1960. aastal ning sellel asub üks Eesti idapiiri peamisi piiripunkte.,Narva River — Wikipedia (revision 1369807350),https://en.wikipedia.org/w/index.php?oldid=1369807350,CC-BY-SA-4.0,2026-08-28,reviewed,true
built-in-estonia-clue-0354,built-in-estonia,Estonia / Eesti,built-in-estonia-set-071,board,round-one,4,hard,government-civics,Across Estonia’s Borders,Üle Eesti piiride,The Estonian town of Valga forms a cross-border twin with which Latvian town?,Millise Läti linnaga moodustab Eesti Valga piiriülese kaksiklinna?,Valka,Valka,,,Valga and Valka became separate municipalities when the international border divided the former town of Walk in 1920.,"Valga ja Valka kujunesid eri omavalitsusteks, kui riigipiir jagas 1920. aastal endise Walki linna.","Valga, Estonia — Wikipedia (revision 1365821627)",https://en.wikipedia.org/w/index.php?oldid=1365821627,CC-BY-SA-4.0,2026-08-28,reviewed,true
built-in-estonia-clue-0355,built-in-estonia,Estonia / Eesti,built-in-estonia-set-071,board,round-one,5,hard,government-civics,Across Estonia’s Borders,Üle Eesti piiride,"Which South Estonian language, written with the letter õ and spoken near the Latvian border, has its cultural centre in Võru?","Millise Lõuna-Eesti, Läti piiri lähedal kõneldava õ-tähte kasutava keele kultuurikeskus on Võrus?",Võro,Võro keel,,,Võro is a South Estonian language with its own literary standard and active cultural institutions in Võru County.,Võro keel on oma kirjakeele ja aktiivsete kultuuriasutustega lõunaeesti keel Võru maakonnas.,Võro language — Wikipedia (revision 1361573500),https://en.wikipedia.org/w/index.php?oldid=1361573500,CC-BY-SA-4.0,2026-08-28,reviewed,true
built-in-estonia-clue-0356,built-in-estonia,Estonia / Eesti,built-in-estonia-set-072,board,round-one,1,hard,government-civics,"Estonian Money, Old and New",Eesti raha enne ja nüüd,What national outline appears on every Estonian euro coin?,Millise riigi kontuur on kujutatud kõigil Eesti euromüntidel?,The map of Estonia,Eesti kaart,,,"Lembit Lõhmus designed Estonia’s national euro side with the country’s outline, name and twelve EU stars.","Lembit Lõhmus kujundas Eesti euromüntide rahvusliku külje riigi kontuuri, nime ja kaheteistkümne ELi tähega.",Estonian euro coins — Wikipedia (revision 1368410297),https://en.wikipedia.org/w/index.php?oldid=1368410297,CC-BY-SA-4.0,2026-08-28,reviewed,true
built-in-estonia-clue-0357,built-in-estonia,Estonia / Eesti,built-in-estonia-set-072,board,round-one,2,hard,government-civics,"Estonian Money, Old and New",Eesti raha enne ja nüüd,On 1 January of which year did Estonia replace the kroon with the euro?,Millise aasta 1. jaanuaril asendas Eesti krooni euroga?,2011,2011,,,"Estonia was the first Baltic state to adopt the euro, while Latvia and Lithuania changed currencies later.",Eesti võttis Balti riikidest euro kasutusele esimesena; Läti ja Leedu vahetasid raha hiljem.,Estonia and the euro — Wikipedia (revision 1368410297),https://en.wikipedia.org/w/index.php?oldid=1368410297,CC-BY-SA-4.0,2026-08-28,reviewed,true
built-in-estonia-clue-0358,built-in-estonia,Estonia / Eesti,built-in-estonia-set-072,board,round-one,3,hard,government-civics,"Estonian Money, Old and New",Eesti raha enne ja nüüd,"What currency, divided into 100 penni, did the Republic of Estonia use before the kroon was introduced in 1928?",Millist 100 penniks jagunenud raha kasutas Eesti Vabariik enne krooni kasutuselevõttu 1928. aastal?,The Estonian mark,Eesti mark,,,The Estonian mark circulated from 1918 until the 1928 monetary reform replaced it with the kroon at 100 marks to one kroon.,"Eesti mark oli käibel 1918. aastast kuni 1928. aasta rahareformini, mil 100 marka vahetati ühe krooni vastu.",Estonian mark — Wikipedia (revision 1344924269),https://en.wikipedia.org/w/index.php?oldid=1344924269,CC-BY-SA-4.0,2026-08-28,reviewed,true
built-in-estonia-clue-0359,built-in-estonia,Estonia / Eesti,built-in-estonia-set-072,board,round-one,4,hard,government-civics,"Estonian Money, Old and New",Eesti raha enne ja nüüd,Which founder of the newspaper Sakala appeared on Estonia’s 500-kroon banknote before the euro?,Milline ajalehe Sakala asutaja oli enne eurot Eesti 500-kroonisel pangatähel?,Carl Robert Jakobson,Carl Robert Jakobson,C. R. Jakobson,C. R. Jakobson,Jakobson’s three patriotic speeches at the Vanemuine Society helped articulate the national movement’s political programme.,Jakobsoni kolm isamaakõnet Vanemuise Seltsis aitasid sõnastada rahvusliku liikumise poliitilist programmi.,Carl Robert Jakobson — Wikipedia (revision 1363359647),https://en.wikipedia.org/w/index.php?oldid=1363359647,CC-BY-SA-4.0,2026-08-28,reviewed,true
built-in-estonia-clue-0360,built-in-estonia,Estonia / Eesti,built-in-estonia-set-072,board,round-one,5,hard,government-civics,"Estonian Money, Old and New",Eesti raha enne ja nüüd,Which composer appeared on Estonia’s 50-kroon banknote?,Milline helilooja oli kujutatud Eesti 50-kroonisel rahatähel?,Rudolf Tobias,Rudolf Tobias,,,Rudolf Tobias was an early professional Estonian composer whose choral-orchestral work “Jonah’s Mission” became his best-known large composition.,Rudolf Tobias oli üks esimesi professionaalseid Eesti heliloojaid; tema tuntuim suurvorm on koorile ja orkestrile loodud „Joonase lähetamine“.,Estonian kroon — Wikipedia (revision 1368410203),https://en.wikipedia.org/w/index.php?oldid=1368410203,CC-BY-SA-4.0,2026-08-28,reviewed,true
built-in-estonia-clue-0361,built-in-estonia,Estonia / Eesti,built-in-estonia-set-073,board,round-one,1,hard,government-civics,Public Life and Services,Avalik elu ja teenused,"At the end of upper secondary school, students may sit nationally organised tests known by what name?",Millise nimetusega üleriigilisi eksameid võivad õpilased gümnaasiumi lõpus sooritada?,State examinations,Riigieksamid,,,State examinations provide nationally comparable results used for graduation and further-study decisions.,"Riigieksamid annavad üleriigiliselt võrreldavad tulemused, mida kasutatakse lõpetamisel ja edasiõppimise otsustes.",Education in Estonia — Wikipedia (revision 1357672587),https://en.wikipedia.org/w/index.php?oldid=1357672587,CC-BY-SA-4.0,2026-08-28,reviewed,true
built-in-estonia-clue-0362,built-in-estonia,Estonia / Eesti,built-in-estonia-set-073,board,round-one,2,hard,government-civics,Public Life and Services,Avalik elu ja teenused,"What three-letter abbreviation identifies Estonia’s public broadcaster, which runs ETV and Vikerraadio?","Milline kolmetäheline lühend tähistab Eesti avalik-õiguslikku ringhäälingut, mis haldab ETV-d ja Vikerraadiot?",ERR,ERR,,,ERR was created in 2007 by combining the public television and radio organisations into one broadcaster.,"ERR loodi 2007. aastal, ühendades avalik-õigusliku televisiooni ja raadio üheks ringhäälinguorganisatsiooniks.",Eesti Rahvusringhääling — Wikipedia (revision 1367220292),https://en.wikipedia.org/w/index.php?oldid=1367220292,CC-BY-SA-4.0,2026-08-28,reviewed,true
built-in-estonia-clue-0363,built-in-estonia,Estonia / Eesti,built-in-estonia-set-073,board,round-one,3,hard,government-civics,Public Life and Services,Avalik elu ja teenused,Which state portal gathers official information and public e-services for Estonian residents at a web address ending in .ee?,"Milline riigiportaal koondab Eesti elanikele ametlikku teavet ja avalikke e-teenuseid veebiaadressil, mille lõpus on .ee?",eesti.ee,eesti.ee,,,The eesti.ee portal organises state information around life events and provides authenticated access to public services.,Portaal eesti.ee korraldab riigiinfo elusündmuste järgi ning võimaldab autentimise järel kasutada avalikke teenuseid.,State portal factsheet — e-Estonia,https://e-estonia.com/wp-content/uploads/factsheet_state_portal.pdf,all-rights-reserved,2026-08-28,reviewed,true
built-in-estonia-clue-0364,built-in-estonia,Estonia / Eesti,built-in-estonia-set-073,board,round-one,4,hard,government-civics,Public Life and Services,Avalik elu ja teenused,Which Estonian agency coordinates fire and rescue work and gives emergency-preparedness advice?,Milline Eesti amet korraldab päästetööd ning jagab kriisideks valmistumise nõuandeid?,The Estonian Rescue Board,Päästeamet,Rescue Board,Päästeamet,The agency also supervises fire safety and maintains the nationwide network of rescue brigades.,Amet teeb ka tuleohutusjärelevalvet ning korraldab üleriigilist päästekomandode võrgustikku.,Estonian Rescue Board — Wikipedia (revision 1368385132),https://en.wikipedia.org/w/index.php?oldid=1368385132,CC-BY-SA-4.0,2026-08-28,reviewed,true
built-in-estonia-clue-0365,built-in-estonia,Estonia / Eesti,built-in-estonia-set-073,board,round-one,5,hard,government-civics,Public Life and Services,Avalik elu ja teenused,"Which four-digit Estonian state helpline gives advice when life, health and property are not in immediate danger?","Milline neljakohaline Eesti riigi infotelefon annab nõu olukorras, kus elu, tervis ja vara ei ole vahetus ohus?",State helpline 1247,Riigiinfo telefon 1247,,,The 1247 line handles non-emergency questions around the clock; urgent danger still belongs on emergency number 112.,Telefon 1247 vastab ööpäev läbi mittekiireloomulistele küsimustele; vahetu ohu korral tuleb endiselt helistada hädaabinumbril 112.,State helpline 1247 — Estonian Emergency Response Centre,https://www.112.ee/en/instruction/state-helpline-1247,all-rights-reserved,2026-08-28,reviewed,true
built-in-estonia-clue-0366,built-in-estonia,Estonia / Eesti,built-in-estonia-set-074,board,round-one,1,hard,government-civics,A Map of Local Estonia,Kohaliku Eesti kaart,"Which county includes Saaremaa, Muhu and Ruhnu?","Millisesse maakonda kuuluvad Saaremaa, Muhu ja Ruhnu?",Saare County,Saare maakond,,,Saare County spans Estonia’s western islands and has Kuressaare on Saaremaa as its administrative centre.,Saare maakond hõlmab Eesti läänesaari ning selle halduskeskus on Saaremaal asuv Kuressaare.,Saare County — Wikipedia (revision 1319258064),https://en.wikipedia.org/w/index.php?oldid=1319258064,CC-BY-SA-4.0,2026-08-28,reviewed,true
built-in-estonia-clue-0367,built-in-estonia,Estonia / Eesti,built-in-estonia-set-074,board,round-one,2,hard,government-civics,A Map of Local Estonia,Kohaliku Eesti kaart,Which Estonian county consists chiefly of Hiiumaa and nearby islands?,Milline Eesti maakond koosneb peamiselt Hiiumaast ja seda ümbritsevatest saartest?,Hiiu County,Hiiu maakond,,,"As of August 28, 2026, Hiiu is Estonia’s smallest county by both area and population, with Kärdla as its administrative centre.",28. augusti 2026 seisuga on Hiiu nii pindalalt kui ka rahvaarvult Eesti väikseim maakond ning selle halduskeskus on Kärdla.,Hiiu County — Wikipedia (revision 1335411674),https://en.wikipedia.org/w/index.php?oldid=1335411674,CC-BY-SA-4.0,2026-08-28,reviewed,true
built-in-estonia-clue-0368,built-in-estonia,Estonia / Eesti,built-in-estonia-set-074,board,round-one,3,hard,government-civics,A Map of Local Estonia,Kohaliku Eesti kaart,"As of August 28, 2026, Tallinn belongs to which Estonian county with the country’s largest population?",Millises 28. augusti 2026 seisuga Eesti suurima rahvaarvuga maakonnas asub Tallinn?,Harju County,Harju maakond,,,"Harju County also includes long stretches of the Gulf of Finland coast, the Pakri Peninsula and several small islands.","Harju maakonda kuuluvad ka pikad Soome lahe rannalõigud, Pakri poolsaar ja mitu väikesaart.",Harju County — Wikipedia (revision 1370125811),https://en.wikipedia.org/w/index.php?oldid=1370125811,CC-BY-SA-4.0,2026-08-28,reviewed,true
built-in-estonia-clue-0369,built-in-estonia,Estonia / Eesti,built-in-estonia-set-074,board,round-one,4,hard,government-civics,A Map of Local Estonia,Kohaliku Eesti kaart,"As of August 28, 2026, which southwestern county is Estonia’s largest by area and reaches both the Gulf of Riga and the Latvian border?",Milline Edela-Eesti maakond on 28. augusti 2026 seisuga pindalalt riigi suurim ning ulatub nii Liivi lahe kui ka Läti piirini?,Pärnu County,Pärnu maakond,,,Pärnu County stretches from the Gulf of Riga inland to forest and bog landscapes along Estonia’s southern border.,Pärnu maakond ulatub Liivi lahest sisemaa metsade ja soodeni Eesti lõunapiiri ääres.,Pärnu County — Wikipedia (revision 1366903097),https://en.wikipedia.org/w/index.php?oldid=1366903097,CC-BY-SA-4.0,2026-08-28,reviewed,true
built-in-estonia-clue-0370,built-in-estonia,Estonia / Eesti,built-in-estonia-set-074,board,round-one,5,hard,government-civics,A Map of Local Estonia,Kohaliku Eesti kaart,Suur Munamägi rises 318 metres above sea level in which southeastern Estonian county?,Millises Kagu-Eesti maakonnas asub 318 meetrit üle merepinna ulatuv Suur Munamägi?,Võru County,Võru maakond,,,The 29.1-metre observation tower was completed in 1939 and offers views up to 50 kilometres away in clear weather.,"29,1 meetri kõrgune vaatetorn valmis 1939. aastal ja selge ilmaga ulatub vaade kuni 50 kilomeetri kaugusele.",Suur Munamägi observation tower — Visit Estonia,https://visitestonia.com/en/suur-munamagi-observation-tower,all-rights-reserved,2026-08-28,reviewed,true
built-in-estonia-clue-0371,built-in-estonia,Estonia / Eesti,built-in-estonia-set-075,board,round-one,1,hard,government-civics,Days Estonia Observes,Eesti tähtpäevad,Which Estonian holiday on 23 June commemorates the 1919 victory at Võnnu?,Milline Eesti tähtpäev 23. juunil meenutab 1919. aasta Võnnu võitu?,Victory Day,Võidupüha,,,Victory Day celebrations traditionally pass a ceremonial flame onward to local Midsummer bonfires across Estonia.,Võidupüha pidustustel saadetakse võidutuli traditsiooniliselt edasi üle Eesti süüdatavatele jaanituledele.,"Victory Day, Estonia — Wikipedia (revision 1371008831)",https://en.wikipedia.org/w/index.php?oldid=1371008831,CC-BY-SA-4.0,2026-08-28,reviewed,true
built-in-estonia-clue-0372,built-in-estonia,Estonia / Eesti,built-in-estonia-set-075,board,round-one,2,hard,government-civics,Days Estonia Observes,Eesti tähtpäevad,Which Estonian observance on 14 March celebrates the national language?,Milline 14. märtsi Eesti tähtpäev tähistab eesti keelt?,Mother Tongue Day,Emakeelepäev,,,"The date is the birthday of poet Kristjan Jaak Peterson, whose writing helped demonstrate Estonian’s literary potential.",Kuupäev on luuletaja Kristjan Jaak Petersoni sünnipäev; tema looming näitas eesti keele kirjanduslikku potentsiaali.,Mother Language Day — Wikipedia (revision 1364465419),https://en.wikipedia.org/w/index.php?oldid=1364465419,CC-BY-SA-4.0,2026-08-28,reviewed,true
built-in-estonia-clue-0373,built-in-estonia,Estonia / Eesti,built-in-estonia-set-075,board,round-one,3,hard,government-civics,Days Estonia Observes,Eesti tähtpäevad,Which Estonian day of national importance on 22 September remembers resistance to the Soviet occupation?,Milline Eesti riiklik tähtpäev 22. septembril meenutab vastupanu Nõukogude okupatsioonile?,Resistance Day,Vastupanuvõitluse päev,,,Resistance Day recalls the attempt to restore Estonian constitutional government between the German retreat and Soviet occupation in 1944.,Vastupanuvõitluse päev meenutab katset taastada 1944. aastal Saksa vägede lahkumise ja Nõukogude okupatsiooni vahel Eesti põhiseaduslik võim.,Public Holidays and Days of National Importance Act — Riigi Teataja,https://www.riigiteataja.ee/en/compare_wordings?grupiId=100219&vasakAktId=530112020001,public-domain-government,2026-08-28,reviewed,true
built-in-estonia-clue-0374,built-in-estonia,Estonia / Eesti,built-in-estonia-set-075,board,round-one,4,hard,government-civics,Days Estonia Observes,Eesti tähtpäevad,"Which October observance celebrates the languages and cultures related to Estonian, including Finnish and Hungarian?","Milline oktoobrikuu tähtpäev tähistab eesti keelega sugulaskeeli ja -kultuure, sealhulgas soome ja ungari oma?",Kindred Peoples’ Day,Hõimupäev,,,"The observance links Estonians with linguistic relatives including Finns, Hungarians, Mari and Udmurts.","Tähtpäev seob eestlasi keelesugulastega, kelle hulka kuuluvad soomlased, ungarlased, marid ja udmurdid.",Public Holidays and Days of National Importance Act — Riigi Teataja,https://www.riigiteataja.ee/en/compare_wordings?grupiId=100219&vasakAktId=530112020001,public-domain-government,2026-08-28,reviewed,true
built-in-estonia-clue-0375,built-in-estonia,Estonia / Eesti,built-in-estonia-set-075,board,round-one,5,hard,government-civics,Days Estonia Observes,Eesti tähtpäevad,Which observance on 26 November recognises Estonian citizenship and civic responsibility?,Milline 26. novembri tähtpäev tunnustab Eesti kodakondsust ja kodanikuvastutust?,Citizens’ Day,Kodanikupäev,,,The date commemorates the first issuing of an Estonian citizenship document by the provisional government in 1918.,Kuupäev meenutab Eesti ajutise valitsuse esimese kodakondsust tõendava dokumendi väljaandmist 1918. aastal.,Public holidays in Estonia — Wikipedia (revision 1324741564),https://en.wikipedia.org/w/index.php?oldid=1324741564,CC-BY-SA-4.0,2026-08-28,reviewed,true
built-in-estonia-clue-0376,built-in-estonia,Estonia / Eesti,built-in-estonia-set-076,board,round-one,1,hard,government-civics,Estonia Joins the World,Eesti ühineb maailmaga,Border checks with most EU neighbours ended when Estonia joined which travel area in December 2007?,Millise reisiala liikmeks saamisel 2007. aasta detsembris kadusid Eestil piirikontrollid enamiku ELi naabritega?,The Schengen Area,Schengeni ala,,,Estonia removed Schengen checks at land and sea borders in December 2007; airport controls followed in March 2008.,Eesti kaotas Schengeni kontrolli maa- ja merepiiril 2007. aasta detsembris; lennujaamades järgnes muudatus 2008. aasta märtsis.,Schengen Area — Wikipedia (revision 1369189743),https://en.wikipedia.org/w/index.php?oldid=1369189743,CC-BY-SA-4.0,2026-08-28,reviewed,true
built-in-estonia-clue-0377,built-in-estonia,Estonia / Eesti,built-in-estonia-set-076,board,round-one,2,hard,government-civics,Estonia Joins the World,Eesti ühineb maailmaga,"Estonia joined which Strasbourg-based human-rights organisation in 1993, eleven years before joining the EU?","Millise Strasbourgis asuva inimõiguste organisatsiooniga ühines Eesti 1993. aastal, üksteist aastat enne Euroopa Liiduga liitumist?",The Council of Europe,Euroopa Nõukogu,,,Estonia became a member of the Council of Europe on 14 May 1993.,Eesti sai Euroopa Nõukogu liikmeks 14. mail 1993.,Monitoring of the European Charter of Local Self-Government in Estonia — Council of Europe,https://rm.coe.int/0900001680ace162,all-rights-reserved,2026-08-28,reviewed,true
built-in-estonia-clue-0378,built-in-estonia,Estonia / Eesti,built-in-estonia-set-076,board,round-one,3,hard,government-civics,Estonia Joins the World,Eesti ühineb maailmaga,Which security organisation admitted Estonia in 1991 and sent a long-term mission to the country from 1993 to 2001?,Milline julgeolekuorganisatsioon võttis Eesti liikmeks 1991. aastal ning pidas siin aastatel 1993–2001 pikaajalist missiooni?,The OSCE,OSCE,Organization for Security and Co-operation in Europe,Euroopa Julgeoleku- ja Koostööorganisatsioon,"Estonia joined the CSCE, now the OSCE, in 1991; its later mission monitored integration and citizenship questions.","Eesti liitus 1991. aastal CSCEga, praeguse OSCEga; hilisem missioon jälgis lõimumis- ja kodakondsusküsimusi.",OSCE Mission to Estonia (closed),https://www.osce.org/estonia-closed,all-rights-reserved,2026-08-28,reviewed,true
built-in-estonia-clue-0379,built-in-estonia,Estonia / Eesti,built-in-estonia-set-076,board,round-one,4,hard,government-civics,Estonia Joins the World,Eesti ühineb maailmaga,Estonia joined which Paris-based organisation for energy security and policy analysis in 2014?,Millise Pariisis tegutseva energiajulgeoleku ja energiapoliitika analüüsi organisatsiooniga liitus Eesti 2014. aastal?,The International Energy Agency,Rahvusvaheline Energiaagentuur,IEA,IEA,"Estonia became the International Energy Agency’s 29th member, bringing its oil-shale experience into the organisation’s energy reviews.",Eestist sai Rahvusvahelise Energiaagentuuri 29. liige ning riigi põlevkivikogemus jõudis organisatsiooni energiaülevaadetesse.,Estonia officially becomes 29th member of the IEA — International Energy Agency,https://www.iea.org/news/estonia-officially-becomes-29th-member-of-the-iea,all-rights-reserved,2026-08-28,reviewed,true
built-in-estonia-clue-0380,built-in-estonia,Estonia / Eesti,built-in-estonia-set-076,board,round-one,5,hard,government-civics,Estonia Joins the World,Eesti ühineb maailmaga,Estonia joined which Paris-based economic policy organisation in 2010?,Millise Pariisis asuva majanduspoliitika organisatsiooniga ühines Eesti 2010. aastal?,The OECD,OECD,,,"Membership placed Estonia in the organisation’s peer-review system for comparing economic, education and public-policy outcomes.","Liikmesus tõi Eesti organisatsiooni vastastikuse hindamise süsteemi, kus võrreldakse majanduse, hariduse ja avaliku poliitika tulemusi.",OECD — Wikipedia (revision 1368600214),https://en.wikipedia.org/w/index.php?oldid=1368600214,CC-BY-SA-4.0,2026-08-28,reviewed,true
built-in-estonia-clue-0381,built-in-estonia,Estonia / Eesti,built-in-estonia-set-077,board,round-one,1,hard,nature-environment,Estonian Islands,Eesti saared,Kõpu Lighthouse stands on which Baltic island west of the Estonian mainland?,Millisel Eesti mandriosast läände jääval Läänemere saarel asub Kõpu tuletorn?,Hiiumaa,Hiiumaa,,,Hiiumaa is separated from the mainland by the Väinameri and has a ferry connection through Heltermaa harbour.,Hiiumaad eraldab mandrist Väinameri ning saare parvlaevaühendus kulgeb Heltermaa sadama kaudu.,Hiiumaa — Wikipedia (revision 1365015836),https://en.wikipedia.org/w/index.php?oldid=1365015836,CC-BY-SA-4.0,2026-08-28,reviewed,true
built-in-estonia-clue-0382,built-in-estonia,Estonia / Eesti,built-in-estonia-set-077,board,round-one,2,hard,nature-environment,Estonian Islands,Eesti saared,A causeway links Saaremaa to which neighbouring island whose preserved Koguva village is associated with writer Juhan Smuul?,Millise naabersaarega ühendab Saaremaad Väikese väina tamm ning millisel saarel asub kirjanik Juhan Smuuliga seotud Koguva küla?,Muhu,Muhu,,,Muhu’s main mainland ferry arrives at Kuivastu on the island’s eastern coast before the road continues west toward Saaremaa.,"Muhu peamine mandrilt saabuv parvlaev randub saare idarannikul Kuivastus, kust maantee jätkub läände Saaremaa poole.",Muhu — Wikipedia (revision 1364053152),https://en.wikipedia.org/w/index.php?oldid=1364053152,CC-BY-SA-4.0,2026-08-28,reviewed,true
built-in-estonia-clue-0383,built-in-estonia,Estonia / Eesti,built-in-estonia-set-077,board,round-one,3,hard,nature-environment,Estonian Islands,Eesti saared,Which western island gives its name to Estonia’s oldest national park?,Milline läänesaar annab nime Eesti vanimale rahvuspargile?,Vilsandi,Vilsandi,,,"Protection began in the area with the Vaika bird reserve in 1910, giving the park the deepest conservation roots in Estonia.","Piirkonna kaitse algas 1910. aastal Vaika linnukaitsealaga, mistõttu ulatuvad pargi looduskaitsejuured Eestis kõige kaugemale.",Vilsandi — Wikipedia (revision 1364342392),https://en.wikipedia.org/w/index.php?oldid=1364342392,CC-BY-SA-4.0,2026-08-28,reviewed,true
built-in-estonia-clue-0384,built-in-estonia,Estonia / Eesti,built-in-estonia-set-077,board,round-one,4,hard,nature-environment,Estonian Islands,Eesti saared,Which permanently inhabited island northeast of Tallinn is reached by ferry from Leppneeme?,Millisele Tallinna kirde pool asuvale püsiasustusega saarele sõidab parvlaev Leppneeme sadamast?,Prangli,Prangli,,,The island has retained a fishing-village landscape and its own dialect features within the Gulf of Finland community.,Saarel on säilinud kalurikülade maastik ja Soome lahe kogukonnale omased murdejooned.,Prangli — Wikipedia (revision 1364192645),https://en.wikipedia.org/w/index.php?oldid=1364192645,CC-BY-SA-4.0,2026-08-28,reviewed,true
built-in-estonia-clue-0385,built-in-estonia,Estonia / Eesti,built-in-estonia-set-077,board,round-one,5,hard,nature-environment,Estonian Islands,Eesti saared,Which small island south of Saaremaa is known for a rare broad-leaved forest?,Milline Saaremaast lõunas asuv väikesaar on tuntud haruldase laialehise metsa poolest?,Abruka,Abruka,,,Abruka’s protected broad-leaved woodland is unusual for its northern latitude and includes mature lime trees.,Abruka kaitstav laialehine mets on nii põhjapoolse asukoha kohta ebatavaline ning seal kasvab vanu pärnasid.,Abruka — Wikipedia (revision 1370476145),https://en.wikipedia.org/w/index.php?oldid=1370476145,CC-BY-SA-4.0,2026-08-28,reviewed,true
built-in-estonia-clue-0386,built-in-estonia,Estonia / Eesti,built-in-estonia-set-078,board,round-one,1,hard,nature-environment,Protected Nature,Kaitstud loodus,Which national park around Matsalu Bay in western Estonia is a major stopover for migrating birds?,Milline Matsalu lahte ümbritsev Lääne-Eesti rahvuspark on rändlindude tähtis peatuspaik?,Matsalu National Park,Matsalu rahvuspark,,,"The park includes Matsalu Bay, the Kasari delta and coastal meadows within an internationally recognised Ramsar wetland.","Park hõlmab Matsalu lahte, Kasari deltat ja rannaniite rahvusvahelise tähtsusega Ramsari märgalal.",Matsalu National Park — Wikipedia (revision 1362955624),https://en.wikipedia.org/w/index.php?oldid=1362955624,CC-BY-SA-4.0,2026-08-28,reviewed,true
built-in-estonia-clue-0387,built-in-estonia,Estonia / Eesti,built-in-estonia-set-078,board,round-one,2,hard,nature-environment,Protected Nature,Kaitstud loodus,Which national park in southern Estonia protects a landscape of rounded hills and many small lakes?,Milline Lõuna-Eesti rahvuspark kaitseb kuppelmaastikku ja paljusid väikeseid järvi?,Karula National Park,Karula rahvuspark,Karula,Karula,"Karula is Estonia’s smallest national park, with dispersed farms and winding roads between its hills and lakes.","Karula on Eesti väikseim rahvuspark, kus kuplite ja järvede vahel paiknevad hajatalud ning looklevad teed.",Karula National Park — Wikipedia (revision 1362778716),https://en.wikipedia.org/w/index.php?oldid=1362778716,CC-BY-SA-4.0,2026-08-28,reviewed,true
built-in-estonia-clue-0388,built-in-estonia,Estonia / Eesti,built-in-estonia-set-078,board,round-one,3,hard,nature-environment,Protected Nature,Kaitstud loodus,Which national park in northeastern Estonia includes extensive bogs and forests near the Russian border?,Milline Kirde-Eesti rahvuspark hõlmab Venemaa piiri lähedal ulatuslikke rabasid ja metsi?,Alutaguse National Park,Alutaguse rahvuspark,,,The park covers 443.31 square kilometres; roughly 54% consists of bogs and 42% is forested.,"Pargi pindala on 443,31 ruutkilomeetrit; ligikaudu 54% sellest moodustavad sood ja 42% metsad.",Alutaguse National Park — Wikipedia (revision 1362692209),https://en.wikipedia.org/w/index.php?oldid=1362692209,CC-BY-SA-4.0,2026-08-28,reviewed,true
built-in-estonia-clue-0389,built-in-estonia,Estonia / Eesti,built-in-estonia-set-078,board,round-one,4,hard,nature-environment,Protected Nature,Kaitstud loodus,Which wetland reserve near Haapsalu protects reed beds and shallow bays used by migrating waterbirds?,"Milline Haapsalu lähedal asuv märgalakaitseala hoiab roostikke ja madalaid lahtesid, mida kasutavad rändavad veelinnud?",Silma Nature Reserve,Silma looduskaitseala,,,Former sea bays in the reserve are gradually becoming coastal lagoons and lakes as the land continues to rise.,Kaitseala endised merelahed muutuvad maakerke jätkudes järk-järgult rannalõugasteks ja järvedeks.,Silma Nature Reserve — Wikipedia (revision 1362907582),https://en.wikipedia.org/w/index.php?oldid=1362907582,CC-BY-SA-4.0,2026-08-28,reviewed,true
built-in-estonia-clue-0390,built-in-estonia,Estonia / Eesti,built-in-estonia-set-078,board,round-one,5,hard,nature-environment,Protected Nature,Kaitstud loodus,"Which large nature reserve at the meeting place of the Pedja, Põltsamaa and Emajõgi rivers protects floodplains and wetlands?","Milline suur looduskaitseala Pedja, Põltsamaa ja Emajõe kohtumispaigas kaitseb luhtasid ja märgalasid?",Alam-Pedja Nature Reserve,Alam-Pedja looduskaitseala,,,"Alam-Pedja’s floodplains lie where three rivers meet, and permanent settlement is sparse across its wetland landscape.",Alam-Pedja luhad paiknevad kolme jõe kohtumispaigas ning selle märgalamaastikul on püsiasustus hõre.,Alam-Pedja Nature Reserve — Wikipedia (revision 1362690603),https://en.wikipedia.org/w/index.php?oldid=1362690603,CC-BY-SA-4.0,2026-08-28,reviewed,true
built-in-estonia-clue-0391,built-in-estonia,Estonia / Eesti,built-in-estonia-set-079,board,round-one,1,hard,nature-environment,"Rivers, Lakes and Falls","Jõed, järved ja joad",Which river reaches the Gulf of Riga at Estonia’s summer-capital city?,Milline jõgi suubub Liivi lahte Eesti suvepealinna juures?,The Pärnu River,Pärnu jõgi,,,The Pärnu River is one of Estonia’s longest rivers and forms a broad estuary through the city before reaching the Gulf of Riga.,Pärnu jõgi on üks Eesti pikemaid ning moodustab enne Liivi lahte suubumist linnas laia suudmeala.,Pärnu River — Wikipedia (revision 1296447296),https://en.wikipedia.org/w/index.php?oldid=1296447296,CC-BY-SA-4.0,2026-08-28,reviewed,true
built-in-estonia-clue-0392,built-in-estonia,Estonia / Eesti,built-in-estonia-set-079,board,round-one,2,hard,nature-environment,"Rivers, Lakes and Falls","Jõed, järved ja joad",Which waterfall near a neo-Gothic manor gives its name to the village Keila-Joa?,Milline neogooti mõisa lähedal asuv juga annab nime Keila-Joa külale?,Keila Waterfall,Keila juga,,,"The waterfall and surrounding manor park form the Keila-Joa landscape ensemble, long used for walks beside the river.","Juga ja seda ümbritsev mõisapark moodustavad Keila-Joa maastikuansambli, mis on kaua olnud jõeäärne jalutuspaik.",Keila Waterfall — Wikipedia (revision 1362222763),https://en.wikipedia.org/w/index.php?oldid=1362222763,CC-BY-SA-4.0,2026-08-28,reviewed,true
built-in-estonia-clue-0393,built-in-estonia,Estonia / Eesti,built-in-estonia-set-079,board,round-one,3,hard,nature-environment,"Rivers, Lakes and Falls","Jõed, järved ja joad","Which lake west of Tartu, entirely within Estonia, is listed with a 96-kilometre shoreline?","Millise täielikult Eesti piires asuva, Tartust läände jääva järve kaldajoone pikkuseks on märgitud 96 kilomeetrit?",Lake Võrtsjärv,Võrtsjärv,,,"Võrtsjärv is shallow for its surface area, with an average depth of roughly 2.7 metres.","Suure pindala kohta on Võrtsjärv madal: selle keskmine sügavus on ligikaudu 2,7 meetrit.",Lake Võrtsjärv — Wikipedia (revision 1366780237),https://en.wikipedia.org/w/index.php?oldid=1366780237,CC-BY-SA-4.0,2026-08-28,reviewed,true
built-in-estonia-clue-0394,built-in-estonia,Estonia / Eesti,built-in-estonia-set-079,board,round-one,4,hard,nature-environment,"Rivers, Lakes and Falls","Jõed, järved ja joad","Which river, Estonia’s longest, flows from Lake Pühajärv toward Lake Lämmijärv?",Milline Eesti pikim jõgi voolab Pühajärvest Lämmijärve suunas?,The Võhandu River,Võhandu jõgi,,,"The river is also the course of the Võhandu Marathon, a long-distance paddling event held each spring.","Jõel peetakse igal kevadel Võhandu maratoni, pikka aerutamisvõistlust.",Võhandu River — Wikipedia (revision 1358081803),https://en.wikipedia.org/w/index.php?oldid=1358081803,CC-BY-SA-4.0,2026-08-28,reviewed,true
built-in-estonia-clue-0395,built-in-estonia,Estonia / Eesti,built-in-estonia-set-079,board,round-one,5,hard,nature-environment,"Rivers, Lakes and Falls","Jõed, järved ja joad","In a hard freeze, spray turns which tall Ida-Viru County waterfall and its cliff into an ice-covered spectacle?",Millise kõrge Ida-Virumaa joa ja selle panga muudab pritsmevesi pakasega jäiseks vaatemänguks?,Valaste Waterfall,Valaste juga,,,"Valaste drops from the limestone klint, and winter spray builds curtains of ice on the exposed cliff layers.",Valaste langeb paeklintidelt ning talvine veeprits kasvatab paljandunud kaljukihtidele jääkardinaid.,Valaste Waterfall — Wikipedia (revision 1362228110),https://en.wikipedia.org/w/index.php?oldid=1362228110,CC-BY-SA-4.0,2026-08-28,reviewed,true
built-in-estonia-clue-0396,built-in-estonia,Estonia / Eesti,built-in-estonia-set-080,board,round-one,1,hard,nature-environment,Wild Mammals,Metsikud imetajad,"In 2006, tracks and sightings suggested that which large mammal had somehow reached the small island of Ruhnu?","Millise suure imetaja jäljed ja vaatlused viitasid 2006. aastal sellele, et loom oli kuidagi jõudnud väikesele Ruhnu saarele?",A brown bear,Pruunkaru,,,The episode became a national media story even though the animal itself repeatedly avoided searchers and cameras.,"Juhtumist sai üleriigiline meedialugu, kuigi loom vältis korduvalt otsijaid ja kaameraid.",Ruhnu — Wikipedia (revision 1367568336),https://en.wikipedia.org/w/index.php?oldid=1367568336,CC-BY-SA-4.0,2026-08-28,reviewed,true
built-in-estonia-clue-0397,built-in-estonia,Estonia / Eesti,built-in-estonia-set-080,board,round-one,2,hard,nature-environment,Wild Mammals,Metsikud imetajad,"Which small deer, common in Estonia, has a white rump patch and males with short antlers?",Millisel Eestis tavalisel väikesel hirvlasel on valge sabapeegel ning isastel lühikesed sarved?,Roe deer,Metskits,,,Roe deer browse woodland edges and fields; their compact antlers are shed and regrown by males each year.,Metskitsed toituvad metsaservadel ja põldudel; isased heidavad oma väikesed sarved igal aastal maha ning kasvatavad uued.,Meeting the mammals — Lahemaa National Park,https://www.kaitsealad.ee/sites/default/files/uploads/Lahemaa%20rahvuspark/Infomaterjalid/lahemaa_loomad_ENG.pdf,all-rights-reserved,2026-08-28,reviewed,true
built-in-estonia-clue-0398,built-in-estonia,Estonia / Eesti,built-in-estonia-set-080,board,round-one,3,hard,nature-environment,Wild Mammals,Metsikud imetajad,Which tuft-eared wild cat is one of the large carnivores monitored in Estonia’s national hunting statistics?,Milline tuttkõrvadega metskass kuulub Eesti riiklikus jahistatistikas jälgitavate suurkiskjate hulka?,The Eurasian lynx,Ilves,Lynx,Ilves,"As of August 28, 2026, the Ministry of Climate groups lynx with bears and wolves as Estonia’s three large carnivores and describes their annual monitoring.",28. augusti 2026 seisuga liigitab Kliimaministeerium ilvese koos karu ja hundiga Eesti kolme suurkiskja hulka ning kirjeldab nende iga-aastast seiret.,Hunting in Estonia — Ministry of Climate,https://www.kliimaministeerium.ee/en/water-forest-resources/metsandus/hunting-estonia,public-domain-government,2026-08-28,reviewed,true
built-in-estonia-clue-0399,built-in-estonia,Estonia / Eesti,built-in-estonia-set-080,board,round-one,4,hard,nature-environment,Wild Mammals,Metsikud imetajad,"Which Estonian seal has pups that replace a white fluffy birth coat with a grey, spotted adult coat after becoming independent?",Millise Eestis elava hülge pojad vahetavad iseseisvudes valge koheva titekarva halli täpilise täiskasvanukarva vastu?,The grey seal,Hallhüljes,,,The Environmental Board says a mother grey seal nurses her pup for about sixteen days before weaning it.,Keskkonnaameti järgi imetab hallhülge ema poega umbes kuusteist päeva ning võõrutab ta seejärel.,The Environmental Board is asking to leave seal pups alone — Environmental Board,https://keskkonnaamet.ee/en/news/environmental-board-asking-leave-seal-pups-who-haul-out-themselves-alone,all-rights-reserved,2026-08-28,reviewed,true
built-in-estonia-clue-0400,built-in-estonia,Estonia / Eesti,built-in-estonia-set-080,board,round-one,5,hard,nature-environment,Wild Mammals,Metsikud imetajad,"Which of Estonia’s two hare species does the Lahemaa mammal guide place mainly in forest, with some park and bog habitat, rather than open countryside?","Kumba Eesti kahest jäneseliigist paigutab Lahemaa imetajajuhend peamiselt metsa ning vähemal määral parki ja sohu, mitte avamaastikule?",The mountain hare,Valgejänes,,,The guide describes the mountain hare’s wide paws and almost completely white winter coat.,Juhend kirjeldab valgejänese laiu käppi ja talvel peaaegu täiesti valget karvkatet.,Meeting the mammals — Lahemaa National Park,https://www.kaitsealad.ee/sites/default/files/uploads/Lahemaa%20rahvuspark/Infomaterjalid/lahemaa_loomad_ENG.pdf,all-rights-reserved,2026-08-28,reviewed,true
built-in-estonia-clue-0401,built-in-estonia,Estonia / Eesti,built-in-estonia-set-081,board,round-one,1,hard,nature-environment,Birdwatching Estonia,Linnuvaatlus Eestis,Which yellow-bellied bird with a black head is a frequent winter visitor to Estonian garden feeders?,Milline kollase kõhu ja musta peaga lind külastab talvel sageli Eesti aedade söögimaju?,The great tit,Rasvatihane,,,The great tit topped Estonia’s winter garden-bird survey in each of the survey’s first fifteen years.,Rasvatihane oli Eesti talvisel aialinnuvaatlusel kõigil vaatlusprojekti esimesel viieteistkümnel aastal kõige sagedamini märgatud liik.,Great tit tops Estonia's winter garden birdwatching survey list — ERR News,https://news.err.ee/1609539877/great-tit-tops-estonia-s-winter-garden-birdwatching-survey-list,all-rights-reserved,2026-08-28,reviewed,true
built-in-estonia-clue-0402,built-in-estonia,Estonia / Eesti,built-in-estonia-set-081,board,round-one,2,hard,nature-environment,Birdwatching Estonia,Linnuvaatlus Eestis,Which long-legged bird commonly builds a huge nest on poles and chimneys in rural Estonia?,Milline pikajalgne lind ehitab Eesti maapiirkondades sageli suure pesa postile või korstnale?,The white stork,Valge-toonekurg,,,Estonia’s birdwatching guide notes that white storks commonly place their conspicuous nests atop tall posts.,"Eesti linnuvaatlusjuhend märgib, et valge-toonekured rajavad oma silmatorkavad pesad sageli kõrgete postide otsa.",Guide to birdwatching in Estonia — Visit Estonia,https://visitestonia.com/en/what-to-do/guide-to-birdwatching-in-estonia,all-rights-reserved,2026-08-28,reviewed,true
built-in-estonia-clue-0403,built-in-estonia,Estonia / Eesti,built-in-estonia-set-081,board,round-one,3,hard,nature-environment,Birdwatching Estonia,Linnuvaatlus Eestis,"Which huge eagle, restored from near-disappearance in Estonia, has a pale tail as an adult?","Milline hiiglaslik kotkas, kelle asurkond Eestis on taastunud, kannab täiskasvanuna heledat saba?",White-tailed eagle,Merikotkas,,,"Adults usually remain in Estonia year-round, while younger birds range more widely; fish and waterbirds form much of the diet.","Täiskasvanud linnud jäävad Eestis tavaliselt paikseks, noorlinnud liiguvad laiemalt; toidust moodustavad suure osa kalad ja veelinnud.",White-tailed Eagle — Estonian Eagle Club,https://www.kotkas.ee/species/,all-rights-reserved,2026-08-28,reviewed,true
built-in-estonia-clue-0404,built-in-estonia,Estonia / Eesti,built-in-estonia-set-081,board,round-one,4,hard,nature-environment,Birdwatching Estonia,Linnuvaatlus Eestis,Which sickle-winged bird spends most of its life in flight and screams over Estonian towns in summer?,Milline sirpjate tiibadega lind veedab suure osa elust lennul ja kiljub suvel Eesti linnade kohal?,The common swift,Piiritaja,Swift,Piiritaja,"Tallinn’s swifts gather into conspicuous evening flocks, while many of their nest sites remain hidden inside buildings.","Tallinna piiritajad kogunevad õhtuti silmatorkavatesse parvedesse, kuigi paljud nende pesapaigad jäävad hoonete sisse varju.",Swallow sightings surge in Tallinn as first broods take flight — ERR News,https://news.err.ee/1610072056/swallow-sightings-surge-in-tallinn-as-first-broods-take-flight,all-rights-reserved,2026-08-28,reviewed,true
built-in-estonia-clue-0405,built-in-estonia,Estonia / Eesti,built-in-estonia-set-081,board,round-one,5,hard,nature-environment,Birdwatching Estonia,Linnuvaatlus Eestis,Which protected Estonian forest bird appears on the Environmental Board’s category II list under the scientific name Tetrao urogallus?,Milline kaitsealune Eesti metsalind on Keskkonnaameti II kaitsekategooria nimekirjas teadusliku nimega Tetrao urogallus?,The western capercaillie,Metsis,Capercaillie,Metsis,"In 2018, the Environmental Board monitored targeted capercaillie-habitat restoration in the Soomaa research area.",2018. aastal jälgis Keskkonnaamet metsise elupaikade sihipärase taastamise tulemuslikkust Soomaa uurimisalal.,Conservation of species — Estonian Environmental Board,https://www.keskkonnaamet.ee/en/wildlife-nature-protection/nature-protection/conservation-species,public-domain-government,2026-08-28,reviewed,true
built-in-estonia-clue-0406,built-in-estonia,Estonia / Eesti,built-in-estonia-set-082,board,round-one,1,hard,nature-environment,"Forests, Bogs and Meadows","Metsad, rabad ja niidud",Estonia’s thickest and oldest-known tree grows in Urvaste Parish. What kind of tree is it?,Eesti jämedaim ja vanim teadaolev puu kasvab Urvaste vallas. Mis liiki puu see on?,An oak,Tamm,,,The Tamme-Lauri oak has a trunk circumference of roughly eight metres and is protected as a natural monument.,Tamme-Lauri tamme tüve ümbermõõt on ligikaudu kaheksa meetrit ning puu on kaitstav looduse üksikobjekt.,Tamme-Lauri Oak — Wikipedia (revision 1302982099),https://en.wikipedia.org/w/index.php?oldid=1302982099,CC-BY-SA-4.0,2026-08-28,reviewed,true
built-in-estonia-clue-0407,built-in-estonia,Estonia / Eesti,built-in-estonia-set-082,board,round-one,2,hard,nature-environment,"Forests, Bogs and Meadows","Metsad, rabad ja niidud","Which broad-leaved spring plant, karulauk in Estonian, adds a garlicky flavour to pesto and salads?",Millise laialehelise kevadise metsataime lõhn meenutab küüslauku ja mille lehti kasutatakse pestos?,Wild garlic,Karulauk,Ramsons,Karulauk,"Estonia’s right to roam permits responsible gathering in many places, but protected areas and landowner restrictions still apply.","Eesti igaüheõigus lubab paljudes kohtades vastutustundlikult korjata, kuid kaitsealade ja maaomanike piiranguid tuleb järgida.",Sustainable travel and foraging in Estonia — Visit Estonia,https://visitestonia.com/en/where-to-go/how-to-enjoy-estonia-sustainably,all-rights-reserved,2026-08-28,reviewed,true
built-in-estonia-clue-0408,built-in-estonia,Estonia / Eesti,built-in-estonia-set-082,board,round-one,3,hard,nature-environment,"Forests, Bogs and Meadows","Metsad, rabad ja niidud",Blocking old drainage ditches helps restore which peat-forming Estonian habitat?,Millist turvast moodustavat Eesti elupaika aitab taastada vanade kuivenduskraavide sulgemine?,Bogs,Sood,,,Raising the water table lets peat-forming sphagnum mosses recover and reduces carbon loss from drained peat.,Veetaseme tõstmine aitab turvast moodustavatel turbasammaldel taastuda ja vähendab kuivendatud turba süsinikukadu.,RMK Annual Report 2022 — Bog habitats restoration,https://media.rmk.ee/files/RMK_aastaraamat_ENG.pdf,all-rights-reserved,2026-08-28,reviewed,true
built-in-estonia-clue-0409,built-in-estonia,Estonia / Eesti,built-in-estonia-set-082,board,round-one,4,hard,nature-environment,"Forests, Bogs and Meadows","Metsad, rabad ja niidud",Which amber-coloured berry found in Estonian bogs resembles a golden raspberry?,Milline Eesti rabades kasvav merevaigukarva mari meenutab kuldset vaarikat?,Cloudberry,Murakas,,,"Each plant bears a single fruit, and male and female flowers grow on separate plants.",Iga taim kannab üht vilja ning isas- ja emasõied kasvavad eri taimedel.,Cloudberry — Wikipedia (revision 1369018422),https://en.wikipedia.org/w/index.php?oldid=1369018422,CC-BY-SA-4.0,2026-08-28,reviewed,true
built-in-estonia-clue-0410,built-in-estonia,Estonia / Eesti,built-in-estonia-set-082,board,round-one,5,hard,nature-environment,"Forests, Bogs and Meadows","Metsad, rabad ja niidud",Which aromatic evergreen shrub is characteristic of the alvars on Estonia’s western islands?,Milline aromaatne igihaljas põõsas on iseloomulik Eesti läänesaarte loopealsetele?,Juniper,Kadakas,,,"Alvar junipers grow on thin, lime-rich soils where grazing helps prevent the open habitat from becoming woodland.",Loopealsete kadakad kasvavad õhukesel lubjarikkal mullal ning karjatamine aitab vältida avatud elupaiga metsastumist.,Estonian alvars and juniper shrubs — Environmental Board,https://keskkonnaamet.ee/media/5317/download,public-domain-government,2026-08-28,reviewed,true
built-in-estonia-clue-0411,built-in-estonia,Estonia / Eesti,built-in-estonia-set-083,board,round-one,1,hard,nature-environment,Coastlines and Cliffs,Rannikud ja pangad,Which sandy urban beach beside a shallow bay is the centrepiece of Estonia’s best-known summer resort?,Milline madala lahe ääres asuv liivane linnarand on Eesti tuntuima suvekuurordi keskpunkt?,Pärnu Beach,Pärnu rand,,,"The bay’s shallow water warms relatively quickly, helping Pärnu develop as a family resort and spa destination.","Lahe madal vesi soojeneb suhteliselt kiiresti, mis aitas Pärnul kujuneda peresõbralikuks kuurordi- ja spaasihtkohaks.",Pärnu Beach — Wikipedia (revision 1310282632),https://en.wikipedia.org/w/index.php?oldid=1310282632,CC-BY-SA-4.0,2026-08-28,reviewed,true
built-in-estonia-clue-0412,built-in-estonia,Estonia / Eesti,built-in-estonia-set-083,board,round-one,2,hard,nature-environment,Coastlines and Cliffs,Rannikud ja pangad,Which tall black-and-white lighthouse marks the southern tip of Saaremaa?,Milline kõrge mustvalge tuletorn tähistab Saaremaa lõunatippu?,Sõrve Lighthouse,Sõrve tuletorn,,,The present reinforced-concrete tower dates from 1960 and replaced earlier Sõrve lights lost or damaged during wartime.,Praegune raudbetoontorn pärineb 1960. aastast ning asendas sõdades hävinud või kahjustatud varasemaid Sõrve tuletorne.,Sõrve Lighthouse — Wikipedia (revision 1351829823),https://en.wikipedia.org/w/index.php?oldid=1351829823,CC-BY-SA-4.0,2026-08-28,reviewed,true
built-in-estonia-clue-0413,built-in-estonia,Estonia / Eesti,built-in-estonia-set-083,board,round-one,3,hard,nature-environment,Coastlines and Cliffs,Rannikud ja pangad,"Which Hiiumaa lighthouse, first lit in the 16th century, is among the world’s oldest continuously used navigation lights?","Milline Hiiumaa tuletorn, mis süüdati esimest korda 16. sajandil, kuulub maailma vanimate pidevalt kasutatud meremärkide hulka?",Kõpu Lighthouse,Kõpu tuletorn,,,"The massive stone tower was built high on the island, so its light reaches far out across the Baltic without an exceptionally tall shaft.","Massiivne kivitorn rajati saare kõrgele osale, mistõttu ulatub selle tuli kaugele üle Läänemere ka erakordselt kõrge tornikehata.",Kõpu Lighthouse — Wikipedia (revision 1359890122),https://en.wikipedia.org/w/index.php?oldid=1359890122,CC-BY-SA-4.0,2026-08-28,reviewed,true
built-in-estonia-clue-0414,built-in-estonia,Estonia / Eesti,built-in-estonia-set-083,board,round-one,4,hard,nature-environment,Coastlines and Cliffs,Rannikud ja pangad,Which limestone cliff west of Tallinn gives a high view over Vääna-Jõesuu beach and the Gulf of Finland?,Milliselt Tallinnast läände jäävalt paekaldalt avaneb kõrge vaade Vääna-Jõesuu rannale ja Soome lahele?,Türisalu Cliff,Türisalu pank,,,The viewing point sits above a road cut where the Baltic Klint’s limestone and underlying rocks can be seen in profile.,"Vaatekoht asub maanteelõike kohal, kus Balti klindi paekivi ja alumised kivimikihid on külgvaates nähtavad.",Türisalu Cliff — Wikipedia (revision 1324292020),https://en.wikipedia.org/w/index.php?oldid=1324292020,CC-BY-SA-4.0,2026-08-28,reviewed,true
built-in-estonia-clue-0415,built-in-estonia,Estonia / Eesti,built-in-estonia-set-083,board,round-one,5,hard,nature-environment,Coastlines and Cliffs,Rannikud ja pangad,"Which island at the mouth of the Gulf of Finland has dramatic limestone cliffs and an Estonian-Swedish name, Odensholm?",Millisel Soome lahe suudmes asuval saarel on järsud paekaldad ja eestirootsi nimi Odensholm?,Osmussaar,Osmussaar,,,The island rose from the sea after the last Ice Age and still gains land through post-glacial uplift.,Saar kerkis pärast viimast jääaega merest ning suureneb maakerke tõttu siiani.,Osmussaar — Wikipedia (revision 1364104916),https://en.wikipedia.org/w/index.php?oldid=1364104916,CC-BY-SA-4.0,2026-08-28,reviewed,true
built-in-estonia-clue-0416,built-in-estonia,Estonia / Eesti,built-in-estonia-set-084,board,round-one,1,hard,nature-environment,Signs of the Seasons,Aastaaegade märgid,"Which whining, biting insect is especially active around still water on warm summer evenings?",Milline pinisev ja verd imev putukas on soojadel suveõhtutel eriti aktiivne seisva vee lähedal?,The mosquito,Sääsk,,,Only female mosquitoes take blood meals; both sexes otherwise feed mainly on plant sugars such as nectar.,"Verd imevad ainult emased sääsed; muidu toituvad mõlemad sugupooled peamiselt taimsetest suhkrutest, näiteks nektarist.",Mosquito — Wikipedia (revision 1371635849),https://en.wikipedia.org/w/index.php?oldid=1371635849,CC-BY-SA-4.0,2026-08-28,reviewed,true
built-in-estonia-clue-0417,built-in-estonia,Estonia / Eesti,built-in-estonia-set-084,board,round-one,2,hard,nature-environment,Signs of the Seasons,Aastaaegade märgid,Autumn skies fill with noisy V-shaped flocks of which birds stopping in Estonia on migration?,Millised rändel Eestis peatuvad linnud täidavad sügistaeva lärmakate V-kujuliste parvedega?,Geese,Haned,,,Estonia is an important spring and autumn stopover where geese rest and feed before continuing along the Baltic flyway.,"Eesti on oluline kevadine ja sügisene peatuspaik, kus haned puhkavad ja toituvad enne rände jätkamist mööda Balti rändeteed.",Guide to birdwatching in Estonia — Visit Estonia,https://visitestonia.com/en/what-to-do/guide-to-birdwatching-in-estonia,all-rights-reserved,2026-08-28,reviewed,true
built-in-estonia-clue-0418,built-in-estonia,Estonia / Eesti,built-in-estonia-set-084,board,round-one,3,hard,nature-environment,Signs of the Seasons,Aastaaegade märgid,Which occasional sky display was photographed over Saaremaa’s northern coast during strong geomagnetic activity?,Millist harva nähtavat taevanähtust pildistati tugeva geomagnetilise aktiivsuse ajal Saaremaa põhjaranniku kohal?,The northern lights,Virmalised,,,ERR notes that auroras occur at an average altitude of about 105 kilometres above Earth.,"ERR märgib, et virmalised tekivad keskmiselt umbes 105 kilomeetri kõrgusel Maa pinnast.",Gallery: Aurora borealis over the northern coast of Saaremaa — ERR News,https://news.err.ee/1609271031/gallery-aurora-borealis-over-the-northern-coast-of-saaremaa,all-rights-reserved,2026-08-28,reviewed,true
built-in-estonia-clue-0419,built-in-estonia,Estonia / Eesti,built-in-estonia-set-084,board,round-one,4,hard,nature-environment,Signs of the Seasons,Aastaaegade märgid,The cited national report lists Pipistrellus nathusii and Nyctalus noctula among twelve nationally protected category-II species in Estonia. Which winged animal group do they belong to?,Viidatud riiklik aruanne loetleb Pipistrellus nathusii ja Nyctalus noctula kaheteistkümne Eestis riiklikult II kaitsekategooriasse kuuluva liigi seas. Millisesse tiivuliste loomade rühma need liigid kuuluvad?,Bats,Nahkhiired,,,The same report says Estonia began migration monitoring at Kabli in 2008.,Sama aruande järgi alustati Eestis Kabli rändeseiret 2008. aastal.,National implementation report of Estonia — EUROBATS,https://www.eurobats.org/document/45541/download-zip,all-rights-reserved,2026-08-28,reviewed,true
built-in-estonia-clue-0420,built-in-estonia,Estonia / Eesti,built-in-estonia-set-084,board,round-one,5,hard,nature-environment,Signs of the Seasons,Aastaaegade märgid,Which Läänemaa winter sport has raced DN-class craft at championships on frozen bays near Haapsalu?,Millisel Läänemaa talispordialal on Haapsalu lähistel jäätunud lahtedel peetud DN-klassi sõidukite meistrivõistlusi?,Ice sailing,Jääpurjetamine,,,Läänemaa’s development strategy groups ice sailing with sailing and notes decades of strong national and international results.,Läänemaa arengustrateegia käsitleb jääpurjetamist koos purjetamisega ning märgib aastakümnete pikkust edu riigi ja rahvusvahelisel tasandil.,Lääne County Development Strategy 2035 — Läänemaa Local Governments,https://haapsalu.ee/wp-content/uploads/2025/06/Laane-maakonna-arengustrateegia-2035.pdf,public-domain-government,2026-08-28,reviewed,true
built-in-estonia-clue-0421,built-in-estonia,Estonia / Eesti,built-in-estonia-set-085,board,round-two,1,hard,sports,Estonian Olympic Champions,Eesti olümpiavõitjad,Which Estonian discus champion named Gerd won Olympic gold in Beijing in 2008?,Milline Gerd-nimeline Eesti kettaheitja võitis 2008. aastal Pekingis olümpiakulla?,Gerd Kanter,Gerd Kanter,,,"Kanter also earned Olympic bronze in London in 2012, extending his medal record beyond the Beijing title.","Kanter võitis 2012. aastal Londonis ka olümpiapronksi, lisades Pekingi tiitlile teise olümpiamedali.",Gerd Kanter — Wikipedia (revision 1361109234),https://en.wikipedia.org/w/index.php?oldid=1361109234,CC-BY-SA-4.0,2026-08-28,reviewed,true
built-in-estonia-clue-0422,built-in-estonia,Estonia / Eesti,built-in-estonia-set-085,board,round-two,2,hard,sports,Estonian Olympic Champions,Eesti olümpiavõitjad,Which Estonian cyclist named Erika won Olympic track-sprint gold in both 1988 and 1992?,Milline Erika-nimeline Eesti jalgrattur võitis trekisprindis olümpiakulla nii 1988. kui ka 1992. aastal?,Erika Salumäe,Erika Salumäe,,,Her 1992 victory in Barcelona produced the first Olympic gold for Estonia after the restoration of independence.,Tema 1992. aasta Barcelona võit tõi taasiseseisvunud Eestile esimese olümpiakulla.,Erika Salumäe — Wikipedia (revision 1371451818),https://en.wikipedia.org/w/index.php?oldid=1371451818,CC-BY-SA-4.0,2026-08-28,reviewed,true
built-in-estonia-clue-0423,built-in-estonia,Estonia / Eesti,built-in-estonia-set-085,board,round-two,3,hard,sports,Estonian Olympic Champions,Eesti olümpiavõitjad,Which Estonian wrestler won both Greco-Roman and freestyle heavyweight gold at the 1936 Olympics?,Milline Eesti maadleja võitis 1936. aasta olümpial raskekaalus kulla nii Kreeka-Rooma kui ka vabamaadluses?,Kristjan Palusalu,Kristjan Palusalu,,,Tallinn welcomed Palusalu home from Berlin with a large public celebration and a farm awarded by supporters.,Tallinn tervitas Palusalu Berliinist naastes suure rahvapeoga ning toetajad kinkisid talle talu.,Kristjan Palusalu — Wikipedia (revision 1364423040),https://en.wikipedia.org/w/index.php?oldid=1364423040,CC-BY-SA-4.0,2026-08-28,reviewed,true
built-in-estonia-clue-0424,built-in-estonia,Estonia / Eesti,built-in-estonia-set-085,board,round-two,4,hard,sports,Estonian Olympic Champions,Eesti olümpiavõitjad,Which weightlifter became the first Olympic champion representing independent Estonia in 1920?,Milline tõstja sai 1920. aastal esimeseks iseseisvat Eestit esindanud olümpiavõitjaks?,Alfred Neuland,Alfred Neuland,,,"Neuland returned at the 1924 Olympics to win silver, becoming a two-time Olympic medallist.","Neuland naasis 1924. aasta olümpiale ja võitis hõbeda, saades kahekordseks olümpiamedalistiks.",Alfred Neuland — Wikipedia (revision 1363359277),https://en.wikipedia.org/w/index.php?oldid=1363359277,CC-BY-SA-4.0,2026-08-28,reviewed,true
built-in-estonia-clue-0425,built-in-estonia,Estonia / Eesti,built-in-estonia-set-085,board,round-two,5,hard,sports,Estonian Olympic Champions,Eesti olümpiavõitjad,Which Estonian weightlifter won Olympic gold in 1972 after taking silver in 1968?,Milline Eesti tõstja võitis 1972. aastal olümpiakulla pärast 1968. aasta hõbedat?,Jaan Talts,Jaan Talts,,,Talts set numerous world records and won his Olympic medals in different weight classes.,Talts püstitas arvukalt maailmarekordeid ning võitis oma olümpiamedalid eri kaalukategooriates.,Jaan Talts — Wikipedia (revision 1361597368),https://en.wikipedia.org/w/index.php?oldid=1361597368,CC-BY-SA-4.0,2026-08-28,reviewed,true
built-in-estonia-clue-0426,built-in-estonia,Estonia / Eesti,built-in-estonia-set-086,board,round-two,1,hard,sports,Estonia on Snow,Eesti lumel,Which Estonian skier named Kristina won two cross-country gold medals at Turin 2006?,Milline Kristina-nimeline Eesti suusataja võitis 2006. aasta Torino taliolümpial kaks murdmaasuusatamise kuldmedalit?,Kristina Šmigun-Vähi,Kristina Šmigun-Vähi,,,She later added a 10 km silver medal at the 2010 Vancouver Winter Olympics.,Ta lisas 2010. aasta Vancouveri taliolümpial oma medalitele 10 km distantsi hõbeda.,Kristina Šmigun-Vähi — Wikipedia (revision 1367692769),https://en.wikipedia.org/w/index.php?oldid=1367692769,CC-BY-SA-4.0,2026-08-28,reviewed,true
built-in-estonia-clue-0427,built-in-estonia,Estonia / Eesti,built-in-estonia-set-086,board,round-two,2,hard,sports,Estonia on Snow,Eesti lumel,Which Estonian skier named Andrus won the Olympic men’s 15 km classical race in both 2002 and 2006?,Milline Andrus-nimeline Eesti suusataja võitis meeste 15 km klassikadistantsi olümpial nii 2002. kui ka 2006. aastal?,Andrus Veerpalu,Andrus Veerpalu,,,"Veerpalu also won the 30 km classical race at Salt Lake City in 2002, giving him three Olympic medals in total.",Veerpalu võitis 2002. aastal Salt Lake Citys ka 30 km klassikadistantsi ning kogus kokku kolm olümpiamedalit.,Andrus Veerpalu — Wikipedia (revision 1367472022),https://en.wikipedia.org/w/index.php?oldid=1367472022,CC-BY-SA-4.0,2026-08-28,reviewed,true
built-in-estonia-clue-0428,built-in-estonia,Estonia / Eesti,built-in-estonia-set-086,board,round-two,3,hard,sports,Estonia on Snow,Eesti lumel,"As of August 28, 2026, which Otepää-area resort does Visit Estonia describe as the country’s largest downhill-skiing centre?",Millist Otepää piirkonna kuurorti kirjeldab Visit Estonia 28. augusti 2026 seisuga riigi suurima mäesuusakeskusena?,Kuutsemäe,Kuutsemäe,,,The resort provides several marked slopes and lifts for downhill skiing and snowboarding near Otepää.,Otepää lähistel asuvas keskuses on mitu tähistatud nõlva ja tõstukit mäesuusatamiseks ning lumelauasõiduks.,Kuutsemäe Ski Resort — Visit Estonia,https://visitestonia.com/en/kuutsemae-ski-resort,all-rights-reserved,2026-08-28,reviewed,true
built-in-estonia-clue-0429,built-in-estonia,Estonia / Eesti,built-in-estonia-set-086,board,round-two,4,hard,sports,Estonia on Snow,Eesti lumel,Which Otepää sports landmark has a viewing platform reached by climbing beside a 90-metre ski-jumping hill?,"Millisel Otepää spordimaamärgil asub vaateplatvorm, kuhu tõustakse 90-meetrise suusahüppemäe kõrval?",The Tehvandi ski jump,Tehvandi suusahüppemägi,,,Tehvandi’s K90 ski jump doubles as an observation tower over the Otepää uplands.,Tehvandi K90 suusahüppemägi toimib ka Otepää kõrgustikule avaneva vaatetornina.,Tehvandi ski jump — Wikipedia (revision 1336529941),https://en.wikipedia.org/w/index.php?oldid=1336529941,CC-BY-SA-4.0,2026-08-28,reviewed,true
built-in-estonia-clue-0430,built-in-estonia,Estonia / Eesti,built-in-estonia-set-086,board,round-two,5,hard,sports,Estonia on Snow,Eesti lumel,Which southeastern Estonian training centre combines roller-ski tracks with a shooting range?,Millises Kagu-Eesti treeningukeskuses on ühendatud rullsuusarajad ja lasketiir?,The Haanja biathlon centre,Haanja laskesuusakeskus,,,Haanja’s roller-ski and shooting facilities allow Estonian biathletes to train beyond the snow season.,Haanja rullsuusa- ja lasketiirurajatised võimaldavad Eesti laskesuusatajatel treenida ka väljaspool lumehooaega.,Biathlon in Estonia — Wikipedia (revision 1367874211),https://en.wikipedia.org/w/index.php?oldid=1367874211,CC-BY-SA-4.0,2026-08-28,reviewed,true
built-in-estonia-clue-0431,built-in-estonia,Estonia / Eesti,built-in-estonia-set-087,board,round-two,1,hard,sports,Rally Roads,Ralliteed,Engines roar each autumn on island roads during which long-running Estonian rally?,Millise pika traditsiooniga Eesti ralli ajal mürisevad igal sügisel mootorid saare teedel?,Saaremaa Rally,Saaremaa ralli,,,"First held in 1974, the event uses fast gravel and asphalt stages around the island.",1974. aastal esimest korda peetud võistlus kasutab saarel kiireid kruusa- ja asfaltkattega kiiruskatseid.,Saaremaa Rally — Wikipedia (revision 1307633845),https://en.wikipedia.org/w/index.php?oldid=1307633845,CC-BY-SA-4.0,2026-08-28,reviewed,true
built-in-estonia-clue-0432,built-in-estonia,Estonia / Eesti,built-in-estonia-set-087,board,round-two,2,hard,sports,Rally Roads,Ralliteed,"Which Estonian rally, named for the country’s northeastern region, has often been based around Rakvere?",Milline Kirde-Eesti piirkonna järgi nimetatud ralli on sageli olnud seotud Rakverega?,Viru Rally,Viru ralli,,,Viru Rally’s official history traces the event to 1977 and describes it as a traditional Estonian championship round in Lääne-Viru County.,Viru ralli ametlik ajalugu ulatub 1977. aastasse ning kirjeldab võistlust Eesti meistrivõistluste traditsioonilise etapina Lääne-Virumaal.,Viru Rally history,https://virurally.ee/ajalugu/,all-rights-reserved,2026-08-28,reviewed,true
built-in-estonia-clue-0433,built-in-estonia,Estonia / Eesti,built-in-estonia-set-087,board,round-two,3,hard,sports,Rally Roads,Ralliteed,"Which Estonian rally driver named Georg, associated with OT Racing and Ford WRC cars, won multiple national titles?","Milline Georgi-nimeline Eesti rallisõitja, keda seostatakse OT Racingu ja Fordi WRC-autodega, võitis mitu riigi meistritiitlit?",Georg Gross,Georg Gross,,,Gross has competed for the OT Racing team and is especially associated with powerful Ford rally cars on Estonian stages.,Gross on võistelnud OT Racingu meeskonnas ning teda seostatakse Eesti rallidel eriti võimsate Fordi ralliautodega.,Georg Gross — Wikipedia (revision 1335887781),https://en.wikipedia.org/w/index.php?oldid=1335887781,CC-BY-SA-4.0,2026-08-28,reviewed,true
built-in-estonia-clue-0434,built-in-estonia,Estonia / Eesti,built-in-estonia-set-087,board,round-two,4,hard,sports,Rally Roads,Ralliteed,"Which Markko, whose surname begins with M, won five World Rally Championship rounds for Estonia in 2003–04?","Milline Markko, kelle perekonnanimi algab M-tähega, võitis aastatel 2003–04 Eesti rallisõitjana viis MM-etappi?",Markko Märtin,Markko Märtin,,,Märtin became the first Estonian to win a World Rally Championship round when he triumphed at the 2003 Acropolis Rally.,Märtinist sai 2003. aasta Akropolise ralli võiduga esimene MM-etapi võitnud Eesti rallisõitja.,Markko Märtin — Wikipedia (revision 1367327816),https://en.wikipedia.org/w/index.php?oldid=1367327816,CC-BY-SA-4.0,2026-08-28,reviewed,true
built-in-estonia-clue-0435,built-in-estonia,Estonia / Eesti,built-in-estonia-set-087,board,round-two,5,hard,sports,Rally Roads,Ralliteed,Which Urmo scored his first World Rally Championship podium for Estonia in Jordan in 2008?,Milline Urmo saavutas Eesti rallisõitjana 2008. aastal Jordaanias oma esimese MM-sarja poodiumikoha?,Urmo Aava,Urmo Aava,,,Aava later moved into rally administration and became closely involved in organising Estonia’s WRC round.,Aava siirdus hiljem rallikorraldusse ning osales tihedalt Eesti MM-etapi korraldamises.,Urmo Aava — Wikipedia (revision 1360639952),https://en.wikipedia.org/w/index.php?oldid=1360639952,CC-BY-SA-4.0,2026-08-28,reviewed,true
built-in-estonia-clue-0436,built-in-estonia,Estonia / Eesti,built-in-estonia-set-088,board,round-two,1,hard,sports,Track and Field Estonia,Eesti kergejõustik,Which Erki won Estonia’s Sydney 2000 Olympic decathlon gold?,Milline Erki võitis Eestile 2000. aasta Sydney olümpial kümnevõistluse kulla?,Erki Nool,Erki Nool,,,Nool also won the 1998 European decathlon title and later served in Estonia’s parliament.,Nool võitis ka 1998. aasta Euroopa kümnevõistluse tiitli ning kuulus hiljem riigikogusse.,Erki Nool — Wikipedia (revision 1360839634),https://en.wikipedia.org/w/index.php?oldid=1360839634,CC-BY-SA-4.0,2026-08-28,reviewed,true
built-in-estonia-clue-0437,built-in-estonia,Estonia / Eesti,built-in-estonia-set-088,board,round-two,2,hard,sports,Track and Field Estonia,Eesti kergejõustik,Which Rasmus became the first Estonian to run an Olympic 400-metre hurdles final?,Milline Rasmus jõudis esimese eestlasena olümpiamängudel 400 meetri tõkkejooksu finaali?,Rasmus Mägi,Rasmus Mägi,,,Mägi set Estonia’s national record in the event and has reached multiple European championship finals.,Mägi püstitas sellel alal Eesti rekordi ning jõudis mitmel korral Euroopa meistrivõistluste finaali.,Rasmus Mägi — Wikipedia (revision 1364222810),https://en.wikipedia.org/w/index.php?oldid=1364222810,CC-BY-SA-4.0,2026-08-28,reviewed,true
built-in-estonia-clue-0438,built-in-estonia,Estonia / Eesti,built-in-estonia-set-088,board,round-two,3,hard,sports,Track and Field Estonia,Eesti kergejõustik,Which Estonian decathlete won silver at the 2019 World Athletics Championships?,Milline Eesti kümnevõistleja võitis 2019. aasta kergejõustiku maailmameistrivõistlustel hõbeda?,Maicel Uibo,Maicel Uibo,,,Uibo competed collegiately for the University of Georgia before becoming a global-championship medallist.,Uibo võistles enne suurvõistluste medaliteni jõudmist USA-s Georgia ülikooli eest.,Maicel Uibo — Wikipedia (revision 1364239454),https://en.wikipedia.org/w/index.php?oldid=1364239454,CC-BY-SA-4.0,2026-08-28,reviewed,true
built-in-estonia-clue-0439,built-in-estonia,Estonia / Eesti,built-in-estonia-set-088,board,round-two,4,hard,sports,Track and Field Estonia,Eesti kergejõustik,Which Estonian runner won silver in the marathon at the 1920 Antwerp Olympics?,Milline Eesti jooksja võitis 1920. aasta Antwerpeni olümpiamaratonil hõbemedali?,Jüri Lossmann,Jüri Lossmann,,,Lossmann’s Antwerp result was Estonia’s first Olympic medal in athletics.,Lossmanni Antwerpeni tulemus oli Eesti esimene kergejõustiku olümpiamedal.,Jüri Lossmann — Wikipedia (revision 1364187796),https://en.wikipedia.org/w/index.php?oldid=1364187796,CC-BY-SA-4.0,2026-08-28,reviewed,true
built-in-estonia-clue-0440,built-in-estonia,Estonia / Eesti,built-in-estonia-set-088,board,round-two,5,hard,sports,Track and Field Estonia,Eesti kergejõustik,Which Estonian heptathlete later competed under the surname Griffin after marrying an NFL quarterback?,Milline Eesti seitsmevõistleja võistles pärast NFL-i mängijaga abiellumist perekonnanime Griffin all?,Grete Šadeiko,Grete Šadeiko,Grete Griffin,Grete Griffin,Šadeiko represented Florida State University in collegiate athletics before continuing her heptathlon career internationally.,Šadeiko esindas ülikoolispordis Florida State Universityt ning jätkas seejärel rahvusvahelist seitsmevõistlejakarjääri.,Grete Griffin — Wikipedia (revision 1361977075),https://en.wikipedia.org/w/index.php?oldid=1361977075,CC-BY-SA-4.0,2026-08-28,reviewed,true
built-in-estonia-clue-0441,built-in-estonia,Estonia / Eesti,built-in-estonia-set-089,board,round-two,1,hard,sports,Fans in the Stands,Fännid tribüünil,Which five-a-side indoor sport uses rolling substitutions and a ball designed to bounce less than a football?,Millises viieliikmelises saalialas kasutatakse jooksvaid vahetusi ja tavalisest jalgpallist vähem põrkavat palli?,Futsal,Saalijalgpall,,,"Play restarts with a kick-in rather than a throw-in, and there is no offside rule.","Küljejoonelt jätkatakse mängu jalalöögiga, mitte sisseviskega, ning suluseisureeglit ei ole.",A crash course in futsal rules — FIFA,https://inside.fifa.com/news/a-crash-course-in-futsal-rules,all-rights-reserved,2026-08-28,reviewed,true
built-in-estonia-clue-0442,built-in-estonia,Estonia / Eesti,built-in-estonia-set-089,board,round-two,2,hard,sports,Fans in the Stands,Fännid tribüünil,Which seven-player indoor ball sport has Estonian clubs such as Põlva Serviti and Mistra competing in both domestic and Baltic competitions?,"Millises seitsme mängijaga saalipallimängus osalevad Eesti klubid, näiteks Põlva Serviti ja Mistra, nii kodumaistel kui ka Balti võistlustel?",Handball,Käsipall,,,"In the 2025–26 season, Estonian championship matches involving Serviti and Mistra also counted toward the Baltic league standings.",Hooajal 2025–26 läksid Serviti ja Mistra osalusega Eesti meistrivõistluste mängud arvesse ka Balti liiga tabelis.,2026 Estonian championship and Baltic League joint-table match — Estonian Handball Association,https://www.handball.ee/p/vaata-otse-2026-eesti-meistrivoistluste-meeste-meistriliiga-ja-balti-liiga-uhisarvestuse-kohtumist-whvGBi,all-rights-reserved,2026-08-28,reviewed,true
built-in-estonia-clue-0443,built-in-estonia,Estonia / Eesti,built-in-estonia-set-089,board,round-two,3,hard,sports,Fans in the Stands,Fännid tribüünil,Which Tallinn football club plays in green and white and has won numerous Estonian league titles?,Milline Tallinna jalgpalliklubi mängib rohevalges ning on võitnud arvukalt Eesti meistritiitleid?,FC Flora,FC Flora,Flora Tallinn,Tallinna Flora,"Founded in 1990, Flora has also served as an important pathway from Estonian youth football into the national team.",1990. aastal asutatud Flora on olnud oluline tee Eesti noortejalgpallist rahvuskoondisse.,FC Flora — Wikipedia (revision 1370484612),https://en.wikipedia.org/w/index.php?oldid=1370484612,CC-BY-SA-4.0,2026-08-28,reviewed,true
built-in-estonia-clue-0444,built-in-estonia,Estonia / Eesti,built-in-estonia-set-089,board,round-two,4,hard,sports,Fans in the Stands,Fännid tribüünil,Which Tallinn stadium opened in 2001 and is also known by the sponsored name A. Le Coq Arena?,Milline Tallinna staadion avati 2001. aastal ja kannab ka sponsorinime A. Le Coq Arena?,Lilleküla Stadium,Lilleküla staadion,A. Le Coq Arena,A. Le Coq Arena,The venue was built as Estonia’s national football stadium and has also hosted major concerts.,Väljak rajati Eesti rahvusstaadionina jalgpallile ning seal on peetud ka suuri kontserte.,Lilleküla Stadium — Wikipedia (revision 1363996633),https://en.wikipedia.org/w/index.php?oldid=1363996633,CC-BY-SA-4.0,2026-08-28,reviewed,true
built-in-estonia-clue-0445,built-in-estonia,Estonia / Eesti,built-in-estonia-set-089,board,round-two,5,hard,sports,Fans in the Stands,Fännid tribüünil,Which basketball club represented Rapla in Estonia’s top men’s division during the 2025–26 season?,Milline korvpalliklubi esindas Raplat hooajal 2025–26 Eesti meeste kõrgliigas?,Rapla Basketball Club,Rapla korvpalliklubi,Rapla KK,Rapla KK,"Founded in 1996, the club has competed under several sponsor names while retaining its Rapla identity.","1996. aastal asutatud klubi on võistelnud mitme sponsorinime all, säilitades Rapla identiteedi.",Rapla KK — Wikipedia (revision 1356705505),https://en.wikipedia.org/w/index.php?oldid=1356705505,CC-BY-SA-4.0,2026-08-28,reviewed,true
built-in-estonia-clue-0446,built-in-estonia,Estonia / Eesti,built-in-estonia-set-090,board,round-two,1,hard,sports,Long-Distance Estonia,Eesti pikad distantsid,"As of August 28, 2026, which September road race is the largest marathon event in Estonia’s capital?",Milline septembrikuine maanteejooks on 28. augusti 2026 seisuga Eesti pealinna suurim maratoniüritus?,Tallinn Marathon,Tallinna maraton,,,"The race weekend offers shorter distances alongside the marathon, bringing elite runners and recreational participants onto the same city course.","Võistlusnädalavahetusel peetakse maratoni kõrval lühemaid distantse, tuues samale linnatrassile tipud ja harrastajad.",Tallinn Marathon — Wikipedia (revision 1348820592),https://en.wikipedia.org/w/index.php?oldid=1348820592,CC-BY-SA-4.0,2026-08-28,reviewed,true
built-in-estonia-clue-0447,built-in-estonia,Estonia / Eesti,built-in-estonia-set-090,board,round-two,2,hard,sports,Long-Distance Estonia,Eesti pikad distantsid,"As of August 28, 2026, which Tartu event is Estonia’s largest road-cycling race for amateur riders?",Milline Tartu üritus on 28. augusti 2026 seisuga Eesti suurim harrastajate maanteerattavõistlus?,Tartu Rattaralli,Tartu Rattaralli,,,The programme includes route choices for different abilities and finishes in Tartu as a mass-participation cycling day.,Kavas on eri võimetele sobivad rajavalikud ning Tartu finiš koondab võistluse suureks rahvaspordipäevaks.,Tartu Rattaralli,https://tartumaraton.ee/en/tartu-rattaralli-2025,all-rights-reserved,2026-08-28,reviewed,true
built-in-estonia-clue-0448,built-in-estonia,Estonia / Eesti,built-in-estonia-set-090,board,round-two,3,hard,sports,Long-Distance Estonia,Eesti pikad distantsid,Which former UCI Europe Tour one-day race began in Estonia’s capital and finished in its university city?,Milline endine UCI Euroopa tuuri ühepäevasõit algas Eesti pealinnas ja lõppes ülikoolilinnas?,Tallinn–Tartu Grand Prix,Tallinn–Tartu Grand Prix,,,"Unlike a stage race, the Grand Prix is decided in a single day on roads between the two city regions.",Erinevalt velotuurist otsustatakse Grand Prix ühe päevaga kahe linnapiirkonna vahelistel teedel.,Tallinn–Tartu Grand Prix — Wikipedia (revision 1311943239),https://en.wikipedia.org/w/index.php?oldid=1311943239,CC-BY-SA-4.0,2026-08-28,reviewed,true
built-in-estonia-clue-0449,built-in-estonia,Estonia / Eesti,built-in-estonia-set-090,board,round-two,4,hard,sports,Long-Distance Estonia,Eesti pikad distantsid,Which Estonian race first held in 1928 sends runners over roads and trails around a South Estonian lake each May?,Milline 1928. aastal alguse saanud Eesti jooks viib osalejad igal mais mööda teid ja radu ümber ühe Lõuna-Eesti järve?,The Viljandi Lake Run,Suurjooks ümber Viljandi järve,,,The cross-country route starts and finishes at Viljandi’s stadium rather than using a standard track distance.,Maastikuraja start ja finiš asuvad Viljandi staadionil ning võistlus ei järgi standardset staadionidistantsi.,Grand Race around Lake Viljandi — Wikipedia (revision 1286619161),https://en.wikipedia.org/w/index.php?oldid=1286619161,CC-BY-SA-4.0,2026-08-28,reviewed,true
built-in-estonia-clue-0450,built-in-estonia,Estonia / Eesti,built-in-estonia-set-090,board,round-two,5,hard,sports,Long-Distance Estonia,Eesti pikad distantsid,Which Estonian cyclist won four stages of the Tour de France and briefly wore its yellow jersey?,Milline Eesti jalgrattur võitis Tour de France’il neli etappi ja kandis lühikest aega kollast liidrisärki?,Jaan Kirsipuu,Jaan Kirsipuu,,,Kirsipuu was best known as a sprinter and collected his Tour de France stage victories between 1999 and 2004.,Kirsipuu oli eeskätt sprinter ning võitis oma Tour de France’i etapid aastatel 1999–2004.,Jaan Kirsipuu — Wikipedia (revision 1353628477),https://en.wikipedia.org/w/index.php?oldid=1353628477,CC-BY-SA-4.0,2026-08-28,reviewed,true
built-in-estonia-clue-0451,built-in-estonia,Estonia / Eesti,built-in-estonia-set-091,board,round-two,1,hard,sports,Games Estonia Plays,"Mängud, mida Eesti mängib","Which indoor team sport, played with light sticks, boards and a perforated plastic ball, is organised in Estonia through national leagues?","Millist saalivõistkonnaala mängitakse Eestis kergete keppide, poordide ja aukudega plastpalliga?",Floorball,Saalihoki,,,Floorball’s hollow plastic ball and lightweight sticks allow fast indoor play without the ice or skates used in hockey.,Saalihoki õõnes plastpall ja kerged kepid võimaldavad kiiret saalimängu ilma jäähoki jää ja uiskudeta.,Estonia — International Floorball Federation,https://floorball.sport/estonia/,all-rights-reserved,2026-08-28,reviewed,true
built-in-estonia-clue-0452,built-in-estonia,Estonia / Eesti,built-in-estonia-set-091,board,round-two,2,hard,sports,Games Estonia Plays,"Mängud, mida Eesti mängib",Which Estonian chess grandmaster was nicknamed the “Crown Prince of Chess”?,Millist Eesti male suurmeistrit hüüti „male kroonprintsiks“?,Paul Keres,Paul Keres,,,Keres represented Estonia at chess Olympiads and is commemorated on Estonia’s two-euro coin issued for his centenary.,Keres esindas Eestit maleolümpiatel ning tema sajandat sünniaastapäeva tähistati Eesti kaheeurose mälestusmündiga.,Paul Keres — Wikipedia (revision 1370326561),https://en.wikipedia.org/w/index.php?oldid=1370326561,CC-BY-SA-4.0,2026-08-28,reviewed,true
built-in-estonia-clue-0453,built-in-estonia,Estonia / Eesti,built-in-estonia-set-091,board,round-two,3,hard,sports,Games Estonia Plays,"Mängud, mida Eesti mängib",Players slide small discs toward corner pockets in which Baltic tabletop game also played in Estonia?,Millises ka Eestis mängitavas Balti lauamängus lükatakse väikesi kettaid nurgataskutesse?,Novuss,Novus,,,Players propel small discs with cues toward four corner pockets while trying to clear their own colour first.,Mängijad löövad kiidega väikseid kettaid nelja nurgatasku poole ning püüavad oma värvi kettad esimesena laualt eemaldada.,Novuss — Wikipedia (revision 1361453038),https://en.wikipedia.org/w/index.php?oldid=1361453038,CC-BY-SA-4.0,2026-08-28,reviewed,true
built-in-estonia-clue-0454,built-in-estonia,Estonia / Eesti,built-in-estonia-set-091,board,round-two,4,hard,sports,Games Estonia Plays,"Mängud, mida Eesti mängib",Which traditional Estonian throwing game asks players to topple wooden targets arranged inside two marked boxes?,Millises traditsioonilises Eesti viskemängus püütakse kahte märgitud kasti paigutatud puidust sihtmärke ümber lüüa?,Kurn,Kurnimäng,,,Descriptions preserved in the Estonian Folklore Archives show that layouts and local rules varied between communities.,"Eesti Rahvaluule Arhiivis talletatud kirjeldused näitavad, et sihtmärkide paigutus ja kohalikud reeglid erinesid paiguti.",Kurnimäng — Estonian Folklore Archives,https://www.folklore.ee/ukauka/arhiiv/items/show/1544,all-rights-reserved,2026-08-28,reviewed,true
built-in-estonia-clue-0455,built-in-estonia,Estonia / Eesti,built-in-estonia-set-091,board,round-two,5,hard,sports,Games Estonia Plays,"Mängud, mida Eesti mängib",Which traditional Estonian card game for four players uses a 36-card pack and gives the game to the side that takes five tricks?,"Millises traditsioonilises Eesti nelja mängija kaardimängus kasutatakse 36 kaarti ning võidab pool, kes saab viis tihi?",Brus,Brus,,,"Partners sit opposite one another, and the compact 36-card pack removes ranks below six.",Partnerid istuvad vastamisi ning 36-kaardilisest pakist puuduvad kuuet madalamad kaardid.,Brus card game — Wikipedia (revision 1242696299),https://en.wikipedia.org/w/index.php?oldid=1242696299,CC-BY-SA-4.0,2026-08-28,reviewed,true
built-in-estonia-clue-0456,built-in-estonia,Estonia / Eesti,built-in-estonia-set-092,board,round-two,1,hard,sports,Estonian Sports Stars,Eesti sporditähed,Which Anett became the first Estonian tennis player to reach second place in the world rankings?,Milline Anett tõusis esimese Eesti tennisistina maailma edetabelis teisele kohale?,Anett Kontaveit,Anett Kontaveit,,,"Kontaveit reached the 2021 WTA Finals championship match, a run that helped propel her toward the top of the rankings.",Kontaveit jõudis 2021. aasta WTA finaalturniiri esikohamängu ning see edu aitas tal tõusta maailma edetabeli tippu.,Anett Kontaveit — Wikipedia (revision 1367545735),https://en.wikipedia.org/w/index.php?oldid=1367545735,CC-BY-SA-4.0,2026-08-28,reviewed,true
built-in-estonia-clue-0457,built-in-estonia,Estonia / Eesti,built-in-estonia-set-092,board,round-two,2,hard,sports,Estonian Sports Stars,Eesti sporditähed,Which Ragnar became the first Estonian footballer to appear in the English Premier League?,Milline Ragnar sai esimeseks Inglismaa kõrgliigas mänginud Eesti jalgpalluriks?,Ragnar Klavan,Ragnar Klavan,,,Klavan joined Liverpool in 2016 after playing in Germany’s Bundesliga for Augsburg.,Klavan liitus 2016. aastal Liverpooliga pärast mängimist Saksamaa Bundesligas Augsburgi klubis.,Ragnar Klavan — Wikipedia (revision 1364587544),https://en.wikipedia.org/w/index.php?oldid=1364587544,CC-BY-SA-4.0,2026-08-28,reviewed,true
built-in-estonia-clue-0458,built-in-estonia,Estonia / Eesti,built-in-estonia-set-092,board,round-two,3,hard,sports,Estonian Sports Stars,Eesti sporditähed,Which Kristjan became the first Estonian basketball player in Italy’s top league and later competed in the EuroLeague?,Milline Kristjan sai esimeseks Itaalia kõrgliigas mänginud Eesti korvpalluriks ning võistles hiljem Euroliigas?,Kristjan Kangur,Kristjan Kangur,,,Kangur also represented Estonia at multiple EuroBasket final tournaments during his long national-team career.,Kangur esindas pika koondisekarjääri jooksul Eestit mitmel korvpalli Euroopa meistrivõistluste finaalturniiril.,Kristjan Kangur — Wikipedia (revision 1361208719),https://en.wikipedia.org/w/index.php?oldid=1361208719,CC-BY-SA-4.0,2026-08-28,reviewed,true
built-in-estonia-clue-0459,built-in-estonia,Estonia / Eesti,built-in-estonia-set-092,board,round-two,4,hard,sports,Estonian Sports Stars,Eesti sporditähed,"Which Aavo, a cyclist whose surname begins with P, won Olympic team-road-race gold for the Soviet Union in 1976?","Milline Aavo, kelle perekonnanimi algab P-tähega, võitis 1976. aastal Nõukogude Liidu meeskonnas olümpiakulla meeskonnasõidus?",Aavo Pikkuus,Aavo Pikkuus,,,Pikkuus was also a leading stage racer and won the individual title at the 1977 Peace Race.,Pikkuus oli ka edukas mitmepäevasõitja ning võitis 1977. aastal Rahutuuri individuaalarvestuse.,Aavo Pikkuus — Wikipedia (revision 1371436244),https://en.wikipedia.org/w/index.php?oldid=1371436244,CC-BY-SA-4.0,2026-08-28,reviewed,true
built-in-estonia-clue-0460,built-in-estonia,Estonia / Eesti,built-in-estonia-set-092,board,round-two,5,hard,sports,Estonian Sports Stars,Eesti sporditähed,Which Mart won super-heavyweight silver for Estonia at the 2015 World Weightlifting Championships?,Milline Mart võitis 2015. aasta tõstmise maailmameistrivõistlustel Eestile üliraskekaalus hõbemedali?,Mart Seim,Mart Seim,,,Seim also represented Estonia at the 2016 Rio Olympics and set national records in the heaviest class.,Seim esindas Eestit ka 2016. aasta Rio olümpial ning püstitas raskeimas kaalukategoorias Eesti rekordeid.,Mart Seim — Wikipedia (revision 1360710337),https://en.wikipedia.org/w/index.php?oldid=1360710337,CC-BY-SA-4.0,2026-08-28,reviewed,true
built-in-estonia-clue-0461,built-in-estonia,Estonia / Eesti,built-in-estonia-set-093,board,round-two,1,hard,food-everyday-culture,From Bakery to Dessert,Pagariletist magustoiduni,"Which spiral pastry, whose Estonian name literally means “cinnamon roll,” is a café-case favourite?",Milline spiraalne kaneeliga saiake on Eesti kohvikulettidel tavaline?,A cinnamon roll,Kaneelirull,Kaneelirull,Kaneelirull,"Estonian café versions belong to the wider Nordic tradition of soft yeast buns rolled with butter, sugar and cinnamon.","Eesti kohvikute kaneelirullid kuuluvad Põhjamaade pehmete pärmitainakuklite traditsiooni ning täidiseks kasutatakse võid, suhkrut ja kaneeli.",Cinnamon roll — Wikipedia (revision 1368485405),https://en.wikipedia.org/w/index.php?oldid=1368485405,CC-BY-SA-4.0,2026-08-28,reviewed,true
built-in-estonia-clue-0462,built-in-estonia,Estonia / Eesti,built-in-estonia-set-093,board,round-two,2,hard,food-everyday-culture,From Bakery to Dessert,Pagariletist magustoiduni,"Which custard-filled layer cake, named for a French emperor, is a familiar choice in Estonian café display cases?",Milline Prantsuse keisri järgi nimetatud keedukreemiga kihiline kook on Eesti kohvikute vitriinides tuttav valik?,Napoleon cake,Napoleoni kook,,,Estonian versions of Napoleon cake alternate crisp pastry layers with custard and are usually left to soften before slicing.,Eesti Napoleoni koogis vahelduvad krõbedad tainakihid keedukreemiga ning kook jäetakse enne lõikamist tavaliselt pehmenema.,Napoleon cake — Wikipedia (revision 1371226122),https://en.wikipedia.org/w/index.php?oldid=1371226122,CC-BY-SA-4.0,2026-08-28,reviewed,true
built-in-estonia-clue-0463,built-in-estonia,Estonia / Eesti,built-in-estonia-set-093,board,round-two,3,hard,food-everyday-culture,From Bakery to Dessert,Pagariletist magustoiduni,Stale rye bread gains a second life in which sweet Estonian dessert soup?,Millises magusas Eesti dessertsupis saab tahkunud rukkileib uue elu?,Bread soup,Leivasupp,Leivasupp,Leivasupp,"The soaked bread is cooked with sugar and often fruit, then served chilled with milk or cream.",Leotatud leib keedetakse suhkru ja sageli puuviljadega ning magustoitu pakutakse jahtunult piima või koorega.,Bread soup — Wikipedia (revision 1360348031),https://en.wikipedia.org/w/index.php?oldid=1360348031,CC-BY-SA-4.0,2026-08-28,reviewed,true
built-in-estonia-clue-0464,built-in-estonia,Estonia / Eesti,built-in-estonia-set-093,board,round-two,4,hard,food-everyday-culture,From Bakery to Dessert,Pagariletist magustoiduni,Which cream-filled cardamom bun appears in Estonian cafés around Shrove Tuesday?,Milline vahukoorega täidetud kardemonisai ilmub Eesti kohvikutesse vastlapäeva paiku?,Vastlakukkel,Vastlakukkel,,,Vastlakukkel belongs to the same northern European Shrovetide bun family as Swedish semla and is traditionally eaten before Lent.,Vastlakukkel kuulub samasse Põhja-Euroopa vastlakuklite perekonda nagu Rootsi semla ning seda süüakse tavapäraselt enne paastu.,Vastlakukkel — Wikipedia (revision 1363534911),https://en.wikipedia.org/w/index.php?oldid=1363534911,CC-BY-SA-4.0,2026-08-28,reviewed,true
built-in-estonia-clue-0465,built-in-estonia,Estonia / Eesti,built-in-estonia-set-093,board,round-two,5,hard,food-everyday-culture,From Bakery to Dessert,Pagariletist magustoiduni,Semolina and tart berry juice are whipped into which airy pink Estonian dessert?,Milline õhuline roosa Eesti magustoit valmib manna ja hapuka marjamahla vahustamisel?,Mannavaht,Mannavaht,Whipped semolina porridge,Mannavaht,Whipping cooked semolina traps air and gives mannavaht its light texture; it is commonly served chilled with milk.,Keedetud manna vahustamine seob segusse õhku ja muudab mannavahu kergeks; magustoitu pakutakse sageli külmalt piimaga.,Mannavaht — Wikipedia (revision 1364960732),https://en.wikipedia.org/w/index.php?oldid=1364960732,CC-BY-SA-4.0,2026-08-28,reviewed,true
built-in-estonia-clue-0466,built-in-estonia,Estonia / Eesti,built-in-estonia-set-094,board,round-two,1,hard,food-everyday-culture,Savoury Estonia,Eesti soolased maitsed,Which flatfish is traditionally smoked on Estonia’s western islands and coastal villages?,Millist lamedat kala suitsutatakse traditsiooniliselt Eesti läänesaartel ja rannakülades?,Flounder,Lest,,,"The fish is usually cleaned and brined before hot smoking, a method that suits small coastal catches.",Kala puhastatakse ja soolatakse tavaliselt enne kuumsuitsutamist; see meetod sobib väikeste rannapüükide töötlemiseks.,Fishing in Estonia — smoking flounder,https://visitestonia.com/en/what-to-do/fishing-in-estonia-where-when-and-how-to-do-it,all-rights-reserved,2026-08-28,reviewed,true
built-in-estonia-clue-0467,built-in-estonia,Estonia / Eesti,built-in-estonia-set-094,board,round-two,2,hard,food-everyday-culture,Savoury Estonia,Eesti soolased maitsed,Which hearty South Estonian dish combines mashed potatoes with barley groats?,Milline toekas Lõuna-Eesti roog ühendab kartulipudru odrakruupidega?,Mulgi porridge,Mulgipuder,Mulgipuder,Mulgipuder,"The porridge is commonly finished with fried pork and onions, which add richness to the mild potato-and-groat base.","Pudrule lisatakse sageli praetud sealiha ja sibulat, mis annavad mahedale kartuli-kruubipõhjale tugevama maitse.",A tour of regional Estonian cuisine — Visit Estonia,https://visitestonia.com/en/what-to-do/regional-flavors,all-rights-reserved,2026-08-28,reviewed,true
built-in-estonia-clue-0468,built-in-estonia,Estonia / Eesti,built-in-estonia-set-094,board,round-two,3,hard,food-everyday-culture,Savoury Estonia,Eesti soolased maitsed,Beetroot and herring give which traditional Estonian celebration salad its pink colour?,Millisele traditsioonilisele Eesti pidulauasalatile annavad peet ja heeringas roosa värvi?,Rosolje,Rosolje,,,"The salad is commonly bound with sour cream and may include potato, pickles and apple alongside the beetroot.","Salat seotakse sageli hapukoorega ning peedi kõrval võivad selles olla kartul, hapukurk ja õun.",Old-school rosolje — ERR,https://eeter.err.ee/1609554571/vanakooli-rosolje-maitsete-vahekorrad-saab-paika-kohvitassiga,all-rights-reserved,2026-08-28,reviewed,true
built-in-estonia-clue-0469,built-in-estonia,Estonia / Eesti,built-in-estonia-set-094,board,round-two,4,hard,food-everyday-culture,Savoury Estonia,Eesti soolased maitsed,Sauerkraut cooks slowly with barley and pork in which dish named for Estonia’s Mulgi region?,Millises Mulgimaa järgi nimetatud roas küpseb hapukapsas aeglaselt odra ja sealihaga?,Mulgikapsad,Mulgikapsad,,,Slow cooking lets the barley absorb the pork and sauerkraut flavours; the dish is commonly served with boiled potatoes.,Pikal hautamisel imab oder sealiha ja hapukapsa maitseid ning rooga pakutakse sageli keedukartulitega.,Mulgikapsad — Wikipedia (revision 1333338632),https://en.wikipedia.org/w/index.php?oldid=1333338632,CC-BY-SA-4.0,2026-08-28,reviewed,true
built-in-estonia-clue-0470,built-in-estonia,Estonia / Eesti,built-in-estonia-set-094,board,round-two,5,hard,food-everyday-culture,Savoury Estonia,Eesti soolased maitsed,Which cumin-flavoured fresh cheese is a traditional food of southeastern Estonia?,Milline köömnetega maitsestatud toorjuust on Kagu-Eesti traditsiooniline toit?,Sõir,Sõir,,,"Sõir is heated from curd with eggs and butter, then seasoned—often with caraway—before being pressed and cooled.","Sõira valmistamisel kuumutatakse kohupiima muna ja võiga, maitsestatakse sageli köömnetega ning pressitakse enne jahutamist.",Commission Implementing Regulation (EU) 2021/875 — Sõir PGI,https://eur-lex.europa.eu/legal-content/EN/TXT/?uri=CELEX%3A32021R0875,EU-reuse-policy,2026-08-28,reviewed,true
built-in-estonia-clue-0471,built-in-estonia,Estonia / Eesti,built-in-estonia-set-095,board,round-two,1,hard,food-everyday-culture,Estonian Drinks,Eesti joogid,Which hot spiced wine gives its name to Hiiumaa’s December Glögi Café Day?,Milline kuum vürtsitatud vein annab nime Hiiumaa detsembrikuisele glögikohvikute päevale?,Mulled wine,Hõõgvein,Glögi,Glögi,"On Glögi Café Day, participating Hiiumaa cafés serve mulled wine as part of a one-day winter event.",Glögikohvikute päeval pakuvad osalevad Hiiumaa kohvikud ühepäevase talveürituse raames hõõgveini.,Hiiumaa’s Glögi Café Day,https://visitestonia.com/en/hiiumaas-glogi-cafe-day,all-rights-reserved,2026-08-28,reviewed,true
built-in-estonia-clue-0472,built-in-estonia,Estonia / Eesti,built-in-estonia-set-095,board,round-two,2,hard,food-everyday-culture,Estonian Drinks,Eesti joogid,Which lightly fermented dark Estonian drink is traditionally made from bread?,Milline kergelt kääritatud tume Eesti jook valmistatakse traditsiooniliselt leivast?,Kali,Kali,Kvass,Kvass,Kali gains its tang and light carbonation from fermentation and is generally sold as a low- or non-alcoholic refreshment.,Kali saab hapuka maitse ja kerge mullisuse käärimisest ning seda müüakse tavaliselt vähese alkoholiga või alkoholivaba karastusjoogina.,Kvass — Wikipedia (revision 1369995851),https://en.wikipedia.org/w/index.php?oldid=1369995851,CC-BY-SA-4.0,2026-08-28,reviewed,true
built-in-estonia-clue-0473,built-in-estonia,Estonia / Eesti,built-in-estonia-set-095,board,round-two,3,hard,food-everyday-culture,Estonian Drinks,Eesti joogid,"Which dark, rum-flavoured Estonian liqueur is named after the country’s capital?",Milline tume rummimaitseline Eesti liköör kannab riigi pealinna nime?,Vana Tallinn,Vana Tallinn,,,"Liviko has produced Vana Tallinn since the 1960s, later offering versions at different strengths while retaining its spice-and-citrus profile.","Liviko on Vana Tallinna tootnud alates 1960. aastatest; hiljem on pakutud eri kangusega versioone, säilitades vürtsise ja tsitruselise maitse.",Vana Tallinn — Liviko,https://liviko.ee/toode/vana-tallinn-2/,all-rights-reserved,2026-08-28,reviewed,true
built-in-estonia-clue-0474,built-in-estonia,Estonia / Eesti,built-in-estonia-set-095,board,round-two,4,hard,food-everyday-culture,Estonian Drinks,Eesti joogid,Which Tallinn craft brewery has a name meaning “northern land”?,Millise Tallinna käsitööõlletootja nimi tähendab põhjamaad?,Põhjala,Põhjala,,,The brewery later moved production and a taproom into the former Noblessner shipyard district by Tallinn Bay.,Õlletehas kolis hiljem tootmise ja õllesaali Tallinna lahe ääres asuvasse endisesse Noblessneri laevatehase piirkonda.,Põhjala Brewery — Wikipedia (revision 1364258830),https://en.wikipedia.org/w/index.php?oldid=1364258830,CC-BY-SA-4.0,2026-08-28,reviewed,true
built-in-estonia-clue-0475,built-in-estonia,Estonia / Eesti,built-in-estonia-set-095,board,round-two,5,hard,food-everyday-culture,Estonian Drinks,Eesti joogid,"Which brewery, founded in 1820, takes its name from a small town near Tallinn?",Milline 1820. aastal asutatud õlletehas kannab Tallinna lähedal asuva aleviku nime?,Saku,Saku,,,Saku’s brewing history began on the local manor estate and later grew into one of Estonia’s major industrial breweries.,Saku õllepruulimise ajalugu algas kohalikus mõisas ning arenes hiljem üheks Eesti suuremaks tööstuslikuks õlletehaseks.,Saku Brewery — Wikipedia (revision 1359463984),https://en.wikipedia.org/w/index.php?oldid=1359463984,CC-BY-SA-4.0,2026-08-28,reviewed,true
built-in-estonia-clue-0476,built-in-estonia,Estonia / Eesti,built-in-estonia-set-096,board,round-two,1,hard,food-everyday-culture,Five Useful Estonian Words,Viis kasulikku eesti sõna,Which Estonian word can mean both “please” and “you’re welcome”?,Milline eesti sõna sobib nii viisaka palve alustuseks kui ka tänule vastamiseks?,Palun,Palun,,,"Palun comes from paluma, “to ask,” and can also introduce a request or invitation in ordinary conversation.",„Palun“ pärineb tegusõnast „paluma“ ning võib tavakõnes alustada ka soovi või kutset.,EKI Basic Estonian Dictionary: palun,https://arhiiv.eki.ee/dict/psv/index.cgi?Q=palun,all-rights-reserved,2026-08-28,reviewed,true
built-in-estonia-clue-0477,built-in-estonia,Estonia / Eesti,built-in-estonia-set-096,board,round-two,2,hard,food-everyday-culture,Five Useful Estonian Words,Viis kasulikku eesti sõna,Which six-letter Estonian word can express “thank you” as a complete sentence?,Milline kuue tähega eesti sõna väljendab tervikliku lausena tänulikkust?,Tänan,Tänan,,,"The more emphatic phrase “tänan väga” adds väga, meaning “very much,” to strengthen the thanks.",Rõhutatud väljendis „tänan väga“ lisab sõna „väga“ tänuavaldusele jõudu.,EKI Basic Estonian Dictionary: tänan,https://arhiiv.eki.ee/dict/psv/index.cgi?Q=t%C3%A4nan,all-rights-reserved,2026-08-28,reviewed,true
built-in-estonia-clue-0478,built-in-estonia,Estonia / Eesti,built-in-estonia-set-096,board,round-two,3,hard,food-everyday-culture,Five Useful Estonian Words,Viis kasulikku eesti sõna,Which three-letter Estonian word beginning with i can describe the conditions outside?,Milline i-tähega algav kolmetäheline eesti sõna kirjeldab õues valitsevaid olusid?,Ilm,Ilm,,,Ilm denotes weather; in compounds and older usage it can also relate to the world or realm around us.,„Ilm“ tähendab ilmaolusid ning liitsõnades ja vanemas keeles võib see viidata ka ümbritsevale maailmale.,EKI Basic Estonian Dictionary: ilm,https://arhiiv.eki.ee/dict/psv/index.cgi?Q=ilm,all-rights-reserved,2026-08-28,reviewed,true
built-in-estonia-clue-0479,built-in-estonia,Estonia / Eesti,built-in-estonia-set-096,board,round-two,4,hard,food-everyday-culture,Five Useful Estonian Words,Viis kasulikku eesti sõna,Which Estonian word can mean both a dwelling and the place where someone feels they belong?,"Milline eesti sõna võib tähendada nii elupaika kui ka paika, kus inimene tunneb end kuuluvat?",Kodu,Kodu,,,"Kodu forms compounds such as kodumaa, “homeland,” extending the word from a dwelling to a place of belonging.","„Kodu“ moodustab liitsõnu, näiteks „kodumaa“, laiendades tähenduse eluasemelt kuuluvustundega paigale.",EKI Basic Estonian Dictionary: kodu,https://arhiiv.eki.ee/dict/psv/index.cgi?Q=kodu,all-rights-reserved,2026-08-28,reviewed,true
built-in-estonia-clue-0480,built-in-estonia,Estonia / Eesti,built-in-estonia-set-096,board,round-two,5,hard,food-everyday-culture,Five Useful Estonian Words,Viis kasulikku eesti sõna,What Estonian geography word means “island”?,Milline eesti geograafiasõna tähistab veega ümbritsetud maismaad?,Saar,Saar,,,"Saar also appears inside island place names such as Saaremaa, literally linking the vocabulary word with geography.","„Saar“ esineb ka saarte kohanimedes, näiteks Saaremaa nimes, sidudes sõnavara otseselt geograafiaga.",EKI Basic Estonian Dictionary: saar,https://arhiiv.eki.ee/dict/psv/index.cgi?Q=saar,all-rights-reserved,2026-08-28,reviewed,true
built-in-estonia-clue-0481,built-in-estonia,Estonia / Eesti,built-in-estonia-set-097,board,round-two,1,hard,food-everyday-culture,Crafted in Estonia,Eestis meisterdatud,"Which clay-based discipline has its own curriculum at the Estonian Academy of Arts, covering vessels, sculpture, glazes and kiln firing?","Millisel savipõhisel erialal on Eesti Kunstiakadeemias oma õppekava, mis hõlmab anumaid, skulptuuri, glasuure ja ahjupõletust?",Ceramics,Keraamika,,,EKA’s ceramics curriculum treats clay as both a functional material and a medium for contemporary artistic practice.,EKA keraamika õppekava käsitleb savi nii tarbeesemete materjali kui ka nüüdiskunsti väljendusvahendina.,Ceramics — Estonian Academy of Arts,https://www.artun.ee/en/curricula/ceramics/,all-rights-reserved,2026-08-28,reviewed,true
built-in-estonia-clue-0482,built-in-estonia,Estonia / Eesti,built-in-estonia-set-097,board,round-two,2,hard,food-everyday-culture,Crafted in Estonia,Eestis meisterdatud,Which traditional lidded wooden beer vessel is assembled by coopers from fitted staves?,Milline traditsiooniline kaanega puidust õllejooginõu pannakse laudsepatööna kokku sobitatud laudadest?,A wooden beer mug,Õllekapp,Beer mug;wooden tankard,Õllekapp;puidust joogikapp,"The lid helps keep debris out of the drink, while the handle and hoops strengthen the coopered vessel.",Kaas hoiab joogi puhtamana ning sang ja vitsad muudavad laudsepatööna valmistatud anuma tugevaks.,Traditional wooden tankards from the Estonian National Museum collection — DIGAR,https://www.digar.ee/arhiiv/en/books/72568,all-rights-reserved,2026-08-28,reviewed,true
built-in-estonia-clue-0483,built-in-estonia,Estonia / Eesti,built-in-estonia-set-097,board,round-two,3,hard,food-everyday-culture,Crafted in Estonia,Eestis meisterdatud,"Which fragrant island wood is commonly carved into butter knives, trivets and small souvenirs on Saaremaa?","Millist lõhnavat saarepuitu nikerdatakse Saaremaal sageli võinugadeks, kuumaalusteks ja väikesteks meeneteks?",Juniper wood,Kadakapuit,,,"The wood’s natural aroma persists after carving, which makes small household objects distinctive even before they are used.","Puidu loomulik lõhn püsib ka pärast nikerdamist, muutes väikesed tarbeesemed äratuntavaks juba enne kasutamist.",Saaremaa souvenirs — Visit Saaremaa,https://www.visitsaaremaa.ee/en/care/buy-consciously/saaremaa-souvenirs/,all-rights-reserved,2026-08-28,reviewed,true
built-in-estonia-clue-0484,built-in-estonia,Estonia / Eesti,built-in-estonia-set-097,board,round-two,4,hard,food-everyday-culture,Crafted in Estonia,Eestis meisterdatud,What short name is used for the traditional dark knitted Kihnu men’s sweater with bright geometric bands?,"Millise lühikese nimega kutsutakse traditsioonilist tumedat Kihnu meeste kampsunit, millel on erksad geomeetrilised vöödid?",A Kihnu troi,Kihnu troi,,,"The hand-knitted, fully patterned men’s sweater is considered a valuable gift, and Kihnu honorary citizens wear gifted trois with pride.",Käsitsi kootud üleni mustrilist meeste kampsunit peetakse väärtuslikuks kingiks ning Kihnu aukodanikud kannavad neile kingitud troid uhkusega.,Kihnu handicraft and national costume — Visit Kihnu,https://visitkihnu.ee/en/kihnu-handicraft-and-traditional-ethnic-wear,all-rights-reserved,2026-08-28,reviewed,true
built-in-estonia-clue-0485,built-in-estonia,Estonia / Eesti,built-in-estonia-set-097,board,round-two,5,hard,food-everyday-culture,Crafted in Estonia,Eestis meisterdatud,"Which southeastern Estonian craft braids fine linen, red or blue cotton, and colourful wool around bobbins to make patterned lace?","Millises Kagu-Eesti käsitöös põimitakse pulkade abil peent linast, punast või sinist puuvillast ning värvilist villast lõnga mustriliseks pitsiks?",Seto bobbin lace,Seto niplispits,,,The lace is built by repeatedly crossing and twisting threads held on separate bobbins over a pinned pattern.,Pits valmib eraldi pulkadel olevate lõngade korduva ristamise ja keeramisega nõeltega kinnitatud mustri kohal.,Seto Bobbin Lace — University of Tartu Viljandi Culture Academy,https://viljandi.ut.ee/et/sisu/seto-bobbin-lace,all-rights-reserved,2026-08-28,reviewed,true
built-in-estonia-clue-0486,built-in-estonia,Estonia / Eesti,built-in-estonia-set-098,board,round-two,1,hard,food-everyday-culture,Estonian Christmas Traditions,Eesti jõulutraditsioonid,On which December date do many Estonian families eat their main Christmas meal and exchange gifts?,Millisel detsembrikuu kuupäeval söövad paljud Eesti pered peamise jõulusöögi ja jagavad kingitusi?,24 December,24. detsember,,,The evening combines the family meal with candle-lighting and visits to graves in many Estonian households.,Paljudes Eesti peredes ühendatakse sel õhtul ühine söögikord küünalde süütamise ja kalmistukülastusega.,How to enjoy a traditional Christmas dinner in Estonia,https://visitestonia.com/en/what-to-do/how-to-enjoy-a-traditional-christmas-dinner-in-estonia,all-rights-reserved,2026-08-28,reviewed,true
built-in-estonia-clue-0487,built-in-estonia,Estonia / Eesti,built-in-estonia-set-098,board,round-two,2,hard,food-everyday-culture,Estonian Christmas Traditions,Eesti jõulutraditsioonid,"Which spiced biscuit, cut into festive shapes, is baked widely in Estonia at Christmas?","Millist vürtsikat, pidulikesse kujunditesse lõigatud küpsist küpsetatakse Eestis jõulude ajal laialdaselt?",Gingerbread,Piparkook,Piparkook,Piparkook,Families often decorate the cooled biscuits with white sugar icing and hang some as ornaments.,Pered kaunistavad jahtunud küpsiseid sageli valge suhkruglasuuriga ning riputavad osa neist eheteks.,How to enjoy a traditional Christmas dinner in Estonia,https://visitestonia.com/en/what-to-do/how-to-enjoy-a-traditional-christmas-dinner-in-estonia,all-rights-reserved,2026-08-28,reviewed,true
built-in-estonia-clue-0488,built-in-estonia,Estonia / Eesti,built-in-estonia-set-098,board,round-two,3,hard,food-everyday-culture,Estonian Christmas Traditions,Eesti jõulutraditsioonid,"Before receiving a present from jõuluvana, what short performance are Estonian children often expected to give?",Mida oodatakse Eesti lastelt sageli enne jõuluvanalt kingituse saamist?,Reciting a poem,Luuletuse lugemine,,,"The custom turns gift-giving into a small family performance, and a song or riddle may substitute for the poem.",Komme muudab kingijagamise väikeseks pereetenduseks ning luuletuse asemel võib esitada ka laulu või mõistatuse.,An Estonian Christmas — Tallinn In Your Pocket,https://www.inyourpocket.com/estonia/tallinn/articles/an-estonian-christmas,all-rights-reserved,2026-08-28,reviewed,true
built-in-estonia-clue-0489,built-in-estonia,Estonia / Eesti,built-in-estonia-set-098,board,round-two,4,hard,food-everyday-culture,Estonian Christmas Traditions,Eesti jõulutraditsioonid,"What public message is proclaimed from Tallinn Town Hall each Christmas Eve, following a custom traced to the 15th century?","Milline avalik sõnum kuulutatakse Tallinna raekojast igal jõululaupäeval tava järgi, mille juured ulatuvad 15. sajandisse?",Christmas Peace,Jõulurahu,,,The mayor reads the proclamation from the Town Hall balcony before the noon bells on Christmas Eve.,Linnapea loeb väljakuulutuse jõululaupäeva keskpäeval raekoja rõdult enne kellade helisemist.,Christmas Peace — Wikipedia (revision 1329198493),https://en.wikipedia.org/w/index.php?oldid=1329198493,CC-BY-SA-4.0,2026-08-28,reviewed,true
built-in-estonia-clue-0490,built-in-estonia,Estonia / Eesti,built-in-estonia-set-098,board,round-two,5,hard,food-everyday-culture,Estonian Christmas Traditions,Eesti jõulutraditsioonid,Which Estonian winter song imitates a sleigh bell in the repeated word “tiliseb”?,Milline Eesti talvelaul jäljendab saanukella korduva sõnaga „tiliseb“?,"Tiliseb, tiliseb aisakell","Tiliseb, tiliseb aisakell",,,"The repeated verb tiliseb means “jingles,” so the refrain makes the sleigh bell audible even before the full title is translated.","Korduv tegusõna „tiliseb“ jäljendab helinat, nii et refrään muudab aisakella kuuldavaks juba enne kogu pealkirja tõlkimist.","ERR Children’s Songs: Tiliseb, tiliseb aisakell",https://laululapsed.err.ee/tekstid-talvelaulud.html,all-rights-reserved,2026-08-28,reviewed,true
built-in-estonia-clue-0491,built-in-estonia,Estonia / Eesti,built-in-estonia-set-099,board,round-two,1,hard,food-everyday-culture,Estonian Food Stops,Eesti toidupeatused,Which domed riverside market building has served central Tartu since 1938?,Milline kupliga jõeäärne turuhoone on teenindanud Tartu kesklinna alates 1938. aastast?,Tartu Market Hall,Tartu turuhoone,,,"Tartu Market Hall is a riverside indoor market known for local meat, dairy, bakery and produce stalls.","Tartu turuhoone on jõeäärne siseturg, kus müüakse kohalikku liha, piimatooteid, pagarikaupa ja aiasaadusi.",Tartu Market Hall — Visit Estonia,https://visitestonia.com/en/tartu-market-hall,all-rights-reserved,2026-08-28,reviewed,true
built-in-estonia-clue-0492,built-in-estonia,Estonia / Eesti,built-in-estonia-set-099,board,round-two,2,hard,food-everyday-culture,Estonian Food Stops,Eesti toidupeatused,Which Tallinn district market reopened after its historic wooden hall was destroyed by fire in 2010?,"Milline Tallinna linnaosaturg taasavati pärast seda, kui selle ajalooline puithoone hävis 2010. aasta tulekahjus?",Nõmme Market,Nõmme turg,,,"After the historic market hall burned in 2010, a reconstruction reopened on the same site and restored the district landmark.","Pärast ajaloolise turuhoone põlengut 2010. aastal avati samas kohas taastatud hoone, mis ennistas linnaosa maamärgi.",Nõmme Market — Wikipedia (revision 1335233233),https://en.wikipedia.org/w/index.php?oldid=1335233233,CC-BY-SA-4.0,2026-08-28,reviewed,true
built-in-estonia-clue-0493,built-in-estonia,Estonia / Eesti,built-in-estonia-set-099,board,round-two,3,hard,food-everyday-culture,Estonian Food Stops,Eesti toidupeatused,Which café opened in Tallinn in 1864 and is often described as the city’s oldest operating café?,Milline 1864. aastal Tallinnas avatud kohvik on sageli nimetatud linna vanimaks tegutsevaks kohvikuks?,Maiasmokk,Maiasmokk,,,Maiasmokk preserves a historic interior and includes a marzipan room that presents Tallinn’s confectionery tradition.,Maiasmokk on säilitanud ajaloolise interjööri ning selle martsipanitoas tutvustatakse Tallinna maiustustetraditsiooni.,Cafe Maiasmokk,https://kohvikmaiasmokk.ee/en/,all-rights-reserved,2026-08-28,reviewed,true
built-in-estonia-clue-0494,built-in-estonia,Estonia / Eesti,built-in-estonia-set-099,board,round-two,4,hard,food-everyday-culture,Estonian Food Stops,Eesti toidupeatused,Which historic Tartu café on Ülikooli Street has long been associated with students and writers?,Milline ajalooline Tartu kohvik Ülikooli tänaval on kaua olnud seotud üliõpilaste ja kirjanikega?,Werner Café,Werneri kohvik,,,The café traces its history to 1895 and became a regular meeting place for university intellectuals and artists.,Kohviku ajalugu ulatub 1895. aastasse ning sellest kujunes ülikoolirahva ja kunstnike püsiv kohtumispaik.,Our story — Werner Cafe,https://www.werner.ee/our-story,all-rights-reserved,2026-08-28,reviewed,true
built-in-estonia-clue-0495,built-in-estonia,Estonia / Eesti,built-in-estonia-set-099,board,round-two,5,hard,food-everyday-culture,Estonian Food Stops,Eesti toidupeatused,Which restaurant between Tallinn and Tartu occupies a restored manor near Mäeküla and takes the manor’s name?,Milline Tallinna ja Tartu vahel Mäeküla lähedal taastatud mõisas tegutsev restoran kannab mõisa nime?,Põhjaka Manor,Põhjaka mõis,,,Põhjaka revived an empty manor as a destination restaurant whose kitchen became known for seasonal Estonian ingredients.,"Põhjaka muutis tühjalt seisnud mõisa sihtkoharestoraniks, mille köök sai tuntuks hooajalise Eesti tooraine poolest.",An Estonian culinary tour — Lux Express,https://luxexpress.eu/stories/suundu-eesti-kulinaariat-tutvustavale-ringreisile/,all-rights-reserved,2026-08-28,reviewed,true
built-in-estonia-clue-0496,built-in-estonia,Estonia / Eesti,built-in-estonia-set-100,board,round-two,1,hard,food-everyday-culture,A Free Day in Estonia,Vaba päev Eestis,Throwing water on heated stones creates leil in which hot-room tradition central to Estonian country life?,Millises Eesti maaelus olulises kuumaruumi traditsioonis saadakse kerisele vett visates leili?,Sauna,Saun,,,The smoke-sauna tradition of Võromaa is inscribed on UNESCO’s Representative List of Intangible Cultural Heritage.,Võrumaa suitsusaunatraditsioon kuulub UNESCO vaimse kultuuripärandi esindusnimekirja.,Everything you need to know about saunas in Estonia,https://visitestonia.com/en/what-to-do/everything-you-need-to-know-about-estonian-sauna,all-rights-reserved,2026-08-28,reviewed,true
built-in-estonia-clue-0497,built-in-estonia,Estonia / Eesti,built-in-estonia-set-100,board,round-two,2,hard,food-everyday-culture,A Free Day in Estonia,Vaba päev Eestis,Which racket-shaped footwear lets hikers cross Estonia’s soft bog surfaces without sinking?,Millised reketikujulised jalatsid aitavad matkajatel Eesti pehmel rabapinnal sisse vajumata liikuda?,Snowshoes,Räätsad,,,"On bog hikes, guides use them to reduce damage to soft ground as well as to keep walkers from sinking.",Rabamatkadel aitavad räätsad lisaks vajumise vältimisele vähendada pehme pinnase kahjustamist.,Three reasons to go bogshoeing in Estonia,https://visitestonia.com/en/what-to-do/3-reasons-to-come-to-estonia-for-bogshoeing,all-rights-reserved,2026-08-28,reviewed,true
built-in-estonia-clue-0498,built-in-estonia,Estonia / Eesti,built-in-estonia-set-100,board,round-two,3,hard,food-everyday-culture,A Free Day in Estonia,Vaba päev Eestis,Which theme park near Pärnu brings to life the puppy inventor from the Estonian children’s stories “Lotte from Gadgetville”?,Milline Pärnu lähedal asuv teemapark äratab ellu Leiutajateküla Lotte lugude kutsikast leiutaja?,Lottemaa,Lottemaa,,,Lottemaa recreates Gadgetville as a walk-through village where performers play characters from the books and films.,"Lottemaa loob Leiutajateküla läbitava külana, kus näitlejad kehastavad raamatute ja filmide tegelasi.",Lotte from Gadgetville — Wikipedia (revision 1370077530),https://en.wikipedia.org/w/index.php?oldid=1370077530,CC-BY-SA-4.0,2026-08-28,reviewed,true
built-in-estonia-clue-0499,built-in-estonia,Estonia / Eesti,built-in-estonia-set-100,board,round-two,4,hard,food-everyday-culture,A Free Day in Estonia,Vaba päev Eestis,Raft races and eccentric competitions belong to which twice-yearly student festival in Tartu?,Millise Tartus kaks korda aastas toimuva tudengifestivali juurde kuuluvad paadirallid ja veidrad võistlused?,Tartu Student Days,Tartu tudengipäevad,,,The programme is organised with student organisations and turns central Tartu into a stage for both sport and performance.,Kava sünnib koostöös üliõpilasorganisatsioonidega ning muudab Tartu kesklinna nii spordi- kui ka etenduspaigaks.,Who are Tartu Student Days?,https://studentdays.ee/en/about-us/,all-rights-reserved,2026-08-28,reviewed,true
built-in-estonia-clue-0500,built-in-estonia,Estonia / Eesti,built-in-estonia-set-100,board,round-two,5,hard,food-everyday-culture,A Free Day in Estonia,Vaba päev Eestis,Which annual event at Paide’s Vallimägi invites visitors to join moderated conversations across numerous themed stages?,Milline iga-aastane Paide Vallimäel toimuv üritus kutsub külastajaid osalema modereeritud vestlustes arvukatel teemalavadel?,The Opinion Festival,Arvamusfestival,,,"Discussions are distributed across themed areas, and the format emphasises moderated participation rather than one-way speeches.","Arutelud jagunevad teemalavade vahel ning formaat rõhutab modereeritud osalemist, mitte ühesuunalisi kõnesid.",Opinion Festival — Wikipedia (revision 1360902527),https://en.wikipedia.org/w/index.php?oldid=1360902527,CC-BY-SA-4.0,2026-08-28,reviewed,true
