clue_id,pack_id,pack_name,category_set_id,content_kind,round,tier,difficulty,macro_topic,category_name_en,category_name_et,clue_en,clue_et,response_en,response_et,accepted_variants_en,accepted_variants_et,explanation_en,explanation_et,source_title,source_url,source_license,source_retrieved_at,translation_status,enabled
built-in-science-nature-accessible-easy-001,built-in-science-nature,Science and Nature Pack,built-in-science-nature-set-000,board,round-one,1,easy,physics,Science & Nature: Our Nearest Space Neighbours,,What is the star at the centre of our Solar System?,Mis on meie Päikesesüsteemi keskmes olev täht?,the Sun,Päike,,,the Sun is the star at the centre of our Solar System.,Päike on meie Päikesesüsteemi keskmes olev täht.,Sun — Wikipedia,https://en.wikipedia.org/wiki/Sun,CC-BY-SA-4.0,2026-08-27,reviewed,true
built-in-science-nature-accessible-easy-002,built-in-science-nature,Science and Nature Pack,built-in-science-nature-set-000,board,round-one,2,easy,physics,Science & Nature: Our Nearest Space Neighbours,,What is Earth’s natural satellite?,Mis on Maa looduslik kaaslane?,the Moon,Kuu,,,the Moon is Earth’s natural satellite.,Kuu on Maa looduslik kaaslane.,Moon — Wikipedia,https://en.wikipedia.org/wiki/Moon,CC-BY-SA-4.0,2026-08-27,reviewed,true
built-in-science-nature-accessible-easy-003,built-in-science-nature,Science and Nature Pack,built-in-science-nature-set-000,board,round-one,3,easy,physics,Science & Nature: Our Nearest Space Neighbours,,What is the planet commonly called the Red Planet?,"Mis on planeet, mida kutsutakse punaseks planeediks?",Mars,Marss,,,Mars is the planet commonly called the Red Planet.,"Marss on planeet, mida kutsutakse punaseks planeediks.",Mars — Wikipedia,https://en.wikipedia.org/wiki/Mars,CC-BY-SA-4.0,2026-08-27,reviewed,true
built-in-science-nature-accessible-easy-004,built-in-science-nature,Science and Nature Pack,built-in-science-nature-set-000,board,round-one,4,easy,physics,Science & Nature: Our Nearest Space Neighbours,,"What is the fifth planet from the Sun, famous for the Great Red Spot?","Mis on Päikesest viies planeet, mis on tuntud Suure Punase Laigu poolest?",Jupiter,Jupiter,,,"Jupiter is the fifth planet from the Sun, famous for the Great Red Spot.","Jupiter on Päikesest viies planeet, mis on tuntud Suure Punase Laigu poolest.",Jupiter — Wikipedia,https://en.wikipedia.org/wiki/Jupiter,CC-BY-SA-4.0,2026-08-27,reviewed,true
built-in-science-nature-accessible-easy-005,built-in-science-nature,Science and Nature Pack,built-in-science-nature-set-000,board,round-one,5,easy,physics,Science & Nature: Our Nearest Space Neighbours,,What is the planet best known for its bright rings?,Mis on eredate rõngaste poolest tuntud planeet?,Saturn,Saturn,,,Saturn is the planet best known for its bright rings.,Saturn on eredate rõngaste poolest tuntud planeet.,Saturn — Wikipedia,https://en.wikipedia.org/wiki/Saturn,CC-BY-SA-4.0,2026-08-27,reviewed,true
built-in-science-nature-accessible-easy-006,built-in-science-nature,Science and Nature Pack,built-in-science-nature-set-001,board,round-one,1,easy,physics,Science & Nature: Objects Across the Solar System and Beyond,,What is the hottest planet in the Solar System?,Mis on Päikesesüsteemi kuumim planeet?,Venus,Veenus,,,Venus is the hottest planet in the Solar System.,Veenus on Päikesesüsteemi kuumim planeet.,Venus — Wikipedia,https://en.wikipedia.org/wiki/Venus,CC-BY-SA-4.0,2026-08-27,reviewed,true
built-in-science-nature-accessible-easy-007,built-in-science-nature,Science and Nature Pack,built-in-science-nature-set-001,board,round-one,2,easy,physics,Science & Nature: Objects Across the Solar System and Beyond,,What is the galaxy containing our Solar System?,Mis on meie Päikesesüsteemi sisaldav galaktika?,the Milky Way,Linnutee,,,the Milky Way is the galaxy containing our Solar System.,Linnutee on meie Päikesesüsteemi sisaldav galaktika.,Milky Way — Wikipedia,https://en.wikipedia.org/wiki/Milky_Way,CC-BY-SA-4.0,2026-08-27,reviewed,true
built-in-science-nature-accessible-easy-008,built-in-science-nature,Science and Nature Pack,built-in-science-nature-set-001,board,round-one,3,easy,physics,Science & Nature: Objects Across the Solar System and Beyond,,What is the dwarf planet once classified as the ninth planet?,"Mis on kääbusplaneet, mida peeti kunagi üheksandaks planeediks?",Pluto,Pluuto,,,Pluto is the dwarf planet once classified as the ninth planet.,"Pluuto on kääbusplaneet, mida peeti kunagi üheksandaks planeediks.",Pluto — Wikipedia,https://en.wikipedia.org/wiki/Pluto,CC-BY-SA-4.0,2026-08-27,reviewed,true
built-in-science-nature-accessible-easy-009,built-in-science-nature,Science and Nature Pack,built-in-science-nature-set-001,board,round-one,4,easy,physics,Science & Nature: Objects Across the Solar System and Beyond,,What is the large crewed laboratory orbiting Earth?,"Mis on suur mehitatud labor, mis tiirleb ümber Maa?",the International Space Station,Rahvusvaheline Kosmosejaam,,,the International Space Station is the large crewed laboratory orbiting Earth.,"Rahvusvaheline Kosmosejaam on suur mehitatud labor, mis tiirleb ümber Maa.",International Space Station — Wikipedia,https://en.wikipedia.org/wiki/International_Space_Station,CC-BY-SA-4.0,2026-08-27,reviewed,true
built-in-science-nature-accessible-easy-010,built-in-science-nature,Science and Nature Pack,built-in-science-nature-set-001,board,round-one,5,easy,physics,Science & Nature: Objects Across the Solar System and Beyond,,What is an icy Solar System body that can grow a visible tail?,"Mis on jäine Päikesesüsteemi keha, millel võib tekkida nähtav saba?",a comet,komeet,,,a comet is an icy Solar System body that can grow a visible tail.,"komeet on jäine Päikesesüsteemi keha, millel võib tekkida nähtav saba.",Comet — Wikipedia,https://en.wikipedia.org/wiki/Comet,CC-BY-SA-4.0,2026-08-27,reviewed,true
built-in-science-nature-accessible-easy-011,built-in-science-nature,Science and Nature Pack,built-in-science-nature-set-002,board,round-one,1,easy,physics,Science & Nature: Major Parts of the Human Body,,"Name the body part, cell, or substance: the organ that pumps blood around the body.","Nimeta kehaosa, rakk või aine: organ, mis pumpab verd läbi keha.",the heart,süda,,,The answer is the heart: the organ that pumps blood around the body.,"Vastus on süda: organ, mis pumpab verd läbi keha.",Heart — Wikipedia,https://en.wikipedia.org/wiki/Heart,CC-BY-SA-4.0,2026-08-27,reviewed,true
built-in-science-nature-accessible-easy-012,built-in-science-nature,Science and Nature Pack,built-in-science-nature-set-002,board,round-one,2,easy,physics,Science & Nature: Major Parts of the Human Body,,"Name the body part, cell, or substance: the paired organs used for breathing.","Nimeta kehaosa, rakk või aine: hingamiseks kasutatavad paariselundid.",the lungs,kopsud,,,The answer is the lungs: the paired organs used for breathing.,Vastus on kopsud: hingamiseks kasutatavad paariselundid.,Lung — Wikipedia,https://en.wikipedia.org/wiki/Lung,CC-BY-SA-4.0,2026-08-27,reviewed,true
built-in-science-nature-accessible-easy-013,built-in-science-nature,Science and Nature Pack,built-in-science-nature-set-002,board,round-one,3,easy,physics,Science & Nature: Major Parts of the Human Body,,"Name the body part, cell, or substance: the organ at the centre of the nervous system.","Nimeta kehaosa, rakk või aine: närvisüsteemi keskne organ.",the brain,aju,,,The answer is the brain: the organ at the centre of the nervous system.,Vastus on aju: närvisüsteemi keskne organ.,Brain — Wikipedia,https://en.wikipedia.org/wiki/Brain,CC-BY-SA-4.0,2026-08-27,reviewed,true
built-in-science-nature-accessible-easy-014,built-in-science-nature,Science and Nature Pack,built-in-science-nature-set-002,board,round-one,4,easy,physics,Science & Nature: Major Parts of the Human Body,,"Name the body part, cell, or substance: the framework of bones supporting the body.","Nimeta kehaosa, rakk või aine: keha toetav luudest raamistik.",the skeleton,luustik,,,The answer is the skeleton: the framework of bones supporting the body.,Vastus on luustik: keha toetav luudest raamistik.,Skeleton — Wikipedia,https://en.wikipedia.org/wiki/Skeleton,CC-BY-SA-4.0,2026-08-27,reviewed,true
built-in-science-nature-accessible-easy-015,built-in-science-nature,Science and Nature Pack,built-in-science-nature-set-002,board,round-one,5,easy,physics,Science & Nature: Major Parts of the Human Body,,"Name the body part, cell, or substance: the organ that covers the outside of the human body.","Nimeta kehaosa, rakk või aine: inimkeha välispinda kattev elund.",the skin,nahk,,,The answer is the skin: the organ that covers the outside of the human body.,Vastus on nahk: inimkeha välispinda kattev elund.,Skin — Wikipedia,https://en.wikipedia.org/wiki/Skin,CC-BY-SA-4.0,2026-08-27,reviewed,true
built-in-science-nature-accessible-easy-016,built-in-science-nature,Science and Nature Pack,built-in-science-nature-set-003,board,round-one,1,easy,physics,"Science & Nature: Cells, Organs, and Human Biology",,"Name the body part, cell, or substance: the red fluid transported by the circulatory system.","Nimeta kehaosa, rakk või aine: vereringes liikuv punane vedelik.",blood,veri,,,The answer is blood: the red fluid transported by the circulatory system.,Vastus on veri: vereringes liikuv punane vedelik.,Blood — Wikipedia,https://en.wikipedia.org/wiki/Blood,CC-BY-SA-4.0,2026-08-27,reviewed,true
built-in-science-nature-accessible-easy-017,built-in-science-nature,Science and Nature Pack,built-in-science-nature-set-003,board,round-one,2,easy,physics,"Science & Nature: Cells, Organs, and Human Biology",,"Name the body part, cell, or substance: the digestive organ between the oesophagus and small intestine.","Nimeta kehaosa, rakk või aine: söögitoru ja peensoole vahel asuv seedeelund.",the stomach,magu,,,The answer is the stomach: the digestive organ between the oesophagus and small intestine.,Vastus on magu: söögitoru ja peensoole vahel asuv seedeelund.,Stomach — Wikipedia,https://en.wikipedia.org/wiki/Stomach,CC-BY-SA-4.0,2026-08-27,reviewed,true
built-in-science-nature-accessible-easy-018,built-in-science-nature,Science and Nature Pack,built-in-science-nature-set-003,board,round-one,3,easy,physics,"Science & Nature: Cells, Organs, and Human Biology",,"Name the body part, cell, or substance: the organ that detects light and enables sight.","Nimeta kehaosa, rakk või aine: valgust tajuv ja nägemist võimaldav elund.",the eye,silm,,,The answer is the eye: the organ that detects light and enables sight.,Vastus on silm: valgust tajuv ja nägemist võimaldav elund.,Eye — Wikipedia,https://en.wikipedia.org/wiki/Eye,CC-BY-SA-4.0,2026-08-27,reviewed,true
built-in-science-nature-accessible-easy-019,built-in-science-nature,Science and Nature Pack,built-in-science-nature-set-003,board,round-one,4,easy,physics,"Science & Nature: Cells, Organs, and Human Biology",,"Name the body part, cell, or substance: the molecule that carries genetic information.","Nimeta kehaosa, rakk või aine: pärilikku teavet kandev molekul.",DNA,DNA,,,The answer is DNA: the molecule that carries genetic information.,Vastus on DNA: pärilikku teavet kandev molekul.,DNA — Wikipedia,https://en.wikipedia.org/wiki/DNA,CC-BY-SA-4.0,2026-08-27,reviewed,true
built-in-science-nature-accessible-easy-020,built-in-science-nature,Science and Nature Pack,built-in-science-nature-set-003,board,round-one,5,easy,physics,"Science & Nature: Cells, Organs, and Human Biology",,"Name the body part, cell, or substance: the blood cell that carries oxygen using haemoglobin.","Nimeta kehaosa, rakk või aine: hemoglobiini abil hapnikku kandev vererakk.",a red blood cell,punalible,,,The answer is a red blood cell: the blood cell that carries oxygen using haemoglobin.,Vastus on punalible: hemoglobiini abil hapnikku kandev vererakk.,Red blood cell — Wikipedia,https://en.wikipedia.org/wiki/Red_blood_cell,CC-BY-SA-4.0,2026-08-27,reviewed,true
built-in-science-nature-accessible-easy-021,built-in-science-nature,Science and Nature Pack,built-in-science-nature-set-004,board,round-one,1,easy,physics,Science & Nature: Everyday Science Essentials,,What is the chemical formula H₂O?,Mis on keemiline valem H₂O?,water,vesi,,,Water is the chemical formula H₂O.,Vesi on keemiline valem H₂O.,Water — Wikipedia,https://en.wikipedia.org/wiki/Water,CC-BY-SA-4.0,2026-08-27,reviewed,true
built-in-science-nature-accessible-easy-022,built-in-science-nature,Science and Nature Pack,built-in-science-nature-set-004,board,round-one,2,easy,physics,Science & Nature: Everyday Science Essentials,,What is the gas with chemical symbol O that humans need to breathe?,"Mis on keemilise tähisega O gaas, mida inimesed hingamiseks vajavad?",oxygen,hapnik,,,Oxygen is the gas with chemical symbol O that humans need to breathe.,"Hapnik on keemilise tähisega O gaas, mida inimesed hingamiseks vajavad.",Oxygen — Wikipedia,https://en.wikipedia.org/wiki/Oxygen,CC-BY-SA-4.0,2026-08-27,reviewed,true
built-in-science-nature-accessible-easy-023,built-in-science-nature,Science and Nature Pack,built-in-science-nature-set-004,board,round-one,3,easy,physics,Science & Nature: Everyday Science Essentials,,What is the precious metal with chemical symbol Au?,Mis on keemilise tähisega Au väärismetall?,gold,kuld,,,Gold is the precious metal with chemical symbol Au.,Kuld on keemilise tähisega Au väärismetall.,Gold — Wikipedia,https://en.wikipedia.org/wiki/Gold,CC-BY-SA-4.0,2026-08-27,reviewed,true
built-in-science-nature-accessible-easy-024,built-in-science-nature,Science and Nature Pack,built-in-science-nature-set-004,board,round-one,4,easy,physics,Science & Nature: Everyday Science Essentials,,What is the force that pulls objects toward Earth?,"Mis on jõud, mis tõmbab esemeid Maa poole?",gravity,gravitatsioon,,,Gravity is the force that pulls objects toward Earth.,"Gravitatsioon on jõud, mis tõmbab esemeid Maa poole.",Gravity — Wikipedia,https://en.wikipedia.org/wiki/Gravity,CC-BY-SA-4.0,2026-08-27,reviewed,true
built-in-science-nature-accessible-easy-025,built-in-science-nature,Science and Nature Pack,built-in-science-nature-set-004,board,round-one,5,easy,physics,Science & Nature: Everyday Science Essentials,,What is the process plants use to turn light into chemical energy?,"Mis on protsess, millega taimed muudavad valguse keemiliseks energiaks?",photosynthesis,fotosüntees,,,Photosynthesis is the process plants use to turn light into chemical energy.,"Fotosüntees on protsess, millega taimed muudavad valguse keemiliseks energiaks.",Photosynthesis — Wikipedia,https://en.wikipedia.org/wiki/Photosynthesis,CC-BY-SA-4.0,2026-08-27,reviewed,true
built-in-science-nature-accessible-easy-026,built-in-science-nature,Science and Nature Pack,built-in-science-nature-set-007,board,round-one,1,easy,physics,"Science & Nature: Matter, Forces, and Visible Phenomena",,What is the change from liquid water to solid ice?,Mis on vedela vee muutumine tahkeks jääks?,freezing,külmumine,,,Freezing is the change from liquid water to solid ice.,Külmumine on vedela vee muutumine tahkeks jääks.,Freezing — Wikipedia,https://en.wikipedia.org/wiki/Freezing,CC-BY-SA-4.0,2026-08-27,reviewed,true
built-in-science-nature-accessible-easy-027,built-in-science-nature,Science and Nature Pack,built-in-science-nature-set-007,board,round-one,2,easy,physics,"Science & Nature: Matter, Forces, and Visible Phenomena",,What is the basic unit of a chemical element?,Mis on keemilise elemendi põhiosake?,an atom,aatom,,,An atom is the basic unit of a chemical element.,Aatom on keemilise elemendi põhiosake.,Atom — Wikipedia,https://en.wikipedia.org/wiki/Atom,CC-BY-SA-4.0,2026-08-27,reviewed,true
built-in-science-nature-accessible-easy-028,built-in-science-nature,Science and Nature Pack,built-in-science-nature-set-007,board,round-one,3,easy,physics,"Science & Nature: Matter, Forces, and Visible Phenomena",,What is vibrations that travel through a medium and can be heard?,"Mis on keskkonnas levivad võnked, mida saab kuulda?",sound,heli,,,Sound is vibrations that travel through a medium and can be heard.,"Heli on keskkonnas levivad võnked, mida saab kuulda.",Sound — Wikipedia,https://en.wikipedia.org/wiki/Sound,CC-BY-SA-4.0,2026-08-27,reviewed,true
built-in-science-nature-accessible-easy-029,built-in-science-nature,Science and Nature Pack,built-in-science-nature-set-007,board,round-one,4,easy,physics,"Science & Nature: Matter, Forces, and Visible Phenomena",,What is the coloured arc caused by light interacting with water droplets?,Mis on valguse ja veepiiskade koostoimel tekkiv värviline kaar?,a rainbow,vikerkaar,,,A rainbow is the coloured arc caused by light interacting with water droplets.,Vikerkaar on valguse ja veepiiskade koostoimel tekkiv värviline kaar.,Rainbow — Wikipedia,https://en.wikipedia.org/wiki/Rainbow,CC-BY-SA-4.0,2026-08-27,reviewed,true
built-in-science-nature-accessible-easy-030,built-in-science-nature,Science and Nature Pack,built-in-science-nature-set-007,board,round-one,5,easy,physics,"Science & Nature: Matter, Forces, and Visible Phenomena",,What is an object that attracts iron and produces a magnetic field?,Mis on rauda ligi tõmbav ja magnetvälja tekitav ese?,a magnet,magnet,,,A magnet is an object that attracts iron and produces a magnetic field.,Magnet on rauda ligi tõmbav ja magnetvälja tekitav ese.,Magnet — Wikipedia,https://en.wikipedia.org/wiki/Magnet,CC-BY-SA-4.0,2026-08-27,reviewed,true
built-in-science-nature-accessible-easy-031,built-in-science-nature,Science and Nature Pack,built-in-science-nature-set-010,board,round-one,1,easy,physics,Science & Nature: Remarkable Animals from Ocean to Ice,,Which ocean animal outweighs every other animal known from Earth’s history?,Milline ookeaniloom kaalub rohkem kui ükski teine Maa ajaloost teadaolev loom?,the blue whale,sinivaal,,,No other animal known to science matches the blue whale’s mass.,Ükski teine teadusele teadaolev loom ei küündi sinivaala massini.,Blue whale — Wikipedia,https://en.wikipedia.org/wiki/Blue_whale,CC-BY-SA-4.0,2026-08-27,reviewed,true
built-in-science-nature-accessible-easy-032,built-in-science-nature,Science and Nature Pack,built-in-science-nature-set-010,board,round-one,2,easy,physics,Science & Nature: Remarkable Animals from Ocean to Ice,,Which animal is the fastest land animal?,Milline loom on kiireim maismaaloom?,the cheetah,gepard,,,The cheetah is the fastest land animal.,Gepard on kiireim maismaaloom.,Cheetah — Wikipedia,https://en.wikipedia.org/wiki/Cheetah,CC-BY-SA-4.0,2026-08-27,reviewed,true
built-in-science-nature-accessible-easy-033,built-in-science-nature,Science and Nature Pack,built-in-science-nature-set-010,board,round-one,3,easy,physics,Science & Nature: Remarkable Animals from Ocean to Ice,,Which animal is the Antarctic penguin whose male incubates an egg on his feet?,"Milline loom on Antarktika pingviin, kelle isaslind haub muna oma jalgadel?",the emperor penguin,keiserpingviin,,,The emperor penguin is the Antarctic penguin whose male incubates an egg on his feet.,"Keiserpingviin on Antarktika pingviin, kelle isaslind haub muna oma jalgadel.",Emperor penguin — Wikipedia,https://en.wikipedia.org/wiki/Emperor_penguin,CC-BY-SA-4.0,2026-08-27,reviewed,true
built-in-science-nature-accessible-easy-034,built-in-science-nature,Science and Nature Pack,built-in-science-nature-set-010,board,round-one,4,easy,physics,Science & Nature: Remarkable Animals from Ocean to Ice,,Which animal is the tallest living land animal?,Milline loom on kõrgeim tänapäeval elav maismaaloom?,the giraffe,kaelkirjak,,,The giraffe is the tallest living land animal.,Kaelkirjak on kõrgeim tänapäeval elav maismaaloom.,Giraffe — Wikipedia,https://en.wikipedia.org/wiki/Giraffe,CC-BY-SA-4.0,2026-08-27,reviewed,true
built-in-science-nature-accessible-easy-035,built-in-science-nature,Science and Nature Pack,built-in-science-nature-set-010,board,round-one,5,easy,physics,Science & Nature: Remarkable Animals from Ocean to Ice,,Which animal is the large white bear native to the Arctic?,Milline loom on Arktikas elav suur valge karu?,the polar bear,jääkaru,,,The polar bear is the large white bear native to the Arctic.,Jääkaru on Arktikas elav suur valge karu.,Polar bear — Wikipedia,https://en.wikipedia.org/wiki/Polar_bear,CC-BY-SA-4.0,2026-08-27,reviewed,true
built-in-science-nature-accessible-easy-036,built-in-science-nature,Science and Nature Pack,built-in-science-nature-set-011,board,round-one,1,easy,physics,Science & Nature: Animals Around the World,,Which animal is the Australian marsupial known for hopping?,Milline loom on hüppamise poolest tuntud Austraalia kukkurloom?,the kangaroo,känguru,,,The kangaroo is the Australian marsupial known for hopping.,Känguru on hüppamise poolest tuntud Austraalia kukkurloom.,Kangaroo — Wikipedia,https://en.wikipedia.org/wiki/Kangaroo,CC-BY-SA-4.0,2026-08-27,reviewed,true
built-in-science-nature-accessible-easy-037,built-in-science-nature,Science and Nature Pack,built-in-science-nature-set-011,board,round-one,2,easy,physics,Science & Nature: Animals Around the World,,Which animal is the insect that produces honey and lives in colonies?,Milline loom on mett valmistav ja kolooniates elav putukas?,the honey bee,meemesilane,,,The honey bee is the insect that produces honey and lives in colonies.,Meemesilane on mett valmistav ja kolooniates elav putukas.,Honey bee — Wikipedia,https://en.wikipedia.org/wiki/Honey_bee,CC-BY-SA-4.0,2026-08-27,reviewed,true
built-in-science-nature-accessible-easy-038,built-in-science-nature,Science and Nature Pack,built-in-science-nature-set-011,board,round-one,3,easy,physics,Science & Nature: Animals Around the World,,Which animal is the eight-armed marine mollusc?,Milline loom on kaheksa kombitsaga mereline limus?,the octopus,kaheksajalg,,,The octopus is the eight-armed marine mollusc.,Kaheksajalg on kaheksa kombitsaga mereline limus.,Octopus — Wikipedia,https://en.wikipedia.org/wiki/Octopus,CC-BY-SA-4.0,2026-08-27,reviewed,true
built-in-science-nature-accessible-easy-039,built-in-science-nature,Science and Nature Pack,built-in-science-nature-set-011,board,round-one,4,easy,physics,Science & Nature: Animals Around the World,,"Which animal is the elephant native to Africa, with larger ears than its Asian relative?","Milline loom on Aafrikas elav elevant, kelle kõrvad on Aasia sugulase omadest suuremad?",the African elephant,Aafrika elevant,,,"The African elephant is the elephant native to Africa, with larger ears than its Asian relative.","Aafrika elevant on Aafrikas elav elevant, kelle kõrvad on Aasia sugulase omadest suuremad.",African elephant — Wikipedia,https://en.wikipedia.org/wiki/African_elephant,CC-BY-SA-4.0,2026-08-27,reviewed,true
built-in-science-nature-accessible-easy-040,built-in-science-nature,Science and Nature Pack,built-in-science-nature-set-011,board,round-one,5,easy,physics,Science & Nature: Animals Around the World,,Which animal is the intelligent marine mammal known for echolocation?,Milline loom on kajalokatsiooni poolest tuntud intelligentne mereimetaja?,a dolphin,delfiin,,,A dolphin is the intelligent marine mammal known for echolocation.,Delfiin on kajalokatsiooni poolest tuntud intelligentne mereimetaja.,Dolphin — Wikipedia,https://en.wikipedia.org/wiki/Dolphin,CC-BY-SA-4.0,2026-08-27,reviewed,true
built-in-science-nature-accessible-corpus-001,built-in-science-nature,Science and Nature Pack,built-in-science-nature-set-013,board,round-one,1,easy,chemistry,Science & Nature: The Inner Planets,,Which inner planet has oceans of liquid water covering much of its surface?,Millise siseplaneedi pinnast katavad suures osas vedela veega ookeanid?,Earth,Maa,planet Earth;the Earth,planeet Maa,Earth's surface supports extensive liquid-water oceans.,Maa pinnal leidub ulatuslikke vedela vee ookeane.,Earth,https://en.wikipedia.org/wiki/Earth,CC-BY-SA-4.0,2026-08-28,reviewed,true
built-in-science-nature-accessible-corpus-002,built-in-science-nature,Science and Nature Pack,built-in-science-nature-set-013,board,round-one,2,easy,chemistry,Science & Nature: The Inner Planets,,Which inner planet is orbited by the small moons Phobos and Deimos?,Millise siseplaneedi ümber tiirlevad väikesed kuud Phobos ja Deimos?,Mars,Marss,the Red Planet,punane planeet,Mars has two small natural satellites named Phobos and Deimos.,"Marsil on kaks väikest looduslikku kaaslast, Phobos ja Deimos.",Mars,https://en.wikipedia.org/wiki/Mars,CC-BY-SA-4.0,2026-08-28,reviewed,true
built-in-science-nature-accessible-corpus-003,built-in-science-nature,Science and Nature Pack,built-in-science-nature-set-013,board,round-one,3,easy,chemistry,Science & Nature: The Inner Planets,,Which planet orbits closest to the Sun?,Milline planeet tiirleb Päikesele kõige lähemal?,Mercury,Merkuur,planet Mercury,planeet Merkuur,Mercury follows the innermost orbit of the Solar System's planets.,Merkuur liigub Päikesesüsteemi planeetidest kõige sisemisel orbiidil.,Mercury (planet),https://en.wikipedia.org/wiki/Mercury_(planet),CC-BY-SA-4.0,2026-08-28,reviewed,true
built-in-science-nature-accessible-corpus-004,built-in-science-nature,Science and Nature Pack,built-in-science-nature-set-013,board,round-one,4,easy,chemistry,Science & Nature: The Inner Planets,,Which cloud-covered planet has a dense carbon-dioxide atmosphere and an extremely hot surface?,Millisel pilvedega kaetud planeedil on tihe süsihappegaasi atmosfäär ja väga kuum pind?,Venus,Veenus,planet Venus,planeet Veenus,A strong greenhouse effect beneath Venus's dense atmosphere keeps its surface intensely hot.,Veenuse tiheda atmosfääri all hoiab tugev kasvuhooneefekt pinna äärmiselt kuumana.,Venus,https://en.wikipedia.org/wiki/Venus,CC-BY-SA-4.0,2026-08-28,reviewed,true
built-in-science-nature-accessible-corpus-005,built-in-science-nature,Science and Nature Pack,built-in-science-nature-set-013,board,round-one,5,easy,chemistry,Science & Nature: The Inner Planets,,"What collective name describes Mercury, Venus, Earth, and Mars because they have solid rocky surfaces?","Millise ühise nime saavad Merkuur, Veenus, Maa ja Marss nende tahke kivise pinna tõttu?",Terrestrial planets,Maa-tüüpi planeedid,rocky planets;inner rocky planets,kiviplaneedid;terrestrilised planeedid,"The four inner worlds are terrestrial planets, built mainly from rock and metal.","Neli sisemist maailma on Maa-tüüpi planeedid, mis koosnevad peamiselt kivimist ja metallist.",Terrestrial planet,https://en.wikipedia.org/wiki/Terrestrial_planet,CC-BY-SA-4.0,2026-08-28,reviewed,true
built-in-science-nature-accessible-corpus-006,built-in-science-nature,Science and Nature Pack,built-in-science-nature-set-014,board,round-one,1,easy,chemistry,Science & Nature: The Outer Planets,,Titan orbits which ringed outer planet?,Millise rõngastega välisplaneedi ümber tiirleb Titaan?,Saturn,Saturn,,,Titan is a moon of Saturn and orbits the planet beyond its main rings.,Titaan on Saturni kuu ning tiirleb ümber planeedi väljaspool selle põhirõngaid.,Saturn,https://en.wikipedia.org/wiki/Saturn,CC-BY-SA-4.0,2026-08-28,reviewed,true
built-in-science-nature-accessible-corpus-007,built-in-science-nature,Science and Nature Pack,built-in-science-nature-set-014,board,round-one,2,easy,chemistry,Science & Nature: The Outer Planets,,"Which outer planet is orbited by the four large moons Io, Europa, Ganymede, and Callisto?","Millise välisplaneedi ümber tiirlevad neli suurt kuud Io, Europa, Ganymedes ja Kallisto?",Jupiter,Jupiter,,,"Io, Europa, Ganymede, and Callisto are the four large Galilean moons of Jupiter.","Io, Europa, Ganymedes ja Kallisto on Jupiteri neli suurt Galilei kuud.",Galilean moons,https://en.wikipedia.org/wiki/Galilean_moons,CC-BY-SA-4.0,2026-08-28,reviewed,true
built-in-science-nature-accessible-corpus-008,built-in-science-nature,Science and Nature Pack,built-in-science-nature-set-014,board,round-one,3,easy,chemistry,Science & Nature: The Outer Planets,,Which pale blue-green planet rotates with its axis tipped almost onto its side?,Milline kahvatu sinakasroheline planeet pöörleb peaaegu külili kallutatud teljega?,Uranus,Uraan,planet Uranus,planeet Uraan,"Uranus has an extreme axial tilt, so its poles point roughly along its orbital plane.","Uraanil on äärmuslik teljekalle, mistõttu selle poolused osutavad ligikaudu orbiiditasandi suunas.",Uranus,https://en.wikipedia.org/wiki/Uranus,CC-BY-SA-4.0,2026-08-28,reviewed,true
built-in-science-nature-accessible-corpus-009,built-in-science-nature,Science and Nature Pack,built-in-science-nature-set-014,board,round-one,4,easy,chemistry,Science & Nature: The Outer Planets,,Methane in the atmosphere helps give which distant planet its blue appearance?,Millise kauge planeedi sinakat välimust aitab tekitada atmosfääris olev metaan?,Neptune,Neptuun,planet Neptune,planeet Neptuun,"Neptune's atmosphere contains methane, which absorbs red light and contributes to its blue colour.",Neptuuni atmosfääri metaan neelab punast valgust ja aitab kaasa planeedi sinisele värvusele.,Neptune,https://en.wikipedia.org/wiki/Neptune,CC-BY-SA-4.0,2026-08-28,reviewed,true
built-in-science-nature-accessible-corpus-010,built-in-science-nature,Science and Nature Pack,built-in-science-nature-set-014,board,round-one,5,easy,chemistry,Science & Nature: The Outer Planets,,"What planetary class includes both Uranus and Neptune, distinguishing them from the gas giants?","Millisesse planeediklassi kuuluvad Uraan ja Neptuun, erinedes gaasihiidudest?",Ice giants,jäähiidplaneedid,ice giant planets;ice giants,jäähiidud;jäähiiglased,Uranus and Neptune contain more volatile ices in their interiors than Jupiter and Saturn.,Uraani ja Neptuuni sisemuses on rohkem lenduvate ainete jääsid kui Jupiteris ja Saturnis.,Ice giant,https://en.wikipedia.org/wiki/Ice_giant,CC-BY-SA-4.0,2026-08-28,reviewed,true
built-in-science-nature-accessible-corpus-011,built-in-science-nature,Science and Nature Pack,built-in-science-nature-set-015,board,round-one,1,easy,chemistry,Science & Nature: Moons of the Solar System,,Which larger and innermost moon of Mars shares its name with the Greek god of fear?,Milline Marsi suurem ja sisemine kuu kannab Kreeka hirmujumala nime?,Phobos,Phobos,Mars I,Mars I;Phobos,Phobos is the larger of Mars's two small moons and orbits very close to the planet.,Phobos on Marsi kahest väikesest kuust suurem ning tiirleb planeedile väga lähedal.,Phobos (moon),https://en.wikipedia.org/wiki/Phobos_(moon),CC-BY-SA-4.0,2026-08-28,reviewed,true
built-in-science-nature-accessible-corpus-012,built-in-science-nature,Science and Nature Pack,built-in-science-nature-set-015,board,round-one,2,easy,chemistry,Science & Nature: Moons of the Solar System,,Which moon of Jupiter has a bright icy crust and evidence of an ocean beneath it?,Millisel Jupiteri kuul on hele jäine koorik ja tõendeid selle all peituvast ookeanist?,Europa,Europa,Jupiter II,Jupiter II;Jupiteri kuu Europa,Europa's fractured ice shell is thought to cover a global subsurface ocean.,Europa lõhenenud jääkesta all arvatakse olevat ülemaailmne ookean.,Europa (moon),https://en.wikipedia.org/wiki/Europa_(moon),CC-BY-SA-4.0,2026-08-28,reviewed,true
built-in-science-nature-accessible-corpus-013,built-in-science-nature,Science and Nature Pack,built-in-science-nature-set-015,board,round-one,3,easy,chemistry,Science & Nature: Moons of the Solar System,,Which moon of Saturn has a thick nitrogen-rich atmosphere?,Millisel Saturni kuul on paks lämmastikurikas atmosfäär?,Titan,Titaan,Saturn VI,Saturn VI;Saturni kuu Titaan,Titan is wrapped in a dense atmosphere dominated by nitrogen.,"Titaani ümbritseb tihe atmosfäär, milles domineerib lämmastik.",Titan (moon),https://en.wikipedia.org/wiki/Titan_(moon),CC-BY-SA-4.0,2026-08-28,reviewed,true
built-in-science-nature-accessible-corpus-014,built-in-science-nature,Science and Nature Pack,built-in-science-nature-set-015,board,round-one,4,easy,chemistry,Science & Nature: Moons of the Solar System,,Name the fiery moon that circles Jupiter.,"Nimeta tuline kuu, mis tiirleb ümber Jupiteri.",Io,Io,Jupiter I;Jupiter's first moon,Jupiter I;Jupiteri kuu Io,Tidal flexing by Jupiter and neighbouring moons powers Io's intense volcanism.,Jupiteri ja naaberkuude loodejõudude põhjustatud paindumine toidab Io tugevat vulkanismi.,Io (moon),https://en.wikipedia.org/wiki/Io_(moon),CC-BY-SA-4.0,2026-08-28,reviewed,true
built-in-science-nature-accessible-corpus-015,built-in-science-nature,Science and Nature Pack,built-in-science-nature-set-015,board,round-one,5,easy,chemistry,Science & Nature: Moons of the Solar System,,Which large moon circles Neptune in the direction opposite the planet's rotation?,Milline suur kuu tiirleb ümber Neptuuni planeedi pöörlemisele vastupidises suunas?,Triton,Triton,Neptune I,Neptuun I;Neptuuni kuu Triton,Triton's retrograde orbit suggests that Neptune captured it.,"Tritoni vastassuunaline orbiit viitab sellele, et Neptuun püüdis selle enda ümber tiirlema.",Triton (moon),https://en.wikipedia.org/wiki/Triton_(moon),CC-BY-SA-4.0,2026-08-28,reviewed,true
built-in-science-nature-accessible-corpus-016,built-in-science-nature,Science and Nature Pack,built-in-science-nature-set-016,board,round-one,1,easy,chemistry,Science & Nature: Constellations in the Night Sky,,The Big Dipper is part of which larger northern constellation?,Millise suurema põhjataeva tähtkuju osa on Suur Vanker?,Ursa Major,Suur Karu,Great Bear;the Great Bear,Suur Karu tähtkuju;Ursa Major,The familiar Big Dipper asterism forms part of Ursa Major.,Tuttav Suure Vankri asterism moodustab osa Suure Karu tähtkujust.,Ursa Major,https://en.wikipedia.org/wiki/Ursa_Major,CC-BY-SA-4.0,2026-08-28,reviewed,true
built-in-science-nature-accessible-corpus-017,built-in-science-nature,Science and Nature Pack,built-in-science-nature-set-016,board,round-one,2,easy,chemistry,Science & Nature: Constellations in the Night Sky,,Which hunter constellation is recognised by three stars in a short straight belt?,Millise jahimeest kujutava tähtkuju tunneb ära kolmest tähest koosneva sirge vöö järgi?,Orion,Orion,the Hunter;Orion the Hunter,Kütt;Orioni tähtkuju,Three aligned stars form Orion's Belt near the centre of the constellation.,Kolm reas paiknevat tähte moodustavad tähtkuju keskosas Orioni vöö.,Orion (constellation),https://en.wikipedia.org/wiki/Orion_(constellation),CC-BY-SA-4.0,2026-08-28,reviewed,true
built-in-science-nature-accessible-corpus-018,built-in-science-nature,Science and Nature Pack,built-in-science-nature-set-016,board,round-one,3,easy,chemistry,Science & Nature: Constellations in the Night Sky,,Which northern constellation is easily spotted as a W-shaped row of bright stars?,Milline põhjataeva tähtkuju on kergesti äratuntav heledate tähtede W-kujulise rea järgi?,Cassiopeia,Kassiopeia,Queen Cassiopeia,Kassiopeia tähtkuju,Cassiopeia's five prominent stars form a W or M shape.,Kassiopeia viis silmapaistvat tähte moodustavad W- või M-kuju.,Cassiopeia (constellation),https://en.wikipedia.org/wiki/Cassiopeia_(constellation),CC-BY-SA-4.0,2026-08-28,reviewed,true
built-in-science-nature-accessible-corpus-019,built-in-science-nature,Science and Nature Pack,built-in-science-nature-set-016,board,round-one,4,easy,chemistry,Science & Nature: Constellations in the Night Sky,,Which cross-shaped southern constellation appears on the flags of Australia and New Zealand?,Milline ristikujuline lõunataeva tähtkuju on kujutatud Austraalia ja Uus-Meremaa lipul?,Southern Cross,Lõunarist,Crux;the Southern Cross,Crux;Risti tähtkuju,"The Southern Cross, formally Crux, is represented by stars on both national flags.",Lõunarist ehk ametlikult Crux on tähtedena kujutatud mõlema riigi lipul.,Crux,https://en.wikipedia.org/wiki/Crux,CC-BY-SA-4.0,2026-08-28,reviewed,true
built-in-science-nature-accessible-corpus-020,built-in-science-nature,Science and Nature Pack,built-in-science-nature-set-016,board,round-one,5,easy,chemistry,Science & Nature: Constellations in the Night Sky,,The red star Antares marks the heart of which zodiac constellation?,Millise sodiaagitähtkuju südant tähistab punakas täht Antares?,Scorpius,Skorpion,Scorpio;the Scorpion,Skorpioni tähtkuju,Antares is the prominent reddish star at the centre of Scorpius.,Antares on Skorpioni tähtkuju keskosas asuv silmapaistev punakas täht.,Scorpius,https://en.wikipedia.org/wiki/Scorpius,CC-BY-SA-4.0,2026-08-28,reviewed,true
built-in-science-nature-accessible-corpus-021,built-in-science-nature,Science and Nature Pack,built-in-science-nature-set-034,board,round-one,1,easy,astronomy,Science & Nature: The Human Senses,,What is the dark opening in the centre of the iris that lets light enter the eye?,Milline vikerkesta keskel asuv tume ava laseb valguse silma?,Pupil,pupill,eye pupil,silmaava,The pupil changes size as the iris regulates how much light reaches the retina.,"Pupilli suurus muutub, kui vikerkest reguleerib võrkkestale jõudva valguse hulka.",Pupil,https://en.wikipedia.org/wiki/Pupil,CC-BY-SA-4.0,2026-08-28,reviewed,true
built-in-science-nature-accessible-corpus-022,built-in-science-nature,Science and Nature Pack,built-in-science-nature-set-034,board,round-one,2,easy,astronomy,Science & Nature: The Human Senses,,Sound waves are collected by which organs for hearing?,Millised elundid koguvad kuulmiseks helilaineid?,Ears,kõrvad,the ears;ear,kõrv;kõrvad,"The ears channel sound vibrations inward, where they are converted into nerve signals.","Kõrvad juhivad helivõnked sissepoole, kus need muudetakse närvisignaalideks.",Ear,https://en.wikipedia.org/wiki/Ear,CC-BY-SA-4.0,2026-08-28,reviewed,true
built-in-science-nature-accessible-corpus-023,built-in-science-nature,Science and Nature Pack,built-in-science-nature-set-034,board,round-one,3,easy,astronomy,Science & Nature: The Human Senses,,What sense lets receptors high inside the nose recognise airborne chemicals?,Milline meel võimaldab nina ülaosas olevatel retseptoritel õhus leiduvaid aineid ära tunda?,Smell,haistmine,sense of smell;olfaction,haistmismeel;lõhnataju,Olfactory receptors respond to molecules carried into the nasal cavity.,Haistmisretseptorid reageerivad ninaõõnde jõudvatele molekulidele.,Olfaction,https://en.wikipedia.org/wiki/Olfaction,CC-BY-SA-4.0,2026-08-28,reviewed,true
built-in-science-nature-accessible-corpus-024,built-in-science-nature,Science and Nature Pack,built-in-science-nature-set-034,board,round-one,4,easy,astronomy,Science & Nature: The Human Senses,,Which small sensory structures on the tongue help detect flavours?,Millised väikesed meelestruktuurid keelel aitavad maitseid tajuda?,Taste buds,maitsmispungad,taste receptors,maitsepungad;maitseretseptorid,Taste buds contain receptor cells that respond to substances dissolved in saliva.,"Maitsmispungades on retseptorrakud, mis reageerivad süljes lahustunud ainetele.",Taste bud,https://en.wikipedia.org/wiki/Taste_bud,CC-BY-SA-4.0,2026-08-28,reviewed,true
built-in-science-nature-accessible-corpus-025,built-in-science-nature,Science and Nature Pack,built-in-science-nature-set-034,board,round-one,5,easy,astronomy,Science & Nature: The Human Senses,,Which system in the inner ear helps the body sense balance and head movement?,Milline sisekõrva süsteem aitab kehal tajuda tasakaalu ja pea liikumist?,Vestibular system,tasakaaluelund,balance system;vestibular apparatus,vestibulaaraparaat;tasakaalusüsteem,The vestibular system detects head motion and orientation and supports balance.,Tasakaaluelund tajub pea liikumist ja asendit ning aitab tasakaalu hoida.,Vestibular system,https://en.wikipedia.org/wiki/Vestibular_system,CC-BY-SA-4.0,2026-08-28,reviewed,true
built-in-science-nature-accessible-corpus-026,built-in-science-nature,Science and Nature Pack,built-in-science-nature-set-039,board,round-one,1,easy,astronomy,Science & Nature: Bones and Muscles,,Which bony structure protects the brain?,Milline luuline struktuur kaitseb aju?,Skull,kolju,cranium,pealuu;kranium,The skull surrounds the brain and supports the structures of the face.,Kolju ümbritseb aju ja toetab näo struktuure.,Skull,https://en.wikipedia.org/wiki/Skull,CC-BY-SA-4.0,2026-08-28,reviewed,true
built-in-science-nature-accessible-corpus-027,built-in-science-nature,Science and Nature Pack,built-in-science-nature-set-039,board,round-one,2,easy,astronomy,Science & Nature: Bones and Muscles,,What cage of curved bones shields the heart and lungs?,Milline kaarduvate luude korv kaitseb südant ja kopse?,Rib cage,rinnakorv,thoracic cage;ribs,roidekorv;roided,The ribs and sternum form a flexible cage around the major chest organs.,Roided ja rinnak moodustavad rindkere tähtsate elundite ümber painduva korvi.,Rib cage,https://en.wikipedia.org/wiki/Rib_cage,CC-BY-SA-4.0,2026-08-28,reviewed,true
built-in-science-nature-accessible-corpus-028,built-in-science-nature,Science and Nature Pack,built-in-science-nature-set-039,board,round-one,3,easy,astronomy,Science & Nature: Bones and Muscles,,What is the large bone between the hip and knee called?,Kuidas nimetatakse suurt luud puusa ja põlve vahel?,Femur,reieluu,thigh bone,femur;reieluu,The femur forms the bony core of the thigh and joins the hip to the knee.,Reieluu moodustab reie luulise telje ning ühendab puusa põlvega.,Femur,https://en.wikipedia.org/wiki/Femur,CC-BY-SA-4.0,2026-08-28,reviewed,true
built-in-science-nature-accessible-corpus-029,built-in-science-nature,Science and Nature Pack,built-in-science-nature-set-039,board,round-one,4,easy,astronomy,Science & Nature: Bones and Muscles,,Which prominent upper-arm muscle helps bend the elbow?,Milline silmatorkav õlavarrelihas aitab küünarliigest painutada?,Biceps,biitseps,biceps brachii,õlavarre-kakspealihas;kakspealihas,The biceps brachii contracts to flex the forearm at the elbow.,Õlavarre-kakspealihas tõmbub kokku ja painutab küünarvarre küünarliigesest.,Biceps,https://en.wikipedia.org/wiki/Biceps,CC-BY-SA-4.0,2026-08-28,reviewed,true
built-in-science-nature-accessible-corpus-030,built-in-science-nature,Science and Nature Pack,built-in-science-nature-set-039,board,round-one,5,easy,astronomy,Science & Nature: Bones and Muscles,,Which strong tendon connects the calf muscles to the heel bone?,Milline tugev kõõlus ühendab säärelihaseid kannaluuga?,Achilles tendon,Achilleuse kõõlus,calcaneal tendon,kannakõõlus;Achilleuse kõõlus,The Achilles tendon transmits force from the calf muscles to the heel.,Achilleuse kõõlus kannab säärelihaste jõu kannale.,Achilles tendon,https://en.wikipedia.org/wiki/Achilles_tendon,CC-BY-SA-4.0,2026-08-28,reviewed,true
built-in-science-nature-accessible-corpus-031,built-in-science-nature,Science and Nature Pack,built-in-science-nature-set-040,board,round-one,1,easy,biology,Science & Nature: Digestion,,Where does digestion begin as food is chewed and mixed with saliva?,"Kus algab seedimine, kui toit peenestatakse ja segatakse süljega?",Mouth,suu,oral cavity,suuõõs,Chewing breaks food apart while saliva moistens it and begins chemical digestion.,"Närimine peenestab toitu, sülg niisutab seda ja alustab keemilist seedimist.",Human mouth,https://en.wikipedia.org/wiki/Human_mouth,CC-BY-SA-4.0,2026-08-28,reviewed,true
built-in-science-nature-accessible-corpus-032,built-in-science-nature,Science and Nature Pack,built-in-science-nature-set-040,board,round-one,2,easy,biology,Science & Nature: Digestion,,Which muscular organ churns food and mixes it with acid?,Milline lihaseline elund segab toitu ja maohapet?,Stomach,magu,the stomach;gastric organ,kõht;magu,The stomach mechanically mixes a meal with acidic gastric juice.,Magu segab toitu mehaaniliselt happelise maomahlaga.,Stomach,https://en.wikipedia.org/wiki/Stomach,CC-BY-SA-4.0,2026-08-28,reviewed,true
built-in-science-nature-accessible-corpus-033,built-in-science-nature,Science and Nature Pack,built-in-science-nature-set-040,board,round-one,3,easy,biology,Science & Nature: Digestion,,Most digested nutrients enter the bloodstream through which long organ?,Millise pika elundi kaudu jõuab enamik seeditud toitaineid verre?,Small intestine,peensool,small bowel,peensoolestik,The lining of the small intestine provides a large surface for nutrient absorption.,Peensoole limaskest pakub toitainete imendumiseks suurt pinda.,Small intestine,https://en.wikipedia.org/wiki/Small_intestine,CC-BY-SA-4.0,2026-08-28,reviewed,true
built-in-science-nature-accessible-corpus-034,built-in-science-nature,Science and Nature Pack,built-in-science-nature-set-040,board,round-one,4,easy,biology,Science & Nature: Digestion,,Which large organ produces bile to help digest fats?,Milline suur elund toodab rasvade seedimist toetavat sappi?,Liver,maks,the liver,maks,"The liver makes bile, which helps disperse fats in the small intestine.","Maks toodab sappi, mis aitab peensooles rasvu hajutada.",Liver,https://en.wikipedia.org/wiki/Liver,CC-BY-SA-4.0,2026-08-28,reviewed,true
built-in-science-nature-accessible-corpus-035,built-in-science-nature,Science and Nature Pack,built-in-science-nature-set-040,board,round-one,5,easy,biology,Science & Nature: Digestion,,Which final major section of the gut absorbs water and forms faeces?,Milline soolestiku viimane põhiosa imab vett ja vormib väljaheite?,Large intestine,jämesool,colon;large bowel,käärsool;jämesoolestik,The large intestine reclaims water from remaining material before waste leaves the body.,Jämesool imab allesjäänud ainest vett enne jääkide kehast väljumist.,Large intestine,https://en.wikipedia.org/wiki/Large_intestine,CC-BY-SA-4.0,2026-08-28,reviewed,true
built-in-science-nature-accessible-corpus-036,built-in-science-nature,Science and Nature Pack,built-in-science-nature-set-081,board,round-one,1,easy,earth-science,Science & Nature: Light and Colour,,"When blue and yellow paints are mixed, what colour usually results?",Milline värvus saadakse tavaliselt sinise ja kollase värvi segamisel?,Green,roheline,green colour,roheline värv,"In common subtractive pigment mixing, blue and yellow together reflect mainly green light.",Tavalises lahutavas pigmendisegus peegeldavad sinine ja kollane koos peamiselt rohelist valgust.,Subtractive color,https://en.wikipedia.org/wiki/Subtractive_color,CC-BY-SA-4.0,2026-08-28,reviewed,true
built-in-science-nature-accessible-corpus-037,built-in-science-nature,Science and Nature Pack,built-in-science-nature-set-081,board,round-one,2,easy,earth-science,Science & Nature: Light and Colour,,What process sends light back from a mirror?,Milline nähtus suunab valguse peeglilt tagasi?,Reflection,peegeldumine,light reflection,valguse peegeldus;peegeldus,A mirror forms images because light reflects from its surface.,"Peegel tekitab kujutise, sest valgus peegeldub selle pinnalt.",Reflection (physics),https://en.wikipedia.org/wiki/Reflection_(physics),CC-BY-SA-4.0,2026-08-28,reviewed,true
built-in-science-nature-accessible-corpus-038,built-in-science-nature,Science and Nature Pack,built-in-science-nature-set-081,board,round-one,3,easy,earth-science,Science & Nature: Light and Colour,,What transparent optical object can spread white light into a rainbow spectrum?,Milline läbipaistev optiline keha võib lahutada valge valguse vikerkaarespektriks?,Prism,prisma,optical prism;glass prism,klaasprisma;optiline prisma,"A prism refracts different wavelengths by different amounts, separating the colours.",Prisma murrab eri lainepikkusi erinevalt ja eraldab värvused.,Prism (optics),https://en.wikipedia.org/wiki/Prism_(optics),CC-BY-SA-4.0,2026-08-28,reviewed,true
built-in-science-nature-accessible-corpus-039,built-in-science-nature,Science and Nature Pack,built-in-science-nature-set-081,board,round-one,4,easy,earth-science,Science & Nature: Light and Colour,,A straw looks bent where it enters water because of what change in the path of light?,Millise valguse levimistee muutuse tõttu näib kõrs veepinnal murdununa?,Refraction,murdumine,light refraction,valguse murdumine;refraktsioon,Light changes speed and direction when it passes between air and water.,Valgus muudab õhust vette liikudes kiirust ja suunda.,Refraction,https://en.wikipedia.org/wiki/Refraction,CC-BY-SA-4.0,2026-08-28,reviewed,true
built-in-science-nature-accessible-corpus-040,built-in-science-nature,Science and Nature Pack,built-in-science-nature-set-081,board,round-one,5,easy,earth-science,Science & Nature: Light and Colour,,What general process makes the daytime sky look blue as air molecules redirect sunlight?,"Milline üldine nähtus muudab päevataeva siniseks, kui õhumolekulid suunavad päikesevalgust eri suundadesse?",Light scattering,valguse hajumine,scattering of light;Rayleigh scattering,valguse hajutamine;Rayleigh' hajumine;Rayleigh hajumine,"Air molecules scatter shorter visible wavelengths more strongly, making the sky appear blue.","Õhumolekulid hajutavad lühemaid nähtavaid laineid tugevamalt, mistõttu taevas paistab sinine.",Rayleigh scattering,https://en.wikipedia.org/wiki/Rayleigh_scattering,CC-BY-SA-4.0,2026-08-28,reviewed,true
built-in-science-nature-accessible-corpus-041,built-in-science-nature,Science and Nature Pack,built-in-science-nature-set-084,board,round-one,1,easy,weather-climate,Science & Nature: Simple Machines,,A seesaw is an everyday example of which simple machine?,Millise lihtsa masina igapäevane näide on kiiklaud?,Lever,kang,a lever,kangmehhanism,"A seesaw is a rigid bar turning around a central fulcrum, the defining action of a lever.",Kiiklaud on ümber keskse toetuspunkti pöörlev jäik latt ehk kang.,Lever,https://en.wikipedia.org/wiki/Lever,CC-BY-SA-4.0,2026-08-28,reviewed,true
built-in-science-nature-accessible-corpus-042,built-in-science-nature,Science and Nature Pack,built-in-science-nature-set-084,board,round-one,2,easy,weather-climate,Science & Nature: Simple Machines,,Which grooved wheel and rope system helps raise a flag?,Milline soonega ratta ja nööri süsteem aitab lippu heisata?,Pulley,plokk,a pulley;pulley system,plokiratas;plokksüsteem,A flagpole pulley changes the direction of the pulling force on the rope.,Lipuvarda plokk muudab nöörile rakendatava tõmbejõu suunda.,Pulley,https://en.wikipedia.org/wiki/Pulley,CC-BY-SA-4.0,2026-08-28,reviewed,true
built-in-science-nature-accessible-corpus-043,built-in-science-nature,Science and Nature Pack,built-in-science-nature-set-084,board,round-one,3,easy,weather-climate,Science & Nature: Simple Machines,,A round doorknob turning a central shaft demonstrates which simple machine?,Millist lihtsat masinat näitlikustab kesktelge pöörav ümmargune ukselink?,Wheel and axle,ratas ja telg,wheel-and-axle,ratta ja telje mehhanism,The broad knob acts as a wheel that turns the narrower spindle as an axle.,"Lai nupp toimib rattana, mis pöörab kitsamat telge.",Wheel and axle,https://en.wikipedia.org/wiki/Wheel_and_axle,CC-BY-SA-4.0,2026-08-28,reviewed,true
built-in-science-nature-accessible-corpus-044,built-in-science-nature,Science and Nature Pack,built-in-science-nature-set-084,board,round-one,4,easy,weather-climate,Science & Nature: Simple Machines,,What simple machine is a ramp?,Milline lihtne masin on kaldtee?,Inclined plane,kaldpind,sloping plane,kaldtasapind,An inclined plane reduces the force needed to raise a load by spreading the work over distance.,"Kaldpind vähendab koorma tõstmiseks vajalikku jõudu, jaotades töö pikemale teele.",Inclined plane,https://en.wikipedia.org/wiki/Inclined_plane,CC-BY-SA-4.0,2026-08-28,reviewed,true
built-in-science-nature-accessible-corpus-045,built-in-science-nature,Science and Nature Pack,built-in-science-nature-set-084,board,round-one,5,easy,weather-climate,Science & Nature: Simple Machines,,Which fastener works like an inclined plane wrapped around a cylinder?,Milline kinnitusvahend toimib silindri ümber keeratud kaldpinnana?,Screw,kruvi,a screw;threaded screw,keermestatud kruvi,A screw thread is a helical inclined plane that converts turning into forward force.,"Kruvikeere on spiraalne kaldpind, mis muudab pööramise edasiliikuvaks jõuks.",Screw (simple machine),https://en.wikipedia.org/wiki/Screw_(simple_machine),CC-BY-SA-4.0,2026-08-28,reviewed,true
built-in-science-nature-clue-0026,built-in-science-nature,Science and Nature Pack,built-in-science-nature-set-005,board,round-one,1,medium,physics,Science & Nature: Quick Sampler,,Candela — Which SI base unit quantifies luminous intensity in a specified direction?,,candela,,,,Luminous intensity weights light by the eye’s wavelength-dependent sensitivity in a chosen direction.,,Candela — Wikipedia,https://en.wikipedia.org/wiki/Candela,CC-BY-SA-4.0,2026-08-20,untranslated,true
built-in-science-nature-clue-0032,built-in-science-nature,Science and Nature Pack,built-in-science-nature-set-005,board,round-one,2,medium,physics,Science & Nature: Quick Sampler,,Henry (unit) — What uppercase symbol represents the henry?,,H,,,,The inductance unit uses the capital symbol H in SI notation.,,Henry (unit) — Wikipedia,https://en.wikipedia.org/wiki/Henry_(unit),CC-BY-SA-4.0,2026-08-20,untranslated,true
built-in-science-nature-clue-0063,built-in-science-nature,Science and Nature Pack,built-in-science-nature-set-005,board,round-one,3,medium,physics,Science & Nature: Quick Sampler,,Gray (unit) — What field studies the biological effects of ionizing radiation?,,radiobiology,,,,Radiobiology connects radiation exposure with effects in living tissue.,,Gray (unit) — Wikipedia,https://en.wikipedia.org/wiki/Gray_(unit),CC-BY-SA-4.0,2026-08-20,untranslated,true
built-in-science-nature-clue-0179,built-in-science-nature,Science and Nature Pack,built-in-science-nature-set-005,board,round-one,4,medium,physics,Science & Nature: Quick Sampler,,Age of the universe — Which standard cosmological model underlies modern estimates of the universe’s age?,,Lambda-CDM,,ΛCDM|Lambda cold dark matter model,,The model combines a cosmological constant with cold dark matter.,,Age of the universe — Wikipedia,https://en.wikipedia.org/wiki/Age_of_the_universe,CC-BY-SA-4.0,2026-08-20,untranslated,true
built-in-science-nature-clue-0185,built-in-science-nature,Science and Nature Pack,built-in-science-nature-set-005,board,round-one,5,medium,physics,Science & Nature: Quick Sampler,,Moons of Uranus — Which small moon helps confine Uranus’s epsilon ring?,,Cordelia,,,,Cordelia acts as the inner shepherd of the epsilon ring.,,Moons of Uranus — Wikipedia,https://en.wikipedia.org/wiki/Moons_of_Uranus,CC-BY-SA-4.0,2026-08-20,untranslated,true
built-in-science-nature-clue-0031,built-in-science-nature,Science and Nature Pack,built-in-science-nature-set-006,board,round-one,1,medium,physics,Science & Nature: Quick Potpourri,,Henry (unit) — What is the SI unit of electrical inductance?,,henry,,Henry,,Inductance measures how strongly a changing flow of charge produces an induced voltage.,,Henry (unit) — Wikipedia,https://en.wikipedia.org/wiki/Henry_(unit),CC-BY-SA-4.0,2026-08-20,untranslated,true
built-in-science-nature-clue-0062,built-in-science-nature,Science and Nature Pack,built-in-science-nature-set-006,board,round-one,2,medium,physics,Science & Nature: Quick Potpourri,,Gray (unit) — One gray equals one joule of deposited energy per what mass?,,one kilogram,,kilogram|1 kg,,The gray has the defining relation 1 Gy = 1 J/kg.,,Gray (unit) — Wikipedia,https://en.wikipedia.org/wiki/Gray_(unit),CC-BY-SA-4.0,2026-08-20,untranslated,true
built-in-science-nature-clue-0178,built-in-science-nature,Science and Nature Pack,built-in-science-nature-set-006,board,round-one,3,medium,physics,Science & Nature: Quick Potpourri,,Age of the universe — Which astronomer’s law relates galaxy recession speed to distance?,,Hubble–Lemaître law,,Hubble's law,,The relation is evidence for cosmic expansion.,,Age of the universe — Wikipedia,https://en.wikipedia.org/wiki/Age_of_the_universe,CC-BY-SA-4.0,2026-08-20,untranslated,true
built-in-science-nature-clue-0184,built-in-science-nature,Science and Nature Pack,built-in-science-nature-set-006,board,round-one,4,medium,physics,Science & Nature: Quick Potpourri,,Moons of Uranus — Which large irregular Uranian moon has a retrograde orbit?,,Sycorax,,,,Sycorax likely represents a captured object.,,Moons of Uranus — Wikipedia,https://en.wikipedia.org/wiki/Moons_of_Uranus,CC-BY-SA-4.0,2026-08-20,untranslated,true
built-in-science-nature-clue-0190,built-in-science-nature,Science and Nature Pack,built-in-science-nature-set-006,board,round-one,5,medium,physics,Science & Nature: Quick Potpourri,,Sunlight — Which particles escape the solar core much more directly than photons?,,neutrinos,,,,Solar neutrinos interact weakly and leave rapidly.,,Sunlight — Wikipedia,https://en.wikipedia.org/wiki/Sunlight,CC-BY-SA-4.0,2026-08-20,untranslated,true
built-in-science-nature-clue-0061,built-in-science-nature,Science and Nature Pack,built-in-science-nature-set-012,board,round-one,1,medium,physics,Science & Nature: Curious Tour,,Gray (unit) — Which SI unit measures absorbed dose of ionizing radiation?,,gray,,,,Absorbed dose compares deposited ionizing-radiation energy with the mass receiving it.,,Gray (unit) — Wikipedia,https://en.wikipedia.org/wiki/Gray_(unit),CC-BY-SA-4.0,2026-08-20,untranslated,true
built-in-science-nature-clue-0177,built-in-science-nature,Science and Nature Pack,built-in-science-nature-set-012,board,round-one,2,medium,physics,Science & Nature: Curious Tour,,Age of the universe — Does the quoted age of the universe measure time before or since the Big Bang?,,since the Big Bang,,,,The age is the elapsed time in the cosmological model since the Big Bang.,,Age of the universe — Wikipedia,https://en.wikipedia.org/wiki/Age_of_the_universe,CC-BY-SA-4.0,2026-08-20,untranslated,true
built-in-science-nature-clue-0183,built-in-science-nature,Science and Nature Pack,built-in-science-nature-set-012,board,round-one,3,medium,physics,Science & Nature: Curious Tour,,Moons of Uranus — Who discovered Titania and Oberon in 1787?,,William Herschel,,Herschel,,Herschel found the two largest Uranian moons in 1787.,,Moons of Uranus — Wikipedia,https://en.wikipedia.org/wiki/Moons_of_Uranus,CC-BY-SA-4.0,2026-08-20,untranslated,true
built-in-science-nature-clue-0189,built-in-science-nature,Science and Nature Pack,built-in-science-nature-set-012,board,round-one,4,medium,physics,Science & Nature: Curious Tour,,Sunlight — What range is estimated for a photon’s journey from the Sun’s centre to its surface?,,"10,000 to 170,000 years",,"10,000–170,000 years|between 10,000 and 170,000 years",,Repeated absorption and re-emission make the interior journey vastly longer than the roughly eight-minute trip from the Sun’s surface to Earth.,,Sunlight — Wikipedia,https://en.wikipedia.org/wiki/Sunlight,CC-BY-SA-4.0,2026-08-20,untranslated,true
built-in-science-nature-clue-0195,built-in-science-nature,Science and Nature Pack,built-in-science-nature-set-012,board,round-one,5,medium,physics,Science & Nature: Curious Tour,,Sagittarius A* — In what year was the first Event Horizon Telescope image of Sagittarius A* released?,,2022,,,,The collaboration released the image on 12 May 2022.,,Sagittarius A* — Wikipedia,https://en.wikipedia.org/wiki/Sagittarius_A*,CC-BY-SA-4.0,2026-08-20,untranslated,true
built-in-science-nature-clue-0176,built-in-science-nature,Science and Nature Pack,built-in-science-nature-set-035,board,round-one,1,medium,astronomy,Science & Nature: Unexpected Sampler,,"Age of the universe — As of 2026, approximately how old is the universe?",,13.8 billion years,,,,The estimate combines cosmic expansion and microwave-background measurements rather than a direct clock.,,Age of the universe — Wikipedia,https://en.wikipedia.org/wiki/Age_of_the_universe,CC-BY-SA-4.0,2026-08-20,untranslated,true
built-in-science-nature-clue-0182,built-in-science-nature,Science and Nature Pack,built-in-science-nature-set-035,board,round-one,2,medium,astronomy,Science & Nature: Unexpected Sampler,,Moons of Uranus — Most Uranian moon names come from works by which two writers?,,William Shakespeare and Alexander Pope,,Shakespeare and Pope,,The naming scheme draws chiefly from their characters.,,Moons of Uranus — Wikipedia,https://en.wikipedia.org/wiki/Moons_of_Uranus,CC-BY-SA-4.0,2026-08-20,untranslated,true
built-in-science-nature-clue-0188,built-in-science-nature,Science and Nature Pack,built-in-science-nature-set-035,board,round-one,3,medium,astronomy,Science & Nature: Unexpected Sampler,,Sunlight — Why does Sun-Earth light time vary during the year?,,Earth’s orbit is elliptical,,,,Earth-Sun distance changes between perihelion and aphelion.,,Sunlight — Wikipedia,https://en.wikipedia.org/wiki/Sunlight,CC-BY-SA-4.0,2026-08-20,untranslated,true
built-in-science-nature-clue-0194,built-in-science-nature,Science and Nature Pack,built-in-science-nature-set-035,board,round-one,4,medium,astronomy,Science & Nature: Unexpected Sampler,,Sagittarius A* — What observations supplied decisive mass evidence?,,orbits of nearby stars,,stellar orbits,,"Tracking stars such as S2 reveals a massive compact object through their tight, rapid paths.",,Sagittarius A* — Wikipedia,https://en.wikipedia.org/wiki/Sagittarius_A*,CC-BY-SA-4.0,2026-08-20,untranslated,true
built-in-science-nature-clue-0210,built-in-science-nature,Science and Nature Pack,built-in-science-nature-set-035,board,round-one,5,medium,astronomy,Science & Nature: Unexpected Sampler,,Mitosis — What separate process partitions the cytoplasm after nuclear division?,,cytokinesis,,,,"Cytokinesis is not a mitotic phase; in animal cells, a contractile ring pinches the cell into two.",,Mitosis — Wikipedia,https://en.wikipedia.org/wiki/Mitosis,CC-BY-SA-4.0,2026-08-20,untranslated,true
built-in-science-nature-clue-0181,built-in-science-nature,Science and Nature Pack,built-in-science-nature-set-036,board,round-one,1,medium,astronomy,Science & Nature: Unexpected Potpourri,,"Moons of Uranus — Miranda, Ariel, Umbriel, Titania, and Oberon orbit which planet?",,Uranus,,,,They are the five major Uranian moons.,,Moons of Uranus — Wikipedia,https://en.wikipedia.org/wiki/Moons_of_Uranus,CC-BY-SA-4.0,2026-08-20,untranslated,true
built-in-science-nature-clue-0187,built-in-science-nature,Science and Nature Pack,built-in-science-nature-set-036,board,round-one,2,medium,astronomy,Science & Nature: Unexpected Potpourri,,Sunlight — What distance unit is approximately Earth’s mean distance from the Sun?,,astronomical unit,,AU,,Earth’s elliptical orbit makes the actual Sun–Earth distance vary around this reference value.,,Sunlight — Wikipedia,https://en.wikipedia.org/wiki/Sunlight,CC-BY-SA-4.0,2026-08-20,untranslated,true
built-in-science-nature-clue-0193,built-in-science-nature,Science and Nature Pack,built-in-science-nature-set-036,board,round-one,3,medium,astronomy,Science & Nature: Unexpected Potpourri,,Sagittarius A* — Sagittarius A* has a mass of roughly how many Suns?,,four million Suns,,four million solar masses|about 4 million Suns,,The central object’s inferred mass is about four million times the Sun’s mass.,,Sagittarius A* — Wikipedia,https://en.wikipedia.org/wiki/Sagittarius_A*,CC-BY-SA-4.0,2026-08-20,untranslated,true
built-in-science-nature-clue-0209,built-in-science-nature,Science and Nature Pack,built-in-science-nature-set-036,board,round-one,4,medium,astronomy,Science & Nature: Unexpected Potpourri,,Mitosis — New nuclear envelopes form and chromosomes begin to decondense during which phase?,,telophase,,,,Telophase rebuilds an envelope around each separated chromosome set as the chromosomes relax.,,Mitosis — Wikipedia,https://en.wikipedia.org/wiki/Mitosis,CC-BY-SA-4.0,2026-08-20,untranslated,true
built-in-science-nature-clue-0215,built-in-science-nature,Science and Nature Pack,built-in-science-nature-set-036,board,round-one,5,medium,astronomy,Science & Nature: Unexpected Potpourri,,DNA — What model says each new DNA double helix retains one old strand?,,semiconservative replication,,semiconservative model,,Experiments by Meselson and Stahl supported this model in 1958.,,DNA — Wikipedia,https://en.wikipedia.org/wiki/DNA,CC-BY-SA-4.0,2026-08-20,untranslated,true
built-in-science-nature-clue-0186,built-in-science-nature,Science and Nature Pack,built-in-science-nature-set-037,board,round-one,1,medium,astronomy,Science & Nature: Unexpected Challenge,,"Sunlight — To the nearest minute, how long does sunlight take to reach Earth?",,8 minutes,,,,"Once sunlight leaves the photosphere, its vacuum transit to Earth lasts about 8 minutes 20 seconds.",,Sunlight — Wikipedia,https://en.wikipedia.org/wiki/Sunlight,CC-BY-SA-4.0,2026-08-20,untranslated,true
built-in-science-nature-clue-0192,built-in-science-nature,Science and Nature Pack,built-in-science-nature-set-037,board,round-one,2,medium,astronomy,Science & Nature: Unexpected Challenge,,Sagittarius A* — What is the supermassive black hole at the Milky Way’s centre called?,,Sagittarius A*,,Sgr A*,,The compact radio source at the Galactic centre carries this designation.,,Sagittarius A* — Wikipedia,https://en.wikipedia.org/wiki/Sagittarius_A*,CC-BY-SA-4.0,2026-08-20,untranslated,true
built-in-science-nature-clue-0208,built-in-science-nature,Science and Nature Pack,built-in-science-nature-set-037,board,round-one,3,medium,astronomy,Science & Nature: Unexpected Challenge,,Mitosis — Cohesin cleavage lets sister chromosomes move toward opposite poles during which phase?,,anaphase,,,,"In anaphase, cohesins are cleaved and shortening kinetochore microtubules pull the daughter chromosomes apart.",,Mitosis — Wikipedia,https://en.wikipedia.org/wiki/Mitosis,CC-BY-SA-4.0,2026-08-20,untranslated,true
built-in-science-nature-clue-0214,built-in-science-nature,Science and Nature Pack,built-in-science-nature-set-037,board,round-one,4,medium,astronomy,Science & Nature: Unexpected Challenge,,DNA — What term describes the opposite orientation of DNA’s two strands?,,antiparallel,,,,One strand runs 5′ to 3′ and the other 3′ to 5′.,,DNA — Wikipedia,https://en.wikipedia.org/wiki/DNA,CC-BY-SA-4.0,2026-08-20,untranslated,true
built-in-science-nature-clue-0220,built-in-science-nature,Science and Nature Pack,built-in-science-nature-set-037,board,round-one,5,medium,astronomy,Science & Nature: Unexpected Challenge,,Stop codon — What proteins recognize stop codons instead of transfer RNAs?,,release factors,,release-factor proteins,,Release factors trigger peptide release from the ribosome.,,Stop codon — Wikipedia,https://en.wikipedia.org/wiki/Stop_codon,CC-BY-SA-4.0,2026-08-20,untranslated,true
built-in-science-nature-clue-0191,built-in-science-nature,Science and Nature Pack,built-in-science-nature-set-038,board,round-one,1,medium,astronomy,Science & Nature: Unexpected Quiz,,Sagittarius A* — Toward which constellation is the Galactic centre seen?,,Sagittarius,,,,Interstellar dust along this sightline obscures the centre at visible wavelengths.,,Sagittarius A* — Wikipedia,https://en.wikipedia.org/wiki/Sagittarius_A*,CC-BY-SA-4.0,2026-08-20,untranslated,true
built-in-science-nature-clue-0207,built-in-science-nature,Science and Nature Pack,built-in-science-nature-set-038,board,round-one,2,medium,astronomy,Science & Nature: Unexpected Quiz,,Mitosis — Spindle attachment aligns chromosomes along the equatorial plate during which mitotic phase?,,metaphase,,,,Metaphase chromosomes align at the metaphase plate after spindle microtubules attach to their kinetochores.,,Mitosis — Wikipedia,https://en.wikipedia.org/wiki/Mitosis,CC-BY-SA-4.0,2026-08-20,untranslated,true
built-in-science-nature-clue-0213,built-in-science-nature,Science and Nature Pack,built-in-science-nature-set-038,board,round-one,3,medium,astronomy,Science & Nature: Unexpected Quiz,,DNA — Which four bases occur in DNA?,,"adenine, cytosine, guanine, and thymine",,"A, C, G, T|ACGT",,Their sequence stores genetic information.,,DNA — Wikipedia,https://en.wikipedia.org/wiki/DNA,CC-BY-SA-4.0,2026-08-20,untranslated,true
built-in-science-nature-clue-0219,built-in-science-nature,Science and Nature Pack,built-in-science-nature-set-038,board,round-one,4,medium,astronomy,Science & Nature: Unexpected Quiz,,Stop codon — Which three mRNA codons normally signal stop?,,"UAA, UAG, and UGA",,UAA/UAG/UGA,,These codons do not specify standard amino acids.,,Stop codon — Wikipedia,https://en.wikipedia.org/wiki/Stop_codon,CC-BY-SA-4.0,2026-08-20,untranslated,true
built-in-science-nature-clue-0225,built-in-science-nature,Science and Nature Pack,built-in-science-nature-set-038,board,round-one,5,medium,astronomy,Science & Nature: Unexpected Quiz,,Down syndrome — What meiotic error commonly produces the extra chromosome?,,nondisjunction,,meiotic nondisjunction,,Homologs or chromatids fail to separate normally.,,Down syndrome — Wikipedia,https://en.wikipedia.org/wiki/Down_syndrome,CC-BY-SA-4.0,2026-08-20,untranslated,true
built-in-science-nature-clue-0206,built-in-science-nature,Science and Nature Pack,built-in-science-nature-set-041,board,round-one,1,medium,biology,Science & Nature: Worldwide Medley,,Mitosis — Which is not a standard mitotic stage: prophase or Diplophase?,,Diplophase,,diplophase,,"During prophase, chromosomes condense and the mitotic spindle begins to form; Diplophase is not among the standard phase names.",,Mitosis — Wikipedia,https://en.wikipedia.org/wiki/Mitosis,CC-BY-SA-4.0,2026-08-20,untranslated,true
built-in-science-nature-clue-0212,built-in-science-nature,Science and Nature Pack,built-in-science-nature-set-041,board,round-one,2,medium,biology,Science & Nature: Worldwide Medley,,DNA — Which five-carbon sugar occurs in DNA?,,deoxyribose,,,,"Compared with ribose, this pentose lacks an oxygen atom at the 2-prime carbon.",,DNA — Wikipedia,https://en.wikipedia.org/wiki/DNA,CC-BY-SA-4.0,2026-08-20,untranslated,true
built-in-science-nature-clue-0218,built-in-science-nature,Science and Nature Pack,built-in-science-nature-set-041,board,round-one,3,medium,biology,Science & Nature: Worldwide Medley,,Stop codon — What cellular process ends when a ribosome reaches a stop codon?,,translation,,,,Encountering a stop codon recruits termination machinery and releases the completed polypeptide.,,Stop codon — Wikipedia,https://en.wikipedia.org/wiki/Stop_codon,CC-BY-SA-4.0,2026-08-20,untranslated,true
built-in-science-nature-clue-0224,built-in-science-nature,Science and Nature Pack,built-in-science-nature-set-041,board,round-one,4,medium,biology,Science & Nature: Worldwide Medley,,Down syndrome — In what year did Jérôme Lejeune and colleagues identify trisomy 21?,,1959,,,,The 1959 finding was the first chromosome abnormality tied to a human disorder.,,Down syndrome — Wikipedia,https://en.wikipedia.org/wiki/Down_syndrome,CC-BY-SA-4.0,2026-08-20,untranslated,true
built-in-science-nature-clue-0230,built-in-science-nature,Science and Nature Pack,built-in-science-nature-set-041,board,round-one,5,medium,biology,Science & Nature: Worldwide Medley,,Interphase — Which interphase checkpoint occurs after S phase and before mitosis?,,G2 checkpoint,,,,The G2 checkpoint assesses completion of the preceding cell-cycle phase.,,Interphase — Wikipedia,https://en.wikipedia.org/wiki/Interphase,CC-BY-SA-4.0,2026-08-20,untranslated,true
built-in-science-nature-clue-0211,built-in-science-nature,Science and Nature Pack,built-in-science-nature-set-042,board,round-one,1,medium,biology,Science & Nature: Worldwide Tour,,DNA — What does DNA stand for?,,deoxyribonucleic acid,,,,The expanded name identifies the molecule as a nucleic acid without specifying its individual bases.,,DNA — Wikipedia,https://en.wikipedia.org/wiki/DNA,CC-BY-SA-4.0,2026-08-20,untranslated,true
built-in-science-nature-clue-0217,built-in-science-nature,Science and Nature Pack,built-in-science-nature-set-042,board,round-one,2,medium,biology,Science & Nature: Worldwide Tour,,Stop codon — Do ordinary stop codons encode a standard amino acid?,,no,,,,Ordinary stop codons end protein synthesis without adding a standard amino acid.,,Stop codon — Wikipedia,https://en.wikipedia.org/wiki/Stop_codon,CC-BY-SA-4.0,2026-08-20,untranslated,true
built-in-science-nature-clue-0223,built-in-science-nature,Science and Nature Pack,built-in-science-nature-set-042,board,round-one,3,medium,biology,Science & Nature: Worldwide Tour,,Down syndrome — Which physician described the syndrome in 1866?,,John Langdon Down,,Langdon Down,,Down published his clinical description in 1866.,,Down syndrome — Wikipedia,https://en.wikipedia.org/wiki/Down_syndrome,CC-BY-SA-4.0,2026-08-20,untranslated,true
built-in-science-nature-clue-0229,built-in-science-nature,Science and Nature Pack,built-in-science-nature-set-042,board,round-one,4,medium,biology,Science & Nature: Worldwide Tour,,Interphase — Which interphase phase follows DNA replication?,,G2 phase,,,,Cells prepare for mitosis during G2.,,Interphase — Wikipedia,https://en.wikipedia.org/wiki/Interphase,CC-BY-SA-4.0,2026-08-20,untranslated,true
built-in-science-nature-clue-0235,built-in-science-nature,Science and Nature Pack,built-in-science-nature-set-042,board,round-one,5,medium,biology,Science & Nature: Worldwide Tour,,Base pair — Why does one purine pair with one pyrimidine?,,to keep the helix width uniform,,,,Two purines are too wide and two pyrimidines too narrow.,,Base pair — Wikipedia,https://en.wikipedia.org/wiki/Base_pair,CC-BY-SA-4.0,2026-08-20,untranslated,true
built-in-science-nature-clue-0216,built-in-science-nature,Science and Nature Pack,built-in-science-nature-set-043,board,round-one,1,medium,biology,Science & Nature: Worldwide Grab Bag,,"Stop codon — Which DNA triplet is a stop signal: TAA, TAC, or TAT?",,TAA,,,,TAA corresponds to a termination signal; TAC and TAT encode amino acids.,,Stop codon — Wikipedia,https://en.wikipedia.org/wiki/Stop_codon,CC-BY-SA-4.0,2026-08-20,untranslated,true
built-in-science-nature-clue-0222,built-in-science-nature,Science and Nature Pack,built-in-science-nature-set-043,board,round-one,2,medium,biology,Science & Nature: Worldwide Grab Bag,,Down syndrome — What chromosome-count term describes three copies of chromosome 21?,,trisomy 21,,,,Trisomy means three homologous chromosome copies.,,Down syndrome — Wikipedia,https://en.wikipedia.org/wiki/Down_syndrome,CC-BY-SA-4.0,2026-08-20,untranslated,true
built-in-science-nature-clue-0228,built-in-science-nature,Science and Nature Pack,built-in-science-nature-set-043,board,round-one,3,medium,biology,Science & Nature: Worldwide Grab Bag,,Interphase — During which phase is nuclear DNA replicated?,,S phase,,,,S stands for synthesis.,,Interphase — Wikipedia,https://en.wikipedia.org/wiki/Interphase,CC-BY-SA-4.0,2026-08-20,untranslated,true
built-in-science-nature-clue-0234,built-in-science-nature,Science and Nature Pack,built-in-science-nature-set-043,board,round-one,4,medium,biology,Science & Nature: Worldwide Grab Bag,,Base pair — How many hydrogen bonds normally join guanine and cytosine?,,three,,,,G-C pairs have one more hydrogen bond than A-T pairs.,,Base pair — Wikipedia,https://en.wikipedia.org/wiki/Base_pair,CC-BY-SA-4.0,2026-08-20,untranslated,true
built-in-science-nature-clue-0240,built-in-science-nature,Science and Nature Pack,built-in-science-nature-set-043,board,round-one,5,medium,biology,Science & Nature: Worldwide Grab Bag,,Histology — What medical specialty interprets tissue sections to diagnose disease?,,histopathology,,,,Histopathology applies microscopic tissue study to disease.,,Histology — Wikipedia,https://en.wikipedia.org/wiki/Histology,CC-BY-SA-4.0,2026-08-20,untranslated,true
built-in-science-nature-clue-0221,built-in-science-nature,Science and Nature Pack,built-in-science-nature-set-044,board,round-one,1,medium,biology,Science & Nature: Worldwide Roundup,,Down syndrome — An extra copy of which chromosome usually causes Down syndrome?,,chromosome 21,,,,An extra chromosome created by chromosome-separation errors raises the usual total to 47.,,Down syndrome — Wikipedia,https://en.wikipedia.org/wiki/Down_syndrome,CC-BY-SA-4.0,2026-08-20,untranslated,true
built-in-science-nature-clue-0227,built-in-science-nature,Science and Nature Pack,built-in-science-nature-set-044,board,round-one,2,medium,biology,Science & Nature: Worldwide Roundup,,Interphase — Which interphase phase precedes DNA replication?,,G1 phase,,,,Cells grow and assess conditions during G1.,,Interphase — Wikipedia,https://en.wikipedia.org/wiki/Interphase,CC-BY-SA-4.0,2026-08-20,untranslated,true
built-in-science-nature-clue-0233,built-in-science-nature,Science and Nature Pack,built-in-science-nature-set-044,board,round-one,3,medium,biology,Science & Nature: Worldwide Roundup,,Base pair — Which nucleotide base pairs with guanine in DNA?,,cytosine,,,,G pairs with C in the standard double helix.,,Base pair — Wikipedia,https://en.wikipedia.org/wiki/Base_pair,CC-BY-SA-4.0,2026-08-20,untranslated,true
built-in-science-nature-clue-0239,built-in-science-nature,Science and Nature Pack,built-in-science-nature-set-044,board,round-one,4,medium,biology,Science & Nature: Worldwide Roundup,,Histology — Which common stain pair colours nuclei blue-purple and cytoplasm pink?,,hematoxylin and eosin,,H&E,,"Hematoxylin stains nuclei blue-purple, while eosin colours protein-rich cytoplasm pink, creating useful contrast.",,Histology — Wikipedia,https://en.wikipedia.org/wiki/Histology,CC-BY-SA-4.0,2026-08-20,untranslated,true
built-in-science-nature-clue-0245,built-in-science-nature,Science and Nature Pack,built-in-science-nature-set-044,board,round-one,5,medium,biology,Science & Nature: Worldwide Roundup,,Human mitochondrial DNA haplogroup — What nickname denotes the matrilineal most recent common ancestor of living humans?,,Mitochondrial Eve,,,,Mitochondrial Eve is the matrilineal most recent common ancestor inferred from mtDNA lineages.,,Human mitochondrial DNA haplogroup — Wikipedia,https://en.wikipedia.org/wiki/Human_mitochondrial_DNA_haplogroup,CC-BY-SA-4.0,2026-08-20,untranslated,true
built-in-science-nature-clue-0226,built-in-science-nature,Science and Nature Pack,built-in-science-nature-set-045,board,round-one,1,medium,biology,Science & Nature: Worldwide Sampler,,Interphase — During which stage do many eukaryotic cells spend most of the cell cycle?,,interphase,,,,Growth and DNA replication occur between divisions.,,Interphase — Wikipedia,https://en.wikipedia.org/wiki/Interphase,CC-BY-SA-4.0,2026-08-20,untranslated,true
built-in-science-nature-clue-0232,built-in-science-nature,Science and Nature Pack,built-in-science-nature-set-045,board,round-one,2,medium,biology,Science & Nature: Worldwide Sampler,,Base pair — Which base replaces thymine when adenine pairs in RNA?,,uracil,,,,RNA generally uses uracil instead of thymine.,,Base pair — Wikipedia,https://en.wikipedia.org/wiki/Base_pair,CC-BY-SA-4.0,2026-08-20,untranslated,true
built-in-science-nature-clue-0238,built-in-science-nature,Science and Nature Pack,built-in-science-nature-set-045,board,round-one,3,medium,biology,Science & Nature: Worldwide Sampler,,Histology — What term describes epithelium arranged in a single layer?,,simple epithelium,,,,"A simple epithelium has one cell layer, unlike stratified epithelium with multiple layers.",,Histology — Wikipedia,https://en.wikipedia.org/wiki/Histology,CC-BY-SA-4.0,2026-08-20,untranslated,true
built-in-science-nature-clue-0244,built-in-science-nature,Science and Nature Pack,built-in-science-nature-set-045,board,round-one,4,medium,biology,Science & Nature: Worldwide Sampler,,Human mitochondrial DNA haplogroup — Which haplogroup letter is used in mitochondrial-DNA nomenclature but is not shared with Y-chromosome nomenclature?,,U,,,,Haplogroup U is a mitochondrial lineage label rather than a shared Y-chromosome label.,,Human mitochondrial DNA haplogroup — Wikipedia,https://en.wikipedia.org/wiki/Human_mitochondrial_DNA_haplogroup,CC-BY-SA-4.0,2026-08-20,untranslated,true
built-in-science-nature-clue-0250,built-in-science-nature,Science and Nature Pack,built-in-science-nature-set-045,board,round-one,5,medium,biology,Science & Nature: Worldwide Sampler,,Lucy (hominid) — Which pelvic and leg traits did Lucy help document?,,habitual bipedalism,,bipedalism,,Her anatomy supports regular upright walking.,,Lucy (hominid) — Wikipedia,https://en.wikipedia.org/wiki/Lucy_(hominid),CC-BY-SA-4.0,2026-08-20,untranslated,true
built-in-science-nature-clue-0231,built-in-science-nature,Science and Nature Pack,built-in-science-nature-set-046,board,round-one,1,medium,biology,Science & Nature: Worldwide Potpourri,,Base pair — Which base pairs with adenine in DNA?,,thymine,,,,A-T is the other standard DNA pair.,,Base pair — Wikipedia,https://en.wikipedia.org/wiki/Base_pair,CC-BY-SA-4.0,2026-08-20,untranslated,true
built-in-science-nature-clue-0237,built-in-science-nature,Science and Nature Pack,built-in-science-nature-set-046,board,round-one,2,medium,biology,Science & Nature: Worldwide Potpourri,,Histology — What instrument cuts very thin tissue sections?,,microtome,,,,Thin sections let transmitted light pass through specimens.,,Histology — Wikipedia,https://en.wikipedia.org/wiki/Histology,CC-BY-SA-4.0,2026-08-20,untranslated,true
built-in-science-nature-clue-0243,built-in-science-nature,Science and Nature Pack,built-in-science-nature-set-046,board,round-one,3,medium,biology,Science & Nature: Worldwide Potpourri,,Human mitochondrial DNA haplogroup — What does a mitochondrial haplogroup collect: related lineages or unrelated individuals?,,related lineages,,related maternal lineages|related mtDNA lineages,,A haplogroup collects maternal lineages that share inherited mitochondrial variants.,,Human mitochondrial DNA haplogroup — Wikipedia,https://en.wikipedia.org/wiki/Human_mitochondrial_DNA_haplogroup,CC-BY-SA-4.0,2026-08-20,untranslated,true
built-in-science-nature-clue-0249,built-in-science-nature,Science and Nature Pack,built-in-science-nature-set-046,board,round-one,4,medium,biology,Science & Nature: Worldwide Potpourri,,Lucy (hominid) — What scientific species name is assigned to the fossil Lucy?,,Australopithecus afarensis,,,,Lucy is the partial skeleton catalogued AL 288-1.,,Lucy (hominid) — Wikipedia,https://en.wikipedia.org/wiki/Lucy_(hominid),CC-BY-SA-4.0,2026-08-20,untranslated,true
built-in-science-nature-clue-0255,built-in-science-nature,Science and Nature Pack,built-in-science-nature-set-046,board,round-one,5,medium,biology,Science & Nature: Worldwide Potpourri,,Neanderthal — What prominent skull feature is common in Neanderthals?,,a strong brow ridge,,supraorbital torus|prominent brow ridge,,Neanderthal skulls often have large supraorbital tori.,,Neanderthal — Wikipedia,https://en.wikipedia.org/wiki/Neanderthal,CC-BY-SA-4.0,2026-08-20,untranslated,true
built-in-science-nature-clue-0236,built-in-science-nature,Science and Nature Pack,built-in-science-nature-set-047,board,round-one,1,medium,biology,Science & Nature: Worldwide Challenge,,Histology — What is the microscopic study of cells and tissues called?,,histology,,,,Histology examines tissue architecture.,,Histology — Wikipedia,https://en.wikipedia.org/wiki/Histology,CC-BY-SA-4.0,2026-08-20,untranslated,true
built-in-science-nature-clue-0242,built-in-science-nature,Science and Nature Pack,built-in-science-nature-set-047,board,round-one,2,medium,biology,Science & Nature: Worldwide Challenge,,Human mitochondrial DNA haplogroup — Human mitochondrial haplogroups are used to trace which kind of lineage?,,maternal lineage,,maternal line|matrilineal lineage,,"Mitochondrial mutations accumulate along maternal lines, allowing haplogroups to trace matrilineal ancestry.",,Human mitochondrial DNA haplogroup — Wikipedia,https://en.wikipedia.org/wiki/Human_mitochondrial_DNA_haplogroup,CC-BY-SA-4.0,2026-08-20,untranslated,true
built-in-science-nature-clue-0248,built-in-science-nature,Science and Nature Pack,built-in-science-nature-set-047,board,round-one,3,medium,biology,Science & Nature: Worldwide Challenge,,Lucy (hominid) — Which Beatles song inspired the fossil’s nickname?,,Lucy in the Sky with Diamonds,,,,The excavation team repeatedly played the song.,,Lucy (hominid) — Wikipedia,https://en.wikipedia.org/wiki/Lucy_(hominid),CC-BY-SA-4.0,2026-08-20,untranslated,true
built-in-science-nature-clue-0254,built-in-science-nature,Science and Nature Pack,built-in-science-nature-set-047,board,round-one,4,medium,biology,Science & Nature: Worldwide Challenge,,Neanderthal — What process left Neanderthal DNA in many living people?,,interbreeding,,admixture|gene flow,,Gene flow occurred after modern humans dispersed from Africa.,,Neanderthal — Wikipedia,https://en.wikipedia.org/wiki/Neanderthal,CC-BY-SA-4.0,2026-08-20,untranslated,true
built-in-science-nature-clue-0030,built-in-science-nature,Science and Nature Pack,built-in-science-nature-set-047,board,round-one,5,medium,biology,Science & Nature: Worldwide Challenge,,Candela — The candela definition fixes luminous efficacy at what frequency: 540 terahertz or 540 gigahertz?,,540 terahertz,,,,The monochromatic reference frequency is 540 × 10^12 hertz.,,Candela — Wikipedia,https://en.wikipedia.org/wiki/Candela,CC-BY-SA-4.0,2026-08-20,untranslated,true
built-in-science-nature-clue-0241,built-in-science-nature,Science and Nature Pack,built-in-science-nature-set-048,board,round-one,1,medium,biology,Science & Nature: Worldwide Quiz,,Human mitochondrial DNA haplogroup — What does the abbreviation mtDNA stand for?,,mitochondrial DNA,,,,The abbreviation distinguishes the mitochondrial genome from nuclear DNA.,,Human mitochondrial DNA haplogroup — Wikipedia,https://en.wikipedia.org/wiki/Human_mitochondrial_DNA_haplogroup,CC-BY-SA-4.0,2026-08-20,untranslated,true
built-in-science-nature-clue-0247,built-in-science-nature,Science and Nature Pack,built-in-science-nature-set-048,board,round-one,2,medium,biology,Science & Nature: Worldwide Quiz,,Lucy (hominid) — In what year was Lucy discovered?,,1974,,,,Donald Johanson’s team found Lucy in November 1974.,,Lucy (hominid) — Wikipedia,https://en.wikipedia.org/wiki/Lucy_(hominid),CC-BY-SA-4.0,2026-08-20,untranslated,true
built-in-science-nature-clue-0253,built-in-science-nature,Science and Nature Pack,built-in-science-nature-set-048,board,round-one,3,medium,biology,Science & Nature: Worldwide Quiz,,Neanderthal — Which German valley gave Neanderthals their name?,,Neander Valley,,Neandertal Valley,,The type specimen was found there in 1856.,,Neanderthal — Wikipedia,https://en.wikipedia.org/wiki/Neanderthal,CC-BY-SA-4.0,2026-08-20,untranslated,true
built-in-science-nature-clue-0029,built-in-science-nature,Science and Nature Pack,built-in-science-nature-set-048,board,round-one,4,medium,biology,Science & Nature: Worldwide Quiz,,"Candela — At the candela reference frequency, what luminous efficacy is fixed?",,683 lumens per watt,,683 lm/W|683 lumens per watt,,The fixed luminous efficacy links the candela to human-perceived brightness.,,Candela — Wikipedia,https://en.wikipedia.org/wiki/Candela,CC-BY-SA-4.0,2026-08-20,untranslated,true
built-in-science-nature-clue-0035,built-in-science-nature,Science and Nature Pack,built-in-science-nature-set-048,board,round-one,5,medium,biology,Science & Nature: Worldwide Quiz,,Henry (unit) — Which electromagnetic phenomenon did Joseph Henry independently discover?,,electromagnetic induction,,induction,,Henry’s experiments showed that a changing magnetic field can induce an electric effect.,,Henry (unit) — Wikipedia,https://en.wikipedia.org/wiki/Henry_(unit),CC-BY-SA-4.0,2026-08-20,untranslated,true
built-in-science-nature-clue-0246,built-in-science-nature,Science and Nature Pack,built-in-science-nature-set-049,board,round-one,1,medium,animals,Science & Nature: Worldwide Odds & Ends,,Lucy (hominid) — In which country was Lucy found?,,Ethiopia,,,,The Hadar site lies in Ethiopia’s Afar region.,,Lucy (hominid) — Wikipedia,https://en.wikipedia.org/wiki/Lucy_(hominid),CC-BY-SA-4.0,2026-08-20,untranslated,true
built-in-science-nature-clue-0252,built-in-science-nature,Science and Nature Pack,built-in-science-nature-set-049,board,round-one,2,medium,animals,Science & Nature: Worldwide Odds & Ends,,Neanderthal — Across which broad region have Neanderthal fossils been found?,,Europe and Asia,,Eurasia,,Their range extended across Europe and western to central Asia.,,Neanderthal — Wikipedia,https://en.wikipedia.org/wiki/Neanderthal,CC-BY-SA-4.0,2026-08-20,untranslated,true
built-in-science-nature-clue-0028,built-in-science-nature,Science and Nature Pack,built-in-science-nature-set-049,board,round-one,3,medium,animals,Science & Nature: Worldwide Odds & Ends,,Candela — One candela radiating through one steradian produces how much luminous flux?,,one lumen,,1 lumen|a lumen,,The derived relation is one lumen for one candela distributed through one steradian.,,Candela — Wikipedia,https://en.wikipedia.org/wiki/Candela,CC-BY-SA-4.0,2026-08-20,untranslated,true
built-in-science-nature-clue-0034,built-in-science-nature,Science and Nature Pack,built-in-science-nature-set-049,board,round-one,4,medium,animals,Science & Nature: Worldwide Odds & Ends,,Henry (unit) — Which SI base unit has exponent positive one in a henry’s dimensions?,,kilogram,,kg,,"In SI base dimensions, the henry is kg·m²·s⁻²·A⁻², so the kilogram exponent is positive one.",,Henry (unit) — Wikipedia,https://en.wikipedia.org/wiki/Henry_(unit),CC-BY-SA-4.0,2026-08-20,untranslated,true
built-in-science-nature-clue-0065,built-in-science-nature,Science and Nature Pack,built-in-science-nature-set-049,board,round-one,5,medium,animals,Science & Nature: Worldwide Odds & Ends,,Gray (unit) — How many rad equal one gray?,,100 rad,,one hundred rad|100,,"The gray replaced the rad in SI usage, with 1 Gy equal to 100 rad.",,Gray (unit) — Wikipedia,https://en.wikipedia.org/wiki/Gray_(unit),CC-BY-SA-4.0,2026-08-20,untranslated,true
built-in-science-nature-clue-0251,built-in-science-nature,Science and Nature Pack,built-in-science-nature-set-050,board,round-one,1,medium,animals,Science & Nature: Everyday Mix,,Neanderthal — Were Neanderthals direct ancestors of all modern humans?,,no,,,,They were a sister lineage that also interbred with some modern-human populations.,,Neanderthal — Wikipedia,https://en.wikipedia.org/wiki/Neanderthal,CC-BY-SA-4.0,2026-08-20,untranslated,true
built-in-science-nature-clue-0027,built-in-science-nature,Science and Nature Pack,built-in-science-nature-set-050,board,round-one,2,medium,animals,Science & Nature: Everyday Mix,,Candela — Photometry weights radiant power according to the sensitivity of what observer?,,the human eye,,human vision|human visual system,,Photometric quantities model how a standard human observer perceives light at different wavelengths.,,Candela — Wikipedia,https://en.wikipedia.org/wiki/Candela,CC-BY-SA-4.0,2026-08-20,untranslated,true
built-in-science-nature-clue-0033,built-in-science-nature,Science and Nature Pack,built-in-science-nature-set-050,board,round-one,3,medium,animals,Science & Nature: Everyday Mix,,Henry (unit) — A henry multiplied by one ampere equals which SI derived unit?,,weber,,Wb,,The relation 1 H = 1 Wb/A can be rearranged to 1 H·A = 1 Wb.,,Henry (unit) — Wikipedia,https://en.wikipedia.org/wiki/Henry_(unit),CC-BY-SA-4.0,2026-08-20,untranslated,true
built-in-science-nature-clue-0064,built-in-science-nature,Science and Nature Pack,built-in-science-nature-set-050,board,round-one,4,medium,animals,Science & Nature: Everyday Mix,,Gray (unit) — Which unit applies biological weighting to radiation dose?,,sievert,,,,The sievert applies radiation and tissue weighting rather than reporting raw absorbed energy per mass.,,Gray (unit) — Wikipedia,https://en.wikipedia.org/wiki/Gray_(unit),CC-BY-SA-4.0,2026-08-20,untranslated,true
built-in-science-nature-clue-0180,built-in-science-nature,Science and Nature Pack,built-in-science-nature-set-050,board,round-one,5,medium,animals,Science & Nature: Everyday Mix,,Age of the universe — Which mission’s data are cited for a 13.8-billion-year age estimate?,,Planck,,Planck satellite|Planck mission,,Planck data are among the measurements used to estimate the universe’s age.,,Age of the universe — Wikipedia,https://en.wikipedia.org/wiki/Age_of_the_universe,CC-BY-SA-4.0,2026-08-20,untranslated,true
built-in-science-nature-clue-0041,built-in-science-nature,Science and Nature Pack,built-in-science-nature-set-008,board,round-one,1,hard,physics,Science & Nature: Quick Quiz,,Gauss's law — Which law connects total electric flux with enclosed charge?,,Gauss’s law,,Gauss law,,Gauss’s law equates total electric flux with enclosed charge divided by permittivity.,,Gauss's law — Wikipedia,https://en.wikipedia.org/wiki/Gauss%27s_law,CC-BY-SA-4.0,2026-08-20,untranslated,true
built-in-science-nature-clue-0047,built-in-science-nature,Science and Nature Pack,built-in-science-nature-set-008,board,round-one,2,hard,physics,Science & Nature: Quick Quiz,,Quark — Which two quark flavours make protons and neutrons?,,up and down,,,,First-generation up and down quarks form ordinary nuclei.,,Quark — Wikipedia,https://en.wikipedia.org/wiki/Quark,CC-BY-SA-4.0,2026-08-20,untranslated,true
built-in-science-nature-clue-0338,built-in-science-nature,Science and Nature Pack,built-in-science-nature-set-008,board,round-one,3,hard,physics,Science & Nature: Quick Quiz,,Glaucoma — What term means pressure inside the eye?,,intraocular pressure,,IOP,,"Raised pressure is an important risk factor, though not universal.",,Glaucoma — Wikipedia,https://en.wikipedia.org/wiki/Glaucoma,CC-BY-SA-4.0,2026-08-20,untranslated,true
built-in-science-nature-clue-0344,built-in-science-nature,Science and Nature Pack,built-in-science-nature-set-008,board,round-one,4,hard,physics,Science & Nature: Quick Quiz,,Psychoanalysis — What technique asks a patient to verbalize thoughts without selection?,,free association,,,,Freud adopted it instead of hypnosis.,,Psychoanalysis — Wikipedia,https://en.wikipedia.org/wiki/Psychoanalysis,CC-BY-SA-4.0,2026-08-20,untranslated,true
built-in-science-nature-clue-0350,built-in-science-nature,Science and Nature Pack,built-in-science-nature-set-008,board,round-one,5,hard,physics,Science & Nature: Quick Quiz,,Jonas Salk — Which researcher developed the later oral live vaccine?,,Albert Sabin,,Sabin,,Sabin’s oral vaccine entered wide use in the early 1960s.,,Jonas Salk — Wikipedia,https://en.wikipedia.org/wiki/Jonas_Salk,CC-BY-SA-4.0,2026-08-20,untranslated,true
built-in-science-nature-clue-0046,built-in-science-nature,Science and Nature Pack,built-in-science-nature-set-009,board,round-one,1,hard,physics,Science & Nature: Quick Odds & Ends,,Quark — How many quark flavours occur in the Standard Model?,,six,,,,"They are up, down, charm, strange, top, and bottom.",,Quark — Wikipedia,https://en.wikipedia.org/wiki/Quark,CC-BY-SA-4.0,2026-08-20,untranslated,true
built-in-science-nature-clue-0337,built-in-science-nature,Science and Nature Pack,built-in-science-nature-set-009,board,round-one,2,hard,physics,Science & Nature: Quick Odds & Ends,,Glaucoma — Which nerve is progressively damaged?,,optic nerve,,,,Damage can produce characteristic visual-field loss.,,Glaucoma — Wikipedia,https://en.wikipedia.org/wiki/Glaucoma,CC-BY-SA-4.0,2026-08-20,untranslated,true
built-in-science-nature-clue-0343,built-in-science-nature,Science and Nature Pack,built-in-science-nature-set-009,board,round-one,3,hard,physics,Science & Nature: Quick Odds & Ends,,Psychoanalysis — Which patient of Josef Breuer popularized the phrase talking cure?,,Anna O.,,Bertha Pappenheim,,The case influenced Freud and Breuer’s 1895 Studies on Hysteria.,,Psychoanalysis — Wikipedia,https://en.wikipedia.org/wiki/Psychoanalysis,CC-BY-SA-4.0,2026-08-20,untranslated,true
built-in-science-nature-clue-0349,built-in-science-nature,Science and Nature Pack,built-in-science-nature-set-009,board,round-one,4,hard,physics,Science & Nature: Quick Odds & Ends,,Jonas Salk — On what date were the successful Salk trial results announced?,,12 April 1955,,"April 12, 1955",,The announcement followed analysis of the 1954 field trial and publicly confirmed the vaccine’s effectiveness.,,Jonas Salk — Wikipedia,https://en.wikipedia.org/wiki/Jonas_Salk,CC-BY-SA-4.0,2026-08-20,untranslated,true
built-in-science-nature-clue-0355,built-in-science-nature,Science and Nature Pack,built-in-science-nature-set-009,board,round-one,5,hard,physics,Science & Nature: Quick Odds & Ends,,Wilhelm Röntgen — Which woman was Wilhelm Röntgen married to?,,Anna Bertha Röntgen,,Anna Bertha,,Anna Bertha Röntgen was Wilhelm’s wife and the subject of his famous early hand radiograph.,,Wilhelm Röntgen — Wikipedia,https://en.wikipedia.org/wiki/Wilhelm_R%C3%B6ntgen,CC-BY-SA-4.0,2026-08-20,untranslated,true
built-in-science-nature-clue-0336,built-in-science-nature,Science and Nature Pack,built-in-science-nature-set-067,board,round-one,1,hard,medicine-history,Science & Nature: Colorful Challenge,,Glaucoma — Which organs does glaucoma affect?,,eyes,,,,Glaucoma comprises optic-neuropathy diseases.,,Glaucoma — Wikipedia,https://en.wikipedia.org/wiki/Glaucoma,CC-BY-SA-4.0,2026-08-20,untranslated,true
built-in-science-nature-clue-0342,built-in-science-nature,Science and Nature Pack,built-in-science-nature-set-067,board,round-one,2,hard,medicine-history,Science & Nature: Colorful Challenge,,Psychoanalysis — In which city did Freud develop much of his work?,,Vienna,,,,Freud practised in Vienna for decades.,,Psychoanalysis — Wikipedia,https://en.wikipedia.org/wiki/Psychoanalysis,CC-BY-SA-4.0,2026-08-20,untranslated,true
built-in-science-nature-clue-0348,built-in-science-nature,Science and Nature Pack,built-in-science-nature-set-067,board,round-one,3,hard,medicine-history,Science & Nature: Colorful Challenge,,Jonas Salk — In what year did the large Salk field trial begin?,,1954,,,,The trial enrolled about 1.8 million US children in 1954.,,Jonas Salk — Wikipedia,https://en.wikipedia.org/wiki/Jonas_Salk,CC-BY-SA-4.0,2026-08-20,untranslated,true
built-in-science-nature-clue-0354,built-in-science-nature,Science and Nature Pack,built-in-science-nature-set-067,board,round-one,4,hard,medicine-history,Science & Nature: Colorful Challenge,,Wilhelm Röntgen — Which inaugural Nobel did Röntgen receive in 1901?,,Nobel Prize in Physics,,Physics,,He was the first Physics laureate in 1901.,,Wilhelm Röntgen — Wikipedia,https://en.wikipedia.org/wiki/Wilhelm_R%C3%B6ntgen,CC-BY-SA-4.0,2026-08-20,untranslated,true
built-in-science-nature-clue-0365,built-in-science-nature,Science and Nature Pack,built-in-science-nature-set-067,board,round-one,5,hard,medicine-history,Science & Nature: Colorful Challenge,,"Talc — What texture describes talc occurring in thin, leaflike sheets?",,foliated,,,,The term describes talc’s tendency to occur in thin sheets or leaflike masses.,,Talc — Wikipedia,https://en.wikipedia.org/wiki/Talc,CC-BY-SA-4.0,2026-08-20,untranslated,true
built-in-science-nature-clue-0341,built-in-science-nature,Science and Nature Pack,built-in-science-nature-set-068,board,round-one,1,hard,medicine-history,Science & Nature: Colorful Quiz,,Psychoanalysis — Which psychological approach is most associated with Sigmund Freud?,,psychoanalysis,,,,"Psychoanalysis emphasizes unconscious processes, internal conflict, and early experience.",,Psychoanalysis — Wikipedia,https://en.wikipedia.org/wiki/Psychoanalysis,CC-BY-SA-4.0,2026-08-20,untranslated,true
built-in-science-nature-clue-0347,built-in-science-nature,Science and Nature Pack,built-in-science-nature-set-068,board,round-one,2,hard,medicine-history,Science & Nature: Colorful Quiz,,Jonas Salk — Was Salk’s polio vaccine inactivated or live attenuated?,,inactivated,,,,Salk’s injectable vaccine used inactivated poliovirus.,,Jonas Salk — Wikipedia,https://en.wikipedia.org/wiki/Jonas_Salk,CC-BY-SA-4.0,2026-08-20,untranslated,true
built-in-science-nature-clue-0353,built-in-science-nature,Science and Nature Pack,built-in-science-nature-set-068,board,round-one,3,hard,medicine-history,Science & Nature: Colorful Quiz,,Wilhelm Röntgen — Why did Röntgen call the radiation X-rays?,,X marked an unknown quantity,,,,The provisional mathematical symbol became the common name.,,Wilhelm Röntgen — Wikipedia,https://en.wikipedia.org/wiki/Wilhelm_R%C3%B6ntgen,CC-BY-SA-4.0,2026-08-20,untranslated,true
built-in-science-nature-clue-0364,built-in-science-nature,Science and Nature Pack,built-in-science-nature-set-068,board,round-one,4,hard,medicine-history,Science & Nature: Colorful Quiz,,Talc — In which crystal system does talc crystallize?,,monoclinic,,,,The mineral’s lattice belongs to the monoclinic crystal system.,,Talc — Wikipedia,https://en.wikipedia.org/wiki/Talc,CC-BY-SA-4.0,2026-08-20,untranslated,true
built-in-science-nature-clue-0370,built-in-science-nature,Science and Nature Pack,built-in-science-nature-set-068,board,round-one,5,hard,medicine-history,Science & Nature: Colorful Quiz,,Soil horizon — Which horizon commonly accumulates clay or iron from above?,,B horizon,,,,B is a zone of illuviation and soil development.,,Soil horizon — Wikipedia,https://en.wikipedia.org/wiki/Soil_horizon,CC-BY-SA-4.0,2026-08-20,untranslated,true
built-in-science-nature-clue-0346,built-in-science-nature,Science and Nature Pack,built-in-science-nature-set-069,board,round-one,1,hard,medicine-history,Science & Nature: Colorful Odds & Ends,,Jonas Salk — Who developed the injectable polio vaccine evaluated in a large field trial?,,Jonas Salk,,Salk,,Salk led the team responsible for the injectable vaccine preparation.,,Jonas Salk — Wikipedia,https://en.wikipedia.org/wiki/Jonas_Salk,CC-BY-SA-4.0,2026-08-20,untranslated,true
built-in-science-nature-clue-0352,built-in-science-nature,Science and Nature Pack,built-in-science-nature-set-069,board,round-one,2,hard,medicine-history,Science & Nature: Colorful Odds & Ends,,Wilhelm Röntgen — In what year did Röntgen report X-rays?,,1895,,,,He submitted his first paper in December 1895.,,Wilhelm Röntgen — Wikipedia,https://en.wikipedia.org/wiki/Wilhelm_R%C3%B6ntgen,CC-BY-SA-4.0,2026-08-20,untranslated,true
built-in-science-nature-clue-0363,built-in-science-nature,Science and Nature Pack,built-in-science-nature-set-069,board,round-one,3,hard,medicine-history,Science & Nature: Colorful Odds & Ends,,Talc — Talc is chiefly a hydrated silicate of which two elements?,,magnesium and silicon,,,,"Its formula includes magnesium, silicon, oxygen, and hydroxyl.",,Talc — Wikipedia,https://en.wikipedia.org/wiki/Talc,CC-BY-SA-4.0,2026-08-20,untranslated,true
built-in-science-nature-clue-0369,built-in-science-nature,Science and Nature Pack,built-in-science-nature-set-069,board,round-one,4,hard,medicine-history,Science & Nature: Colorful Odds & Ends,,Soil horizon — Which horizon is often pale because clay and iron have been leached out?,,E horizon,,,,E is the principal eluviation layer.,,Soil horizon — Wikipedia,https://en.wikipedia.org/wiki/Soil_horizon,CC-BY-SA-4.0,2026-08-20,untranslated,true
built-in-science-nature-clue-0375,built-in-science-nature,Science and Nature Pack,built-in-science-nature-set-069,board,round-one,5,hard,medicine-history,Science & Nature: Colorful Odds & Ends,,"Upwelling — As of 2026, which named cold flow supports Peru’s upwelling system?",,Humboldt Current,,Peru Current,,"As of 2026, this ocean flow and local winds sustain highly productive waters.",,Upwelling — Wikipedia,https://en.wikipedia.org/wiki/Upwelling,CC-BY-SA-4.0,2026-08-20,untranslated,true
built-in-science-nature-clue-0351,built-in-science-nature,Science and Nature Pack,built-in-science-nature-set-070,board,round-one,1,hard,medicine-history,Science & Nature: Clever Mix,,Wilhelm Röntgen — Who discovered X-rays?,,Wilhelm Conrad Röntgen,,Röntgen|Roentgen|Rontgen,,Röntgen detected the new radiation in Würzburg.,,Wilhelm Röntgen — Wikipedia,https://en.wikipedia.org/wiki/Wilhelm_R%C3%B6ntgen,CC-BY-SA-4.0,2026-08-20,untranslated,true
built-in-science-nature-clue-0362,built-in-science-nature,Science and Nature Pack,built-in-science-nature-set-070,board,round-one,2,hard,medicine-history,Science & Nature: Clever Mix,,Talc — Talc is a hydrated silicate of which metal?,,magnesium,,,,"Its formula, Mg3Si4O10(OH)2, shows magnesium combined with silicate sheets and hydroxyl groups.",,Talc — Wikipedia,https://en.wikipedia.org/wiki/Talc,CC-BY-SA-4.0,2026-08-20,untranslated,true
built-in-science-nature-clue-0368,built-in-science-nature,Science and Nature Pack,built-in-science-nature-set-070,board,round-one,3,hard,medicine-history,Science & Nature: Clever Mix,,Soil horizon — Which soil-profile horizon denotes hard bedrock?,,R horizon,,,,R is consolidated bedrock beneath the loose soil and weathered-parent-material horizons.,,Soil horizon — Wikipedia,https://en.wikipedia.org/wiki/Soil_horizon,CC-BY-SA-4.0,2026-08-20,untranslated,true
built-in-science-nature-clue-0374,built-in-science-nature,Science and Nature Pack,built-in-science-nature-set-070,board,round-one,4,hard,medicine-history,Science & Nature: Clever Mix,,Upwelling — What named transport moves surface water roughly perpendicular to wind?,,Ekman transport,,,,Coriolis effects rotate the net upper-ocean flow.,,Upwelling — Wikipedia,https://en.wikipedia.org/wiki/Upwelling,CC-BY-SA-4.0,2026-08-20,untranslated,true
built-in-science-nature-clue-0380,built-in-science-nature,Science and Nature Pack,built-in-science-nature-set-070,board,round-one,5,hard,medicine-history,Science & Nature: Clever Mix,,Figure of the Earth — What science measures and represents Earth’s figure?,,geodesy,,,,"Geodesy studies Earth’s figure, orientation, and gravity field.",,Figure of the Earth — Wikipedia,https://en.wikipedia.org/wiki/Figure_of_the_Earth,CC-BY-SA-4.0,2026-08-20,untranslated,true
built-in-science-nature-clue-0361,built-in-science-nature,Science and Nature Pack,built-in-science-nature-set-072,board,round-one,1,hard,earth-science,Science & Nature: Clever Tour,,Talc — Which mineral has hardness 1 on the Mohs scale?,,talc,,,,"Talc defines hardness 1, the soft endpoint of the Mohs comparison scale.",,Talc — Wikipedia,https://en.wikipedia.org/wiki/Talc,CC-BY-SA-4.0,2026-08-20,untranslated,true
built-in-science-nature-clue-0367,built-in-science-nature,Science and Nature Pack,built-in-science-nature-set-072,board,round-one,2,hard,earth-science,Science & Nature: Clever Tour,,Soil horizon — Which mineral horizon is commonly called topsoil?,,A horizon,,,,It mixes mineral particles with organic matter.,,Soil horizon — Wikipedia,https://en.wikipedia.org/wiki/Soil_horizon,CC-BY-SA-4.0,2026-08-20,untranslated,true
built-in-science-nature-clue-0373,built-in-science-nature,Science and Nature Pack,built-in-science-nature-set-072,board,round-one,3,hard,earth-science,Science & Nature: Clever Tour,,Upwelling — What commonly pushes surface water away from an upwelling coast?,,alongshore wind,,,,Wind-driven transport moves the upper ocean offshore.,,Upwelling — Wikipedia,https://en.wikipedia.org/wiki/Upwelling,CC-BY-SA-4.0,2026-08-20,untranslated,true
built-in-science-nature-clue-0379,built-in-science-nature,Science and Nature Pack,built-in-science-nature-set-072,board,round-one,4,hard,earth-science,Science & Nature: Clever Tour,,Figure of the Earth — What irregular gravity-defined surface approximates mean sea level?,,geoid,,,,The geoid reflects variations in Earth’s gravity field.,,Figure of the Earth — Wikipedia,https://en.wikipedia.org/wiki/Figure_of_the_Earth,CC-BY-SA-4.0,2026-08-20,untranslated,true
built-in-science-nature-clue-0385,built-in-science-nature,Science and Nature Pack,built-in-science-nature-set-072,board,round-one,5,hard,earth-science,Science & Nature: Clever Tour,,Earth's crust — At what tectonic setting is old oceanic crust returned to the mantle?,,subduction zone,,,,Dense oceanic lithosphere descends beneath another plate.,,Earth's crust — Wikipedia,https://en.wikipedia.org/wiki/Earth%27s_crust,CC-BY-SA-4.0,2026-08-20,untranslated,true
built-in-science-nature-clue-0366,built-in-science-nature,Science and Nature Pack,built-in-science-nature-set-073,board,round-one,1,hard,earth-science,Science & Nature: Clever Grab Bag,,Soil horizon — Which horizon is dominated by surface organic litter?,,O horizon,,,,O material includes decomposing leaves and humus.,,Soil horizon — Wikipedia,https://en.wikipedia.org/wiki/Soil_horizon,CC-BY-SA-4.0,2026-08-20,untranslated,true
built-in-science-nature-clue-0372,built-in-science-nature,Science and Nature Pack,built-in-science-nature-set-073,board,round-one,2,hard,earth-science,Science & Nature: Clever Grab Bag,,Upwelling — Why does upwelling support abundant phytoplankton?,,it supplies nutrients to sunlit water,,,,Nitrate and phosphate fuel primary production.,,Upwelling — Wikipedia,https://en.wikipedia.org/wiki/Upwelling,CC-BY-SA-4.0,2026-08-20,untranslated,true
built-in-science-nature-clue-0378,built-in-science-nature,Science and Nature Pack,built-in-science-nature-set-073,board,round-one,3,hard,earth-science,Science & Nature: Clever Grab Bag,,Figure of the Earth — What motion chiefly causes the equatorial bulge?,,rotation,,,,Centrifugal effects oppose gravity most strongly at the equator.,,Figure of the Earth — Wikipedia,https://en.wikipedia.org/wiki/Figure_of_the_Earth,CC-BY-SA-4.0,2026-08-20,untranslated,true
built-in-science-nature-clue-0384,built-in-science-nature,Science and Nature Pack,built-in-science-nature-set-073,board,round-one,4,hard,earth-science,Science & Nature: Clever Grab Bag,,Earth's crust — Which dark volcanic rock dominates oceanic crust?,,basalt,,,,Basaltic crust forms at mid-ocean ridges.,,Earth's crust — Wikipedia,https://en.wikipedia.org/wiki/Earth%27s_crust,CC-BY-SA-4.0,2026-08-20,untranslated,true
built-in-science-nature-clue-0390,built-in-science-nature,Science and Nature Pack,built-in-science-nature-set-073,board,round-one,5,hard,earth-science,Science & Nature: Clever Grab Bag,,Age of Earth — Which mineral contains some of Earth’s oldest dated crystals?,,zircon,,,,Zircons preserve uranium-lead ages exceeding four billion years.,,Age of Earth — Wikipedia,https://en.wikipedia.org/wiki/Age_of_Earth,CC-BY-SA-4.0,2026-08-20,untranslated,true
built-in-science-nature-clue-0371,built-in-science-nature,Science and Nature Pack,built-in-science-nature-set-074,board,round-one,1,hard,earth-science,Science & Nature: Clever Roundup,,Upwelling — What process brings cold nutrient-rich deep water toward the ocean surface?,,upwelling,,,,Rising water replaces surface water driven away.,,Upwelling — Wikipedia,https://en.wikipedia.org/wiki/Upwelling,CC-BY-SA-4.0,2026-08-20,untranslated,true
built-in-science-nature-clue-0377,built-in-science-nature,Science and Nature Pack,built-in-science-nature-set-074,board,round-one,2,hard,earth-science,Science & Nature: Clever Roundup,,Figure of the Earth — What simple shape best approximates Earth’s rotational flattening?,,oblate spheroid,,,,An oblate spheroid bulges at its equator.,,Figure of the Earth — Wikipedia,https://en.wikipedia.org/wiki/Figure_of_the_Earth,CC-BY-SA-4.0,2026-08-20,untranslated,true
built-in-science-nature-clue-0383,built-in-science-nature,Science and Nature Pack,built-in-science-nature-set-074,board,round-one,3,hard,earth-science,Science & Nature: Clever Roundup,,Earth's crust — What boundary separates crust from mantle?,,Mohorovičić discontinuity,,Moho,,Seismic-wave speeds increase across the Moho.,,Earth's crust — Wikipedia,https://en.wikipedia.org/wiki/Earth%27s_crust,CC-BY-SA-4.0,2026-08-20,untranslated,true
built-in-science-nature-clue-0389,built-in-science-nature,Science and Nature Pack,built-in-science-nature-set-074,board,round-one,4,hard,earth-science,Science & Nature: Clever Roundup,,Age of Earth — Who published the influential 4.55-billion-year estimate in 1956?,,Clair Patterson,,Patterson,,Patterson dated lead isotopes in the Canyon Diablo meteorite.,,Age of Earth — Wikipedia,https://en.wikipedia.org/wiki/Age_of_Earth,CC-BY-SA-4.0,2026-08-20,untranslated,true
built-in-science-nature-clue-0395,built-in-science-nature,Science and Nature Pack,built-in-science-nature-set-074,board,round-one,5,hard,earth-science,Science & Nature: Clever Roundup,,Moon — What rotational state keeps nearly the same lunar face toward Earth?,,synchronous rotation,,tidal locking,,The Moon rotates once per orbit.,,Moon — Wikipedia,https://en.wikipedia.org/wiki/Moon,CC-BY-SA-4.0,2026-08-20,untranslated,true
built-in-science-nature-clue-0376,built-in-science-nature,Science and Nature Pack,built-in-science-nature-set-075,board,round-one,1,hard,earth-science,Science & Nature: Clever Sampler,,Figure of the Earth — Is Earth a perfect sphere?,,no,,,,"Measured equatorial and polar diameters differ slightly, so a sphere is only an approximation.",,Figure of the Earth — Wikipedia,https://en.wikipedia.org/wiki/Figure_of_the_Earth,CC-BY-SA-4.0,2026-08-20,untranslated,true
built-in-science-nature-clue-0382,built-in-science-nature,Science and Nature Pack,built-in-science-nature-set-075,board,round-one,2,hard,earth-science,Science & Nature: Clever Sampler,,Earth's crust — What are the two main crust types?,,continental and oceanic crust,,,,"They differ in thickness, density, and composition.",,Earth's crust — Wikipedia,https://en.wikipedia.org/wiki/Earth%27s_crust,CC-BY-SA-4.0,2026-08-20,untranslated,true
built-in-science-nature-clue-0388,built-in-science-nature,Science and Nature Pack,built-in-science-nature-set-075,board,round-one,3,hard,earth-science,Science & Nature: Clever Sampler,,Age of Earth — Which physical process underlies radiometric dating?,,radioactive decay,,,,Known isotope half-lives act as clocks.,,Age of Earth — Wikipedia,https://en.wikipedia.org/wiki/Age_of_Earth,CC-BY-SA-4.0,2026-08-20,untranslated,true
built-in-science-nature-clue-0394,built-in-science-nature,Science and Nature Pack,built-in-science-nature-set-075,board,round-one,4,hard,earth-science,Science & Nature: Clever Sampler,,Moon — Where is the Earth-Moon barycentre located?,,inside Earth,,,,It lies beneath Earth’s surface but away from its centre.,,Moon — Wikipedia,https://en.wikipedia.org/wiki/Moon,CC-BY-SA-4.0,2026-08-20,untranslated,true
built-in-science-nature-clue-0400,built-in-science-nature,Science and Nature Pack,built-in-science-nature-set-075,board,round-one,5,hard,earth-science,Science & Nature: Clever Sampler,,Landsat 6 — What imaging instrument was Landsat 6 built to carry?,,Enhanced Thematic Mapper,,ETM,,Landsat 6 carried the Enhanced Thematic Mapper for Earth observation.,,Landsat 6 — Wikipedia,https://en.wikipedia.org/wiki/Landsat_6,CC-BY-SA-4.0,2026-08-20,untranslated,true
built-in-science-nature-clue-0381,built-in-science-nature,Science and Nature Pack,built-in-science-nature-set-076,board,round-one,1,hard,earth-science,Science & Nature: Clever Potpourri,,Earth's crust — What is Earth’s thin outermost solid layer called?,,crust,,,,The crust overlies the mantle.,,Earth's crust — Wikipedia,https://en.wikipedia.org/wiki/Earth%27s_crust,CC-BY-SA-4.0,2026-08-20,untranslated,true
built-in-science-nature-clue-0387,built-in-science-nature,Science and Nature Pack,built-in-science-nature-set-076,board,round-one,2,hard,earth-science,Science & Nature: Clever Potpourri,,Age of Earth — Why are meteorites useful for dating Earth?,,they formed with the Solar System,,,,Primitive meteorites preserve early Solar System ages.,,Age of Earth — Wikipedia,https://en.wikipedia.org/wiki/Age_of_Earth,CC-BY-SA-4.0,2026-08-20,untranslated,true
built-in-science-nature-clue-0393,built-in-science-nature,Science and Nature Pack,built-in-science-nature-set-076,board,round-one,3,hard,earth-science,Science & Nature: Clever Potpourri,,Moon — Lunar surface gravity is about what fraction of Earth’s?,,one sixth,,1/6,,The Moon’s smaller mass yields weaker gravity.,,Moon — Wikipedia,https://en.wikipedia.org/wiki/Moon,CC-BY-SA-4.0,2026-08-20,untranslated,true
built-in-science-nature-clue-0399,built-in-science-nature,Science and Nature Pack,built-in-science-nature-set-076,board,round-one,4,hard,earth-science,Science & Nature: Clever Potpourri,,Landsat 6 — What ruptured after Landsat 6 separated from its launch vehicle?,,a hydrazine manifold,,the hydrazine manifold|spacecraft hydrazine manifold,,An explosion ruptured a manifold in the spacecraft’s liquid-fuel hydrazine system.,,Landsat 6 — Wikipedia,https://en.wikipedia.org/wiki/Landsat_6,CC-BY-SA-4.0,2026-08-20,untranslated,true
built-in-science-nature-clue-0405,built-in-science-nature,Science and Nature Pack,built-in-science-nature-set-076,board,round-one,5,hard,earth-science,Science & Nature: Clever Potpourri,,Anomalocaris — What term is used for the mouthpiece of Anomalocaris?,,oral cone,,,,The oral cone is assembled from plates around the mouth opening rather than forming a hinged jaw.,,Anomalocaris — Wikipedia,https://en.wikipedia.org/wiki/Anomalocaris,CC-BY-SA-4.0,2026-08-20,untranslated,true
built-in-science-nature-clue-0386,built-in-science-nature,Science and Nature Pack,built-in-science-nature-set-077,board,round-one,1,hard,earth-science,Science & Nature: Clever Challenge,,Age of Earth — Approximately how old is Earth?,,4.54 billion years,,,,The estimate comes chiefly from radiometric ages of meteorites and has an uncertainty of roughly one percent.,,Age of Earth — Wikipedia,https://en.wikipedia.org/wiki/Age_of_Earth,CC-BY-SA-4.0,2026-08-20,untranslated,true
built-in-science-nature-clue-0392,built-in-science-nature,Science and Nature Pack,built-in-science-nature-set-077,board,round-one,2,hard,earth-science,Science & Nature: Clever Challenge,,Moon — The Moon’s diameter is roughly what fraction of Earth’s?,,one quarter,,about one-quarter|1/4,,"The Moon is about 3,474 kilometres wide, close to one quarter of Earth’s diameter.",,Moon — Wikipedia,https://en.wikipedia.org/wiki/Moon,CC-BY-SA-4.0,2026-08-20,untranslated,true
built-in-science-nature-clue-0398,built-in-science-nature,Science and Nature Pack,built-in-science-nature-set-077,board,round-one,3,hard,earth-science,Science & Nature: Clever Challenge,,Landsat 6 — In what year was Landsat 6 launched?,,1993,,,,It launched on 5 October 1993.,,Landsat 6 — Wikipedia,https://en.wikipedia.org/wiki/Landsat_6,CC-BY-SA-4.0,2026-08-20,untranslated,true
built-in-science-nature-clue-0404,built-in-science-nature,Science and Nature Pack,built-in-science-nature-set-077,board,round-one,4,hard,earth-science,Science & Nature: Clever Challenge,,Anomalocaris — Anomalocaris belongs to which extinct arthropod-related group?,,radiodonts,,Radiodonta,,Radiodonts are stem-group arthropods distinguished by frontal appendages and a plated mouth apparatus.,,Anomalocaris — Wikipedia,https://en.wikipedia.org/wiki/Anomalocaris,CC-BY-SA-4.0,2026-08-20,untranslated,true
built-in-science-nature-clue-0415,built-in-science-nature,Science and Nature Pack,built-in-science-nature-set-077,board,round-one,5,hard,earth-science,Science & Nature: Clever Challenge,,Hurricane Katrina — What atmospheric quantity falling sharply signals cyclone intensity?,,central pressure,,barometric pressure|minimum central pressure,,Stronger tropical cyclones generally have lower central pressure.,,Hurricane Katrina — Wikipedia,https://en.wikipedia.org/wiki/Hurricane_Katrina,CC-BY-SA-4.0,2026-08-20,untranslated,true
built-in-science-nature-clue-0391,built-in-science-nature,Science and Nature Pack,built-in-science-nature-set-078,board,round-one,1,hard,earth-science,Science & Nature: Clever Quiz,,Moon — Do Earth and Moon have roughly the same mass?,,no,,,,"Earth has about 81 times the Moon’s mass, so the two bodies are far from equal in mass.",,Moon — Wikipedia,https://en.wikipedia.org/wiki/Moon,CC-BY-SA-4.0,2026-08-20,untranslated,true
built-in-science-nature-clue-0397,built-in-science-nature,Science and Nature Pack,built-in-science-nature-set-078,board,round-one,2,hard,earth-science,Science & Nature: Clever Quiz,,Landsat 6 — Which Landsat satellite failed to reach orbit?,,Landsat 6,,,,A launch-system failure doomed Landsat 6.,,Landsat 6 — Wikipedia,https://en.wikipedia.org/wiki/Landsat_6,CC-BY-SA-4.0,2026-08-20,untranslated,true
built-in-science-nature-clue-0403,built-in-science-nature,Science and Nature Pack,built-in-science-nature-set-078,board,round-one,3,hard,earth-science,Science & Nature: Clever Quiz,,Anomalocaris — Which Canadian fossil deposit preserves famous specimens?,,Burgess Shale,,,,Burgess Shale fossils helped reconstruct the whole animal.,,Anomalocaris — Wikipedia,https://en.wikipedia.org/wiki/Anomalocaris,CC-BY-SA-4.0,2026-08-20,untranslated,true
built-in-science-nature-clue-0414,built-in-science-nature,Science and Nature Pack,built-in-science-nature-set-078,board,round-one,4,hard,earth-science,Science & Nature: Clever Quiz,,Hurricane Katrina — What coastal hazard caused much of Katrina’s destruction?,,storm surge,,,,Wind-driven water overtopped and breached protection systems.,,Hurricane Katrina — Wikipedia,https://en.wikipedia.org/wiki/Hurricane_Katrina,CC-BY-SA-4.0,2026-08-20,untranslated,true
built-in-science-nature-clue-0045,built-in-science-nature,Science and Nature Pack,built-in-science-nature-set-078,board,round-one,5,hard,earth-science,Science & Nature: Clever Quiz,,Gauss's law — Which vector operator applied to the electric field appears in the differential form?,,divergence,,,,The divergence of E equals charge density divided by ε0.,,Gauss's law — Wikipedia,https://en.wikipedia.org/wiki/Gauss%27s_law,CC-BY-SA-4.0,2026-08-20,untranslated,true
built-in-science-nature-clue-0396,built-in-science-nature,Science and Nature Pack,built-in-science-nature-set-079,board,round-one,1,hard,earth-science,Science & Nature: Clever Odds & Ends,,Landsat 6 — What kind of observation was Landsat built to perform?,,Earth remote sensing,,Earth observation,,Its instruments were intended to image land surfaces.,,Landsat 6 — Wikipedia,https://en.wikipedia.org/wiki/Landsat_6,CC-BY-SA-4.0,2026-08-20,untranslated,true
built-in-science-nature-clue-0402,built-in-science-nature,Science and Nature Pack,built-in-science-nature-set-079,board,round-one,2,hard,earth-science,Science & Nature: Clever Odds & Ends,,Anomalocaris — What does the name Anomalocaris mean?,,abnormal shrimp,,anomalous shrimp,,Early workers mistook separated appendages for shrimp bodies.,,Anomalocaris — Wikipedia,https://en.wikipedia.org/wiki/Anomalocaris,CC-BY-SA-4.0,2026-08-20,untranslated,true
built-in-science-nature-clue-0413,built-in-science-nature,Science and Nature Pack,built-in-science-nature-set-079,board,round-one,3,hard,earth-science,Science & Nature: Clever Odds & Ends,,Hurricane Katrina — At what category did Katrina make its final Louisiana landfall on 29 August 2005?,,Category 3,,,,It weakened before the Louisiana landfall.,,Hurricane Katrina — Wikipedia,https://en.wikipedia.org/wiki/Hurricane_Katrina,CC-BY-SA-4.0,2026-08-20,untranslated,true
built-in-science-nature-clue-0044,built-in-science-nature,Science and Nature Pack,built-in-science-nature-set-079,board,round-one,4,hard,earth-science,Science & Nature: Clever Odds & Ends,,Gauss's law — Gauss’s law for electricity belongs to what famous set of four field equations?,,Maxwell’s equations,,,,Together these equations form the field-theory core of classical electromagnetism.,,Gauss's law — Wikipedia,https://en.wikipedia.org/wiki/Gauss%27s_law,CC-BY-SA-4.0,2026-08-20,untranslated,true
built-in-science-nature-clue-0050,built-in-science-nature,Science and Nature Pack,built-in-science-nature-set-079,board,round-one,5,hard,earth-science,Science & Nature: Clever Odds & Ends,,Quark — Which physicist borrowed the word quark from James Joyce?,,Murray Gell-Mann,,Gell-Mann,,Gell-Mann adopted the spelling from Finnegans Wake.,,Quark — Wikipedia,https://en.wikipedia.org/wiki/Quark,CC-BY-SA-4.0,2026-08-20,untranslated,true
built-in-science-nature-clue-0401,built-in-science-nature,Science and Nature Pack,built-in-science-nature-set-080,board,round-one,1,hard,earth-science,Science & Nature: Playful Mix,,Anomalocaris — During which geological period did Anomalocaris live?,,Cambrian,,,,It inhabited Cambrian seas more than 500 million years ago.,,Anomalocaris — Wikipedia,https://en.wikipedia.org/wiki/Anomalocaris,CC-BY-SA-4.0,2026-08-20,untranslated,true
built-in-science-nature-clue-0412,built-in-science-nature,Science and Nature Pack,built-in-science-nature-set-080,board,round-one,2,hard,earth-science,Science & Nature: Playful Mix,,Hurricane Katrina — What peak Saffir-Simpson category did Hurricane Katrina reach in August 2005?,,Category 5,,,,Katrina reached Category 5 over the Gulf of Mexico.,,Hurricane Katrina — Wikipedia,https://en.wikipedia.org/wiki/Hurricane_Katrina,CC-BY-SA-4.0,2026-08-20,untranslated,true
built-in-science-nature-clue-0043,built-in-science-nature,Science and Nature Pack,built-in-science-nature-set-080,board,round-one,3,hard,earth-science,Science & Nature: Playful Mix,,"Gauss's law — In vacuum, enclosed charge is divided by which constant?",,vacuum permittivity,,,,The integral law uses ε0 in its denominator.,,Gauss's law — Wikipedia,https://en.wikipedia.org/wiki/Gauss%27s_law,CC-BY-SA-4.0,2026-08-20,untranslated,true
built-in-science-nature-clue-0049,built-in-science-nature,Science and Nature Pack,built-in-science-nature-set-080,board,round-one,4,hard,earth-science,Science & Nature: Playful Mix,,Quark — What term describes why isolated quarks are not normally observed?,,colour confinement,,,,The strong interaction confines quarks inside hadrons.,,Quark — Wikipedia,https://en.wikipedia.org/wiki/Quark,CC-BY-SA-4.0,2026-08-20,untranslated,true
built-in-science-nature-clue-0340,built-in-science-nature,Science and Nature Pack,built-in-science-nature-set-080,board,round-one,5,hard,earth-science,Science & Nature: Playful Mix,,Glaucoma — Which 1851 invention allowed physicians to inspect the living retina?,,ophthalmoscope,,,,Helmholtz introduced the ophthalmoscope in 1851.,,Glaucoma — Wikipedia,https://en.wikipedia.org/wiki/Glaucoma,CC-BY-SA-4.0,2026-08-20,untranslated,true
built-in-science-nature-clue-0411,built-in-science-nature,Science and Nature Pack,built-in-science-nature-set-082,board,round-one,1,hard,weather-climate,Science & Nature: Playful Tour,,Hurricane Katrina — Which basin’s naming list included Katrina?,,Atlantic,,,,"Atlantic names rotate on international lists, and Katrina was retired after the 2005 season.",,Hurricane Katrina — Wikipedia,https://en.wikipedia.org/wiki/Hurricane_Katrina,CC-BY-SA-4.0,2026-08-20,untranslated,true
built-in-science-nature-clue-0042,built-in-science-nature,Science and Nature Pack,built-in-science-nature-set-082,board,round-one,2,hard,weather-climate,Science & Nature: Playful Tour,,Gauss's law — What adjective describes the surface required by Gauss’s law?,,closed,,,,An open surface does not enclose a well-defined volume.,,Gauss's law — Wikipedia,https://en.wikipedia.org/wiki/Gauss%27s_law,CC-BY-SA-4.0,2026-08-20,untranslated,true
built-in-science-nature-clue-0048,built-in-science-nature,Science and Nature Pack,built-in-science-nature-set-082,board,round-one,3,hard,weather-climate,Science & Nature: Playful Tour,,Quark — Do quarks carry integer or fractional electric charge?,,fractional electric charge,,,,Their charges are ±1/3 or ±2/3 of the elementary charge.,,Quark — Wikipedia,https://en.wikipedia.org/wiki/Quark,CC-BY-SA-4.0,2026-08-20,untranslated,true
built-in-science-nature-clue-0339,built-in-science-nature,Science and Nature Pack,built-in-science-nature-set-082,board,round-one,4,hard,weather-climate,Science & Nature: Playful Tour,,Glaucoma — The word glaucoma comes from a Greek term associated with what colour?,,blue-green,,,,Ancient usage referred to a glazed or discoloured appearance.,,Glaucoma — Wikipedia,https://en.wikipedia.org/wiki/Glaucoma,CC-BY-SA-4.0,2026-08-20,untranslated,true
built-in-science-nature-clue-0345,built-in-science-nature,Science and Nature Pack,built-in-science-nature-set-082,board,round-one,5,hard,weather-climate,Science & Nature: Playful Tour,,Psychoanalysis — Which three agencies form Freud’s structural model?,,"id, ego, and superego",,"ego, id, and superego|superego, ego, and id",,Freud elaborated this model in the 1920s.,,Psychoanalysis — Wikipedia,https://en.wikipedia.org/wiki/Psychoanalysis,CC-BY-SA-4.0,2026-08-20,untranslated,true
built-in-science-nature-accessible-corpus-046,built-in-science-nature,Science and Nature Pack,built-in-science-nature-set-017,board,round-two,1,easy,chemistry,Science & Nature: Weather Basics,,Which instrument measures air temperature?,Milline mõõteriist mõõdab õhutemperatuuri?,Thermometer,termomeeter,temperature gauge,kraadiklaas;temperatuurimõõtja,A thermometer responds to temperature and displays a reading.,Termomeeter reageerib temperatuurile ja näitab mõõtetulemust.,Thermometer,https://en.wikipedia.org/wiki/Thermometer,CC-BY-SA-4.0,2026-08-28,reviewed,true
built-in-science-nature-accessible-corpus-047,built-in-science-nature,Science and Nature Pack,built-in-science-nature-set-017,board,round-two,2,easy,chemistry,Science & Nature: Weather Basics,,What movement of air develops because of differences in atmospheric pressure?,Milline õhu liikumine tekib õhurõhu erinevuste tõttu?,Wind,tuul,airflow,õhuvool,"Air tends to move from higher-pressure regions toward lower-pressure regions, creating wind.",Õhk liigub kõrgema rõhuga aladelt madalama rõhuga aladele ning tekitab tuule.,Wind,https://en.wikipedia.org/wiki/Wind,CC-BY-SA-4.0,2026-08-28,reviewed,true
built-in-science-nature-accessible-corpus-048,built-in-science-nature,Science and Nature Pack,built-in-science-nature-set-017,board,round-two,3,easy,chemistry,Science & Nature: Weather Basics,,What weather phenomenon is essentially a cloud touching the ground?,Milline ilmanähtus on sisuliselt maapinda puudutav pilv?,Fog,maapinnaudu,ground fog;mist,udu;uduvine,Fog consists of tiny water droplets suspended in air near the ground.,Udu koosneb maapinna lähedal õhus hõljuvatest tillukestest veepiiskadest.,Fog,https://en.wikipedia.org/wiki/Fog,CC-BY-SA-4.0,2026-08-28,reviewed,true
built-in-science-nature-accessible-corpus-049,built-in-science-nature,Science and Nature Pack,built-in-science-nature-set-017,board,round-two,4,easy,chemistry,Science & Nature: Weather Basics,,Meteorologists use which instrument to track atmospheric pressure?,Millise mõõteriistaga jälgivad meteoroloogid õhurõhku?,Barometer,baromeeter,pressure gauge,õhurõhumõõtja,"A barometer measures atmospheric pressure, whose changes often accompany changing weather.","Baromeeter mõõdab õhurõhku, mille muutustega kaasneb sageli ilmamuutus.",Barometer,https://en.wikipedia.org/wiki/Barometer,CC-BY-SA-4.0,2026-08-28,reviewed,true
built-in-science-nature-accessible-corpus-050,built-in-science-nature,Science and Nature Pack,built-in-science-nature-set-017,board,round-two,5,easy,chemistry,Science & Nature: Weather Basics,,What towering cloud type commonly produces thunderstorms?,Milline kõrgele ulatuv pilvetüüp tekitab tavaliselt äikest?,Cumulonimbus,rünksajupilv,thundercloud;cumulonimbus cloud,äikesepilv,"Cumulonimbus clouds grow vertically and can produce heavy rain, lightning, and thunder.","Rünksajupilved kasvavad kõrgele ning võivad tuua tugevat vihma, välku ja müristamist.",Cumulonimbus cloud,https://en.wikipedia.org/wiki/Cumulonimbus_cloud,CC-BY-SA-4.0,2026-08-28,reviewed,true
built-in-science-nature-accessible-corpus-051,built-in-science-nature,Science and Nature Pack,built-in-science-nature-set-018,board,round-two,1,easy,chemistry,Science & Nature: Climate Zones,,Which broad climate zone surrounds the equator and stays warm year-round?,Milline lai kliimavöönd ümbritseb ekvaatorit ja püsib aasta ringi soe?,Tropical zone,troopikavööde,tropics;tropical climate zone,troopika;troopiline vööde,The tropics receive strong sunlight throughout the year and generally remain warm.,Troopika saab aasta ringi tugevat päikesekiirgust ja püsib üldiselt soe.,Tropics,https://en.wikipedia.org/wiki/Tropics,CC-BY-SA-4.0,2026-08-28,reviewed,true
built-in-science-nature-accessible-corpus-052,built-in-science-nature,Science and Nature Pack,built-in-science-nature-set-018,board,round-two,2,easy,chemistry,Science & Nature: Climate Zones,,What climate zone covers the cold regions around the North and South Poles?,Milline kliimavöönd katab külmi alasid põhja- ja lõunapooluse ümber?,Polar zone,polaarvööde,polar climate zone;polar regions,polaarala;polaarne kliimavööde,Polar climates are centred on the high-latitude Arctic and Antarctic regions.,Polaarne kliima valitseb Arktika ja Antarktika suurtel laiuskraadidel.,Polar climate,https://en.wikipedia.org/wiki/Polar_climate,CC-BY-SA-4.0,2026-08-28,reviewed,true
built-in-science-nature-accessible-corpus-053,built-in-science-nature,Science and Nature Pack,built-in-science-nature-set-018,board,round-two,3,easy,chemistry,Science & Nature: Climate Zones,,Which climate zone between the tropics and polar regions often has four distinct seasons?,Millises troopika ja polaaralade vahelises kliimavöötmes on sageli neli selget aastaaega?,Temperate zone,parasvööde,temperate climate zone,parasvöötme kliima;parasvöö,Temperate regions lie between tropical and polar latitudes and often show strong seasonal change.,Parasvöötme alad jäävad troopiliste ja polaarlaiuste vahele ning seal on sageli selged aastaajad.,Temperate climate,https://en.wikipedia.org/wiki/Temperate_climate,CC-BY-SA-4.0,2026-08-28,reviewed,true
built-in-science-nature-accessible-corpus-054,built-in-science-nature,Science and Nature Pack,built-in-science-nature-set-018,board,round-two,4,easy,chemistry,Science & Nature: Climate Zones,,What climate type is defined by very low precipitation and commonly found in deserts?,Millist kõrbetes levinud kliimat iseloomustab väga vähene sademete hulk?,Arid climate,ariidne kliima,desert climate;dry climate,kõrbekliima;kuiv kliima,Arid climates lose more moisture to evaporation than they receive as precipitation.,"Ariidses kliimas aurub niiskust rohkem, kui sademetega juurde tuleb.",Desert climate,https://en.wikipedia.org/wiki/Desert_climate,CC-BY-SA-4.0,2026-08-28,reviewed,true
built-in-science-nature-accessible-corpus-055,built-in-science-nature,Science and Nature Pack,built-in-science-nature-set-018,board,round-two,5,easy,chemistry,Science & Nature: Climate Zones,,"Which climate type typically brings dry summers and mild, wetter winters?",Millisele kliimatüübile on omased kuivad suved ning pehmed ja niiskemad talved?,Mediterranean climate,vahemereline kliima,Mediterranean-type climate,Vahemere kliima,Mediterranean climates have their dry season in summer and most rain in cooler months.,Vahemerelises kliimas on kuiv hooaeg suvel ning enamik vihma sajab jahedamatel kuudel.,Mediterranean climate,https://en.wikipedia.org/wiki/Mediterranean_climate,CC-BY-SA-4.0,2026-08-28,reviewed,true
built-in-science-nature-accessible-corpus-056,built-in-science-nature,Science and Nature Pack,built-in-science-nature-set-019,board,round-two,1,easy,chemistry,Science & Nature: Rocks and Minerals,,Which speckled rock forms when magma cools slowly underground?,Milline täpiline kivim tekib magma aeglasel jahtumisel maa all?,Granite,graniit,granite rock,rabakivi;graniitkivim,Granite is a coarse-grained igneous rock crystallised from slowly cooled magma.,"Graniit on jämedateraline tardkivim, mis kristalliseerub aeglaselt jahtuvast magmast.",Granite,https://en.wikipedia.org/wiki/Granite,CC-BY-SA-4.0,2026-08-28,reviewed,true
built-in-science-nature-accessible-corpus-057,built-in-science-nature,Science and Nature Pack,built-in-science-nature-set-019,board,round-two,2,easy,chemistry,Science & Nature: Rocks and Minerals,,Limestone transformed by heat and pressure becomes which decorative rock?,Milliseks dekoratiivseks kivimiks muutub lubjakivi kuumuse ja rõhu toimel?,Marble,marmor,marble rock,marmorkivi,Metamorphism recrystallises limestone into marble.,Metamorfism kristalliseerib lubjakivi ümber marmoriks.,Marble,https://en.wikipedia.org/wiki/Marble,CC-BY-SA-4.0,2026-08-28,reviewed,true
built-in-science-nature-accessible-corpus-058,built-in-science-nature,Science and Nature Pack,built-in-science-nature-set-019,board,round-two,3,easy,chemistry,Science & Nature: Rocks and Minerals,,"Which hard, glassy mineral is a major component of many granites and sands?",Milline kõva klaasjas mineraal on paljude graniitide ja liivade tähtis koostisosa?,Quartz,kvarts,rock crystal;silica mineral,mäekristall;kvartsmineraal,Quartz is crystalline silicon dioxide and occurs widely in rocks and sand.,"Kvarts on kristalliline ränidioksiid, mida leidub laialt kivimites ja liivas.",Quartz,https://en.wikipedia.org/wiki/Quartz,CC-BY-SA-4.0,2026-08-28,reviewed,true
built-in-science-nature-accessible-corpus-059,built-in-science-nature,Science and Nature Pack,built-in-science-nature-set-019,board,round-two,4,easy,chemistry,Science & Nature: Rocks and Minerals,,Which sedimentary rock is made mainly from sand-sized grains cemented together?,Milline settekivim koosneb peamiselt tsementeerunud liivateradest?,Sandstone,liivakivi,sandstone rock,liivakivim,Sandstone forms when deposited sand grains are compacted and cemented.,Liivakivi tekib ladestunud liivaterade tihenemisel ja tsementeerumisel.,Sandstone,https://en.wikipedia.org/wiki/Sandstone,CC-BY-SA-4.0,2026-08-28,reviewed,true
built-in-science-nature-accessible-corpus-060,built-in-science-nature,Science and Nature Pack,built-in-science-nature-set-019,board,round-two,5,easy,chemistry,Science & Nature: Rocks and Minerals,,Which shiny black rock forms when lava cools so quickly that large crystals cannot grow?,"Milline läikiv must kivim tekib, kui laava jahtub nii kiiresti, et suured kristallid ei jõua kasvada?",Obsidian,obsidiaan,,,"Rapid cooling prevents large crystals from growing, leaving obsidian glassy.",Kiire jahtumine ei lase suurtel kristallidel kasvada ning obsidiaan jääb klaasjaks.,Obsidian,https://en.wikipedia.org/wiki/Obsidian,CC-BY-SA-4.0,2026-08-28,reviewed,true
built-in-science-nature-accessible-corpus-061,built-in-science-nature,Science and Nature Pack,built-in-science-nature-set-021,board,round-two,1,easy,chemistry,Science & Nature: Volcanoes and Earthquakes,,What is molten rock called after it reaches Earth's surface?,Kuidas nimetatakse sulakivimit pärast maapinnale jõudmist?,Lava,laava,molten lava,vulkaaniline laava,Molten rock is called magma underground and lava once it erupts onto the surface.,Maa all nimetatakse sulakivimit magmaks ja pärast pinnale purskamist laavaks.,Lava,https://en.wikipedia.org/wiki/Lava,CC-BY-SA-4.0,2026-08-28,reviewed,true
built-in-science-nature-accessible-corpus-062,built-in-science-nature,Science and Nature Pack,built-in-science-nature-set-021,board,round-two,2,easy,chemistry,Science & Nature: Volcanoes and Earthquakes,,The movement of what large pieces of Earth's outer shell causes many earthquakes?,Milliste Maa väliskesta suurte osade liikumine põhjustab paljusid maavärinaid?,Tectonic plates,laamad,lithospheric plates;plates,litosfäärilaamad;tektoonilised plaadid,Stress builds where tectonic plates interact and is released as earthquakes.,Laamade vastasmõjul kogunenud pinge vabaneb maavärinatena.,Plate tectonics,https://en.wikipedia.org/wiki/Plate_tectonics,CC-BY-SA-4.0,2026-08-28,reviewed,true
built-in-science-nature-accessible-corpus-063,built-in-science-nature,Science and Nature Pack,built-in-science-nature-set-021,board,round-two,3,easy,chemistry,Science & Nature: Volcanoes and Earthquakes,,What is the point on Earth's surface directly above an earthquake's underground origin?,Kuidas nimetatakse maapinna punkti otse maavärina maa-aluse lähtekoha kohal?,Epicentre,epitsenter,epicenter,maavärina epitsenter,The epicentre lies at the surface above the earthquake focus or hypocentre.,Epitsenter asub maapinnal maavärina kolde ehk hüpotsentri kohal.,Epicenter,https://en.wikipedia.org/wiki/Epicenter,CC-BY-SA-4.0,2026-08-28,reviewed,true
built-in-science-nature-accessible-corpus-064,built-in-science-nature,Science and Nature Pack,built-in-science-nature-set-021,board,round-two,4,easy,chemistry,Science & Nature: Volcanoes and Earthquakes,,Which instrument records ground motion during an earthquake?,Milline mõõteriist salvestab maavärina ajal maapinna liikumist?,Seismometer,seismomeeter,seismograph,seismograaf,A seismometer detects ground motion; its recording is called a seismogram.,Seismomeeter tuvastab maapinna liikumist ning selle salvestist nimetatakse seismogrammiks.,Seismometer,https://en.wikipedia.org/wiki/Seismometer,CC-BY-SA-4.0,2026-08-28,reviewed,true
built-in-science-nature-accessible-corpus-065,built-in-science-nature,Science and Nature Pack,built-in-science-nature-set-021,board,round-two,5,easy,chemistry,Science & Nature: Volcanoes and Earthquakes,,What name is given to the belt of frequent volcanoes and earthquakes around the Pacific?,Kuidas nimetatakse Vaikset ookeani ümbritsevat sagedaste vulkaanide ja maavärinate vööndit?,Ring of Fire,tulerõngas,Pacific Ring of Fire;Circum-Pacific Belt,Vaikse ookeani tulerõngas;tulevöö,Many active plate boundaries around the Pacific create the Ring of Fire.,Paljud Vaikse ookeani ümbruse aktiivsed laamapiirid moodustavad tulerõnga.,Ring of Fire,https://en.wikipedia.org/wiki/Ring_of_Fire,CC-BY-SA-4.0,2026-08-28,reviewed,true
built-in-science-nature-accessible-corpus-066,built-in-science-nature,Science and Nature Pack,built-in-science-nature-set-022,board,round-two,1,easy,chemistry,Science & Nature: Life in the Ocean,,"A whale breathes air and nurses its young, placing it in which animal class?",Vaal hingab õhku ja imetab poegi. Millisesse loomaklassi ta kuulub?,Mammal,imetaja,marine mammal,veeimetaja;mereimetaja,Whales are warm-blooded vertebrates that breathe with lungs and produce milk.,"Vaalad on püsisoojased selgroogsed, kes hingavad kopsudega ja toodavad piima.",Cetacea,https://en.wikipedia.org/wiki/Cetacea,CC-BY-SA-4.0,2026-08-28,reviewed,true
built-in-science-nature-accessible-corpus-067,built-in-science-nature,Science and Nature Pack,built-in-science-nature-set-022,board,round-two,2,easy,chemistry,Science & Nature: Life in the Ocean,,Which organs let most fish take dissolved oxygen from water?,Millised elundid võimaldavad enamikul kaladel veest lahustunud hapnikku omastada?,Gills,lõpused,fish gills,kalalõpused,Water passing across gill surfaces allows oxygen to diffuse into the blood.,Üle lõpusepinna liikuvast veest difundeerub hapnik verre.,Gill,https://en.wikipedia.org/wiki/Gill,CC-BY-SA-4.0,2026-08-28,reviewed,true
built-in-science-nature-accessible-corpus-068,built-in-science-nature,Science and Nature Pack,built-in-science-nature-set-022,board,round-two,3,easy,chemistry,Science & Nature: Life in the Ocean,,Reefs are built by colonies of which small marine animals?,Milliste väikeste mereloomade kolooniad ehitavad riffe?,Corals,korallid,coral polyps;reef-building corals,korallpolüübid;riffkorallid,Reef-building coral polyps secrete hard calcium-carbonate skeletons.,"Riffe ehitavad korallpolüübid eritavad kaltsiumkarbonaati, millest kujuneb kõva toes.",Coral,https://en.wikipedia.org/wiki/Coral,CC-BY-SA-4.0,2026-08-28,reviewed,true
built-in-science-nature-accessible-corpus-069,built-in-science-nature,Science and Nature Pack,built-in-science-nature-set-022,board,round-two,4,easy,chemistry,Science & Nature: Life in the Ocean,,What large brown algae form underwater forests in cool coastal seas?,Millised suured vetikad moodustavad jahedates rannikumeredes veealuseid metsi?,Kelp,lehtadru,kelps;kelp seaweed,kelp;laminaaria,"Large kelps attach to rocky seabeds and create tall, productive underwater habitats.",Suured lehtadrud kinnituvad kivisele põhjale ja loovad kõrgeid elurikkaid veealuseid elupaiku.,Kelp,https://en.wikipedia.org/wiki/Kelp,CC-BY-SA-4.0,2026-08-28,reviewed,true
built-in-science-nature-accessible-corpus-070,built-in-science-nature,Science and Nature Pack,built-in-science-nature-set-022,board,round-two,5,easy,chemistry,Science & Nature: Life in the Ocean,,What collective name describes small organisms that drift with moving ocean water?,"Millise koondnimetuse saavad väikesed organismid, mis triivivad ookeanihoovustega?",Plankton,plankton,planktonic organisms,planktilised organismid,Plankton are organisms unable to swim effectively against the surrounding water movement.,"Plankton koosneb organismidest, kes ei suuda ümbritsevale veeliikumisele tõhusalt vastu ujuda.",Plankton,https://en.wikipedia.org/wiki/Plankton,CC-BY-SA-4.0,2026-08-28,reviewed,true
built-in-science-nature-accessible-corpus-071,built-in-science-nature,Science and Nature Pack,built-in-science-nature-set-023,board,round-two,1,easy,chemistry,Science & Nature: Forests of the World,,Which vast tropical forest covers much of the Amazon basin?,Milline ulatuslik troopiline mets katab suure osa Amazonase jõgikonnast?,Amazon rainforest,Amazonase vihmamets,Amazon jungle;Amazonia,Amazonas;Amazonase džungel,The Amazon rainforest occupies much of the drainage basin of the Amazon River.,Amazonase vihmamets hõlmab suure osa Amazonase jõe valgalast.,Amazon rainforest,https://en.wikipedia.org/wiki/Amazon_rainforest,CC-BY-SA-4.0,2026-08-28,reviewed,true
built-in-science-nature-accessible-corpus-072,built-in-science-nature,Science and Nature Pack,built-in-science-nature-set-023,board,round-two,2,easy,chemistry,Science & Nature: Forests of the World,,"What northern forest biome is dominated by spruce, pine, and other conifers?","Millises põhjapoolses metsabioomis valitsevad kuused, männid ja teised okaspuud?",Taiga,taiga,boreal forest;snow forest,boreaalne mets;põhjala okasmets,Taiga forms a broad belt of coniferous forest across high northern latitudes.,Taiga moodustab põhjapoolsetel laiuskraadidel laia okasmetsavööndi.,Taiga,https://en.wikipedia.org/wiki/Taiga,CC-BY-SA-4.0,2026-08-28,reviewed,true
built-in-science-nature-accessible-corpus-073,built-in-science-nature,Science and Nature Pack,built-in-science-nature-set-023,board,round-two,3,easy,chemistry,Science & Nature: Forests of the World,,What type of forest is dominated by trees that shed their leaves seasonally?,"Millist metsatüüpi valitsevad puud, mis langetavad hooajaliselt lehed?",Deciduous forest,lehtmets,temperate deciduous forest;broadleaf forest,heitlehine mets;parasvöötme lehtmets,Deciduous trees drop their leaves during an unfavourable season and grow new ones later.,Heitlehised puud langetavad ebasoodsaks aastaajaks lehed ja kasvatavad hiljem uued.,Deciduous,https://en.wikipedia.org/wiki/Deciduous,CC-BY-SA-4.0,2026-08-28,reviewed,true
built-in-science-nature-accessible-corpus-074,built-in-science-nature,Science and Nature Pack,built-in-science-nature-set-023,board,round-two,4,easy,chemistry,Science & Nature: Forests of the World,,Which coastal forests grow in salty tidal water in tropical regions?,Millised rannikumetsad kasvavad troopikas soolases tõusu-mõõnavees?,Mangroves,mangroovid,mangrove forest;mangrove swamp,mangroovimets;mangroovisoo,Mangrove trees tolerate salt and waterlogged sediment along tropical shores.,Mangroovipuud taluvad troopiliste randade soolast vett ja vettinud setet.,Mangrove,https://en.wikipedia.org/wiki/Mangrove,CC-BY-SA-4.0,2026-08-28,reviewed,true
built-in-science-nature-accessible-corpus-075,built-in-science-nature,Science and Nature Pack,built-in-science-nature-set-023,board,round-two,5,easy,chemistry,Science & Nature: Forests of the World,,What name is given to the leafy upper layer formed by tree crowns?,Kuidas nimetatakse puuvõradest moodustuvat metsa lehestikurikast ülemist kihti?,Canopy,võrastik,forest canopy;tree canopy,metsavõrastik;võrakiht,Overlapping branches and leaves form the forest canopy above the understory.,Kattuvad oksad ja lehed moodustavad alusmetsa kohal võrastiku.,Canopy (biology),https://en.wikipedia.org/wiki/Canopy_(biology),CC-BY-SA-4.0,2026-08-28,reviewed,true
built-in-science-nature-accessible-corpus-076,built-in-science-nature,Science and Nature Pack,built-in-science-nature-set-026,board,round-two,1,easy,astronomy,Science & Nature: How Plants Grow,,Which plant organs anchor it and absorb water from the soil?,Millised taimeelundid kinnitavad taime ja imavad mullast vett?,Roots,juured,root system;plant roots,juurestik;taimejuured,Roots secure the plant and take up water and dissolved minerals.,Juured kinnitavad taime ning omastavad vett ja lahustunud mineraalaineid.,Root,https://en.wikipedia.org/wiki/Root,CC-BY-SA-4.0,2026-08-28,reviewed,true
built-in-science-nature-accessible-corpus-077,built-in-science-nature,Science and Nature Pack,built-in-science-nature-set-026,board,round-two,2,easy,astronomy,Science & Nature: How Plants Grow,,What is the beginning of growth when a seed sprouts?,"Kuidas nimetatakse kasvu algust, kui seeme idanema hakkab?",Germination,idanemine,seed germination;sprouting,seemne idanemine;tärkamine,"During germination, the embryo resumes growth and emerges from the seed.",Idanemisel jätkab idu kasvamist ja väljub seemnest.,Germination,https://en.wikipedia.org/wiki/Germination,CC-BY-SA-4.0,2026-08-28,reviewed,true
built-in-science-nature-accessible-corpus-078,built-in-science-nature,Science and Nature Pack,built-in-science-nature-set-026,board,round-two,3,easy,astronomy,Science & Nature: How Plants Grow,,Which plant part supports the leaves and carries water upward from the roots?,Milline taimeosa kannab lehti ning juhib vett juurtest ülespoole?,Stem,vars,plant stem,taimevars,A plant stem supports leaves and contains tissues that move water upward from the roots.,"Taimevars kannab lehti ning sisaldab kudesid, mis juhivad vett juurtest ülespoole.",Plant stem,https://en.wikipedia.org/wiki/Plant_stem,CC-BY-SA-4.0,2026-08-28,reviewed,true
built-in-science-nature-accessible-corpus-079,built-in-science-nature,Science and Nature Pack,built-in-science-nature-set-026,board,round-two,4,easy,astronomy,Science & Nature: How Plants Grow,,What process moves pollen to the female part of a flower?,Millise protsessiga jõuab õietolm õie emasosale?,Pollination,tolmlemine,flower pollination,õietolmlemine,Pollination transfers pollen so fertilisation and seed production can follow.,"Tolmlemine kannab õietolmu üle, et sellele saaksid järgneda viljastumine ja seemnete teke.",Pollination,https://en.wikipedia.org/wiki/Pollination,CC-BY-SA-4.0,2026-08-28,reviewed,true
built-in-science-nature-accessible-corpus-080,built-in-science-nature,Science and Nature Pack,built-in-science-nature-set-026,board,round-two,5,easy,astronomy,Science & Nature: How Plants Grow,,Which green pigment captures light energy in plants?,Milline roheline pigment püüab taimedes valgusenergiat?,Chlorophyll,klorofüll,leaf chlorophyll,leheroheline;klorofüllpigment,Chlorophyll absorbs light for photosynthesis and gives many leaves their green colour.,Klorofüll neelab fotosünteesiks valgust ja annab paljudele lehtedele rohelise värvuse.,Chlorophyll,https://en.wikipedia.org/wiki/Chlorophyll,CC-BY-SA-4.0,2026-08-28,reviewed,true
built-in-science-nature-accessible-corpus-081,built-in-science-nature,Science and Nature Pack,built-in-science-nature-set-027,board,round-two,1,easy,astronomy,Science & Nature: Insects,,How many legs does an adult insect have?,Mitu jalga on täiskasvanud putukal?,Six,kuus,6;six legs,6;kuus jalga,An adult insect has three pairs of legs attached to its thorax.,Täiskasvanud putukal on rindmikule kinnitunud kolm paari jalgu.,Insect,https://en.wikipedia.org/wiki/Insect,CC-BY-SA-4.0,2026-08-28,reviewed,true
built-in-science-nature-accessible-corpus-082,built-in-science-nature,Science and Nature Pack,built-in-science-nature-set-027,board,round-two,2,easy,astronomy,Science & Nature: Insects,,A caterpillar becomes which winged adult after forming a pupa?,Milliseks tiivuliseks valmikuks muutub röövik pärast nukustaadiumi?,Butterfly,liblikas,adult butterfly,valmikliblikas,Butterflies undergo complete metamorphosis from larva through pupa to winged adult.,Liblikad läbivad täismoonde: vastsest saab nuku kaudu tiivuline valmik.,Butterfly,https://en.wikipedia.org/wiki/Butterfly,CC-BY-SA-4.0,2026-08-28,reviewed,true
built-in-science-nature-accessible-corpus-083,built-in-science-nature,Science and Nature Pack,built-in-science-nature-set-027,board,round-two,3,easy,astronomy,Science & Nature: Insects,,Which beetle produces flashes of light from its abdomen on summer evenings?,Milline mardikas tekitab suveõhtutel tagakehaga valgussähvatusi?,Firefly,jaanimardikas,lightning bug;glowworm beetle,jaaniuss;helendav mardikas,Fireflies use bioluminescent organs to signal to potential mates.,Jaanimardikad kasutavad bioluminestseeruvaid elundeid paarilistele märgu andmiseks.,Firefly,https://en.wikipedia.org/wiki/Firefly,CC-BY-SA-4.0,2026-08-28,reviewed,true
built-in-science-nature-accessible-corpus-084,built-in-science-nature,Science and Nature Pack,built-in-science-nature-set-027,board,round-two,4,easy,astronomy,Science & Nature: Insects,,"In a typical ant colony, which reproductive female lays the eggs?",Milline sigiv emasloom muneb tavalises sipelgakoloonias munad?,Queen ant,sipelgaema,ant queen;queen,emasipelgas;kuninganna,A colony's queen is the main egg-laying female.,Koloonia sipelgaema on peamine munev emasloom.,Ant,https://en.wikipedia.org/wiki/Ant,CC-BY-SA-4.0,2026-08-28,reviewed,true
built-in-science-nature-accessible-corpus-085,built-in-science-nature,Science and Nature Pack,built-in-science-nature-set-027,board,round-two,5,easy,astronomy,Science & Nature: Insects,,Which insect group has hardened front wings that protect the flying wings beneath?,Millise putukarühma kõvad eestiivad kaitsevad nende all olevaid lennutiibu?,Beetles,mardikad,Coleoptera,mardikalised;Coleoptera,Beetles have hardened forewings called elytra covering the hindwings.,Mardikatel on tagatiibu katvad kõvad kattetiivad.,Beetle,https://en.wikipedia.org/wiki/Beetle,CC-BY-SA-4.0,2026-08-28,reviewed,true
built-in-science-nature-accessible-corpus-086,built-in-science-nature,Science and Nature Pack,built-in-science-nature-set-028,board,round-two,1,easy,astronomy,Science & Nature: Birds,,What body covering is unique to birds?,Milline kehakate on ainuomane lindudele?,Feathers,suled,plumage,sulestik,"All living birds have feathers, used for insulation, display, and often flight.","Kõigil tänapäeva lindudel on suled, mida kasutatakse soojapidavuseks, eputamiseks ja sageli lendamiseks.",Feather,https://en.wikipedia.org/wiki/Feather,CC-BY-SA-4.0,2026-08-28,reviewed,true
built-in-science-nature-accessible-corpus-087,built-in-science-nature,Science and Nature Pack,built-in-science-nature-set-028,board,round-two,2,easy,astronomy,Science & Nature: Birds,,Which flightless seabird uses its wings as flippers underwater?,Milline lennuvõimetu merelind kasutab vee all tiibu loibadena?,Penguin,pingviin,penguins,pingviinid,Penguins have flipper-like wings adapted for powerful underwater swimming.,Pingviinide loivataolised tiivad on kohastunud jõuliseks veealuseks ujumiseks.,Penguin,https://en.wikipedia.org/wiki/Penguin,CC-BY-SA-4.0,2026-08-28,reviewed,true
built-in-science-nature-accessible-corpus-088,built-in-science-nature,Science and Nature Pack,built-in-science-nature-set-028,board,round-two,3,easy,astronomy,Science & Nature: Birds,,Which bird of prey is known for silent flight and hunting at night?,Milline röövlind on tuntud vaikse lennu ja öise jahi poolest?,Owl,öökull,owls,kakk;öökullid,Many owls combine specialised feathers for quiet flight with strong night senses.,Paljud öökullid ühendavad vaikseks lennuks kohastunud suled tugevate öömeeltega.,Owl,https://en.wikipedia.org/wiki/Owl,CC-BY-SA-4.0,2026-08-28,reviewed,true
built-in-science-nature-accessible-corpus-089,built-in-science-nature,Science and Nature Pack,built-in-science-nature-set-028,board,round-two,4,easy,astronomy,Science & Nature: Birds,,Which tiny nectar-feeding bird can hover steadily beside a flower?,Milline tilluke nektaritoiduline lind suudab õie kõrval paigal lennata?,Hummingbird,koolibri,hummingbirds,koolibrid,Rapid wing movements let hummingbirds hover while feeding from flowers.,Kiired tiivaliigutused võimaldavad koolibril õitest toitudes paigal lennata.,Hummingbird,https://en.wikipedia.org/wiki/Hummingbird,CC-BY-SA-4.0,2026-08-28,reviewed,true
built-in-science-nature-accessible-corpus-090,built-in-science-nature,Science and Nature Pack,built-in-science-nature-set-028,board,round-two,5,easy,astronomy,Science & Nature: Birds,,Which long-legged black-and-white bird returns to Estonia to nest after wintering in warmer regions?,Milline pikajalgne mustvalge lind naaseb soojemast talvituspaigast Eestisse pesitsema?,White stork,valge-toonekurg,European white stork;stork,toonekurg;valge toonekurg,White storks migrate between European breeding grounds and warmer wintering areas.,Valge-toonekured rändavad Euroopa pesitsusalade ja soojemate talvitusalade vahel.,White stork,https://en.wikipedia.org/wiki/White_stork,CC-BY-SA-4.0,2026-08-28,reviewed,true
built-in-science-nature-accessible-corpus-091,built-in-science-nature,Science and Nature Pack,built-in-science-nature-set-029,board,round-two,1,easy,astronomy,Science & Nature: Mammals,,Which small European mammal rolls up behind a coat of spines and may hibernate?,Milline väike Euroopa imetaja kerib end okkalise kasuka varju kerra ja võib talveund magada?,Hedgehog,siil,European hedgehog,harilik siil;siilid,"A hedgehog's modified hairs form protective spines, and temperate species often hibernate.",Siili muundunud karvad moodustavad kaitsvad okkad ning parasvöötme liigid magavad sageli talveund.,Hedgehog,https://en.wikipedia.org/wiki/Hedgehog,CC-BY-SA-4.0,2026-08-28,reviewed,true
built-in-science-nature-accessible-corpus-092,built-in-science-nature,Science and Nature Pack,built-in-science-nature-set-029,board,round-two,2,easy,astronomy,Science & Nature: Mammals,,Which sleek marine mammal must surface to breathe through a blowhole?,Milline voolujooneline mereimetaja peab hingamisava kaudu õhu saamiseks pinnale tulema?,Dolphin,delfiin,dolphins,delfiinid,Dolphins breathe air with lungs and therefore surface regularly.,Delfiinid hingavad kopsudega õhku ja peavad seetõttu korrapäraselt pinnale tõusma.,Dolphin,https://en.wikipedia.org/wiki/Dolphin,CC-BY-SA-4.0,2026-08-28,reviewed,true
built-in-science-nature-accessible-corpus-093,built-in-science-nature,Science and Nature Pack,built-in-science-nature-set-029,board,round-two,3,easy,astronomy,Science & Nature: Mammals,,Which tree-dwelling Australian marsupial feeds mainly on eucalyptus leaves?,Milline puude otsas elav Austraalia kukkurloom toitub peamiselt eukalüptilehtedest?,Koala,koaala,koala bear,koaalakaru,Koalas are marsupials adapted to a leaf-based diet in Australian eucalyptus forests.,"Koaalad on kukkurloomad, kes on kohastunud toituma Austraalia eukalüptimetsade lehtedest.",Koala,https://en.wikipedia.org/wiki/Koala,CC-BY-SA-4.0,2026-08-28,reviewed,true
built-in-science-nature-accessible-corpus-094,built-in-science-nature,Science and Nature Pack,built-in-science-nature-set-029,board,round-two,4,easy,astronomy,Science & Nature: Mammals,,Which mammals have wings and are capable of sustained powered flight?,Millised imetajad suudavad tiibade abil kestvalt lennata?,Bats,nahkhiired,Chiroptera,käsitiivalised;nahkhiirlased,Bats have forelimbs modified into wings and fly under their own power.,Nahkhiirte esijäsemed on muutunud tiibadeks ning nad lendavad oma lihasjõul.,Bat,https://en.wikipedia.org/wiki/Bat,CC-BY-SA-4.0,2026-08-28,reviewed,true
built-in-science-nature-accessible-corpus-095,built-in-science-nature,Science and Nature Pack,built-in-science-nature-set-029,board,round-two,5,easy,astronomy,Science & Nature: Mammals,,Which Australian mammal has a duck-like bill and lays eggs?,Milline Austraalia imetaja on parditaolise nokaga ja muneb mune?,Platypus,nokkloom,duck-billed platypus,partnokk;nokkloomad,The platypus is one of the few living mammals that reproduce by laying eggs.,"Nokkloom on üks väheseid tänapäeva imetajaid, kes paljunevad munedes.",Platypus,https://en.wikipedia.org/wiki/Platypus,CC-BY-SA-4.0,2026-08-28,reviewed,true
built-in-science-nature-accessible-corpus-096,built-in-science-nature,Science and Nature Pack,built-in-science-nature-set-030,board,round-two,1,easy,astronomy,Science & Nature: Reptiles and Amphibians,,A tadpole develops into which familiar amphibian?,Milliseks tuttavaks kahepaikseks areneb kulles?,Frog,konn,adult frog,täiskasvanud konn,"During metamorphosis, a tadpole develops legs and lungs and becomes a frog.",Moonde käigus arenevad kullesel jalad ja kopsud ning temast saab konn.,Frog,https://en.wikipedia.org/wiki/Frog,CC-BY-SA-4.0,2026-08-28,reviewed,true
built-in-science-nature-accessible-corpus-097,built-in-science-nature,Science and Nature Pack,built-in-science-nature-set-030,board,round-two,2,easy,astronomy,Science & Nature: Reptiles and Amphibians,,Which legless reptile moves on a body covered in scales?,Milline jalgadeta roomaja liigub soomustega kaetud keha abil?,Snake,madu,serpent;snakes,maod;siug,Snakes are elongated reptiles without limbs and with overlapping scales.,"Maod on pikliku keha, jäsemeteta ja kattuvate soomustega roomajad.",Snake,https://en.wikipedia.org/wiki/Snake,CC-BY-SA-4.0,2026-08-28,reviewed,true
built-in-science-nature-accessible-corpus-098,built-in-science-nature,Science and Nature Pack,built-in-science-nature-set-030,board,round-two,3,easy,astronomy,Science & Nature: Reptiles and Amphibians,,Which reptile has a bony shell enclosing much of its body?,Millisel roomajal ümbritseb suurt osa kehast luine kilp?,Turtle,kilpkonn,tortoise;turtles,kilpkonnad,A turtle's shell is built from bone and fused with parts of its skeleton.,Kilpkonna kilp koosneb luust ja on osaliselt luustikuga kokku kasvanud.,Turtle,https://en.wikipedia.org/wiki/Turtle,CC-BY-SA-4.0,2026-08-28,reviewed,true
built-in-science-nature-accessible-corpus-099,built-in-science-nature,Science and Nature Pack,built-in-science-nature-set-030,board,round-two,4,easy,astronomy,Science & Nature: Reptiles and Amphibians,,Which tailed amphibian usually has moist skin and a lizard-like body?,Milline sabaga kahepaikne on tavaliselt niiske naha ja sisalikulaadse kehaga?,Salamander,salamander,newt;salamanders,vesilik;salamandrid,"Salamanders are amphibians with elongated bodies, tails, and generally moist skin.","Salamandrid on pikliku keha, saba ja enamasti niiske nahaga kahepaiksed.",Salamander,https://en.wikipedia.org/wiki/Salamander,CC-BY-SA-4.0,2026-08-28,reviewed,true
built-in-science-nature-accessible-corpus-100,built-in-science-nature,Science and Nature Pack,built-in-science-nature-set-030,board,round-two,5,easy,astronomy,Science & Nature: Reptiles and Amphibians,,Which large armoured reptile builds a nest on land but spends much of its life in water?,"Milline suur soomusrüüs roomaja ehitab pesa maale, kuid veedab suure osa elust vees?",Crocodile,krokodill,crocodiles,krokodillid,Crocodiles are semi-aquatic reptiles whose females lay eggs in land nests.,"Krokodillid on poolveelised roomajad, kelle emased munevad maismaapesadesse.",Crocodile,https://en.wikipedia.org/wiki/Crocodile,CC-BY-SA-4.0,2026-08-28,reviewed,true
built-in-science-nature-accessible-corpus-101,built-in-science-nature,Science and Nature Pack,built-in-science-nature-set-032,board,round-two,1,easy,astronomy,Science & Nature: Dinosaurs,,Which huge meat-eating dinosaur has a name meaning “tyrant lizard king”?,Millise hiiglasliku lihasööja dinosauruse nimi tähendab „türannsisalike kuningat”?,Tyrannosaurus rex,Tyrannosaurus rex,T. rex;Tyrannosaurus,T. rex;türannosaurus,Tyrannosaurus rex was a large predatory dinosaur whose scientific name means “tyrant lizard king”.,"Tyrannosaurus rex oli suur röövdinosaurus, kelle teaduslik nimi tähendab „türannsisalike kuningat”.",Tyrannosaurus,https://en.wikipedia.org/wiki/Tyrannosaurus,CC-BY-SA-4.0,2026-08-28,reviewed,true
built-in-science-nature-accessible-corpus-102,built-in-science-nature,Science and Nature Pack,built-in-science-nature-set-032,board,round-two,2,easy,astronomy,Science & Nature: Dinosaurs,,Which plant-eating dinosaur had three facial horns and a broad neck frill?,Millisel taimtoidulisel dinosaurusel oli kolm näosarve ja lai kaelakrae?,Triceratops,tritseeratops,Triceratops dinosaur,Triceratops;tritseeratops,Triceratops is recognised by its horned skull and large bony frill.,Tritseeratopsi tunneb ära sarvilise kolju ja suure luise kaelakrae järgi.,Triceratops,https://en.wikipedia.org/wiki/Triceratops,CC-BY-SA-4.0,2026-08-28,reviewed,true
built-in-science-nature-accessible-corpus-103,built-in-science-nature,Science and Nature Pack,built-in-science-nature-set-032,board,round-two,3,easy,astronomy,Science & Nature: Dinosaurs,,Which famous sauropod had long front legs and a high-reaching neck?,Millisel kuulsal sauropoodil olid pikad esijalad ja kõrgele ulatuv kael?,Brachiosaurus,brahhiosaurus,Brachiosaurus dinosaur,Brachiosaurus;brahhiosaurus,"Brachiosaurus had longer forelimbs than hind limbs, giving its body an upward slope.",Brahhiosauruse esijäsemed olid tagajäsemetest pikemad ja tõstsid keha esiosa kõrgele.,Brachiosaurus,https://en.wikipedia.org/wiki/Brachiosaurus,CC-BY-SA-4.0,2026-08-28,reviewed,true
built-in-science-nature-accessible-corpus-104,built-in-science-nature,Science and Nature Pack,built-in-science-nature-set-032,board,round-two,4,easy,astronomy,Science & Nature: Dinosaurs,,Rows of tall plates along the back identify which Jurassic dinosaur?,Millise juuraajastu dinosauruse tunneb ära seljal paiknevate kõrgete plaadiridade järgi?,Stegosaurus,stegosaurus,Stegosaurus dinosaur,Stegosaurus;stegosaurus,Stegosaurus carried distinctive upright plates along its back and spikes on its tail.,Stegosaurusel olid seljal iseloomulikud püstised plaadid ja sabal ogad.,Stegosaurus,https://en.wikipedia.org/wiki/Stegosaurus,CC-BY-SA-4.0,2026-08-28,reviewed,true
built-in-science-nature-accessible-corpus-105,built-in-science-nature,Science and Nature Pack,built-in-science-nature-set-032,board,round-two,5,easy,astronomy,Science & Nature: Dinosaurs,,"What science studies ancient life through fossils, including dinosaur remains?","Milline teadus uurib fossiilide, sealhulgas dinosauruste jäänuste abil muistset elu?",Palaeontology,paleontoloogia,paleontology;fossil science,fossiiliteadus;paleontoloogia,Palaeontologists reconstruct past life and environments from fossils.,Paleontoloogid taastavad fossiilide põhjal mineviku elu ja keskkondi.,Paleontology,https://en.wikipedia.org/wiki/Paleontology,CC-BY-SA-4.0,2026-08-28,reviewed,true
built-in-science-nature-accessible-corpus-106,built-in-science-nature,Science and Nature Pack,built-in-science-nature-set-051,board,round-two,1,easy,animals,Science & Nature: Electricity,,What natural electrical discharge produces a bright flash during a storm?,Milline looduslik elektrilahendus tekitab tormi ajal ereda sähvatuse?,Lightning,välk,lightning bolt;electric lightning,pikne;välgusähvatus,Lightning is a rapid atmospheric discharge between charged regions.,Välk on kiire atmosfääriline lahendus laetud piirkondade vahel.,Lightning,https://en.wikipedia.org/wiki/Lightning,CC-BY-SA-4.0,2026-08-28,reviewed,true
built-in-science-nature-accessible-corpus-107,built-in-science-nature,Science and Nature Pack,built-in-science-nature-set-051,board,round-two,2,easy,animals,Science & Nature: Electricity,,Which reddish metal is widely used inside electrical wires because it conducts well?,Millist punakat ja hästi juhtivat metalli kasutatakse laialt elektrijuhtmete sees?,Copper,vask,copper metal;Cu,Cu;vaskmetall,Copper combines high electrical conductivity with the ability to be drawn into wire.,Vasel on hea elektrijuhtivus ja seda saab venitada juhtmeks.,Copper,https://en.wikipedia.org/wiki/Copper,CC-BY-SA-4.0,2026-08-28,reviewed,true
built-in-science-nature-accessible-corpus-108,built-in-science-nature,Science and Nature Pack,built-in-science-nature-set-051,board,round-two,3,easy,animals,Science & Nature: Electricity,,Which flexible material commonly coats a wire to stop electric charge reaching your hand?,"Milline painduv materjal katab tavaliselt juhet, et elektrilaeng ei jõuaks käeni?",Rubber,kumm,electrical rubber;rubber insulation,kummiisolatsioon;kummkate,Rubber resists the movement of electric charge and can act as an insulator.,Kumm takistab elektrilaengu liikumist ja toimib isolaatorina.,Electrical insulation,https://en.wikipedia.org/wiki/Electrical_insulation,CC-BY-SA-4.0,2026-08-28,reviewed,true
built-in-science-nature-accessible-corpus-109,built-in-science-nature,Science and Nature Pack,built-in-science-nature-set-051,board,round-two,4,easy,animals,Science & Nature: Electricity,,Which portable device turns stored chemical energy into electrical energy?,Milline kaasaskantav seade muudab talletatud keemilise energia elektrienergiaks?,Battery,patarei,electric battery;cell,aku;galvaanielement;patarei,Electrochemical reactions inside a battery create a voltage that can drive a flow of electric charge.,"Patarei elektrokeemilised reaktsioonid tekitavad pinge, mis saab elektrilaengu liikuma panna.",Electric battery,https://en.wikipedia.org/wiki/Electric_battery,CC-BY-SA-4.0,2026-08-28,reviewed,true
built-in-science-nature-accessible-corpus-110,built-in-science-nature,Science and Nature Pack,built-in-science-nature-set-051,board,round-two,5,easy,animals,Science & Nature: Electricity,,What kind of circuit provides an unbroken path so electric charge can flow?,Milline vooluring annab elektrilaengule katkematu liikumistee?,Closed circuit,suletud vooluring,complete circuit,terviklik vooluring;kinnine vooluring,A closed circuit makes a continuous conducting loop between the source and components.,Suletud vooluring moodustab vooluallika ja komponentide vahel katkematu juhtiva ahela.,Electrical network,https://en.wikipedia.org/wiki/Electrical_network,CC-BY-SA-4.0,2026-08-28,reviewed,true
built-in-science-nature-accessible-corpus-111,built-in-science-nature,Science and Nature Pack,built-in-science-nature-set-085,board,round-two,1,easy,weather-climate,Science & Nature: States of Matter,,What state of matter is ice?,Millises aine olekus on jää?,Solid,tahke,solid state,tahke olek,"In ice, water molecules occupy an organised structure that keeps its own shape.","Jääs paiknevad veemolekulid korrastatud struktuuris, mis säilitab kuju.",Solid,https://en.wikipedia.org/wiki/Solid,CC-BY-SA-4.0,2026-08-28,reviewed,true
built-in-science-nature-accessible-corpus-112,built-in-science-nature,Science and Nature Pack,built-in-science-nature-set-085,board,round-two,2,easy,weather-climate,Science & Nature: States of Matter,,"At ordinary room conditions, what state of matter is water?",Millises aine olekus on vesi tavalistes toatingimustes?,Liquid,vedel,liquid state,vedel olek,Liquid water flows and takes the shape of its container while keeping nearly constant volume.,"Vedel vesi voolab ja võtab anuma kuju, säilitades peaaegu sama ruumala.",Liquid,https://en.wikipedia.org/wiki/Liquid,CC-BY-SA-4.0,2026-08-28,reviewed,true
built-in-science-nature-accessible-corpus-113,built-in-science-nature,Science and Nature Pack,built-in-science-nature-set-085,board,round-two,3,easy,weather-climate,Science & Nature: States of Matter,,Water vapour belongs to which state of matter?,Millisesse aine olekusse kuulub veeaur?,Gas,gaas,gaseous state,gaasiline olek,Water vapour is gaseous water dispersed among the other gases in air.,Veeaur on õhu teiste gaaside seas hajunud gaasiline vesi.,Water vapor,https://en.wikipedia.org/wiki/Water_vapor,CC-BY-SA-4.0,2026-08-28,reviewed,true
built-in-science-nature-accessible-corpus-114,built-in-science-nature,Science and Nature Pack,built-in-science-nature-set-085,board,round-two,4,easy,weather-climate,Science & Nature: States of Matter,,What change of state turns a solid into a liquid?,Milline olekumuutus muudab tahke aine vedelaks?,Melting,sulamine,fusion,sulamisprotsess,"During melting, added energy lets a solid lose its fixed structure and become liquid.",Sulamisel võimaldab lisanduv energia tahkel ainel püsistruktuuri kaotada ja vedelaks muutuda.,Melting,https://en.wikipedia.org/wiki/Melting,CC-BY-SA-4.0,2026-08-28,reviewed,true
built-in-science-nature-accessible-corpus-115,built-in-science-nature,Science and Nature Pack,built-in-science-nature-set-085,board,round-two,5,easy,weather-climate,Science & Nature: States of Matter,,What change forms liquid droplets when a gas cools?,Millise olekumuutusega tekivad gaasi jahtumisel vedelikutilgad?,Condensation,kondenseerumine,liquefaction;condensing,veeldumine;kondensatsioon,Condensation occurs when gas molecules lose enough energy to enter the liquid state.,"Kondenseerumisel kaotavad gaasimolekulid piisavalt energiat, et minna vedelasse olekusse.",Condensation,https://en.wikipedia.org/wiki/Condensation,CC-BY-SA-4.0,2026-08-28,reviewed,true
built-in-science-nature-accessible-corpus-116,built-in-science-nature,Science and Nature Pack,built-in-science-nature-set-090,board,round-two,1,easy,animals,Science & Nature: Familiar Chemical Elements,,Which element makes up roughly four-fifths of Earth's atmosphere?,Milline element moodustab umbes neli viiendikku Maa atmosfäärist?,Nitrogen,lämmastik,N;nitrogen gas,N;lämmastikgaas,Molecular nitrogen accounts for a greater share of dry air by volume than any other gas.,Molekulaarse lämmastiku mahuosakaal kuivas õhus on suurem kui ühelgi teisel gaasil.,Nitrogen,https://en.wikipedia.org/wiki/Nitrogen,CC-BY-SA-4.0,2026-08-28,reviewed,true
built-in-science-nature-accessible-corpus-117,built-in-science-nature,Science and Nature Pack,built-in-science-nature-set-090,board,round-two,2,easy,animals,Science & Nature: Familiar Chemical Elements,,Diamond and graphite are different forms of which element?,Millise elemendi erinevad vormid on teemant ja grafiit?,Carbon,süsinik,C;elemental carbon,C;puhas süsinik,Diamond and graphite are allotropes made entirely from carbon atoms arranged differently.,"Teemant ja grafiit on allotroobid, mis koosnevad erinevalt paiknevatest süsinikuaatomitest.",Carbon,https://en.wikipedia.org/wiki/Carbon,CC-BY-SA-4.0,2026-08-28,reviewed,true
built-in-science-nature-accessible-corpus-118,built-in-science-nature,Science and Nature Pack,built-in-science-nature-set-090,board,round-two,3,easy,animals,Science & Nature: Familiar Chemical Elements,,Rust forms when which common metal reacts with oxygen and moisture?,Millise tavalise metalli reageerimisel hapniku ja niiskusega tekib rooste?,Iron,raud,Fe;elemental iron,Fe;puhas raud,Iron oxidation in the presence of water produces hydrated iron oxides known as rust.,Raua oksüdeerumisel vee juuresolekul tekivad hüdraatunud raudoksiidid ehk rooste.,Rust,https://en.wikipedia.org/wiki/Rust,CC-BY-SA-4.0,2026-08-28,reviewed,true
built-in-science-nature-accessible-corpus-119,built-in-science-nature,Science and Nature Pack,built-in-science-nature-set-090,board,round-two,4,easy,animals,Science & Nature: Familiar Chemical Elements,,"Which light, non-flammable gas is used to make party balloons float?",Millist kerget ja mittesüttivat gaasi kasutatakse õhupallide hõljuma panemiseks?,Helium,heelium,He;helium gas,He;heeliumgaas,"Helium is less dense than air and does not burn, making it suitable for balloons.","Heelium on õhust hõredam ega põle, mistõttu sobib see õhupallidesse.",Helium,https://en.wikipedia.org/wiki/Helium,CC-BY-SA-4.0,2026-08-28,reviewed,true
built-in-science-nature-accessible-corpus-120,built-in-science-nature,Science and Nature Pack,built-in-science-nature-set-090,board,round-two,5,easy,animals,Science & Nature: Familiar Chemical Elements,,Which reactive metal combines with chlorine in ordinary table salt?,Milline reaktsioonivõimeline metall ühineb klooriga tavalises lauasoolas?,Sodium,naatrium,Na;elemental sodium,Na;puhas naatrium,"Table salt is sodium chloride, an ionic compound of sodium and chlorine.","Lauasool on naatriumkloriid, naatriumi ja kloori iooniline ühend.",Sodium chloride,https://en.wikipedia.org/wiki/Sodium_chloride,CC-BY-SA-4.0,2026-08-28,reviewed,true
built-in-science-nature-accessible-corpus-121,built-in-science-nature,Science and Nature Pack,built-in-science-nature-set-094,board,round-two,1,easy,medicine-history,Science & Nature: Scientists Everyone Knows,,Which physicist developed the theories of special and general relativity?,Milline füüsik töötas välja eri- ja üldrelatiivsusteooria?,Albert Einstein,Albert Einstein,Einstein,Einstein,Einstein reshaped modern physics with special relativity and the geometric theory of gravity.,Einstein kujundas moodsa füüsika ümber erirelatiivsuse ja gravitatsiooni geomeetrilise teooriaga.,Albert Einstein,https://en.wikipedia.org/wiki/Albert_Einstein,CC-BY-SA-4.0,2026-08-28,reviewed,true
built-in-science-nature-accessible-corpus-122,built-in-science-nature,Science and Nature Pack,built-in-science-nature-set-094,board,round-two,2,easy,medicine-history,Science & Nature: Scientists Everyone Knows,,Who formulated famous laws of motion and universal gravitation?,Kes sõnastas kuulsad liikumisseadused ja ülemaailmse gravitatsiooniseaduse?,Isaac Newton,Isaac Newton,Newton;Sir Isaac Newton,Newton;sir Isaac Newton,Newton's laws connected motion on Earth with the gravitational motion of celestial bodies.,Newtoni seadused sidusid maise liikumise taevakehade gravitatsioonilise liikumisega.,Isaac Newton,https://en.wikipedia.org/wiki/Isaac_Newton,CC-BY-SA-4.0,2026-08-28,reviewed,true
built-in-science-nature-accessible-corpus-123,built-in-science-nature,Science and Nature Pack,built-in-science-nature-set-094,board,round-two,3,easy,medicine-history,Science & Nature: Scientists Everyone Knows,,Which Polish-French scientist pioneered research on radioactivity and discovered polonium and radium?,Milline Poola-Prantsuse teadlane oli radioaktiivsuse uurimise teerajaja ning avastas polooniumi ja raadiumi?,Marie Curie,Marie Curie,Madame Curie;Maria Skłodowska-Curie,Maria Skłodowska-Curie;Curie,Curie's experiments established radioactivity as a major field of physical and chemical research.,Curie katsed kujundasid radioaktiivsusest olulise füüsika ja keemia uurimisala.,Marie Curie,https://en.wikipedia.org/wiki/Marie_Curie,CC-BY-SA-4.0,2026-08-28,reviewed,true
built-in-science-nature-accessible-corpus-124,built-in-science-nature,Science and Nature Pack,built-in-science-nature-set-094,board,round-two,4,easy,medicine-history,Science & Nature: Scientists Everyone Knows,,Which naturalist explained evolution through natural selection?,Milline loodusteadlane selgitas evolutsiooni loodusliku valiku kaudu?,Charles Darwin,Charles Darwin,Darwin,Darwin,Darwin presented natural selection as a mechanism by which populations change over generations.,"Darwin esitas loodusliku valiku mehhanismina, mille kaudu populatsioonid põlvkondade jooksul muutuvad.",Charles Darwin,https://en.wikipedia.org/wiki/Charles_Darwin,CC-BY-SA-4.0,2026-08-28,reviewed,true
built-in-science-nature-accessible-corpus-125,built-in-science-nature,Science and Nature Pack,built-in-science-nature-set-094,board,round-two,5,easy,medicine-history,Science & Nature: Scientists Everyone Knows,,Which Italian scientist used improved telescopes to observe Jupiter's moons?,Milline Itaalia teadlane vaatles täiustatud teleskoopidega Jupiteri kuusid?,Galileo Galilei,Galileo Galilei,Galileo,Galileo,Galileo's telescopic observations of Jupiter's satellites supported a changing view of the cosmos.,Galileo teleskoobivaatlused Jupiteri kaaslastest toetasid muutuvat maailmapilti.,Galileo Galilei,https://en.wikipedia.org/wiki/Galileo_Galilei,CC-BY-SA-4.0,2026-08-28,reviewed,true
built-in-science-nature-accessible-corpus-126,built-in-science-nature,Science and Nature Pack,built-in-science-nature-set-097,board,round-two,1,easy,plants,Science & Nature: Chemistry in Daily Life,,Which acid gives household vinegar its characteristic sourness?,Milline hape annab söögiäädikale iseloomuliku hapu maitse?,Acetic acid,äädikhape,ethanoic acid,etaanhape,Vinegar is a dilute water solution containing acetic acid.,Söögiäädikas on lahja äädikhapet sisaldav vesilahus.,Acetic acid,https://en.wikipedia.org/wiki/Acetic_acid,CC-BY-SA-4.0,2026-08-28,reviewed,true
built-in-science-nature-accessible-corpus-127,built-in-science-nature,Science and Nature Pack,built-in-science-nature-set-097,board,round-two,2,easy,plants,Science & Nature: Chemistry in Daily Life,,What common powder releases carbon dioxide when mixed with an acid in baking?,Milline tavaline pulber vabastab küpsetamisel happega segunedes süsihappegaasi?,Baking soda,söögisooda,sodium bicarbonate;bicarbonate of soda,naatriumvesinikkarbonaat;sooda,Sodium bicarbonate reacts with acids to produce bubbles of carbon dioxide.,Naatriumvesinikkarbonaat reageerib hapetega ja tekitab süsihappegaasimulle.,Sodium bicarbonate,https://en.wikipedia.org/wiki/Sodium_bicarbonate,CC-BY-SA-4.0,2026-08-28,reviewed,true
built-in-science-nature-accessible-corpus-128,built-in-science-nature,Science and Nature Pack,built-in-science-nature-set-097,board,round-two,3,easy,plants,Science & Nature: Chemistry in Daily Life,,What reaction with oxygen causes exposed iron to corrode?,Milline reaktsioon hapnikuga paneb katmata raua korrodeeruma?,Oxidation,oksüdeerumine,oxidation reaction;iron oxidation,raua oksüdeerumine;oksüdatsioon,Rusting is an oxidation process in which iron loses electrons and forms iron oxides.,"Roostetamine on oksüdeerumisprotsess, milles raud loovutab elektrone ja moodustab raudoksiide.",Redox,https://en.wikipedia.org/wiki/Redox,CC-BY-SA-4.0,2026-08-28,reviewed,true
built-in-science-nature-accessible-corpus-129,built-in-science-nature,Science and Nature Pack,built-in-science-nature-set-097,board,round-two,4,easy,plants,Science & Nature: Chemistry in Daily Life,,Which familiar solvent is a common main ingredient in nail-polish remover?,Milline tuttav lahusti on sageli küünelakieemaldi peamine koostisosa?,Acetone,atsetoon,propanone,propanoon,Acetone dissolves many nail-polish ingredients and is widely used in nail-polish removers.,Atsetoon lahustab paljusid küünelaki koostisosi ning seda kasutatakse laialt küünelakieemaldites.,Acetone,https://en.wikipedia.org/wiki/Acetone,CC-BY-SA-4.0,2026-08-28,reviewed,true
built-in-science-nature-accessible-corpus-130,built-in-science-nature,Science and Nature Pack,built-in-science-nature-set-097,board,round-two,5,easy,plants,Science & Nature: Chemistry in Daily Life,,Which process lets yeast turn sugars into carbon dioxide and alcohol?,Millise protsessiga muudab pärm suhkrud süsihappegaasiks ja alkoholiks?,Fermentation,käärimine,alcoholic fermentation;yeast fermentation,alkohoolne käärimine;pärmikäärimine,"Without oxygen, yeast can metabolise sugars through alcoholic fermentation.",Hapniku puudumisel saab pärm suhkruid lagundada alkohoolse käärimise kaudu.,Fermentation,https://en.wikipedia.org/wiki/Fermentation,CC-BY-SA-4.0,2026-08-28,reviewed,true
built-in-science-nature-clue-0101,built-in-science-nature,Science and Nature Pack,built-in-science-nature-set-020,board,round-two,1,hard,chemistry,Science & Nature: Classic Mix,,Wöhler synthesis — Which organic compound became famous as a laboratory-made product from inorganic starting material?,,urea,,,,The laboratory production of urea became a landmark in the history of organic chemistry.,,Wöhler synthesis — Wikipedia,https://en.wikipedia.org/wiki/W%C3%B6hler_synthesis,CC-BY-SA-4.0,2026-08-20,untranslated,true
built-in-science-nature-clue-0127,built-in-science-nature,Science and Nature Pack,built-in-science-nature-set-020,board,round-two,2,hard,chemistry,Science & Nature: Classic Mix,,Uranium-238 — Which isotope makes up most naturally occurring uranium?,,uranium-238,,,,"This nuclide accounts for about 99.27 percent of natural uranium, far exceeding the other isotopes.",,Uranium-238 — Wikipedia,https://en.wikipedia.org/wiki/Uranium-238,CC-BY-SA-4.0,2026-08-20,untranslated,true
built-in-science-nature-clue-0168,built-in-science-nature,Science and Nature Pack,built-in-science-nature-set-020,board,round-two,3,hard,chemistry,Science & Nature: Classic Mix,,Star — What stage follows core hydrogen exhaustion in a Sun-like star?,,red giant,,,,The core contracts while the envelope expands and cools.,,Star — Wikipedia,https://en.wikipedia.org/wiki/Star,CC-BY-SA-4.0,2026-08-20,untranslated,true
built-in-science-nature-clue-0324,built-in-science-nature,Science and Nature Pack,built-in-science-nature-set-020,board,round-two,4,hard,chemistry,Science & Nature: Classic Mix,,Coeliac disease — The word celiac derives from a Greek word for which body cavity?,,abdomen,,,,Koiliakos means abdominal.,,Coeliac disease — Wikipedia,https://en.wikipedia.org/wiki/Coeliac_disease,CC-BY-SA-4.0,2026-08-20,untranslated,true
built-in-science-nature-clue-0330,built-in-science-nature,Science and Nature Pack,built-in-science-nature-set-020,board,round-two,5,hard,chemistry,Science & Nature: Classic Mix,,Alzheimer's disease — Which protein forms intracellular neurofibrillary tangles?,,tau,,tau protein,,Abnormally modified tau aggregates inside neurons.,,Alzheimer's disease — Wikipedia,https://en.wikipedia.org/wiki/Alzheimer%27s_disease,CC-BY-SA-4.0,2026-08-20,untranslated,true
built-in-science-nature-clue-0126,built-in-science-nature,Science and Nature Pack,built-in-science-nature-set-025,board,round-two,1,hard,chemistry,Science & Nature: Classic Sampler,,Uranium-238 — How many protons does every uranium isotope have?,,92,,,,Uranium is element 92.,,Uranium-238 — Wikipedia,https://en.wikipedia.org/wiki/Uranium-238,CC-BY-SA-4.0,2026-08-20,untranslated,true
built-in-science-nature-clue-0167,built-in-science-nature,Science and Nature Pack,built-in-science-nature-set-025,board,round-two,2,hard,chemistry,Science & Nature: Classic Sampler,,Star — What does a star’s absorption spectrum reveal?,,its chemical composition,,,,Each element leaves characteristic spectral lines.,,Star — Wikipedia,https://en.wikipedia.org/wiki/Star,CC-BY-SA-4.0,2026-08-20,untranslated,true
built-in-science-nature-clue-0323,built-in-science-nature,Science and Nature Pack,built-in-science-nature-set-025,board,round-two,3,hard,chemistry,Science & Nature: Classic Sampler,,Coeliac disease — Which intestinal projections can become damaged?,,villi,,,,Damage to these projections reduces the small intestine’s nutrient-absorbing surface.,,Coeliac disease — Wikipedia,https://en.wikipedia.org/wiki/Coeliac_disease,CC-BY-SA-4.0,2026-08-20,untranslated,true
built-in-science-nature-clue-0329,built-in-science-nature,Science and Nature Pack,built-in-science-nature-set-025,board,round-two,4,hard,chemistry,Science & Nature: Classic Sampler,,Alzheimer's disease — Which protein accumulates in extracellular plaques?,,amyloid beta,,beta-amyloid|Aβ,,Amyloid plaques are a characteristic pathological finding.,,Alzheimer's disease — Wikipedia,https://en.wikipedia.org/wiki/Alzheimer%27s_disease,CC-BY-SA-4.0,2026-08-20,untranslated,true
built-in-science-nature-clue-0335,built-in-science-nature,Science and Nature Pack,built-in-science-nature-set-025,board,round-two,5,hard,chemistry,Science & Nature: Classic Sampler,,Insulin — With whom did John Macleod share half of his Nobel prize money?,,James Collip,,Collip,,Macleod shared his award money with biochemist James Collip.,,Insulin — Wikipedia,https://en.wikipedia.org/wiki/Insulin,CC-BY-SA-4.0,2026-08-20,untranslated,true
built-in-science-nature-clue-0166,built-in-science-nature,Science and Nature Pack,built-in-science-nature-set-033,board,round-two,1,hard,astronomy,Science & Nature: Unexpected Grab Bag,,Star — Stars consist mainly of hydrogen and which other element?,,helium,,,,"Helium is the principal product of hydrogen fusion, helping explain both elements' stellar abundance.",,Star — Wikipedia,https://en.wikipedia.org/wiki/Star,CC-BY-SA-4.0,2026-08-20,untranslated,true
built-in-science-nature-clue-0322,built-in-science-nature,Science and Nature Pack,built-in-science-nature-set-033,board,round-two,2,hard,astronomy,Science & Nature: Unexpected Grab Bag,,Coeliac disease — Which grain protein mixture triggers celiac disease?,,gluten,,,,Gluten occurs in wheat and related cereals.,,Coeliac disease — Wikipedia,https://en.wikipedia.org/wiki/Coeliac_disease,CC-BY-SA-4.0,2026-08-20,untranslated,true
built-in-science-nature-clue-0328,built-in-science-nature,Science and Nature Pack,built-in-science-nature-set-033,board,round-two,3,hard,astronomy,Science & Nature: Unexpected Grab Bag,,Alzheimer's disease — Who coined the term Alzheimer’s disease in 1910?,,Emil Kraepelin,,,,Kraepelin used the name in his 1910 psychiatry textbook.,,Alzheimer's disease — Wikipedia,https://en.wikipedia.org/wiki/Alzheimer%27s_disease,CC-BY-SA-4.0,2026-08-20,untranslated,true
built-in-science-nature-clue-0334,built-in-science-nature,Science and Nature Pack,built-in-science-nature-set-033,board,round-two,4,hard,astronomy,Science & Nature: Unexpected Grab Bag,,Insulin — With whom did Frederick Banting share half of his Nobel prize money?,,Charles Best,,Best,,"Banting shared his award money with Charles Best, who was not one of the named laureates.",,Insulin — Wikipedia,https://en.wikipedia.org/wiki/Insulin,CC-BY-SA-4.0,2026-08-20,untranslated,true
built-in-science-nature-clue-0360,built-in-science-nature,Science and Nature Pack,built-in-science-nature-set-033,board,round-two,5,hard,astronomy,Science & Nature: Unexpected Grab Bag,,Psychology — Which mid-twentieth-century movement renewed study of internal mental processes?,,cognitive revolution,,,,It challenged strict behaviourism using information-processing models.,,Psychology — Wikipedia,https://en.wikipedia.org/wiki/Psychology,CC-BY-SA-4.0,2026-08-20,untranslated,true
built-in-science-nature-clue-0321,built-in-science-nature,Science and Nature Pack,built-in-science-nature-set-064,board,round-two,1,hard,medicine-history,Science & Nature: Colorful Roundup,,Coeliac disease — Does celiac disease primarily affect the heart or small intestine?,,small intestine,,,,The immune reaction injures the small-intestinal lining and impairs absorption.,,Coeliac disease — Wikipedia,https://en.wikipedia.org/wiki/Coeliac_disease,CC-BY-SA-4.0,2026-08-20,untranslated,true
built-in-science-nature-clue-0327,built-in-science-nature,Science and Nature Pack,built-in-science-nature-set-064,board,round-two,2,hard,medicine-history,Science & Nature: Colorful Roundup,,Alzheimer's disease — Which German physician described the famous Auguste Deter case?,,Alois Alzheimer,,Alzheimer,,He presented the case in 1906.,,Alzheimer's disease — Wikipedia,https://en.wikipedia.org/wiki/Alzheimer%27s_disease,CC-BY-SA-4.0,2026-08-20,untranslated,true
built-in-science-nature-clue-0333,built-in-science-nature,Science and Nature Pack,built-in-science-nature-set-064,board,round-two,3,hard,medicine-history,Science & Nature: Colorful Roundup,,Insulin — Which two scientists were the named 1923 laureates?,,Frederick Banting and John Macleod,,,,The Nobel committee officially named Frederick Banting and John Macleod as the laureates.,,Insulin — Wikipedia,https://en.wikipedia.org/wiki/Insulin,CC-BY-SA-4.0,2026-08-20,untranslated,true
built-in-science-nature-clue-0359,built-in-science-nature,Science and Nature Pack,built-in-science-nature-set-064,board,round-two,4,hard,medicine-history,Science & Nature: Colorful Roundup,,Psychology — Who established the Leipzig laboratory widely treated as a milestone in experimental psychology around 1880?,,Wilhelm Wundt,,Wundt,,Wundt’s Leipzig laboratory helped establish psychology as an experimental discipline.,,Psychology — Wikipedia,https://en.wikipedia.org/wiki/Psychology,CC-BY-SA-4.0,2026-08-20,untranslated,true
built-in-science-nature-clue-0420,built-in-science-nature,Science and Nature Pack,built-in-science-nature-set-064,board,round-two,5,hard,medicine-history,Science & Nature: Colorful Roundup,,Fujita scale — What revised scale entered US use in 2007?,,Enhanced Fujita scale,,EF scale,,The EF scale updated damage indicators and wind estimates.,,Fujita scale — Wikipedia,https://en.wikipedia.org/wiki/Fujita_scale,CC-BY-SA-4.0,2026-08-20,untranslated,true
built-in-science-nature-clue-0326,built-in-science-nature,Science and Nature Pack,built-in-science-nature-set-065,board,round-two,1,hard,medicine-history,Science & Nature: Colorful Sampler,,Alzheimer's disease — The Auguste Deter case involved progressive disease of which organ?,,brain,,,,Memory and cognitive decline in the case reflected progressive disease of the brain.,,Alzheimer's disease — Wikipedia,https://en.wikipedia.org/wiki/Alzheimer%27s_disease,CC-BY-SA-4.0,2026-08-20,untranslated,true
built-in-science-nature-clue-0332,built-in-science-nature,Science and Nature Pack,built-in-science-nature-set-065,board,round-two,2,hard,medicine-history,Science & Nature: Colorful Sampler,,Insulin — In what year did Banting and Macleod receive the prize?,,1923,,,,The award followed the first clinical insulin treatments and recognized the discovery rather than later manufacture.,,Insulin — Wikipedia,https://en.wikipedia.org/wiki/Insulin,CC-BY-SA-4.0,2026-08-20,untranslated,true
built-in-science-nature-clue-0358,built-in-science-nature,Science and Nature Pack,built-in-science-nature-set-065,board,round-two,3,hard,medicine-history,Science & Nature: Colorful Sampler,,Psychology — Which school argued that organized wholes differ from sums of parts?,,Gestalt psychology,,,,Gestalt researchers studied perception and organization.,,Psychology — Wikipedia,https://en.wikipedia.org/wiki/Psychology,CC-BY-SA-4.0,2026-08-20,untranslated,true
built-in-science-nature-clue-0419,built-in-science-nature,Science and Nature Pack,built-in-science-nature-set-065,board,round-two,4,hard,medicine-history,Science & Nature: Colorful Sampler,,Fujita scale — What labels ran from weakest to strongest on the original scale?,,F0 to F5,,F0–F5|F0 through F5,,Six categories represented increasing estimated wind damage.,,Fujita scale — Wikipedia,https://en.wikipedia.org/wiki/Fujita_scale,CC-BY-SA-4.0,2026-08-20,untranslated,true
built-in-science-nature-clue-0435,built-in-science-nature,Science and Nature Pack,built-in-science-nature-set-065,board,round-two,5,hard,medicine-history,Science & Nature: Colorful Sampler,,STS-93 — Which 1999 shuttle mission had deploying Chandra as its primary objective?,,STS-93,,STS 93,,The mission carried the observatory and its inertial upper stage into orbit.,,STS-93 — Wikipedia,https://en.wikipedia.org/w/index.php?title=STS-93&oldid=1313039223,CC-BY-SA-4.0,2026-08-20,untranslated,true
built-in-science-nature-clue-0331,built-in-science-nature,Science and Nature Pack,built-in-science-nature-set-066,board,round-two,1,hard,medicine-history,Science & Nature: Colorful Potpourri,,Insulin — Banting and Macleod won a Nobel Prize for work on what hormone?,,insulin,,,,"Their work concerned diabetes treatment, not quantum mechanics.",,Insulin — Wikipedia,https://en.wikipedia.org/wiki/Insulin,CC-BY-SA-4.0,2026-08-20,untranslated,true
built-in-science-nature-clue-0357,built-in-science-nature,Science and Nature Pack,built-in-science-nature-set-066,board,round-two,2,hard,medicine-history,Science & Nature: Colorful Potpourri,,Psychology — Which school emphasized observable behaviour over introspection?,,behaviourism,,,,Behaviourism became influential in the early twentieth century.,,Psychology — Wikipedia,https://en.wikipedia.org/wiki/Psychology,CC-BY-SA-4.0,2026-08-20,untranslated,true
built-in-science-nature-clue-0418,built-in-science-nature,Science and Nature Pack,built-in-science-nature-set-066,board,round-two,3,hard,medicine-history,Science & Nature: Colorful Potpourri,,Fujita scale — In what year was the Fujita scale introduced?,,1971,,,,The 1971 publication formalized damage-based intensity categories later used operationally.,,Fujita scale — Wikipedia,https://en.wikipedia.org/wiki/Fujita_scale,CC-BY-SA-4.0,2026-08-20,untranslated,true
built-in-science-nature-clue-0434,built-in-science-nature,Science and Nature Pack,built-in-science-nature-set-066,board,round-two,4,hard,medicine-history,Science & Nature: Colorful Potpourri,,Chandra X-ray Observatory — Which supernova remnant was the target of Chandra’s first-light image?,,Cassiopeia A,,Cas A,,The observation revealed a compact object near the remnant’s center.,,Chandra X-ray Observatory — Wikipedia,https://en.wikipedia.org/w/index.php?title=Chandra_X-ray_Observatory&oldid=1366825860,CC-BY-SA-4.0,2026-08-20,untranslated,true
built-in-science-nature-clue-0440,built-in-science-nature,Science and Nature Pack,built-in-science-nature-set-066,board,round-two,5,hard,medicine-history,Science & Nature: Colorful Potpourri,,Great white shark — What adaptation lets great whites keep parts of the body warmer than surrounding water?,,regional endothermy,,,,Countercurrent heat exchangers retain metabolic heat.,,Great white shark — Wikipedia,https://en.wikipedia.org/wiki/Great_white_shark,CC-BY-SA-4.0,2026-08-20,untranslated,true
built-in-science-nature-clue-0356,built-in-science-nature,Science and Nature Pack,built-in-science-nature-set-071,board,round-two,1,hard,medicine-history,Science & Nature: Clever Medley,,Psychology — Psychology is commonly defined as the science of behaviour and what else?,,mind,,,,The definition includes internal cognitive processes as well as directly observable actions.,,Psychology — Wikipedia,https://en.wikipedia.org/wiki/Psychology,CC-BY-SA-4.0,2026-08-20,untranslated,true
built-in-science-nature-clue-0417,built-in-science-nature,Science and Nature Pack,built-in-science-nature-set-071,board,round-two,2,hard,medicine-history,Science & Nature: Clever Medley,,Fujita scale — What observable evidence did the original scale chiefly use?,,damage,,,,Investigators inferred wind intensity from damage patterns.,,Fujita scale — Wikipedia,https://en.wikipedia.org/wiki/Fujita_scale,CC-BY-SA-4.0,2026-08-20,untranslated,true
built-in-science-nature-clue-0433,built-in-science-nature,Science and Nature Pack,built-in-science-nature-set-071,board,round-two,3,hard,medicine-history,Science & Nature: Clever Medley,,"Chandra X-ray Observatory — Which Nobel-winning astrophysicist, known for determining the maximum mass of white-dwarf stars, was honored when AXAF was renamed in 1998?",,Subrahmanyan Chandrasekhar,,Chandrasekhar|S. Chandrasekhar,,A NASA contest selected the name Chandra in his honor.,,Chandra X-ray Observatory — Wikipedia,https://en.wikipedia.org/w/index.php?title=Chandra_X-ray_Observatory&oldid=1366825860,CC-BY-SA-4.0,2026-08-20,untranslated,true
built-in-science-nature-clue-0439,built-in-science-nature,Science and Nature Pack,built-in-science-nature-set-071,board,round-two,4,hard,medicine-history,Science & Nature: Clever Medley,,Great white shark — Which head organs give great white sharks electroreception?,,ampullae of Lorenzini,,Lorenzini ampullae,,"The pits provide one of the shark’s five hunting senses, alongside sight, hearing, smell, and water-flow detection.",,Great white shark — Wikipedia,https://en.wikipedia.org/wiki/Great_white_shark,CC-BY-SA-4.0,2026-08-20,untranslated,true
built-in-science-nature-clue-0445,built-in-science-nature,Science and Nature Pack,built-in-science-nature-set-071,board,round-two,5,hard,medicine-history,Science & Nature: Clever Medley,,Chondrichthyes — What toothlike structures cover the skin of cartilaginous fishes?,,dermal denticles,,placoid scales,,Dermal denticles protect the skin and streamline water flow over the body.,,Chondrichthyes — Wikipedia,https://en.wikipedia.org/wiki/Chondrichthyes,CC-BY-SA-4.0,2026-08-20,untranslated,true
built-in-science-nature-clue-0416,built-in-science-nature,Science and Nature Pack,built-in-science-nature-set-083,board,round-two,1,hard,weather-climate,Science & Nature: Playful Grab Bag,,Fujita scale — Tetsuya Fujita developed a scale for which weather phenomenon?,,tornadoes,,,,Fujita devised the scale specifically to compare the intensity of tornadoes.,,Fujita scale — Wikipedia,https://en.wikipedia.org/wiki/Fujita_scale,CC-BY-SA-4.0,2026-08-20,untranslated,true
built-in-science-nature-clue-0432,built-in-science-nature,Science and Nature Pack,built-in-science-nature-set-083,board,round-two,2,hard,weather-climate,Science & Nature: Playful Grab Bag,,Space Shuttle Columbia disaster — Which space shuttle broke apart during re-entry on 1 February 2003?,,Columbia,,Space Shuttle Columbia,,Columbia became the second Space Shuttle lost in a fatal accident.,,Space Shuttle Columbia disaster — Wikipedia,https://en.wikipedia.org/wiki/Space_Shuttle_Columbia_disaster,CC-BY-SA-4.0,2026-08-20,untranslated,true
built-in-science-nature-clue-0438,built-in-science-nature,Science and Nature Pack,built-in-science-nature-set-083,board,round-two,3,hard,weather-climate,Science & Nature: Playful Grab Bag,,Great white shark — What is the great white shark’s scientific name?,,Carcharodon carcharias,,,,It is the only living species in Carcharodon.,,Great white shark — Wikipedia,https://en.wikipedia.org/wiki/Great_white_shark,CC-BY-SA-4.0,2026-08-20,untranslated,true
built-in-science-nature-clue-0444,built-in-science-nature,Science and Nature Pack,built-in-science-nature-set-083,board,round-two,4,hard,weather-climate,Science & Nature: Playful Grab Bag,,Chondrichthyes — Do most sharks have covered gills or separate gill slits?,,separate gill slits,,,,"Unlike bony fishes, they generally lack a bony operculum.",,Chondrichthyes — Wikipedia,https://en.wikipedia.org/wiki/Chondrichthyes,CC-BY-SA-4.0,2026-08-20,untranslated,true
built-in-science-nature-clue-0450,built-in-science-nature,Science and Nature Pack,built-in-science-nature-set-083,board,round-two,5,hard,weather-climate,Science & Nature: Playful Grab Bag,,Centipede — What modified appendages deliver centipede venom?,,forcipules,,venom claws,,The first trunk appendages form venom claws.,,Centipede — Wikipedia,https://en.wikipedia.org/wiki/Centipede,CC-BY-SA-4.0,2026-08-20,untranslated,true
built-in-science-nature-clue-0431,built-in-science-nature,Science and Nature Pack,built-in-science-nature-set-086,board,round-two,1,hard,astronomy,Science & Nature: Playful Potpourri,,Chandra X-ray Observatory — Which high-energy band spans Chandra’s stated observing range of about 0.12 to 12 nanometres?,,X-rays,,X rays|X-ray radiation,,That wavelength interval corresponds to photon energies of roughly 0.1 to 10 keV.,,Chandra X-ray Observatory — Wikipedia,https://en.wikipedia.org/w/index.php?title=Chandra_X-ray_Observatory&oldid=1366825860,CC-BY-SA-4.0,2026-08-20,untranslated,true
built-in-science-nature-clue-0437,built-in-science-nature,Science and Nature Pack,built-in-science-nature-set-086,board,round-two,2,hard,astronomy,Science & Nature: Playful Potpourri,,Great white shark — Do great white sharks lay external eggs or bear live young?,,bear live young,,live-bearing|aplacental viviparity,,Embryos hatch inside the mother before birth.,,Great white shark — Wikipedia,https://en.wikipedia.org/wiki/Great_white_shark,CC-BY-SA-4.0,2026-08-20,untranslated,true
built-in-science-nature-clue-0443,built-in-science-nature,Science and Nature Pack,built-in-science-nature-set-086,board,round-two,3,hard,astronomy,Science & Nature: Playful Potpourri,,Chondrichthyes — What two major living groups divide Chondrichthyes?,,elasmobranchs and holocephalans,,Elasmobranchii and Holocephali|holocephalans and elasmobranchs,,Sharks and rays are elasmobranchs; chimaeras are holocephalans.,,Chondrichthyes — Wikipedia,https://en.wikipedia.org/wiki/Chondrichthyes,CC-BY-SA-4.0,2026-08-20,untranslated,true
built-in-science-nature-clue-0449,built-in-science-nature,Science and Nature Pack,built-in-science-nature-set-086,board,round-two,4,hard,astronomy,Science & Nature: Playful Potpourri,,Centipede — To which arthropod class do centipedes belong?,,Chilopoda,,,,Chilopods are distinct from millipede class Diplopoda.,,Centipede — Wikipedia,https://en.wikipedia.org/wiki/Centipede,CC-BY-SA-4.0,2026-08-20,untranslated,true
built-in-science-nature-clue-0460,built-in-science-nature,Science and Nature Pack,built-in-science-nature-set-086,board,round-two,5,hard,astronomy,Science & Nature: Playful Potpourri,,Shrimp — What abdominal appendages help shrimp swim forward?,,pleopods,,,,"Shrimp use pleopods, also called swimmerets, for ordinary forward swimming.",,Shrimp — Wikipedia,https://en.wikipedia.org/wiki/Shrimp,CC-BY-SA-4.0,2026-08-20,untranslated,true
built-in-science-nature-clue-0436,built-in-science-nature,Science and Nature Pack,built-in-science-nature-set-087,board,round-two,1,hard,animals,Science & Nature: Playful Challenge,,Great white shark — What kind of bite may a great white use while investigating an unfamiliar object?,,test bite,,investigatory bite|exploratory bite|bump and bite|test bite,,Great whites may investigate unfamiliar objects with a brief test bite rather than a sustained predatory bite.,,Great white shark — Wikipedia,https://en.wikipedia.org/wiki/Great_white_shark,CC-BY-SA-4.0,2026-08-20,untranslated,true
built-in-science-nature-clue-0442,built-in-science-nature,Science and Nature Pack,built-in-science-nature-set-087,board,round-two,2,hard,animals,Science & Nature: Playful Challenge,,Chondrichthyes — What material chiefly forms a chondrichthyan skeleton?,,cartilage,,,,The class name means cartilage fish.,,Chondrichthyes — Wikipedia,https://en.wikipedia.org/wiki/Chondrichthyes,CC-BY-SA-4.0,2026-08-20,untranslated,true
built-in-science-nature-clue-0448,built-in-science-nature,Science and Nature Pack,built-in-science-nature-set-087,board,round-two,3,hard,animals,Science & Nature: Playful Challenge,,Centipede — How many leg pairs occur on each leg-bearing trunk segment?,,one pair,,,,"Because each leg-bearing segment carries one pair and the segment count is odd, the total cannot be exactly 100.",,Centipede — Wikipedia,https://en.wikipedia.org/wiki/Centipede,CC-BY-SA-4.0,2026-08-20,untranslated,true
built-in-science-nature-clue-0459,built-in-science-nature,Science and Nature Pack,built-in-science-nature-set-087,board,round-two,4,hard,animals,Science & Nature: Playful Challenge,,Shrimp — Which structures form the fan at a shrimp’s tail?,,uropods and telson,,telson and uropods,,The uropods flank the telson to form the tail fan.,,Shrimp — Wikipedia,https://en.wikipedia.org/wiki/Shrimp,CC-BY-SA-4.0,2026-08-20,untranslated,true
built-in-science-nature-clue-0465,built-in-science-nature,Science and Nature Pack,built-in-science-nature-set-087,board,round-two,5,hard,animals,Science & Nature: Playful Challenge,,Western lowland gorilla — What is the western lowland gorilla’s scientific trinomial?,,Gorilla gorilla gorilla,,,,"The repeated name marks genus, species, and subspecies.",,Western lowland gorilla — Wikipedia,https://en.wikipedia.org/wiki/Western_lowland_gorilla,CC-BY-SA-4.0,2026-08-20,untranslated,true
built-in-science-nature-clue-0441,built-in-science-nature,Science and Nature Pack,built-in-science-nature-set-088,board,round-two,1,hard,animals,Science & Nature: Playful Quiz,,Chondrichthyes — Which animal belongs to class Chondrichthyes: great white shark or tuna?,,great white shark,,,,Sharks are cartilaginous fishes; tuna are bony fishes.,,Chondrichthyes — Wikipedia,https://en.wikipedia.org/wiki/Chondrichthyes,CC-BY-SA-4.0,2026-08-20,untranslated,true
built-in-science-nature-clue-0447,built-in-science-nature,Science and Nature Pack,built-in-science-nature-set-088,board,round-two,2,hard,animals,Science & Nature: Playful Quiz,,Centipede — How many legs can no centipede have exactly?,,100,,,,Odd counts of leg-bearing trunk segments prevent the total from being exactly 100.,,Centipede — Wikipedia,https://en.wikipedia.org/wiki/Centipede,CC-BY-SA-4.0,2026-08-20,untranslated,true
built-in-science-nature-clue-0458,built-in-science-nature,Science and Nature Pack,built-in-science-nature-set-088,board,round-two,3,hard,animals,Science & Nature: Playful Quiz,,Shrimp — Common true shrimp such as Palaemon belong to which infraorder?,,Caridea,,,,Carideans are decapods whose second abdominal segment overlaps both the first and third.,,Shrimp — Wikipedia,https://en.wikipedia.org/wiki/Shrimp,CC-BY-SA-4.0,2026-08-20,untranslated,true
built-in-science-nature-clue-0464,built-in-science-nature,Science and Nature Pack,built-in-science-nature-set-088,board,round-two,4,hard,animals,Science & Nature: Playful Quiz,,Western lowland gorilla — Is the western lowland gorilla a species or subspecies?,,subspecies,,,,The third word of its trinomial identifies a taxonomic level below species.,,Western lowland gorilla — Wikipedia,https://en.wikipedia.org/wiki/Western_lowland_gorilla,CC-BY-SA-4.0,2026-08-20,untranslated,true
built-in-science-nature-clue-0470,built-in-science-nature,Science and Nature Pack,built-in-science-nature-set-088,board,round-two,5,hard,animals,Science & Nature: Playful Quiz,,Ming (clam) — Why was the clam nicknamed Ming?,,it was born during China’s Ming dynasty,,born in the Ming dynasty,,Its estimated birth around 1499 fell within that dynasty.,,Ming (clam) — Wikipedia,https://en.wikipedia.org/wiki/Ming_(clam),CC-BY-SA-4.0,2026-08-20,untranslated,true
built-in-science-nature-clue-0446,built-in-science-nature,Science and Nature Pack,built-in-science-nature-set-089,board,round-two,1,hard,animals,Science & Nature: Playful Odds & Ends,,Centipede — What sensory appendages project from a centipede’s head?,,antennae,,,,The paired antennae carry sensory receptors used to explore the centipede’s surroundings.,,Centipede — Wikipedia,https://en.wikipedia.org/wiki/Centipede,CC-BY-SA-4.0,2026-08-20,untranslated,true
built-in-science-nature-clue-0457,built-in-science-nature,Science and Nature Pack,built-in-science-nature-set-089,board,round-two,2,hard,animals,Science & Nature: Playful Odds & Ends,,Shrimp — Which organs do shrimp use for gas exchange?,,gills,,,,Water passes over gills beneath the carapace.,,Shrimp — Wikipedia,https://en.wikipedia.org/wiki/Shrimp,CC-BY-SA-4.0,2026-08-20,untranslated,true
built-in-science-nature-clue-0463,built-in-science-nature,Science and Nature Pack,built-in-science-nature-set-089,board,round-two,3,hard,animals,Science & Nature: Playful Odds & Ends,,Western lowland gorilla — What locomotor style uses the middle finger bones to support weight?,,knuckle-walking,,knuckle walking,,Gorillas move quadrupedally on their knuckles.,,Western lowland gorilla — Wikipedia,https://en.wikipedia.org/wiki/Western_lowland_gorilla,CC-BY-SA-4.0,2026-08-20,untranslated,true
built-in-science-nature-clue-0469,built-in-science-nature,Science and Nature Pack,built-in-science-nature-set-089,board,round-two,4,hard,animals,Science & Nature: Playful Odds & Ends,,Ming (clam) — In what year was the clam collected near Iceland?,,2006,,,,The 2006 collection preceded the revised 2013 age estimate by seven years.,,Ming (clam) — Wikipedia,https://en.wikipedia.org/wiki/Ming_(clam),CC-BY-SA-4.0,2026-08-20,untranslated,true
built-in-science-nature-clue-0485,built-in-science-nature,Science and Nature Pack,built-in-science-nature-set-089,board,round-two,5,hard,animals,Science & Nature: Playful Odds & Ends,,Strawberry — Which flower part enlarges into most of the red flesh?,,receptacle,,,,The ovaries remain as surface achenes.,,Strawberry — Wikipedia,https://en.wikipedia.org/wiki/Strawberry,CC-BY-SA-4.0,2026-08-20,untranslated,true
built-in-science-nature-clue-0456,built-in-science-nature,Science and Nature Pack,built-in-science-nature-set-091,board,round-two,1,hard,animals,Science & Nature: Mixed Medley,,Shrimp — Can shrimp propel themselves rapidly backward?,,yes,,,,Shrimp can flex the abdomen and tail to move rapidly backward.,,Shrimp — Wikipedia,https://en.wikipedia.org/wiki/Shrimp,CC-BY-SA-4.0,2026-08-20,untranslated,true
built-in-science-nature-clue-0462,built-in-science-nature,Science and Nature Pack,built-in-science-nature-set-091,board,round-two,2,hard,animals,Science & Nature: Mixed Medley,,Western lowland gorilla — Is the western lowland gorilla’s diet mainly plant material or meat?,,plant material,,,,"Fruit, leaves, and stems dominate, with some invertebrates.",,Western lowland gorilla — Wikipedia,https://en.wikipedia.org/wiki/Western_lowland_gorilla,CC-BY-SA-4.0,2026-08-20,untranslated,true
built-in-science-nature-clue-0468,built-in-science-nature,Science and Nature Pack,built-in-science-nature-set-091,board,round-two,3,hard,animals,Science & Nature: Mixed Medley,,Ming (clam) — What shell feature was counted to estimate its age?,,annual growth lines,,growth rings,,Seasonal shell bands function like tree rings.,,Ming (clam) — Wikipedia,https://en.wikipedia.org/wiki/Ming_(clam),CC-BY-SA-4.0,2026-08-20,untranslated,true
built-in-science-nature-clue-0484,built-in-science-nature,Science and Nature Pack,built-in-science-nature-set-091,board,round-two,4,hard,animals,Science & Nature: Mixed Medley,,Strawberry — What are the seed-like structures on a strawberry’s surface?,,achenes,,,,Each achene is a dry fruit containing one seed.,,Strawberry — Wikipedia,https://en.wikipedia.org/wiki/Strawberry,CC-BY-SA-4.0,2026-08-20,untranslated,true
built-in-science-nature-clue-0500,built-in-science-nature,Science and Nature Pack,built-in-science-nature-set-091,board,round-two,5,hard,animals,Science & Nature: Mixed Medley,,Capsaicin — What is capsaicin’s molecular formula?,,C18H27NO3,,,,"Capsaicin contains carbon, hydrogen, nitrogen, and oxygen.",,Capsaicin — Wikipedia,https://en.wikipedia.org/wiki/Capsaicin,CC-BY-SA-4.0,2026-08-20,untranslated,true
built-in-science-nature-clue-0461,built-in-science-nature,Science and Nature Pack,built-in-science-nature-set-092,board,round-two,1,hard,animals,Science & Nature: Mixed Tour,,Western lowland gorilla — In which African region does the western lowland gorilla live?,,central Africa,,west-central Africa,,Populations inhabit lowland forests of west-central Africa.,,Western lowland gorilla — Wikipedia,https://en.wikipedia.org/wiki/Western_lowland_gorilla,CC-BY-SA-4.0,2026-08-20,untranslated,true
built-in-science-nature-clue-0467,built-in-science-nature,Science and Nature Pack,built-in-science-nature-set-092,board,round-two,2,hard,animals,Science & Nature: Mixed Tour,,Ming (clam) — What species was Ming?,,Arctica islandica,,ocean quahog,,Arctica islandica is the bivalve species commonly called the ocean quahog.,,Ming (clam) — Wikipedia,https://en.wikipedia.org/wiki/Ming_(clam),CC-BY-SA-4.0,2026-08-20,untranslated,true
built-in-science-nature-clue-0483,built-in-science-nature,Science and Nature Pack,built-in-science-nature-set-092,board,round-two,3,hard,animals,Science & Nature: Mixed Tour,,Strawberry — To which plant family do strawberries belong?,,rose family,,Rosaceae,,Fragaria is in Rosaceae.,,Strawberry — Wikipedia,https://en.wikipedia.org/wiki/Strawberry,CC-BY-SA-4.0,2026-08-20,untranslated,true
built-in-science-nature-clue-0499,built-in-science-nature,Science and Nature Pack,built-in-science-nature-set-092,board,round-two,4,hard,animals,Science & Nature: Mixed Tour,,Capsaicin — In which pepper tissue is capsaicin concentrated?,,placental tissue,,placenta|internal ribs,,"It is produced around the internal ribs, not mainly in seeds.",,Capsaicin — Wikipedia,https://en.wikipedia.org/wiki/Capsaicin,CC-BY-SA-4.0,2026-08-20,untranslated,true
built-in-science-nature-clue-0105,built-in-science-nature,Science and Nature Pack,built-in-science-nature-set-092,board,round-two,5,hard,animals,Science & Nature: Mixed Tour,,Wöhler synthesis — Which doctrine claimed organic substances required a living vital force?,,vitalism,,,,The synthesis weakened a strict divide between organic and inorganic chemistry.,,Wöhler synthesis — Wikipedia,https://en.wikipedia.org/wiki/W%C3%B6hler_synthesis,CC-BY-SA-4.0,2026-08-20,untranslated,true
built-in-science-nature-clue-0466,built-in-science-nature,Science and Nature Pack,built-in-science-nature-set-093,board,round-two,1,hard,animals,Science & Nature: Mixed Grab Bag,,"Ming (clam) — In 2013, what age was reported for the bivalve nicknamed Ming?",,507 years,,,,The revised estimate increased Ming’s reported age to 507 years.,,Ming (clam) — Wikipedia,https://en.wikipedia.org/wiki/Ming_(clam),CC-BY-SA-4.0,2026-08-20,untranslated,true
built-in-science-nature-clue-0482,built-in-science-nature,Science and Nature Pack,built-in-science-nature-set-093,board,round-two,2,hard,animals,Science & Nature: Mixed Grab Bag,,Strawberry — What word describes a fruit formed from many ovaries of one flower?,,aggregate fruit,,,,Each ovary contributes a small fruitlet.,,Strawberry — Wikipedia,https://en.wikipedia.org/wiki/Strawberry,CC-BY-SA-4.0,2026-08-20,untranslated,true
built-in-science-nature-clue-0498,built-in-science-nature,Science and Nature Pack,built-in-science-nature-set-093,board,round-two,3,hard,animals,Science & Nature: Mixed Grab Bag,,Capsaicin — Which heat-sensing receptor does capsaicin activate?,,TRPV1,,vanilloid receptor 1,,TRPV1 activation opens a cation channel and produces a heat sensation without itself increasing tissue temperature.,,Capsaicin — Wikipedia,https://en.wikipedia.org/wiki/Capsaicin,CC-BY-SA-4.0,2026-08-20,untranslated,true
built-in-science-nature-clue-0104,built-in-science-nature,Science and Nature Pack,built-in-science-nature-set-093,board,round-two,4,hard,animals,Science & Nature: Mixed Grab Bag,,Wöhler synthesis — Which inorganic salt rearranged to form urea?,,ammonium cyanate,,,,"The inorganic salt rearranges without changing its elemental formula, yielding an organic compound with a different structure.",,Wöhler synthesis — Wikipedia,https://en.wikipedia.org/wiki/W%C3%B6hler_synthesis,CC-BY-SA-4.0,2026-08-20,untranslated,true
built-in-science-nature-clue-0130,built-in-science-nature,Science and Nature Pack,built-in-science-nature-set-093,board,round-two,5,hard,animals,Science & Nature: Mixed Grab Bag,,Uranium-238 — About how long is uranium-238’s half-life?,,4.5 billion years,,,,Its half-life is approximately 4.468 billion years.,,Uranium-238 — Wikipedia,https://en.wikipedia.org/wiki/Uranium-238,CC-BY-SA-4.0,2026-08-20,untranslated,true
built-in-science-nature-clue-0481,built-in-science-nature,Science and Nature Pack,built-in-science-nature-set-096,board,round-two,1,hard,plants,Science & Nature: Mixed Potpourri,,"Strawberry — Botanically, is a strawberry a true berry?",,no,,,,It is an aggregate accessory fruit.,,Strawberry — Wikipedia,https://en.wikipedia.org/wiki/Strawberry,CC-BY-SA-4.0,2026-08-20,untranslated,true
built-in-science-nature-clue-0497,built-in-science-nature,Science and Nature Pack,built-in-science-nature-set-096,board,round-two,2,hard,plants,Science & Nature: Mixed Potpourri,,Capsaicin — Which scale compares chilli-pepper pungency?,,Scoville scale,,Scoville test,,The Scoville scale expresses perceived pungency associated with capsaicinoid concentration.,,Capsaicin — Wikipedia,https://en.wikipedia.org/wiki/Capsaicin,CC-BY-SA-4.0,2026-08-20,untranslated,true
built-in-science-nature-clue-0103,built-in-science-nature,Science and Nature Pack,built-in-science-nature-set-096,board,round-two,3,hard,plants,Science & Nature: Mixed Potpourri,,Wöhler synthesis — In what year was the Wöhler synthesis first reported?,,1828,,,,The 1828 result became a landmark because it produced an organic compound from inorganic starting material.,,Wöhler synthesis — Wikipedia,https://en.wikipedia.org/wiki/W%C3%B6hler_synthesis,CC-BY-SA-4.0,2026-08-20,untranslated,true
built-in-science-nature-clue-0129,built-in-science-nature,Science and Nature Pack,built-in-science-nature-set-096,board,round-two,4,hard,plants,Science & Nature: Mixed Potpourri,,"Uranium-238 — At the end of its decay series, uranium-238 becomes which stable element?",,lead,,,,The uranium series terminates at lead-206.,,Uranium-238 — Wikipedia,https://en.wikipedia.org/wiki/Uranium-238,CC-BY-SA-4.0,2026-08-20,untranslated,true
built-in-science-nature-clue-0170,built-in-science-nature,Science and Nature Pack,built-in-science-nature-set-096,board,round-two,5,hard,plants,Science & Nature: Mixed Potpourri,,Star — What balance keeps a stable star from collapsing or exploding?,,hydrostatic equilibrium,,,,Outward pressure balances inward gravity.,,Star — Wikipedia,https://en.wikipedia.org/wiki/Star,CC-BY-SA-4.0,2026-08-20,untranslated,true
built-in-science-nature-clue-0496,built-in-science-nature,Science and Nature Pack,built-in-science-nature-set-099,board,round-two,1,hard,plants,Science & Nature: Mixed Odds & Ends,,Capsaicin — Plants of which genus produce capsaicin?,,Capsicum,,,,Capsicum includes the chilli-pepper species that synthesize capsaicinoids in their fruits.,,Capsaicin — Wikipedia,https://en.wikipedia.org/wiki/Capsaicin,CC-BY-SA-4.0,2026-08-20,untranslated,true
built-in-science-nature-clue-0102,built-in-science-nature,Science and Nature Pack,built-in-science-nature-set-099,board,round-two,2,hard,plants,Science & Nature: Mixed Odds & Ends,,Wöhler synthesis — Which German chemist performed the synthesis?,,Friedrich Wöhler,,Wöhler,,The experiment took the chemist’s name and became a landmark example in organic chemistry.,,Wöhler synthesis — Wikipedia,https://en.wikipedia.org/wiki/W%C3%B6hler_synthesis,CC-BY-SA-4.0,2026-08-20,untranslated,true
built-in-science-nature-clue-0128,built-in-science-nature,Science and Nature Pack,built-in-science-nature-set-099,board,round-two,3,hard,plants,Science & Nature: Mixed Odds & Ends,,Uranium-238 — What does the mass number in the isotope notation U-238 count?,,protons plus neutrons,,,,An isotope’s mass number is the total number of protons and neutrons.,,Uranium-238 — Wikipedia,https://en.wikipedia.org/wiki/Uranium-238,CC-BY-SA-4.0,2026-08-20,untranslated,true
built-in-science-nature-clue-0169,built-in-science-nature,Science and Nature Pack,built-in-science-nature-set-099,board,round-two,4,hard,plants,Science & Nature: Mixed Odds & Ends,,Star — What process powers main-sequence stars?,,nuclear fusion,,,,"Hydrogen nuclei fuse into helium, releasing energy.",,Star — Wikipedia,https://en.wikipedia.org/wiki/Star,CC-BY-SA-4.0,2026-08-20,untranslated,true
built-in-science-nature-clue-0325,built-in-science-nature,Science and Nature Pack,built-in-science-nature-set-099,board,round-two,5,hard,plants,Science & Nature: Mixed Odds & Ends,,Coeliac disease — Which ancient physician gave an early description of the condition?,,Aretaeus of Cappadocia,,Aretaeus,,Aretaeus described an abdominal wasting illness in antiquity.,,Coeliac disease — Wikipedia,https://en.wikipedia.org/wiki/Coeliac_disease,CC-BY-SA-4.0,2026-08-20,untranslated,true
built-in-science-nature-clue-0121,built-in-science-nature,Science and Nature Pack,built-in-science-nature-set-024,board,round-two,1,medium,chemistry,Science & Nature: Classic Roundup,,"List of chemical elements named after people — Which person has no officially named chemical element: Albert Einstein, Marie Curie, or Isaac Newton?",,Isaac Newton,,Newton,,The people-namesake table includes Einstein and the Curies but has no Newton entry.,,List of chemical elements named after people — Wikipedia,https://en.wikipedia.org/wiki/List_of_chemical_elements_named_after_people,CC-BY-SA-4.0,2026-08-20,untranslated,true
built-in-science-nature-clue-0157,built-in-science-nature,Science and Nature Pack,built-in-science-nature-set-024,board,round-two,2,medium,chemistry,Science & Nature: Classic Roundup,,Light-year — How many days does the fixed Julian year contain?,,365.25 days,,,,Astronomers use this fixed interval instead of a calendar year whose length varies with leap days.,,Light-year — Wikipedia,https://en.wikipedia.org/wiki/Light-year,CC-BY-SA-4.0,2026-08-20,untranslated,true
built-in-science-nature-clue-0263,built-in-science-nature,Science and Nature Pack,built-in-science-nature-set-024,board,round-two,3,medium,chemistry,Science & Nature: Classic Roundup,,Pancreas — The pancreas lies mostly behind which organ?,,stomach,,,,It extends across the upper abdomen behind the stomach.,,Pancreas — Wikipedia,https://en.wikipedia.org/wiki/Pancreas,CC-BY-SA-4.0,2026-08-20,untranslated,true
built-in-science-nature-clue-0269,built-in-science-nature,Science and Nature Pack,built-in-science-nature-set-024,board,round-two,4,medium,chemistry,Science & Nature: Classic Roundup,,Patella — Is the patella fully ossified at birth?,,no,,,,It begins largely as cartilage and ossifies during childhood.,,Patella — Wikipedia,https://en.wikipedia.org/wiki/Patella,CC-BY-SA-4.0,2026-08-20,untranslated,true
built-in-science-nature-clue-0275,built-in-science-nature,Science and Nature Pack,built-in-science-nature-set-024,board,round-two,5,medium,chemistry,Science & Nature: Classic Roundup,,Human skeleton — How many bones form the appendicular skeleton?,,126,,,,Limbs and girdles make up the appendicular skeleton.,,Human skeleton — Wikipedia,https://en.wikipedia.org/wiki/Human_skeleton,CC-BY-SA-4.0,2026-08-20,untranslated,true
built-in-science-nature-clue-0156,built-in-science-nature,Science and Nature Pack,built-in-science-nature-set-031,board,round-two,1,medium,astronomy,Science & Nature: Unexpected Medley,,Light-year — What abbreviation is commonly used for light-year?,,ly,,,,The abbreviation comes from the initial letters of light and year and is used for interstellar distances.,,Light-year — Wikipedia,https://en.wikipedia.org/wiki/Light-year,CC-BY-SA-4.0,2026-08-20,untranslated,true
built-in-science-nature-clue-0262,built-in-science-nature,Science and Nature Pack,built-in-science-nature-set-031,board,round-two,2,medium,astronomy,Science & Nature: Unexpected Medley,,Pancreas — Is the pancreas both endocrine and exocrine?,,yes,,,,It releases hormones into blood and digestive enzymes into ducts.,,Pancreas — Wikipedia,https://en.wikipedia.org/wiki/Pancreas,CC-BY-SA-4.0,2026-08-20,untranslated,true
built-in-science-nature-clue-0268,built-in-science-nature,Science and Nature Pack,built-in-science-nature-set-031,board,round-two,3,medium,astronomy,Science & Nature: Unexpected Medley,,Patella — Within which muscle group’s tendon is the patella embedded?,,quadriceps femoris,,quadriceps,,The patella is a sesamoid bone that develops inside this tendon and improves the knee extensor’s leverage.,,Patella — Wikipedia,https://en.wikipedia.org/wiki/Patella,CC-BY-SA-4.0,2026-08-20,untranslated,true
built-in-science-nature-clue-0274,built-in-science-nature,Science and Nature Pack,built-in-science-nature-set-031,board,round-two,4,medium,astronomy,Science & Nature: Unexpected Medley,,Human skeleton — How many bones form the axial skeleton?,,80,,,,"The axial skeleton includes skull, vertebral column, and thoracic cage.",,Human skeleton — Wikipedia,https://en.wikipedia.org/wiki/Human_skeleton,CC-BY-SA-4.0,2026-08-20,untranslated,true
built-in-science-nature-clue-0280,built-in-science-nature,Science and Nature Pack,built-in-science-nature-set-031,board,round-two,5,medium,astronomy,Science & Nature: Unexpected Medley,,Navel — The umbilicus typically lies near the junction of which two vertebral levels?,,L3 and L4,,L3–L4|L3/L4,,The umbilicus usually lies near the junction between the L3 and L4 vertebral levels.,,Navel — Wikipedia,https://en.wikipedia.org/wiki/Navel,CC-BY-SA-4.0,2026-08-20,untranslated,true
built-in-science-nature-clue-0261,built-in-science-nature,Science and Nature Pack,built-in-science-nature-set-052,board,round-two,1,medium,biology,Science & Nature: Everyday Tour,,Pancreas — Which organ produces insulin?,,pancreas,,,,This organ has endocrine islets that release hormones into the bloodstream.,,Pancreas — Wikipedia,https://en.wikipedia.org/wiki/Pancreas,CC-BY-SA-4.0,2026-08-20,untranslated,true
built-in-science-nature-clue-0267,built-in-science-nature,Science and Nature Pack,built-in-science-nature-set-052,board,round-two,2,medium,biology,Science & Nature: Everyday Tour,,Patella — What type of bone is the patella?,,sesamoid bone,,,,It develops within a tendon.,,Patella — Wikipedia,https://en.wikipedia.org/wiki/Patella,CC-BY-SA-4.0,2026-08-20,untranslated,true
built-in-science-nature-clue-0273,built-in-science-nature,Science and Nature Pack,built-in-science-nature-set-052,board,round-two,3,medium,biology,Science & Nature: Everyday Tour,,Human skeleton — Which skeletal division contains the limbs and their girdles?,,appendicular skeleton,,,,The appendicular skeleton comprises the limbs plus shoulder and pelvic girdles.,,Human skeleton — Wikipedia,https://en.wikipedia.org/wiki/Human_skeleton,CC-BY-SA-4.0,2026-08-20,untranslated,true
built-in-science-nature-clue-0279,built-in-science-nature,Science and Nature Pack,built-in-science-nature-set-052,board,round-two,4,medium,biology,Science & Nature: Everyday Tour,,Navel — Which thoracic spinal nerve supplies skin at the level of the umbilicus?,,T10,,tenth thoracic spinal nerve|thoracic nerve T10,,Skin around the waist at umbilical level is supplied by the T10 dermatome.,,Navel — Wikipedia,https://en.wikipedia.org/wiki/Navel,CC-BY-SA-4.0,2026-08-20,untranslated,true
built-in-science-nature-clue-0285,built-in-science-nature,Science and Nature Pack,built-in-science-nature-set-052,board,round-two,5,medium,biology,Science & Nature: Everyday Tour,,Arm — Which Latin term serves as a root for many anatomical names of the arm?,,brachium,,the brachium,,Brachium can denote the arm as a whole or its upper part and supplies the root of many anatomical terms.,,Arm — Wikipedia,https://en.wikipedia.org/wiki/Arm,CC-BY-SA-4.0,2026-08-20,untranslated,true
built-in-science-nature-clue-0266,built-in-science-nature,Science and Nature Pack,built-in-science-nature-set-053,board,round-two,1,medium,biology,Science & Nature: Everyday Grab Bag,,Patella — What is the anatomical name for the kneecap?,,patella,,,,The patella sits at the front of the knee.,,Patella — Wikipedia,https://en.wikipedia.org/wiki/Patella,CC-BY-SA-4.0,2026-08-20,untranslated,true
built-in-science-nature-clue-0272,built-in-science-nature,Science and Nature Pack,built-in-science-nature-set-053,board,round-two,2,medium,biology,Science & Nature: Everyday Grab Bag,,Human skeleton — What two divisions make up the human skeleton?,,axial and appendicular skeletons,,axial and appendicular,,The adult skeleton is divided into axial and appendicular parts.,,Human skeleton — Wikipedia,https://en.wikipedia.org/wiki/Human_skeleton,CC-BY-SA-4.0,2026-08-20,untranslated,true
built-in-science-nature-clue-0278,built-in-science-nature,Science and Nature Pack,built-in-science-nature-set-053,board,round-two,3,medium,biology,Science & Nature: Everyday Grab Bag,,Navel — Which three broad surface forms can a navel have?,,"protruding, flat, or hollowed",,"hollowed, flat, or protruding|protruding flat or hollowed",,"The detached scar can heal into protruding, flat, or hollowed forms.",,Navel — Wikipedia,https://en.wikipedia.org/wiki/Navel,CC-BY-SA-4.0,2026-08-20,untranslated,true
built-in-science-nature-clue-0284,built-in-science-nature,Science and Nature Pack,built-in-science-nature-set-053,board,round-two,4,medium,biology,Science & Nature: Everyday Grab Bag,,Arm — What joint joins the head of the humerus to the scapula?,,glenohumeral joint,,shoulder joint,,The ball-like humeral head meets the scapula at this shoulder articulation.,,Arm — Wikipedia,https://en.wikipedia.org/wiki/Arm,CC-BY-SA-4.0,2026-08-20,untranslated,true
built-in-science-nature-clue-0290,built-in-science-nature,Science and Nature Pack,built-in-science-nature-set-053,board,round-two,5,medium,biology,Science & Nature: Everyday Grab Bag,,Lung — What double-layered membrane surrounds each lung?,,pleura,,pleural membranes,,Visceral and parietal pleura enclose a lubricated space.,,Lung — Wikipedia,https://en.wikipedia.org/wiki/Lung,CC-BY-SA-4.0,2026-08-20,untranslated,true
built-in-science-nature-clue-0271,built-in-science-nature,Science and Nature Pack,built-in-science-nature-set-054,board,round-two,1,medium,biology,Science & Nature: Everyday Roundup,,Human skeleton — How many bones are normally counted in an adult human skeleton?,,206,,,,Some individual variation occurs through fused or accessory bones.,,Human skeleton — Wikipedia,https://en.wikipedia.org/wiki/Human_skeleton,CC-BY-SA-4.0,2026-08-20,untranslated,true
built-in-science-nature-clue-0277,built-in-science-nature,Science and Nature Pack,built-in-science-nature-set-054,board,round-two,2,medium,biology,Science & Nature: Everyday Roundup,,Navel — The navel marks the former attachment site of which fetal structure?,,umbilical cord,,the umbilical cord,,"After the umbilical cord detaches, it leaves the scarred area called the navel.",,Navel — Wikipedia,https://en.wikipedia.org/wiki/Navel,CC-BY-SA-4.0,2026-08-20,untranslated,true
built-in-science-nature-clue-0283,built-in-science-nature,Science and Nature Pack,built-in-science-nature-set-054,board,round-two,3,medium,biology,Science & Nature: Everyday Roundup,,Arm — What is the arm region between the elbow and wrist called?,,forearm,,the forearm|lower arm,,The forearm is the upper-limb region extending from the elbow to the wrist.,,Arm — Wikipedia,https://en.wikipedia.org/wiki/Arm,CC-BY-SA-4.0,2026-08-20,untranslated,true
built-in-science-nature-clue-0289,built-in-science-nature,Science and Nature Pack,built-in-science-nature-set-054,board,round-two,4,medium,biology,Science & Nature: Everyday Roundup,,Lung — Which fissure separates the right upper and middle lobes?,,horizontal fissure,,minor fissure,,The oblique fissure separates the lower lobe.,,Lung — Wikipedia,https://en.wikipedia.org/wiki/Lung,CC-BY-SA-4.0,2026-08-20,untranslated,true
built-in-science-nature-clue-0295,built-in-science-nature,Science and Nature Pack,built-in-science-nature-set-054,board,round-two,5,medium,biology,Science & Nature: Everyday Roundup,,Capillary — Who received the 1920 Nobel Prize in Physiology or Medicine for work on capillary function?,,August Krogh,,Krogh,,His research explained how capillaries provide nutrients to animal tissue.,,Capillary — Wikipedia,https://en.wikipedia.org/w/index.php?title=Capillary&oldid=1342754630,CC-BY-SA-4.0,2026-08-20,untranslated,true
built-in-science-nature-clue-0276,built-in-science-nature,Science and Nature Pack,built-in-science-nature-set-055,board,round-two,1,medium,biology,Science & Nature: Everyday Sampler,,Navel — What anatomical word is another name for the navel?,,umbilicus,,navel|belly button,,The umbilicus is the central abdominal scar commonly called the navel or belly button.,,Navel — Wikipedia,https://en.wikipedia.org/wiki/Navel,CC-BY-SA-4.0,2026-08-20,untranslated,true
built-in-science-nature-clue-0282,built-in-science-nature,Science and Nature Pack,built-in-science-nature-set-055,board,round-two,2,medium,biology,Science & Nature: Everyday Sampler,,"Arm — Which bone is not among the arm’s three named long bones: ulna, humerus, or tibia?",,tibia,,,,"The source identifies humerus, ulna, and radius as the arm’s three long bones, excluding tibia.",,Arm — Wikipedia,https://en.wikipedia.org/wiki/Arm,CC-BY-SA-4.0,2026-08-20,untranslated,true
built-in-science-nature-clue-0288,built-in-science-nature,Science and Nature Pack,built-in-science-nature-set-055,board,round-two,3,medium,biology,Science & Nature: Everyday Sampler,,Lung — What tiny air sacs exchange gases with blood?,,alveoli,,,,Thin alveolar walls permit diffusion.,,Lung — Wikipedia,https://en.wikipedia.org/wiki/Lung,CC-BY-SA-4.0,2026-08-20,untranslated,true
built-in-science-nature-clue-0294,built-in-science-nature,Science and Nature Pack,built-in-science-nature-set-055,board,round-two,4,medium,biology,Science & Nature: Everyday Sampler,,Capillary — Which 13th-century physician left the earliest known manuscript description of capillary passages?,,Ibn al-Nafis,,Ibn Nafis,,He described perceptible passages between the pulmonary artery and pulmonary vein.,,Capillary — Wikipedia,https://en.wikipedia.org/w/index.php?title=Capillary&oldid=1342754630,CC-BY-SA-4.0,2026-08-20,untranslated,true
built-in-science-nature-clue-0300,built-in-science-nature,Science and Nature Pack,built-in-science-nature-set-055,board,round-two,5,medium,biology,Science & Nature: Everyday Sampler,,Willem Einthoven — Which five letters label the standard successive electrocardiogram deflections?,,"P, Q, R, S and T",,P Q R S T|PQRST,,The conventional sequence runs from the atrial P wave through the ventricular T wave.,,Willem Einthoven — Wikipedia,https://en.wikipedia.org/w/index.php?title=Willem_Einthoven&oldid=1342403562,CC-BY-SA-4.0,2026-08-20,untranslated,true
built-in-science-nature-clue-0281,built-in-science-nature,Science and Nature Pack,built-in-science-nature-set-056,board,round-two,1,medium,biology,Science & Nature: Everyday Potpourri,,Arm — What single long bone forms the upper arm?,,humerus,,,,This bone spans the shoulder to the elbow and is the sole long bone of the upper arm.,,Arm — Wikipedia,https://en.wikipedia.org/wiki/Arm,CC-BY-SA-4.0,2026-08-20,untranslated,true
built-in-science-nature-clue-0287,built-in-science-nature,Science and Nature Pack,built-in-science-nature-set-056,board,round-two,2,medium,biology,Science & Nature: Everyday Potpourri,,Lung — How many lobes does the left lung have?,,two,,,,The left lung leaves space for the heart.,,Lung — Wikipedia,https://en.wikipedia.org/wiki/Lung,CC-BY-SA-4.0,2026-08-20,untranslated,true
built-in-science-nature-clue-0293,built-in-science-nature,Science and Nature Pack,built-in-science-nature-set-056,board,round-two,3,medium,biology,Science & Nature: Everyday Potpourri,,Capillary — Who wrote in 1653 that blood passes from arteries into veins through connections or tissue porosities?,,William Harvey,,Harvey,,He inferred a route between the two vessel systems without directly seeing capillaries.,,Capillary — Wikipedia,https://en.wikipedia.org/w/index.php?title=Capillary&oldid=1342754630,CC-BY-SA-4.0,2026-08-20,untranslated,true
built-in-science-nature-clue-0299,built-in-science-nature,Science and Nature Pack,built-in-science-nature-set-056,board,round-two,4,medium,biology,Science & Nature: Everyday Potpourri,,Willem Einthoven — Which Dutch physiologist invented the first practical electrocardiograph and received the 1924 medicine Nobel?,,Willem Einthoven,,Einthoven,,His string-galvanometer system made clinical recording of the heart’s electrical activity practical.,,Willem Einthoven — Wikipedia,https://en.wikipedia.org/w/index.php?title=Willem_Einthoven&oldid=1342403562,CC-BY-SA-4.0,2026-08-20,untranslated,true
built-in-science-nature-clue-0305,built-in-science-nature,Science and Nature Pack,built-in-science-nature-set-056,board,round-two,5,medium,biology,Science & Nature: Everyday Potpourri,,Pulmonary circulation — Who published De re anatomica in 1559 with an accurate description of blood passing through the lungs?,,Realdo Colombo,,Renaldus Columbus|Colombo,,His account traced blood from the right side of the heart through the lungs to the left side.,,Pulmonary circulation — Wikipedia,https://en.wikipedia.org/w/index.php?title=Pulmonary_circulation&oldid=1364832374,CC-BY-SA-4.0,2026-08-20,untranslated,true
built-in-science-nature-clue-0286,built-in-science-nature,Science and Nature Pack,built-in-science-nature-set-057,board,round-two,1,medium,biology,Science & Nature: Everyday Challenge,,Lung — How many lobes does the right human lung have?,,three,,,,"They are superior, middle, and inferior lobes.",,Lung — Wikipedia,https://en.wikipedia.org/wiki/Lung,CC-BY-SA-4.0,2026-08-20,untranslated,true
built-in-science-nature-clue-0292,built-in-science-nature,Science and Nature Pack,built-in-science-nature-set-057,board,round-two,2,medium,biology,Science & Nature: Everyday Challenge,,Capillary — Who first directly observed and correctly described capillaries in a frog's lung in 1661?,,Marcello Malpighi,,Malpighi,,His microscopic observation supplied the missing link between arteries and veins.,,Capillary — Wikipedia,https://en.wikipedia.org/w/index.php?title=Capillary&oldid=1342754630,CC-BY-SA-4.0,2026-08-20,untranslated,true
built-in-science-nature-clue-0298,built-in-science-nature,Science and Nature Pack,built-in-science-nature-set-057,board,round-two,3,medium,biology,Science & Nature: Everyday Challenge,,Christiaan Barnard — Who performed the first human-to-human heart transplant on 3 December 1967?,,Christiaan Barnard,,Christian Barnard|Barnard,,The operation took place at Groote Schuur Hospital in Cape Town.,,Christiaan Barnard — Wikipedia,https://en.wikipedia.org/w/index.php?title=Christiaan_Barnard&oldid=1361661941,CC-BY-SA-4.0,2026-08-20,untranslated,true
built-in-science-nature-clue-0304,built-in-science-nature,Science and Nature Pack,built-in-science-nature-set-057,board,round-two,4,medium,biology,Science & Nature: Everyday Challenge,,Pulmonary circulation — Which Spanish physician published an accurate European description of the lung blood-flow system in 1553?,,Michael Servetus,,Servetus,,The description appeared in his theological work Christianismi Restitutio.,,Pulmonary circulation — Wikipedia,https://en.wikipedia.org/w/index.php?title=Pulmonary_circulation&oldid=1364832374,CC-BY-SA-4.0,2026-08-20,untranslated,true
built-in-science-nature-clue-0310,built-in-science-nature,Science and Nature Pack,built-in-science-nature-set-057,board,round-two,5,medium,biology,Science & Nature: Everyday Challenge,,Gray's Anatomy — Who supplied the illustrations for the 1858 textbook Anatomy: Descriptive and Surgical?,,Henry Vandyke Carter,,Henry Carter|H. V. Carter|Carter,,His detailed anatomical plates accompanied the book’s first edition.,,Gray's Anatomy — Wikipedia,https://en.wikipedia.org/w/index.php?title=Gray%27s_Anatomy&oldid=1368245580,CC-BY-SA-4.0,2026-08-20,untranslated,true
built-in-science-nature-clue-0291,built-in-science-nature,Science and Nature Pack,built-in-science-nature-set-058,board,round-two,1,medium,medicine-history,Science & Nature: Everyday Quiz,,Capillary — What are the smallest blood vessels?,,capillaries,,,,Their microscopic diameter and thin walls place blood close to surrounding tissues.,,Capillary — Wikipedia,https://en.wikipedia.org/wiki/Capillary,CC-BY-SA-4.0,2026-08-20,untranslated,true
built-in-science-nature-clue-0297,built-in-science-nature,Science and Nature Pack,built-in-science-nature-set-058,board,round-two,2,medium,medicine-history,Science & Nature: Everyday Quiz,,Stethoscope — Which French physician invented the stethoscope in 1816?,,René Laennec,,Rene Laennec|Laennec,,His original instrument was a monaural wooden tube used for listening to internal sounds.,,Stethoscope — Wikipedia,https://en.wikipedia.org/w/index.php?title=Stethoscope&oldid=1364481103,CC-BY-SA-4.0,2026-08-20,untranslated,true
built-in-science-nature-clue-0303,built-in-science-nature,Science and Nature Pack,built-in-science-nature-set-058,board,round-two,3,medium,medicine-history,Science & Nature: Everyday Quiz,,Pulmonary circulation — Which Renaissance polymath proposed that the heart was a muscle but still defended pores between the ventricles?,,Leonardo da Vinci,,Leonardo,,He moved toward a muscular view of the heart while retaining part of Galen’s model.,,Pulmonary circulation — Wikipedia,https://en.wikipedia.org/w/index.php?title=Pulmonary_circulation&oldid=1364832374,CC-BY-SA-4.0,2026-08-20,untranslated,true
built-in-science-nature-clue-0309,built-in-science-nature,Science and Nature Pack,built-in-science-nature-set-058,board,round-two,4,medium,medicine-history,Science & Nature: Everyday Quiz,,"History of anatomy — Which anatomist published De humani corporis fabrica in 1543, challenging animal-based teachings that had dominated European anatomy?",,Andreas Vesalius,,Vesalius,,His treatise used detailed human dissection and illustrations to correct inherited anatomical claims.,,History of anatomy — Wikipedia,https://en.wikipedia.org/w/index.php?title=History_of_anatomy&oldid=1365093065,CC-BY-SA-4.0,2026-08-20,untranslated,true
built-in-science-nature-clue-0315,built-in-science-nature,Science and Nature Pack,built-in-science-nature-set-058,board,round-two,5,medium,medicine-history,Science & Nature: Everyday Quiz,,History of computed tomography — At which London hospital was the first clinical CT patient examined on 1 October 1971?,,Atkinson Morley Hospital,,Atkinson Morley,,The first patient scan there was performed with neuroradiologist James Ambrose.,,History of computed tomography — Wikipedia,https://en.wikipedia.org/w/index.php?title=History_of_computed_tomography&oldid=1369639024,CC-BY-SA-4.0,2026-08-20,untranslated,true
built-in-science-nature-clue-0296,built-in-science-nature,Science and Nature Pack,built-in-science-nature-set-059,board,round-two,1,medium,medicine-history,Science & Nature: Everyday Odds & Ends,,Heart — How many chambers does the human heart have?,,four,,,,Two atria receive blood and two ventricles pump it.,,Heart — Wikipedia,https://en.wikipedia.org/wiki/Heart,CC-BY-SA-4.0,2026-08-20,untranslated,true
built-in-science-nature-clue-0302,built-in-science-nature,Science and Nature Pack,built-in-science-nature-set-059,board,round-two,2,medium,medicine-history,Science & Nature: Everyday Odds & Ends,,Pulmonary circulation — Which Greek physician first described the lung blood-flow system as distinct from circulation through the rest of the body?,,Hippocrates,,,,"His account treated the lung circuit separately, although many details remained inaccurate.",,Pulmonary circulation — Wikipedia,https://en.wikipedia.org/w/index.php?title=Pulmonary_circulation&oldid=1364832374,CC-BY-SA-4.0,2026-08-20,untranslated,true
built-in-science-nature-clue-0308,built-in-science-nature,Science and Nature Pack,built-in-science-nature-set-059,board,round-two,3,medium,medicine-history,Science & Nature: Everyday Odds & Ends,,Gray's Anatomy — Who wrote the anatomy textbook first published in London in 1858 as Anatomy: Descriptive and Surgical?,,Henry Gray,,Gray,,The reference work became commonly known as Gray's Anatomy.,,Gray's Anatomy — Wikipedia,https://en.wikipedia.org/w/index.php?title=Gray%27s_Anatomy&oldid=1368245580,CC-BY-SA-4.0,2026-08-20,untranslated,true
built-in-science-nature-clue-0314,built-in-science-nature,Science and Nature Pack,built-in-science-nature-set-059,board,round-two,4,medium,medicine-history,Science & Nature: Everyday Odds & Ends,,History of computed tomography — Which physicist shared the 1979 medicine Nobel for the development of computed tomography?,,Allan Cormack,,Allan M. Cormack|Cormack,,His mathematical reconstruction work complemented the engineering of clinical CT scanners.,,History of computed tomography — Wikipedia,https://en.wikipedia.org/w/index.php?title=History_of_computed_tomography&oldid=1369639024,CC-BY-SA-4.0,2026-08-20,untranslated,true
built-in-science-nature-clue-0320,built-in-science-nature,Science and Nature Pack,built-in-science-nature-set-059,board,round-two,5,medium,medicine-history,Science & Nature: Everyday Odds & Ends,,Frank Jobe — Which Japanese Baseball Hall of Fame pitcher underwent ulnar collateral ligament reconstruction in 1982?,,Choji Murata,,Chōji Murata|Murata,,His operation was the first performance of the procedure in Japan.,,Frank Jobe — Wikipedia,https://en.wikipedia.org/w/index.php?title=Frank_Jobe&oldid=1361633133,CC-BY-SA-4.0,2026-08-20,untranslated,true
built-in-science-nature-clue-0301,built-in-science-nature,Science and Nature Pack,built-in-science-nature-set-060,board,round-two,1,medium,medicine-history,Science & Nature: Colorful Mix,,Pulmonary artery — Which artery carries deoxygenated blood from the heart?,,pulmonary artery,,pulmonary arteries|pulmonary trunk,,"Unlike most arteries, this vessel carries low-oxygen blood from the heart toward the lungs.",,Pulmonary artery — Wikipedia,https://en.wikipedia.org/wiki/Pulmonary_artery,CC-BY-SA-4.0,2026-08-20,untranslated,true
built-in-science-nature-clue-0307,built-in-science-nature,Science and Nature Pack,built-in-science-nature-set-060,board,round-two,2,medium,medicine-history,Science & Nature: Colorful Mix,,History of anatomy — Which ancient physician’s animal-based anatomical teachings dominated Europe before the Renaissance?,,Galen,,,,Later human dissection exposed differences between Galen’s descriptions and human bodies.,,History of anatomy — Wikipedia,https://en.wikipedia.org/w/index.php?title=History_of_anatomy&oldid=1365093065,CC-BY-SA-4.0,2026-08-20,untranslated,true
built-in-science-nature-clue-0313,built-in-science-nature,Science and Nature Pack,built-in-science-nature-set-060,board,round-two,3,medium,medicine-history,Science & Nature: Colorful Mix,,History of computed tomography — Which engineer developed the scanner used for the first clinical CT examination?,,Godfrey Hounsfield,,Hounsfield,,His system reconstructed cross-sectional images from X-ray measurements taken around the head.,,History of computed tomography — Wikipedia,https://en.wikipedia.org/w/index.php?title=History_of_computed_tomography&oldid=1369639024,CC-BY-SA-4.0,2026-08-20,untranslated,true
built-in-science-nature-clue-0319,built-in-science-nature,Science and Nature Pack,built-in-science-nature-set-060,board,round-two,4,medium,medicine-history,Science & Nature: Colorful Mix,,Tennis elbow — Which German physician is credited with the first 1873 description of the overuse condition later associated with racket sports?,,F. Runge,,Runge,,"He called the condition writer’s cramp, or Schreibekrampf.",,Tennis elbow — Wikipedia,https://en.wikipedia.org/w/index.php?title=Tennis_elbow&oldid=1367524365,CC-BY-SA-4.0,2026-08-20,untranslated,true
built-in-science-nature-clue-0480,built-in-science-nature,Science and Nature Pack,built-in-science-nature-set-060,board,round-two,5,medium,medicine-history,Science & Nature: Colorful Mix,,Quercus robur — What rounded structures occur at the bases of Quercus robur leaves?,,auricles,,,,Small lobes clasp the short petiole.,,Quercus robur — Wikipedia,https://en.wikipedia.org/wiki/Quercus_robur,CC-BY-SA-4.0,2026-08-20,untranslated,true
built-in-science-nature-clue-0306,built-in-science-nature,Science and Nature Pack,built-in-science-nature-set-061,board,round-two,1,medium,medicine-history,Science & Nature: Colorful Medley,,Trapezius — Which major superficial muscle spans the neck and upper back?,,trapezius,,trapezius muscle,,"The broad paired muscle spans the neck, shoulders, and upper back.",,Trapezius — Wikipedia,https://en.wikipedia.org/wiki/Trapezius,CC-BY-SA-4.0,2026-08-20,untranslated,true
built-in-science-nature-clue-0312,built-in-science-nature,Science and Nature Pack,built-in-science-nature-set-061,board,round-two,2,medium,medicine-history,Science & Nature: Colorful Medley,,Magnetic resonance imaging — Who used a magnetic-field gradient in 1973 to make a two-dimensional NMR image of two water tubes?,,Paul Lauterbur,,Lauterbur,,He called the method zeugmatography and imaged proton spin density in the two-tube sample.,,Magnetic resonance imaging — Wikipedia,https://en.wikipedia.org/w/index.php?title=Magnetic_resonance_imaging&oldid=1369650837,CC-BY-SA-4.0,2026-08-20,untranslated,true
built-in-science-nature-clue-0318,built-in-science-nature,Science and Nature Pack,built-in-science-nature-set-061,board,round-two,3,medium,medicine-history,Science & Nature: Colorful Medley,,Frank Jobe — Which surgeon performed the first reconstruction of an ulnar collateral ligament on 25 September 1974?,,Frank Jobe,,Frank Wilson Jobe|Jobe,,"He devised the operation for pitcher Tommy John, whose name later became attached to the procedure.",,Frank Jobe — Wikipedia,https://en.wikipedia.org/w/index.php?title=Frank_Jobe&oldid=1361633133,CC-BY-SA-4.0,2026-08-20,untranslated,true
built-in-science-nature-clue-0479,built-in-science-nature,Science and Nature Pack,built-in-science-nature-set-061,board,round-two,4,medium,medicine-history,Science & Nature: Colorful Medley,,Quercus robur — What common oak name refers to its long fruit stalks?,,pedunculate oak,,,,Its acorns hang on peduncles.,,Quercus robur — Wikipedia,https://en.wikipedia.org/wiki/Quercus_robur,CC-BY-SA-4.0,2026-08-20,untranslated,true
built-in-science-nature-clue-0495,built-in-science-nature,Science and Nature Pack,built-in-science-nature-set-061,board,round-two,5,medium,medicine-history,Science & Nature: Colorful Medley,,Chlorophyll — Which metal ion lies at the centre of a chlorophyll molecule?,,magnesium,,,,Magnesium is coordinated within the porphyrin-like ring.,,Chlorophyll — Wikipedia,https://en.wikipedia.org/wiki/Chlorophyll,CC-BY-SA-4.0,2026-08-20,untranslated,true
built-in-science-nature-clue-0311,built-in-science-nature,Science and Nature Pack,built-in-science-nature-set-062,board,round-two,1,medium,medicine-history,Science & Nature: Colorful Tour,,Tibia — The tibia is found in which part of the body?,,leg,,lower leg|the leg,,The tibia runs from the knee to the ankle in the lower limb.,,Tibia — Wikipedia,https://en.wikipedia.org/wiki/Tibia,CC-BY-SA-4.0,2026-08-20,untranslated,true
built-in-science-nature-clue-0317,built-in-science-nature,Science and Nature Pack,built-in-science-nature-set-062,board,round-two,2,medium,medicine-history,Science & Nature: Colorful Tour,,Tennis elbow — What clinical term names the common racket-sport overuse condition affecting the common extensor tendon near the lateral epicondyle?,,lateral epicondylitis,,,,The condition involves pain associated with the common extensor origin near the lateral epicondyle.,,Tennis elbow — Wikipedia,https://en.wikipedia.org/w/index.php?title=Tennis_elbow&oldid=1367524365,CC-BY-SA-4.0,2026-08-20,untranslated,true
built-in-science-nature-clue-0478,built-in-science-nature,Science and Nature Pack,built-in-science-nature-set-062,board,round-two,3,medium,medicine-history,Science & Nature: Colorful Tour,,Quercus robur — How many rounded lobes usually occur on each side of a Quercus robur leaf?,,three to six,,3–6|3 to 6,,"Its leaves have three to six rounded lobes on each side, divided no farther than halfway to the midrib.",,Quercus robur — Wikipedia,https://en.wikipedia.org/wiki/Quercus_robur,CC-BY-SA-4.0,2026-08-20,untranslated,true
built-in-science-nature-clue-0494,built-in-science-nature,Science and Nature Pack,built-in-science-nature-set-062,board,round-two,4,medium,medicine-history,Science & Nature: Colorful Tour,,Chlorophyll — Which two visible colour regions does chlorophyll absorb strongly?,,red and blue,,,,Weak green absorption produces the familiar appearance.,,Chlorophyll — Wikipedia,https://en.wikipedia.org/wiki/Chlorophyll,CC-BY-SA-4.0,2026-08-20,untranslated,true
built-in-science-nature-clue-0125,built-in-science-nature,Science and Nature Pack,built-in-science-nature-set-062,board,round-two,5,medium,medicine-history,Science & Nature: Colorful Tour,,List of chemical elements named after people — What atomic number belongs to einsteinium?,,99,,atomic number 99,,"Einsteinium, named for Albert Einstein, is element 99.",,List of chemical elements named after people — Wikipedia,https://en.wikipedia.org/wiki/List_of_chemical_elements_named_after_people,CC-BY-SA-4.0,2026-08-20,untranslated,true
built-in-science-nature-clue-0316,built-in-science-nature,Science and Nature Pack,built-in-science-nature-set-063,board,round-two,1,medium,medicine-history,Science & Nature: Colorful Grab Bag,,"Elbow — The humerus, radius, and ulna meet at which joint?",,elbow,,elbow joint,,Three articulations share one capsule.,,Elbow — Wikipedia,https://en.wikipedia.org/wiki/Elbow,CC-BY-SA-4.0,2026-08-20,untranslated,true
built-in-science-nature-clue-0477,built-in-science-nature,Science and Nature Pack,built-in-science-nature-set-063,board,round-two,2,medium,medicine-history,Science & Nature: Colorful Grab Bag,,Quercus robur — Quercus robur is native to Europe and which neighbouring part of Asia?,,western Asia,,West Asia,,The native distribution spans most of Europe and continues east into western Asia.,,Quercus robur — Wikipedia,https://en.wikipedia.org/wiki/Quercus_robur,CC-BY-SA-4.0,2026-08-20,untranslated,true
built-in-science-nature-clue-0493,built-in-science-nature,Science and Nature Pack,built-in-science-nature-set-063,board,round-two,3,medium,medicine-history,Science & Nature: Colorful Grab Bag,,Chlorophyll — Which form of photosynthesis uses chlorophyll pigments?,,oxygenic photosynthesis,,oxygen-producing photosynthesis,,Chlorophyll pigments absorb light energy for the oxygen-producing form of photosynthesis.,,Chlorophyll — Wikipedia,https://en.wikipedia.org/wiki/Chlorophyll,CC-BY-SA-4.0,2026-08-20,untranslated,true
built-in-science-nature-clue-0124,built-in-science-nature,Science and Nature Pack,built-in-science-nature-set-063,board,round-two,4,medium,medicine-history,Science & Nature: Colorful Grab Bag,,List of chemical elements named after people — What chemical symbol belongs to fermium?,,Fm,,,,"Fermium, named for Enrico Fermi, uses the symbol Fm.",,List of chemical elements named after people — Wikipedia,https://en.wikipedia.org/wiki/List_of_chemical_elements_named_after_people,CC-BY-SA-4.0,2026-08-20,untranslated,true
built-in-science-nature-clue-0160,built-in-science-nature,Science and Nature Pack,built-in-science-nature-set-063,board,round-two,5,medium,medicine-history,Science & Nature: Colorful Grab Bag,,Light-year — How many seconds are in the Julian year used to define a light-year?,,"31,557,600 seconds",,"31557600 seconds|31,557,600",,"Multiplying 365.25 days by 86,400 seconds gives 31,557,600 seconds.",,Light-year — Wikipedia,https://en.wikipedia.org/wiki/Light-year,CC-BY-SA-4.0,2026-08-20,untranslated,true
built-in-science-nature-clue-0476,built-in-science-nature,Science and Nature Pack,built-in-science-nature-set-095,board,round-two,1,medium,plants,Science & Nature: Mixed Sampler,,"Quercus robur — Which growth form describes Quercus robur: tree, shrub, or herb?",,tree,,,,"Quercus robur is a large deciduous tree, not a shrub or herb.",,Quercus robur — Wikipedia,https://en.wikipedia.org/wiki/Quercus_robur,CC-BY-SA-4.0,2026-08-20,untranslated,true
built-in-science-nature-clue-0492,built-in-science-nature,Science and Nature Pack,built-in-science-nature-set-095,board,round-two,2,medium,plants,Science & Nature: Mixed Sampler,,Chlorophyll — In which plant organelles is chlorophyll concentrated?,,chloroplasts,,chloroplast,,"Within chloroplasts, chlorophyll is concentrated in thylakoid membranes that capture light energy.",,Chlorophyll — Wikipedia,https://en.wikipedia.org/wiki/Chlorophyll,CC-BY-SA-4.0,2026-08-20,untranslated,true
built-in-science-nature-clue-0123,built-in-science-nature,Science and Nature Pack,built-in-science-nature-set-095,board,round-two,3,medium,plants,Science & Nature: Mixed Sampler,,List of chemical elements named after people — Which element honours Marie and Pierre Curie?,,curium,,,,"Curium, element 96, commemorates both Curies.",,List of chemical elements named after people — Wikipedia,https://en.wikipedia.org/wiki/List_of_chemical_elements_named_after_people,CC-BY-SA-4.0,2026-08-20,untranslated,true
built-in-science-nature-clue-0159,built-in-science-nature,Science and Nature Pack,built-in-science-nature-set-095,board,round-two,4,medium,plants,Science & Nature: Mixed Sampler,,Light-year — One parsec is about how many light-years?,,3.26 light-years,,3.26 ly,,"A parsec is the distance at which one astronomical unit subtends one arcsecond, equal to about 3.26 light-years.",,Light-year — Wikipedia,https://en.wikipedia.org/wiki/Light-year,CC-BY-SA-4.0,2026-08-20,untranslated,true
built-in-science-nature-clue-0265,built-in-science-nature,Science and Nature Pack,built-in-science-nature-set-095,board,round-two,5,medium,plants,Science & Nature: Mixed Sampler,,Pancreas — Into which part of the small intestine does the pancreatic duct empty?,,duodenum,,,,Pancreatic juice enters near the start of the small intestine.,,Pancreas — Wikipedia,https://en.wikipedia.org/wiki/Pancreas,CC-BY-SA-4.0,2026-08-20,untranslated,true
built-in-science-nature-clue-0491,built-in-science-nature,Science and Nature Pack,built-in-science-nature-set-098,board,round-two,1,medium,plants,Science & Nature: Mixed Quiz,,Chlorophyll — Which pigment gives most leaves their green colour?,,chlorophyll,,,,Chlorophyll reflects more green light than red or blue.,,Chlorophyll — Wikipedia,https://en.wikipedia.org/wiki/Chlorophyll,CC-BY-SA-4.0,2026-08-20,untranslated,true
built-in-science-nature-clue-0122,built-in-science-nature,Science and Nature Pack,built-in-science-nature-set-098,board,round-two,2,medium,plants,Science & Nature: Mixed Quiz,,List of chemical elements named after people — Mendelevium is named for which scientist?,,Dmitri Mendeleev,,Mendeleev,,Mendelevium is listed as element 101 with the symbol Md.,,List of chemical elements named after people — Wikipedia,https://en.wikipedia.org/wiki/List_of_chemical_elements_named_after_people,CC-BY-SA-4.0,2026-08-20,untranslated,true
built-in-science-nature-clue-0158,built-in-science-nature,Science and Nature Pack,built-in-science-nature-set-098,board,round-two,3,medium,plants,Science & Nature: Mixed Quiz,,Light-year — Approximately how far is one light-year?,,9.46 trillion kilometres,,,,Light travels about 9.46 × 10¹² km in one Julian year.,,Light-year — Wikipedia,https://en.wikipedia.org/wiki/Light-year,CC-BY-SA-4.0,2026-08-20,untranslated,true
built-in-science-nature-clue-0264,built-in-science-nature,Science and Nature Pack,built-in-science-nature-set-098,board,round-two,4,medium,plants,Science & Nature: Mixed Quiz,,Pancreas — Which islet cells secrete insulin?,,beta cells,,,,These islet cells release insulin in response to rising blood glucose.,,Pancreas — Wikipedia,https://en.wikipedia.org/wiki/Pancreas,CC-BY-SA-4.0,2026-08-20,untranslated,true
built-in-science-nature-clue-0270,built-in-science-nature,Science and Nature Pack,built-in-science-nature-set-098,board,round-two,5,medium,plants,Science & Nature: Mixed Quiz,,Patella — What does the patella increase for knee extension?,,the quadriceps lever arm,,,,It holds the tendon farther from the joint axis.,,Patella — Wikipedia,https://en.wikipedia.org/wiki/Patella,CC-BY-SA-4.0,2026-08-20,untranslated,true
