clue_id,pack_id,pack_name,category_set_id,content_kind,round,tier,difficulty,macro_topic,category_name_en,category_name_et,clue_en,clue_et,response_en,response_et,accepted_variants_en,accepted_variants_et,explanation_en,explanation_et,source_title,source_url,source_license,source_retrieved_at,translation_status,enabled
built-in-film-television-clue-0001,built-in-film-television,Film and Television Pack,built-in-film-television-set-001,board,round-one,1,medium,world-cinema,Iberian Dark Fantasy,,Who narrates Pan's Labyrinth?,,Pablo Adán,,Pablo Adan,,Pablo Adán holds the narration credit.,,Pan's Labyrinth — Wikipedia permanent revision 1368081817,https://en.wikipedia.org/w/index.php?title=Pan's_Labyrinth&oldid=1368081817,CC-BY-SA-4.0,2026-08-25,untranslated,true
built-in-film-television-clue-0002,built-in-film-television,Film and Television Pack,built-in-film-television-set-001,board,round-one,2,medium,world-cinema,Iberian Dark Fantasy,,This filmmaker directed the Spanish-language fantasy Pan’s Labyrinth.,,Guillermo del Toro,,Guillermo Del Toro,,Guillermo del Toro wrote and directed the 2006 fantasy film.,,Pan's Labyrinth — Wikipedia permanent revision 1368081817,https://en.wikipedia.org/w/index.php?title=Pan's_Labyrinth&oldid=1368081817,CC-BY-SA-4.0,2026-08-25,untranslated,true
built-in-film-television-clue-0003,built-in-film-television,Film and Television Pack,built-in-film-television-set-001,board,round-one,3,medium,world-cinema,Iberian Dark Fantasy,,Whose score for Pan's Labyrinth received an Academy Award nomination?,,Javier Navarrete,,,,Javier Navarrete composed the Oscar-nominated score.,,Pan's Labyrinth — Wikipedia permanent revision 1368081817,https://en.wikipedia.org/w/index.php?title=Pan's_Labyrinth&oldid=1368081817,CC-BY-SA-4.0,2026-08-25,untranslated,true
built-in-film-television-clue-0004,built-in-film-television,Film and Television Pack,built-in-film-television-set-001,board,round-one,4,medium,world-cinema,Iberian Dark Fantasy,,Who served as cinematographer on Pan's Labyrinth?,,Guillermo Navarro,,,,Guillermo Navarro photographed Pan's Labyrinth.,,Pan's Labyrinth — Wikipedia permanent revision 1368081817,https://en.wikipedia.org/w/index.php?title=Pan's_Labyrinth&oldid=1368081817,CC-BY-SA-4.0,2026-08-25,untranslated,true
built-in-film-television-clue-0005,built-in-film-television,Film and Television Pack,built-in-film-television-set-001,board,round-one,5,medium,world-cinema,Iberian Dark Fantasy,,In which central-Spanish mountain range was Pan's Labyrinth filmed?,,Guadarrama mountain range,,,,The production used a pine forest in the Guadarrama mountain range.,,Pan's Labyrinth — Wikipedia permanent revision 1368081817,https://en.wikipedia.org/w/index.php?title=Pan's_Labyrinth&oldid=1368081817,CC-BY-SA-4.0,2026-08-25,untranslated,true
built-in-film-television-clue-0006,built-in-film-television,Film and Television Pack,built-in-film-television-set-002,board,round-one,1,easy,world-cinema,Kaiju Sequel Origins,,This spiked quadruped became the first monster to battle Godzilla on film.,,Anguirus,,,,Anguirus confronted Godzilla in the 1955 Japanese sequel.,,Godzilla Raids Again — Wikipedia permanent revision 1364710611,https://en.wikipedia.org/w/index.php?title=Godzilla_Raids_Again&oldid=1364710611,CC-BY-SA-4.0,2026-08-25,untranslated,true
built-in-film-television-clue-0007,built-in-film-television,Film and Television Pack,built-in-film-television-set-002,board,round-one,2,easy,world-cinema,Kaiju Sequel Origins,,Who produced Godzilla Raids Again?,,Tomoyuki Tanaka,,,,Tomoyuki Tanaka produced Godzilla Raids Again.,,Godzilla Raids Again — Wikipedia permanent revision 1364710611,https://en.wikipedia.org/w/index.php?title=Godzilla_Raids_Again&oldid=1364710611,CC-BY-SA-4.0,2026-08-25,untranslated,true
built-in-film-television-clue-0008,built-in-film-television,Film and Television Pack,built-in-film-television-set-002,board,round-one,3,easy,world-cinema,Kaiju Sequel Origins,,Who holds the story credit for Godzilla Raids Again?,,Shigeru Kayama,,,,Shigeru Kayama receives the story credit.,,Godzilla Raids Again — Wikipedia permanent revision 1364710611,https://en.wikipedia.org/w/index.php?title=Godzilla_Raids_Again&oldid=1364710611,CC-BY-SA-4.0,2026-08-25,untranslated,true
built-in-film-television-clue-0009,built-in-film-television,Film and Television Pack,built-in-film-television-set-002,board,round-one,4,easy,world-cinema,Kaiju Sequel Origins,,At what slower frame rate was some Godzilla Raids Again effects footage shot?,,18 frames per second,,18 fps,,Some effects footage was photographed at 18 frames per second.,,Godzilla Raids Again — Wikipedia permanent revision 1364710611,https://en.wikipedia.org/w/index.php?title=Godzilla_Raids_Again&oldid=1364710611,CC-BY-SA-4.0,2026-08-25,untranslated,true
built-in-film-television-clue-0010,built-in-film-television,Film and Television Pack,built-in-film-television-set-002,board,round-one,5,easy,world-cinema,Kaiju Sequel Origins,,How many tickets did Godzilla Raids Again generate on its original release?,,8.3 million tickets,,8.3 million,,"The sequel generated 8.3 million tickets, less than the first Godzilla film.",,Godzilla Raids Again — Wikipedia permanent revision 1364710611,https://en.wikipedia.org/w/index.php?title=Godzilla_Raids_Again&oldid=1364710611,CC-BY-SA-4.0,2026-08-25,untranslated,true
built-in-film-television-clue-0011,built-in-film-television,Film and Television Pack,built-in-film-television-set-003,board,round-one,1,easy,world-cinema,Howl's Moving Castle: Story and Craft,,This actor voiced Howl in the English dub of the 2004 Studio Ghibli film.,,Christian Bale,,,,Christian Bale performed Howl’s English-language voice.,,Howl's Moving Castle (film) — Wikipedia permanent revision 1370075620,https://en.wikipedia.org/w/index.php?title=Howl's_Moving_Castle_(film)&oldid=1370075620,CC-BY-SA-4.0,2026-08-25,untranslated,true
built-in-film-television-clue-0012,built-in-film-television,Film and Television Pack,built-in-film-television-set-003,board,round-one,2,easy,world-cinema,Howl's Moving Castle: Story and Craft,,Which actor voices the elderly Sophie in the Japanese cast of Howl's Moving Castle?,,Chieko Baisho,,,,Chieko Baisho voices Sophie in the Japanese-language version.,,Howl's Moving Castle (film) — Wikipedia permanent revision 1370075620,https://en.wikipedia.org/w/index.php?title=Howl's_Moving_Castle_(film)&oldid=1370075620,CC-BY-SA-4.0,2026-08-25,untranslated,true
built-in-film-television-clue-0013,built-in-film-television,Film and Television Pack,built-in-film-television-set-003,board,round-one,3,easy,world-cinema,Howl's Moving Castle: Story and Craft,,Who produced Howl's Moving Castle (film)?,,Toshio Suzuki,,,,Toshio Suzuki produced Howl’s Moving Castle.,,Howl's Moving Castle (film) — Wikipedia permanent revision 1370075620,https://en.wikipedia.org/w/index.php?title=Howl's_Moving_Castle_(film)&oldid=1370075620,CC-BY-SA-4.0,2026-08-25,untranslated,true
built-in-film-television-clue-0014,built-in-film-television,Film and Television Pack,built-in-film-television-set-003,board,round-one,4,easy,world-cinema,Howl's Moving Castle: Story and Craft,,What major plot element did Hayao Miyazaki add when adapting Howl's Moving Castle?,,the war,,war,,Miyazaki made the war a major part of the film’s plot.,,Howl's Moving Castle (film) — Wikipedia permanent revision 1370075620,https://en.wikipedia.org/w/index.php?title=Howl's_Moving_Castle_(film)&oldid=1370075620,CC-BY-SA-4.0,2026-08-25,untranslated,true
built-in-film-television-clue-0015,built-in-film-television,Film and Television Pack,built-in-film-television-set-003,board,round-one,5,easy,world-cinema,Howl's Moving Castle: Story and Craft,,"In Howl's Moving Castle, magic coexists with technology resembling what historical period?",,early 20th-century technology,,early twentieth-century technology,,The fictional kingdom combines magic with early 20th-century technology.,,Howl's Moving Castle (film) — Wikipedia permanent revision 1370075620,https://en.wikipedia.org/w/index.php?title=Howl's_Moving_Castle_(film)&oldid=1370075620,CC-BY-SA-4.0,2026-08-25,untranslated,true
built-in-film-television-clue-0016,built-in-film-television,Film and Television Pack,built-in-film-television-set-004,board,round-one,1,easy,world-cinema,Neo-Tokyo Cataclysm,,True or false: Tetsuo’s uncontrolled powers culminate in Neo-Tokyo’s destruction in Akira.,,True,,,,The film’s climax devastates Neo-Tokyo as Tetsuo loses control.,,Akira (1988 film) — Wikipedia permanent revision 1370851953,https://en.wikipedia.org/w/index.php?title=Akira_(1988_film)&oldid=1370851953,CC-BY-SA-4.0,2026-08-25,untranslated,true
built-in-film-television-clue-0017,built-in-film-television,Film and Television Pack,built-in-film-television-set-004,board,round-one,2,easy,world-cinema,Neo-Tokyo Cataclysm,,When were sound recording and mixing completed for Akira?,,early 1988,,1988,,Sound recording and mixing were performed in early 1988.,,Akira (1988 film) — Wikipedia permanent revision 1370851953,https://en.wikipedia.org/w/index.php?title=Akira_(1988_film)&oldid=1370851953,CC-BY-SA-4.0,2026-08-25,untranslated,true
built-in-film-television-clue-0018,built-in-film-television,Film and Television Pack,built-in-film-television-set-004,board,round-one,3,easy,world-cinema,Neo-Tokyo Cataclysm,,Who shares the production credit on the 1988 Akira film with Shunzō Katō?,,Ryōhei Suzuki,,Ryohei Suzuki,,Ryōhei Suzuki and Shunzō Katō produced the film.,,Akira (1988 film) — Wikipedia permanent revision 1370851953,https://en.wikipedia.org/w/index.php?title=Akira_(1988_film)&oldid=1370851953,CC-BY-SA-4.0,2026-08-25,untranslated,true
built-in-film-television-clue-0019,built-in-film-television,Film and Television Pack,built-in-film-television-set-004,board,round-one,4,easy,world-cinema,Neo-Tokyo Cataclysm,,Who co-wrote the 1988 Akira screenplay with director Katsuhiro Otomo?,,Izo Hashimoto,,,,Izo Hashimoto and Katsuhiro Otomo adapted Otomo’s manga for the 1988 feature screenplay.,,Akira (1988 film) — Wikipedia permanent revision 1370851953,https://en.wikipedia.org/w/index.php?title=Akira_(1988_film)&oldid=1370851953,CC-BY-SA-4.0,2026-08-25,untranslated,true
built-in-film-television-clue-0020,built-in-film-television,Film and Television Pack,built-in-film-television-set-004,board,round-one,5,easy,world-cinema,Neo-Tokyo Cataclysm,,"After extensive trimming, how long was Akira’s final storyboard?",,738 pages,,,,The completed storyboard ran to 738 pages.,,Akira (1988 film) — Wikipedia permanent revision 1370851953,https://en.wikipedia.org/w/index.php?title=Akira_(1988_film)&oldid=1370851953,CC-BY-SA-4.0,2026-08-25,untranslated,true
built-in-film-television-clue-0021,built-in-film-television,Film and Television Pack,built-in-film-television-set-005,board,round-one,1,hard,world-cinema,Spaghetti Western Ensemble,,"In which country were many outdoor scenes for The Good, the Bad and the Ugly shot?",,Spain,,,,"The production used Spanish locations, including the Tabernas desert.",,"The Good, the Bad and the Ugly — Wikipedia permanent revision 1370768826",https://en.wikipedia.org/w/index.php?title=The_Good%2C_the_Bad_and_the_Ugly&oldid=1370768826,CC-BY-SA-4.0,2026-08-25,untranslated,true
built-in-film-television-clue-0022,built-in-film-television,Film and Television Pack,built-in-film-television-set-005,board,round-one,2,hard,world-cinema,Spaghetti Western Ensemble,,"Who produced The Good, the Bad and the Ugly?",,Alberto Grimaldi,,,,"Alberto Grimaldi produced The Good, the Bad and the Ugly.",,"The Good, the Bad and the Ugly — Wikipedia permanent revision 1370768826",https://en.wikipedia.org/w/index.php?title=The_Good%2C_the_Bad_and_the_Ugly&oldid=1370768826,CC-BY-SA-4.0,2026-08-25,untranslated,true
built-in-film-television-clue-0023,built-in-film-television,Film and Television Pack,built-in-film-television-set-005,board,round-one,3,hard,world-cinema,Spaghetti Western Ensemble,,"Who shares The Good, the Bad and the Ugly’s story credit with Sergio Leone?",,Luciano Vincenzoni,,,,Luciano Vincenzoni and Sergio Leone receive the story credit.,,"The Good, the Bad and the Ugly — Wikipedia permanent revision 1370768826",https://en.wikipedia.org/w/index.php?title=The_Good%2C_the_Bad_and_the_Ugly&oldid=1370768826,CC-BY-SA-4.0,2026-08-25,untranslated,true
built-in-film-television-clue-0024,built-in-film-television,Film and Television Pack,built-in-film-television-set-005,board,round-one,4,hard,world-cinema,Spaghetti Western Ensemble,,"How many times did The Good, the Bad and the Ugly film its bridge explosion after the first blast destroyed all three cameras?",,twice,,two times,,The bridge explosion had to be filmed twice.,,"The Good, the Bad and the Ugly — Wikipedia permanent revision 1370768826",https://en.wikipedia.org/w/index.php?title=The_Good%2C_the_Bad_and_the_Ugly&oldid=1370768826,CC-BY-SA-4.0,2026-08-25,untranslated,true
built-in-film-television-clue-0025,built-in-film-television,Film and Television Pack,built-in-film-television-set-005,board,round-one,5,hard,world-cinema,Spaghetti Western Ensemble,,Name the three actors who play the title trio in this Italian-made Western.,,"Clint Eastwood, Eli Wallach, and Lee Van Cleef",,"Clint Eastwood, Eli Wallach and Lee Van Cleef;Lee Van Cleef, Eli Wallach and Clint Eastwood;Clint Eastwood, Lee Van Cleef, and Eli Wallach;Eli Wallach, Clint Eastwood, and Lee Van Cleef;Eli Wallach, Lee Van Cleef, and Clint Eastwood;Lee Van Cleef, Clint Eastwood, and Eli Wallach",,"Clint Eastwood, Eli Wallach, and Lee Van Cleef portray Blondie, Tuco, and Angel Eyes.",,"The Good, the Bad and the Ugly — Wikipedia permanent revision 1370768826",https://en.wikipedia.org/w/index.php?title=The_Good%2C_the_Bad_and_the_Ugly&oldid=1370768826,CC-BY-SA-4.0,2026-08-25,untranslated,true
built-in-film-television-clue-0026,built-in-film-television,Film and Television Pack,built-in-film-television-set-006,board,round-one,1,medium,world-cinema,Mod Cinema Leads,,Which 1973 rock opera by the Who became a British feature film in 1979?,,Quadrophenia,,,,The film adapts the Who’s Quadrophenia.,,Quadrophenia (film) — Wikipedia permanent revision 1364019282,https://en.wikipedia.org/w/index.php?title=Quadrophenia_(film)&oldid=1364019282,CC-BY-SA-4.0,2026-08-25,untranslated,true
built-in-film-television-clue-0027,built-in-film-television,Film and Television Pack,built-in-film-television-set-006,board,round-one,2,medium,world-cinema,Mod Cinema Leads,,This is the name of Phil Daniels’s mod protagonist in the 1979 British film Quadrophenia.,,Jimmy Cooper,,,,Phil Daniels stars as Jimmy Cooper.,,Quadrophenia (film) — Wikipedia permanent revision 1364019282,https://en.wikipedia.org/w/index.php?title=Quadrophenia_(film)&oldid=1364019282,CC-BY-SA-4.0,2026-08-25,untranslated,true
built-in-film-television-clue-0028,built-in-film-television,Film and Television Pack,built-in-film-television-set-006,board,round-one,3,medium,world-cinema,Mod Cinema Leads,,Who co-produced Quadrophenia with Roy Baird?,,Bill Curbishley,,,,Bill Curbishley shares the two-person producer credit with Roy Baird.,,Quadrophenia (film) — Wikipedia permanent revision 1364019282,https://en.wikipedia.org/w/index.php?title=Quadrophenia_(film)&oldid=1364019282,CC-BY-SA-4.0,2026-08-25,untranslated,true
built-in-film-television-clue-0029,built-in-film-television,Film and Television Pack,built-in-film-television-set-006,board,round-one,4,medium,world-cinema,Mod Cinema Leads,,"At which festival was Quadrophenia first shown on May 14, 1979?",,Cannes Film Festival,,Cannes,,Quadrophenia’s first showing took place at the Cannes Film Festival.,,Quadrophenia (film) — Wikipedia permanent revision 1364019282,https://en.wikipedia.org/w/index.php?title=Quadrophenia_(film)&oldid=1364019282,CC-BY-SA-4.0,2026-08-25,untranslated,true
built-in-film-television-clue-0030,built-in-film-television,Film and Television Pack,built-in-film-television-set-006,board,round-one,5,medium,world-cinema,Mod Cinema Leads,,How many scenes in Quadrophenia were shot in a studio rather than on location?,,one scene,,1 scene,,Only one scene was filmed in a studio.,,Quadrophenia (film) — Wikipedia permanent revision 1364019282,https://en.wikipedia.org/w/index.php?title=Quadrophenia_(film)&oldid=1364019282,CC-BY-SA-4.0,2026-08-25,untranslated,true
built-in-film-television-clue-0031,built-in-film-television,Film and Television Pack,built-in-film-television-set-007,board,round-one,1,medium,world-cinema,Canadian Grindhouse Goals,,Which Blade Runner actor plays the title vigilante in Hobo with a Shotgun?,,Rutger Hauer,,,,Rutger Hauer plays the shotgun-carrying drifter.,,Hobo with a Shotgun — Wikipedia permanent revision 1370872039,https://en.wikipedia.org/w/index.php?title=Hobo_with_a_Shotgun&oldid=1370872039,CC-BY-SA-4.0,2026-08-25,untranslated,true
built-in-film-television-clue-0032,built-in-film-television,Film and Television Pack,built-in-film-television-set-007,board,round-one,2,medium,world-cinema,Canadian Grindhouse Goals,,"In Hobo with a Shotgun, what yard tool does the title vigilante initially hope to buy so he can earn money?",,a lawnmower,,,,The hobo initially wants a lawnmower so he can earn money.,,Hobo with a Shotgun — Wikipedia permanent revision 1370872039,https://en.wikipedia.org/w/index.php?title=Hobo_with_a_Shotgun&oldid=1370872039,CC-BY-SA-4.0,2026-08-25,untranslated,true
built-in-film-television-clue-0033,built-in-film-television,Film and Television Pack,built-in-film-television-set-007,board,round-one,3,medium,world-cinema,Canadian Grindhouse Goals,,Who co-produced Hobo with a Shotgun with Rob Cotterill and Paul Gross?,,Niv Fichman,,,,Niv Fichman shares the production credit with Cotterill and Gross.,,Hobo with a Shotgun — Wikipedia permanent revision 1370872039,https://en.wikipedia.org/w/index.php?title=Hobo_with_a_Shotgun&oldid=1370872039,CC-BY-SA-4.0,2026-08-25,untranslated,true
built-in-film-television-clue-0034,built-in-film-television,Film and Television Pack,built-in-film-television-set-007,board,round-one,4,medium,world-cinema,Canadian Grindhouse Goals,,At which festival did Hobo with a Shotgun have its world premiere?,,2011 Sundance Film Festival,,Sundance Film Festival;Sundance,,The feature premiered at the 2011 Sundance Film Festival.,,Hobo with a Shotgun — Wikipedia permanent revision 1370872039,https://en.wikipedia.org/w/index.php?title=Hobo_with_a_Shotgun&oldid=1370872039,CC-BY-SA-4.0,2026-08-25,untranslated,true
built-in-film-television-clue-0035,built-in-film-television,Film and Television Pack,built-in-film-television-set-007,board,round-one,5,medium,world-cinema,Canadian Grindhouse Goals,,"Which film was the first Grindhouse fake trailer expanded into a feature, before Hobo with a Shotgun?",,Machete,,,,Machete was the first such fake trailer adapted into a feature.,,Hobo with a Shotgun — Wikipedia permanent revision 1370872039,https://en.wikipedia.org/w/index.php?title=Hobo_with_a_Shotgun&oldid=1370872039,CC-BY-SA-4.0,2026-08-25,untranslated,true
built-in-film-television-clue-0036,built-in-film-television,Film and Television Pack,built-in-film-television-set-008,board,round-one,1,medium,world-cinema,Cult Musical Story and Craft,,Susan Sarandon contracted pneumonia while making this 1975 cult musical.,,The Rocky Horror Picture Show,,,,"Sarandon became ill during the film’s cold, wet production.",,The Rocky Horror Picture Show — Wikipedia permanent revision 1370982062,https://en.wikipedia.org/w/index.php?title=The_Rocky_Horror_Picture_Show&oldid=1370982062,CC-BY-SA-4.0,2026-08-25,untranslated,true
built-in-film-television-clue-0037,built-in-film-television,Film and Television Pack,built-in-film-television-set-008,board,round-one,2,medium,world-cinema,Cult Musical Story and Craft,,Which record producer helped produce the 1975 cult musical featuring Brad and Janet?,,Lou Adler,,,,Lou Adler shares the film’s production credit with Michael White.,,The Rocky Horror Picture Show — Wikipedia permanent revision 1370982062,https://en.wikipedia.org/w/index.php?title=The_Rocky_Horror_Picture_Show&oldid=1370982062,CC-BY-SA-4.0,2026-08-25,untranslated,true
built-in-film-television-clue-0038,built-in-film-television,Film and Television Pack,built-in-film-television-set-008,board,round-one,3,medium,world-cinema,Cult Musical Story and Craft,,Who photographed the 1975 cult musical featuring Brad and Janet?,,Peter Suschitzky,,,,Peter Suschitzky was the cinematographer.,,The Rocky Horror Picture Show — Wikipedia permanent revision 1370982062,https://en.wikipedia.org/w/index.php?title=The_Rocky_Horror_Picture_Show&oldid=1370982062,CC-BY-SA-4.0,2026-08-25,untranslated,true
built-in-film-television-clue-0039,built-in-film-television,Film and Television Pack,built-in-film-television-set-008,board,round-one,4,medium,world-cinema,Cult Musical Story and Craft,,Which Berkshire country house served as a filming location for The Rocky Horror Picture Show?,,Oakley Court,,,,The production filmed at Oakley Court near Maidenhead.,,The Rocky Horror Picture Show — Wikipedia permanent revision 1370982062,https://en.wikipedia.org/w/index.php?title=The_Rocky_Horror_Picture_Show&oldid=1370982062,CC-BY-SA-4.0,2026-08-25,untranslated,true
built-in-film-television-clue-0040,built-in-film-television,Film and Television Pack,built-in-film-television-set-008,board,round-one,5,medium,world-cinema,Cult Musical Story and Craft,,Which former makeup artist for Mick Jagger and David Bowie redesigned The Rocky Horror Picture Show's character makeup?,,Pierre La Roche,,,,Pierre La Roche redesigned the makeup for the film’s characters.,,The Rocky Horror Picture Show — Wikipedia permanent revision 1370982062,https://en.wikipedia.org/w/index.php?title=The_Rocky_Horror_Picture_Show&oldid=1370982062,CC-BY-SA-4.0,2026-08-25,untranslated,true
built-in-film-television-clue-0041,built-in-film-television,Film and Television Pack,built-in-film-television-set-009,board,round-one,1,medium,world-cinema,Eighties Mecha Debuts,,Which 1982 Japanese mecha series follows civilians and soldiers aboard a rebuilt alien fortress that folds into deep space?,,The Super Dimension Fortress Macross,,Macross,,The Super Dimension Fortress Macross premiered in Japan in October 1982.,,Super Dimension Fortress Macross — Wikipedia permanent revision 1364466556,https://en.wikipedia.org/w/index.php?title=Super_Dimension_Fortress_Macross&oldid=1364466556,CC-BY-SA-4.0,2026-08-25,untranslated,true
built-in-film-television-clue-0042,built-in-film-television,Film and Television Pack,built-in-film-television-set-009,board,round-one,2,medium,world-cinema,Eighties Mecha Debuts,,Who directed Super Dimension Fortress Macross?,,Noboru Ishiguro,,,,Noboru Ishiguro directed the television series that began its Japanese run in 1982.,,Super Dimension Fortress Macross — Wikipedia permanent revision 1364466556,https://en.wikipedia.org/w/index.php?title=Super_Dimension_Fortress_Macross&oldid=1364466556,CC-BY-SA-4.0,2026-08-25,untranslated,true
built-in-film-television-clue-0043,built-in-film-television,Film and Television Pack,built-in-film-television-set-009,board,round-one,3,medium,world-cinema,Eighties Mecha Debuts,,Macross pairs mecha and romance with which third genre label?,,Military sci-fi,,,,Military sci-fi completes the three-genre classification.,,Super Dimension Fortress Macross — Wikipedia permanent revision 1364466556,https://en.wikipedia.org/w/index.php?title=Super_Dimension_Fortress_Macross&oldid=1364466556,CC-BY-SA-4.0,2026-08-25,untranslated,true
built-in-film-television-clue-0044,built-in-film-television,Film and Television Pack,built-in-film-television-set-009,board,round-one,4,medium,world-cinema,Eighties Mecha Debuts,,Which creative group made Super Dimension Fortress Macross with cooperation from Artland?,,Studio Nue,,,,"Studio Nue holds the creation credit, with Artland credited for cooperation.",,Super Dimension Fortress Macross — Wikipedia permanent revision 1364466556,https://en.wikipedia.org/w/index.php?title=Super_Dimension_Fortress_Macross&oldid=1364466556,CC-BY-SA-4.0,2026-08-25,untranslated,true
built-in-film-television-clue-0045,built-in-film-television,Film and Television Pack,built-in-film-television-set-009,board,round-one,5,medium,world-cinema,Eighties Mecha Debuts,,Who developed Super Dimension Fortress Macross for television?,,Kenichi Matsuzaki,,,,Kenichi Matsuzaki holds the development credit.,,Super Dimension Fortress Macross — Wikipedia permanent revision 1364466556,https://en.wikipedia.org/w/index.php?title=Super_Dimension_Fortress_Macross&oldid=1364466556,CC-BY-SA-4.0,2026-08-25,untranslated,true
built-in-film-television-clue-0046,built-in-film-television,Film and Television Pack,built-in-film-television-set-010,board,round-one,1,medium,world-cinema,Beyond the Sea: Life and Production,,Kevin Spacey portrays this American singer in the international co-production Beyond the Sea.,,Bobby Darin,,,,The biographical film follows Bobby Darin.,,Beyond the Sea (2004 film) — Wikipedia permanent revision 1367626860,https://en.wikipedia.org/w/index.php?title=Beyond_the_Sea_(2004_film)&oldid=1367626860,CC-BY-SA-4.0,2026-08-25,untranslated,true
built-in-film-television-clue-0047,built-in-film-television,Film and Television Pack,built-in-film-television-set-010,board,round-one,2,medium,world-cinema,Beyond the Sea: Life and Production,,Which actor portrays Sandra Dee opposite Kevin Spacey’s Bobby Darin in Beyond the Sea?,,Kate Bosworth,,,,Kate Bosworth plays Sandra Dee.,,Beyond the Sea (2004 film) — Wikipedia permanent revision 1367626860,https://en.wikipedia.org/w/index.php?title=Beyond_the_Sea_(2004_film)&oldid=1367626860,CC-BY-SA-4.0,2026-08-25,untranslated,true
built-in-film-television-clue-0048,built-in-film-television,Film and Television Pack,built-in-film-television-set-010,board,round-one,3,medium,world-cinema,Beyond the Sea: Life and Production,,Which longtime Kevin Spacey producing partner helped produce Beyond the Sea?,,Dana Brunetti,,,,Dana Brunetti is among the film’s credited producers.,,Beyond the Sea (2004 film) — Wikipedia permanent revision 1367626860,https://en.wikipedia.org/w/index.php?title=Beyond_the_Sea_(2004_film)&oldid=1367626860,CC-BY-SA-4.0,2026-08-25,untranslated,true
built-in-film-television-clue-0049,built-in-film-television,Film and Television Pack,built-in-film-television-set-010,board,round-one,4,medium,world-cinema,Beyond the Sea: Life and Production,,What percentage of Beyond the Sea was shot on sound stages?,,80 percent,,80%,,Eighty percent of the production was filmed on sound stages.,,Beyond the Sea (2004 film) — Wikipedia permanent revision 1367626860,https://en.wikipedia.org/w/index.php?title=Beyond_the_Sea_(2004_film)&oldid=1367626860,CC-BY-SA-4.0,2026-08-25,untranslated,true
built-in-film-television-clue-0050,built-in-film-television,Film and Television Pack,built-in-film-television-set-010,board,round-one,5,medium,world-cinema,Beyond the Sea: Life and Production,,How large was the band on Kevin Spacey’s concert tour promoting Beyond the Sea?,,19-piece band,,19 musicians,,Spacey performed the Bobby Darin program with a 19-piece band.,,Beyond the Sea (2004 film) — Wikipedia permanent revision 1367626860,https://en.wikipedia.org/w/index.php?title=Beyond_the_Sea_(2004_film)&oldid=1367626860,CC-BY-SA-4.0,2026-08-25,untranslated,true
built-in-film-television-clue-0051,built-in-film-television,Film and Television Pack,built-in-film-television-set-011,board,round-one,1,easy,directors,Avengers: Endgame Making and Legacy,,This directing duo guided Avengers: Endgame.,,Russo brothers,,Anthony and Joe Russo;Joe and Anthony Russo;The Russo Brothers,,Anthony and Joe Russo directed the 2019 film.,,Avengers: Endgame — Wikipedia permanent revision 1369866199,https://en.wikipedia.org/w/index.php?title=Avengers%3A_Endgame&oldid=1369866199,CC-BY-SA-4.0,2026-08-25,untranslated,true
built-in-film-television-clue-0052,built-in-film-television,Film and Television Pack,built-in-film-television-set-011,board,round-one,2,easy,directors,Avengers: Endgame Making and Legacy,,Who produced Avengers: Endgame for Marvel Studios?,,Kevin Feige,,,,Kevin Feige holds the producer credit for Marvel Studios’ 2019 ensemble film.,,Avengers: Endgame — Wikipedia permanent revision 1369866199,https://en.wikipedia.org/w/index.php?title=Avengers%3A_Endgame&oldid=1369866199,CC-BY-SA-4.0,2026-08-25,untranslated,true
built-in-film-television-clue-0053,built-in-film-television,Film and Television Pack,built-in-film-television-set-011,board,round-one,3,easy,directors,Avengers: Endgame Making and Legacy,,"Who plays Tony Stark, also known as Iron Man, in Avengers: Endgame?",,Robert Downey Jr.,,,,Robert Downey Jr. leads the listed ensemble.,,Avengers: Endgame — Wikipedia permanent revision 1369866199,https://en.wikipedia.org/w/index.php?title=Avengers%3A_Endgame&oldid=1369866199,CC-BY-SA-4.0,2026-08-25,untranslated,true
built-in-film-television-clue-0054,built-in-film-television,Film and Television Pack,built-in-film-television-set-011,board,round-one,4,easy,directors,Avengers: Endgame Making and Legacy,,Which Agent Carter character made the MCU’s first jump from television into a film in Avengers: Endgame?,,Edwin Jarvis,,Jarvis,,Edwin Jarvis became the first MCU character introduced on television to appear in a film.,,Avengers: Endgame — Wikipedia permanent revision 1369866199,https://en.wikipedia.org/w/index.php?title=Avengers%3A_Endgame&oldid=1369866199,CC-BY-SA-4.0,2026-08-25,untranslated,true
built-in-film-television-clue-0055,built-in-film-television,Film and Television Pack,built-in-film-television-set-011,board,round-one,5,easy,directors,Avengers: Endgame Making and Legacy,,Which digital camera system filmed Avengers: Endgame and Infinity War entirely in IMAX format?,,ARRI Alexa IMAX 2D cameras,,Alexa IMAX cameras,,Both productions used ARRI Alexa IMAX 2D cameras throughout.,,Avengers: Endgame — Wikipedia permanent revision 1369866199,https://en.wikipedia.org/w/index.php?title=Avengers%3A_Endgame&oldid=1369866199,CC-BY-SA-4.0,2026-08-25,untranslated,true
built-in-film-television-clue-0056,built-in-film-television,Film and Television Pack,built-in-film-television-set-012,board,round-one,1,medium,directors,Space-Horror Direction,,This British filmmaker directed Alien.,,Ridley Scott,,,,Ridley Scott directed the 1979 science-fiction horror film.,,Alien (film) — Wikipedia permanent revision 1370726046,https://en.wikipedia.org/w/index.php?title=Alien_(film)&oldid=1370726046,CC-BY-SA-4.0,2026-08-25,untranslated,true
built-in-film-television-clue-0057,built-in-film-television,Film and Television Pack,built-in-film-television-set-012,board,round-one,2,medium,directors,Space-Horror Direction,,Which actor plays Nostromo captain Dallas in Alien?,,Tom Skerritt,,,,Tom Skerritt portrays Dallas in Ridley Scott's Alien.,,Alien (film) — Wikipedia permanent revision 1370726046,https://en.wikipedia.org/w/index.php?title=Alien_(film)&oldid=1370726046,CC-BY-SA-4.0,2026-08-25,untranslated,true
built-in-film-television-clue-0058,built-in-film-television,Film and Television Pack,built-in-film-television-set-012,board,round-one,3,medium,directors,Space-Horror Direction,,What compact pitch did Alien’s writers use when presenting the screenplay to studios?,,Jaws in space,,,,They summarized the project as “Jaws in space.”,,Alien (film) — Wikipedia permanent revision 1370726046,https://en.wikipedia.org/w/index.php?title=Alien_(film)&oldid=1370726046,CC-BY-SA-4.0,2026-08-25,untranslated,true
built-in-film-television-clue-0059,built-in-film-television,Film and Television Pack,built-in-film-television-set-012,board,round-one,4,medium,directors,Space-Horror Direction,,Who produced Alien with David Giler and Walter Hill?,,Gordon Carroll,,,,Gordon Carroll shares the production credit with Giler and Hill.,,Alien (film) — Wikipedia permanent revision 1370726046,https://en.wikipedia.org/w/index.php?title=Alien_(film)&oldid=1370726046,CC-BY-SA-4.0,2026-08-25,untranslated,true
built-in-film-television-clue-0060,built-in-film-television,Film and Television Pack,built-in-film-television-set-012,board,round-one,5,medium,directors,Space-Horror Direction,,Which Alien performer won a Saturn Award for Best Supporting Actress?,,Veronica Cartwright,,,,Veronica Cartwright received the Saturn Award for her performance as Lambert.,,Alien (film) — Wikipedia permanent revision 1370726046,https://en.wikipedia.org/w/index.php?title=Alien_(film)&oldid=1370726046,CC-BY-SA-4.0,2026-08-25,untranslated,true
built-in-film-television-clue-0061,built-in-film-television,Film and Television Pack,built-in-film-television-set-013,board,round-one,1,easy,directors,Frontier Auteur Credits,,This Mexican filmmaker directed The Revenant.,,Alejandro G. Iñárritu,,Alejandro González Iñárritu;Alejandro Inarritu,,Alejandro G. Iñárritu directed and co-wrote the 2015 film.,,The Revenant (2015 film) — Wikipedia permanent revision 1369233874,https://en.wikipedia.org/w/index.php?title=The_Revenant_(2015_film)&oldid=1369233874,CC-BY-SA-4.0,2026-08-25,untranslated,true
built-in-film-television-clue-0062,built-in-film-television,Film and Television Pack,built-in-film-television-set-013,board,round-one,2,easy,directors,Frontier Auteur Credits,,Which actor portrays frontiersman Hugh Glass in The Revenant?,,Leonardo DiCaprio,,,,Leonardo DiCaprio plays Hugh Glass.,,The Revenant (2015 film) — Wikipedia permanent revision 1369233874,https://en.wikipedia.org/w/index.php?title=The_Revenant_(2015_film)&oldid=1369233874,CC-BY-SA-4.0,2026-08-25,untranslated,true
built-in-film-television-clue-0063,built-in-film-television,Film and Television Pack,built-in-film-television-set-013,board,round-one,3,easy,directors,Frontier Auteur Credits,,"Which producer is credited on The Revenant alongside Steve Golin, Alejandro G. Iñárritu, Mary Parent, Keith Redmon, and James W. Skotchdopole?",,Arnon Milchan,,,,Arnon Milchan completes the film’s six-person producer credit.,,The Revenant (2015 film) — Wikipedia permanent revision 1369233874,https://en.wikipedia.org/w/index.php?title=The_Revenant_(2015_film)&oldid=1369233874,CC-BY-SA-4.0,2026-08-25,untranslated,true
built-in-film-television-clue-0064,built-in-film-television,Film and Television Pack,built-in-film-television-set-013,board,round-one,4,easy,directors,Frontier Auteur Credits,,Where were The Revenant’s waterfall scenes filmed?,,Kootenai Falls,,,,"The waterfall sequence used Kootenai Falls near Libby, Montana.",,The Revenant (2015 film) — Wikipedia permanent revision 1369233874,https://en.wikipedia.org/w/index.php?title=The_Revenant_(2015_film)&oldid=1369233874,CC-BY-SA-4.0,2026-08-25,untranslated,true
built-in-film-television-clue-0065,built-in-film-television,Film and Television Pack,built-in-film-television-set-013,board,round-one,5,easy,directors,Frontier Auteur Credits,,For which Academy Award category was The Revenant’s multi-composer score ruled ineligible?,,Best Original Score,,,,The score was deemed ineligible for Best Original Score because it drew on more than one composer.,,The Revenant (2015 film) — Wikipedia permanent revision 1369233874,https://en.wikipedia.org/w/index.php?title=The_Revenant_(2015_film)&oldid=1369233874,CC-BY-SA-4.0,2026-08-25,untranslated,true
built-in-film-television-clue-0066,built-in-film-television,Film and Television Pack,built-in-film-television-set-014,board,round-one,1,easy,directors,Two-Part Revenge Cinema,,This filmmaker directed both Kill Bill volumes.,,Quentin Tarantino,,,,Quentin Tarantino wrote and directed the two-part martial-arts story.,,Kill Bill: Volume 1 — Wikipedia permanent revision 1370249952,https://en.wikipedia.org/w/index.php?title=Kill_Bill%3A_Volume_1&oldid=1370249952,CC-BY-SA-4.0,2026-08-25,untranslated,true
built-in-film-television-clue-0067,built-in-film-television,Film and Television Pack,built-in-film-television-set-014,board,round-one,2,easy,directors,Two-Part Revenge Cinema,,During production of which earlier film did Quentin Tarantino and Uma Thurman conceive the Bride?,,Pulp Fiction,,,,They developed the Bride character while making Pulp Fiction.,,Kill Bill: Volume 1 — Wikipedia permanent revision 1370249952,https://en.wikipedia.org/w/index.php?title=Kill_Bill%3A_Volume_1&oldid=1370249952,CC-BY-SA-4.0,2026-08-25,untranslated,true
built-in-film-television-clue-0068,built-in-film-television,Film and Television Pack,built-in-film-television-set-014,board,round-one,3,easy,directors,Two-Part Revenge Cinema,,Who served as cinematographer on Kill Bill: Volume 1?,,Robert Richardson,,,,Robert Richardson photographed Kill Bill: Volume 1.,,Kill Bill: Volume 1 — Wikipedia permanent revision 1370249952,https://en.wikipedia.org/w/index.php?title=Kill_Bill%3A_Volume_1&oldid=1370249952,CC-BY-SA-4.0,2026-08-25,untranslated,true
built-in-film-television-clue-0069,built-in-film-television,Film and Television Pack,built-in-film-television-set-014,board,round-one,4,easy,directors,Two-Part Revenge Cinema,,"In The Bride Wore Black, how many gang members does its vengeful bride pursue?",,five gang members,,five,,That 1968 film sends its bride after five gang members.,,Kill Bill: Volume 1 — Wikipedia permanent revision 1370249952,https://en.wikipedia.org/w/index.php?title=Kill_Bill%3A_Volume_1&oldid=1370249952,CC-BY-SA-4.0,2026-08-25,untranslated,true
built-in-film-television-clue-0070,built-in-film-television,Film and Television Pack,built-in-film-television-set-014,board,round-one,5,easy,directors,Two-Part Revenge Cinema,,Who edited Kill Bill: Volume 1?,,Sally Menke,,,,Sally Menke edited the first volume of Quentin Tarantino’s two-part revenge story.,,Kill Bill: Volume 1 — Wikipedia permanent revision 1370249952,https://en.wikipedia.org/w/index.php?title=Kill_Bill%3A_Volume_1&oldid=1370249952,CC-BY-SA-4.0,2026-08-25,untranslated,true
built-in-film-television-clue-0071,built-in-film-television,Film and Television Pack,built-in-film-television-set-015,board,round-one,1,medium,directors,Cold-War Satire on Screen,,"Which actor performs three roles in Dr. Strangelove, including Merkin Muffley, Lionel Mandrake, and the title character?",,Peter Sellers,,,,"Peter Sellers plays Muffley, Mandrake, and Dr. Strangelove.",,Dr. Strangelove — Wikipedia permanent revision 1370622993,https://en.wikipedia.org/w/index.php?title=Dr._Strangelove&oldid=1370622993,CC-BY-SA-4.0,2026-08-25,untranslated,true
built-in-film-television-clue-0072,built-in-film-television,Film and Television Pack,built-in-film-television-set-015,board,round-one,2,medium,directors,Cold-War Satire on Screen,,True or false: Dr. Strangelove was first planned to end with a pie fight in the War Room.,,True,,,,Stanley Kubrick filmed but discarded the pie-fight ending.,,Dr. Strangelove — Wikipedia permanent revision 1370622993,https://en.wikipedia.org/w/index.php?title=Dr._Strangelove&oldid=1370622993,CC-BY-SA-4.0,2026-08-25,untranslated,true
built-in-film-television-clue-0073,built-in-film-television,Film and Television Pack,built-in-film-television-set-015,board,round-one,3,medium,directors,Cold-War Satire on Screen,,Who replaced Peter Sellers as Major Kong in Dr. Strangelove after Sellers was injured?,,Slim Pickens,,,,Western actor Slim Pickens took over the role of Major Kong.,,Dr. Strangelove — Wikipedia permanent revision 1370622993,https://en.wikipedia.org/w/index.php?title=Dr._Strangelove&oldid=1370622993,CC-BY-SA-4.0,2026-08-25,untranslated,true
built-in-film-television-clue-0074,built-in-film-television,Film and Television Pack,built-in-film-television-set-015,board,round-one,4,medium,directors,Cold-War Satire on Screen,,Which Peter George novel supplied the source material for Dr. Strangelove?,,Red Alert,,,,Dr. Strangelove is based on the novel Red Alert.,,Dr. Strangelove — Wikipedia permanent revision 1370622993,https://en.wikipedia.org/w/index.php?title=Dr._Strangelove&oldid=1370622993,CC-BY-SA-4.0,2026-08-25,untranslated,true
built-in-film-television-clue-0075,built-in-film-television,Film and Television Pack,built-in-film-television-set-015,board,round-one,5,medium,directors,Cold-War Satire on Screen,,Which similarly plotted thriller worried Stanley Kubrick because it might reach theaters before Dr. Strangelove?,,Fail Safe,,,,Kubrick feared that Fail Safe could damage his film’s box-office prospects.,,Dr. Strangelove — Wikipedia permanent revision 1370622993,https://en.wikipedia.org/w/index.php?title=Dr._Strangelove&oldid=1370622993,CC-BY-SA-4.0,2026-08-25,untranslated,true
built-in-film-television-clue-0076,built-in-film-television,Film and Television Pack,built-in-film-television-set-016,board,round-one,1,hard,directors,Franchise Director Changes,,Cube (film series) made its debut in which year?,,1997,,,,Its initial release came in 1997.,,Cube (film series) — Wikipedia permanent revision 1357879643,https://en.wikipedia.org/w/index.php?title=Cube_(film_series)&oldid=1357879643,CC-BY-SA-4.0,2026-08-25,untranslated,true
built-in-film-television-clue-0077,built-in-film-television,Film and Television Pack,built-in-film-television-set-016,board,round-one,2,hard,directors,Franchise Director Changes,,"Who directed the original 1997 Cube, before other filmmakers took over its sequels?",,Vincenzo Natali,,,,Vincenzo Natali directed the 1997 original; later Cube films had different directors.,,Cube (film series) — Wikipedia permanent revision 1357879643,https://en.wikipedia.org/w/index.php?title=Cube_(film_series)&oldid=1357879643,CC-BY-SA-4.0,2026-08-25,untranslated,true
built-in-film-television-clue-0078,built-in-film-television,Film and Television Pack,built-in-film-television-set-016,board,round-one,3,hard,directors,Franchise Director Changes,,Who co-wrote the original Cube with André Bijelic and Vincenzo Natali?,,Graeme Manson,,,,Graeme Manson shares the original film’s writing credit.,,Cube (film series) — Wikipedia permanent revision 1357879643,https://en.wikipedia.org/w/index.php?title=Cube_(film_series)&oldid=1357879643,CC-BY-SA-4.0,2026-08-25,untranslated,true
built-in-film-television-clue-0079,built-in-film-television,Film and Television Pack,built-in-film-television-set-016,board,round-one,4,hard,directors,Franchise Director Changes,,"Which company distributed the original 1997 Cube in Canada, while Trimark Pictures handled the United States?",,Cineplex Odeon Films,,,,Cineplex Odeon Films handled the Canadian release while Trimark Pictures distributed the film in the United States.,,Cube (film series) — Wikipedia permanent revision 1357879643,https://en.wikipedia.org/w/index.php?title=Cube_(film_series)&oldid=1357879643,CC-BY-SA-4.0,2026-08-25,untranslated,true
built-in-film-television-clue-0080,built-in-film-television,Film and Television Pack,built-in-film-television-set-016,board,round-one,5,hard,directors,Franchise Director Changes,,"True or false: one director made Cube, Cube 2: Hypercube, and Cube Zero.",,False,,,,The three installments had different directors.,,Cube (film series) — Wikipedia permanent revision 1357879643,https://en.wikipedia.org/w/index.php?title=Cube_(film_series)&oldid=1357879643,CC-BY-SA-4.0,2026-08-25,untranslated,true
built-in-film-television-clue-0081,built-in-film-television,Film and Television Pack,built-in-film-television-set-017,board,round-one,1,medium,directors,Avatar: Pandora and Production,,Which actor plays former Marine Jake Sully in Avatar?,,Sam Worthington,,,,Sam Worthington portrays Jake Sully.,,Avatar (2009 film) — Wikipedia permanent revision 1371043829,https://en.wikipedia.org/w/index.php?title=Avatar_(2009_film)&oldid=1371043829,CC-BY-SA-4.0,2026-08-25,untranslated,true
built-in-film-television-clue-0082,built-in-film-television,Film and Television Pack,built-in-film-television-set-017,board,round-one,2,medium,directors,Avatar: Pandora and Production,,Avatar initially surpassed this earlier James Cameron film as the worldwide box-office leader.,,Titanic,,,,Avatar overtook Titanic during its original theatrical run.,,Avatar (2009 film) — Wikipedia permanent revision 1371043829,https://en.wikipedia.org/w/index.php?title=Avatar_(2009_film)&oldid=1371043829,CC-BY-SA-4.0,2026-08-25,untranslated,true
built-in-film-television-clue-0083,built-in-film-television,Film and Television Pack,built-in-film-television-set-017,board,round-one,3,medium,directors,Avatar: Pandora and Production,,Which valuable mineral draws human colonists to Pandora in Avatar?,,unobtanium,,,,The colonists seek Pandora’s deposits of unobtanium.,,Avatar (2009 film) — Wikipedia permanent revision 1371043829,https://en.wikipedia.org/w/index.php?title=Avatar_(2009_film)&oldid=1371043829,CC-BY-SA-4.0,2026-08-25,untranslated,true
built-in-film-television-clue-0084,built-in-film-television,Film and Television Pack,built-in-film-television-set-017,board,round-one,4,medium,directors,Avatar: Pandora and Production,,Avatar was initially planned for release in which year before James Cameron decided the needed technology was unavailable?,,1999,,,,The intended 1999 release slipped by a decade; Avatar reached theaters in 2009.,,Avatar (2009 film) — Wikipedia permanent revision 1371043829,https://en.wikipedia.org/w/index.php?title=Avatar_(2009_film)&oldid=1371043829,CC-BY-SA-4.0,2026-08-25,untranslated,true
built-in-film-television-clue-0085,built-in-film-television,Film and Television Pack,built-in-film-television-set-017,board,round-one,5,medium,directors,Avatar: Pandora and Production,,Who served as cinematographer on Avatar (2009 film)?,,Mauro Fiore,,,,Mauro Fiore photographed Avatar (2009 film).,,Avatar (2009 film) — Wikipedia permanent revision 1371043829,https://en.wikipedia.org/w/index.php?title=Avatar_(2009_film)&oldid=1371043829,CC-BY-SA-4.0,2026-08-25,untranslated,true
built-in-film-television-clue-0086,built-in-film-television,Film and Television Pack,built-in-film-television-set-018,board,round-one,1,medium,actors,Wonka: Story and Production,,This actor played the title chocolatier in the 1971 film.,,Gene Wilder,,,,Gene Wilder portrayed Willy Wonka.,,Willy Wonka & the Chocolate Factory — Wikipedia permanent revision 1371055805,https://en.wikipedia.org/w/index.php?title=Willy_Wonka_%26_the_Chocolate_Factory&oldid=1371055805,CC-BY-SA-4.0,2026-08-25,untranslated,true
built-in-film-television-clue-0087,built-in-film-television,Film and Television Pack,built-in-film-television-set-018,board,round-one,2,medium,actors,Wonka: Story and Production,,Who co-produced Willy Wonka & the Chocolate Factory with Stan Margulies?,,David L. Wolper,,,,David L. Wolper shares the production credit with Margulies.,,Willy Wonka & the Chocolate Factory — Wikipedia permanent revision 1371055805,https://en.wikipedia.org/w/index.php?title=Willy_Wonka_%26_the_Chocolate_Factory&oldid=1371055805,CC-BY-SA-4.0,2026-08-25,untranslated,true
built-in-film-television-clue-0088,built-in-film-television,Film and Television Pack,built-in-film-television-set-018,board,round-one,3,medium,actors,Wonka: Story and Production,,In which German city was Willy Wonka & the Chocolate Factory filmed from August to November 1970?,,Munich,,,,The production filmed in Munich during 1970.,,Willy Wonka & the Chocolate Factory — Wikipedia permanent revision 1371055805,https://en.wikipedia.org/w/index.php?title=Willy_Wonka_%26_the_Chocolate_Factory&oldid=1371055805,CC-BY-SA-4.0,2026-08-25,untranslated,true
built-in-film-television-clue-0089,built-in-film-television,Film and Television Pack,built-in-film-television-set-018,board,round-one,4,medium,actors,Wonka: Story and Production,,Which Roald Dahl novel became Willy Wonka & the Chocolate Factory?,,Charlie and the Chocolate Factory,,,,The film adapts Charlie and the Chocolate Factory.,,Willy Wonka & the Chocolate Factory — Wikipedia permanent revision 1371055805,https://en.wikipedia.org/w/index.php?title=Willy_Wonka_%26_the_Chocolate_Factory&oldid=1371055805,CC-BY-SA-4.0,2026-08-25,untranslated,true
built-in-film-television-clue-0090,built-in-film-television,Film and Television Pack,built-in-film-television-set-018,board,round-one,5,medium,actors,Wonka: Story and Production,,What does Charlie Bucket find in a chocolate bar to win a factory visit?,,a Golden Ticket,,Golden Ticket,,Charlie’s Golden Ticket grants him entry to Willy Wonka’s factory.,,Willy Wonka & the Chocolate Factory — Wikipedia permanent revision 1371055805,https://en.wikipedia.org/w/index.php?title=Willy_Wonka_%26_the_Chocolate_Factory&oldid=1371055805,CC-BY-SA-4.0,2026-08-25,untranslated,true
built-in-film-television-clue-0091,built-in-film-television,Film and Television Pack,built-in-film-television-set-019,board,round-one,1,easy,actors,Escaped-Doctor Thriller: Story and Craft,,Which 1960s television drama inspired the 1993 Harrison Ford thriller about an escaped doctor?,,The Fugitive,,,,The 1993 film is based on the television series The Fugitive.,,The Fugitive (1993 film) — Wikipedia permanent revision 1368625482,https://en.wikipedia.org/w/index.php?title=The_Fugitive_(1993_film)&oldid=1368625482,CC-BY-SA-4.0,2026-08-25,untranslated,true
built-in-film-television-clue-0092,built-in-film-television,Film and Television Pack,built-in-film-television-set-019,board,round-one,2,easy,actors,Escaped-Doctor Thriller: Story and Craft,,This actor played Deputy U.S. Marshal Samuel Gerard in The Fugitive.,,Tommy Lee Jones,,,,Tommy Lee Jones portrayed Gerard and won an Academy Award for the role.,,The Fugitive (1993 film) — Wikipedia permanent revision 1368625482,https://en.wikipedia.org/w/index.php?title=The_Fugitive_(1993_film)&oldid=1368625482,CC-BY-SA-4.0,2026-08-25,untranslated,true
built-in-film-television-clue-0093,built-in-film-television,Film and Television Pack,built-in-film-television-set-019,board,round-one,3,easy,actors,Escaped-Doctor Thriller: Story and Craft,,Who holds the story credit for The Fugitive (1993 film)?,,David Twohy,,,,David Twohy receives the story credit.,,The Fugitive (1993 film) — Wikipedia permanent revision 1368625482,https://en.wikipedia.org/w/index.php?title=The_Fugitive_(1993_film)&oldid=1368625482,CC-BY-SA-4.0,2026-08-25,untranslated,true
built-in-film-television-clue-0094,built-in-film-television,Film and Television Pack,built-in-film-television-set-019,board,round-one,4,easy,actors,Escaped-Doctor Thriller: Story and Craft,,Where was much of The Fugitive’s rural-Illinois action actually filmed?,,"Jackson County, North Carolina",,Jackson County,,The production used Jackson County in the Great Smoky Mountains.,,The Fugitive (1993 film) — Wikipedia permanent revision 1368625482,https://en.wikipedia.org/w/index.php?title=The_Fugitive_(1993_film)&oldid=1368625482,CC-BY-SA-4.0,2026-08-25,untranslated,true
built-in-film-television-clue-0095,built-in-film-television,Film and Television Pack,built-in-film-television-set-019,board,round-one,5,easy,actors,Escaped-Doctor Thriller: Story and Craft,,During which 1993 span was The Fugitive filmed?,,February to mid-May 1993,,February–May 1993,,Principal filming ran from February until mid-May 1993.,,The Fugitive (1993 film) — Wikipedia permanent revision 1368625482,https://en.wikipedia.org/w/index.php?title=The_Fugitive_(1993_film)&oldid=1368625482,CC-BY-SA-4.0,2026-08-25,untranslated,true
built-in-film-television-clue-0096,built-in-film-television,Film and Television Pack,built-in-film-television-set-020,board,round-one,1,easy,actors,Pulp Fiction: Structure and Production,,Which actor plays hitman Vincent Vega in Pulp Fiction?,,John Travolta,,,,John Travolta portrays Vincent Vega.,,Pulp Fiction — Wikipedia permanent revision 1370760138,https://en.wikipedia.org/w/index.php?title=Pulp_Fiction&oldid=1370760138,CC-BY-SA-4.0,2026-08-25,untranslated,true
built-in-film-television-clue-0097,built-in-film-television,Film and Television Pack,built-in-film-television-set-020,board,round-one,2,easy,actors,Pulp Fiction: Structure and Production,,This actress shares the famous twist-contest scene with John Travolta in Pulp Fiction.,,Uma Thurman,,,,Uma Thurman plays Mia Wallace.,,Pulp Fiction — Wikipedia permanent revision 1370760138,https://en.wikipedia.org/w/index.php?title=Pulp_Fiction&oldid=1370760138,CC-BY-SA-4.0,2026-08-25,untranslated,true
built-in-film-television-clue-0098,built-in-film-television,Film and Television Pack,built-in-film-television-set-020,board,round-one,3,easy,actors,Pulp Fiction: Structure and Production,,What narrative structure lets Pulp Fiction’s plot lines intersect out of chronological order?,,a nonlinear narrative,,nonlinear storytelling,,The film arranges its intersecting stories as a nonlinear narrative.,,Pulp Fiction — Wikipedia permanent revision 1370760138,https://en.wikipedia.org/w/index.php?title=Pulp_Fiction&oldid=1370760138,CC-BY-SA-4.0,2026-08-25,untranslated,true
built-in-film-television-clue-0099,built-in-film-television,Film and Television Pack,built-in-film-television-set-020,board,round-one,4,easy,actors,Pulp Fiction: Structure and Production,,How did Quentin Tarantino describe the unexplained briefcase in Pulp Fiction?,,a MacGuffin,,MacGuffin,,He treated its contents as a MacGuffin rather than giving them an explanation.,,Pulp Fiction — Wikipedia permanent revision 1370760138,https://en.wikipedia.org/w/index.php?title=Pulp_Fiction&oldid=1370760138,CC-BY-SA-4.0,2026-08-25,untranslated,true
built-in-film-television-clue-0100,built-in-film-television,Film and Television Pack,built-in-film-television-set-020,board,round-one,5,easy,actors,Pulp Fiction: Structure and Production,,Who produced Pulp Fiction?,,Lawrence Bender,,,,Lawrence Bender produced Pulp Fiction.,,Pulp Fiction — Wikipedia permanent revision 1370760138,https://en.wikipedia.org/w/index.php?title=Pulp_Fiction&oldid=1370760138,CC-BY-SA-4.0,2026-08-25,untranslated,true
built-in-film-television-clue-0101,built-in-film-television,Film and Television Pack,built-in-film-television-set-021,board,round-one,1,easy,actors,Star Wars: Story and Production,,This actor first brought Han Solo to the big screen.,,Harrison Ford,,,,Harrison Ford plays the Corellian smuggler.,,Star Wars (film) — Wikipedia permanent revision 1370526971,https://en.wikipedia.org/w/index.php?title=Star_Wars_(film)&oldid=1370526971,CC-BY-SA-4.0,2026-08-25,untranslated,true
built-in-film-television-clue-0102,built-in-film-television,Film and Television Pack,built-in-film-television-set-021,board,round-one,2,easy,actors,Star Wars: Story and Production,,Which actor plays Luke Skywalker in the original Star Wars film?,,Mark Hamill,,,,Mark Hamill portrays Luke Skywalker.,,Star Wars (film) — Wikipedia permanent revision 1370526971,https://en.wikipedia.org/w/index.php?title=Star_Wars_(film)&oldid=1370526971,CC-BY-SA-4.0,2026-08-25,untranslated,true
built-in-film-television-clue-0103,built-in-film-television,Film and Television Pack,built-in-film-television-set-021,board,round-one,3,easy,actors,Star Wars: Story and Production,,What fan slogan arose from the Star Wars edit that made Greedo fire before Han Solo?,,Han shot first,,,,The controversial change inspired the phrase “Han shot first.”,,Star Wars (film) — Wikipedia permanent revision 1370526971,https://en.wikipedia.org/w/index.php?title=Star_Wars_(film)&oldid=1370526971,CC-BY-SA-4.0,2026-08-25,untranslated,true
built-in-film-television-clue-0104,built-in-film-television,Film and Television Pack,built-in-film-television-set-021,board,round-one,4,easy,actors,Star Wars: Story and Production,,Which later Lucasfilm hero inherited the name of George Lucas’s dog?,,Indiana Jones,,,,The dog’s name was later given to Indiana Jones.,,Star Wars (film) — Wikipedia permanent revision 1370526971,https://en.wikipedia.org/w/index.php?title=Star_Wars_(film)&oldid=1370526971,CC-BY-SA-4.0,2026-08-25,untranslated,true
built-in-film-television-clue-0105,built-in-film-television,Film and Television Pack,built-in-film-television-set-021,board,round-one,5,easy,actors,Star Wars: Story and Production,,Who served as cinematographer on Star Wars (film)?,,Gilbert Taylor,,,,Gilbert Taylor photographed Star Wars (film).,,Star Wars (film) — Wikipedia permanent revision 1370526971,https://en.wikipedia.org/w/index.php?title=Star_Wars_(film)&oldid=1370526971,CC-BY-SA-4.0,2026-08-25,untranslated,true
built-in-film-television-clue-0106,built-in-film-television,Film and Television Pack,built-in-film-television-set-022,board,round-one,1,medium,actors,Rio: Birds and Animation,,"This actor voices Blu, the domesticated macaw at the center of Rio.",,Jesse Eisenberg,,,,Jesse Eisenberg performs Blu’s voice.,,Rio (2011 film) — Wikipedia permanent revision 1371151381,https://en.wikipedia.org/w/index.php?title=Rio_(2011_film)&oldid=1371151381,CC-BY-SA-4.0,2026-08-25,untranslated,true
built-in-film-television-clue-0107,built-in-film-television,Film and Television Pack,built-in-film-television-set-022,board,round-one,2,medium,actors,Rio: Birds and Animation,,What kind of macaw is Blu in Rio?,,Spix's macaw,,Spix macaw,,Blu is a domesticated male Spix’s macaw.,,Rio (2011 film) — Wikipedia permanent revision 1371151381,https://en.wikipedia.org/w/index.php?title=Rio_(2011_film)&oldid=1371151381,CC-BY-SA-4.0,2026-08-25,untranslated,true
built-in-film-television-clue-0108,built-in-film-television,Film and Television Pack,built-in-film-television-set-022,board,round-one,3,medium,actors,Rio: Birds and Animation,,"Which actor voices Jewel, the female Spix’s macaw, in Rio?",,Anne Hathaway,,,,Anne Hathaway voices Jewel opposite Jesse Eisenberg’s Blu.,,Rio (2011 film) — Wikipedia permanent revision 1371151381,https://en.wikipedia.org/w/index.php?title=Rio_(2011_film)&oldid=1371151381,CC-BY-SA-4.0,2026-08-25,untranslated,true
built-in-film-television-clue-0109,built-in-film-television,Film and Television Pack,built-in-film-television-set-022,board,round-one,4,medium,actors,Rio: Birds and Animation,,Who co-produced Rio with John C. Donkin?,,Bruce Anderson,,,,Bruce Anderson shares the production credit with Donkin.,,Rio (2011 film) — Wikipedia permanent revision 1371151381,https://en.wikipedia.org/w/index.php?title=Rio_(2011_film)&oldid=1371151381,CC-BY-SA-4.0,2026-08-25,untranslated,true
built-in-film-television-clue-0110,built-in-film-television,Film and Television Pack,built-in-film-television-set-022,board,round-one,5,medium,actors,Rio: Birds and Animation,,How much did Rio gross worldwide against its $90 million budget?,,$484 million,,484 million dollars,,The animated film earned $484 million worldwide.,,Rio (2011 film) — Wikipedia permanent revision 1371151381,https://en.wikipedia.org/w/index.php?title=Rio_(2011_film)&oldid=1371151381,CC-BY-SA-4.0,2026-08-25,untranslated,true
built-in-film-television-clue-0111,built-in-film-television,Film and Television Pack,built-in-film-television-set-023,board,round-one,1,medium,actors,Michael Keaton: Life and Career,,Michael Keaton's professional screen career began in which year?,,1975,,,,Michael Keaton debuted in 1975.,,Michael Keaton — Wikipedia permanent revision 1367905125,https://en.wikipedia.org/w/index.php?title=Michael_Keaton&oldid=1367905125,CC-BY-SA-4.0,2026-08-25,untranslated,true
built-in-film-television-clue-0112,built-in-film-television,Film and Television Pack,built-in-film-television-set-023,board,round-one,2,medium,actors,Michael Keaton: Life and Career,,Which profession is Michael Keaton best known for?,,Actor,,,,Actor is the other occupation recorded for Keaton.,,Michael Keaton — Wikipedia permanent revision 1367905125,https://en.wikipedia.org/w/index.php?title=Michael_Keaton&oldid=1367905125,CC-BY-SA-4.0,2026-08-25,untranslated,true
built-in-film-television-clue-0113,built-in-film-television,Film and Television Pack,built-in-film-television-set-023,board,round-one,3,medium,actors,Michael Keaton: Life and Career,,Michael Keaton was born with this first-and-last name.,,Michael Douglas,,Michael John Douglas,,The actor was born Michael John Douglas.,,Michael Keaton — Wikipedia permanent revision 1367905125,https://en.wikipedia.org/w/index.php?title=Michael_Keaton&oldid=1367905125,CC-BY-SA-4.0,2026-08-25,untranslated,true
built-in-film-television-clue-0114,built-in-film-television,Film and Television Pack,built-in-film-television-set-023,board,round-one,4,medium,actors,Michael Keaton: Life and Career,,In what year was Michael Keaton born?,,1951,,,,"Michael Keaton was born Michael John Douglas on September 5, 1951.",,Michael Keaton — Wikipedia permanent revision 1367905125,https://en.wikipedia.org/w/index.php?title=Michael_Keaton&oldid=1367905125,CC-BY-SA-4.0,2026-08-25,untranslated,true
built-in-film-television-clue-0115,built-in-film-television,Film and Television Pack,built-in-film-television-set-023,board,round-one,5,medium,actors,Michael Keaton: Life and Career,,Which university did Michael Keaton attend?,,Kent State University,,,,Michael Keaton studied at Kent State University.,,Michael Keaton — Wikipedia permanent revision 1367905125,https://en.wikipedia.org/w/index.php?title=Michael_Keaton&oldid=1367905125,CC-BY-SA-4.0,2026-08-25,untranslated,true
built-in-film-television-clue-0116,built-in-film-television,Film and Television Pack,built-in-film-television-set-024,board,round-one,1,hard,actors,Leatherface: Film and Production,,Which actor plays final girl Sally Hardesty in The Texas Chain Saw Massacre?,,Marilyn Burns,,,,Marilyn Burns portrays Sally Hardesty.,,The Texas Chain Saw Massacre — Wikipedia permanent revision 1370744758,https://en.wikipedia.org/w/index.php?title=The_Texas_Chain_Saw_Massacre&oldid=1370744758,CC-BY-SA-4.0,2026-08-25,untranslated,true
built-in-film-television-clue-0117,built-in-film-television,Film and Television Pack,built-in-film-television-set-024,board,round-one,2,hard,actors,Leatherface: Film and Production,,Whose crimes partly inspired Leatherface and minor details in The Texas Chain Saw Massacre?,,Ed Gein,,,,"Ed Gein influenced the character, although the plot is largely fictional.",,The Texas Chain Saw Massacre — Wikipedia permanent revision 1370744758,https://en.wikipedia.org/w/index.php?title=The_Texas_Chain_Saw_Massacre&oldid=1370744758,CC-BY-SA-4.0,2026-08-25,untranslated,true
built-in-film-television-clue-0118,built-in-film-television,Film and Television Pack,built-in-film-television-set-024,board,round-one,3,hard,actors,Leatherface: Film and Production,,Who narrates The Texas Chain Saw Massacre?,,John Larroquette,,,,John Larroquette holds the narration credit.,,The Texas Chain Saw Massacre — Wikipedia permanent revision 1370744758,https://en.wikipedia.org/w/index.php?title=The_Texas_Chain_Saw_Massacre&oldid=1370744758,CC-BY-SA-4.0,2026-08-25,untranslated,true
built-in-film-television-clue-0119,built-in-film-television,Film and Television Pack,built-in-film-television-set-024,board,round-one,4,hard,actors,Leatherface: Film and Production,,Near which Texas city was the farmhouse used in The Texas Chain Saw Massacre?,,"Round Rock, Texas",,Round Rock,,The early-1900s farmhouse stood near Round Rock.,,The Texas Chain Saw Massacre — Wikipedia permanent revision 1370744758,https://en.wikipedia.org/w/index.php?title=The_Texas_Chain_Saw_Massacre&oldid=1370744758,CC-BY-SA-4.0,2026-08-25,untranslated,true
built-in-film-television-clue-0120,built-in-film-television,Film and Television Pack,built-in-film-television-set-024,board,round-one,5,hard,actors,Leatherface: Film and Production,,This actor played Leatherface in the original 1974 film.,,Gunnar Hansen,,,,Gunnar Hansen performed the masked role.,,The Texas Chain Saw Massacre — Wikipedia permanent revision 1370744758,https://en.wikipedia.org/w/index.php?title=The_Texas_Chain_Saw_Massacre&oldid=1370744758,CC-BY-SA-4.0,2026-08-25,untranslated,true
built-in-film-television-clue-0121,built-in-film-television,Film and Television Pack,built-in-film-television-set-025,board,round-one,1,easy,actors,The Phantom Menace: Cast and Effects,,This actor plays Obi-Wan Kenobi throughout the Star Wars prequel trilogy.,,Ewan McGregor,,,,Ewan McGregor portrays the younger Obi-Wan.,,Star Wars: Episode I – The Phantom Menace — Wikipedia permanent revision 1370443587,https://en.wikipedia.org/w/index.php?title=Star_Wars%3A_Episode_I_%E2%80%93_The_Phantom_Menace&oldid=1370443587,CC-BY-SA-4.0,2026-08-25,untranslated,true
built-in-film-television-clue-0122,built-in-film-television,Film and Television Pack,built-in-film-television-set-025,board,round-one,2,easy,actors,The Phantom Menace: Cast and Effects,,Which actor plays Jedi Master Qui-Gon Jinn in The Phantom Menace?,,Liam Neeson,,,,Liam Neeson portrays Qui-Gon Jinn.,,Star Wars: Episode I – The Phantom Menace — Wikipedia permanent revision 1370443587,https://en.wikipedia.org/w/index.php?title=Star_Wars%3A_Episode_I_%E2%80%93_The_Phantom_Menace&oldid=1370443587,CC-BY-SA-4.0,2026-08-25,untranslated,true
built-in-film-television-clue-0123,built-in-film-television,Film and Television Pack,built-in-film-television-set-025,board,round-one,3,easy,actors,The Phantom Menace: Cast and Effects,,What replaced Ahmed Best’s filmed performance when Jar Jar Binks was completed for The Phantom Menace?,,a computer-generated character,,CGI character,,Best’s physical performance supplied the basis for a computer-generated Jar Jar.,,Star Wars: Episode I – The Phantom Menace — Wikipedia permanent revision 1370443587,https://en.wikipedia.org/w/index.php?title=Star_Wars%3A_Episode_I_%E2%80%93_The_Phantom_Menace&oldid=1370443587,CC-BY-SA-4.0,2026-08-25,untranslated,true
built-in-film-television-clue-0124,built-in-film-television,Film and Television Pack,built-in-film-television-set-025,board,round-one,4,easy,actors,The Phantom Menace: Cast and Effects,,Who was initially cast as Darth Maul before leaving when the character’s lines were cut?,,Benicio del Toro,,,,Benicio del Toro left the role after Darth Maul’s dialogue was reduced.,,Star Wars: Episode I – The Phantom Menace — Wikipedia permanent revision 1370443587,https://en.wikipedia.org/w/index.php?title=Star_Wars%3A_Episode_I_%E2%80%93_The_Phantom_Menace&oldid=1370443587,CC-BY-SA-4.0,2026-08-25,untranslated,true
built-in-film-television-clue-0125,built-in-film-television,Film and Television Pack,built-in-film-television-set-025,board,round-one,5,easy,actors,The Phantom Menace: Cast and Effects,,Who served as cinematographer on Star Wars: Episode I – The Phantom Menace?,,David Tattersall,,,,David Tattersall photographed Star Wars: Episode I – The Phantom Menace.,,Star Wars: Episode I – The Phantom Menace — Wikipedia permanent revision 1370443587,https://en.wikipedia.org/w/index.php?title=Star_Wars%3A_Episode_I_%E2%80%93_The_Phantom_Menace&oldid=1370443587,CC-BY-SA-4.0,2026-08-25,untranslated,true
built-in-film-television-clue-0126,built-in-film-television,Film and Television Pack,built-in-film-television-set-026,board,round-one,1,medium,actors,Street Fighter: Adaptation and Production,,This Belgian martial artist stars as Colonel Guile in the 1994 Street Fighter film.,,Jean-Claude Van Damme,,Jean Claude Van Damme,,Jean-Claude Van Damme plays Guile.,,Street Fighter (1994 film) — Wikipedia permanent revision 1371107465,https://en.wikipedia.org/w/index.php?title=Street_Fighter_(1994_film)&oldid=1371107465,CC-BY-SA-4.0,2026-08-25,untranslated,true
built-in-film-television-clue-0127,built-in-film-television,Film and Television Pack,built-in-film-television-set-026,board,round-one,2,medium,actors,Street Fighter: Adaptation and Production,,Who co-produced the 1994 Street Fighter film with Kenzo Tsujimoto?,,Edward R. Pressman,,,,Edward R. Pressman shares the film’s producer credit with Tsujimoto.,,Street Fighter (1994 film) — Wikipedia permanent revision 1371107465,https://en.wikipedia.org/w/index.php?title=Street_Fighter_(1994_film)&oldid=1371107465,CC-BY-SA-4.0,2026-08-25,untranslated,true
built-in-film-television-clue-0128,built-in-film-television,Film and Television Pack,built-in-film-television-set-026,board,round-one,3,medium,actors,Street Fighter: Adaptation and Production,,About how much of Street Fighter’s $35 million budget went to Jean-Claude Van Damme’s fee?,,$8 million,,8 million dollars,,Van Damme’s fee alone approached $8 million.,,Street Fighter (1994 film) — Wikipedia permanent revision 1371107465,https://en.wikipedia.org/w/index.php?title=Street_Fighter_(1994_film)&oldid=1371107465,CC-BY-SA-4.0,2026-08-25,untranslated,true
built-in-film-television-clue-0129,built-in-film-television,Film and Television Pack,built-in-film-television-set-026,board,round-one,4,medium,actors,Street Fighter: Adaptation and Production,,Who served as cinematographer on Street Fighter (1994 film)?,,William A. Fraker,,,,William A. Fraker photographed Street Fighter (1994 film).,,Street Fighter (1994 film) — Wikipedia permanent revision 1371107465,https://en.wikipedia.org/w/index.php?title=Street_Fighter_(1994_film)&oldid=1371107465,CC-BY-SA-4.0,2026-08-25,untranslated,true
built-in-film-television-clue-0130,built-in-film-television,Film and Television Pack,built-in-film-television-set-026,board,round-one,5,medium,actors,Street Fighter: Adaptation and Production,,Which orchestra performed Graeme Revell’s entirely orchestral Street Fighter score?,,London Symphony Orchestra,,LSO,,The London Symphony Orchestra performed the score.,,Street Fighter (1994 film) — Wikipedia permanent revision 1371107465,https://en.wikipedia.org/w/index.php?title=Street_Fighter_(1994_film)&oldid=1371107465,CC-BY-SA-4.0,2026-08-25,untranslated,true
built-in-film-television-clue-0131,built-in-film-television,Film and Television Pack,built-in-film-television-set-027,board,round-one,1,easy,actors,Big Trouble in Little China: Story and Craft,,This actor plays trucker Jack Burton in Big Trouble in Little China.,,Kurt Russell,,,,Kurt Russell stars as Jack Burton.,,Big Trouble in Little China — Wikipedia permanent revision 1366622867,https://en.wikipedia.org/w/index.php?title=Big_Trouble_in_Little_China&oldid=1366622867,CC-BY-SA-4.0,2026-08-25,untranslated,true
built-in-film-television-clue-0132,built-in-film-television,Film and Television Pack,built-in-film-television-set-027,board,round-one,2,easy,actors,Big Trouble in Little China: Story and Craft,,In which neighborhood does Big Trouble in Little China place Jack Burton’s supernatural adventure?,,San Francisco's Chinatown,,"Chinatown, San Francisco",,The action unfolds in San Francisco’s Chinatown.,,Big Trouble in Little China — Wikipedia permanent revision 1366622867,https://en.wikipedia.org/w/index.php?title=Big_Trouble_in_Little_China&oldid=1366622867,CC-BY-SA-4.0,2026-08-25,untranslated,true
built-in-film-television-clue-0133,built-in-film-television,Film and Television Pack,built-in-film-television-set-027,board,round-one,3,easy,actors,Big Trouble in Little China: Story and Craft,,Who produced Big Trouble in Little China?,,Larry J. Franco,,,,Larry J. Franco produced Big Trouble in Little China.,,Big Trouble in Little China — Wikipedia permanent revision 1366622867,https://en.wikipedia.org/w/index.php?title=Big_Trouble_in_Little_China&oldid=1366622867,CC-BY-SA-4.0,2026-08-25,untranslated,true
built-in-film-television-clue-0134,built-in-film-television,Film and Television Pack,built-in-film-television-set-027,board,round-one,4,easy,actors,Big Trouble in Little China: Story and Craft,,Who served as cinematographer on Big Trouble in Little China?,,Dean Cundey,,,,Dean Cundey photographed Big Trouble in Little China.,,Big Trouble in Little China — Wikipedia permanent revision 1366622867,https://en.wikipedia.org/w/index.php?title=Big_Trouble_in_Little_China&oldid=1366622867,CC-BY-SA-4.0,2026-08-25,untranslated,true
built-in-film-television-clue-0135,built-in-film-television,Film and Television Pack,built-in-film-television-set-027,board,round-one,5,easy,actors,Big Trouble in Little China: Story and Craft,,For which Saturn Award category was John Carpenter’s Big Trouble in Little China score nominated?,,Best Music,,,,The synthesizer-led score received a Best Music nomination.,,Big Trouble in Little China — Wikipedia permanent revision 1366622867,https://en.wikipedia.org/w/index.php?title=Big_Trouble_in_Little_China&oldid=1366622867,CC-BY-SA-4.0,2026-08-25,untranslated,true
built-in-film-television-clue-0136,built-in-film-television,Film and Television Pack,built-in-film-television-set-028,board,round-one,1,hard,actors,Pandora Star: Life and Career,,This performer portrays Dr. Grace Augustine in Avatar.,,Sigourney Weaver,,,,Sigourney Weaver plays the exobiologist who leads the Avatar Program.,,Sigourney Weaver — Wikipedia permanent revision 1371074772,https://en.wikipedia.org/w/index.php?title=Sigourney_Weaver&oldid=1371074772,CC-BY-SA-4.0,2026-08-25,untranslated,true
built-in-film-television-clue-0137,built-in-film-television,Film and Television Pack,built-in-film-television-set-028,board,round-one,2,hard,actors,Pandora Star: Life and Career,,In what year was Sigourney Weaver born?,,1949,,,,"Sigourney Weaver was born on October 8, 1949.",,Sigourney Weaver — Wikipedia permanent revision 1371074772,https://en.wikipedia.org/w/index.php?title=Sigourney_Weaver&oldid=1371074772,CC-BY-SA-4.0,2026-08-25,untranslated,true
built-in-film-television-clue-0138,built-in-film-television,Film and Television Pack,built-in-film-television-set-028,board,round-one,3,hard,actors,Pandora Star: Life and Career,,Which New York liberal-arts college did Sigourney Weaver attend before transferring to Stanford?,,Sarah Lawrence College,,,,Weaver attended Sarah Lawrence College before moving to Stanford.,,Sigourney Weaver — Wikipedia permanent revision 1371074772,https://en.wikipedia.org/w/index.php?title=Sigourney_Weaver&oldid=1371074772,CC-BY-SA-4.0,2026-08-25,untranslated,true
built-in-film-television-clue-0139,built-in-film-television,Film and Television Pack,built-in-film-television-set-028,board,round-one,4,hard,actors,Pandora Star: Life and Career,,In what year did Sigourney Weaver’s professional acting career begin?,,1971,,,,Her documented years active begin in 1971.,,Sigourney Weaver — Wikipedia permanent revision 1371074772,https://en.wikipedia.org/w/index.php?title=Sigourney_Weaver&oldid=1371074772,CC-BY-SA-4.0,2026-08-25,untranslated,true
built-in-film-television-clue-0140,built-in-film-television,Film and Television Pack,built-in-film-television-set-028,board,round-one,5,hard,actors,Pandora Star: Life and Career,,Which stage director married Sigourney Weaver in 1984?,,Jim Simpson,,,,Jim Simpson and Sigourney Weaver married in 1984.,,Sigourney Weaver — Wikipedia permanent revision 1371074772,https://en.wikipedia.org/w/index.php?title=Sigourney_Weaver&oldid=1371074772,CC-BY-SA-4.0,2026-08-25,untranslated,true
built-in-film-television-clue-0141,built-in-film-television,Film and Television Pack,built-in-film-television-set-029,board,round-one,1,easy,actors,The X-Files: Genre and Origins,,This actor plays FBI agent Fox Mulder in The X-Files.,,David Duchovny,,,,David Duchovny portrays Mulder.,,The X-Files — Wikipedia permanent revision 1370256133,https://en.wikipedia.org/w/index.php?title=The_X-Files&oldid=1370256133,CC-BY-SA-4.0,2026-08-25,untranslated,true
built-in-film-television-clue-0142,built-in-film-television,Film and Television Pack,built-in-film-television-set-029,board,round-one,2,easy,actors,The X-Files: Genre and Origins,,"The X-Files pairs supernatural fiction, horror, mystery, and thriller with which broader speculative genre?",,Science fiction,,,,Science fiction completes the series’ documented genre mix.,,The X-Files — Wikipedia permanent revision 1370256133,https://en.wikipedia.org/w/index.php?title=The_X-Files&oldid=1370256133,CC-BY-SA-4.0,2026-08-25,untranslated,true
built-in-film-television-clue-0143,built-in-film-television,Film and Television Pack,built-in-film-television-set-029,board,round-one,3,easy,actors,The X-Files: Genre and Origins,,Who created The X-Files?,,Chris Carter,,,,Chris Carter originated the science-fiction drama for Fox.,,The X-Files — Wikipedia permanent revision 1370256133,https://en.wikipedia.org/w/index.php?title=The_X-Files&oldid=1370256133,CC-BY-SA-4.0,2026-08-25,untranslated,true
built-in-film-television-clue-0144,built-in-film-television,Film and Television Pack,built-in-film-television-set-029,board,round-one,4,easy,actors,The X-Files: Genre and Origins,,Which country did The X-Files originate in?,,United States,,,,The series is an American production despite filming much of its early run in Canada.,,The X-Files — Wikipedia permanent revision 1370256133,https://en.wikipedia.org/w/index.php?title=The_X-Files&oldid=1370256133,CC-BY-SA-4.0,2026-08-25,untranslated,true
built-in-film-television-clue-0145,built-in-film-television,Film and Television Pack,built-in-film-television-set-029,board,round-one,5,easy,actors,The X-Files: Genre and Origins,,Who composed the credited music for The X-Files?,,Mark Snow,,,,Mark Snow also created the series’ distinctive instrumental theme.,,The X-Files — Wikipedia permanent revision 1370256133,https://en.wikipedia.org/w/index.php?title=The_X-Files&oldid=1370256133,CC-BY-SA-4.0,2026-08-25,untranslated,true
built-in-film-television-clue-0146,built-in-film-television,Film and Television Pack,built-in-film-television-set-030,board,round-one,1,hard,awards,Mother India: Story and Legacy,,Which rebellious Mother India character helped inspire Hindi cinema’s “angry young man” archetype?,,Birju,,,,Birju’s rebellion influenced a later Hindi-film stock character.,,Mother India — Wikipedia permanent revision 1368152821,https://en.wikipedia.org/w/index.php?title=Mother_India&oldid=1368152821,CC-BY-SA-4.0,2026-08-25,untranslated,true
built-in-film-television-clue-0147,built-in-film-television,Film and Television Pack,built-in-film-television-set-030,board,round-one,2,hard,awards,Mother India: Story and Legacy,,Which earlier Mehboob Khan film is credited as the basis for Mother India?,,Aurat,,,,Mother India identifies Aurat as its source film.,,Mother India — Wikipedia permanent revision 1368152821,https://en.wikipedia.org/w/index.php?title=Mother_India&oldid=1368152821,CC-BY-SA-4.0,2026-08-25,untranslated,true
built-in-film-television-clue-0148,built-in-film-television,Film and Television Pack,built-in-film-television-set-030,board,round-one,3,hard,awards,Mother India: Story and Legacy,,Who holds the story credit for Mother India?,,Babubhai A. Mehta,,,,Babubhai A. Mehta receives the story credit.,,Mother India — Wikipedia permanent revision 1368152821,https://en.wikipedia.org/w/index.php?title=Mother_India&oldid=1368152821,CC-BY-SA-4.0,2026-08-25,untranslated,true
built-in-film-television-clue-0149,built-in-film-television,Film and Television Pack,built-in-film-television-set-030,board,round-one,4,hard,awards,Mother India: Story and Legacy,,Which color process was used to shoot Mother India before conversion to Technicolor?,,Gevacolor,,,,Mother India was photographed in Gevacolor.,,Mother India — Wikipedia permanent revision 1368152821,https://en.wikipedia.org/w/index.php?title=Mother_India&oldid=1368152821,CC-BY-SA-4.0,2026-08-25,untranslated,true
built-in-film-television-clue-0150,built-in-film-television,Film and Television Pack,built-in-film-television-set-030,board,round-one,5,hard,awards,Mother India: Story and Legacy,,In what year did Mother India become India’s first submission for the Academy Award for Best Foreign Language Film?,,1958,,,,"In 1958, Mother India became India’s first submission for the Academy Award for Best Foreign Language Film.",,Mother India — Wikipedia permanent revision 1368152821,https://en.wikipedia.org/w/index.php?title=Mother_India&oldid=1368152821,CC-BY-SA-4.0,2026-08-25,untranslated,true
built-in-film-television-clue-0151,built-in-film-television,Film and Television Pack,built-in-film-television-set-031,board,round-one,1,medium,awards,Leonardo DiCaprio: Life and Milestones,,"At the 2016 Academy Awards, Leonardo DiCaprio won his first Best Actor Oscar for this film.",,The Revenant,,,,He won for playing Hugh Glass in The Revenant.,,Leonardo DiCaprio — Wikipedia permanent revision 1371051591,https://en.wikipedia.org/w/index.php?title=Leonardo_DiCaprio&oldid=1371051591,CC-BY-SA-4.0,2026-08-25,untranslated,true
built-in-film-television-clue-0152,built-in-film-television,Film and Television Pack,built-in-film-television-set-031,board,round-one,2,medium,awards,Leonardo DiCaprio: Life and Milestones,,In what year was Leonardo DiCaprio born?,,1974,,,,"Leonardo DiCaprio was born on November 11, 1974.",,Leonardo DiCaprio — Wikipedia permanent revision 1371051591,https://en.wikipedia.org/w/index.php?title=Leonardo_DiCaprio&oldid=1371051591,CC-BY-SA-4.0,2026-08-25,untranslated,true
built-in-film-television-clue-0153,built-in-film-television,Film and Television Pack,built-in-film-television-set-031,board,round-one,3,medium,awards,Leonardo DiCaprio: Life and Milestones,,In what year did Leonardo DiCaprio’s professional screen career begin?,,1989,,,,His documented years active begin in 1989.,,Leonardo DiCaprio — Wikipedia permanent revision 1371051591,https://en.wikipedia.org/w/index.php?title=Leonardo_DiCaprio&oldid=1371051591,CC-BY-SA-4.0,2026-08-25,untranslated,true
built-in-film-television-clue-0154,built-in-film-television,Film and Television Pack,built-in-film-television-set-031,board,round-one,4,medium,awards,Leonardo DiCaprio: Life and Milestones,,Which production company is associated with Leonardo DiCaprio as its founder?,,Appian Way Productions,,,,Leonardo DiCaprio founded Appian Way Productions in 2004.,,Leonardo DiCaprio — Wikipedia permanent revision 1371051591,https://en.wikipedia.org/w/index.php?title=Leonardo_DiCaprio&oldid=1371051591,CC-BY-SA-4.0,2026-08-25,untranslated,true
built-in-film-television-clue-0155,built-in-film-television,Film and Television Pack,built-in-film-television-set-031,board,round-one,5,medium,awards,Leonardo DiCaprio: Life and Milestones,,Who is Leonardo DiCaprio's father?,,George DiCaprio,,,,George DiCaprio is Leonardo DiCaprio’s father.,,Leonardo DiCaprio — Wikipedia permanent revision 1371051591,https://en.wikipedia.org/w/index.php?title=Leonardo_DiCaprio&oldid=1371051591,CC-BY-SA-4.0,2026-08-25,untranslated,true
built-in-film-television-clue-0156,built-in-film-television,Film and Television Pack,built-in-film-television-set-032,board,round-one,1,hard,awards,Razzie Sweep: Story and Reception,,This comedy won all ten categories presented at the 2012 Golden Raspberry Awards.,,Jack and Jill,,,,Jack and Jill became the first film to sweep every Razzie category that year.,,Jack and Jill (2011 film) — Wikipedia permanent revision 1370217565,https://en.wikipedia.org/w/index.php?title=Jack_and_Jill_(2011_film)&oldid=1370217565,CC-BY-SA-4.0,2026-08-25,untranslated,true
built-in-film-television-clue-0157,built-in-film-television,Film and Television Pack,built-in-film-television-set-032,board,round-one,2,hard,awards,Razzie Sweep: Story and Reception,,Which producer joins Adam Sandler and Jack Giarraputo in Jack and Jill’s production credit?,,Todd Garner,,,,Todd Garner completes the film’s three-person producer credit.,,Jack and Jill (2011 film) — Wikipedia permanent revision 1370217565,https://en.wikipedia.org/w/index.php?title=Jack_and_Jill_(2011_film)&oldid=1370217565,CC-BY-SA-4.0,2026-08-25,untranslated,true
built-in-film-television-clue-0158,built-in-film-television,Film and Television Pack,built-in-film-television-set-032,board,round-one,3,hard,awards,Razzie Sweep: Story and Reception,,Which actor plays a fictionalized version of himself whom Jack hopes to recruit for a Dunkin' Donuts commercial?,,Al Pacino,,,,Al Pacino becomes the target of Jack’s advertising campaign after meeting Jill.,,Jack and Jill (2011 film) — Wikipedia permanent revision 1370217565,https://en.wikipedia.org/w/index.php?title=Jack_and_Jill_(2011_film)&oldid=1370217565,CC-BY-SA-4.0,2026-08-25,untranslated,true
built-in-film-television-clue-0159,built-in-film-television,Film and Television Pack,built-in-film-television-set-032,board,round-one,4,hard,awards,Razzie Sweep: Story and Reception,,Who holds the story credit for Jack and Jill (2011 film)?,,Ben Zook,,,,Ben Zook receives the story credit.,,Jack and Jill (2011 film) — Wikipedia permanent revision 1370217565,https://en.wikipedia.org/w/index.php?title=Jack_and_Jill_(2011_film)&oldid=1370217565,CC-BY-SA-4.0,2026-08-25,untranslated,true
built-in-film-television-clue-0160,built-in-film-television,Film and Television Pack,built-in-film-television-set-032,board,round-one,5,hard,awards,Razzie Sweep: Story and Reception,,What worldwide gross did Jack and Jill earn against its $79 million budget?,,"$149,673,788",,about $149.7 million,,"The comedy finished with $149,673,788 worldwide.",,Jack and Jill (2011 film) — Wikipedia permanent revision 1370217565,https://en.wikipedia.org/w/index.php?title=Jack_and_Jill_(2011_film)&oldid=1370217565,CC-BY-SA-4.0,2026-08-25,untranslated,true
built-in-film-television-clue-0161,built-in-film-television,Film and Television Pack,built-in-film-television-set-033,board,round-one,1,medium,awards,Gumball: Series and Honors,,Who directed The Amazing World of Gumball before Antoine Perez handled seasons five and six?,,Mic Graves,,,,Mic Graves directed the series outside Perez’s seasons-five-and-six credit.,,The Amazing World of Gumball — Wikipedia permanent revision 1370625751,https://en.wikipedia.org/w/index.php?title=The_Amazing_World_of_Gumball&oldid=1370625751,CC-BY-SA-4.0,2026-08-25,untranslated,true
built-in-film-television-clue-0162,built-in-film-television,Film and Television Pack,built-in-film-television-set-033,board,round-one,2,medium,awards,Gumball: Series and Honors,,Which actor voiced Darwin Watterson during the early seasons of The Amazing World of Gumball?,,Kwesi Boakye,,,,Kwesi Boakye was an early voice of Darwin Watterson.,,The Amazing World of Gumball — Wikipedia permanent revision 1370625751,https://en.wikipedia.org/w/index.php?title=The_Amazing_World_of_Gumball&oldid=1370625751,CC-BY-SA-4.0,2026-08-25,untranslated,true
built-in-film-television-clue-0163,built-in-film-television,Film and Television Pack,built-in-film-television-set-033,board,round-one,3,medium,awards,Gumball: Series and Honors,,"Alongside satire, slapstick, surreal comedy, and black comedy, what core format-and-genre label does Gumball carry?",,Animated sitcom,,,,"The classification combines animated sitcom with satire, slapstick, surreal comedy, and black comedy.",,The Amazing World of Gumball — Wikipedia permanent revision 1370625751,https://en.wikipedia.org/w/index.php?title=The_Amazing_World_of_Gumball&oldid=1370625751,CC-BY-SA-4.0,2026-08-25,untranslated,true
built-in-film-television-clue-0164,built-in-film-television,Film and Television Pack,built-in-film-television-set-033,board,round-one,4,medium,awards,Gumball: Series and Honors,,Who created The Amazing World of Gumball?,,Ben Bocquelet,,,,Ben Bocquelet developed the series from rejected cartoon-character concepts.,,The Amazing World of Gumball — Wikipedia permanent revision 1370625751,https://en.wikipedia.org/w/index.php?title=The_Amazing_World_of_Gumball&oldid=1370625751,CC-BY-SA-4.0,2026-08-25,untranslated,true
built-in-film-television-clue-0165,built-in-film-television,Film and Television Pack,built-in-film-television-set-033,board,round-one,5,medium,awards,Gumball: Series and Honors,,This Gumball episode received the Children’s Choice prize at the 2016 British Animation Awards.,,The Shell,,,,The Shell won the audience-voted children’s category.,,The Amazing World of Gumball — Wikipedia permanent revision 1370625751,https://en.wikipedia.org/w/index.php?title=The_Amazing_World_of_Gumball&oldid=1370625751,CC-BY-SA-4.0,2026-08-25,untranslated,true
built-in-film-television-clue-0166,built-in-film-television,Film and Television Pack,built-in-film-television-set-034,board,round-one,1,easy,awards,Inaugural Talent Winners,,This singer won American Idol’s first season in 2002.,,Kelly Clarkson,,,,Kelly Clarkson won the September 2002 finale.,,American Idol season 1 — Wikipedia permanent revision 1370114938,https://en.wikipedia.org/w/index.php?title=American_Idol_season_1&oldid=1370114938,CC-BY-SA-4.0,2026-08-25,untranslated,true
built-in-film-television-clue-0167,built-in-film-television,Film and Television Pack,built-in-film-television-set-034,board,round-one,2,easy,awards,Inaugural Talent Winners,,Who shared American Idol’s first-season hosting duties with Brian Dunkleman?,,Ryan Seacrest,,,,Ryan Seacrest and Dunkleman co-hosted the first season.,,American Idol season 1 — Wikipedia permanent revision 1370114938,https://en.wikipedia.org/w/index.php?title=American_Idol_season_1&oldid=1370114938,CC-BY-SA-4.0,2026-08-25,untranslated,true
built-in-film-television-clue-0168,built-in-film-television,Film and Television Pack,built-in-film-television-set-034,board,round-one,3,easy,awards,Inaugural Talent Winners,,Which singer judged American Idol’s first season alongside Simon Cowell and Randy Jackson?,,Paula Abdul,,,,Paula Abdul completed that season’s three-person judging panel.,,American Idol season 1 — Wikipedia permanent revision 1370114938,https://en.wikipedia.org/w/index.php?title=American_Idol_season_1&oldid=1370114938,CC-BY-SA-4.0,2026-08-25,untranslated,true
built-in-film-television-clue-0169,built-in-film-television,Film and Television Pack,built-in-film-television-set-034,board,round-one,4,easy,awards,Inaugural Talent Winners,,Who finished as runner-up on American Idol season 1?,,Justin Guarini,,,,Justin Guarini placed second on American Idol season 1.,,American Idol season 1 — Wikipedia permanent revision 1370114938,https://en.wikipedia.org/w/index.php?title=American_Idol_season_1&oldid=1370114938,CC-BY-SA-4.0,2026-08-25,untranslated,true
built-in-film-television-clue-0170,built-in-film-television,Film and Television Pack,built-in-film-television-set-034,board,round-one,5,easy,awards,Inaugural Talent Winners,,Which venue hosted the American Idol season 1 finals?,,Kodak Theatre,,,,The American Idol season 1 finals took place at Kodak Theatre.,,American Idol season 1 — Wikipedia permanent revision 1370114938,https://en.wikipedia.org/w/index.php?title=American_Idol_season_1&oldid=1370114938,CC-BY-SA-4.0,2026-08-25,untranslated,true
built-in-film-television-clue-0171,built-in-film-television,Film and Television Pack,built-in-film-television-set-035,board,round-one,1,hard,awards,Reality-Finale Victors,,Which presenter fronted the tenth American season of Big Brother?,,Julie Chen,,,,Julie Chen hosted Big Brother 10.,,Big Brother 10 (American season) — Wikipedia permanent revision 1368477952,https://en.wikipedia.org/w/index.php?title=Big_Brother_10_(American_season)&oldid=1368477952,CC-BY-SA-4.0,2026-08-25,untranslated,true
built-in-film-television-clue-0172,built-in-film-television,Film and Television Pack,built-in-film-television-set-035,board,round-one,2,hard,awards,Reality-Finale Victors,,How many days did Big Brother 10 (American season) last?,,71,,,,Big Brother 10 (American season) ran for 71 days.,,Big Brother 10 (American season) — Wikipedia permanent revision 1368477952,https://en.wikipedia.org/w/index.php?title=Big_Brother_10_(American_season)&oldid=1368477952,CC-BY-SA-4.0,2026-08-25,untranslated,true
built-in-film-television-clue-0173,built-in-film-television,Film and Television Pack,built-in-film-television-set-035,board,round-one,3,hard,awards,Reality-Finale Victors,,How many houseguests competed on Big Brother 10 (American season)?,,13,,,,13 houseguests entered the season.,,Big Brother 10 (American season) — Wikipedia permanent revision 1368477952,https://en.wikipedia.org/w/index.php?title=Big_Brother_10_(American_season)&oldid=1368477952,CC-BY-SA-4.0,2026-08-25,untranslated,true
built-in-film-television-clue-0174,built-in-film-television,Film and Television Pack,built-in-film-television-set-035,board,round-one,4,hard,awards,Reality-Finale Victors,,Who finished as runner-up on Big Brother 10 (American season)?,,"Robert ""Memphis"" Garrett",,Memphis Garrett;Memphis;Robert Garrett,,"Robert ""Memphis"" Garrett placed second on Big Brother 10 (American season).",,Big Brother 10 (American season) — Wikipedia permanent revision 1368477952,https://en.wikipedia.org/w/index.php?title=Big_Brother_10_(American_season)&oldid=1368477952,CC-BY-SA-4.0,2026-08-25,untranslated,true
built-in-film-television-clue-0175,built-in-film-television,Film and Television Pack,built-in-film-television-set-035,board,round-one,5,hard,awards,Reality-Finale Victors,,This contestant won the tenth U.S. Big Brother season in 2008.,,Dan Gheesling,,,,Dan Gheesling defeated Memphis Garrett by a unanimous jury vote.,,Big Brother 10 (American season) — Wikipedia permanent revision 1368477952,https://en.wikipedia.org/w/index.php?title=Big_Brother_10_(American_season)&oldid=1368477952,CC-BY-SA-4.0,2026-08-25,untranslated,true
built-in-film-television-clue-0176,built-in-film-television,Film and Television Pack,built-in-film-television-set-036,board,round-one,1,medium,awards,Televised Battle-Royal Winners,,Which promotion presented Royal Rumble (2016)?,,WWE,,,,WWE staged Royal Rumble (2016).,,Royal Rumble (2016) — Wikipedia permanent revision 1370765365,https://en.wikipedia.org/w/index.php?title=Royal_Rumble_(2016)&oldid=1370765365,CC-BY-SA-4.0,2026-08-25,untranslated,true
built-in-film-television-clue-0177,built-in-film-television,Film and Television Pack,built-in-film-television-set-036,board,round-one,2,medium,awards,Televised Battle-Royal Winners,,This wrestler won the 2016 Royal Rumble match.,,Triple H,,,,Triple H entered thirtieth and won the match and WWE World Heavyweight Championship.,,Royal Rumble (2016) — Wikipedia permanent revision 1370765365,https://en.wikipedia.org/w/index.php?title=Royal_Rumble_(2016)&oldid=1370765365,CC-BY-SA-4.0,2026-08-25,untranslated,true
built-in-film-television-clue-0178,built-in-film-television,Film and Television Pack,built-in-film-television-set-036,board,round-one,3,medium,awards,Televised Battle-Royal Winners,,Which city hosted Royal Rumble (2016)?,,"Orlando, Florida",,Orlando,,"Royal Rumble (2016) took place in Orlando, Florida.",,Royal Rumble (2016) — Wikipedia permanent revision 1370765365,https://en.wikipedia.org/w/index.php?title=Royal_Rumble_(2016)&oldid=1370765365,CC-BY-SA-4.0,2026-08-25,untranslated,true
built-in-film-television-clue-0179,built-in-film-television,Film and Television Pack,built-in-film-television-set-036,board,round-one,4,medium,awards,Televised Battle-Royal Winners,,Which venue hosted Royal Rumble (2016)?,,Amway Center,,,,Royal Rumble (2016) took place at Amway Center.,,Royal Rumble (2016) — Wikipedia permanent revision 1370765365,https://en.wikipedia.org/w/index.php?title=Royal_Rumble_(2016)&oldid=1370765365,CC-BY-SA-4.0,2026-08-25,untranslated,true
built-in-film-television-clue-0180,built-in-film-television,Film and Television Pack,built-in-film-television-set-036,board,round-one,5,medium,awards,Televised Battle-Royal Winners,,On what date did Royal Rumble (2016) take place?,,"January 24, 2016",,24 January 2016;January 24 2016,,The 2016 Royal Rumble was staged on January 24 at Orlando’s Amway Center.,,Royal Rumble (2016) — Wikipedia permanent revision 1370765365,https://en.wikipedia.org/w/index.php?title=Royal_Rumble_(2016)&oldid=1370765365,CC-BY-SA-4.0,2026-08-25,untranslated,true
built-in-film-television-clue-0181,built-in-film-television,Film and Television Pack,built-in-film-television-set-037,board,round-one,1,medium,genres,Gothic Horror Icons,,Bela Lugosi is best known for playing this vampire count in the 1931 Universal film.,,Count Dracula,,Dracula,,Lugosi stars as Count Dracula.,,Dracula (1931 English-language film) — Wikipedia permanent revision 1370511059,https://en.wikipedia.org/w/index.php?title=Dracula_(1931_English-language_film)&oldid=1370511059,CC-BY-SA-4.0,2026-08-25,untranslated,true
built-in-film-television-clue-0182,built-in-film-television,Film and Television Pack,built-in-film-television-set-037,board,round-one,2,medium,genres,Gothic Horror Icons,,Which Universal executive produced the 1931 English-language vampire film?,,Carl Laemmle Jr.,,,,Carl Laemmle Jr. produced Universal’s English-language Dracula starring Bela Lugosi.,,Dracula (1931 English-language film) — Wikipedia permanent revision 1370511059,https://en.wikipedia.org/w/index.php?title=Dracula_(1931_English-language_film)&oldid=1370511059,CC-BY-SA-4.0,2026-08-25,untranslated,true
built-in-film-television-clue-0183,built-in-film-television,Film and Television Pack,built-in-film-television-set-037,board,round-one,3,medium,genres,Gothic Horror Icons,,Who photographed Universal’s 1931 English-language vampire film?,,Karl Freund,,,,Karl Freund was the cinematographer.,,Dracula (1931 English-language film) — Wikipedia permanent revision 1370511059,https://en.wikipedia.org/w/index.php?title=Dracula_(1931_English-language_film)&oldid=1370511059,CC-BY-SA-4.0,2026-08-25,untranslated,true
built-in-film-television-clue-0184,built-in-film-television,Film and Television Pack,built-in-film-television-set-037,board,round-one,4,medium,genres,Gothic Horror Icons,,What historical distinction does Universal’s 1931 Dracula hold among adaptations of Bram Stoker’s novel?,,the first sound-film adaptation,,first sound adaptation,,It was the novel’s first sound-film adaptation.,,Dracula (1931 English-language film) — Wikipedia permanent revision 1370511059,https://en.wikipedia.org/w/index.php?title=Dracula_(1931_English-language_film)&oldid=1370511059,CC-BY-SA-4.0,2026-08-25,untranslated,true
built-in-film-television-clue-0185,built-in-film-television,Film and Television Pack,built-in-film-television-set-037,board,round-one,5,medium,genres,Gothic Horror Icons,,Who was commissioned in 1998 to compose a new score for Dracula?,,Philip Glass,,,,"Philip Glass wrote the later score, performed by the Kronos Quartet.",,Dracula (1931 English-language film) — Wikipedia permanent revision 1370511059,https://en.wikipedia.org/w/index.php?title=Dracula_(1931_English-language_film)&oldid=1370511059,CC-BY-SA-4.0,2026-08-25,untranslated,true
built-in-film-television-clue-0186,built-in-film-television,Film and Television Pack,built-in-film-television-set-038,board,round-two,1,medium,genres,Dream Stalkers: Story and Production,,Johnny Depp made his feature-film debut in this 1984 slasher.,,A Nightmare on Elm Street,,,,Depp first appeared on film as Glen Lantz in A Nightmare on Elm Street.,,A Nightmare on Elm Street — Wikipedia permanent revision 1370672123,https://en.wikipedia.org/w/index.php?title=A_Nightmare_on_Elm_Street&oldid=1370672123,CC-BY-SA-4.0,2026-08-25,untranslated,true
built-in-film-television-clue-0187,built-in-film-television,Film and Television Pack,built-in-film-television-set-038,board,round-two,2,medium,genres,Dream Stalkers: Story and Production,,Which actor plays police lieutenant Donald Thompson in A Nightmare on Elm Street?,,John Saxon,,,,John Saxon portrays Lieutenant Donald Thompson.,,A Nightmare on Elm Street — Wikipedia permanent revision 1370672123,https://en.wikipedia.org/w/index.php?title=A_Nightmare_on_Elm_Street&oldid=1370672123,CC-BY-SA-4.0,2026-08-25,untranslated,true
built-in-film-television-clue-0188,built-in-film-television,Film and Television Pack,built-in-film-television-set-038,board,round-two,3,medium,genres,Dream Stalkers: Story and Production,,What was the estimated budget for A Nightmare on Elm Street?,,$1.1 million,,1.1 million dollars,,Wes Craven made the film for about $1.1 million.,,A Nightmare on Elm Street — Wikipedia permanent revision 1370672123,https://en.wikipedia.org/w/index.php?title=A_Nightmare_on_Elm_Street&oldid=1370672123,CC-BY-SA-4.0,2026-08-25,untranslated,true
built-in-film-television-clue-0189,built-in-film-television,Film and Television Pack,built-in-film-television-set-038,board,round-two,4,medium,genres,Dream Stalkers: Story and Production,,Who served as cinematographer on A Nightmare on Elm Street?,,Jacques Haitkin,,,,Jacques Haitkin photographed A Nightmare on Elm Street.,,A Nightmare on Elm Street — Wikipedia permanent revision 1370672123,https://en.wikipedia.org/w/index.php?title=A_Nightmare_on_Elm_Street&oldid=1370672123,CC-BY-SA-4.0,2026-08-25,untranslated,true
built-in-film-television-clue-0190,built-in-film-television,Film and Television Pack,built-in-film-television-set-038,board,round-two,5,medium,genres,Dream Stalkers: Story and Production,,What practical set enabled the geyser of blood in A Nightmare on Elm Street to defy gravity?,,a rotating room,,rotating set,,The crew mounted the room to rotate around the fixed camera.,,A Nightmare on Elm Street — Wikipedia permanent revision 1370672123,https://en.wikipedia.org/w/index.php?title=A_Nightmare_on_Elm_Street&oldid=1370672123,CC-BY-SA-4.0,2026-08-25,untranslated,true
built-in-film-television-clue-0191,built-in-film-television,Film and Television Pack,built-in-film-television-set-039,board,round-two,1,medium,genres,Disposable-Character Tropes,,This color-coded term describes a minor character killed to demonstrate a threat.,,redshirt,,Red Shirt;redshirt;redshirts,,A redshirt is a stock character whose death signals danger.,,Redshirt (stock character) — Wikipedia permanent revision 1365406178,https://en.wikipedia.org/w/index.php?title=Redshirt_(stock_character)&oldid=1365406178,CC-BY-SA-4.0,2026-08-25,untranslated,true
built-in-film-television-clue-0192,built-in-film-television,Film and Television Pack,built-in-film-television-set-039,board,round-two,2,medium,genres,Disposable-Character Tropes,,Which science-fiction franchise gave rise to the redshirt trope?,,Star Trek,,,,The term arose from expendable characters in Star Trek.,,Redshirt (stock character) — Wikipedia permanent revision 1365406178,https://en.wikipedia.org/w/index.php?title=Redshirt_(stock_character)&oldid=1365406178,CC-BY-SA-4.0,2026-08-25,untranslated,true
built-in-film-television-clue-0193,built-in-film-television,Film and Television Pack,built-in-film-television-set-039,board,round-two,3,medium,genres,Disposable-Character Tropes,,"In the original Star Trek, red-uniformed crew members often served in which protective department?",,Security,,,,Star Trek security staff commonly wore red.,,Redshirt (stock character) — Wikipedia permanent revision 1365406178,https://en.wikipedia.org/w/index.php?title=Redshirt_(stock_character)&oldid=1365406178,CC-BY-SA-4.0,2026-08-25,untranslated,true
built-in-film-television-clue-0194,built-in-film-television,Film and Television Pack,built-in-film-television-set-039,board,round-two,4,medium,genres,Disposable-Character Tropes,,"Besides security, which technical Star Trek department also placed many crew members in red uniforms?",,Engineering,,,,Engineering personnel were another red-uniformed group.,,Redshirt (stock character) — Wikipedia permanent revision 1365406178,https://en.wikipedia.org/w/index.php?title=Redshirt_(stock_character)&oldid=1365406178,CC-BY-SA-4.0,2026-08-25,untranslated,true
built-in-film-television-clue-0195,built-in-film-television,Film and Television Pack,built-in-film-television-set-039,board,round-two,5,medium,genres,Disposable-Character Tropes,,Who turned the redshirt trope into a 2012 satirical novel?,,John Scalzi,,,,John Scalzi wrote Redshirts.,,Redshirt (stock character) — Wikipedia permanent revision 1365406178,https://en.wikipedia.org/w/index.php?title=Redshirt_(stock_character)&oldid=1365406178,CC-BY-SA-4.0,2026-08-25,untranslated,true
built-in-film-television-clue-0196,built-in-film-television,Film and Television Pack,built-in-film-television-set-040,board,round-two,1,medium,genres,Animal-Horror Oddities,,These normally timid animals become giant killers in Night of the Lepus.,,Rabbits,,,,The film’s monsters are mutated rabbits.,,Night of the Lepus — Wikipedia permanent revision 1368355098,https://en.wikipedia.org/w/index.php?title=Night_of_the_Lepus&oldid=1368355098,CC-BY-SA-4.0,2026-08-25,untranslated,true
built-in-film-television-clue-0197,built-in-film-television,Film and Television Pack,built-in-film-television-set-040,board,round-two,2,medium,genres,Animal-Horror Oddities,,Who produced Night of the Lepus?,,A. C. Lyles,,,,A. C. Lyles produced Night of the Lepus.,,Night of the Lepus — Wikipedia permanent revision 1368355098,https://en.wikipedia.org/w/index.php?title=Night_of_the_Lepus&oldid=1368355098,CC-BY-SA-4.0,2026-08-25,untranslated,true
built-in-film-television-clue-0198,built-in-film-television,Film and Television Pack,built-in-film-television-set-040,board,round-two,3,medium,genres,Animal-Horror Oddities,,To which U.S. state did Night of the Lepus move its story from the novel’s Australia?,,Arizona,,,,The adaptation shifted the setting to Arizona.,,Night of the Lepus — Wikipedia permanent revision 1368355098,https://en.wikipedia.org/w/index.php?title=Night_of_the_Lepus&oldid=1368355098,CC-BY-SA-4.0,2026-08-25,untranslated,true
built-in-film-television-clue-0199,built-in-film-television,Film and Television Pack,built-in-film-television-set-040,board,round-two,4,medium,genres,Animal-Horror Oddities,,At which venue do the characters recruit drivers to herd the giant rabbits with car lights?,,a drive-in theater,,drive-in;drive-in movie theater,,The characters recruit people at a drive-in theater to herd the rabbits toward the electrified rail trap with their car lights.,,Night of the Lepus — Wikipedia permanent revision 1368355098,https://en.wikipedia.org/w/index.php?title=Night_of_the_Lepus&oldid=1368355098,CC-BY-SA-4.0,2026-08-25,untranslated,true
built-in-film-television-clue-0200,built-in-film-television,Film and Television Pack,built-in-film-television-set-040,board,round-two,5,medium,genres,Animal-Horror Oddities,,Which Russell Braddon novel was adapted as Night of the Lepus?,,The Year of the Angry Rabbit,,,,The film is based on The Year of the Angry Rabbit.,,Night of the Lepus — Wikipedia permanent revision 1368355098,https://en.wikipedia.org/w/index.php?title=Night_of_the_Lepus&oldid=1368355098,CC-BY-SA-4.0,2026-08-25,untranslated,true
built-in-film-television-clue-0201,built-in-film-television,Film and Television Pack,built-in-film-television-set-041,board,round-one,1,hard,genres,Cult Invasion Plots,,How did Ed Wood include Bela Lugosi in a cult science-fiction film completed after the actor’s death?,,unfinished footage,,previously filmed footage,,Ed Wood inserted silent Lugosi footage shot for an unfinished project.,,Plan 9 from Outer Space — Wikipedia permanent revision 1368239726,https://en.wikipedia.org/w/index.php?title=Plan_9_from_Outer_Space&oldid=1368239726,CC-BY-SA-4.0,2026-08-25,untranslated,true
built-in-film-television-clue-0202,built-in-film-television,Film and Television Pack,built-in-film-television-set-041,board,round-one,2,hard,genres,Cult Invasion Plots,,Aliens revive the dead to stop a human doomsday weapon in this cult science-fiction film.,,Plan 9 from Outer Space,,,,That premise belongs to Plan 9 from Outer Space.,,Plan 9 from Outer Space — Wikipedia permanent revision 1368239726,https://en.wikipedia.org/w/index.php?title=Plan_9_from_Outer_Space&oldid=1368239726,CC-BY-SA-4.0,2026-08-25,untranslated,true
built-in-film-television-clue-0203,built-in-film-television,Film and Television Pack,built-in-film-television-set-041,board,round-one,3,hard,genres,Cult Invasion Plots,,Who narrates Plan 9 from Outer Space?,,Criswell,,,,Criswell holds the narration credit.,,Plan 9 from Outer Space — Wikipedia permanent revision 1368239726,https://en.wikipedia.org/w/index.php?title=Plan_9_from_Outer_Space&oldid=1368239726,CC-BY-SA-4.0,2026-08-25,untranslated,true
built-in-film-television-clue-0204,built-in-film-television,Film and Television Pack,built-in-film-television-set-041,board,round-one,4,hard,genres,Cult Invasion Plots,,Who served as cinematographer on Plan 9 from Outer Space?,,William C. Thompson,,,,William C. Thompson photographed Plan 9 from Outer Space.,,Plan 9 from Outer Space — Wikipedia permanent revision 1368239726,https://en.wikipedia.org/w/index.php?title=Plan_9_from_Outer_Space&oldid=1368239726,CC-BY-SA-4.0,2026-08-25,untranslated,true
built-in-film-television-clue-0205,built-in-film-television,Film and Television Pack,built-in-film-television-set-041,board,round-one,5,hard,genres,Cult Invasion Plots,,Who compiled the stock-music score for Plan 9 from Outer Space?,,Gordon Zahler,,,,Gordon Zahler assembled the film’s music from library material.,,Plan 9 from Outer Space — Wikipedia permanent revision 1368239726,https://en.wikipedia.org/w/index.php?title=Plan_9_from_Outer_Space&oldid=1368239726,CC-BY-SA-4.0,2026-08-25,untranslated,true
built-in-film-television-clue-0206,built-in-film-television,Film and Television Pack,built-in-film-television-set-042,board,round-one,1,easy,genres,Dark Knight Finale: Story and Craft,,This masked revolutionary is the principal antagonist of The Dark Knight Rises.,,Bane,,,,Bane occupies Gotham and confronts Batman.,,The Dark Knight Rises — Wikipedia permanent revision 1370935124,https://en.wikipedia.org/w/index.php?title=The_Dark_Knight_Rises&oldid=1370935124,CC-BY-SA-4.0,2026-08-25,untranslated,true
built-in-film-television-clue-0207,built-in-film-television,Film and Television Pack,built-in-film-television-set-042,board,round-one,2,easy,genres,Dark Knight Finale: Story and Craft,,What does Bane’s mask supply to relieve pain from an earlier injury?,,analgesic gas,,painkilling gas,,The mask administers an analgesic gas.,,The Dark Knight Rises — Wikipedia permanent revision 1370935124,https://en.wikipedia.org/w/index.php?title=The_Dark_Knight_Rises&oldid=1370935124,CC-BY-SA-4.0,2026-08-25,untranslated,true
built-in-film-television-clue-0208,built-in-film-television,Film and Television Pack,built-in-film-television-set-042,board,round-one,3,easy,genres,Dark Knight Finale: Story and Craft,,What large-format stock did Christopher Nolan use for much of The Dark Knight Rises?,,IMAX 70 mm film,,70mm IMAX,,Nolan photographed substantial portions on IMAX 70 mm film.,,The Dark Knight Rises — Wikipedia permanent revision 1370935124,https://en.wikipedia.org/w/index.php?title=The_Dark_Knight_Rises&oldid=1370935124,CC-BY-SA-4.0,2026-08-25,untranslated,true
built-in-film-television-clue-0209,built-in-film-television,Film and Television Pack,built-in-film-television-set-042,board,round-one,4,easy,genres,Dark Knight Finale: Story and Craft,,Which publisher’s comic-book characters supplied the source material for The Dark Knight Rises?,,DC Comics,,,,The film is based on characters appearing in comic books published by DC Comics.,,The Dark Knight Rises — Wikipedia permanent revision 1370935124,https://en.wikipedia.org/w/index.php?title=The_Dark_Knight_Rises&oldid=1370935124,CC-BY-SA-4.0,2026-08-25,untranslated,true
built-in-film-television-clue-0210,built-in-film-television,Film and Television Pack,built-in-film-television-set-042,board,round-one,5,easy,genres,Dark Knight Finale: Story and Craft,,Who shares The Dark Knight Rises story credit with Christopher Nolan?,,David S. Goyer,,,,David S. Goyer and Christopher Nolan devised the credited story.,,The Dark Knight Rises — Wikipedia permanent revision 1370935124,https://en.wikipedia.org/w/index.php?title=The_Dark_Knight_Rises&oldid=1370935124,CC-BY-SA-4.0,2026-08-25,untranslated,true
built-in-film-television-clue-0211,built-in-film-television,Film and Television Pack,built-in-film-television-set-043,board,round-one,1,easy,genres,Dystopian Los Angeles: Story and Craft,,Blade Runner uses this term for its bioengineered humanoids.,,Replicants,,,,The film calls them replicants.,,Blade Runner — Wikipedia permanent revision 1367785310,https://en.wikipedia.org/w/index.php?title=Blade_Runner&oldid=1367785310,CC-BY-SA-4.0,2026-08-25,untranslated,true
built-in-film-television-clue-0212,built-in-film-television,Film and Television Pack,built-in-film-television-set-043,board,round-one,2,easy,genres,Dystopian Los Angeles: Story and Craft,,Who holds Blade Runner’s sole producer credit?,,Michael Deeley,,,,Michael Deeley receives the film’s sole producer credit.,,Blade Runner — Wikipedia permanent revision 1367785310,https://en.wikipedia.org/w/index.php?title=Blade_Runner&oldid=1367785310,CC-BY-SA-4.0,2026-08-25,untranslated,true
built-in-film-television-clue-0213,built-in-film-television,Film and Television Pack,built-in-film-television-set-043,board,round-one,3,easy,genres,Dystopian Los Angeles: Story and Craft,,Which musician composed and performed Blade Runner’s score on synthesizers?,,Vangelis,,,,Vangelis created the electronic score after winning an Oscar for Chariots of Fire.,,Blade Runner — Wikipedia permanent revision 1367785310,https://en.wikipedia.org/w/index.php?title=Blade_Runner&oldid=1367785310,CC-BY-SA-4.0,2026-08-25,untranslated,true
built-in-film-television-clue-0214,built-in-film-television,Film and Television Pack,built-in-film-television-set-043,board,round-one,4,easy,genres,Dystopian Los Angeles: Story and Craft,,Which Philip K. Dick novel supplied Blade Runner’s source material?,,Do Androids Dream of Electric Sheep?,,,,Blade Runner is based on Do Androids Dream of Electric Sheep?,,Blade Runner — Wikipedia permanent revision 1367785310,https://en.wikipedia.org/w/index.php?title=Blade_Runner&oldid=1367785310,CC-BY-SA-4.0,2026-08-25,untranslated,true
built-in-film-television-clue-0215,built-in-film-television,Film and Television Pack,built-in-film-television-set-043,board,round-one,5,easy,genres,Dystopian Los Angeles: Story and Craft,,What name is given to the multilingual street language devised for Blade Runner?,,Cityspeak,,,,Edward James Olmos drew on several ethnic sources to create Cityspeak.,,Blade Runner — Wikipedia permanent revision 1367785310,https://en.wikipedia.org/w/index.php?title=Blade_Runner&oldid=1367785310,CC-BY-SA-4.0,2026-08-25,untranslated,true
built-in-film-television-clue-0216,built-in-film-television,Film and Television Pack,built-in-film-television-set-044,board,round-one,1,easy,genres,Supernatural Child Mysteries,,A boy who can perceive dead people is central to this 1999 supernatural thriller.,,The Sixth Sense,,,,The premise identifies The Sixth Sense.,,The Sixth Sense — Wikipedia permanent revision 1370417601,https://en.wikipedia.org/w/index.php?title=The_Sixth_Sense&oldid=1370417601,CC-BY-SA-4.0,2026-08-25,untranslated,true
built-in-film-television-clue-0217,built-in-film-television,Film and Television Pack,built-in-film-television-set-044,board,round-one,2,easy,genres,Supernatural Child Mysteries,,Which actor plays child psychologist Malcolm Crowe in The Sixth Sense?,,Bruce Willis,,,,Bruce Willis portrays Malcolm Crowe.,,The Sixth Sense — Wikipedia permanent revision 1370417601,https://en.wikipedia.org/w/index.php?title=The_Sixth_Sense&oldid=1370417601,CC-BY-SA-4.0,2026-08-25,untranslated,true
built-in-film-television-clue-0218,built-in-film-television,Film and Television Pack,built-in-film-television-set-044,board,round-one,3,easy,genres,Supernatural Child Mysteries,,How many Academy Award nominations did The Sixth Sense receive?,,six,,6,,The film received six Oscar nominations but won none.,,The Sixth Sense — Wikipedia permanent revision 1370417601,https://en.wikipedia.org/w/index.php?title=The_Sixth_Sense&oldid=1370417601,CC-BY-SA-4.0,2026-08-25,untranslated,true
built-in-film-television-clue-0219,built-in-film-television,Film and Television Pack,built-in-film-television-set-044,board,round-one,4,easy,genres,Supernatural Child Mysteries,,In what sequence did M. Night Shyamalan say The Sixth Sense was mainly filmed?,,chronological order,,story order,,Most scenes were shot in story order.,,The Sixth Sense — Wikipedia permanent revision 1370417601,https://en.wikipedia.org/w/index.php?title=The_Sixth_Sense&oldid=1370417601,CC-BY-SA-4.0,2026-08-25,untranslated,true
built-in-film-television-clue-0220,built-in-film-television,Film and Television Pack,built-in-film-television-set-044,board,round-one,5,easy,genres,Supernatural Child Mysteries,,Who served as cinematographer on The Sixth Sense?,,Tak Fujimoto,,,,Tak Fujimoto photographed The Sixth Sense.,,The Sixth Sense — Wikipedia permanent revision 1370417601,https://en.wikipedia.org/w/index.php?title=The_Sixth_Sense&oldid=1370417601,CC-BY-SA-4.0,2026-08-25,untranslated,true
built-in-film-television-clue-0221,built-in-film-television,Film and Television Pack,built-in-film-television-set-045,board,round-two,1,medium,genres,Sketch-Comedy Cult Films,,"Meat Loaf, Alice Cooper, and Chris Farley all make appearances in this 1992 comedy.",,Wayne's World,,,,The three performers appear in Wayne’s World.,,Wayne's World (film) — Wikipedia permanent revision 1367654880,https://en.wikipedia.org/w/index.php?title=Wayne's_World_(film)&oldid=1367654880,CC-BY-SA-4.0,2026-08-25,untranslated,true
built-in-film-television-clue-0222,built-in-film-television,Film and Television Pack,built-in-film-television-set-045,board,round-two,2,medium,genres,Sketch-Comedy Cult Films,,Which actor plays Wayne Campbell’s friend Garth Algar in Wayne’s World?,,Dana Carvey,,,,Dana Carvey portrays Garth Algar.,,Wayne's World (film) — Wikipedia permanent revision 1367654880,https://en.wikipedia.org/w/index.php?title=Wayne's_World_(film)&oldid=1367654880,CC-BY-SA-4.0,2026-08-25,untranslated,true
built-in-film-television-clue-0223,built-in-film-television,Film and Television Pack,built-in-film-television-set-045,board,round-two,3,medium,genres,Sketch-Comedy Cult Films,,What kind of program do Wayne and Garth broadcast from a basement in Wayne’s World?,,public-access television,,public-access TV,,"They host a public-access television show in Aurora, Illinois.",,Wayne's World (film) — Wikipedia permanent revision 1367654880,https://en.wikipedia.org/w/index.php?title=Wayne's_World_(film)&oldid=1367654880,CC-BY-SA-4.0,2026-08-25,untranslated,true
built-in-film-television-clue-0224,built-in-film-television,Film and Television Pack,built-in-film-television-set-045,board,round-two,4,medium,genres,Sketch-Comedy Cult Films,,Name the credited producer of Wayne’s World.,,Lorne Michaels,,,,Saturday Night Live creator Lorne Michaels produced the feature adaptation.,,Wayne's World (film) — Wikipedia permanent revision 1367654880,https://en.wikipedia.org/w/index.php?title=Wayne's_World_(film)&oldid=1367654880,CC-BY-SA-4.0,2026-08-25,untranslated,true
built-in-film-television-clue-0225,built-in-film-television,Film and Television Pack,built-in-film-television-set-045,board,round-two,5,medium,genres,Sketch-Comedy Cult Films,,What domestic gross made Wayne’s World the top-earning film based on an SNL sketch at the time?,,"$121,697,323",,about $121.7 million,,"The comedy finished with $121,697,323 domestically.",,Wayne's World (film) — Wikipedia permanent revision 1367654880,https://en.wikipedia.org/w/index.php?title=Wayne's_World_(film)&oldid=1367654880,CC-BY-SA-4.0,2026-08-25,untranslated,true
built-in-film-television-clue-0226,built-in-film-television,Film and Television Pack,built-in-film-television-set-046,board,round-one,1,easy,genres,Underground Boxing Drama,,An illicit bare-knuckle club anchors this 1999 psychological film.,,Fight Club,,,,David Fincher’s adaptation was released in 1999 and later developed a cult following.,,Fight Club — Wikipedia permanent revision 1370317936,https://en.wikipedia.org/w/index.php?title=Fight_Club&oldid=1370317936,CC-BY-SA-4.0,2026-08-25,untranslated,true
built-in-film-television-clue-0227,built-in-film-television,Film and Television Pack,built-in-film-television-set-046,board,round-one,2,easy,genres,Underground Boxing Drama,,Which actor plays Tyler Durden in Fight Club?,,Brad Pitt,,,,Brad Pitt portrays Tyler Durden.,,Fight Club — Wikipedia permanent revision 1370317936,https://en.wikipedia.org/w/index.php?title=Fight_Club&oldid=1370317936,CC-BY-SA-4.0,2026-08-25,untranslated,true
built-in-film-television-clue-0228,built-in-film-television,Film and Television Pack,built-in-film-television-set-046,board,round-one,3,easy,genres,Underground Boxing Drama,,What dental change did Brad Pitt volunteer for while making Fight Club?,,chipped front teeth,,chipped teeth,,Pitt had pieces of his front teeth chipped to roughen Tyler Durden’s appearance.,,Fight Club — Wikipedia permanent revision 1370317936,https://en.wikipedia.org/w/index.php?title=Fight_Club&oldid=1370317936,CC-BY-SA-4.0,2026-08-25,untranslated,true
built-in-film-television-clue-0229,built-in-film-television,Film and Television Pack,built-in-film-television-set-046,board,round-one,4,easy,genres,Underground Boxing Drama,,Who produced Fight Club with Ceán Chaffin and Ross Grayson Bell?,,Art Linson,,,,Art Linson shares the production credit with Chaffin and Bell.,,Fight Club — Wikipedia permanent revision 1370317936,https://en.wikipedia.org/w/index.php?title=Fight_Club&oldid=1370317936,CC-BY-SA-4.0,2026-08-25,untranslated,true
built-in-film-television-clue-0230,built-in-film-television,Film and Television Pack,built-in-film-television-set-046,board,round-one,5,easy,genres,Underground Boxing Drama,,For which Academy Award category was Fight Club nominated in 2000?,,Best Sound Editing,,,,The film received an Oscar nomination for Best Sound Editing.,,Fight Club — Wikipedia permanent revision 1370317936,https://en.wikipedia.org/w/index.php?title=Fight_Club&oldid=1370317936,CC-BY-SA-4.0,2026-08-25,untranslated,true
built-in-film-television-clue-0231,built-in-film-television,Film and Television Pack,built-in-film-television-set-047,board,round-two,1,medium,animation,Finding Nemo: Journey and Animation,,Which two fish search for the missing Nemo?,,Marlin and Dory,,Dory and Marlin,,The overprotective clownfish Marlin travels with the forgetful blue tang Dory.,,Finding Nemo — Wikipedia permanent revision 1370837679,https://en.wikipedia.org/w/index.php?title=Finding_Nemo&oldid=1370837679,CC-BY-SA-4.0,2026-08-25,untranslated,true
built-in-film-television-clue-0232,built-in-film-television,Film and Television Pack,built-in-film-television-set-047,board,round-two,2,medium,animation,Finding Nemo: Journey and Animation,,"Which actor voices Marlin, Nemo’s father, in Finding Nemo?",,Albert Brooks,,,,Albert Brooks performs Marlin opposite Ellen DeGeneres as Dory.,,Finding Nemo — Wikipedia permanent revision 1370837679,https://en.wikipedia.org/w/index.php?title=Finding_Nemo&oldid=1370837679,CC-BY-SA-4.0,2026-08-25,untranslated,true
built-in-film-television-clue-0233,built-in-film-television,Film and Television Pack,built-in-film-television-set-047,board,round-two,3,medium,animation,Finding Nemo: Journey and Animation,,This is the name of Nemo’s mother in Finding Nemo.,,Coral,,,,Coral is Marlin’s mate and Nemo’s mother.,,Finding Nemo — Wikipedia permanent revision 1370837679,https://en.wikipedia.org/w/index.php?title=Finding_Nemo&oldid=1370837679,CC-BY-SA-4.0,2026-08-25,untranslated,true
built-in-film-television-clue-0234,built-in-film-television,Film and Television Pack,built-in-film-television-set-047,board,round-two,4,medium,animation,Finding Nemo: Journey and Animation,,Finding Nemo was produced by whom?,,Graham Walters,,,,Graham Walters receives the film’s sole producer credit.,,Finding Nemo — Wikipedia permanent revision 1370837679,https://en.wikipedia.org/w/index.php?title=Finding_Nemo&oldid=1370837679,CC-BY-SA-4.0,2026-08-25,untranslated,true
built-in-film-television-clue-0235,built-in-film-television,Film and Television Pack,built-in-film-television-set-047,board,round-two,5,medium,animation,Finding Nemo: Journey and Animation,,For which Academy Award category was Finding Nemo’s music nominated?,,Original Score,,Best Original Score,,Thomas Newman’s music received an Original Score nomination.,,Finding Nemo — Wikipedia permanent revision 1370837679,https://en.wikipedia.org/w/index.php?title=Finding_Nemo&oldid=1370837679,CC-BY-SA-4.0,2026-08-25,untranslated,true
built-in-film-television-clue-0236,built-in-film-television,Film and Television Pack,built-in-film-television-set-048,board,round-two,1,medium,animation,Lilo & Stitch: Family and Animation,,"What family relationship, then rare as a central American-animation plot, anchors Lilo & Stitch?",,two sisters,,sisters,,The film centers the bond between sisters Lilo and Nani.,,Lilo & Stitch — Wikipedia permanent revision 1370811204,https://en.wikipedia.org/w/index.php?title=Lilo_%26_Stitch&oldid=1370811204,CC-BY-SA-4.0,2026-08-25,untranslated,true
built-in-film-television-clue-0237,built-in-film-television,Film and Television Pack,built-in-film-television-set-048,board,round-two,2,medium,animation,Lilo & Stitch: Family and Animation,,Lilo and Nani share this surname in Lilo & Stitch.,,Pelekai,,,,The sisters’ family name is Pelekai.,,Lilo & Stitch — Wikipedia permanent revision 1370811204,https://en.wikipedia.org/w/index.php?title=Lilo_%26_Stitch&oldid=1370811204,CC-BY-SA-4.0,2026-08-25,untranslated,true
built-in-film-television-clue-0238,built-in-film-television,Film and Television Pack,built-in-film-television-set-048,board,round-two,3,medium,animation,Lilo & Stitch: Family and Animation,,Which actor voices Lilo Pelekai in Lilo & Stitch?,,Daveigh Chase,,,,Daveigh Chase leads the voice cast as the younger Pelekai sister.,,Lilo & Stitch — Wikipedia permanent revision 1370811204,https://en.wikipedia.org/w/index.php?title=Lilo_%26_Stitch&oldid=1370811204,CC-BY-SA-4.0,2026-08-25,untranslated,true
built-in-film-television-clue-0239,built-in-film-television,Film and Television Pack,built-in-film-television-set-048,board,round-two,4,medium,animation,Lilo & Stitch: Family and Animation,,What visual source shaped Lilo & Stitch’s character designs instead of Disney’s usual house style?,,Chris Sanders's drawing style,,Chris Sanders’ drawing style,,The characters follow Chris Sanders’s personal drawing style.,,Lilo & Stitch — Wikipedia permanent revision 1370811204,https://en.wikipedia.org/w/index.php?title=Lilo_%26_Stitch&oldid=1370811204,CC-BY-SA-4.0,2026-08-25,untranslated,true
built-in-film-television-clue-0240,built-in-film-television,Film and Television Pack,built-in-film-television-set-048,board,round-two,5,medium,animation,Lilo & Stitch: Family and Animation,,Who edited Lilo & Stitch?,,Darren T. Holmes,,,,Darren T. Holmes assembled the animated feature as its credited editor.,,Lilo & Stitch — Wikipedia permanent revision 1370811204,https://en.wikipedia.org/w/index.php?title=Lilo_%26_Stitch&oldid=1370811204,CC-BY-SA-4.0,2026-08-25,untranslated,true
built-in-film-television-clue-0241,built-in-film-television,Film and Television Pack,built-in-film-television-set-049,board,round-two,1,easy,animation,Balto: Dogs and Animation,,Name Steele’s three canine accomplices in Balto.,,"Kaltag, Nikki, and Star",,"Kaltag, Nikki and Star;Nikki, Kaltag and Star;Kaltag, Star, and Nikki;Nikki, Star, and Kaltag;Star, Kaltag, and Nikki;Star, Nikki, and Kaltag",,"Kaltag, Nikki, and Star form Steele’s group.",,Balto (film) — Wikipedia permanent revision 1368277583,https://en.wikipedia.org/w/index.php?title=Balto_(film)&oldid=1368277583,CC-BY-SA-4.0,2026-08-25,untranslated,true
built-in-film-television-clue-0242,built-in-film-television,Film and Television Pack,built-in-film-television-set-049,board,round-two,2,easy,animation,Balto: Dogs and Animation,,Who produced Balto (film)?,,Steve Hickner,,,,Steve Hickner produced Balto.,,Balto (film) — Wikipedia permanent revision 1368277583,https://en.wikipedia.org/w/index.php?title=Balto_(film)&oldid=1368277583,CC-BY-SA-4.0,2026-08-25,untranslated,true
built-in-film-television-clue-0243,built-in-film-television,Film and Television Pack,built-in-film-television-set-049,board,round-two,3,easy,animation,Balto: Dogs and Animation,,Who shares Balto’s story credit with Elana Lesser?,,Cliff Ruby,,,,Cliff Ruby and Lesser receive the film’s story credit.,,Balto (film) — Wikipedia permanent revision 1368277583,https://en.wikipedia.org/w/index.php?title=Balto_(film)&oldid=1368277583,CC-BY-SA-4.0,2026-08-25,untranslated,true
built-in-film-television-clue-0244,built-in-film-television,Film and Television Pack,built-in-film-television-set-049,board,round-two,4,easy,animation,Balto: Dogs and Animation,,Which medium did Balto’s background artists use to achieve its snow colors and textures?,,oil paint,,oils,,They chose oil paint rather than the usual gouache or watercolor.,,Balto (film) — Wikipedia permanent revision 1368277583,https://en.wikipedia.org/w/index.php?title=Balto_(film)&oldid=1368277583,CC-BY-SA-4.0,2026-08-25,untranslated,true
built-in-film-television-clue-0245,built-in-film-television,Film and Television Pack,built-in-film-television-set-049,board,round-two,5,easy,animation,Balto: Dogs and Animation,,About how many live huskies attended drawing classes for Balto’s animators?,,seven Siberian Huskies,,about seven huskies,,The filmmakers studied roughly seven Siberian Huskies walking around the studio.,,Balto (film) — Wikipedia permanent revision 1368277583,https://en.wikipedia.org/w/index.php?title=Balto_(film)&oldid=1368277583,CC-BY-SA-4.0,2026-08-25,untranslated,true
built-in-film-television-clue-0246,built-in-film-television,Film and Television Pack,built-in-film-television-set-050,board,round-two,1,easy,animation,Robotics Heroes: Story and Animation,,Which Marvel superhero team inspired Disney’s 2014 animated adventure about robotics prodigy Hiro Hamada?,,Big Hero 6,,,,The film is loosely based on Marvel Comics’ Big Hero 6 superhero team.,,Big Hero 6 (film) — Wikipedia permanent revision 1370720710,https://en.wikipedia.org/w/index.php?title=Big_Hero_6_(film)&oldid=1370720710,CC-BY-SA-4.0,2026-08-25,untranslated,true
built-in-film-television-clue-0247,built-in-film-television,Film and Television Pack,built-in-film-television-set-050,board,round-two,2,easy,animation,Robotics Heroes: Story and Animation,,Big Hero 6 takes place in this fictional Pacific metropolis.,,San Fransokyo,,,,The film’s city is San Fransokyo.,,Big Hero 6 (film) — Wikipedia permanent revision 1370720710,https://en.wikipedia.org/w/index.php?title=Big_Hero_6_(film)&oldid=1370720710,CC-BY-SA-4.0,2026-08-25,untranslated,true
built-in-film-television-clue-0248,built-in-film-television,Film and Television Pack,built-in-film-television-set-050,board,round-two,3,easy,animation,Robotics Heroes: Story and Animation,,Who produced Big Hero 6 (film)?,,Roy Conli,,,,Roy Conli holds the sole producer credit shown for Big Hero 6 (film).,,Big Hero 6 (film) — Wikipedia permanent revision 1370720710,https://en.wikipedia.org/w/index.php?title=Big_Hero_6_(film)&oldid=1370720710,CC-BY-SA-4.0,2026-08-25,untranslated,true
built-in-film-television-clue-0249,built-in-film-television,Film and Television Pack,built-in-film-television-set-050,board,round-two,4,easy,animation,Robotics Heroes: Story and Animation,,Which San Francisco disaster anchors the filmmakers’ unstated alternate history for San Fransokyo?,,the 1906 earthquake,,1906 San Francisco earthquake,,They imagined Japanese immigrants rebuilding after the 1906 earthquake.,,Big Hero 6 (film) — Wikipedia permanent revision 1370720710,https://en.wikipedia.org/w/index.php?title=Big_Hero_6_(film)&oldid=1370720710,CC-BY-SA-4.0,2026-08-25,untranslated,true
built-in-film-television-clue-0250,built-in-film-television,Film and Television Pack,built-in-film-television-set-050,board,round-two,5,easy,animation,Robotics Heroes: Story and Animation,,How large was Disney’s computing cluster for Big Hero 6’s Hyperion renderer?,,"over 2,300 Linux workstations",,"more than 2,300 workstations",,"Hyperion’s workload used more than 2,300 Linux workstations across four data centers.",,Big Hero 6 (film) — Wikipedia permanent revision 1370720710,https://en.wikipedia.org/w/index.php?title=Big_Hero_6_(film)&oldid=1370720710,CC-BY-SA-4.0,2026-08-25,untranslated,true
built-in-film-television-clue-0251,built-in-film-television,Film and Television Pack,built-in-film-television-set-051,board,round-two,1,easy,animation,Kung Fu Panda: Franchise and Animation,,This actor supplies Po’s voice in the Kung Fu Panda films.,,Jack Black,,,,Jack Black voices the title panda.,,Kung Fu Panda — Wikipedia permanent revision 1370947590,https://en.wikipedia.org/w/index.php?title=Kung_Fu_Panda&oldid=1370947590,CC-BY-SA-4.0,2026-08-25,untranslated,true
built-in-film-television-clue-0252,built-in-film-television,Film and Television Pack,built-in-film-television-set-051,board,round-two,2,easy,animation,Kung Fu Panda: Franchise and Animation,,Which writing duo is credited with creating the Kung Fu Panda franchise?,,Ethan Reiff and Cyrus Voris,,Cyrus Voris and Ethan Reiff,,Ethan Reiff and Cyrus Voris hold the franchise’s created-by credit.,,Kung Fu Panda — Wikipedia permanent revision 1370947590,https://en.wikipedia.org/w/index.php?title=Kung_Fu_Panda&oldid=1370947590,CC-BY-SA-4.0,2026-08-25,untranslated,true
built-in-film-television-clue-0253,built-in-film-television,Film and Television Pack,built-in-film-television-set-051,board,round-two,3,easy,animation,Kung Fu Panda: Franchise and Animation,,Which year marks the original release of Kung Fu Panda?,,2008,,,,The franchise began with the original Kung Fu Panda film in 2008.,,Kung Fu Panda — Wikipedia permanent revision 1370947590,https://en.wikipedia.org/w/index.php?title=Kung_Fu_Panda&oldid=1370947590,CC-BY-SA-4.0,2026-08-25,untranslated,true
built-in-film-television-clue-0254,built-in-film-television,Film and Television Pack,built-in-film-television-set-051,board,round-two,4,easy,animation,Kung Fu Panda: Franchise and Animation,,Which screenwriting duo is credited with developing the Kung Fu Panda franchise?,,Jonathan Aibel and Glenn Berger,,Glenn Berger and Jonathan Aibel,,Jonathan Aibel and Glenn Berger hold the development credit.,,Kung Fu Panda — Wikipedia permanent revision 1370947590,https://en.wikipedia.org/w/index.php?title=Kung_Fu_Panda&oldid=1370947590,CC-BY-SA-4.0,2026-08-25,untranslated,true
built-in-film-television-clue-0255,built-in-film-television,Film and Television Pack,built-in-film-television-set-051,board,round-two,5,easy,animation,Kung Fu Panda: Franchise and Animation,,"As of 2026-08-23, which animation studio owns the Kung Fu Panda franchise under parent company Universal Pictures?",,DreamWorks Animation,,,,DreamWorks Animation owns the franchise within Universal Pictures.,,Kung Fu Panda — Wikipedia permanent revision 1370947590,https://en.wikipedia.org/w/index.php?title=Kung_Fu_Panda&oldid=1370947590,CC-BY-SA-4.0,2026-08-25,untranslated,true
built-in-film-television-clue-0256,built-in-film-television,Film and Television Pack,built-in-film-television-set-052,board,round-two,1,medium,animation,Seventies Disney Releases,,This Disney animated feature about a family of Parisian cats opened in 1970.,,The Aristocats,,,,The Aristocats was released in December 1970.,,The Aristocats — Wikipedia permanent revision 1370810557,https://en.wikipedia.org/w/index.php?title=The_Aristocats&oldid=1370810557,CC-BY-SA-4.0,2026-08-25,untranslated,true
built-in-film-television-clue-0257,built-in-film-television,Film and Television Pack,built-in-film-television-set-052,board,round-two,2,medium,animation,Seventies Disney Releases,,Which actor voices the alley cat Thomas O’Malley in The Aristocats?,,Phil Harris,,,,Phil Harris heads the voice cast and performs the alley cat Thomas O’Malley.,,The Aristocats — Wikipedia permanent revision 1370810557,https://en.wikipedia.org/w/index.php?title=The_Aristocats&oldid=1370810557,CC-BY-SA-4.0,2026-08-25,untranslated,true
built-in-film-television-clue-0258,built-in-film-television,Film and Television Pack,built-in-film-television-set-052,board,round-two,3,medium,animation,Seventies Disney Releases,,Which butler became The Aristocats’ sole central antagonist after another character was removed?,,Edgar,,,,Streamlining the story left Edgar as the only central villain.,,The Aristocats — Wikipedia permanent revision 1370810557,https://en.wikipedia.org/w/index.php?title=The_Aristocats&oldid=1370810557,CC-BY-SA-4.0,2026-08-25,untranslated,true
built-in-film-television-clue-0259,built-in-film-television,Film and Television Pack,built-in-film-television-set-052,board,round-two,4,medium,animation,Seventies Disney Releases,,"Who co-produced The Aristocats with its director, Wolfgang Reitherman?",,Winston Hibler,,,,Winston Hibler shares the production credit with Reitherman.,,The Aristocats — Wikipedia permanent revision 1370810557,https://en.wikipedia.org/w/index.php?title=The_Aristocats&oldid=1370810557,CC-BY-SA-4.0,2026-08-25,untranslated,true
built-in-film-television-clue-0260,built-in-film-television,Film and Television Pack,built-in-film-television-set-052,board,round-two,5,medium,animation,Seventies Disney Releases,,Which accordion-like style did George Bruns feature to give The Aristocats a French musical flavor?,,musette,,,,Bruns drew on musette as part of the Parisian score.,,The Aristocats — Wikipedia permanent revision 1370810557,https://en.wikipedia.org/w/index.php?title=The_Aristocats&oldid=1370810557,CC-BY-SA-4.0,2026-08-25,untranslated,true
built-in-film-television-clue-0261,built-in-film-television,Film and Television Pack,built-in-film-television-set-053,board,round-two,1,medium,animation,The Iron Giant: Story and Animation,,"In what year, during the Cold War, is The Iron Giant set?",,1957,,,,Hogarth meets the giant robot in 1957.,,The Iron Giant — Wikipedia permanent revision 1370746552,https://en.wikipedia.org/w/index.php?title=The_Iron_Giant&oldid=1370746552,CC-BY-SA-4.0,2026-08-25,untranslated,true
built-in-film-television-clue-0262,built-in-film-television,Film and Television Pack,built-in-film-television-set-053,board,round-two,2,medium,animation,The Iron Giant: Story and Animation,,This boy befriends the title robot in The Iron Giant.,,Hogarth Hughes,,,,Hogarth Hughes discovers and protects the Giant.,,The Iron Giant — Wikipedia permanent revision 1370746552,https://en.wikipedia.org/w/index.php?title=The_Iron_Giant&oldid=1370746552,CC-BY-SA-4.0,2026-08-25,untranslated,true
built-in-film-television-clue-0263,built-in-film-television,Film and Television Pack,built-in-film-television-set-053,board,round-two,3,medium,animation,The Iron Giant: Story and Animation,,Who shares The Iron Giant’s producer credit with Des McAnuff?,,Allison Abbate,,,,Allison Abbate shares the two-person producer credit with Des McAnuff.,,The Iron Giant — Wikipedia permanent revision 1370746552,https://en.wikipedia.org/w/index.php?title=The_Iron_Giant&oldid=1370746552,CC-BY-SA-4.0,2026-08-25,untranslated,true
built-in-film-television-clue-0264,built-in-film-television,Film and Television Pack,built-in-film-television-set-053,board,round-two,4,medium,animation,The Iron Giant: Story and Animation,,Which Ted Hughes children’s book supplied the source material for The Iron Giant?,,The Iron Man: A Children's Story in Five Nights,,The Iron Man,,The film is based on The Iron Man: A Children’s Story in Five Nights.,,The Iron Giant — Wikipedia permanent revision 1370746552,https://en.wikipedia.org/w/index.php?title=The_Iron_Giant&oldid=1370746552,CC-BY-SA-4.0,2026-08-25,untranslated,true
built-in-film-television-clue-0265,built-in-film-television,Film and Television Pack,built-in-film-television-set-053,board,round-two,5,medium,animation,The Iron Giant: Story and Animation,,Which orchestra performed Michael Kamen’s score for The Iron Giant?,,Czech Philharmonic,,,,The Czech Philharmonic recorded the orchestral score.,,The Iron Giant — Wikipedia permanent revision 1370746552,https://en.wikipedia.org/w/index.php?title=The_Iron_Giant&oldid=1370746552,CC-BY-SA-4.0,2026-08-25,untranslated,true
built-in-film-television-clue-0266,built-in-film-television,Film and Television Pack,built-in-film-television-set-054,board,round-two,1,easy,animation,Woodland Coming-of-Age,,Which Felix Salten novel supplied the source for Disney’s 1942 animated woodland coming-of-age feature?,,"Bambi, a Life in the Woods",,Bambi,,"Bambi adapts Bambi, a Life in the Woods.",,Bambi — Wikipedia permanent revision 1370979715,https://en.wikipedia.org/w/index.php?title=Bambi&oldid=1370979715,CC-BY-SA-4.0,2026-08-25,untranslated,true
built-in-film-television-clue-0267,built-in-film-television,Film and Television Pack,built-in-film-television-set-054,board,round-two,2,easy,animation,Woodland Coming-of-Age,,What kind of animal is Bambi?,,Deer,,,,Bambi is a young deer.,,Bambi — Wikipedia permanent revision 1370979715,https://en.wikipedia.org/w/index.php?title=Bambi&oldid=1370979715,CC-BY-SA-4.0,2026-08-25,untranslated,true
built-in-film-television-clue-0268,built-in-film-television,Film and Television Pack,built-in-film-television-set-054,board,round-two,3,easy,animation,Woodland Coming-of-Age,,Which North American species replaced the novel’s European roe deer as Disney’s model for Bambi?,,mule deer,,,,Disney based Bambi on a mule deer from California.,,Bambi — Wikipedia permanent revision 1370979715,https://en.wikipedia.org/w/index.php?title=Bambi&oldid=1370979715,CC-BY-SA-4.0,2026-08-25,untranslated,true
built-in-film-television-clue-0269,built-in-film-television,Film and Television Pack,built-in-film-television-set-054,board,round-two,4,easy,animation,Woodland Coming-of-Age,,Which producer brought Bambi to the screen?,,Walt Disney,,,,Walt Disney receives the sole producer credit on the 1942 animated feature.,,Bambi — Wikipedia permanent revision 1370979715,https://en.wikipedia.org/w/index.php?title=Bambi&oldid=1370979715,CC-BY-SA-4.0,2026-08-25,untranslated,true
built-in-film-television-clue-0270,built-in-film-television,Film and Television Pack,built-in-film-television-set-054,board,round-two,5,easy,animation,Woodland Coming-of-Age,,How many Academy Award nominations did Bambi receive?,,three,,3,,"The film was nominated for sound, song, and original score—three categories.",,Bambi — Wikipedia permanent revision 1370979715,https://en.wikipedia.org/w/index.php?title=Bambi&oldid=1370979715,CC-BY-SA-4.0,2026-08-25,untranslated,true
built-in-film-television-clue-0271,built-in-film-television,Film and Television Pack,built-in-film-television-set-055,board,round-two,1,easy,animation,Agrabah: Character and Animation,,How was the Magic Carpet’s patterned surface added after its character animation was complete?,,digitally,,digital compositing,,The production applied the carpet’s surface design digitally.,,Aladdin (1992 Disney film) — Wikipedia permanent revision 1370686391,https://en.wikipedia.org/w/index.php?title=Aladdin_(1992_Disney_film)&oldid=1370686391,CC-BY-SA-4.0,2026-08-25,untranslated,true
built-in-film-television-clue-0272,built-in-film-television,Film and Television Pack,built-in-film-television-set-055,board,round-two,2,easy,animation,Agrabah: Character and Animation,,Which tale from One Thousand and One Nights supplied the source for Disney’s 1992 film about a street urchin and a genie?,,Aladdin and the Magic Lamp,,Aladdin,,The adaptation credit names Aladdin and the Magic Lamp.,,Aladdin (1992 Disney film) — Wikipedia permanent revision 1370686391,https://en.wikipedia.org/w/index.php?title=Aladdin_(1992_Disney_film)&oldid=1370686391,CC-BY-SA-4.0,2026-08-25,untranslated,true
built-in-film-television-clue-0273,built-in-film-television,Film and Television Pack,built-in-film-television-set-055,board,round-two,3,easy,animation,Agrabah: Character and Animation,,This comedian voices the Genie in Disney’s 1992 Aladdin.,,Robin Williams,,,,Robin Williams performs the Genie’s voice.,,Aladdin (1992 Disney film) — Wikipedia permanent revision 1370686391,https://en.wikipedia.org/w/index.php?title=Aladdin_(1992_Disney_film)&oldid=1370686391,CC-BY-SA-4.0,2026-08-25,untranslated,true
built-in-film-television-clue-0274,built-in-film-television,Film and Television Pack,built-in-film-television-set-055,board,round-two,4,easy,animation,Agrabah: Character and Animation,,Which actor partly inspired Aladdin’s redesigned appearance?,,Tom Cruise,,,,The animators incorporated elements of Tom Cruise into the older-looking hero.,,Aladdin (1992 Disney film) — Wikipedia permanent revision 1370686391,https://en.wikipedia.org/w/index.php?title=Aladdin_(1992_Disney_film)&oldid=1370686391,CC-BY-SA-4.0,2026-08-25,untranslated,true
built-in-film-television-clue-0275,built-in-film-television,Film and Television Pack,built-in-film-television-set-055,board,round-two,5,easy,animation,Agrabah: Character and Animation,,What live-animal study helped Aladdin’s animators shape Abu’s movement?,,monkeys at the San Francisco Zoo,,San Francisco Zoo monkeys,,The animators filmed monkeys at the San Francisco Zoo and studied their motion.,,Aladdin (1992 Disney film) — Wikipedia permanent revision 1370686391,https://en.wikipedia.org/w/index.php?title=Aladdin_(1992_Disney_film)&oldid=1370686391,CC-BY-SA-4.0,2026-08-25,untranslated,true
built-in-film-television-clue-0276,built-in-film-television,Film and Television Pack,built-in-film-television-set-056,board,round-one,1,hard,animation,Vikings and Dragons: Story and Animation,,Which real animal inspired the design language of Toothless?,,a black panther,,black panther,,The animators blended dragon traits with a black-panther model.,,How to Train Your Dragon (2010 film) — Wikipedia permanent revision 1366199178,https://en.wikipedia.org/w/index.php?title=How_to_Train_Your_Dragon_(2010_film)&oldid=1366199178,CC-BY-SA-4.0,2026-08-25,untranslated,true
built-in-film-television-clue-0277,built-in-film-television,Film and Television Pack,built-in-film-television-set-056,board,round-one,2,hard,animation,Vikings and Dragons: Story and Animation,,Which Cressida Cowell children’s book series inspired DreamWorks’ 2010 Viking-and-dragon film?,,How to Train Your Dragon,,,,The film adapts Cowell’s How to Train Your Dragon books.,,How to Train Your Dragon (2010 film) — Wikipedia permanent revision 1366199178,https://en.wikipedia.org/w/index.php?title=How_to_Train_Your_Dragon_(2010_film)&oldid=1366199178,CC-BY-SA-4.0,2026-08-25,untranslated,true
built-in-film-television-clue-0278,built-in-film-television,Film and Television Pack,built-in-film-television-set-056,board,round-one,3,hard,animation,Vikings and Dragons: Story and Animation,,Who produced How to Train Your Dragon (2010 film)?,,Bonnie Arnold,,,,Bonnie Arnold produced How to Train Your Dragon.,,How to Train Your Dragon (2010 film) — Wikipedia permanent revision 1366199178,https://en.wikipedia.org/w/index.php?title=How_to_Train_Your_Dragon_(2010_film)&oldid=1366199178,CC-BY-SA-4.0,2026-08-25,untranslated,true
built-in-film-television-clue-0279,built-in-film-television,Film and Television Pack,built-in-film-television-set-056,board,round-one,4,hard,animation,Vikings and Dragons: Story and Animation,,In which two categories was How to Train Your Dragon nominated at the 83rd Academy Awards?,,Best Animated Feature and Best Original Score,,,,The film competed for animated feature and original score.,,How to Train Your Dragon (2010 film) — Wikipedia permanent revision 1366199178,https://en.wikipedia.org/w/index.php?title=How_to_Train_Your_Dragon_(2010_film)&oldid=1366199178,CC-BY-SA-4.0,2026-08-25,untranslated,true
built-in-film-television-clue-0280,built-in-film-television,Film and Television Pack,built-in-film-television-set-056,board,round-one,5,hard,animation,Vikings and Dragons: Story and Animation,,This actor voices Hiccup in How to Train Your Dragon.,,Jay Baruchel,,,,Jay Baruchel performs Hiccup’s voice.,,How to Train Your Dragon (2010 film) — Wikipedia permanent revision 1366199178,https://en.wikipedia.org/w/index.php?title=How_to_Train_Your_Dragon_(2010_film)&oldid=1366199178,CC-BY-SA-4.0,2026-08-25,untranslated,true
built-in-film-television-clue-0281,built-in-film-television,Film and Television Pack,built-in-film-television-set-057,board,round-two,1,medium,animation,Toy Story: Characters and Animation,,This is the name of Sid Phillips’s dog in Toy Story.,,Scud,,,,Sid’s bull terrier is named Scud.,,Toy Story — Wikipedia permanent revision 1369985303,https://en.wikipedia.org/w/index.php?title=Toy_Story&oldid=1369985303,CC-BY-SA-4.0,2026-08-25,untranslated,true
built-in-film-television-clue-0282,built-in-film-television,Film and Television Pack,built-in-film-television-set-057,board,round-two,2,medium,animation,Toy Story: Characters and Animation,,Who shares Toy Story’s producer credit with Ralph Guggenheim?,,Bonnie Arnold,,,,Bonnie Arnold co-produced Toy Story with Guggenheim.,,Toy Story — Wikipedia permanent revision 1369985303,https://en.wikipedia.org/w/index.php?title=Toy_Story&oldid=1369985303,CC-BY-SA-4.0,2026-08-25,untranslated,true
built-in-film-television-clue-0283,built-in-film-television,Film and Television Pack,built-in-film-television-set-057,board,round-two,3,medium,animation,Toy Story: Characters and Animation,,Toy Story became the first animated film nominated for which Academy Award category?,,Best Original Screenplay,,,,Its screenplay broke the category barrier for animation.,,Toy Story — Wikipedia permanent revision 1369985303,https://en.wikipedia.org/w/index.php?title=Toy_Story&oldid=1369985303,CC-BY-SA-4.0,2026-08-25,untranslated,true
built-in-film-television-clue-0284,built-in-film-television,Film and Television Pack,built-in-film-television-set-057,board,round-two,4,medium,animation,Toy Story: Characters and Animation,,"Who shares Toy Story’s story credit with John Lasseter, Andrew Stanton, and Joe Ranft?",,Pete Docter,,,,Pete Docter completes the film’s four-person story team.,,Toy Story — Wikipedia permanent revision 1369985303,https://en.wikipedia.org/w/index.php?title=Toy_Story&oldid=1369985303,CC-BY-SA-4.0,2026-08-25,untranslated,true
built-in-film-television-clue-0285,built-in-film-television,Film and Television Pack,built-in-film-television-set-057,board,round-two,5,medium,animation,Toy Story: Characters and Animation,,When did Toy Story record scratch vocals for every reel?,,before animation,,,,"The production recorded temporary voices before animation, then replaced them with final performances.",,Toy Story — Wikipedia permanent revision 1369985303,https://en.wikipedia.org/w/index.php?title=Toy_Story&oldid=1369985303,CC-BY-SA-4.0,2026-08-25,untranslated,true
built-in-film-television-clue-0286,built-in-film-television,Film and Television Pack,built-in-film-television-set-058,board,round-two,1,easy,animation,Orchard-Family Ponies,,Applejack’s younger sister has this name.,,Apple Bloom,,,,Apple Bloom belongs to the Apple family and lives near the family orchard in Ponyville.,,List of My Little Pony: Friendship Is Magic characters — Wikipedia permanent revision 1369460652,https://en.wikipedia.org/w/index.php?title=List_of_My_Little_Pony%3A_Friendship_Is_Magic_characters&oldid=1369460652,CC-BY-SA-4.0,2026-08-25,untranslated,true
built-in-film-television-clue-0287,built-in-film-television,Film and Television Pack,built-in-film-television-set-058,board,round-two,2,easy,animation,Orchard-Family Ponies,,At which Ponyville orchard does Applejack work as an apple farmer?,,Sweet Apple Acres,,,,Sweet Apple Acres is the Apple family’s orchard in Ponyville.,,List of My Little Pony: Friendship Is Magic characters — Wikipedia permanent revision 1369460652,https://en.wikipedia.org/w/index.php?title=List_of_My_Little_Pony%3A_Friendship_Is_Magic_characters&oldid=1369460652,CC-BY-SA-4.0,2026-08-25,untranslated,true
built-in-film-television-clue-0288,built-in-film-television,Film and Television Pack,built-in-film-television-set-058,board,round-two,3,easy,animation,Orchard-Family Ponies,,"In My Little Pony: Friendship Is Magic, which stallion is Apple Bloom’s older brother?",,Big McIntosh,,,,Big McIntosh is one of the Apple siblings.,,List of My Little Pony: Friendship Is Magic characters — Wikipedia permanent revision 1369460652,https://en.wikipedia.org/w/index.php?title=List_of_My_Little_Pony%3A_Friendship_Is_Magic_characters&oldid=1369460652,CC-BY-SA-4.0,2026-08-25,untranslated,true
built-in-film-television-clue-0289,built-in-film-television,Film and Television Pack,built-in-film-television-set-058,board,round-two,4,easy,animation,Orchard-Family Ponies,,"In My Little Pony: Friendship Is Magic, which elder pony is Apple Bloom’s grandmother?",,Granny Smith,,,,Granny Smith heads the Apple household.,,List of My Little Pony: Friendship Is Magic characters — Wikipedia permanent revision 1369460652,https://en.wikipedia.org/w/index.php?title=List_of_My_Little_Pony%3A_Friendship_Is_Magic_characters&oldid=1369460652,CC-BY-SA-4.0,2026-08-25,untranslated,true
built-in-film-television-clue-0290,built-in-film-television,Film and Television Pack,built-in-film-television-set-058,board,round-two,5,easy,animation,Orchard-Family Ponies,,"In My Little Pony: Friendship Is Magic, what is the name of Applejack’s Border Collie?",,Winona,,,,The Apple family’s dog is Winona.,,List of My Little Pony: Friendship Is Magic characters — Wikipedia permanent revision 1369460652,https://en.wikipedia.org/w/index.php?title=List_of_My_Little_Pony%3A_Friendship_Is_Magic_characters&oldid=1369460652,CC-BY-SA-4.0,2026-08-25,untranslated,true
built-in-film-television-clue-0291,built-in-film-television,Film and Television Pack,built-in-film-television-set-059,board,round-two,1,medium,television-history,Doctor Who: Origins and Craft,,True or false: Doctor Who first aired on British television in 1963.,,True,,,,The BBC transmitted the first episode on 23 November 1963.,,Doctor Who — Wikipedia permanent revision 1370777161,https://en.wikipedia.org/w/index.php?title=Doctor_Who&oldid=1370777161,CC-BY-SA-4.0,2026-08-25,untranslated,true
built-in-film-television-clue-0292,built-in-film-television,Film and Television Pack,built-in-film-television-set-059,board,round-two,2,medium,television-history,Doctor Who: Origins and Craft,,Which producer helped shape Doctor Who at its 1963 launch?,,Verity Lambert,,,,Verity Lambert was the programme’s initial producer.,,Doctor Who — Wikipedia permanent revision 1370777161,https://en.wikipedia.org/w/index.php?title=Doctor_Who&oldid=1370777161,CC-BY-SA-4.0,2026-08-25,untranslated,true
built-in-film-television-clue-0293,built-in-film-television,Film and Television Pack,built-in-film-television-set-059,board,round-two,3,medium,television-history,Doctor Who: Origins and Craft,,Which Canadian-born television producer is credited as a creator of Doctor Who?,,Sydney Newman,,,,Sydney Newman helped create the series.,,Doctor Who — Wikipedia permanent revision 1370777161,https://en.wikipedia.org/w/index.php?title=Doctor_Who&oldid=1370777161,CC-BY-SA-4.0,2026-08-25,untranslated,true
built-in-film-television-clue-0294,built-in-film-television,Film and Television Pack,built-in-film-television-set-059,board,round-two,4,medium,television-history,Doctor Who: Origins and Craft,,Which present-day BBC channel carried Doctor Who's original television run?,,BBC One,,,,BBC One carried the original broadcasts.,,Doctor Who — Wikipedia permanent revision 1370777161,https://en.wikipedia.org/w/index.php?title=Doctor_Who&oldid=1370777161,CC-BY-SA-4.0,2026-08-25,untranslated,true
built-in-film-television-clue-0295,built-in-film-television,Film and Television Pack,built-in-film-television-set-059,board,round-two,5,medium,television-history,Doctor Who: Origins and Craft,,Who composed the Doctor Who theme music?,,Ron Grainer,,,,Ron Grainer wrote the composition that Delia Derbyshire realized for television.,,Doctor Who — Wikipedia permanent revision 1370777161,https://en.wikipedia.org/w/index.php?title=Doctor_Who&oldid=1370777161,CC-BY-SA-4.0,2026-08-25,untranslated,true
built-in-film-television-clue-0296,built-in-film-television,Film and Television Pack,built-in-film-television-set-060,board,round-two,1,medium,television-history,Network Sitcom Debuts,,Which US broadcast network carried The Big Bang Theory throughout its original run?,,CBS,,,,CBS aired the series from its premiere through its 2019 finale.,,The Big Bang Theory — Wikipedia permanent revision 1370475902,https://en.wikipedia.org/w/index.php?title=The_Big_Bang_Theory&oldid=1370475902,CC-BY-SA-4.0,2026-08-25,untranslated,true
built-in-film-television-clue-0297,built-in-film-television,Film and Television Pack,built-in-film-television-set-060,board,round-two,2,medium,television-history,Network Sitcom Debuts,,The Big Bang Theory premiered on CBS in this year.,,2007,,,,CBS launched the sitcom in 2007.,,The Big Bang Theory — Wikipedia permanent revision 1370475902,https://en.wikipedia.org/w/index.php?title=The_Big_Bang_Theory&oldid=1370475902,CC-BY-SA-4.0,2026-08-25,untranslated,true
built-in-film-television-clue-0298,built-in-film-television,Film and Television Pack,built-in-film-television-set-060,board,round-two,3,medium,television-history,Network Sitcom Debuts,,Which former Muppets writer co-created The Big Bang Theory with Chuck Lorre?,,Bill Prady,,,,Bill Prady developed the sitcom with Chuck Lorre for CBS.,,The Big Bang Theory — Wikipedia permanent revision 1370475902,https://en.wikipedia.org/w/index.php?title=The_Big_Bang_Theory&oldid=1370475902,CC-BY-SA-4.0,2026-08-25,untranslated,true
built-in-film-television-clue-0299,built-in-film-television,Film and Television Pack,built-in-film-television-set-060,board,round-two,4,medium,television-history,Network Sitcom Debuts,,Which director handled most episodes of The Big Bang Theory?,,Mark Cendrowski,,,,Mark Cendrowski directed most of the series.,,The Big Bang Theory — Wikipedia permanent revision 1370475902,https://en.wikipedia.org/w/index.php?title=The_Big_Bang_Theory&oldid=1370475902,CC-BY-SA-4.0,2026-08-25,untranslated,true
built-in-film-television-clue-0300,built-in-film-television,Film and Television Pack,built-in-film-television-set-060,board,round-two,5,medium,television-history,Network Sitcom Debuts,,Which actor played experimental physicist Leonard Hofstadter?,,Johnny Galecki,,,,Johnny Galecki portrayed Leonard Hofstadter.,,The Big Bang Theory — Wikipedia permanent revision 1370475902,https://en.wikipedia.org/w/index.php?title=The_Big_Bang_Theory&oldid=1370475902,CC-BY-SA-4.0,2026-08-25,untranslated,true
built-in-film-television-clue-0301,built-in-film-television,Film and Television Pack,built-in-film-television-set-061,board,round-two,1,medium,television-history,The Bill: Broadcast History and Craft,,"Alongside police procedural and soap opera, which genre completes The Bill’s classification?",,Crime drama,,,,Crime drama is the remaining genre documented for the series.,,The Bill — Wikipedia permanent revision 1368637459,https://en.wikipedia.org/w/index.php?title=The_Bill&oldid=1368637459,CC-BY-SA-4.0,2026-08-25,untranslated,true
built-in-film-television-clue-0302,built-in-film-television,Film and Television Pack,built-in-film-television-set-061,board,round-two,2,medium,television-history,The Bill: Broadcast History and Craft,,Who created the British police series The Bill?,,Geoff McQueen,,,,Geoff McQueen first introduced the Sun Hill officers in the one-off drama Woodentop.,,The Bill — Wikipedia permanent revision 1368637459,https://en.wikipedia.org/w/index.php?title=The_Bill&oldid=1368637459,CC-BY-SA-4.0,2026-08-25,untranslated,true
built-in-film-television-clue-0303,built-in-film-television,Film and Television Pack,built-in-film-television-set-061,board,round-two,3,medium,television-history,The Bill: Broadcast History and Craft,,Which British network broadcast The Bill?,,ITV,,,,"ITV first aired Woodentop, the one-off drama that launched the continuing series.",,The Bill — Wikipedia permanent revision 1368637459,https://en.wikipedia.org/w/index.php?title=The_Bill&oldid=1368637459,CC-BY-SA-4.0,2026-08-25,untranslated,true
built-in-film-television-clue-0304,built-in-film-television,Film and Television Pack,built-in-film-television-set-061,board,round-two,4,medium,television-history,The Bill: Broadcast History and Craft,,This is the year the British police drama The Bill ended its original run.,,2010,,,,ITV broadcast the final episode in 2010.,,The Bill — Wikipedia permanent revision 1368637459,https://en.wikipedia.org/w/index.php?title=The_Bill&oldid=1368637459,CC-BY-SA-4.0,2026-08-25,untranslated,true
built-in-film-television-clue-0305,built-in-film-television,Film and Television Pack,built-in-film-television-set-061,board,round-two,5,medium,television-history,The Bill: Broadcast History and Craft,,"Who co-composed The Bill’s 1984–2009 opening theme, “Overkill,” with Charlie Morgan?",,Andy Pask,,,,"Andy Pask and Charlie Morgan co-composed “Overkill,” the series’ 1984–2009 opening theme.",,The Bill — Wikipedia permanent revision 1368637459,https://en.wikipedia.org/w/index.php?title=The_Bill&oldid=1368637459,CC-BY-SA-4.0,2026-08-25,untranslated,true
built-in-film-television-clue-0306,built-in-film-television,Film and Television Pack,built-in-film-television-set-062,board,round-one,1,hard,television-history,SpongeBob SquarePants: Origins and Craft,,Who served as the first season’s creative director on SpongeBob SquarePants?,,Derek Drymon,,,,Derek Drymon served as creative director during the first season.,,SpongeBob SquarePants — Wikipedia permanent revision 1371120944,https://en.wikipedia.org/w/index.php?title=SpongeBob_SquarePants&oldid=1371120944,CC-BY-SA-4.0,2026-08-25,untranslated,true
built-in-film-television-clue-0307,built-in-film-television,Film and Television Pack,built-in-film-television-set-062,board,round-one,2,hard,television-history,SpongeBob SquarePants: Origins and Craft,,Which cable network originally launched SpongeBob SquarePants?,,Nickelodeon,,,,Nickelodeon premiered the series after a preview following the 1999 Kids’ Choice Awards.,,SpongeBob SquarePants — Wikipedia permanent revision 1371120944,https://en.wikipedia.org/w/index.php?title=SpongeBob_SquarePants&oldid=1371120944,CC-BY-SA-4.0,2026-08-25,untranslated,true
built-in-film-television-clue-0308,built-in-film-television,Film and Television Pack,built-in-film-television-set-062,board,round-one,3,hard,television-history,SpongeBob SquarePants: Origins and Craft,,SpongeBob SquarePants first aired on which calendar date?,,"May 1, 1999",,1 May 1999;May 1 1999,,"Nickelodeon previewed the series on May 1, 1999.",,SpongeBob SquarePants — Wikipedia permanent revision 1371120944,https://en.wikipedia.org/w/index.php?title=SpongeBob_SquarePants&oldid=1371120944,CC-BY-SA-4.0,2026-08-25,untranslated,true
built-in-film-television-clue-0309,built-in-film-television,Film and Television Pack,built-in-film-television-set-062,board,round-one,4,hard,television-history,SpongeBob SquarePants: Origins and Craft,,Which marine-science educator created SpongeBob SquarePants?,,Stephen Hillenburg,,,,Stephen Hillenburg brought a marine-science background to the series he created.,,SpongeBob SquarePants — Wikipedia permanent revision 1371120944,https://en.wikipedia.org/w/index.php?title=SpongeBob_SquarePants&oldid=1371120944,CC-BY-SA-4.0,2026-08-25,untranslated,true
built-in-film-television-clue-0310,built-in-film-television,Film and Television Pack,built-in-film-television-set-062,board,round-one,5,hard,television-history,SpongeBob SquarePants: Origins and Craft,,Which actor voices SpongeBob SquarePants?,,Tom Kenny,,,,Tom Kenny performs SpongeBob’s voice.,,SpongeBob SquarePants — Wikipedia permanent revision 1371120944,https://en.wikipedia.org/w/index.php?title=SpongeBob_SquarePants&oldid=1371120944,CC-BY-SA-4.0,2026-08-25,untranslated,true
built-in-film-television-clue-0311,built-in-film-television,Film and Television Pack,built-in-film-television-set-063,board,round-one,1,hard,television-history,Early Nickelodeon Game Shows,,"Which Nickelodeon game show debuted on October 6, 1986, with teams tackling trivia and physical challenges?",,Double Dare,,,,Double Dare debuted on Nickelodeon in October 1986.,,Double Dare (franchise) — Wikipedia permanent revision 1370204784,https://en.wikipedia.org/w/index.php?title=Double_Dare_(franchise)&oldid=1370204784,CC-BY-SA-4.0,2026-08-25,untranslated,true
built-in-film-television-clue-0312,built-in-film-television,Film and Television Pack,built-in-film-television-set-063,board,round-one,2,hard,television-history,Early Nickelodeon Game Shows,,Which television presenter fronted Double Dare’s original 1986–1993 run?,,Marc Summers,,,,Marc Summers presented the original Nickelodeon run.,,Double Dare (franchise) — Wikipedia permanent revision 1370204784,https://en.wikipedia.org/w/index.php?title=Double_Dare_(franchise)&oldid=1370204784,CC-BY-SA-4.0,2026-08-25,untranslated,true
built-in-film-television-clue-0313,built-in-film-television,Film and Television Pack,built-in-film-television-set-063,board,round-one,3,hard,television-history,Early Nickelodeon Game Shows,,Which television producer created Double Dare?,,Geoffrey Darby,,,,Geoffrey Darby created the franchise.,,Double Dare (franchise) — Wikipedia permanent revision 1370204784,https://en.wikipedia.org/w/index.php?title=Double_Dare_(franchise)&oldid=1370204784,CC-BY-SA-4.0,2026-08-25,untranslated,true
built-in-film-television-clue-0314,built-in-film-television,Film and Television Pack,built-in-film-television-set-063,board,round-one,4,hard,television-history,Early Nickelodeon Game Shows,,Which writer is credited on Double Dare’s 1986–1989 run?,,Alan Silberberg,,,,Alan Silberberg wrote for the original Nickelodeon run.,,Double Dare (franchise) — Wikipedia permanent revision 1370204784,https://en.wikipedia.org/w/index.php?title=Double_Dare_(franchise)&oldid=1370204784,CC-BY-SA-4.0,2026-08-25,untranslated,true
built-in-film-television-clue-0315,built-in-film-television,Film and Television Pack,built-in-film-television-set-063,board,round-one,5,hard,television-history,Early Nickelodeon Game Shows,,Which director is credited on Double Dare’s 1986–1988 run?,,Dana Calderwood,,,,Dana Calderwood directed episodes during that period.,,Double Dare (franchise) — Wikipedia permanent revision 1370204784,https://en.wikipedia.org/w/index.php?title=Double_Dare_(franchise)&oldid=1370204784,CC-BY-SA-4.0,2026-08-25,untranslated,true
built-in-film-television-clue-0316,built-in-film-television,Film and Television Pack,built-in-film-television-set-064,board,round-one,1,hard,television-history,Streaming-Company Origins,,"As of 2026-08-24, which country is Netflix based in?",,United States,,,,That dated revision identifies United States as Netflix’s country of origin.,,Netflix — Wikipedia permanent revision 1371049893,https://en.wikipedia.org/w/index.php?title=Netflix&oldid=1371049893,CC-BY-SA-4.0,2026-08-25,untranslated,true
built-in-film-television-clue-0317,built-in-film-television,Film and Television Pack,built-in-film-television-set-064,board,round-one,2,hard,television-history,Streaming-Company Origins,,Netflix was founded in this year.,,1997,,,,Reed Hastings and Marc Randolph founded the company in 1997.,,Netflix — Wikipedia permanent revision 1371049893,https://en.wikipedia.org/w/index.php?title=Netflix&oldid=1371049893,CC-BY-SA-4.0,2026-08-25,untranslated,true
built-in-film-television-clue-0318,built-in-film-television,Film and Television Pack,built-in-film-television-set-064,board,round-one,3,hard,television-history,Streaming-Company Origins,,"As of 2026-08-24, how is Netflix classified as a type of online service?",,OTT platform,,,,The revision classifies Netflix as an OTT platform.,,Netflix — Wikipedia permanent revision 1371049893,https://en.wikipedia.org/w/index.php?title=Netflix&oldid=1371049893,CC-BY-SA-4.0,2026-08-25,untranslated,true
built-in-film-television-clue-0319,built-in-film-television,Film and Television Pack,built-in-film-television-set-064,board,round-one,4,hard,television-history,Streaming-Company Origins,,"As of 2026-08-24, in which California city is Netflix headquartered?",,"Los Gatos, California",,Los Gatos,,"The revision places the headquarters in Los Gatos, California.",,Netflix — Wikipedia permanent revision 1371049893,https://en.wikipedia.org/w/index.php?title=Netflix&oldid=1371049893,CC-BY-SA-4.0,2026-08-25,untranslated,true
built-in-film-television-clue-0320,built-in-film-television,Film and Television Pack,built-in-film-television-set-064,board,round-one,5,hard,television-history,Streaming-Company Origins,,"As of 2026-08-24, Netflix lists mass media and which other industry?",,Entertainment,,,,Netflix identifies Entertainment alongside mass media as its industries.,,Netflix — Wikipedia permanent revision 1371049893,https://en.wikipedia.org/w/index.php?title=Netflix&oldid=1371049893,CC-BY-SA-4.0,2026-08-25,untranslated,true
built-in-film-television-clue-0321,built-in-film-television,Film and Television Pack,built-in-film-television-set-065,board,round-two,1,easy,television-history,Ten-Season Science Fiction,,Which 1994 Roland Emmerich film supplied the premise for the military science-fiction series SG-1?,,Stargate,,,,SG-1 continues the story introduced by Stargate.,,Stargate SG-1 — Wikipedia permanent revision 1369065065,https://en.wikipedia.org/w/index.php?title=Stargate_SG-1&oldid=1369065065,CC-BY-SA-4.0,2026-08-25,untranslated,true
built-in-film-television-clue-0322,built-in-film-television,Film and Television Pack,built-in-film-television-set-065,board,round-two,2,easy,television-history,Ten-Season Science Fiction,,Stargate SG-1 completed this many seasons.,,10,,,,The series ran for ten seasons from 1997 to 2007.,,Stargate SG-1 — Wikipedia permanent revision 1369065065,https://en.wikipedia.org/w/index.php?title=Stargate_SG-1&oldid=1369065065,CC-BY-SA-4.0,2026-08-25,untranslated,true
built-in-film-television-clue-0323,built-in-film-television,Film and Television Pack,built-in-film-television-set-065,board,round-two,3,easy,television-history,Ten-Season Science Fiction,,Which actor plays Stargate SG-1 team leader Jack O’Neill?,,Richard Dean Anderson,,,,Richard Dean Anderson portrays Jack O’Neill.,,Stargate SG-1 — Wikipedia permanent revision 1369065065,https://en.wikipedia.org/w/index.php?title=Stargate_SG-1&oldid=1369065065,CC-BY-SA-4.0,2026-08-25,untranslated,true
built-in-film-television-clue-0324,built-in-film-television,Film and Television Pack,built-in-film-television-set-065,board,round-two,4,easy,television-history,Ten-Season Science Fiction,,Which genre is paired with military science fiction in Stargate SG-1’s classification?,,Action-adventure,,Action adventure,,Action-adventure is the series’ other documented genre.,,Stargate SG-1 — Wikipedia permanent revision 1369065065,https://en.wikipedia.org/w/index.php?title=Stargate_SG-1&oldid=1369065065,CC-BY-SA-4.0,2026-08-25,untranslated,true
built-in-film-television-clue-0325,built-in-film-television,Film and Television Pack,built-in-film-television-set-065,board,round-two,5,easy,television-history,Ten-Season Science Fiction,,Who co-created Stargate SG-1 with Jonathan Glassner?,,Brad Wright,,,,Brad Wright shares the created-by credit with Jonathan Glassner.,,Stargate SG-1 — Wikipedia permanent revision 1369065065,https://en.wikipedia.org/w/index.php?title=Stargate_SG-1&oldid=1369065065,CC-BY-SA-4.0,2026-08-25,untranslated,true
built-in-film-television-clue-0326,built-in-film-television,Film and Television Pack,built-in-film-television-set-066,board,round-one,1,hard,television-history,Futurama: Broadcast History and Voices,,"Before its 2023 revival, Futurama had last aired a new episode on this date.",,"September 4, 2013",,4 September 2013;September 4 2013,,"Comedy Central aired Meanwhile on September 4, 2013.",,Futurama — Wikipedia permanent revision 1371053522,https://en.wikipedia.org/w/index.php?title=Futurama&oldid=1371053522,CC-BY-SA-4.0,2026-08-25,untranslated,true
built-in-film-television-clue-0327,built-in-film-television,Film and Television Pack,built-in-film-television-set-066,board,round-one,2,hard,television-history,Futurama: Broadcast History and Voices,,Which broadcast network launched Futurama in 1999?,,Fox,,,,Fox carried the series’ original premiere.,,Futurama — Wikipedia permanent revision 1371053522,https://en.wikipedia.org/w/index.php?title=Futurama&oldid=1371053522,CC-BY-SA-4.0,2026-08-25,untranslated,true
built-in-film-television-clue-0328,built-in-film-television,Film and Television Pack,built-in-film-television-set-066,board,round-one,3,hard,television-history,Futurama: Broadcast History and Voices,,Which Simpsons creator devised Futurama?,,Matt Groening,,,,Matt Groening created Futurama.,,Futurama — Wikipedia permanent revision 1371053522,https://en.wikipedia.org/w/index.php?title=Futurama&oldid=1371053522,CC-BY-SA-4.0,2026-08-25,untranslated,true
built-in-film-television-clue-0329,built-in-film-television,Film and Television Pack,built-in-film-television-set-066,board,round-one,4,hard,television-history,Futurama: Broadcast History and Voices,,Which computer scientist developed Futurama with Matt Groening?,,David X. Cohen,,,,David X. Cohen developed the animated science-fiction comedy with Matt Groening.,,Futurama — Wikipedia permanent revision 1371053522,https://en.wikipedia.org/w/index.php?title=Futurama&oldid=1371053522,CC-BY-SA-4.0,2026-08-25,untranslated,true
built-in-film-television-clue-0330,built-in-film-television,Film and Television Pack,built-in-film-television-set-066,board,round-one,5,hard,television-history,Futurama: Broadcast History and Voices,,Which actor voices Philip J. Fry in Futurama?,,Billy West,,,,Billy West performs Fry’s voice.,,Futurama — Wikipedia permanent revision 1371053522,https://en.wikipedia.org/w/index.php?title=Futurama&oldid=1371053522,CC-BY-SA-4.0,2026-08-25,untranslated,true
built-in-film-television-clue-0331,built-in-film-television,Film and Television Pack,built-in-film-television-set-067,board,round-two,1,easy,television-history,The Simpsons: Origins and Style,,Which two-word genre label is used for The Simpsons?,,Animated sitcom,,,,The series is classified as an animated sitcom.,,The Simpsons — Wikipedia permanent revision 1370794358,https://en.wikipedia.org/w/index.php?title=The_Simpsons&oldid=1370794358,CC-BY-SA-4.0,2026-08-25,untranslated,true
built-in-film-television-clue-0332,built-in-film-television,Film and Television Pack,built-in-film-television-set-067,board,round-two,2,easy,television-history,The Simpsons: Origins and Style,,Who created The Simpsons?,,Matt Groening,,,,Matt Groening created the Simpson family for animated shorts before the half-hour series.,,The Simpsons — Wikipedia permanent revision 1370794358,https://en.wikipedia.org/w/index.php?title=The_Simpsons&oldid=1370794358,CC-BY-SA-4.0,2026-08-25,untranslated,true
built-in-film-television-clue-0333,built-in-film-television,Film and Television Pack,built-in-film-television-set-067,board,round-two,3,easy,television-history,The Simpsons: Origins and Style,,True or false: Matt Groening named the Simpson family after members of his own family.,,True,,,,Groening used his parents’ and sisters’ names for the characters.,,The Simpsons — Wikipedia permanent revision 1370794358,https://en.wikipedia.org/w/index.php?title=The_Simpsons&oldid=1370794358,CC-BY-SA-4.0,2026-08-25,untranslated,true
built-in-film-television-clue-0334,built-in-film-television,Film and Television Pack,built-in-film-television-set-067,board,round-two,4,easy,television-history,The Simpsons: Origins and Style,,Which veteran producer is credited with developing The Simpsons alongside Groening and Sam Simon?,,James L. Brooks,,,,James L. Brooks shares the development credit with Matt Groening and Sam Simon.,,The Simpsons — Wikipedia permanent revision 1370794358,https://en.wikipedia.org/w/index.php?title=The_Simpsons&oldid=1370794358,CC-BY-SA-4.0,2026-08-25,untranslated,true
built-in-film-television-clue-0335,built-in-film-television,Film and Television Pack,built-in-film-television-set-067,board,round-two,5,easy,television-history,The Simpsons: Origins and Style,,Which actor voices Homer Simpson?,,Dan Castellaneta,,,,Dan Castellaneta performs Homer’s voice.,,The Simpsons — Wikipedia permanent revision 1370794358,https://en.wikipedia.org/w/index.php?title=The_Simpsons&oldid=1370794358,CC-BY-SA-4.0,2026-08-25,untranslated,true
built-in-film-television-clue-0336,built-in-film-television,Film and Television Pack,built-in-film-television-set-068,board,round-two,1,easy,television-history,Streaming Motoring Launches,,"At The Grand Tour’s 2016 launch, this company held its exclusive distribution rights.",,Amazon,,,,Amazon released the motoring series through Prime Video.,,The Grand Tour — Wikipedia permanent revision 1370850945,https://en.wikipedia.org/w/index.php?title=The_Grand_Tour&oldid=1370850945,CC-BY-SA-4.0,2026-08-25,untranslated,true
built-in-film-television-clue-0337,built-in-film-television,Film and Television Pack,built-in-film-television-set-068,board,round-two,2,easy,television-history,Streaming Motoring Launches,,Which country did The Grand Tour originate in?,,United Kingdom,,,,The motoring series is a British production released through Amazon Prime Video.,,The Grand Tour — Wikipedia permanent revision 1370850945,https://en.wikipedia.org/w/index.php?title=The_Grand_Tour&oldid=1370850945,CC-BY-SA-4.0,2026-08-25,untranslated,true
built-in-film-television-clue-0338,built-in-film-television,Film and Television Pack,built-in-film-television-set-068,board,round-two,3,easy,television-history,Streaming Motoring Launches,,Which longtime Top Gear producer co-created The Grand Tour?,,Andy Wilman,,,,Andy Wilman shares the creator credit with the program’s three presenters.,,The Grand Tour — Wikipedia permanent revision 1370850945,https://en.wikipedia.org/w/index.php?title=The_Grand_Tour&oldid=1370850945,CC-BY-SA-4.0,2026-08-25,untranslated,true
built-in-film-television-clue-0339,built-in-film-television,Film and Television Pack,built-in-film-television-set-068,board,round-two,4,easy,television-history,Streaming Motoring Launches,,"Which presenter co-created The Grand Tour with Jeremy Clarkson, Richard Hammond, and Andy Wilman?",,James May,,,,James May completes the four-person creator credit.,,The Grand Tour — Wikipedia permanent revision 1370850945,https://en.wikipedia.org/w/index.php?title=The_Grand_Tour&oldid=1370850945,CC-BY-SA-4.0,2026-08-25,untranslated,true
built-in-film-television-clue-0340,built-in-film-television,Film and Television Pack,built-in-film-television-set-068,board,round-two,5,easy,television-history,Streaming Motoring Launches,,Who composed The Grand Tour’s theme music?,,Matt Clifford,,,,Matt Clifford composed the series’ theme music.,,The Grand Tour — Wikipedia permanent revision 1370850945,https://en.wikipedia.org/w/index.php?title=The_Grand_Tour&oldid=1370850945,CC-BY-SA-4.0,2026-08-25,untranslated,true
built-in-film-television-clue-0341,built-in-film-television,Film and Television Pack,built-in-film-television-set-069,board,round-one,1,hard,series,Howard Wolowitz: Science and Story,,Who plays the adult Howard Wolowitz on The Big Bang Theory?,,Simon Helberg,,,,Simon Helberg portrays the adult Howard Wolowitz.,,Howard Wolowitz — Wikipedia permanent revision 1371026613,https://en.wikipedia.org/w/index.php?title=Howard_Wolowitz&oldid=1371026613,CC-BY-SA-4.0,2026-08-25,untranslated,true
built-in-film-television-clue-0342,built-in-film-television,Film and Television Pack,built-in-film-television-set-069,board,round-one,2,hard,series,Howard Wolowitz: Science and Story,,For which orbital laboratory does Howard develop a robotic arm?,,the International Space Station,,ISS,,Howard builds the robotic arm for the International Space Station.,,Howard Wolowitz — Wikipedia permanent revision 1371026613,https://en.wikipedia.org/w/index.php?title=Howard_Wolowitz&oldid=1371026613,CC-BY-SA-4.0,2026-08-25,untranslated,true
built-in-film-television-clue-0343,built-in-film-television,Film and Television Pack,built-in-film-television-set-069,board,round-one,3,hard,series,Howard Wolowitz: Science and Story,,Howard Wolowitz and his scientist friends work at this California university.,,Caltech,,California Institute of Technology,,The Big Bang Theory places the group at Caltech.,,Howard Wolowitz — Wikipedia permanent revision 1371026613,https://en.wikipedia.org/w/index.php?title=Howard_Wolowitz&oldid=1371026613,CC-BY-SA-4.0,2026-08-25,untranslated,true
built-in-film-television-clue-0344,built-in-film-television,Film and Television Pack,built-in-film-television-set-069,board,round-one,4,hard,series,Howard Wolowitz: Science and Story,,What branch of engineering is Howard Wolowitz’s profession?,,Aerospace engineer,,,,Howard works as an aerospace engineer.,,Howard Wolowitz — Wikipedia permanent revision 1371026613,https://en.wikipedia.org/w/index.php?title=Howard_Wolowitz&oldid=1371026613,CC-BY-SA-4.0,2026-08-25,untranslated,true
built-in-film-television-clue-0345,built-in-film-television,Film and Television Pack,built-in-film-television-set-069,board,round-one,5,hard,series,Howard Wolowitz: Science and Story,,A satellite Howard Wolowitz designs in The Big Bang Theory is meant to photograph what target?,,a moon of Jupiter,,one of Jupiter’s moons,,His early engineering work concerns high-resolution images of a Jovian moon.,,Howard Wolowitz — Wikipedia permanent revision 1371026613,https://en.wikipedia.org/w/index.php?title=Howard_Wolowitz&oldid=1371026613,CC-BY-SA-4.0,2026-08-25,untranslated,true
built-in-film-television-clue-0346,built-in-film-television,Film and Television Pack,built-in-film-television-set-070,board,round-one,1,hard,series,Ross Geller: Life and Story,,Who plays the adult Ross Geller on Friends?,,David Schwimmer,,,,David Schwimmer portrays the adult Ross Geller.,,Ross Geller — Wikipedia permanent revision 1368742651,https://en.wikipedia.org/w/index.php?title=Ross_Geller&oldid=1368742651,CC-BY-SA-4.0,2026-08-25,untranslated,true
built-in-film-television-clue-0347,built-in-film-television,Film and Television Pack,built-in-film-television-set-070,board,round-one,2,hard,series,Ross Geller: Life and Story,,Which instrument did Ross Geller play for hours in his family’s basement?,,keyboard,,,,Ross’s musical hobby centered on an electronic keyboard.,,Ross Geller — Wikipedia permanent revision 1368742651,https://en.wikipedia.org/w/index.php?title=Ross_Geller&oldid=1368742651,CC-BY-SA-4.0,2026-08-25,untranslated,true
built-in-film-television-clue-0348,built-in-film-television,Film and Television Pack,built-in-film-television-set-070,board,round-one,3,hard,series,Ross Geller: Life and Story,,Ross Geller’s pet capuchin has this name.,,Marcel,,,,Ross’s monkey on Friends is Marcel.,,Ross Geller — Wikipedia permanent revision 1368742651,https://en.wikipedia.org/w/index.php?title=Ross_Geller&oldid=1368742651,CC-BY-SA-4.0,2026-08-25,untranslated,true
built-in-film-television-clue-0349,built-in-film-television,Film and Television Pack,built-in-film-television-set-070,board,round-one,4,hard,series,Ross Geller: Life and Story,,Which scientific profession underlies Ross Geller’s work as a professor and museum curator?,,Paleontologist,,,,Ross Geller is identified as a paleontologist.,,Ross Geller — Wikipedia permanent revision 1368742651,https://en.wikipedia.org/w/index.php?title=Ross_Geller&oldid=1368742651,CC-BY-SA-4.0,2026-08-25,untranslated,true
built-in-film-television-clue-0350,built-in-film-television,Film and Television Pack,built-in-film-television-set-070,board,round-one,5,hard,series,Ross Geller: Life and Story,,Which channel’s 2016 international poll voted Ross the best Friends character?,,Comedy Central,,,,Comedy Central ran the six-week FriendsFest poll.,,Ross Geller — Wikipedia permanent revision 1368742651,https://en.wikipedia.org/w/index.php?title=Ross_Geller&oldid=1368742651,CC-BY-SA-4.0,2026-08-25,untranslated,true
built-in-film-television-clue-0351,built-in-film-television,Film and Television Pack,built-in-film-television-set-071,board,round-two,1,easy,series,Wartime Sitcom Nicknames,,What title was proposed for a M*A*S*H spin-off about an Iowa veteran trying civilian life after the Korean War?,,W*A*L*T*E*R,,WALTER,,The character’s last listed appearance is W*A*L*T*E*R.,,List of M*A*S*H characters — Wikipedia permanent revision 1370584454,https://en.wikipedia.org/w/index.php?title=List_of_M*A*S*H_characters&oldid=1370584454,CC-BY-SA-4.0,2026-08-25,untranslated,true
built-in-film-television-clue-0352,built-in-film-television,Film and Television Pack,built-in-film-television-set-071,board,round-two,2,easy,series,Wartime Sitcom Nicknames,,Walter O’Reilly is better known by this nickname on M*A*S*H.,,Radar,,,,The corporal is called Radar.,,List of M*A*S*H characters — Wikipedia permanent revision 1370584454,https://en.wikipedia.org/w/index.php?title=List_of_M*A*S*H_characters&oldid=1370584454,CC-BY-SA-4.0,2026-08-25,untranslated,true
built-in-film-television-clue-0353,built-in-film-television,Film and Television Pack,built-in-film-television-set-071,board,round-two,3,easy,series,Wartime Sitcom Nicknames,,Which actor portrayed Walter O’Reilly in both the M*A*S*H film and television series?,,Gary Burghoff,,,,Gary Burghoff played the character in both versions.,,List of M*A*S*H characters — Wikipedia permanent revision 1370584454,https://en.wikipedia.org/w/index.php?title=List_of_M*A*S*H_characters&oldid=1370584454,CC-BY-SA-4.0,2026-08-25,untranslated,true
built-in-film-television-clue-0354,built-in-film-television,Film and Television Pack,built-in-film-television-set-071,board,round-two,4,easy,series,Wartime Sitcom Nicknames,,Which Iowa city is Walter 'Radar' O'Reilly's hometown?,,"Ottumwa, Iowa",,Ottumwa,,"Walter comes from Ottumwa, Iowa.",,List of M*A*S*H characters — Wikipedia permanent revision 1370584454,https://en.wikipedia.org/w/index.php?title=List_of_M*A*S*H_characters&oldid=1370584454,CC-BY-SA-4.0,2026-08-25,untranslated,true
built-in-film-television-clue-0355,built-in-film-television,Film and Television Pack,built-in-film-television-set-071,board,round-two,5,easy,series,Wartime Sitcom Nicknames,,What administrative role does Walter O’Reilly perform at the 4077th?,,Company clerk,,,,He serves as the unit’s company clerk.,,List of M*A*S*H characters — Wikipedia permanent revision 1370584454,https://en.wikipedia.org/w/index.php?title=List_of_M*A*S*H_characters&oldid=1370584454,CC-BY-SA-4.0,2026-08-25,untranslated,true
built-in-film-television-clue-0356,built-in-film-television,Film and Television Pack,built-in-film-television-set-072,board,round-one,1,hard,series,Trailer Park Breakout: Character and Culture,,This Trailer Park Boys character looks after stray cats.,,Bubbles,,,,Bubbles is devoted to the cats around Sunnyvale.,,Bubbles (Trailer Park Boys) — Wikipedia permanent revision 1354124799,https://en.wikipedia.org/w/index.php?title=Bubbles_(Trailer_Park_Boys)&oldid=1354124799,CC-BY-SA-4.0,2026-08-25,untranslated,true
built-in-film-television-clue-0357,built-in-film-television,Film and Television Pack,built-in-film-television-set-072,board,round-one,2,hard,series,Trailer Park Breakout: Character and Culture,,Which actor portrays Bubbles on Trailer Park Boys?,,Mike Smith,,,,Mike Smith developed Bubbles from a character who first appeared in the 1999 film.,,Bubbles (Trailer Park Boys) — Wikipedia permanent revision 1354124799,https://en.wikipedia.org/w/index.php?title=Bubbles_(Trailer_Park_Boys)&oldid=1354124799,CC-BY-SA-4.0,2026-08-25,untranslated,true
built-in-film-television-clue-0358,built-in-film-television,Film and Television Pack,built-in-film-television-set-072,board,round-one,3,hard,series,Trailer Park Breakout: Character and Culture,,What age distinction does Bubbles hold among Trailer Park Boys’ three central friends?,,the youngest primary character,,youngest of the main characters,,Bubbles is the youngest primary character and the show’s breakout figure.,,Bubbles (Trailer Park Boys) — Wikipedia permanent revision 1354124799,https://en.wikipedia.org/w/index.php?title=Bubbles_(Trailer_Park_Boys)&oldid=1354124799,CC-BY-SA-4.0,2026-08-25,untranslated,true
built-in-film-television-clue-0359,built-in-film-television,Film and Television Pack,built-in-film-television-set-072,board,round-one,4,hard,series,Trailer Park Breakout: Character and Culture,,Which repair trade appears among Bubbles’ occupations around Sunnyvale Trailer Park?,,Shopping cart repairer,,Shopping-cart repairer,,Bubbles is identified as a shopping cart repairer.,,Bubbles (Trailer Park Boys) — Wikipedia permanent revision 1354124799,https://en.wikipedia.org/w/index.php?title=Bubbles_(Trailer_Park_Boys)&oldid=1354124799,CC-BY-SA-4.0,2026-08-25,untranslated,true
built-in-film-television-clue-0360,built-in-film-television,Film and Television Pack,built-in-film-television-set-072,board,round-one,5,hard,series,Trailer Park Breakout: Character and Culture,,Which Major League Baseball team hosted Bubbles for a ceremonial first pitch in 2005?,,Toronto Blue Jays,,Blue Jays,,Bubbles joined Ricky and Julian at the Toronto Blue Jays home opener.,,Bubbles (Trailer Park Boys) — Wikipedia permanent revision 1354124799,https://en.wikipedia.org/w/index.php?title=Bubbles_(Trailer_Park_Boys)&oldid=1354124799,CC-BY-SA-4.0,2026-08-25,untranslated,true
built-in-film-television-clue-0361,built-in-film-television,Film and Television Pack,built-in-film-television-set-073,board,round-two,1,hard,series,Scranton Workplace: Style and Relationships,,Which actor plays Dunder Mifflin manager Michael Scott in a Scranton-set American workplace comedy?,,Steve Carell,,,,Steve Carell portrays Michael Scott.,,The Office (American TV series) — Wikipedia permanent revision 1370484434,https://en.wikipedia.org/w/index.php?title=The_Office_(American_TV_series)&oldid=1370484434,CC-BY-SA-4.0,2026-08-25,untranslated,true
built-in-film-television-clue-0362,built-in-film-television,Film and Television Pack,built-in-film-television-set-073,board,round-two,2,hard,series,Scranton Workplace: Style and Relationships,,"Which pseudo-documentary genre joins sitcom, workplace comedy, and cringe comedy in the series about Dunder Mifflin’s Scranton branch?",,Mockumentary,,,,Mockumentary completes the series’ documented genre mix.,,The Office (American TV series) — Wikipedia permanent revision 1370484434,https://en.wikipedia.org/w/index.php?title=The_Office_(American_TV_series)&oldid=1370484434,CC-BY-SA-4.0,2026-08-25,untranslated,true
built-in-film-television-clue-0363,built-in-film-television,Film and Television Pack,built-in-film-television-set-073,board,round-two,3,hard,series,Scranton Workplace: Style and Relationships,,Michael Scott eventually builds a life with this human-resources representative.,,Holly Flax,,,,Michael leaves Scranton to join Holly Flax in Colorado.,,The Office (American TV series) — Wikipedia permanent revision 1370484434,https://en.wikipedia.org/w/index.php?title=The_Office_(American_TV_series)&oldid=1370484434,CC-BY-SA-4.0,2026-08-25,untranslated,true
built-in-film-television-clue-0364,built-in-film-television,Film and Television Pack,built-in-film-television-set-073,board,round-two,4,hard,series,Scranton Workplace: Style and Relationships,,Which Ricky Gervais and Stephen Merchant BBC comedy was remade for American television?,,The Office (UK),,The Office;British The Office;UK Office,,The American series adapts the British version of The Office.,,The Office (American TV series) — Wikipedia permanent revision 1370484434,https://en.wikipedia.org/w/index.php?title=The_Office_(American_TV_series)&oldid=1370484434,CC-BY-SA-4.0,2026-08-25,untranslated,true
built-in-film-television-clue-0365,built-in-film-television,Film and Television Pack,built-in-film-television-set-073,board,round-two,5,hard,series,Scranton Workplace: Style and Relationships,,Who developed The Office (American TV series) for television?,,Greg Daniels,,,,Greg Daniels holds the development credit.,,The Office (American TV series) — Wikipedia permanent revision 1370484434,https://en.wikipedia.org/w/index.php?title=The_Office_(American_TV_series)&oldid=1370484434,CC-BY-SA-4.0,2026-08-25,untranslated,true
built-in-film-television-clue-0366,built-in-film-television,Film and Television Pack,built-in-film-television-set-074,board,round-two,1,hard,series,Fictional Indiana Government,,Which actor plays deputy parks director Leslie Knope in Parks and Recreation?,,Amy Poehler,,,,Amy Poehler portrays Leslie Knope.,,Parks and Recreation — Wikipedia permanent revision 1368586939,https://en.wikipedia.org/w/index.php?title=Parks_and_Recreation&oldid=1368586939,CC-BY-SA-4.0,2026-08-25,untranslated,true
built-in-film-television-clue-0367,built-in-film-television,Film and Television Pack,built-in-film-television-set-074,board,round-two,2,hard,series,Fictional Indiana Government,,"Parks and Recreation combines mockumentary, political satire, workplace comedy, and cringe comedy with which television-comedy format?",,Sitcom,,,,Sitcom completes the series’ documented genre mix.,,Parks and Recreation — Wikipedia permanent revision 1368586939,https://en.wikipedia.org/w/index.php?title=Parks_and_Recreation&oldid=1368586939,CC-BY-SA-4.0,2026-08-25,untranslated,true
built-in-film-television-clue-0368,built-in-film-television,Film and Television Pack,built-in-film-television-set-074,board,round-two,3,hard,series,Fictional Indiana Government,,Who co-created Parks and Recreation with Michael Schur?,,Greg Daniels,,,,Greg Daniels shares the created-by credit with Michael Schur.,,Parks and Recreation — Wikipedia permanent revision 1368586939,https://en.wikipedia.org/w/index.php?title=Parks_and_Recreation&oldid=1368586939,CC-BY-SA-4.0,2026-08-25,untranslated,true
built-in-film-television-clue-0369,built-in-film-television,Film and Television Pack,built-in-film-television-set-074,board,round-two,4,hard,series,Fictional Indiana Government,,Parks and Recreation is set in this fictional Indiana city.,,"Pawnee, Indiana",,Pawnee,,The municipal comedy takes place in Pawnee.,,Parks and Recreation — Wikipedia permanent revision 1368586939,https://en.wikipedia.org/w/index.php?title=Parks_and_Recreation&oldid=1368586939,CC-BY-SA-4.0,2026-08-25,untranslated,true
built-in-film-television-clue-0370,built-in-film-television,Film and Television Pack,built-in-film-television-set-074,board,round-two,5,hard,series,Fictional Indiana Government,,Who co-composed the Parks and Recreation theme with Vincent Jones?,,Gaby Moreno,,,,Gaby Moreno shares the theme-music credit with Jones.,,Parks and Recreation — Wikipedia permanent revision 1368586939,https://en.wikipedia.org/w/index.php?title=Parks_and_Recreation&oldid=1368586939,CC-BY-SA-4.0,2026-08-25,untranslated,true
built-in-film-television-clue-0371,built-in-film-television,Film and Television Pack,built-in-film-television-set-075,board,round-two,1,easy,series,Miami Housemates,,"Blanche, Rose, Dorothy, and Sophia share a home in this sitcom.",,The Golden Girls,,,,The four women are the central characters of The Golden Girls.,,The Golden Girls — Wikipedia permanent revision 1370496967,https://en.wikipedia.org/w/index.php?title=The_Golden_Girls&oldid=1370496967,CC-BY-SA-4.0,2026-08-25,untranslated,true
built-in-film-television-clue-0372,built-in-film-television,Film and Television Pack,built-in-film-television-set-075,board,round-two,2,easy,series,Miami Housemates,,Which US network aired The Golden Girls during its 1985–1992 original run?,,NBC,,,,NBC carried the comedy throughout its original run.,,The Golden Girls — Wikipedia permanent revision 1370496967,https://en.wikipedia.org/w/index.php?title=The_Golden_Girls&oldid=1370496967,CC-BY-SA-4.0,2026-08-25,untranslated,true
built-in-film-television-clue-0373,built-in-film-television,Film and Television Pack,built-in-film-television-set-075,board,round-two,3,easy,series,Miami Housemates,,Who created The Golden Girls?,,Susan Harris,,,,Susan Harris created the Miami-set ensemble comedy for NBC.,,The Golden Girls — Wikipedia permanent revision 1370496967,https://en.wikipedia.org/w/index.php?title=The_Golden_Girls&oldid=1370496967,CC-BY-SA-4.0,2026-08-25,untranslated,true
built-in-film-television-clue-0374,built-in-film-television,Film and Television Pack,built-in-film-television-set-075,board,round-two,4,easy,series,Miami Housemates,,Which actor played Dorothy Zbornak on The Golden Girls?,,Bea Arthur,,,,Bea Arthur portrayed Dorothy Zbornak.,,The Golden Girls — Wikipedia permanent revision 1370496967,https://en.wikipedia.org/w/index.php?title=The_Golden_Girls&oldid=1370496967,CC-BY-SA-4.0,2026-08-25,untranslated,true
built-in-film-television-clue-0375,built-in-film-television,Film and Television Pack,built-in-film-television-set-075,board,round-two,5,easy,series,Miami Housemates,,"Who composed the Golden Girls theme music, “Thank You for Being a Friend”?",,Andrew Gold,,,,Andrew Gold wrote and originally recorded the song used as the series theme.,,The Golden Girls — Wikipedia permanent revision 1370496967,https://en.wikipedia.org/w/index.php?title=The_Golden_Girls&oldid=1370496967,CC-BY-SA-4.0,2026-08-25,untranslated,true
built-in-film-television-clue-0376,built-in-film-television,Film and Television Pack,built-in-film-television-set-076,board,round-two,1,easy,series,Former-Athlete Bartenders,,"Before tending bar, Sam Malone pitched for which Major League Baseball team?",,Boston Red Sox,,,,Sam’s backstory has him pitching for the Boston Red Sox.,,Cheers — Wikipedia permanent revision 1371101930,https://en.wikipedia.org/w/index.php?title=Cheers&oldid=1371101930,CC-BY-SA-4.0,2026-08-25,untranslated,true
built-in-film-television-clue-0377,built-in-film-television,Film and Television Pack,built-in-film-television-set-076,board,round-two,2,easy,series,Former-Athlete Bartenders,,Which Cheers co-creator also holds the series’ named directing credit?,,James Burrows,,,,James Burrows is credited as both a creator and director of Cheers.,,Cheers — Wikipedia permanent revision 1371101930,https://en.wikipedia.org/w/index.php?title=Cheers&oldid=1371101930,CC-BY-SA-4.0,2026-08-25,untranslated,true
built-in-film-television-clue-0378,built-in-film-television,Film and Television Pack,built-in-film-television-set-076,board,round-two,3,easy,series,Former-Athlete Bartenders,,Which actor plays Cheers bartender and former ballplayer Sam Malone?,,Ted Danson,,,,Ted Danson portrays Sam Malone.,,Cheers — Wikipedia permanent revision 1371101930,https://en.wikipedia.org/w/index.php?title=Cheers&oldid=1371101930,CC-BY-SA-4.0,2026-08-25,untranslated,true
built-in-film-television-clue-0379,built-in-film-television,Film and Television Pack,built-in-film-television-set-076,board,round-two,4,easy,series,Former-Athlete Bartenders,,What television genre describes Cheers?,,Sitcom,,,,The program’s single listed genre is sitcom.,,Cheers — Wikipedia permanent revision 1371101930,https://en.wikipedia.org/w/index.php?title=Cheers&oldid=1371101930,CC-BY-SA-4.0,2026-08-25,untranslated,true
built-in-film-television-clue-0380,built-in-film-television,Film and Television Pack,built-in-film-television-set-076,board,round-two,5,easy,series,Former-Athlete Bartenders,,Which sibling writing duo share Cheers’ creator credit with James Burrows?,,Glen and Les Charles,,Les and Glen Charles;the Charles brothers,,Glen and Les Charles share the creator credit with James Burrows.,,Cheers — Wikipedia permanent revision 1371101930,https://en.wikipedia.org/w/index.php?title=Cheers&oldid=1371101930,CC-BY-SA-4.0,2026-08-25,untranslated,true
built-in-film-television-clue-0381,built-in-film-television,Film and Television Pack,built-in-film-television-set-077,board,round-two,1,easy,series,Advertising-Drama Identities,,Mad Men reveals Don Draper was born with this name.,,"Richard ""Dick"" Whitman",,Richard Whitman;Dick Whitman,,The character assumed Don Draper’s identity after being born Richard Whitman.,,Don Draper — Wikipedia permanent revision 1370349114,https://en.wikipedia.org/w/index.php?title=Don_Draper&oldid=1370349114,CC-BY-SA-4.0,2026-08-25,untranslated,true
built-in-film-television-clue-0382,built-in-film-television,Film and Television Pack,built-in-film-television-set-077,board,round-two,2,easy,series,Advertising-Drama Identities,,Which actor portrays the adult Don Draper in Mad Men?,,Jon Hamm,,,,"Jon Hamm plays the adult character, while other actors portray younger versions of Dick Whitman and Don Draper.",,Don Draper — Wikipedia permanent revision 1370349114,https://en.wikipedia.org/w/index.php?title=Don_Draper&oldid=1370349114,CC-BY-SA-4.0,2026-08-25,untranslated,true
built-in-film-television-clue-0383,built-in-film-television,Film and Television Pack,built-in-film-television-set-077,board,round-two,3,easy,series,Advertising-Drama Identities,,What is Don Draper's profession on Mad Men?,,Advertising executive,,,,Don Draper works in advertising and rises to creative-director and partner roles.,,Don Draper — Wikipedia permanent revision 1370349114,https://en.wikipedia.org/w/index.php?title=Don_Draper&oldid=1370349114,CC-BY-SA-4.0,2026-08-25,untranslated,true
built-in-film-television-clue-0384,built-in-film-television,Film and Television Pack,built-in-film-television-set-077,board,round-two,4,easy,series,Advertising-Drama Identities,,How many times did Jon Hamm win the Golden Globe for playing Don Draper?,,twice,,two times;2,,Hamm won the television-drama acting Globe in 2008 and 2016.,,Don Draper — Wikipedia permanent revision 1370349114,https://en.wikipedia.org/w/index.php?title=Don_Draper&oldid=1370349114,CC-BY-SA-4.0,2026-08-25,untranslated,true
built-in-film-television-clue-0385,built-in-film-television,Film and Television Pack,built-in-film-television-set-077,board,round-two,5,easy,series,Advertising-Drama Identities,,How many lead-actor Emmy nominations did Jon Hamm receive for Mad Men’s eligible seasons?,,eight,,8,,Hamm was nominated in every eligible season—eight times.,,Don Draper — Wikipedia permanent revision 1370349114,https://en.wikipedia.org/w/index.php?title=Don_Draper&oldid=1370349114,CC-BY-SA-4.0,2026-08-25,untranslated,true
built-in-film-television-clue-0386,built-in-film-television,Film and Television Pack,built-in-film-television-set-078,board,round-two,1,easy,series,Android Companion Animals,,Data keeps a cat with this name aboard the Enterprise.,,Spot,,,,The android’s pet is Spot.,,Data (Star Trek) — Wikipedia permanent revision 1363334814,https://en.wikipedia.org/w/index.php?title=Data_(Star_Trek)&oldid=1363334814,CC-BY-SA-4.0,2026-08-25,untranslated,true
built-in-film-television-clue-0387,built-in-film-television,Film and Television Pack,built-in-film-television-set-078,board,round-two,2,easy,series,Android Companion Animals,,Which actor portrays Data in Star Trek?,,Brent Spiner,,,,Brent Spiner originated the android role throughout The Next Generation.,,Data (Star Trek) — Wikipedia permanent revision 1363334814,https://en.wikipedia.org/w/index.php?title=Data_(Star_Trek)&oldid=1363334814,CC-BY-SA-4.0,2026-08-25,untranslated,true
built-in-film-television-clue-0388,built-in-film-television,Film and Television Pack,built-in-film-television-set-078,board,round-two,3,easy,series,Android Companion Animals,,Which original Star Trek character does Data succeed as an outsider commenting on humanity?,,Spock,,,,Data inherits Spock’s combination of superior mental skills and social distance.,,Data (Star Trek) — Wikipedia permanent revision 1363334814,https://en.wikipedia.org/w/index.php?title=Data_(Star_Trek)&oldid=1363334814,CC-BY-SA-4.0,2026-08-25,untranslated,true
built-in-film-television-clue-0389,built-in-film-television,Film and Television Pack,built-in-film-television-set-078,board,round-two,4,easy,series,Android Companion Animals,,What kind of brain gives Data his exceptional computational ability?,,a positronic brain,,positronic,,Data’s positronic brain supports his extraordinary processing power.,,Data (Star Trek) — Wikipedia permanent revision 1363334814,https://en.wikipedia.org/w/index.php?title=Data_(Star_Trek)&oldid=1363334814,CC-BY-SA-4.0,2026-08-25,untranslated,true
built-in-film-television-clue-0390,built-in-film-television,Film and Television Pack,built-in-film-television-set-078,board,round-two,5,easy,series,Android Companion Animals,,What type of artificial intelligence is Data?,,Synthetic intelligence,,,,The profile describes Data as both synthetic intelligence and an android lifeform.,,Data (Star Trek) — Wikipedia permanent revision 1363334814,https://en.wikipedia.org/w/index.php?title=Data_(Star_Trek)&oldid=1363334814,CC-BY-SA-4.0,2026-08-25,untranslated,true
built-in-film-television-clue-0391,built-in-film-television,Film and Television Pack,built-in-film-television-set-079,board,round-two,1,easy,series,Miami Cover Stories,,Burn Notice pairs action and comedy-drama with which intelligence-world genre?,,Espionage,,,,Espionage completes the series’ documented genre mix.,,Burn Notice — Wikipedia permanent revision 1368576779,https://en.wikipedia.org/w/index.php?title=Burn_Notice&oldid=1368576779,CC-BY-SA-4.0,2026-08-25,untranslated,true
built-in-film-television-clue-0392,built-in-film-television,Film and Television Pack,built-in-film-television-set-079,board,round-two,2,easy,series,Miami Cover Stories,,Which actor leads Burn Notice as its burned-agent narrator?,,Jeffrey Donovan,,,,Jeffrey Donovan is the series’ lead performer.,,Burn Notice — Wikipedia permanent revision 1368576779,https://en.wikipedia.org/w/index.php?title=Burn_Notice&oldid=1368576779,CC-BY-SA-4.0,2026-08-25,untranslated,true
built-in-film-television-clue-0393,built-in-film-television,Film and Television Pack,built-in-film-television-set-079,board,round-two,3,easy,series,Miami Cover Stories,,This burned spy narrates and leads the series Burn Notice.,,Michael Westen,,,,Jeffrey Donovan plays Michael Westen.,,Burn Notice — Wikipedia permanent revision 1368576779,https://en.wikipedia.org/w/index.php?title=Burn_Notice&oldid=1368576779,CC-BY-SA-4.0,2026-08-25,untranslated,true
built-in-film-television-clue-0394,built-in-film-television,Film and Television Pack,built-in-film-television-set-079,board,round-two,4,easy,series,Miami Cover Stories,,Who created Burn Notice?,,Matt Nix,,,,Matt Nix created the Miami-set spy drama for USA Network.,,Burn Notice — Wikipedia permanent revision 1368576779,https://en.wikipedia.org/w/index.php?title=Burn_Notice&oldid=1368576779,CC-BY-SA-4.0,2026-08-25,untranslated,true
built-in-film-television-clue-0395,built-in-film-television,Film and Television Pack,built-in-film-television-set-079,board,round-two,5,easy,series,Miami Cover Stories,,Which country did Burn Notice originate in?,,United States,,,,The spy drama is an American production set primarily in Miami.,,Burn Notice — Wikipedia permanent revision 1368576779,https://en.wikipedia.org/w/index.php?title=Burn_Notice&oldid=1368576779,CC-BY-SA-4.0,2026-08-25,untranslated,true
built-in-film-television-clue-0396,built-in-film-television,Film and Television Pack,built-in-film-television-set-080,board,round-two,1,hard,production-craft,Motion-Study Subjects,,The pioneering motion sequence assembled from sequential photographs depicts which moving subject?,,A galloping horse,,,,The photographs capture a galloping horse.,,The Horse in Motion — Wikipedia permanent revision 1370549039,https://en.wikipedia.org/w/index.php?title=The_Horse_in_Motion&oldid=1370549039,CC-BY-SA-4.0,2026-08-25,untranslated,true
built-in-film-television-clue-0397,built-in-film-television,Film and Television Pack,built-in-film-television-set-080,board,round-two,2,hard,production-craft,Motion-Study Subjects,,This photographer created the sequential horse images.,,Eadweard Muybridge,,,,Eadweard Muybridge made the motion study.,,The Horse in Motion — Wikipedia permanent revision 1370549039,https://en.wikipedia.org/w/index.php?title=The_Horse_in_Motion&oldid=1370549039,CC-BY-SA-4.0,2026-08-25,untranslated,true
built-in-film-television-clue-0398,built-in-film-television,Film and Television Pack,built-in-film-television-set-080,board,round-two,3,hard,production-craft,Motion-Study Subjects,,This former California governor commissioned the horse-motion study.,,Leland Stanford,,,,Leland Stanford hired Muybridge to investigate equine motion.,,The Horse in Motion — Wikipedia permanent revision 1370549039,https://en.wikipedia.org/w/index.php?title=The_Horse_in_Motion&oldid=1370549039,CC-BY-SA-4.0,2026-08-25,untranslated,true
built-in-film-television-clue-0399,built-in-film-television,Film and Television Pack,built-in-film-television-set-080,board,round-two,4,hard,production-craft,Motion-Study Subjects,,The best-known Palo Alto sequence was photographed in this year.,,1878,,,,Muybridge captured the sequential plates in June 1878.,,The Horse in Motion — Wikipedia permanent revision 1370549039,https://en.wikipedia.org/w/index.php?title=The_Horse_in_Motion&oldid=1370549039,CC-BY-SA-4.0,2026-08-25,untranslated,true
built-in-film-television-clue-0400,built-in-film-television,Film and Television Pack,built-in-film-television-set-080,board,round-two,5,hard,production-craft,Motion-Study Subjects,,This mare gave her name to the famous galloping sequence.,,Sallie Gardner,,,,Sallie Gardner was the horse photographed at speed.,,The Horse in Motion — Wikipedia permanent revision 1370549039,https://en.wikipedia.org/w/index.php?title=The_Horse_in_Motion&oldid=1370549039,CC-BY-SA-4.0,2026-08-25,untranslated,true
built-in-film-television-clue-0401,built-in-film-television,Film and Television Pack,built-in-film-television-set-081,board,round-two,1,hard,production-craft,Birdman: Camera and Production,,Which actor plays fading superhero-film star Riggan Thomson in Birdman?,,Michael Keaton,,,,Michael Keaton portrays Riggan Thomson.,,Birdman (film) — Wikipedia permanent revision 1366401297,https://en.wikipedia.org/w/index.php?title=Birdman_(film)&oldid=1366401297,CC-BY-SA-4.0,2026-08-25,untranslated,true
built-in-film-television-clue-0402,built-in-film-television,Film and Television Pack,built-in-film-television-set-081,board,round-two,2,hard,production-craft,Birdman: Camera and Production,,What visual illusion defines most of Birdman’s camerawork?,,one continuous take,,a single continuous take,,Editing and camera movement make the film appear to unfold in one continuous take.,,Birdman (film) — Wikipedia permanent revision 1366401297,https://en.wikipedia.org/w/index.php?title=Birdman_(film)&oldid=1366401297,CC-BY-SA-4.0,2026-08-25,untranslated,true
built-in-film-television-clue-0403,built-in-film-television,Film and Television Pack,built-in-film-television-set-081,board,round-two,3,hard,production-craft,Birdman: Camera and Production,,This instrument dominates Antonio Sánchez’s score for Birdman.,,Drums,,,,The film uses a largely solo drum score.,,Birdman (film) — Wikipedia permanent revision 1366401297,https://en.wikipedia.org/w/index.php?title=Birdman_(film)&oldid=1366401297,CC-BY-SA-4.0,2026-08-25,untranslated,true
built-in-film-television-clue-0404,built-in-film-television,Film and Television Pack,built-in-film-television-set-081,board,round-two,4,hard,production-craft,Birdman: Camera and Production,,"Which Birdman producer is credited with Alejandro G. Iñárritu, Arnon Milchan, and James W. Skotchdopole?",,John Lesher,,,,John Lesher completes the film’s four-person producer credit.,,Birdman (film) — Wikipedia permanent revision 1366401297,https://en.wikipedia.org/w/index.php?title=Birdman_(film)&oldid=1366401297,CC-BY-SA-4.0,2026-08-25,untranslated,true
built-in-film-television-clue-0405,built-in-film-television,Film and Television Pack,built-in-film-television-set-081,board,round-two,5,hard,production-craft,Birdman: Camera and Production,,What was Birdman’s reported production budget?,,$16.5 million,,16.5 million dollars,,The New York shoot was made for $16.5 million.,,Birdman (film) — Wikipedia permanent revision 1366401297,https://en.wikipedia.org/w/index.php?title=Birdman_(film)&oldid=1366401297,CC-BY-SA-4.0,2026-08-25,untranslated,true
built-in-film-television-clue-0406,built-in-film-television,Film and Television Pack,built-in-film-television-set-082,board,round-two,1,hard,production-craft,WarGames: Technology and Production,,Which actor plays teenage hacker David Lightman in WarGames?,,Matthew Broderick,,,,Matthew Broderick portrays David Lightman.,,WarGames — Wikipedia permanent revision 1368676631,https://en.wikipedia.org/w/index.php?title=WarGames&oldid=1368676631,CC-BY-SA-4.0,2026-08-25,untranslated,true
built-in-film-television-clue-0407,built-in-film-television,Film and Television Pack,built-in-film-television-set-082,board,round-two,2,hard,production-craft,WarGames: Technology and Production,,"In 1983, which U.S. president watched WarGames and discussed its premise with Congress and military advisers?",,Ronald Reagan,,President Reagan,,"After watching WarGames in 1983, Ronald Reagan used its premise to raise questions about computer security.",,WarGames — Wikipedia permanent revision 1368676631,https://en.wikipedia.org/w/index.php?title=WarGames&oldid=1368676631,CC-BY-SA-4.0,2026-08-25,untranslated,true
built-in-film-television-clue-0408,built-in-film-television,Film and Television Pack,built-in-film-television-set-082,board,round-two,3,hard,production-craft,WarGames: Technology and Production,,"In WarGames, what full name is given to NORAD’s learning computer?",,War Operation Plan Response,,WOPR;War Operation Plan Response,,The military computer is the War Operation Plan Response.,,WarGames — Wikipedia permanent revision 1368676631,https://en.wikipedia.org/w/index.php?title=WarGames&oldid=1368676631,CC-BY-SA-4.0,2026-08-25,untranslated,true
built-in-film-television-clue-0409,built-in-film-television,Film and Television Pack,built-in-film-television-set-082,board,round-two,4,hard,production-craft,WarGames: Technology and Production,,Which producer received the sole credit on WarGames?,,Harold Schneider,,,,Harold Schneider receives the film’s sole producer credit.,,WarGames — Wikipedia permanent revision 1368676631,https://en.wikipedia.org/w/index.php?title=WarGames&oldid=1368676631,CC-BY-SA-4.0,2026-08-25,untranslated,true
built-in-film-television-clue-0410,built-in-film-television,Film and Television Pack,built-in-film-television-set-082,board,round-two,5,hard,production-craft,WarGames: Technology and Production,,How did the Joint Chiefs of Staff assess WarGames’ automated-launch premise?,,technically possible,,possible,,They answered that the premise was technically possible.,,WarGames — Wikipedia permanent revision 1368676631,https://en.wikipedia.org/w/index.php?title=WarGames&oldid=1368676631,CC-BY-SA-4.0,2026-08-25,untranslated,true
built-in-film-television-clue-0411,built-in-film-television,Film and Television Pack,built-in-film-television-set-083,board,round-two,1,hard,production-craft,Connection Machine: Design and Screen Legacy,,This computer scientist developed the Connection Machine idea from his doctoral research.,,Danny Hillis,,,,Danny Hillis originated the Connection Machine concept.,,Connection Machine — Wikipedia permanent revision 1363457466,https://en.wikipedia.org/w/index.php?title=Connection_Machine&oldid=1363457466,CC-BY-SA-4.0,2026-08-25,untranslated,true
built-in-film-television-clue-0412,built-in-film-television,Film and Television Pack,built-in-film-television-set-083,board,round-two,2,hard,production-craft,Connection Machine: Design and Screen Legacy,,The doctoral work behind the Connection Machine took place at this Massachusetts institute.,,MIT,,,,Hillis conducted the research at MIT.,,Connection Machine — Wikipedia permanent revision 1363457466,https://en.wikipedia.org/w/index.php?title=Connection_Machine&oldid=1363457466,CC-BY-SA-4.0,2026-08-25,untranslated,true
built-in-film-television-clue-0413,built-in-film-television,Film and Television Pack,built-in-film-television-set-083,board,round-two,3,hard,production-craft,Connection Machine: Design and Screen Legacy,,The CM-1 was originally intended for applications in which field?,,Artificial intelligence,,,,Artificial intelligence was an early target for Connection Machines.,,Connection Machine — Wikipedia permanent revision 1363457466,https://en.wikipedia.org/w/index.php?title=Connection_Machine&oldid=1363457466,CC-BY-SA-4.0,2026-08-25,untranslated,true
built-in-film-television-clue-0414,built-in-film-television,Film and Television Pack,built-in-film-television-set-083,board,round-two,4,hard,production-craft,Connection Machine: Design and Screen Legacy,,The CM-1 and CM-2 could contain up to this many one-bit processors.,,"65,536",,65536,,"Those generations supported up to 65,536 processors.",,Connection Machine — Wikipedia permanent revision 1363457466,https://en.wikipedia.org/w/index.php?title=Connection_Machine&oldid=1363457466,CC-BY-SA-4.0,2026-08-25,untranslated,true
built-in-film-television-clue-0415,built-in-film-television,Film and Television Pack,built-in-film-television-set-083,board,round-two,5,hard,production-craft,Connection Machine: Design and Screen Legacy,,This real supercomputer model appears in Jurassic Park’s control room.,,Thinking Machines CM-5,,,,The production used a Thinking Machines CM-5.,,Connection Machine — Wikipedia permanent revision 1363457466,https://en.wikipedia.org/w/index.php?title=Connection_Machine&oldid=1363457466,CC-BY-SA-4.0,2026-08-25,untranslated,true
built-in-film-television-clue-0416,built-in-film-television,Film and Television Pack,built-in-film-television-set-084,board,round-two,1,hard,production-craft,Revenge of the Sith: Effects and Production,,True or false: the clone troopers in Revenge of the Sith were created without live-action clone armor on set.,,True,,,,The clone bodies and armor were computer-generated.,,Star Wars: Episode III – Revenge of the Sith — Wikipedia permanent revision 1368931906,https://en.wikipedia.org/w/index.php?title=Star_Wars%3A_Episode_III_%E2%80%93_Revenge_of_the_Sith&oldid=1368931906,CC-BY-SA-4.0,2026-08-25,untranslated,true
built-in-film-television-clue-0417,built-in-film-television,Film and Television Pack,built-in-film-television-set-084,board,round-two,2,hard,production-craft,Revenge of the Sith: Effects and Production,,Which major character arc did George Lucas substantially rewrite after principal photography on Revenge of the Sith?,,Anakin's turn to the dark side,,Anakin’s fall,,Lucas changed Anakin’s turn to the dark side during post-production.,,Star Wars: Episode III – Revenge of the Sith — Wikipedia permanent revision 1368931906,https://en.wikipedia.org/w/index.php?title=Star_Wars%3A_Episode_III_%E2%80%93_Revenge_of_the_Sith&oldid=1368931906,CC-BY-SA-4.0,2026-08-25,untranslated,true
built-in-film-television-clue-0418,built-in-film-television,Film and Television Pack,built-in-film-television-set-084,board,round-two,3,hard,production-craft,Revenge of the Sith: Effects and Production,,Revenge of the Sith became the only Star Wars film not nominated for which Academy Award category?,,Best Visual Effects,,,,It missed Best Visual Effects while receiving a makeup nomination.,,Star Wars: Episode III – Revenge of the Sith — Wikipedia permanent revision 1368931906,https://en.wikipedia.org/w/index.php?title=Star_Wars%3A_Episode_III_%E2%80%93_Revenge_of_the_Sith&oldid=1368931906,CC-BY-SA-4.0,2026-08-25,untranslated,true
built-in-film-television-clue-0419,built-in-film-television,Film and Television Pack,built-in-film-television-set-084,board,round-two,4,hard,production-craft,Revenge of the Sith: Effects and Production,,Who served as cinematographer on Star Wars: Episode III – Revenge of the Sith?,,David Tattersall,,,,David Tattersall photographed Star Wars: Episode III – Revenge of the Sith.,,Star Wars: Episode III – Revenge of the Sith — Wikipedia permanent revision 1368931906,https://en.wikipedia.org/w/index.php?title=Star_Wars%3A_Episode_III_%E2%80%93_Revenge_of_the_Sith&oldid=1368931906,CC-BY-SA-4.0,2026-08-25,untranslated,true
built-in-film-television-clue-0420,built-in-film-television,Film and Television Pack,built-in-film-television-set-084,board,round-two,5,hard,production-craft,Revenge of the Sith: Effects and Production,,What did Revenge of the Sith use in previsualization to block action before final effects?,,raw CGI models,,unfinished CGI models,,Basic environments and raw CGI models stood in for completed shots.,,Star Wars: Episode III – Revenge of the Sith — Wikipedia permanent revision 1368931906,https://en.wikipedia.org/w/index.php?title=Star_Wars%3A_Episode_III_%E2%80%93_Revenge_of_the_Sith&oldid=1368931906,CC-BY-SA-4.0,2026-08-25,untranslated,true
built-in-film-television-clue-0421,built-in-film-television,Film and Television Pack,built-in-film-television-set-085,board,round-two,1,hard,production-craft,E.T.: Story and Production,,"Which actor plays Elliott’s mother, Mary, in E.T. the Extra-Terrestrial?",,Dee Wallace,,,,Dee Wallace portrays Mary.,,E.T. the Extra-Terrestrial — Wikipedia permanent revision 1368107181,https://en.wikipedia.org/w/index.php?title=E.T._the_Extra-Terrestrial&oldid=1368107181,CC-BY-SA-4.0,2026-08-25,untranslated,true
built-in-film-television-clue-0422,built-in-film-television,Film and Television Pack,built-in-film-television-set-085,board,round-two,2,hard,production-craft,E.T.: Story and Production,,Scenes featuring this actor as Elliott’s principal were removed from E.T.,,Harrison Ford,,,,"Harrison Ford filmed the principal’s role, but the sequence was cut.",,E.T. the Extra-Terrestrial — Wikipedia permanent revision 1368107181,https://en.wikipedia.org/w/index.php?title=E.T._the_Extra-Terrestrial&oldid=1368107181,CC-BY-SA-4.0,2026-08-25,untranslated,true
built-in-film-television-clue-0423,built-in-film-television,Film and Television Pack,built-in-film-television-set-085,board,round-two,3,hard,production-craft,E.T.: Story and Production,,What cover title concealed E.T. the Extra-Terrestrial during filming?,,A Boy's Life,,A Boy’s Life,,Spielberg used A Boy’s Life to protect the plot from plagiarism.,,E.T. the Extra-Terrestrial — Wikipedia permanent revision 1368107181,https://en.wikipedia.org/w/index.php?title=E.T._the_Extra-Terrestrial&oldid=1368107181,CC-BY-SA-4.0,2026-08-25,untranslated,true
built-in-film-television-clue-0424,built-in-film-television,Film and Television Pack,built-in-film-television-set-085,board,round-two,4,hard,production-craft,E.T.: Story and Production,,Who co-produced E.T. the Extra-Terrestrial with Steven Spielberg?,,Kathleen Kennedy,,,,Kathleen Kennedy shares the production credit with Spielberg.,,E.T. the Extra-Terrestrial — Wikipedia permanent revision 1368107181,https://en.wikipedia.org/w/index.php?title=E.T._the_Extra-Terrestrial&oldid=1368107181,CC-BY-SA-4.0,2026-08-25,untranslated,true
built-in-film-television-clue-0425,built-in-film-television,Film and Television Pack,built-in-film-television-set-085,board,round-two,5,hard,production-craft,E.T.: Story and Production,,"How are most adults shown during E.T.’s first half, apart from Dee Wallace?",,never seen from the waist up,,not shown from the waist up;not seen from the waist up,,"Apart from Dee Wallace, adults are never seen from the waist up during the first half, echoing Tex Avery cartoons.",,E.T. the Extra-Terrestrial — Wikipedia permanent revision 1368107181,https://en.wikipedia.org/w/index.php?title=E.T._the_Extra-Terrestrial&oldid=1368107181,CC-BY-SA-4.0,2026-08-25,untranslated,true
built-in-film-television-clue-0426,built-in-film-television,Film and Television Pack,built-in-film-television-set-086,board,round-two,1,hard,production-craft,Winged-Teen Adaptation and Production,,Which James Patterson young-adult series became a 2016 film about winged teenagers?,,Maximum Ride novels,,Maximum Ride;Maximum Ride series,,The film adapts Patterson’s Maximum Ride novels.,,Maximum Ride (film) — Wikipedia permanent revision 1368631466,https://en.wikipedia.org/w/index.php?title=Maximum_Ride_(film)&oldid=1368631466,CC-BY-SA-4.0,2026-08-25,untranslated,true
built-in-film-television-clue-0427,built-in-film-television,Film and Television Pack,built-in-film-television-set-086,board,round-two,2,hard,production-craft,Winged-Teen Adaptation and Production,,Who shares the Maximum Ride film’s producer credit with Amee Dolleman?,,Gary Binkow,,,,Gary Binkow co-produced the film with Dolleman.,,Maximum Ride (film) — Wikipedia permanent revision 1368631466,https://en.wikipedia.org/w/index.php?title=Maximum_Ride_(film)&oldid=1368631466,CC-BY-SA-4.0,2026-08-25,untranslated,true
built-in-film-television-clue-0428,built-in-film-television,Film and Television Pack,built-in-film-television-set-086,board,round-two,3,hard,production-craft,Winged-Teen Adaptation and Production,,How much of The Angel Experiment does the Maximum Ride film adapt?,,the first half,,,,The film covers the first half of the series’ opening novel.,,Maximum Ride (film) — Wikipedia permanent revision 1368631466,https://en.wikipedia.org/w/index.php?title=Maximum_Ride_(film)&oldid=1368631466,CC-BY-SA-4.0,2026-08-25,untranslated,true
built-in-film-television-clue-0429,built-in-film-television,Film and Television Pack,built-in-film-television-set-086,board,round-two,4,hard,production-craft,Winged-Teen Adaptation and Production,,For which year was the Maximum Ride film initially slated?,,2010,,,,The first announced release target was 2010.,,Maximum Ride (film) — Wikipedia permanent revision 1368631466,https://en.wikipedia.org/w/index.php?title=Maximum_Ride_(film)&oldid=1368631466,CC-BY-SA-4.0,2026-08-25,untranslated,true
built-in-film-television-clue-0430,built-in-film-television,Film and Television Pack,built-in-film-television-set-086,board,round-two,5,hard,production-craft,Winged-Teen Adaptation and Production,,True or false: Jenna Marbles served as an executive producer on the 2016 Maximum Ride film.,,True,,,,The YouTube creator received an executive-producer credit.,,Maximum Ride (film) — Wikipedia permanent revision 1368631466,https://en.wikipedia.org/w/index.php?title=Maximum_Ride_(film)&oldid=1368631466,CC-BY-SA-4.0,2026-08-25,untranslated,true
built-in-film-television-clue-0431,built-in-film-television,Film and Television Pack,built-in-film-television-set-087,board,round-two,1,hard,production-craft,The Room: Story and Production,,Which three characters form the central love triangle in The Room?,,"Johnny, Lisa, and Mark",,"Johnny, Mark, and Lisa",,"The melodrama links banker Johnny, his fiancée Lisa, and his friend Mark.",,The Room — Wikipedia permanent revision 1366506835,https://en.wikipedia.org/w/index.php?title=The_Room&oldid=1366506835,CC-BY-SA-4.0,2026-08-25,untranslated,true
built-in-film-television-clue-0432,built-in-film-television,Film and Television Pack,built-in-film-television-set-087,board,round-two,2,hard,production-craft,The Room: Story and Production,,Tommy Wiseau reported this as the approximate production and marketing cost of The Room.,,$6 million,,6 million dollars;USD 6 million,,The film’s reported combined budget was about six million dollars.,,The Room — Wikipedia permanent revision 1366506835,https://en.wikipedia.org/w/index.php?title=The_Room&oldid=1366506835,CC-BY-SA-4.0,2026-08-25,untranslated,true
built-in-film-television-clue-0433,built-in-film-television,Film and Television Pack,built-in-film-television-set-087,board,round-two,3,hard,production-craft,The Room: Story and Production,,Which production choice needlessly increased The Room’s budget according to Greg Sestero?,,building sets,,,,Tommy Wiseau built sets for scenes that could have used real locations.,,The Room — Wikipedia permanent revision 1366506835,https://en.wikipedia.org/w/index.php?title=The_Room&oldid=1366506835,CC-BY-SA-4.0,2026-08-25,untranslated,true
built-in-film-television-clue-0434,built-in-film-television,Film and Television Pack,built-in-film-television-set-087,board,round-two,4,hard,production-craft,The Room: Story and Production,,Who served as cinematographer on The Room?,,Todd Barron,,,,Todd Barron photographed The Room.,,The Room — Wikipedia permanent revision 1366506835,https://en.wikipedia.org/w/index.php?title=The_Room&oldid=1366506835,CC-BY-SA-4.0,2026-08-25,untranslated,true
built-in-film-television-clue-0435,built-in-film-television,Film and Television Pack,built-in-film-television-set-087,board,round-two,5,hard,production-craft,The Room: Story and Production,,Who edited The Room?,,Eric Yalkut Chase,,,,Eric Yalkut Chase receives the editing credit on Tommy Wiseau’s independent drama.,,The Room — Wikipedia permanent revision 1366506835,https://en.wikipedia.org/w/index.php?title=The_Room&oldid=1366506835,CC-BY-SA-4.0,2026-08-25,untranslated,true
built-in-film-television-clue-0436,built-in-film-television,Film and Television Pack,built-in-film-television-set-088,board,round-two,1,hard,production-craft,"Spirit: Horses, Sound and Animation",,Which actor voices Spirit’s inner narration in Stallion of the Cimarron?,,Matt Damon,,,,Matt Damon supplies the voice for Spirit’s narration.,,Spirit: Stallion of the Cimarron — Wikipedia permanent revision 1370077428,https://en.wikipedia.org/w/index.php?title=Spirit%3A_Stallion_of_the_Cimarron&oldid=1370077428,CC-BY-SA-4.0,2026-08-25,untranslated,true
built-in-film-television-clue-0437,built-in-film-television,Film and Television Pack,built-in-film-television-set-088,board,round-two,2,hard,production-craft,"Spirit: Horses, Sound and Animation",,This Canadian singer supplied most of the songs for Spirit: Stallion of the Cimarron.,,Bryan Adams,,,,Bryan Adams wrote and performed songs for the film.,,Spirit: Stallion of the Cimarron — Wikipedia permanent revision 1370077428,https://en.wikipedia.org/w/index.php?title=Spirit%3A_Stallion_of_the_Cimarron&oldid=1370077428,CC-BY-SA-4.0,2026-08-25,untranslated,true
built-in-film-television-clue-0438,built-in-film-television,Film and Television Pack,built-in-film-television-set-088,board,round-two,3,hard,production-craft,"Spirit: Horses, Sound and Animation",,Who co-produced Spirit: Stallion of the Cimarron with Jeffrey Katzenberg?,,Mireille Soria,,,,Mireille Soria shares the production credit with Katzenberg.,,Spirit: Stallion of the Cimarron — Wikipedia permanent revision 1370077428,https://en.wikipedia.org/w/index.php?title=Spirit%3A_Stallion_of_the_Cimarron&oldid=1370077428,CC-BY-SA-4.0,2026-08-25,untranslated,true
built-in-film-television-clue-0439,built-in-film-television,Film and Television Pack,built-in-film-television-set-088,board,round-two,4,hard,production-craft,"Spirit: Horses, Sound and Animation",,What did Spirit’s sound designer record to create the film’s hoofbeats and equine vocalizations?,,real horses,,live horses,,Tim Chau recorded real horses at stables near Los Angeles.,,Spirit: Stallion of the Cimarron — Wikipedia permanent revision 1370077428,https://en.wikipedia.org/w/index.php?title=Spirit%3A_Stallion_of_the_Cimarron&oldid=1370077428,CC-BY-SA-4.0,2026-08-25,untranslated,true
built-in-film-television-clue-0440,built-in-film-television,Film and Television Pack,built-in-film-television-set-088,board,round-two,5,hard,production-craft,"Spirit: Horses, Sound and Animation",,For which Academy Award category was Spirit: Stallion of the Cimarron nominated?,,Best Animated Feature,,,,The film competed for Best Animated Feature.,,Spirit: Stallion of the Cimarron — Wikipedia permanent revision 1370077428,https://en.wikipedia.org/w/index.php?title=Spirit%3A_Stallion_of_the_Cimarron&oldid=1370077428,CC-BY-SA-4.0,2026-08-25,untranslated,true
built-in-film-television-clue-0441,built-in-film-television,Film and Television Pack,built-in-film-television-set-089,board,round-two,1,easy,production-craft,Immortal Duels: Story and Music,,Queen’s A Kind of Magic is featured in this 1986 fantasy film.,,Highlander,,,,Queen contributed songs to Highlander.,,Highlander (film) — Wikipedia permanent revision 1370967859,https://en.wikipedia.org/w/index.php?title=Highlander_(film)&oldid=1370967859,CC-BY-SA-4.0,2026-08-25,untranslated,true
built-in-film-television-clue-0442,built-in-film-television,Film and Television Pack,built-in-film-television-set-089,board,round-two,2,easy,production-craft,Immortal Duels: Story and Music,,Which actor plays immortal swordsman Connor MacLeod in Highlander?,,Christopher Lambert,,,,Christopher Lambert portrays Connor MacLeod.,,Highlander (film) — Wikipedia permanent revision 1370967859,https://en.wikipedia.org/w/index.php?title=Highlander_(film)&oldid=1370967859,CC-BY-SA-4.0,2026-08-25,untranslated,true
built-in-film-television-clue-0443,built-in-film-television,Film and Television Pack,built-in-film-television-set-089,board,round-two,3,easy,production-craft,Immortal Duels: Story and Music,,Where does immortal Scotsman Connor MacLeod face his ultimate rival after centuries of duels?,,contemporary New York,,modern New York,,The final confrontation moves the story to contemporary New York.,,Highlander (film) — Wikipedia permanent revision 1370967859,https://en.wikipedia.org/w/index.php?title=Highlander_(film)&oldid=1370967859,CC-BY-SA-4.0,2026-08-25,untranslated,true
built-in-film-television-clue-0444,built-in-film-television,Film and Television Pack,built-in-film-television-set-089,board,round-two,4,easy,production-craft,Immortal Duels: Story and Music,,Who shares Highlander’s producer credit with Peter S. Davis?,,William N. Panzer,,,,William N. Panzer co-produced the film with Davis.,,Highlander (film) — Wikipedia permanent revision 1370967859,https://en.wikipedia.org/w/index.php?title=Highlander_(film)&oldid=1370967859,CC-BY-SA-4.0,2026-08-25,untranslated,true
built-in-film-television-clue-0445,built-in-film-television,Film and Television Pack,built-in-film-television-set-089,board,round-two,5,easy,production-craft,Immortal Duels: Story and Music,,Who composed Highlander’s original orchestral score?,,Michael Kamen,,,,Michael Kamen supplied the film’s orchestral music.,,Highlander (film) — Wikipedia permanent revision 1370967859,https://en.wikipedia.org/w/index.php?title=Highlander_(film)&oldid=1370967859,CC-BY-SA-4.0,2026-08-25,untranslated,true
built-in-film-television-clue-0446,built-in-film-television,Film and Television Pack,built-in-film-television-set-090,board,round-two,1,hard,production-craft,Opening-Weekend Records,,Avengers: Endgame opened in the United States on this date.,,"April 26, 2019",,26 April 2019;April 26 2019,,"Its wide release arrived on April 26, 2019.",,List of box office records set by Avengers: Endgame — Wikipedia permanent revision 1368765411,https://en.wikipedia.org/w/index.php?title=List_of_box_office_records_set_by_Avengers%3A_Endgame&oldid=1368765411,CC-BY-SA-4.0,2026-08-25,untranslated,true
built-in-film-television-clue-0447,built-in-film-television,Film and Television Pack,built-in-film-television-set-090,board,round-two,2,hard,production-craft,Opening-Weekend Records,,"In its 2019 worldwide opening weekend, Avengers: Endgame grossed approximately this amount.",,$1.2 billion,,1.2 billion USD;USD 1.2 billion;$1.2bn,,The film opened globally to about 1.2 billion U.S. dollars.,,List of box office records set by Avengers: Endgame — Wikipedia permanent revision 1368765411,https://en.wikipedia.org/w/index.php?title=List_of_box_office_records_set_by_Avengers%3A_Endgame&oldid=1368765411,CC-BY-SA-4.0,2026-08-25,untranslated,true
built-in-film-television-clue-0448,built-in-film-television,Film and Television Pack,built-in-film-television-set-090,board,round-two,3,hard,production-craft,Opening-Weekend Records,,"What opening-day gross did Avengers: Endgame record in the United States on April 26, 2019?",,$157 million,,,,The film earned $157 million on its opening day.,,List of box office records set by Avengers: Endgame — Wikipedia permanent revision 1368765411,https://en.wikipedia.org/w/index.php?title=List_of_box_office_records_set_by_Avengers%3A_Endgame&oldid=1368765411,CC-BY-SA-4.0,2026-08-25,untranslated,true
built-in-film-television-clue-0449,built-in-film-television,Film and Television Pack,built-in-film-television-set-090,board,round-two,4,hard,production-craft,Opening-Weekend Records,,Endgame reached two billion dollars worldwide in this many days.,,11 days,,,,It cut the prior time-to-two-billion record to eleven days.,,List of box office records set by Avengers: Endgame — Wikipedia permanent revision 1368765411,https://en.wikipedia.org/w/index.php?title=List_of_box_office_records_set_by_Avengers%3A_Endgame&oldid=1368765411,CC-BY-SA-4.0,2026-08-25,untranslated,true
built-in-film-television-clue-0450,built-in-film-television,Film and Television Pack,built-in-film-television-set-090,board,round-two,5,hard,production-craft,Opening-Weekend Records,,Avatar had needed this many days to reach two billion dollars.,,47 days,,,,The previous pace at that threshold was forty-seven days.,,List of box office records set by Avengers: Endgame — Wikipedia permanent revision 1368765411,https://en.wikipedia.org/w/index.php?title=List_of_box_office_records_set_by_Avengers%3A_Endgame&oldid=1368765411,CC-BY-SA-4.0,2026-08-25,untranslated,true
built-in-film-television-clue-0451,built-in-film-television,Film and Television Pack,built-in-film-television-set-091,board,round-two,1,hard,screen-adaptations,Noir Game Adaptation: Story and Production,,Mark Wahlberg plays the title character in this 2008 game adaptation.,,Max Payne,,,,The film adapts the Max Payne video-game series.,,Max Payne (film) — Wikipedia permanent revision 1368202788,https://en.wikipedia.org/w/index.php?title=Max_Payne_(film)&oldid=1368202788,CC-BY-SA-4.0,2026-08-25,untranslated,true
built-in-film-television-clue-0452,built-in-film-television,Film and Television Pack,built-in-film-television-set-091,board,round-two,2,hard,screen-adaptations,Noir Game Adaptation: Story and Production,,Which producer shares the Max Payne film’s credit with director John Moore and Scott Faye?,,Julie Yorn,,,,Julie Yorn completes the film’s three-person producer credit.,,Max Payne (film) — Wikipedia permanent revision 1368202788,https://en.wikipedia.org/w/index.php?title=Max_Payne_(film)&oldid=1368202788,CC-BY-SA-4.0,2026-08-25,untranslated,true
built-in-film-television-clue-0453,built-in-film-television,Film and Television Pack,built-in-film-television-set-091,board,round-two,3,hard,screen-adaptations,Noir Game Adaptation: Story and Production,,Which U.S. rating did Max Payne target before receiving an unofficial R?,,PG-13,,,,The production filmed with a PG-13 rating in mind.,,Max Payne (film) — Wikipedia permanent revision 1368202788,https://en.wikipedia.org/w/index.php?title=Max_Payne_(film)&oldid=1368202788,CC-BY-SA-4.0,2026-08-25,untranslated,true
built-in-film-television-clue-0454,built-in-film-television,Film and Television Pack,built-in-film-television-set-091,board,round-two,4,hard,screen-adaptations,Noir Game Adaptation: Story and Production,,In which city was Max Payne filmed from March to May 2008?,,Toronto,,,,The production shot in Toronto over roughly ten weeks.,,Max Payne (film) — Wikipedia permanent revision 1368202788,https://en.wikipedia.org/w/index.php?title=Max_Payne_(film)&oldid=1368202788,CC-BY-SA-4.0,2026-08-25,untranslated,true
built-in-film-television-clue-0455,built-in-film-television,Film and Television Pack,built-in-film-television-set-091,board,round-two,5,hard,screen-adaptations,Noir Game Adaptation: Story and Production,,Who photographed the Max Payne film?,,Jonathan Sela,,,,Jonathan Sela was the cinematographer.,,Max Payne (film) — Wikipedia permanent revision 1368202788,https://en.wikipedia.org/w/index.php?title=Max_Payne_(film)&oldid=1368202788,CC-BY-SA-4.0,2026-08-25,untranslated,true
built-in-film-television-clue-0456,built-in-film-television,Film and Television Pack,built-in-film-television-set-092,board,round-two,1,medium,screen-adaptations,Wizard-Novel Franchises,,Daniel Radcliffe became internationally famous through this fantasy film series.,,Harry Potter,,,,He stars as Harry Potter in the adaptations of J. K. Rowling’s novels.,,Harry Potter (film series) — Wikipedia permanent revision 1370133781,https://en.wikipedia.org/w/index.php?title=Harry_Potter_(film_series)&oldid=1370133781,CC-BY-SA-4.0,2026-08-25,untranslated,true
built-in-film-television-clue-0457,built-in-film-television,Film and Television Pack,built-in-film-television-set-092,board,round-two,2,medium,screen-adaptations,Wizard-Novel Franchises,,Which Harry Potter installments do some fans prefer for their more faithful adaptation style?,,the first two films,,films one and two,,"One camp favors the first two films over the later, more stylized entries.",,Harry Potter (film series) — Wikipedia permanent revision 1370133781,https://en.wikipedia.org/w/index.php?title=Harry_Potter_(film_series)&oldid=1370133781,CC-BY-SA-4.0,2026-08-25,untranslated,true
built-in-film-television-clue-0458,built-in-film-television,Film and Television Pack,built-in-film-television-set-092,board,round-two,3,medium,screen-adaptations,Wizard-Novel Franchises,,Which producer mainly produced the Harry Potter film series?,,David Heyman,,,,David Heyman was the principal producer across the eight-film series.,,Harry Potter (film series) — Wikipedia permanent revision 1370133781,https://en.wikipedia.org/w/index.php?title=Harry_Potter_(film_series)&oldid=1370133781,CC-BY-SA-4.0,2026-08-25,untranslated,true
built-in-film-television-clue-0459,built-in-film-television,Film and Television Pack,built-in-film-television-set-092,board,round-two,4,medium,screen-adaptations,Wizard-Novel Franchises,,Which BAFTA did Harry Potter and the Goblet of Fire win?,,Best Production Design,,,,Goblet of Fire received the BAFTA for Best Production Design.,,Harry Potter (film series) — Wikipedia permanent revision 1370133781,https://en.wikipedia.org/w/index.php?title=Harry_Potter_(film_series)&oldid=1370133781,CC-BY-SA-4.0,2026-08-25,untranslated,true
built-in-film-television-clue-0460,built-in-film-television,Film and Television Pack,built-in-film-television-set-092,board,round-two,5,medium,screen-adaptations,Wizard-Novel Franchises,,Who composed music for the first three Harry Potter films?,,John Williams,,,,John Williams scored the first three installments.,,Harry Potter (film series) — Wikipedia permanent revision 1370133781,https://en.wikipedia.org/w/index.php?title=Harry_Potter_(film_series)&oldid=1370133781,CC-BY-SA-4.0,2026-08-25,untranslated,true
built-in-film-television-clue-0461,built-in-film-television,Film and Television Pack,built-in-film-television-set-093,board,round-two,1,hard,screen-adaptations,Middle-earth Trilogy: Effects and Production,,Which wizard sits on the White Council with Elrond and Galadriel in The Hobbit film series?,,Saruman,,Saruman the White,,Saruman is a member of the White Council alongside Elrond and Galadriel.,,The Hobbit (film series) — Wikipedia permanent revision 1369607110,https://en.wikipedia.org/w/index.php?title=The_Hobbit_(film_series)&oldid=1369607110,CC-BY-SA-4.0,2026-08-25,untranslated,true
built-in-film-television-clue-0462,built-in-film-television,Film and Television Pack,built-in-film-television-set-093,board,round-two,2,hard,screen-adaptations,Middle-earth Trilogy: Effects and Production,,"Which Hobbit film-series producer is credited with Zane Weiner, Fran Walsh, and Peter Jackson?",,Carolynne Cunningham,,,,Carolynne Cunningham completes the four-person producer credit.,,The Hobbit (film series) — Wikipedia permanent revision 1369607110,https://en.wikipedia.org/w/index.php?title=The_Hobbit_(film_series)&oldid=1369607110,CC-BY-SA-4.0,2026-08-25,untranslated,true
built-in-film-television-clue-0463,built-in-film-television,Film and Television Pack,built-in-film-television-set-093,board,round-two,3,hard,screen-adaptations,Middle-earth Trilogy: Effects and Production,,For which earlier installments was much of the footage used in The Battle of the Five Armies originally shot?,,the first two films,,the first and second films,,The third film repurposed material photographed for the first and second films.,,The Hobbit (film series) — Wikipedia permanent revision 1369607110,https://en.wikipedia.org/w/index.php?title=The_Hobbit_(film_series)&oldid=1369607110,CC-BY-SA-4.0,2026-08-25,untranslated,true
built-in-film-television-clue-0464,built-in-film-television,Film and Television Pack,built-in-film-television-set-093,board,round-two,4,hard,screen-adaptations,Middle-earth Trilogy: Effects and Production,,Which camera system photographed The Hobbit films in 3D?,,Red Epic cameras,,,,The trilogy used Red Epic cameras for native 3D photography.,,The Hobbit (film series) — Wikipedia permanent revision 1369607110,https://en.wikipedia.org/w/index.php?title=The_Hobbit_(film_series)&oldid=1369607110,CC-BY-SA-4.0,2026-08-25,untranslated,true
built-in-film-television-clue-0465,built-in-film-television,Film and Television Pack,built-in-film-television-set-093,board,round-two,5,hard,screen-adaptations,Middle-earth Trilogy: Effects and Production,,"How long did principal photography on The Hobbit trilogy last before ending July 6, 2012?",,266 days,,,,The main shoot lasted 266 days.,,The Hobbit (film series) — Wikipedia permanent revision 1369607110,https://en.wikipedia.org/w/index.php?title=The_Hobbit_(film_series)&oldid=1369607110,CC-BY-SA-4.0,2026-08-25,untranslated,true
built-in-film-television-clue-0466,built-in-film-television,Film and Television Pack,built-in-film-television-set-094,board,round-two,1,hard,screen-adaptations,Transformed Astronauts: Effects and Production,,Which Fox 2015 superhero reboot follows four young people transformed after traveling through a transdimensional portal?,,Fantastic Four (2015),,Fantastic Four;Fant4stic,,Fantastic Four was produced as a separate Fox continuity.,,Fantastic Four (2015 film) — Wikipedia permanent revision 1370900694,https://en.wikipedia.org/w/index.php?title=Fantastic_Four_(2015_film)&oldid=1370900694,CC-BY-SA-4.0,2026-08-25,untranslated,true
built-in-film-television-clue-0467,built-in-film-television,Film and Television Pack,built-in-film-television-set-094,board,round-two,2,hard,screen-adaptations,Transformed Astronauts: Effects and Production,,"Which producer joins Simon Kinberg, Gregory Goodman, Hutch Parker, and Robert Kulzer on Fox’s 2015 Fantastic Four?",,Matthew Vaughn,,,,Matthew Vaughn completes the film’s five-person producer credit.,,Fantastic Four (2015 film) — Wikipedia permanent revision 1370900694,https://en.wikipedia.org/w/index.php?title=Fantastic_Four_(2015_film)&oldid=1370900694,CC-BY-SA-4.0,2026-08-25,untranslated,true
built-in-film-television-clue-0468,built-in-film-television,Film and Television Pack,built-in-film-television-set-094,board,round-two,3,hard,screen-adaptations,Transformed Astronauts: Effects and Production,,Who photographed Fox’s 2015 reboot about four transformed astronauts?,,Matthew Jensen,,,,Matthew Jensen was the cinematographer.,,Fantastic Four (2015 film) — Wikipedia permanent revision 1370900694,https://en.wikipedia.org/w/index.php?title=Fantastic_Four_(2015_film)&oldid=1370900694,CC-BY-SA-4.0,2026-08-25,untranslated,true
built-in-film-television-clue-0469,built-in-film-television,Film and Television Pack,built-in-film-television-set-094,board,round-two,4,hard,screen-adaptations,Transformed Astronauts: Effects and Production,,Which visual-effects studio created the fully digital Thing for Fantastic Four (2015)?,,MPC,,,,MPC rendered the Thing from Jamie Bell’s on-set performance.,,Fantastic Four (2015 film) — Wikipedia permanent revision 1370900694,https://en.wikipedia.org/w/index.php?title=Fantastic_Four_(2015_film)&oldid=1370900694,CC-BY-SA-4.0,2026-08-25,untranslated,true
built-in-film-television-clue-0470,built-in-film-television,Film and Television Pack,built-in-film-television-set-094,board,round-two,5,hard,screen-adaptations,Transformed Astronauts: Effects and Production,,Which visual-effects company delivered Susan Storm’s force-field and cloaking effects for Fantastic Four?,,Hydraulx,,,,Hydraulx delivered Susan Storm’s force-field and cloaking effects.,,Fantastic Four (2015 film) — Wikipedia permanent revision 1370900694,https://en.wikipedia.org/w/index.php?title=Fantastic_Four_(2015_film)&oldid=1370900694,CC-BY-SA-4.0,2026-08-25,untranslated,true
built-in-film-television-clue-0471,built-in-film-television,Film and Television Pack,built-in-film-television-set-095,board,round-two,1,hard,screen-adaptations,Media Empire: Form and Production,,Which 1941 drama follows newspaper magnate Charles Foster Kane and was not adapted from a book?,,Citizen Kane,,,,Citizen Kane originated as an original screenplay.,,Citizen Kane — Wikipedia permanent revision 1369935656,https://en.wikipedia.org/w/index.php?title=Citizen_Kane&oldid=1369935656,CC-BY-SA-4.0,2026-08-25,untranslated,true
built-in-film-television-clue-0472,built-in-film-television,Film and Television Pack,built-in-film-television-set-095,board,round-two,2,hard,screen-adaptations,Media Empire: Form and Production,,Which actor plays drama critic Jedediah Leland in Citizen Kane?,,Joseph Cotten,,,,Joseph Cotten portrays Jedediah Leland.,,Citizen Kane — Wikipedia permanent revision 1369935656,https://en.wikipedia.org/w/index.php?title=Citizen_Kane&oldid=1369935656,CC-BY-SA-4.0,2026-08-25,untranslated,true
built-in-film-television-clue-0473,built-in-film-television,Film and Television Pack,built-in-film-television-set-095,board,round-two,3,hard,screen-adaptations,Media Empire: Form and Production,,Which New York theater refused to host Citizen Kane’s premiere?,,Radio City Music Hall,,Radio City,,Radio City Music Hall declined to screen the film.,,Citizen Kane — Wikipedia permanent revision 1369935656,https://en.wikipedia.org/w/index.php?title=Citizen_Kane&oldid=1369935656,CC-BY-SA-4.0,2026-08-25,untranslated,true
built-in-film-television-clue-0474,built-in-film-television,Film and Television Pack,built-in-film-television-set-095,board,round-two,4,hard,screen-adaptations,Media Empire: Form and Production,,Which Citizen Kane sequence was the first official scene filmed?,,the breakfast montage,,breakfast montage,,Production began in earnest with Kane and Emily’s breakfast montage.,,Citizen Kane — Wikipedia permanent revision 1369935656,https://en.wikipedia.org/w/index.php?title=Citizen_Kane&oldid=1369935656,CC-BY-SA-4.0,2026-08-25,untranslated,true
built-in-film-television-clue-0475,built-in-film-television,Film and Television Pack,built-in-film-television-set-095,board,round-two,5,hard,screen-adaptations,Media Empire: Form and Production,,Who served as cinematographer on Citizen Kane?,,Gregg Toland,,,,Gregg Toland photographed Citizen Kane.,,Citizen Kane — Wikipedia permanent revision 1369935656,https://en.wikipedia.org/w/index.php?title=Citizen_Kane&oldid=1369935656,CC-BY-SA-4.0,2026-08-25,untranslated,true
built-in-film-television-clue-0476,built-in-film-television,Film and Television Pack,built-in-film-television-set-096,board,round-two,1,medium,screen-adaptations,Clannad Before Animation,,In what year did Clannad first appear for Windows in Japan?,,2004,,,,The first Windows release arrived in 2004.,,Clannad (video game) — Wikipedia permanent revision 1361524066,https://en.wikipedia.org/w/index.php?title=Clannad_(video_game)&oldid=1361524066,CC-BY-SA-4.0,2026-08-25,untranslated,true
built-in-film-television-clue-0477,built-in-film-television,Film and Television Pack,built-in-film-television-set-096,board,round-two,2,medium,screen-adaptations,Clannad Before Animation,,Which Japanese studio developed the original Clannad game?,,Key,,,,Key developed the original 2004 Windows release before the later anime adaptations.,,Clannad (video game) — Wikipedia permanent revision 1361524066,https://en.wikipedia.org/w/index.php?title=Clannad_(video_game)&oldid=1361524066,CC-BY-SA-4.0,2026-08-25,untranslated,true
built-in-film-television-clue-0478,built-in-film-television,Film and Television Pack,built-in-film-television-set-096,board,round-two,3,medium,screen-adaptations,Clannad Before Animation,,Clannad began in this interactive storytelling medium before its anime adaptations.,,Visual novel,,,,Key first released Clannad as a visual novel.,,Clannad (video game) — Wikipedia permanent revision 1361524066,https://en.wikipedia.org/w/index.php?title=Clannad_(video_game)&oldid=1361524066,CC-BY-SA-4.0,2026-08-25,untranslated,true
built-in-film-television-clue-0479,built-in-film-television,Film and Television Pack,built-in-film-television-set-096,board,round-two,4,medium,screen-adaptations,Clannad Before Animation,,Which company published the original Windows release of Clannad?,,Visual Arts,,,,Visual Arts published the Windows edition.,,Clannad (video game) — Wikipedia permanent revision 1361524066,https://en.wikipedia.org/w/index.php?title=Clannad_(video_game)&oldid=1361524066,CC-BY-SA-4.0,2026-08-25,untranslated,true
built-in-film-television-clue-0480,built-in-film-television,Film and Television Pack,built-in-film-television-set-096,board,round-two,5,medium,screen-adaptations,Clannad Before Animation,,Who directed the original Clannad visual novel?,,Jun Maeda,,,,Jun Maeda directed the game.,,Clannad (video game) — Wikipedia permanent revision 1361524066,https://en.wikipedia.org/w/index.php?title=Clannad_(video_game)&oldid=1361524066,CC-BY-SA-4.0,2026-08-25,untranslated,true
built-in-film-television-clue-0481,built-in-film-television,Film and Television Pack,built-in-film-television-set-097,board,round-two,1,medium,screen-adaptations,Virtual-World Novels: Publication and Adaptation,,Kirito and Asuna are central characters in this anime adaptation.,,Sword Art Online,,,,"They lead Sword Art Online, which began as a light-novel series.",,Sword Art Online — Wikipedia permanent revision 1370445865,https://en.wikipedia.org/w/index.php?title=Sword_Art_Online&oldid=1370445865,CC-BY-SA-4.0,2026-08-25,untranslated,true
built-in-film-television-clue-0482,built-in-film-television,Film and Television Pack,built-in-film-television-set-097,board,round-two,2,medium,screen-adaptations,Virtual-World Novels: Publication and Adaptation,,Sword Art Online pairs science fiction with which quest-driven genre?,,Adventure,,,,Adventure is the series’ other documented genre.,,Sword Art Online — Wikipedia permanent revision 1370445865,https://en.wikipedia.org/w/index.php?title=Sword_Art_Online&oldid=1370445865,CC-BY-SA-4.0,2026-08-25,untranslated,true
built-in-film-television-clue-0483,built-in-film-television,Film and Television Pack,built-in-film-television-set-097,board,round-two,3,medium,screen-adaptations,Virtual-World Novels: Publication and Adaptation,,Sword Art Online made its debut in which year?,,2002,,,,Its initial release came in 2002.,,Sword Art Online — Wikipedia permanent revision 1370445865,https://en.wikipedia.org/w/index.php?title=Sword_Art_Online&oldid=1370445865,CC-BY-SA-4.0,2026-08-25,untranslated,true
built-in-film-television-clue-0484,built-in-film-television,Film and Television Pack,built-in-film-television-set-097,board,round-two,4,medium,screen-adaptations,Virtual-World Novels: Publication and Adaptation,,Who wrote the light-novel series that became Sword Art Online?,,Reki Kawahara,,,,Reki Kawahara first wrote the story online under the pen name Fumio Kunori.,,Sword Art Online — Wikipedia permanent revision 1370445865,https://en.wikipedia.org/w/index.php?title=Sword_Art_Online&oldid=1370445865,CC-BY-SA-4.0,2026-08-25,untranslated,true
built-in-film-television-clue-0485,built-in-film-television,Film and Television Pack,built-in-film-television-set-097,board,round-two,5,medium,screen-adaptations,Virtual-World Novels: Publication and Adaptation,,How were Reki Kawahara’s original Sword Art Online stories distributed online before a commercial edition?,,Self-published,,,,Kawahara initially self-published the web novel on his own site.,,Sword Art Online — Wikipedia permanent revision 1370445865,https://en.wikipedia.org/w/index.php?title=Sword_Art_Online&oldid=1370445865,CC-BY-SA-4.0,2026-08-25,untranslated,true
built-in-film-television-clue-0486,built-in-film-television,Film and Television Pack,built-in-film-television-set-098,board,round-two,1,hard,screen-adaptations,Street-Racing Manga: Publication and Screen Legacy,,A Toyota AE86 serves as the hero car in this manga-derived anime.,,Initial D,,,,Takumi Fujiwara drives the AE86 in Initial D.,,Initial D — Wikipedia permanent revision 1371143593,https://en.wikipedia.org/w/index.php?title=Initial_D&oldid=1371143593,CC-BY-SA-4.0,2026-08-25,untranslated,true
built-in-film-television-clue-0487,built-in-film-television,Film and Television Pack,built-in-film-television-set-098,board,round-two,2,hard,screen-adaptations,Street-Racing Manga: Publication and Screen Legacy,,Initial D pairs coming-of-age and sports with which high-energy genre?,,Action,,,,Action completes the manga’s documented genre mix.,,Initial D — Wikipedia permanent revision 1371143593,https://en.wikipedia.org/w/index.php?title=Initial_D&oldid=1371143593,CC-BY-SA-4.0,2026-08-25,untranslated,true
built-in-film-television-clue-0488,built-in-film-television,Film and Television Pack,built-in-film-television-set-098,board,round-two,3,hard,screen-adaptations,Street-Racing Manga: Publication and Screen Legacy,,Who wrote the original Initial D manga?,,Shuichi Shigeno,,,,Shuichi Shigeno wrote the manga that originated Initial D.,,Initial D — Wikipedia permanent revision 1371143593,https://en.wikipedia.org/w/index.php?title=Initial_D&oldid=1371143593,CC-BY-SA-4.0,2026-08-25,untranslated,true
built-in-film-television-clue-0489,built-in-film-television,Film and Television Pack,built-in-film-television-set-098,board,round-two,4,hard,screen-adaptations,Street-Racing Manga: Publication and Screen Legacy,,Which Japanese publisher serialized and collected Shuichi Shigeno’s Initial D manga?,,Kodansha,,,,Kodansha serialized and collected Shuichi Shigeno’s Japanese street-racing manga.,,Initial D — Wikipedia permanent revision 1371143593,https://en.wikipedia.org/w/index.php?title=Initial_D&oldid=1371143593,CC-BY-SA-4.0,2026-08-25,untranslated,true
built-in-film-television-clue-0490,built-in-film-television,Film and Television Pack,built-in-film-television-set-098,board,round-two,5,hard,screen-adaptations,Street-Racing Manga: Publication and Screen Legacy,,"As of 2026-08-25, which former North American English-language publisher of Initial D preceded Kodansha USA?",,Tokyopop,,,,"As of 2026-08-25, Tokyopop was the former North American publisher listed before Kodansha USA.",,Initial D — Wikipedia permanent revision 1371143593,https://en.wikipedia.org/w/index.php?title=Initial_D&oldid=1371143593,CC-BY-SA-4.0,2026-08-25,untranslated,true
built-in-film-television-clue-0491,built-in-film-television,Film and Television Pack,built-in-film-television-set-099,board,round-two,1,medium,screen-adaptations,Comic-Speedster Television,,Who developed a 2014 DC Comics superhero series with Andrew Kreisberg and Geoff Johns?,,Greg Berlanti,,,,Greg Berlanti completes the series’ three-person development credit.,,The Flash (2014 TV series) — Wikipedia permanent revision 1368598131,https://en.wikipedia.org/w/index.php?title=The_Flash_(2014_TV_series)&oldid=1368598131,CC-BY-SA-4.0,2026-08-25,untranslated,true
built-in-film-television-clue-0492,built-in-film-television,Film and Television Pack,built-in-film-television-set-099,board,round-two,2,medium,screen-adaptations,Comic-Speedster Television,,Which US network aired the nine-season 2014–2023 DC superhero series co-developed by Greg Berlanti?,,The CW,,,,The CW carried all nine seasons.,,The Flash (2014 TV series) — Wikipedia permanent revision 1368598131,https://en.wikipedia.org/w/index.php?title=The_Flash_(2014_TV_series)&oldid=1368598131,CC-BY-SA-4.0,2026-08-25,untranslated,true
built-in-film-television-clue-0493,built-in-film-television,Film and Television Pack,built-in-film-television-set-099,board,round-two,3,medium,screen-adaptations,Comic-Speedster Television,,Grant Gustin plays this DC superhero in the CW series.,,The Flash,,,,"He stars as the Flash, also known as Barry Allen.",,The Flash (2014 TV series) — Wikipedia permanent revision 1368598131,https://en.wikipedia.org/w/index.php?title=The_Flash_(2014_TV_series)&oldid=1368598131,CC-BY-SA-4.0,2026-08-25,untranslated,true
built-in-film-television-clue-0494,built-in-film-television,Film and Television Pack,built-in-film-television-set-099,board,round-two,4,medium,screen-adaptations,Comic-Speedster Television,,Which television series spawned the 2014 Barry Allen show as a spin-off?,,Arrow,,,,The Flash began as a spin-off of Arrow.,,The Flash (2014 TV series) — Wikipedia permanent revision 1368598131,https://en.wikipedia.org/w/index.php?title=The_Flash_(2014_TV_series)&oldid=1368598131,CC-BY-SA-4.0,2026-08-25,untranslated,true
built-in-film-television-clue-0495,built-in-film-television,Film and Television Pack,built-in-film-television-set-099,board,round-two,5,medium,screen-adaptations,Comic-Speedster Television,,Who shares The Flash’s composer credit with Nathaniel Blume?,,Blake Neely,,,,Blake Neely co-composed the series with Blume.,,The Flash (2014 TV series) — Wikipedia permanent revision 1368598131,https://en.wikipedia.org/w/index.php?title=The_Flash_(2014_TV_series)&oldid=1368598131,CC-BY-SA-4.0,2026-08-25,untranslated,true
built-in-film-television-clue-0496,built-in-film-television,Film and Television Pack,built-in-film-television-set-100,board,round-two,1,medium,screen-adaptations,Comic Titans Collide,,This 2016 comic-book film brings Batman and Superman into direct conflict.,,Batman v Superman: Dawn of Justice,,Batman v Superman,,The 2016 film was the first live-action theatrical meeting of Batman and Superman.,,Batman v Superman: Dawn of Justice — Wikipedia permanent revision 1370492915,https://en.wikipedia.org/w/index.php?title=Batman_v_Superman%3A_Dawn_of_Justice&oldid=1370492915,CC-BY-SA-4.0,2026-08-25,untranslated,true
built-in-film-television-clue-0497,built-in-film-television,Film and Television Pack,built-in-film-television-set-100,board,round-two,2,medium,screen-adaptations,Comic Titans Collide,,Which longtime DC-film producer helped produce the 2016 Batman–Superman film?,,Charles Roven,,,,Charles Roven shares the producing credit with Deborah Snyder.,,Batman v Superman: Dawn of Justice — Wikipedia permanent revision 1370492915,https://en.wikipedia.org/w/index.php?title=Batman_v_Superman%3A_Dawn_of_Justice&oldid=1370492915,CC-BY-SA-4.0,2026-08-25,untranslated,true
built-in-film-television-clue-0498,built-in-film-television,Film and Television Pack,built-in-film-television-set-100,board,round-two,3,medium,screen-adaptations,Comic Titans Collide,,Which composer shared the music credit on the 2016 Batman–Superman film with Junkie XL?,,Hans Zimmer,,,,Hans Zimmer shared the film’s music credit with Junkie XL.,,Batman v Superman: Dawn of Justice — Wikipedia permanent revision 1370492915,https://en.wikipedia.org/w/index.php?title=Batman_v_Superman%3A_Dawn_of_Justice&oldid=1370492915,CC-BY-SA-4.0,2026-08-25,untranslated,true
built-in-film-television-clue-0499,built-in-film-television,Film and Television Pack,built-in-film-television-set-100,board,round-two,4,medium,screen-adaptations,Comic Titans Collide,,Which large-format negative was used for part of Batman v Superman?,,65 mm IMAX film,,65mm IMAX,,Selected sequences were photographed on 65 mm IMAX film.,,Batman v Superman: Dawn of Justice — Wikipedia permanent revision 1370492915,https://en.wikipedia.org/w/index.php?title=Batman_v_Superman%3A_Dawn_of_Justice&oldid=1370492915,CC-BY-SA-4.0,2026-08-25,untranslated,true
built-in-film-television-clue-0500,built-in-film-television,Film and Television Pack,built-in-film-television-set-100,board,round-two,5,medium,screen-adaptations,Comic Titans Collide,,When did Batman v Superman premiere at Mexico City’s Auditorio Nacional?,,"March 19, 2016",,19 March 2016,,"The Mexico City premiere took place on March 19, 2016.",,Batman v Superman: Dawn of Justice — Wikipedia permanent revision 1370492915,https://en.wikipedia.org/w/index.php?title=Batman_v_Superman%3A_Dawn_of_Justice&oldid=1370492915,CC-BY-SA-4.0,2026-08-25,untranslated,true
