clue_id,pack_id,pack_name,category_set_id,content_kind,round,tier,difficulty,macro_topic,category_name_en,category_name_et,clue_en,clue_et,response_en,response_et,accepted_variants_en,accepted_variants_et,explanation_en,explanation_et,source_title,source_url,source_license,source_retrieved_at,translation_status,enabled
built-in-sports-games-accessible-corpus-126,built-in-sports-games,Sports and Games,built-in-sports-games-set-001,board,round-one,1,easy,association-football,"Sports & Games: One Move, One Score",,What is scored when the whole ball crosses the line between the posts in football?,"Mis saadakse jalgpallis siis, kui pall ületab täielikult postide vahelise joone?",a goal,värav,goal,jalgpallivärav,A football goal counts when the entire ball crosses the goal line within the frame.,"Jalgpallis loetakse värav siis, kui kogu pall ületab väravaraami sees väravajoone.",Goal (sports),https://en.wikipedia.org/wiki/Goal_(sports),CC-BY-SA-4.0,2026-08-31,reviewed,true
built-in-sports-games-accessible-corpus-127,built-in-sports-games,Sports and Games,built-in-sports-games-set-001,board,round-one,2,easy,association-football,"Sports & Games: One Move, One Score",,What powerful basketball shot drives the ball directly down through the hoop?,Milline jõuline korvpallivise surub palli ülalt otse läbi korvirõnga?,slam dunk,pealtpanek,dunk,dunk;pealtpanekuvise,A slam dunk is completed when a player jumps and forces the ball down through the basket.,Pealtpanekul hüppab mängija üles ning surub palli ülalt läbi korvi.,Slam dunk,https://en.wikipedia.org/wiki/Slam_dunk,CC-BY-SA-4.0,2026-08-31,reviewed,true
built-in-sports-games-accessible-corpus-128,built-in-sports-games,Sports and Games,built-in-sports-games-set-001,board,round-one,3,easy,association-football,"Sports & Games: One Move, One Score",,What is a legal tennis serve called when the receiver cannot touch it?,"Kuidas nimetatakse määrustepärast tennisepallingut, mida vastuvõtja ei suuda puudutada?",an ace,äss,ace,ässpalling,An ace is a serve that lands in the service box and is untouched by the receiver.,"Äss on õigesse pallingukasti maanduv serv, mida vastuvõtja ei puuduta.",Ace (tennis),https://en.wikipedia.org/wiki/Ace_(tennis),CC-BY-SA-4.0,2026-08-31,reviewed,true
built-in-sports-games-accessible-corpus-129,built-in-sports-games,Sports and Games,built-in-sports-games-set-001,board,round-one,4,easy,association-football,"Sports & Games: One Move, One Score",,What baseball hit lets the batter circle all the bases and score without being put out?,Milline pesapallilöök võimaldab lööjal läbida kõik pesad ja tuua punkti ilma auti minemata?,home run,kodujooks,homer,home run,A home run allows the batter to complete a circuit of the bases and score.,Kodujooks võimaldab lööjal läbida kõik pesad ning tuua meeskonnale punkti.,Home run,https://en.wikipedia.org/wiki/Home_run,CC-BY-SA-4.0,2026-08-31,reviewed,true
built-in-sports-games-accessible-corpus-130,built-in-sports-games,Sports and Games,built-in-sports-games-set-001,board,round-one,5,easy,association-football,"Sports & Games: One Move, One Score",,What rugby score is made by grounding the ball in the opponents’ in-goal area?,Milline ragbipunkt saadakse palli maha surumisel vastase väravaalas?,a try,try,try,ragbi-try,A try is awarded when an attacking player grounds the ball in the opponents’ in-goal area.,"Try antakse siis, kui ründaja surub palli vastase väravaalas maha.",Try (rugby),https://en.wikipedia.org/wiki/Try_(rugby),CC-BY-SA-4.0,2026-08-31,reviewed,true
built-in-sports-games-accessible-corpus-131,built-in-sports-games,Sports and Games,built-in-sports-games-set-002,board,round-one,1,easy,association-football,Sports & Games: Equipment in Action,,What padded handwear helps a football goalkeeper grip and stop the ball?,Millised polsterdatud kindad aitavad jalgpalliväravavahil palli püüda ja tõrjuda?,goalkeeper gloves,väravavahikindad,goalie gloves;keeper gloves,väravavahi kindad,Goalkeeper gloves add grip and cushioning when the keeper catches or punches the ball.,"Väravavahikindad parandavad haaret ja pehmendavad lööki, kui väravavaht palli püüab või rusikaga tõrjub.",Goalkeeper gloves,https://en.wikipedia.org/wiki/Goalkeeper_gloves,CC-BY-SA-4.0,2026-08-31,reviewed,true
built-in-sports-games-accessible-corpus-132,built-in-sports-games,Sports and Games,built-in-sports-games-set-002,board,round-one,2,easy,association-football,Sports & Games: Equipment in Action,,What foot braces do sprinters push against at the start of a race?,Milliste jalatugede vastu suruvad sprinterid end jooksu stardis?,starting blocks,stardipakud,start blocks,stardiplokid,Starting blocks give sprinters firm angled surfaces from which to launch at the starting signal.,"Stardipakud annavad sprinterile kindlad kaldpinnad, millelt stardimärguande ajal tõugata.",Starting blocks,https://en.wikipedia.org/wiki/Starting_blocks,CC-BY-SA-4.0,2026-08-31,reviewed,true
built-in-sports-games-accessible-corpus-133,built-in-sports-games,Sports and Games,built-in-sports-games-set-002,board,round-one,3,easy,association-football,Sports & Games: Equipment in Action,,Which gymnastics apparatus has two handles on top of a padded body?,Millisel võimlemisriistal on polsterdatud kere peal kaks käepidet?,pommel horse,sanghobune,side horse,hooglemishobune,Gymnasts support and swing their bodies around the two pommels of the apparatus.,Võimlejad toetuvad sanghobuse kahele sangale ning teevad nende ümber hooglemisi.,Pommel horse,https://en.wikipedia.org/wiki/Pommel_horse,CC-BY-SA-4.0,2026-08-31,reviewed,true
built-in-sports-games-accessible-corpus-134,built-in-sports-games,Sports and Games,built-in-sports-games-set-002,board,round-one,4,easy,association-football,Sports & Games: Equipment in Action,,What soft padded headgear may rugby players wear to protect their ears?,Millist pehmet polsterdatud peakatet võivad ragbimängijad kõrvade kaitsmiseks kanda?,scrum cap,ragbimüts,rugby headgear,scrum cap;ragbipeakate,A scrum cap is lightweight protective headgear designed mainly to reduce cuts and abrasions.,"Ragbimüts on kerge kaitsepeakate, mis aitab eelkõige vähendada lõike- ja marrastushaavu.",Scrum cap,https://en.wikipedia.org/wiki/Scrum_cap,CC-BY-SA-4.0,2026-08-31,reviewed,true
built-in-sports-games-accessible-corpus-135,built-in-sports-games,Sports and Games,built-in-sports-games-set-002,board,round-one,5,easy,association-football,Sports & Games: Equipment in Action,,Which fencing weapon has a large bell guard and allows touches anywhere on the body?,Millisel vehklemisrelval on suur kellakujuline käekaitse ning tabada võib kogu keha?,épée,epee,epee,épée,Épée uses the entire body as the valid target and scores with the point of the blade.,Epees on kogu keha lubatud märklauaks ning torge registreeritakse tera otsaga.,Épée,https://en.wikipedia.org/wiki/%C3%89p%C3%A9e,CC-BY-SA-4.0,2026-08-31,reviewed,true
built-in-sports-games-accessible-corpus-136,built-in-sports-games,Sports and Games,built-in-sports-games-set-003,board,round-one,1,easy,association-football,Sports & Games: Traditions Fans Notice,,What crowd movement travels around a stadium as neighbouring sections stand and raise their arms?,"Milline publikuliikumine liigub ümber staadioni, kui kõrvuti sektorid tõusevad ja käed üles tõstavad?",the Mexican wave,Mehhiko laine,the wave;stadium wave,laine;staadionilaine,"In a stadium wave, spectators rise in sequence so a visible crest appears to travel through the crowd.","Staadionilaines tõusevad pealtvaatajad järjest, nii et nähtav lainehari liigub läbi publiku.",Wave (audience),https://en.wikipedia.org/wiki/Wave_(audience),CC-BY-SA-4.0,2026-08-31,reviewed,true
built-in-sports-games-accessible-corpus-137,built-in-sports-games,Sports and Games,built-in-sports-games-set-003,board,round-one,2,easy,association-football,Sports & Games: Traditions Fans Notice,,What Māori challenge do New Zealand’s All Blacks perform before rugby matches?,Millist maoori tseremoniaalset esitust teevad Uus-Meremaa All Blacks enne ragbimänge?,the haka,haka,haka,haka-tants,New Zealand rugby teams use haka to express identity and challenge their opponents before play.,Uus-Meremaa ragbimeeskonnad väljendavad hakaga oma identiteeti ja esitavad vastasele väljakutse.,Haka,https://en.wikipedia.org/wiki/Haka#New_Zealand_sports_teams,CC-BY-SA-4.0,2026-08-31,reviewed,true
built-in-sports-games-accessible-corpus-138,built-in-sports-games,Sports and Games,built-in-sports-games-set-003,board,round-one,3,easy,association-football,Sports & Games: Traditions Fans Notice,,Which fruit is traditionally served with cream to spectators at Wimbledon?,Millist puuvilja pakutakse Wimbledoni pealtvaatajatele traditsiooniliselt koos koorega?,strawberries,maasikad,strawberries and cream,maasikad koorega,Strawberries and cream have long been a signature refreshment at the Wimbledon championships.,Maasikad koorega on olnud pikka aega Wimbledoni turniiri tunnusmaiustus.,"The Championships, Wimbledon","https://en.wikipedia.org/wiki/The_Championships,_Wimbledon#Traditions",CC-BY-SA-4.0,2026-08-31,reviewed,true
built-in-sports-games-accessible-corpus-139,built-in-sports-games,Sports and Games,built-in-sports-games-set-003,board,round-one,4,easy,association-football,Sports & Games: Traditions Fans Notice,,What do many Olympic medallists pretend to do to their medals while posing for photographers?,Mida teesklevad paljud olümpiamedalistid oma medaliga fotograafidele poseerides?,bite them,medalit hammustada,bite the medal;bite it,hammustada;medalit näksata,The medal-biting pose is a modern photo tradition rather than a test of whether the medal is solid gold.,"Medali hammustamine on tänapäevane fototava, mitte katse kontrollida, kas medal on puhtast kullast.",Olympic medal,https://en.wikipedia.org/wiki/Olympic_medal,CC-BY-SA-4.0,2026-08-31,reviewed,true
built-in-sports-games-accessible-corpus-140,built-in-sports-games,Sports and Games,built-in-sports-games-set-003,board,round-one,5,easy,association-football,Sports & Games: Traditions Fans Notice,,What do ice-hockey fans traditionally throw onto the rink after a player completes a hat-trick?,Mida viskavad jäähokifännid traditsiooniliselt jääle pärast mängija kübaratrikki?,hats,mütsid,their hats,oma mütsid,Throwing hats onto the ice celebrates a player’s hat-trick of three goals.,Mütside jääle viskamisega tähistatakse mängija kolme väravaga kübaratrikki.,Hat-trick,https://en.wikipedia.org/wiki/Hat-trick#Hockey,CC-BY-SA-4.0,2026-08-31,reviewed,true
built-in-sports-games-accessible-corpus-141,built-in-sports-games,Sports and Games,built-in-sports-games-set-004,board,round-one,1,easy,association-football,Sports & Games: Champions by Their Trademark,,Which Chicago Bulls star was nicknamed His Airness for his spectacular leaps?,Millist Chicago Bullsi tähte kutsuti tema võimsate hüpete tõttu hüüdnimega His Airness?,Michael Jordan,Michael Jordan,Jordan,Jordan,Michael Jordan’s leaping ability and aerial style inspired the nickname His Airness.,Michael Jordani hüppevõime ja õhuline mängustiil tõid talle hüüdnime His Airness.,Michael Jordan,https://en.wikipedia.org/wiki/Michael_Jordan,CC-BY-SA-4.0,2026-08-31,reviewed,true
built-in-sports-games-accessible-corpus-142,built-in-sports-games,Sports and Games,built-in-sports-games-set-004,board,round-one,2,easy,association-football,Sports & Games: Champions by Their Trademark,,Which sprinter celebrated victories with a diagonal “Lightning Bolt” pose?,Milline sprinter tähistas võite diagonaalse „välgunoole“ poosiga?,Usain Bolt,Usain Bolt,,,Usain Bolt’s outstretched victory pose became one of sport’s most recognisable celebrations.,Usain Bolti väljasirutatud kätega võidupoosist sai üks spordi tuntumaid tähistusi.,Usain Bolt,https://en.wikipedia.org/wiki/Usain_Bolt,CC-BY-SA-4.0,2026-08-31,reviewed,true
built-in-sports-games-accessible-corpus-143,built-in-sports-games,Sports and Games,built-in-sports-games-set-004,board,round-one,3,easy,association-football,Sports & Games: Champions by Their Trademark,,Which tennis player is nicknamed the King of Clay for his record at the French Open?,Millist tennisisti kutsutakse tema French Openi edu tõttu saviliivakuningaks?,Rafael Nadal,Rafael Nadal,Nadal,Nadal,Rafael Nadal’s topspin-heavy game and movement produced exceptional results on clay courts.,Rafael Nadali tugeva vindiga mäng ja liikumine tõid talle saviliivaväljakutel erakordse edu.,Rafael Nadal,https://en.wikipedia.org/wiki/Rafael_Nadal,CC-BY-SA-4.0,2026-08-31,reviewed,true
built-in-sports-games-accessible-corpus-144,built-in-sports-games,Sports and Games,built-in-sports-games-set-004,board,round-one,4,easy,association-football,Sports & Games: Champions by Their Trademark,,Which distance runner won nine Olympic gold medals and became known as the Flying Finn?,Milline pikamaajooksja võitis üheksa olümpiakulda ning sai tuntuks Lendava Soomlasena?,Paavo Nurmi,Paavo Nurmi,Nurmi,Nurmi,Paavo Nurmi dominated middle- and long-distance running during the 1920s.,Paavo Nurmi valitses 1920. aastatel kesk- ja pikamaajooksu.,Paavo Nurmi,https://en.wikipedia.org/wiki/Paavo_Nurmi,CC-BY-SA-4.0,2026-08-31,reviewed,true
built-in-sports-games-accessible-corpus-145,built-in-sports-games,Sports and Games,built-in-sports-games-set-004,board,round-one,5,easy,association-football,Sports & Games: Champions by Their Trademark,,Which Romanian gymnast received the first perfect score in Olympic gymnastics?,Milline Rumeenia võimleja sai olümpiavõimlemise ajaloo esimese täiusliku hinde?,Nadia Comăneci,Nadia Comăneci,Nadia Comaneci;Comăneci;Comaneci,Nadia Comaneci;Comăneci;Comaneci,Nadia Comăneci earned the first Olympic perfect score of 10.0 at the 1976 Montreal Games.,"Nadia Comăneci teenis 1976. aasta Montreali mängudel olümpiaajaloo esimese täiusliku hinde 10,0.",Nadia Comăneci,https://en.wikipedia.org/wiki/Nadia_Com%C4%83neci,CC-BY-SA-4.0,2026-08-31,reviewed,true
built-in-sports-games-accessible-corpus-146,built-in-sports-games,Sports and Games,built-in-sports-games-set-005,board,round-one,1,easy,association-football,Sports & Games: Famous Sporting Homes,,Which playing surface is used for the Wimbledon tennis championships?,Millisel väljakukattel peetakse Wimbledoni tenniseturniiri?,grass,muru,grass court,muruväljak,Wimbledon is the only Grand Slam tennis tournament still played on grass courts.,"Wimbledon on ainus suure slämmi tenniseturniir, mida peetakse endiselt muruväljakutel.","The Championships, Wimbledon","https://en.wikipedia.org/wiki/The_Championships,_Wimbledon",CC-BY-SA-4.0,2026-08-31,reviewed,true
built-in-sports-games-accessible-corpus-147,built-in-sports-games,Sports and Games,built-in-sports-games-set-005,board,round-one,2,easy,association-football,Sports & Games: Famous Sporting Homes,,In which city would you attend an event at Madison Square Garden?,Millises linnas saab külastada Madison Square Gardeni spordi- ja kontserdiareeni?,New York City,New York,New York;NYC,New York City;NYC,"Madison Square Garden stands above Pennsylvania Station in Manhattan, New York City.",Madison Square Garden asub New Yorgis Manhattanil Pennsylvania Stationi kohal.,Madison Square Garden,https://en.wikipedia.org/wiki/Madison_Square_Garden,CC-BY-SA-4.0,2026-08-31,reviewed,true
built-in-sports-games-accessible-corpus-148,built-in-sports-games,Sports and Games,built-in-sports-games-set-005,board,round-one,3,easy,association-football,Sports & Games: Famous Sporting Homes,,Which major golf tournament is hosted each year at Augusta National?,Millist suurt golfiturniiri peetakse igal aastal Augusta Nationalis?,the Masters,Masters,Masters Tournament;the Masters Tournament,Mastersi turniir;The Masters,Augusta National Golf Club has hosted the Masters Tournament since 1934.,Augusta National Golf Club on võõrustanud Mastersi turniiri alates 1934. aastast.,Masters Tournament,https://en.wikipedia.org/wiki/Masters_Tournament,CC-BY-SA-4.0,2026-08-31,reviewed,true
built-in-sports-games-accessible-corpus-149,built-in-sports-games,Sports and Games,built-in-sports-games-set-005,board,round-one,4,easy,association-football,Sports & Games: Famous Sporting Homes,,Which Formula 1 Grand Prix is most closely associated with the Silverstone circuit?,Millise vormel 1 Grand Prix’ga seostub kõige tihedamalt Silverstone’i ringrada?,the British Grand Prix,Suurbritannia Grand Prix,British GP,Briti Grand Prix;Suurbritannia GP,Silverstone hosted the first Formula 1 World Championship race and remains the regular home of the British Grand Prix.,Silverstone võõrustas esimest vormel 1 maailmameistrivõistluste etappi ning on Suurbritannia Grand Prix’ tavapärane kodu.,British Grand Prix,https://en.wikipedia.org/wiki/British_Grand_Prix,CC-BY-SA-4.0,2026-08-31,reviewed,true
built-in-sports-games-accessible-corpus-150,built-in-sports-games,Sports and Games,built-in-sports-games-set-005,board,round-one,5,easy,association-football,Sports & Games: Famous Sporting Homes,,Which sport calls Lord’s ground in London its traditional home?,Milline spordiala peab Londoni Lord’si väljakut oma traditsiooniliseks koduks?,cricket,kriket,the sport of cricket,kriketimäng,Lord’s Cricket Ground is owned by Marylebone Cricket Club and is widely called the Home of Cricket.,Marylebone Cricket Clubile kuuluvat Lord’si väljakut nimetatakse laialt kriketi koduks.,Lord's,https://en.wikipedia.org/wiki/Lord%27s,CC-BY-SA-4.0,2026-08-31,reviewed,true
built-in-sports-games-accessible-corpus-151,built-in-sports-games,Sports and Games,built-in-sports-games-set-006,board,round-one,1,easy,association-football,Sports & Games: Games for a Sunny Park,,What flat plastic disc is thrown with a spinning motion between players?,Millist lamedat plastketast viskavad mängijad üksteisele pöörleva liigutusega?,a flying disc,lendav taldrik,Frisbee;frisbee,frisbi,A flying disc stays aloft through its spinning stability and aerodynamic shape.,Lendav taldrik püsib õhus tänu pöörlemisele ja aerodünaamilisele kujule.,Flying disc,https://en.wikipedia.org/wiki/Flying_disc,CC-BY-SA-4.0,2026-08-31,reviewed,true
built-in-sports-games-accessible-corpus-152,built-in-sports-games,Sports and Games,built-in-sports-games-set-006,board,round-one,2,easy,association-football,Sports & Games: Games for a Sunny Park,,Which playground game has players hop through numbered squares drawn on the ground?,Millises õuemängus hüpatakse läbi maapinnale joonistatud nummerdatud ruutude?,hopscotch,keks,hop-scotch,keksumäng,"Hopscotch players toss a marker and hop through a sequence of spaces, usually on one foot.",Keksus visatakse tähis ruudule ning hüpatakse väljade jada tavaliselt ühel jalal.,Hopscotch,https://en.wikipedia.org/wiki/Hopscotch,CC-BY-SA-4.0,2026-08-31,reviewed,true
built-in-sports-games-accessible-corpus-153,built-in-sports-games,Sports and Games,built-in-sports-games-set-006,board,round-one,3,easy,association-football,Sports & Games: Games for a Sunny Park,,Which outdoor treasure hunt uses GPS coordinates to find hidden containers?,Milline õues toimuv aardejaht kasutab peidetud konteinerite leidmiseks GPS-koordinaate?,geocaching,geopeitus,geo-caching,geopeituse mäng,"Geocachers navigate to published coordinates, sign a log, and return the container to its hiding place.","Geopeituse mängijad liiguvad avaldatud koordinaatidele, kirjutavad logisse ja panevad konteineri peidukohta tagasi.",Geocaching,https://en.wikipedia.org/wiki/Geocaching,CC-BY-SA-4.0,2026-08-31,reviewed,true
built-in-sports-games-accessible-corpus-154,built-in-sports-games,Sports and Games,built-in-sports-games-set-006,board,round-one,4,easy,association-football,Sports & Games: Games for a Sunny Park,,Which French lawn game throws metal balls as close as possible to a small wooden target ball?,Millises Prantsuse murumängus visatakse metallkuule võimalikult väikese puidust märkekuuli lähedale?,pétanque,petank,petanque;boules,pétanque,Pétanque players stand in a circle and aim steel boules at a small target called the jack.,Petangimängijad seisavad ringis ning sihivad teraskuule väikese märkekuuli poole.,Pétanque,https://en.wikipedia.org/wiki/P%C3%A9tanque,CC-BY-SA-4.0,2026-08-31,reviewed,true
built-in-sports-games-accessible-corpus-155,built-in-sports-games,Sports and Games,built-in-sports-games-set-006,board,round-one,5,easy,association-football,Sports & Games: Games for a Sunny Park,,Which Swedish lawn game throws wooden batons at blocks before players may topple the king?,Millises Rootsi murumängus visatakse puukurikaid klotside pihta ning alles lõpus tohib kukutada kuninga?,kubb,kubb,Viking chess,viikingimale,Kubb teams knock down their opponents’ wooden blocks and must topple the king last.,Kubbi meeskonnad kukutavad vastaste puuklotse ning peavad kuninga maha saama viimasena.,Kubb,https://en.wikipedia.org/wiki/Kubb,CC-BY-SA-4.0,2026-08-31,reviewed,true
built-in-sports-games-accessible-corpus-156,built-in-sports-games,Sports and Games,built-in-sports-games-set-007,board,round-one,1,easy,association-football,Sports & Games: Around the Game Table,,Which Monopoly card lets a player leave jail without paying or rolling doubles?,Milline Monopoly kaart lubab mängijal vanglast väljuda ilma maksmata või duublit veeretamata?,Get Out of Jail Free,Vabane vanglast tasuta,Get Out of Jail Free card,Vabane vanglast tasuta kaart,A Get Out of Jail Free card may be kept until used or traded to another player.,Kaarti „Vabane vanglast tasuta“ võib hoida kasutamiseni või teisele mängijale müüa.,Monopoly (game),https://en.wikipedia.org/wiki/Monopoly_(game),CC-BY-SA-4.0,2026-08-31,reviewed,true
built-in-sports-games-accessible-corpus-157,built-in-sports-games,Sports and Games,built-in-sports-games-set-007,board,round-one,2,easy,association-football,Sports & Games: Around the Game Table,,"Which UNO card changes play from clockwise to anticlockwise, or back again?",Milline UNO kaart muudab mängusuuna päripäevasest vastupäevaseks või vastupidi?,the Reverse card,suunavahetuskaart,Reverse;UNO Reverse card,Reverse-kaart;suunamuutmise kaart,Playing a Reverse card changes the direction in which turns pass around the table.,"Suunavahetuskaart muudab suunda, milles mängukorrad laua ümber liiguvad.",Uno (card game),https://en.wikipedia.org/wiki/Uno_(card_game),CC-BY-SA-4.0,2026-08-31,reviewed,true
built-in-sports-games-accessible-corpus-158,built-in-sports-games,Sports and Games,built-in-sports-games-set-007,board,round-one,3,easy,association-football,Sports & Games: Around the Game Table,,Which Scrabble tile scores no points but may stand for any letter?,"Milline Scrabble’i klots ei anna punkte, kuid võib asendada ükskõik millist tähte?",the blank tile,tühi klots,blank;wild tile,tühiklots;jokerklots,"A blank Scrabble tile can represent any letter, but its own score remains zero.","Tühi Scrabble’i klots võib tähistada ükskõik millist tähte, kuid jääb ise null punkti väärt.",Scrabble,https://en.wikipedia.org/wiki/Scrabble,CC-BY-SA-4.0,2026-08-31,reviewed,true
built-in-sports-games-accessible-corpus-159,built-in-sports-games,Sports and Games,built-in-sports-games-set-007,board,round-one,4,easy,association-football,Sports & Games: Around the Game Table,,Which Catan terrain produces no resource when its number is rolled?,Milline Catani maastik ei anna numbri veeretamisel ühtegi ressurssi?,the desert,kõrb,desert,kõrbeala,The desert hex has no production number and begins the game with the robber on it.,Kõrbe kuusnurgal pole tootmisnumbrit ning röövel alustab mängu sellel.,Catan,https://en.wikipedia.org/wiki/Catan,CC-BY-SA-4.0,2026-08-31,reviewed,true
built-in-sports-games-accessible-corpus-160,built-in-sports-games,Sports and Games,built-in-sports-games-set-007,board,round-one,5,easy,association-football,Sports & Games: Around the Game Table,,Which classic game is played with fifteen checkers per player on a board of twenty-four triangular points?,Millist klassikalist mängu mängitakse viieteistkümne nupuga mängija kohta kahekümne nelja kolmnurkse väljaga laual?,backgammon,triktrakk,backgammon game,backgammon,Backgammon players move fifteen checkers around twenty-four points and bear them off the board.,Triktrakis liigutab kumbki mängija viisteist nuppu mööda kahtkümmend nelja kolmnurkset välja ja viib need lõpuks laualt välja.,Backgammon,https://en.wikipedia.org/wiki/Backgammon,CC-BY-SA-4.0,2026-08-31,reviewed,true
built-in-sports-games-accessible-corpus-161,built-in-sports-games,Sports and Games,built-in-sports-games-set-008,board,round-one,1,easy,association-football,Sports & Games: Video-Game Icons and Sidekicks,,What is the name of Mario’s taller brother in green?,Mis on Mario pikema rohelisse riietatud venna nimi?,Luigi,Luigi,,,Luigi began as Mario’s second-player counterpart and developed into a hero in his own games.,Luigi alustas Mario teise mängija vastena ning sai hiljem oma mängude kangelaseks.,Luigi,https://en.wikipedia.org/wiki/Luigi,CC-BY-SA-4.0,2026-08-31,reviewed,true
built-in-sports-games-accessible-corpus-162,built-in-sports-games,Sports and Games,built-in-sports-games-set-008,board,round-one,2,easy,association-football,Sports & Games: Video-Game Icons and Sidekicks,,Which yellow Electric-type Pokémon is the franchise mascot and Ash’s best-known partner?,Milline kollane elektritüüpi Pokémon on sarja maskott ja Ashi tuntuim kaaslane?,Pikachu,Pikachu,,,"Pikachu became the most recognisable Pokémon through the games, anime, and merchandise.","Pikachust sai mängude, anime ja meenete kaudu kõige tuntum Pokémon.",Pikachu,https://en.wikipedia.org/wiki/Pikachu,CC-BY-SA-4.0,2026-08-31,reviewed,true
built-in-sports-games-accessible-corpus-163,built-in-sports-games,Sports and Games,built-in-sports-games-set-008,board,round-one,3,easy,association-football,Sports & Games: Video-Game Icons and Sidekicks,,What is the name of the green-clad hero controlled in most games in The Legend of Zelda series?,"Mis on rohelisse riietatud kangelase nimi, keda juhitakse enamikus „The Legend of Zelda“ mängudes?",Link,Link,Link of Hyrule,Hyrule’i Link,Link is the recurring playable hero who protects Hyrule and Princess Zelda.,"Link on korduv mängitav kangelane, kes kaitseb Hyrule’i ja printsess Zeldat.",Link (The Legend of Zelda),https://en.wikipedia.org/wiki/Link_(The_Legend_of_Zelda),CC-BY-SA-4.0,2026-08-31,reviewed,true
built-in-sports-games-accessible-corpus-164,built-in-sports-games,Sports and Games,built-in-sports-games-set-008,board,round-one,4,easy,association-football,Sports & Games: Video-Game Icons and Sidekicks,,Which green Minecraft enemy silently approaches players and explodes?,Milline roheline Minecrafti vaenlane hiilib mängija ligi ja plahvatab?,Creeper,Creeper,Minecraft Creeper,Minecrafti Creeper,A Creeper detonates near the player and can destroy nearby blocks.,Creeper plahvatab mängija lähedal ning võib ümbruskonna plokke purustada.,Creeper (Minecraft),https://en.wikipedia.org/wiki/Creeper_(Minecraft),CC-BY-SA-4.0,2026-08-31,reviewed,true
built-in-sports-games-accessible-corpus-165,built-in-sports-games,Sports and Games,built-in-sports-games-set-008,board,round-one,5,easy,association-football,Sports & Games: Video-Game Icons and Sidekicks,,Which artificial intelligence runs the test chambers and taunts the player in Portal?,Milline tehisintellekt juhib mängus „Portal“ katsekambreid ja pilkab mängijat?,GLaDOS,GLaDOS,Genetic Lifeform and Disk Operating System,Genetic Lifeform and Disk Operating System,GLaDOS controls Aperture Science’s testing facility and acts as Portal’s main antagonist.,GLaDOS juhib Aperture Science’i katsekeskust ning on „Portali“ peamine vastane.,GLaDOS,https://en.wikipedia.org/wiki/GLaDOS,CC-BY-SA-4.0,2026-08-31,reviewed,true
built-in-sports-games-accessible-corpus-001,built-in-sports-games,Sports and Games,built-in-sports-games-set-009,board,round-one,1,easy,winter-sports,Sports & Games: The Rules of Football,,Which player may deliberately handle the ball inside their own penalty area?,Milline mängija tohib oma karistusalas palli tahtlikult käega puudutada?,goalkeeper,väravavaht,keeper;goalie,vaht,The goalkeeper has a special handling privilege within the team’s own penalty area.,Väravavahil on oma meeskonna karistusalas eriline õigus palli käega mängida.,Goalkeeper (association football),https://en.wikipedia.org/wiki/Goalkeeper_(association_football),CC-BY-SA-4.0,2026-08-28,reviewed,true
built-in-sports-games-accessible-corpus-002,built-in-sports-games,Sports and Games,built-in-sports-games-set-009,board,round-one,2,easy,winter-sports,Sports & Games: The Rules of Football,,What colour does a referee show to dismiss a player for a serious offence?,Mis värvi kaarti näitab kohtunik mängija eemaldamiseks raske rikkumise eest?,red card,punane kaart,,,"A referee shows a red card to dismiss a player, who cannot be replaced for that dismissal.",Kohtunik näitab mängija eemaldamiseks punast kaarti ning selle eemaldamise tõttu ei saa teda asendada.,Penalty card,https://en.wikipedia.org/wiki/Penalty_card,CC-BY-SA-4.0,2026-08-28,reviewed,true
built-in-sports-games-accessible-corpus-003,built-in-sports-games,Sports and Games,built-in-sports-games-set-009,board,round-one,3,easy,winter-sports,Sports & Games: The Rules of Football,,What restart is awarded after the whole ball crosses a touchline?,"Kuidas jätkatakse mängu, kui pall ületab täielikult küljejoone?",throw-in,sissevise,throw in,küljesissevise,The opposing team returns the ball with both hands from the point where it left the field.,"Vastasmeeskond paneb palli mõlema käega mängu kohast, kus see väljakult lahkus.",Throw-in,https://en.wikipedia.org/wiki/Throw-in,CC-BY-SA-4.0,2026-08-28,reviewed,true
built-in-sports-games-accessible-corpus-004,built-in-sports-games,Sports and Games,built-in-sports-games-set-009,board,round-one,4,easy,winter-sports,Sports & Games: The Rules of Football,,What restart is awarded when a defender last touches the ball before it crosses that team’s goal line without a goal?,"Millisel viisil jätkatakse mängu, kui kaitsja puudutab palli viimasena enne selle üle oma väravajoone minekut, ilma et sünniks värav?",corner kick,nurgalöök,corner,nurk,The attacking side takes this kick from the nearest corner area.,Ründav meeskond sooritab selle löögi lähimast nurgasektorist.,Corner kick,https://en.wikipedia.org/wiki/Corner_kick,CC-BY-SA-4.0,2026-08-28,reviewed,true
built-in-sports-games-accessible-corpus-005,built-in-sports-games,Sports and Games,built-in-sports-games-set-009,board,round-one,5,easy,winter-sports,Sports & Games: The Rules of Football,,Which rule can penalise an attacker who is too far ahead when a teammate plays the ball?,"Milline reegel võib karistada ründajat, kes on kaaslase söödu hetkel liiga kaugele ette liikunud?",offside,suluseis,,,The rule limits attackers gaining an advantage by waiting beyond both the ball and the second-last opponent.,"Suluseisureegel piirab ründaja eelist, kui ta ootab pallist ja eelviimasest vastasest eespool.",Offside (association football),https://en.wikipedia.org/wiki/Offside_(association_football),CC-BY-SA-4.0,2026-08-28,reviewed,true
built-in-sports-games-accessible-corpus-006,built-in-sports-games,Sports and Games,built-in-sports-games-set-010,board,round-one,1,easy,winter-sports,Sports & Games: Famous Football Stadiums,,"Which London venue, rebuilt beneath a prominent arch, hosts England’s national team?",Milline silmapaistva kaare all uuesti ehitatud Londoni areen võõrustab Inglismaa koondist?,Wembley Stadium,Wembley staadion,Wembley,Wembley,The new Wembley opened in 2007 on the site of the earlier national stadium.,Uus Wembley avati 2007. aastal varasema rahvusstaadioni asukohas.,Wembley Stadium,https://en.wikipedia.org/wiki/Wembley_Stadium,CC-BY-SA-4.0,2026-08-28,reviewed,true
built-in-sports-games-accessible-corpus-007,built-in-sports-games,Sports and Games,built-in-sports-games-set-010,board,round-one,2,easy,winter-sports,Sports & Games: Famous Football Stadiums,,Which vast venue has been the home ground of FC Barcelona since 1957?,Milline hiigelareen on olnud FC Barcelona koduväljak alates 1957. aastast?,Camp Nou,Camp Nou,,,Barcelona opened Camp Nou as its home stadium in September 1957.,Barcelona avas Camp Nou oma kodustaadionina 1957. aasta septembris.,Camp Nou,https://en.wikipedia.org/wiki/Camp_Nou,CC-BY-SA-4.0,2026-08-28,reviewed,true
built-in-sports-games-accessible-corpus-008,built-in-sports-games,Sports and Games,built-in-sports-games-set-010,board,round-one,3,easy,winter-sports,Sports & Games: Famous Football Stadiums,,Which ground known as the Theatre of Dreams is home to Manchester United?,Milline Unistuste teatrina tuntud väljak on Manchester Unitedi kodu?,Old Trafford,Old Trafford,,,"Manchester United has played at Old Trafford since 1910, apart from wartime disruption.","Manchester United on Old Traffordil mänginud alates 1910. aastast, välja arvatud sõjaaegne katkestus.",Old Trafford,https://en.wikipedia.org/wiki/Old_Trafford,CC-BY-SA-4.0,2026-08-28,reviewed,true
built-in-sports-games-accessible-corpus-009,built-in-sports-games,Sports and Games,built-in-sports-games-set-010,board,round-one,4,easy,winter-sports,Sports & Games: Famous Football Stadiums,,Which Milan venue is traditionally shared by AC Milan and Inter?,Millist Milano areeni jagavad traditsiooniliselt AC Milan ja Inter?,San Siro,San Siro,Stadio Giuseppe Meazza;Giuseppe Meazza Stadium,Giuseppe Meazza staadion,The stadium officially named for Giuseppe Meazza has long hosted both Milan clubs.,Ametlikult Giuseppe Meazza nime kandev staadion on pikka aega võõrustanud mõlemat Milano klubi.,San Siro,https://en.wikipedia.org/wiki/San_Siro,CC-BY-SA-4.0,2026-08-28,reviewed,true
built-in-sports-games-accessible-corpus-010,built-in-sports-games,Sports and Games,built-in-sports-games-set-010,board,round-one,5,easy,winter-sports,Sports & Games: Famous Football Stadiums,,Which Rio de Janeiro venue staged the deciding matches of the 1950 and 2014 World Cups?,Milline Rio de Janeiro areen võõrustas 1950. ja 2014. aasta MM-i otsustavaid kohtumisi?,Maracanã,Maracanã,Maracana Stadium;Maracana,Maracana,The Maracanã was built for the 1950 tournament and hosted the 2014 final.,Maracanã ehitati 1950. aasta turniiriks ning seal peeti 2014. aasta finaal.,Maracanã Stadium,https://en.wikipedia.org/wiki/Maracan%C3%A3_Stadium,CC-BY-SA-4.0,2026-08-28,reviewed,true
built-in-sports-games-accessible-corpus-011,built-in-sports-games,Sports and Games,built-in-sports-games-set-011,board,round-one,1,easy,winter-sports,Sports & Games: Football World Cup Nations,,Lionel Messi captained the winners of the 2022 final. Name the country.,Lionel Messi oli 2022. aasta finaali võitnud koondise kapten. Nimetage riik.,Argentina,Argentina,,,Argentina beat France on penalties after a 3–3 final in Lusail.,Argentina alistas Lusailis pärast 3 : 3 lõppenud finaali Prantsusmaa penaltitega.,2022 FIFA World Cup final,https://en.wikipedia.org/wiki/2022_FIFA_World_Cup_final,CC-BY-SA-4.0,2026-08-28,reviewed,true
built-in-sports-games-accessible-corpus-012,built-in-sports-games,Sports and Games,built-in-sports-games-set-011,board,round-one,2,easy,winter-sports,Sports & Games: Football World Cup Nations,,Les Bleus beat Croatia in the 2018 final to give which country its second men’s title?,Les Bleus alistas 2018. aasta finaalis Horvaatia. Milline riik sai nii oma teise meeste tiitli?,France,Prantsusmaa,,,"France won the Moscow final 4–2, twenty years after its first title.","Prantsusmaa võitis Moskva finaali 4 : 2, kakskümmend aastat pärast esimest tiitlit.",2018 FIFA World Cup final,https://en.wikipedia.org/wiki/2018_FIFA_World_Cup_final,CC-BY-SA-4.0,2026-08-28,reviewed,true
built-in-sports-games-accessible-corpus-013,built-in-sports-games,Sports and Games,built-in-sports-games-set-011,board,round-one,3,easy,winter-sports,Sports & Games: Football World Cup Nations,,Mario Götze’s extra-time goal secured the 2014 trophy for which country?,Millisele riigile kindlustas Mario Götze lisaajavärav 2014. aasta karika?,Germany,Saksamaa,,,Götze scored against Argentina in Rio de Janeiro to settle the final.,Götze lõi Rio de Janeiros Argentina vastu finaali otsustanud värava.,2014 FIFA World Cup final,https://en.wikipedia.org/wiki/2014_FIFA_World_Cup_final,CC-BY-SA-4.0,2026-08-28,reviewed,true
built-in-sports-games-accessible-corpus-014,built-in-sports-games,Sports and Games,built-in-sports-games-set-011,board,round-one,4,easy,winter-sports,Sports & Games: Football World Cup Nations,,Andrés Iniesta scored the only goal of the 2010 final for which country?,Millise riigi eest lõi Andrés Iniesta 2010. aasta finaali ainsa värava?,Spain,Hispaania,,,Spain defeated the Netherlands after extra time to win its first men’s title.,Hispaania alistas pärast lisaaega Madalmaad ja võitis oma esimese meeste tiitli.,2010 FIFA World Cup final,https://en.wikipedia.org/wiki/2010_FIFA_World_Cup_final,CC-BY-SA-4.0,2026-08-28,reviewed,true
built-in-sports-games-accessible-corpus-015,built-in-sports-games,Sports and Games,built-in-sports-games-set-011,board,round-one,5,easy,winter-sports,Sports & Games: Football World Cup Nations,,The inaugural 1930 tournament was hosted and won by which South American country?,Milline Lõuna-Ameerika riik korraldas ja võitis esimese turniiri 1930. aastal?,Uruguay,Uruguay,,,Uruguay defeated Argentina in the final at Montevideo’s Estadio Centenario.,Uruguay alistas Montevideo Estadio Centenariol peetud finaalis Argentina.,1930 FIFA World Cup,https://en.wikipedia.org/wiki/1930_FIFA_World_Cup,CC-BY-SA-4.0,2026-08-28,reviewed,true
built-in-sports-games-accessible-corpus-016,built-in-sports-games,Sports and Games,built-in-sports-games-set-012,board,round-one,1,easy,winter-sports,Sports & Games: Famous Football Clubs,,Which Spanish club is famous for an all-white home kit and the nickname Los Blancos?,Milline Hispaania klubi on tuntud üleni valge koduvormi ja hüüdnime Los Blancos poolest?,Real Madrid,Madridi Real,Real Madrid CF,Real Madrid,The Madrid club’s traditional white strip inspired its familiar Spanish nickname.,Madridi klubi traditsiooniline valge vorm andis aluse tuttavale hispaaniakeelsele hüüdnimele.,Real Madrid CF,https://en.wikipedia.org/wiki/Real_Madrid_CF,CC-BY-SA-4.0,2026-08-28,reviewed,true
built-in-sports-games-accessible-corpus-017,built-in-sports-games,Sports and Games,built-in-sports-games-set-012,board,round-one,2,easy,winter-sports,Sports & Games: Famous Football Clubs,,Which German club takes its name from Bavaria’s capital?,Milline Saksamaa klubi kannab Baieri pealinna nime?,Bayern Munich,Müncheni Bayern,Bayern München;FC Bayern,Bayern München;FC Bayern,FC Bayern is based in Munich and uses the German name for Bavaria.,FC Bayern tegutseb Münchenis ja kasutab Baieri saksakeelset nime.,FC Bayern Munich,https://en.wikipedia.org/wiki/FC_Bayern_Munich,CC-BY-SA-4.0,2026-08-28,reviewed,true
built-in-sports-games-accessible-corpus-018,built-in-sports-games,Sports and Games,built-in-sports-games-set-012,board,round-one,3,easy,winter-sports,Sports & Games: Famous Football Clubs,,Which black-and-white-striped Italian club is based in Turin?,Milline mustvalgetriibulise vormiga Itaalia klubi tegutseb Torinos?,Juventus,Juventus,Juventus FC,Juventus FC,Juventus was founded in Turin and has long worn black-and-white striped shirts.,Juventus asutati Torinos ning on pikka aega kandnud mustvalgetriibulist särki.,Juventus FC,https://en.wikipedia.org/wiki/Juventus_FC,CC-BY-SA-4.0,2026-08-28,reviewed,true
built-in-sports-games-accessible-corpus-019,built-in-sports-games,Sports and Games,built-in-sports-games-set-012,board,round-one,4,easy,winter-sports,Sports & Games: Famous Football Clubs,,Which Dutch club named for a Greek hero is based in Amsterdam?,Milline Kreeka kangelase nime kandev Hollandi klubi tegutseb Amsterdamis?,Ajax,Ajax,AFC Ajax,AFC Ajax,AFC Ajax was founded in Amsterdam and takes its name from the mythological warrior.,AFC Ajax asutati Amsterdamis ning kannab mütoloogilise sõdalase nime.,AFC Ajax,https://en.wikipedia.org/wiki/AFC_Ajax,CC-BY-SA-4.0,2026-08-28,reviewed,true
built-in-sports-games-accessible-corpus-020,built-in-sports-games,Sports and Games,built-in-sports-games-set-012,board,round-one,5,easy,winter-sports,Sports & Games: Famous Football Clubs,,Which Glasgow club plays in green-and-white hoops?,Milline Glasgow klubi mängib rohelise-valgetriibulises vormis?,Celtic,Celtic,Celtic FC,Celtic FC,Celtic’s hooped green-and-white shirts are among the club’s best-known symbols.,Celticu rohelise-valgetriibulised särgid kuuluvad klubi tuntumate sümbolite hulka.,Celtic F.C.,https://en.wikipedia.org/wiki/Celtic_F.C.,CC-BY-SA-4.0,2026-08-28,reviewed,true
built-in-sports-games-accessible-corpus-021,built-in-sports-games,Sports and Games,built-in-sports-games-set-013,board,round-one,1,easy,racket-sports,Sports & Games: Basketball Basics,,What is repeatedly bouncing the ball while moving called?,Kuidas nimetatakse liikumise ajal palli korduvat põrgatamist?,dribbling,põrgatamine,,,A player normally advances while controlling the ball with a continuous dribble.,"Mängija liigub tavaliselt edasi, kontrollides palli pideva põrgatamisega.",Dribbling,https://en.wikipedia.org/wiki/Dribbling,CC-BY-SA-4.0,2026-08-28,reviewed,true
built-in-sports-games-accessible-corpus-022,built-in-sports-games,Sports and Games,built-in-sports-games-set-013,board,round-one,2,easy,racket-sports,Sports & Games: Basketball Basics,,What unopposed shot is awarded after certain fouls?,Milline segamatu vise antakse teatud vigade järel?,free throw,vabavise,,,A free throw is taken from a marked line while the shooter is not directly defended.,Vabavise sooritatakse märgitud joone tagant ilma otsese kaitsjata.,Free throw,https://en.wikipedia.org/wiki/Free_throw,CC-BY-SA-4.0,2026-08-28,reviewed,true
built-in-sports-games-accessible-corpus-023,built-in-sports-games,Sports and Games,built-in-sports-games-set-013,board,round-one,3,easy,racket-sports,Sports & Games: Basketball Basics,,What is a successful shot from beyond the long curved arc called?,Kuidas nimetatakse tabavat viset kaugelt kaare tagant?,three-pointer,kolmepunktivise,three-point shot,kolmene,A field goal from beyond the three-point line scores three points.,Kolmepunktijoone tagant tabatud vise annab kolm punkti.,Three-point field goal,https://en.wikipedia.org/wiki/Three-point_field_goal,CC-BY-SA-4.0,2026-08-28,reviewed,true
built-in-sports-games-accessible-corpus-024,built-in-sports-games,Sports and Games,built-in-sports-games-set-013,board,round-one,4,easy,racket-sports,Sports & Games: Basketball Basics,,What is gaining possession after a missed shot called?,Kuidas nimetatakse palli enda valdusse saamist pärast möödaviset?,rebound,lauapall,board,tagasipõrge,A rebound is credited when a player retrieves the ball after an unsuccessful field goal or free throw.,"Lauapall saadakse siis, kui mängija võtab pärast ebaõnnestunud viset palli enda valdusse.",Rebound (basketball),https://en.wikipedia.org/wiki/Rebound_(basketball),CC-BY-SA-4.0,2026-08-28,reviewed,true
built-in-sports-games-accessible-corpus-025,built-in-sports-games,Sports and Games,built-in-sports-games-set-013,board,round-one,5,easy,racket-sports,Sports & Games: Basketball Basics,,What violation is called when a player illegally touches a shot on its downward path toward the basket?,"Kuidas nimetatakse rikkumist, mille puhul mängija puudutab korvi poole langevat viset reeglitevastaselt?",goaltending,korvi segamine,basketball goaltending,palli tõkestamine;goaltending,Basketball rules restrict touching a field-goal attempt while it is descending or directly above the rim.,"Korvpallireeglid piiravad viske puudutamist siis, kui pall langeb või asub otse rõnga kohal.",Goaltending (basketball),https://en.wikipedia.org/wiki/Goaltending_(basketball),CC-BY-SA-4.0,2026-08-28,reviewed,true
built-in-sports-games-accessible-corpus-026,built-in-sports-games,Sports and Games,built-in-sports-games-set-014,board,round-one,1,easy,racket-sports,Sports & Games: Tennis Grand Slams,,What word means a score of zero in tennis?,"Millist ingliskeelset sõna kasutatakse tennises siis, kui mängijal pole veel punkte?",love,love,,,"Tennis announces a score of zero as love, as in “fifteen–love”.","Tennises öeldakse nulli kohta love, näiteks „fifteen–love”.",Tennis scoring system,https://en.wikipedia.org/wiki/Tennis_scoring_system,CC-BY-SA-4.0,2026-08-28,reviewed,true
built-in-sports-games-accessible-corpus-027,built-in-sports-games,Sports and Games,built-in-sports-games-set-014,board,round-one,2,easy,racket-sports,Sports & Games: Tennis Grand Slams,,Which Paris major is played on the red clay courts of Roland-Garros?,Milline Pariisi suurturniir peetakse Roland-Garrosi punastel saviväljakutel?,French Open,Prantsusmaa lahtised,Roland-Garros;Roland Garros,Roland-Garros,The French Open is the clay-court major and is staged at Roland-Garros.,Prantsusmaa lahtised on saviväljaku suurturniir ja toimuvad Roland-Garrosis.,French Open,https://en.wikipedia.org/wiki/French_Open,CC-BY-SA-4.0,2026-08-28,reviewed,true
built-in-sports-games-accessible-corpus-028,built-in-sports-games,Sports and Games,built-in-sports-games-set-014,board,round-one,3,easy,racket-sports,Sports & Games: Tennis Grand Slams,,Which major is held each January in Melbourne?,Milline suurturniir toimub igal jaanuaril Melbourne’is?,Australian Open,Austraalia lahtised,,,The Australian Open is the first major tournament of the calendar year.,Austraalia lahtised on kalendriaasta esimene suurturniir.,Australian Open,https://en.wikipedia.org/wiki/Australian_Open,CC-BY-SA-4.0,2026-08-28,reviewed,true
built-in-sports-games-accessible-corpus-029,built-in-sports-games,Sports and Games,built-in-sports-games-set-014,board,round-one,4,easy,racket-sports,Sports & Games: Tennis Grand Slams,,Which major is held at Flushing Meadows in New York City?,Milline suurturniir toimub New Yorgis Flushing Meadowsis?,US Open,USA lahtised,U.S. Open,US Open,The tournament is staged at the USTA Billie Jean King National Tennis Center in Queens.,Turniir toimub Queensis USTA Billie Jean Kingi riiklikus tennisekeskuses.,US Open (tennis),https://en.wikipedia.org/wiki/US_Open_(tennis),CC-BY-SA-4.0,2026-08-28,reviewed,true
built-in-sports-games-accessible-corpus-030,built-in-sports-games,Sports and Games,built-in-sports-games-set-014,board,round-one,5,easy,racket-sports,Sports & Games: Tennis Grand Slams,,What achievement means winning all four majors in one calendar year?,Kuidas nimetatakse kõigi nelja suurturniiri võitmist ühe kalendriaasta jooksul?,calendar Grand Slam,kalendriaasta suure slämmi võit,calendar-year Grand Slam,kalendri suur slämm,"A calendar Grand Slam requires the Australian, French, Wimbledon, and US titles in the same year.","Kalendriaasta suur slämm nõuab Austraalia, Prantsusmaa, Wimbledoni ja USA tiitlit samal aastal.",Grand Slam (tennis),https://en.wikipedia.org/wiki/Grand_Slam_(tennis),CC-BY-SA-4.0,2026-08-28,reviewed,true
built-in-sports-games-accessible-corpus-031,built-in-sports-games,Sports and Games,built-in-sports-games-set-015,board,round-one,1,easy,motorsport,Sports & Games: Ice Hockey,,What flat rubber disc is struck across the ice?,Millist lamedat kummiketast lüüakse mööda jääd?,puck,litter,,,The vulcanised rubber puck slides over the ice and serves as the game object.,Vulkaniseeritud kummist litter libiseb jääl ning on mängu keskne vahend.,Hockey puck,https://en.wikipedia.org/wiki/Hockey_puck,CC-BY-SA-4.0,2026-08-28,reviewed,true
built-in-sports-games-accessible-corpus-032,built-in-sports-games,Sports and Games,built-in-sports-games-set-015,board,round-one,2,easy,motorsport,Sports & Games: Ice Hockey,,Which heavily protected player guards the net?,Milline rohkete kaitsmetega mängija kaitseb väravat?,goaltender,väravavaht,goalie;goalkeeper,vaht,The goaltender wears specialised pads and tries to prevent the puck crossing the goal line.,Väravavaht kannab erilisi kaitsmeid ja püüab takistada litril väravajoone ületamist.,Goaltender,https://en.wikipedia.org/wiki/Goaltender,CC-BY-SA-4.0,2026-08-28,reviewed,true
built-in-sports-games-accessible-corpus-033,built-in-sports-games,Sports and Games,built-in-sports-games-set-015,board,round-one,3,easy,motorsport,Sports & Games: Ice Hockey,,Which famous silver trophy is awarded to the NHL playoff champion?,Milline kuulus hõbedane karikas antakse NHL-i play-off’i võitjale?,Stanley Cup,Stanley karikas,,,The Stanley Cup has been the championship trophy of top-level North American professional competition for more than a century.,Stanley karikas on olnud Põhja-Ameerika tipptasemel profivõistluse meistritrofee üle sajandi.,Stanley Cup,https://en.wikipedia.org/wiki/Stanley_Cup,CC-BY-SA-4.0,2026-08-28,reviewed,true
built-in-sports-games-accessible-corpus-034,built-in-sports-games,Sports and Games,built-in-sports-games-set-015,board,round-one,4,easy,motorsport,Sports & Games: Ice Hockey,,What is the attacking advantage while an opponent has a player serving a penalty?,"Kuidas nimetatakse rünnakueelist ajal, mil vastase mängija kannab karistust?",power play,arvuline ülekaal,man advantage,ülekaalumäng,"A penalised team normally skates with fewer players, giving the other side a power play.",Karistatud meeskond mängib tavaliselt vähemate mängijatega ja vastane saab arvulise ülekaalu.,Power play (sport),https://en.wikipedia.org/wiki/Power_play_(sport),CC-BY-SA-4.0,2026-08-28,reviewed,true
built-in-sports-games-accessible-corpus-035,built-in-sports-games,Sports and Games,built-in-sports-games-set-015,board,round-one,5,easy,motorsport,Sports & Games: Ice Hockey,,Which infraction generally involves shooting the puck from behind the centre line across the opponent’s goal line untouched?,Milline rikkumine tähendab üldjuhul litri puutumatult saatmist oma väljakupoolelt üle vastase väravajoone?,icing,pikk litter,,,Icing discourages a defending team from simply clearing the puck the full length of the rink.,Pika litri reegel takistab kaitsvat meeskonda litrit lihtsalt üle kogu väljaku löömast.,Icing (ice hockey),https://en.wikipedia.org/wiki/Icing_(ice_hockey),CC-BY-SA-4.0,2026-08-28,reviewed,true
built-in-sports-games-accessible-corpus-036,built-in-sports-games,Sports and Games,built-in-sports-games-set-016,board,round-one,1,easy,motorsport,Sports & Games: The Summer Olympics,,Which city hosted the first modern Games in 1896?,Milline linn võõrustas 1896. aastal esimesi nüüdisaegseid mänge?,Athens,Ateena,,,The 1896 event revived an international multi-sport festival in the Greek capital.,1896. aasta võistlus taastas rahvusvahelise mitmevõistluse Kreeka pealinnas.,1896 Summer Olympics,https://en.wikipedia.org/wiki/1896_Summer_Olympics,CC-BY-SA-4.0,2026-08-28,reviewed,true
built-in-sports-games-accessible-corpus-037,built-in-sports-games,Sports and Games,built-in-sports-games-set-016,board,round-one,2,easy,motorsport,Sports & Games: The Summer Olympics,,What ceremonial fire is lit at Olympia before travelling to the host city?,Milline tseremoniaalne tuli süüdatakse Olympias enne teekonda korraldajalinna?,Olympic flame,olümpiatuli,Olympic torch,olümpiatõrvik,The flame is ignited in Olympia and carried in a relay to the opening ceremony.,Tuli süüdatakse Olympias ning viiakse teatejooksuga avatseremooniale.,Olympic flame,https://en.wikipedia.org/wiki/Olympic_flame,CC-BY-SA-4.0,2026-08-28,reviewed,true
built-in-sports-games-accessible-corpus-038,built-in-sports-games,Sports and Games,built-in-sports-games-set-016,board,round-one,3,easy,motorsport,Sports & Games: The Summer Olympics,,Which road-running event takes its name from an ancient Greek battlefield?,Milline maanteejooks on saanud nime Vana-Kreeka lahingupaiga järgi?,marathon,maraton,,,The modern race commemorates a legend connected with the Battle of Marathon.,Nüüdisaegne jooks meenutab Maratoni lahinguga seotud legendi.,Marathon,https://en.wikipedia.org/wiki/Marathon,CC-BY-SA-4.0,2026-08-28,reviewed,true
built-in-sports-games-accessible-corpus-039,built-in-sports-games,Sports and Games,built-in-sports-games-set-016,board,round-one,4,easy,motorsport,Sports & Games: The Summer Olympics,,What residential complex houses athletes and team officials during the event?,"Kuidas nimetatakse elamukompleksi, kus võistluste ajal elavad sportlased ja koondiste ametnikud?",Olympic Village,olümpiaküla,,,Host cities build or designate a village so delegations can live together near the venues.,"Korraldajalinn rajab või määrab küla, kus delegatsioonid saavad võistluspaikade lähedal koos elada.",Olympic Village,https://en.wikipedia.org/wiki/Olympic_Village,CC-BY-SA-4.0,2026-08-28,reviewed,true
built-in-sports-games-accessible-corpus-040,built-in-sports-games,Sports and Games,built-in-sports-games-set-016,board,round-one,5,easy,motorsport,Sports & Games: The Summer Olympics,,Which French educator helped revive the modern Games and founded the IOC?,Milline Prantsuse pedagoog aitas nüüdisaegsed mängud taastada ja asutas ROK-i?,Pierre de Coubertin,Pierre de Coubertin,Baron de Coubertin,parun de Coubertin,Coubertin promoted an international revival and became a founder of the International Olympic Committee.,Coubertin edendas rahvusvaheliste mängude taastamist ning oli Rahvusvahelise Olümpiakomitee asutaja.,Pierre de Coubertin,https://en.wikipedia.org/wiki/Pierre_de_Coubertin,CC-BY-SA-4.0,2026-08-28,reviewed,true
built-in-sports-games-clue-0081,built-in-sports-games,Sports and Games,built-in-sports-games-set-017,board,round-one,1,medium,association-football,Sports & Games: Curious Potpourri,,Wayne Rooney — Which player scored a hat-trick on his Manchester United debut in 2004?,,Wayne Rooney,,,,Wayne Rooney scored three goals on his Manchester United debut against Fenerbahçe.,,Wayne Rooney — Wikipedia permanent revision 1370330101,https://en.wikipedia.org/w/index.php?title=Wayne_Rooney&oldid=1370330101,CC-BY-SA-4.0,2026-08-25,untranslated,true
built-in-sports-games-clue-0087,built-in-sports-games,Sports and Games,built-in-sports-games-set-017,board,round-one,2,medium,association-football,Sports & Games: Curious Potpourri,,Alan Shearer — In what year was the person in “Premier League Scoring Leader” born?,,1970,,,,The subject was born in 1970.,,Alan Shearer — Wikipedia permanent revision 1369817175,https://en.wikipedia.org/w/index.php?title=Alan_Shearer&oldid=1369817175,CC-BY-SA-4.0,2026-08-25,untranslated,true
built-in-sports-games-clue-0093,built-in-sports-games,Sports and Games,built-in-sports-games-set-017,board,round-one,3,medium,association-football,Sports & Games: Curious Potpourri,,England national football team records and statistics — What kind of 1870 match begins the recorded history of England’s national team?,,first representative international match,,,,England’s recorded international history begins with a representative match in 1870.,,England national football team records and statistics — Wikipedia permanent revision 1368838184,https://en.wikipedia.org/w/index.php?title=England_national_football_team_records_and_statistics&oldid=1368838184,CC-BY-SA-4.0,2026-08-25,untranslated,true
built-in-sports-games-clue-0099,built-in-sports-games,Sports and Games,built-in-sports-games-set-017,board,round-one,4,medium,association-football,Sports & Games: Curious Potpourri,,Everton F.C. — In what year was the team or club in “Merseyside Club” founded or first held?,,1878,,,,The subject dates its beginning to 1878.,,Everton F.C. — Wikipedia permanent revision 1369354263,https://en.wikipedia.org/w/index.php?title=Everton_F.C.&oldid=1369354263,CC-BY-SA-4.0,2026-08-25,untranslated,true
built-in-sports-games-clue-0105,built-in-sports-games,Sports and Games,built-in-sports-games-set-017,board,round-one,5,medium,association-football,Sports & Games: Curious Potpourri,,The Invincibles (English football) — Who managed Preston North End’s 1888–89 Invincibles?,,William Sudell,,,,William Sudell managed Preston North End’s Invincibles.,,The Invincibles (English football) — Wikipedia permanent revision 1368195460,https://en.wikipedia.org/w/index.php?title=The_Invincibles_(English_football)&oldid=1368195460,CC-BY-SA-4.0,2026-08-25,untranslated,true
built-in-sports-games-clue-0086,built-in-sports-games,Sports and Games,built-in-sports-games-set-018,board,round-one,1,medium,association-football,Sports & Games: Curious Challenge,,Alan Shearer — Which player holds the Premier League career record for goals?,,Alan Shearer,,,,Alan Shearer scored a Premier League-record 260 goals.,,Alan Shearer — Wikipedia permanent revision 1369817175,https://en.wikipedia.org/w/index.php?title=Alan_Shearer&oldid=1369817175,CC-BY-SA-4.0,2026-08-25,untranslated,true
built-in-sports-games-clue-0092,built-in-sports-games,Sports and Games,built-in-sports-games-set-018,board,round-one,2,medium,association-football,Sports & Games: Curious Challenge,,England national football team records and statistics — Which team is also known as the Three Lions?,,England national men's football team,,,,The England national men’s football team is known as the Three Lions.,,England national football team records and statistics — Wikipedia permanent revision 1368838184,https://en.wikipedia.org/w/index.php?title=England_national_football_team_records_and_statistics&oldid=1368838184,CC-BY-SA-4.0,2026-08-25,untranslated,true
built-in-sports-games-clue-0098,built-in-sports-games,Sports and Games,built-in-sports-games-set-018,board,round-one,3,medium,association-football,Sports & Games: Curious Challenge,,Everton F.C. — Give one established nickname for Everton Football Club.,,The Toffees,,The Blues;The People’s Club;The School of Science,,"Everton is known as the Toffees, the Blues, the People’s Club, and the School of Science.",,Everton F.C. — Wikipedia permanent revision 1369354263,https://en.wikipedia.org/w/index.php?title=Everton_F.C.&oldid=1369354263,CC-BY-SA-4.0,2026-08-25,untranslated,true
built-in-sports-games-clue-0104,built-in-sports-games,Sports and Games,built-in-sports-games-set-018,board,round-one,4,medium,association-football,Sports & Games: Curious Challenge,,The Invincibles (English football) — Which season produced Preston North End’s Invincibles?,,1888–89 season,,,,Preston North End earned the nickname for its 1888–89 season.,,The Invincibles (English football) — Wikipedia permanent revision 1368195460,https://en.wikipedia.org/w/index.php?title=The_Invincibles_(English_football)&oldid=1368195460,CC-BY-SA-4.0,2026-08-25,untranslated,true
built-in-sports-games-clue-0110,built-in-sports-games,Sports and Games,built-in-sports-games-set-018,board,round-one,5,medium,association-football,Sports & Games: Curious Challenge,,Cafu — How tall is the person in “Brazil’s World Cup Captain”?,,1.76 m (5 ft 9 in),,,,The subject is recorded at 1.76 m (5 ft 9 in).,,Cafu — Wikipedia permanent revision 1371020845,https://en.wikipedia.org/w/index.php?title=Cafu&oldid=1371020845,CC-BY-SA-4.0,2026-08-25,untranslated,true
built-in-sports-games-clue-0091,built-in-sports-games,Sports and Games,built-in-sports-games-set-019,board,round-one,1,medium,association-football,Sports & Games: Curious Quiz,,England national football team records and statistics — Which England player appeared in six consecutive major tournaments from Euro 2004 through Euro 2016?,,Wayne Rooney,,Rooney,,Wayne Rooney appeared in six consecutive major tournaments from Euro 2004 through Euro 2016.,,England national football team records and statistics — Wikipedia permanent revision 1368838184,https://en.wikipedia.org/w/index.php?title=England_national_football_team_records_and_statistics&oldid=1368838184,CC-BY-SA-4.0,2026-08-25,untranslated,true
built-in-sports-games-clue-0097,built-in-sports-games,Sports and Games,built-in-sports-games-set-019,board,round-one,2,medium,association-football,Sports & Games: Curious Quiz,,Everton F.C. — What is the full name of the team or club in “Merseyside Club”?,,Everton Football Club,,,,Everton Football Club is the subject’s full name.,,Everton F.C. — Wikipedia permanent revision 1369354263,https://en.wikipedia.org/w/index.php?title=Everton_F.C.&oldid=1369354263,CC-BY-SA-4.0,2026-08-25,untranslated,true
built-in-sports-games-clue-0103,built-in-sports-games,Sports and Games,built-in-sports-games-set-019,board,round-one,3,medium,association-football,Sports & Games: Curious Quiz,,The Invincibles (English football) — Which club’s 1888–89 side shares the Invincibles nickname with Arsenal’s 2003–04 team?,,Preston North End,,,,Preston North End’s 1888–89 side is also known as the Invincibles.,,The Invincibles (English football) — Wikipedia permanent revision 1368195460,https://en.wikipedia.org/w/index.php?title=The_Invincibles_(English_football)&oldid=1368195460,CC-BY-SA-4.0,2026-08-25,untranslated,true
built-in-sports-games-clue-0109,built-in-sports-games,Sports and Games,built-in-sports-games-set-019,board,round-one,4,medium,association-football,Sports & Games: Curious Quiz,,Cafu — Which place is the birthplace of the person in “Brazil’s World Cup Captain”?,,Itaquaquecetuba,,,,The subject was born in Itaquaquecetuba.,,Cafu — Wikipedia permanent revision 1371020845,https://en.wikipedia.org/w/index.php?title=Cafu&oldid=1371020845,CC-BY-SA-4.0,2026-08-25,untranslated,true
built-in-sports-games-clue-0115,built-in-sports-games,Sports and Games,built-in-sports-games-set-019,board,round-one,5,medium,association-football,Sports & Games: Curious Quiz,,Shaquille O'Neal — Which high school did the player in “A Dominant NBA Center” attend?,,Fulda American,,,,Fulda American is the documented high school.,,Shaquille O'Neal — Wikipedia permanent revision 1371100852,https://en.wikipedia.org/w/index.php?title=Shaquille_O'Neal&oldid=1371100852,CC-BY-SA-4.0,2026-08-25,untranslated,true
built-in-sports-games-clue-0096,built-in-sports-games,Sports and Games,built-in-sports-games-set-020,board,round-one,1,medium,association-football,Sports & Games: Curious Odds & Ends,,Everton F.C. — Which English football club is based in Liverpool and plays its home matches at Goodison Park?,,Everton,,,,Everton is a Liverpool-based Premier League club whose home ground is Goodison Park.,,Everton F.C. — Wikipedia permanent revision 1369354263,https://en.wikipedia.org/w/index.php?title=Everton_F.C.&oldid=1369354263,CC-BY-SA-4.0,2026-08-25,untranslated,true
built-in-sports-games-clue-0102,built-in-sports-games,Sports and Games,built-in-sports-games-set-020,board,round-one,2,medium,association-football,Sports & Games: Curious Odds & Ends,,The Invincibles (English football) — In which sport is “The Invincibles” a nickname for unbeaten teams?,,English football,,,,The Invincibles is a nickname used in English football.,,The Invincibles (English football) — Wikipedia permanent revision 1368195460,https://en.wikipedia.org/w/index.php?title=The_Invincibles_(English_football)&oldid=1368195460,CC-BY-SA-4.0,2026-08-25,untranslated,true
built-in-sports-games-clue-0108,built-in-sports-games,Sports and Games,built-in-sports-games-set-020,board,round-one,3,medium,association-football,Sports & Games: Curious Odds & Ends,,Cafu — On what date was the person in “Brazil’s World Cup Captain” born?,,7 June 1970,,,,The subject was born on 7 June 1970.,,Cafu — Wikipedia permanent revision 1371020845,https://en.wikipedia.org/w/index.php?title=Cafu&oldid=1371020845,CC-BY-SA-4.0,2026-08-25,untranslated,true
built-in-sports-games-clue-0114,built-in-sports-games,Sports and Games,built-in-sports-games-set-020,board,round-one,4,medium,association-football,Sports & Games: Curious Odds & Ends,,Shaquille O'Neal — What is the weight of the person in “A Dominant NBA Center”?,,325 lb (147 kg),,,,The subject is recorded at 325 lb (147 kg).,,Shaquille O'Neal — Wikipedia permanent revision 1371100852,https://en.wikipedia.org/w/index.php?title=Shaquille_O'Neal&oldid=1371100852,CC-BY-SA-4.0,2026-08-25,untranslated,true
built-in-sports-games-clue-0120,built-in-sports-games,Sports and Games,built-in-sports-games-set-020,board,round-one,5,medium,association-football,Sports & Games: Curious Odds & Ends,,Wilt Chamberlain's 100-point game — Wilt Chamberlain scored his infamous 100-point-game against the New York Knicks in 1962.,,True,,,,Wilt Chamberlain scored 100 points against the New York Knicks on 2 March 1962.,,Wilt Chamberlain's 100-point game — Wikipedia permanent revision 1369253434,https://en.wikipedia.org/w/index.php?title=Wilt_Chamberlain's_100-point_game&oldid=1369253434,CC-BY-SA-4.0,2026-08-25,untranslated,true
built-in-sports-games-clue-0101,built-in-sports-games,Sports and Games,built-in-sports-games-set-021,board,round-one,1,medium,association-football,Sports & Games: Classic Mix,,The Invincibles (English football) — How many league matches did Arsenal complete unbeaten in the 2003–04 Premier League season?,,38,,,,Arsenal went unbeaten across all 38 league matches of the 2003–04 season.,,The Invincibles (English football) — Wikipedia permanent revision 1368195460,https://en.wikipedia.org/w/index.php?title=The_Invincibles_(English_football)&oldid=1368195460,CC-BY-SA-4.0,2026-08-25,untranslated,true
built-in-sports-games-clue-0107,built-in-sports-games,Sports and Games,built-in-sports-games-set-021,board,round-one,2,medium,association-football,Sports & Games: Classic Mix,,Cafu — What is the full name of the person in “Brazil’s World Cup Captain”?,,Marcos Evangelista de Morais,,,,Marcos Evangelista de Morais is the subject’s full name.,,Cafu — Wikipedia permanent revision 1371020845,https://en.wikipedia.org/w/index.php?title=Cafu&oldid=1371020845,CC-BY-SA-4.0,2026-08-25,untranslated,true
built-in-sports-games-clue-0113,built-in-sports-games,Sports and Games,built-in-sports-games-set-021,board,round-one,3,medium,association-football,Sports & Games: Classic Mix,,Shaquille O'Neal — How tall is the person in “A Dominant NBA Center”?,,7 ft 1 in (216 cm),,,,The subject is recorded at 7 ft 1 in (216 cm).,,Shaquille O'Neal — Wikipedia permanent revision 1371100852,https://en.wikipedia.org/w/index.php?title=Shaquille_O'Neal&oldid=1371100852,CC-BY-SA-4.0,2026-08-25,untranslated,true
built-in-sports-games-clue-0119,built-in-sports-games,Sports and Games,built-in-sports-games-set-021,board,round-one,4,medium,association-football,Sports & Games: Classic Mix,,Wilt Chamberlain's 100-point game — Which player scored an NBA-record 100 points against the New York Knicks in 1962?,,Wilt Chamberlain,,,,"Wilt Chamberlain scored 100 points for the Philadelphia Warriors on March 2, 1962.",,Wilt Chamberlain's 100-point game — Wikipedia permanent revision 1369253434,https://en.wikipedia.org/w/index.php?title=Wilt_Chamberlain's_100-point_game&oldid=1369253434,CC-BY-SA-4.0,2026-08-25,untranslated,true
built-in-sports-games-clue-0125,built-in-sports-games,Sports and Games,built-in-sports-games-set-021,board,round-one,5,medium,association-football,Sports & Games: Classic Mix,,2015 NBA Finals — Which team won the Eastern finals connected with “Basketball: 2015 NBA Finals”?,,Cavaliers,,,,Cavaliers won that conference final.,,2015 NBA Finals — Wikipedia permanent revision 1366812001,https://en.wikipedia.org/w/index.php?title=2015_NBA_Finals&oldid=1366812001,CC-BY-SA-4.0,2026-08-25,untranslated,true
built-in-sports-games-clue-0106,built-in-sports-games,Sports and Games,built-in-sports-games-set-022,board,round-one,1,medium,association-football,Sports & Games: Classic Medley,,Cafu — Which Brazilian captain appeared in three consecutive World Cup finals from 1994 through 2002?,,Cafu,,,,"Cafu appeared in the 1994, 1998, and 2002 World Cup finals, captaining Brazil in the last.",,Cafu — Wikipedia permanent revision 1371020845,https://en.wikipedia.org/w/index.php?title=Cafu&oldid=1371020845,CC-BY-SA-4.0,2026-08-25,untranslated,true
built-in-sports-games-clue-0112,built-in-sports-games,Sports and Games,built-in-sports-games-set-022,board,round-one,2,medium,association-football,Sports & Games: Classic Medley,,Shaquille O'Neal — In what year was the person in “A Dominant NBA Center” born?,,1972,,,,The subject was born in 1972.,,Shaquille O'Neal — Wikipedia permanent revision 1371100852,https://en.wikipedia.org/w/index.php?title=Shaquille_O'Neal&oldid=1371100852,CC-BY-SA-4.0,2026-08-25,untranslated,true
built-in-sports-games-clue-0118,built-in-sports-games,Sports and Games,built-in-sports-games-set-022,board,round-one,3,medium,association-football,Sports & Games: Classic Medley,,Wilt Chamberlain's 100-point game — What attendance was recorded for the event in “Basketball: Wilt Chamberlain's 100-point game”?,,"4,124",,,,"The recorded attendance was 4,124.",,Wilt Chamberlain's 100-point game — Wikipedia permanent revision 1369253434,https://en.wikipedia.org/w/index.php?title=Wilt_Chamberlain's_100-point_game&oldid=1369253434,CC-BY-SA-4.0,2026-08-25,untranslated,true
built-in-sports-games-clue-0124,built-in-sports-games,Sports and Games,built-in-sports-games-set-022,board,round-one,4,medium,association-football,Sports & Games: Classic Medley,,2015 NBA Finals — Which official from “Basketball: 2015 NBA Finals” later entered the Hall of Fame?,,Danny Crawford,,,,Danny Crawford is the identified Hall of Famer.,,2015 NBA Finals — Wikipedia permanent revision 1366812001,https://en.wikipedia.org/w/index.php?title=2015_NBA_Finals&oldid=1366812001,CC-BY-SA-4.0,2026-08-25,untranslated,true
built-in-sports-games-clue-0130,built-in-sports-games,Sports and Games,built-in-sports-games-set-022,board,round-one,5,medium,association-football,Sports & Games: Classic Medley,,Usain Bolt — In what year was the person in “Athletics: Usain Bolt” born?,,1986,,,,The subject was born in 1986.,,Usain Bolt — Wikipedia permanent revision 1369818985,https://en.wikipedia.org/w/index.php?title=Usain_Bolt&oldid=1369818985,CC-BY-SA-4.0,2026-08-25,untranslated,true
built-in-sports-games-clue-0111,built-in-sports-games,Sports and Games,built-in-sports-games-set-023,board,round-one,1,medium,basketball,Sports & Games: Classic Tour,,Shaquille O'Neal — Which NBA player won Most Valuable Player for the 1999-2000 season?,,Shaquille O'Neal,,,,Shaquille O’Neal won the NBA Most Valuable Player award for the 1999–2000 season.,,Shaquille O'Neal — Wikipedia permanent revision 1371100852,https://en.wikipedia.org/w/index.php?title=Shaquille_O'Neal&oldid=1371100852,CC-BY-SA-4.0,2026-08-25,untranslated,true
built-in-sports-games-clue-0117,built-in-sports-games,Sports and Games,built-in-sports-games-set-023,board,round-one,2,medium,basketball,Sports & Games: Classic Tour,,Wilt Chamberlain's 100-point game — Which venue is recorded for the event or competition in “Basketball: Wilt Chamberlain's 100-point game”?,,Hershey Sports Arena,,,,The subject took place at Hershey Sports Arena.,,Wilt Chamberlain's 100-point game — Wikipedia permanent revision 1369253434,https://en.wikipedia.org/w/index.php?title=Wilt_Chamberlain's_100-point_game&oldid=1369253434,CC-BY-SA-4.0,2026-08-25,untranslated,true
built-in-sports-games-clue-0123,built-in-sports-games,Sports and Games,built-in-sports-games-set-023,board,round-one,3,medium,basketball,Sports & Games: Classic Tour,,2015 NBA Finals — Who was named MVP in “Basketball: 2015 NBA Finals”?,,Andre Iguodala,,,,Andre Iguodala was the MVP.,,2015 NBA Finals — Wikipedia permanent revision 1366812001,https://en.wikipedia.org/w/index.php?title=2015_NBA_Finals&oldid=1366812001,CC-BY-SA-4.0,2026-08-25,untranslated,true
built-in-sports-games-clue-0129,built-in-sports-games,Sports and Games,built-in-sports-games-set-023,board,round-one,4,medium,basketball,Sports & Games: Classic Tour,,Usain Bolt — Which nationality is associated with the person in “Athletics: Usain Bolt”?,,Jamaica,,,,Jamaica is the documented nationality.,,Usain Bolt — Wikipedia permanent revision 1369818985,https://en.wikipedia.org/w/index.php?title=Usain_Bolt&oldid=1369818985,CC-BY-SA-4.0,2026-08-25,untranslated,true
built-in-sports-games-clue-0135,built-in-sports-games,Sports and Games,built-in-sports-games-set-023,board,round-one,5,medium,basketball,Sports & Games: Classic Tour,,Toronto Marlies — Which division includes the team in “The Maple Leafs’ AHL Affiliate”?,,North,,,,North is the documented division.,,Toronto Marlies — Wikipedia permanent revision 1369606030,https://en.wikipedia.org/w/index.php?title=Toronto_Marlies&oldid=1369606030,CC-BY-SA-4.0,2026-08-25,untranslated,true
built-in-sports-games-clue-0116,built-in-sports-games,Sports and Games,built-in-sports-games-set-024,board,round-one,1,medium,basketball,Sports & Games: Classic Grab Bag,,Wilt Chamberlain's 100-point game — What date is recorded for the event or competition in “Basketball: Wilt Chamberlain's 100-point game”?,,"March 2, 1962",,,,"The subject is dated to March 2, 1962.",,Wilt Chamberlain's 100-point game — Wikipedia permanent revision 1369253434,https://en.wikipedia.org/w/index.php?title=Wilt_Chamberlain's_100-point_game&oldid=1369253434,CC-BY-SA-4.0,2026-08-25,untranslated,true
built-in-sports-games-clue-0122,built-in-sports-games,Sports and Games,built-in-sports-games-set-024,board,round-one,2,medium,basketball,Sports & Games: Classic Grab Bag,,2015 NBA Finals — When did the event or competition in “Basketball: 2015 NBA Finals” take place or begin?,,June 4–16,,,,June 4–16 was the dates associated with this event or competition.,,2015 NBA Finals — Wikipedia permanent revision 1366812001,https://en.wikipedia.org/w/index.php?title=2015_NBA_Finals&oldid=1366812001,CC-BY-SA-4.0,2026-08-25,untranslated,true
built-in-sports-games-clue-0128,built-in-sports-games,Sports and Games,built-in-sports-games-set-024,board,round-one,3,medium,basketball,Sports & Games: Classic Grab Bag,,Usain Bolt — What nickname is associated with “Athletics: Usain Bolt”?,,Lightning Bolt,,,,Lightning Bolt is the documented nickname.,,Usain Bolt — Wikipedia permanent revision 1369818985,https://en.wikipedia.org/w/index.php?title=Usain_Bolt&oldid=1369818985,CC-BY-SA-4.0,2026-08-25,untranslated,true
built-in-sports-games-clue-0134,built-in-sports-games,Sports and Games,built-in-sports-games-set-024,board,round-one,4,medium,basketball,Sports & Games: Classic Grab Bag,,Toronto Marlies — Which conference includes the team in “The Maple Leafs’ AHL Affiliate”?,,Eastern,,,,Eastern is the documented conference.,,Toronto Marlies — Wikipedia permanent revision 1369606030,https://en.wikipedia.org/w/index.php?title=Toronto_Marlies&oldid=1369606030,CC-BY-SA-4.0,2026-08-25,untranslated,true
built-in-sports-games-clue-0140,built-in-sports-games,Sports and Games,built-in-sports-games-set-024,board,round-one,5,medium,basketball,Sports & Games: Classic Grab Bag,,Fanny Chmelar — Which club is associated with the person in “Winter Sports: Fanny Chmelar”?,,Skiclub Partenkirchen,,,,The subject is associated with Skiclub Partenkirchen.,,Fanny Chmelar — Wikipedia permanent revision 1367816252,https://en.wikipedia.org/w/index.php?title=Fanny_Chmelar&oldid=1367816252,CC-BY-SA-4.0,2026-08-25,untranslated,true
built-in-sports-games-clue-0121,built-in-sports-games,Sports and Games,built-in-sports-games-set-025,board,round-one,1,medium,basketball,Sports & Games: Classic Roundup,,2015 NBA Finals — Which team was the 2014-2015 NBA Champions?,,Golden State Warriors,,,,The Golden State Warriors won the 2014–15 NBA championship.,,2015 NBA Finals — Wikipedia permanent revision 1366812001,https://en.wikipedia.org/w/index.php?title=2015_NBA_Finals&oldid=1366812001,CC-BY-SA-4.0,2026-08-25,untranslated,true
built-in-sports-games-clue-0127,built-in-sports-games,Sports and Games,built-in-sports-games-set-025,board,round-one,2,medium,basketball,Sports & Games: Classic Roundup,,Usain Bolt — What is the full name of the person in “Athletics: Usain Bolt”?,,Usain St. Leo Bolt,,,,Usain St. Leo Bolt is the subject’s full name.,,Usain Bolt — Wikipedia permanent revision 1369818985,https://en.wikipedia.org/w/index.php?title=Usain_Bolt&oldid=1369818985,CC-BY-SA-4.0,2026-08-25,untranslated,true
built-in-sports-games-clue-0133,built-in-sports-games,Sports and Games,built-in-sports-games-set-025,board,round-one,3,medium,basketball,Sports & Games: Classic Roundup,,Toronto Marlies — What is the name of the AHL affiliate of the Toronto Maple Leafs?,,Toronto Marlies,,,,The Toronto Marlies are the American Hockey League affiliate of the Toronto Maple Leafs.,,Toronto Marlies — Wikipedia permanent revision 1369606030,https://en.wikipedia.org/w/index.php?title=Toronto_Marlies&oldid=1369606030,CC-BY-SA-4.0,2026-08-25,untranslated,true
built-in-sports-games-clue-0139,built-in-sports-games,Sports and Games,built-in-sports-games-set-025,board,round-one,4,medium,basketball,Sports & Games: Classic Roundup,,Fanny Chmelar — Which country did alpine skier Fanny Chmelar represent?,,Germany,,,,Fanny Chmelar represented Germany in alpine skiing.,,Fanny Chmelar — Wikipedia permanent revision 1367816252,https://en.wikipedia.org/w/index.php?title=Fanny_Chmelar&oldid=1367816252,CC-BY-SA-4.0,2026-08-25,untranslated,true
built-in-sports-games-clue-0145,built-in-sports-games,Sports and Games,built-in-sports-games-set-025,board,round-one,5,medium,basketball,Sports & Games: Classic Roundup,,St. Louis Blues — Which arena is home to the team in “St. Louis Hockey”?,,Enterprise Center,,,,Enterprise Center is the home arena.,,St. Louis Blues — Wikipedia permanent revision 1366234373,https://en.wikipedia.org/w/index.php?title=St._Louis_Blues&oldid=1366234373,CC-BY-SA-4.0,2026-08-25,untranslated,true
built-in-sports-games-clue-0126,built-in-sports-games,Sports and Games,built-in-sports-games-set-026,board,round-one,1,medium,athletics,Sports & Games: Classic Sampler,,"Usain Bolt — In 2008, Usain Bolt set the world record for the 100 meters with one shoelace untied.",,True,,,,Usain Bolt set a 100-metre world record at the 2008 Olympics despite an untied shoelace.,,Usain Bolt — Wikipedia permanent revision 1369818985,https://en.wikipedia.org/w/index.php?title=Usain_Bolt&oldid=1369818985,CC-BY-SA-4.0,2026-08-25,untranslated,true
built-in-sports-games-clue-0132,built-in-sports-games,Sports and Games,built-in-sports-games-set-026,board,round-one,2,medium,athletics,Sports & Games: Classic Sampler,,Toronto Marlies — In which league does the team in “The Maple Leafs’ AHL Affiliate” play?,,American Hockey League,,,,American Hockey League is the documented league.,,Toronto Marlies — Wikipedia permanent revision 1369606030,https://en.wikipedia.org/w/index.php?title=Toronto_Marlies&oldid=1369606030,CC-BY-SA-4.0,2026-08-25,untranslated,true
built-in-sports-games-clue-0138,built-in-sports-games,Sports and Games,built-in-sports-games-set-026,board,round-one,3,medium,athletics,Sports & Games: Classic Sampler,,Fanny Chmelar — Which sport is associated with the person in “Winter Sports: Fanny Chmelar”?,,Alpine skiing,,,,The subject is associated with Alpine skiing.,,Fanny Chmelar — Wikipedia permanent revision 1367816252,https://en.wikipedia.org/w/index.php?title=Fanny_Chmelar&oldid=1367816252,CC-BY-SA-4.0,2026-08-25,untranslated,true
built-in-sports-games-clue-0144,built-in-sports-games,Sports and Games,built-in-sports-games-set-026,board,round-one,4,medium,athletics,Sports & Games: Classic Sampler,,St. Louis Blues — In what year was the team or club in “St. Louis Hockey” founded or first held?,,1967,,,,The subject dates its beginning to 1967.,,St. Louis Blues — Wikipedia permanent revision 1366234373,https://en.wikipedia.org/w/index.php?title=St._Louis_Blues&oldid=1366234373,CC-BY-SA-4.0,2026-08-25,untranslated,true
built-in-sports-games-clue-0150,built-in-sports-games,Sports and Games,built-in-sports-games-set-026,board,round-one,5,medium,athletics,Sports & Games: Classic Sampler,,2014 Winter Olympics — How many athletes are associated with the event or competition in “Winter Sports: 2014 Winter Olympics”?,,"2,865",,,,"2,865 was the athletes associated with this event or competition.",,2014 Winter Olympics — Wikipedia permanent revision 1369464724,https://en.wikipedia.org/w/index.php?title=2014_Winter_Olympics&oldid=1369464724,CC-BY-SA-4.0,2026-08-25,untranslated,true
built-in-sports-games-clue-0131,built-in-sports-games,Sports and Games,built-in-sports-games-set-027,board,round-one,1,medium,winter-sports,Sports & Games: Classic Potpourri,,Toronto Marlies — Which city is home to the team in “The Maple Leafs’ AHL Affiliate”?,,Toronto,,,,Toronto is the team’s home city.,,Toronto Marlies — Wikipedia permanent revision 1369606030,https://en.wikipedia.org/w/index.php?title=Toronto_Marlies&oldid=1369606030,CC-BY-SA-4.0,2026-08-25,untranslated,true
built-in-sports-games-clue-0137,built-in-sports-games,Sports and Games,built-in-sports-games-set-027,board,round-one,2,medium,winter-sports,Sports & Games: Classic Potpourri,,Fanny Chmelar — How tall is the person in “Winter Sports: Fanny Chmelar”?,,187 cm (6 ft 2 in),,,,The subject is recorded at 187 cm (6 ft 2 in).,,Fanny Chmelar — Wikipedia permanent revision 1367816252,https://en.wikipedia.org/w/index.php?title=Fanny_Chmelar&oldid=1367816252,CC-BY-SA-4.0,2026-08-25,untranslated,true
built-in-sports-games-clue-0143,built-in-sports-games,Sports and Games,built-in-sports-games-set-027,board,round-one,3,medium,winter-sports,Sports & Games: Classic Potpourri,,St. Louis Blues — Which division includes the team in “St. Louis Hockey”?,,Central,,,,Central is the documented division.,,St. Louis Blues — Wikipedia permanent revision 1366234373,https://en.wikipedia.org/w/index.php?title=St._Louis_Blues&oldid=1366234373,CC-BY-SA-4.0,2026-08-25,untranslated,true
built-in-sports-games-clue-0149,built-in-sports-games,Sports and Games,built-in-sports-games-set-027,board,round-one,4,medium,winter-sports,Sports & Games: Classic Potpourri,,2014 Winter Olympics — How many nations are associated with the event or competition in “Winter Sports: 2014 Winter Olympics”?,,88,,,,88 was the nations associated with this event or competition.,,2014 Winter Olympics — Wikipedia permanent revision 1369464724,https://en.wikipedia.org/w/index.php?title=2014_Winter_Olympics&oldid=1369464724,CC-BY-SA-4.0,2026-08-25,untranslated,true
built-in-sports-games-clue-0155,built-in-sports-games,Sports and Games,built-in-sports-games-set-027,board,round-one,5,medium,winter-sports,Sports & Games: Classic Potpourri,,Carpet court — In what year did ATP Tour competitions stop using carpet courts?,,2009,,,,The use of carpet courts in ATP Tour competitions ended in 2009.,,Carpet court — Wikipedia permanent revision 1363680494,https://en.wikipedia.org/w/index.php?title=Carpet_court&oldid=1363680494,CC-BY-SA-4.0,2026-08-25,untranslated,true
built-in-sports-games-clue-0136,built-in-sports-games,Sports and Games,built-in-sports-games-set-028,board,round-one,1,medium,winter-sports,Sports & Games: Classic Challenge,,Fanny Chmelar — In what year was the person in “Winter Sports: Fanny Chmelar” born?,,1985,,,,The subject was born in 1985.,,Fanny Chmelar — Wikipedia permanent revision 1367816252,https://en.wikipedia.org/w/index.php?title=Fanny_Chmelar&oldid=1367816252,CC-BY-SA-4.0,2026-08-25,untranslated,true
built-in-sports-games-clue-0142,built-in-sports-games,Sports and Games,built-in-sports-games-set-028,board,round-one,2,medium,winter-sports,Sports & Games: Classic Challenge,,St. Louis Blues — Which conference includes the team in “St. Louis Hockey”?,,Western,,,,Western is the documented conference.,,St. Louis Blues — Wikipedia permanent revision 1366234373,https://en.wikipedia.org/w/index.php?title=St._Louis_Blues&oldid=1366234373,CC-BY-SA-4.0,2026-08-25,untranslated,true
built-in-sports-games-clue-0148,built-in-sports-games,Sports and Games,built-in-sports-games-set-028,board,round-one,3,medium,winter-sports,Sports & Games: Classic Challenge,,2014 Winter Olympics — What English-language motto was used for the 2014 Winter Olympics?,,Hot. Cool. Yours.,,,,The 2014 Winter Olympics used the motto “Hot. Cool. Yours.”,,2014 Winter Olympics — Wikipedia permanent revision 1369464724,https://en.wikipedia.org/w/index.php?title=2014_Winter_Olympics&oldid=1369464724,CC-BY-SA-4.0,2026-08-25,untranslated,true
built-in-sports-games-clue-0154,built-in-sports-games,Sports and Games,built-in-sports-games-set-028,board,round-one,4,medium,winter-sports,Sports & Games: Classic Challenge,,Carpet court — Only which tennis-court surface is described as faster than carpet?,,Grass courts,,Grass court,,"Carpet is described as the second-fastest court type, behind grass courts.",,Carpet court — Wikipedia permanent revision 1363680494,https://en.wikipedia.org/w/index.php?title=Carpet_court&oldid=1363680494,CC-BY-SA-4.0,2026-08-25,untranslated,true
built-in-sports-games-clue-0160,built-in-sports-games,Sports and Games,built-in-sports-games-set-028,board,round-one,5,medium,winter-sports,Sports & Games: Classic Challenge,,US Open (tennis) — Which playing surface is associated with the event or competition in “Flushing Meadows Tennis”?,,Hard,,,,The subject uses Hard.,,US Open (tennis) — Wikipedia permanent revision 1371275781,https://en.wikipedia.org/w/index.php?title=US_Open_(tennis)&oldid=1371275781,CC-BY-SA-4.0,2026-08-25,untranslated,true
built-in-sports-games-clue-0141,built-in-sports-games,Sports and Games,built-in-sports-games-set-029,board,round-one,1,medium,winter-sports,Sports & Games: Classic Quiz,,St. Louis Blues — Which professional NHL team is based in St. Louis?,,St. Louis Blues,,,,The St. Louis Blues are a National Hockey League team based in St. Louis.,,St. Louis Blues — Wikipedia permanent revision 1366234373,https://en.wikipedia.org/w/index.php?title=St._Louis_Blues&oldid=1366234373,CC-BY-SA-4.0,2026-08-25,untranslated,true
built-in-sports-games-clue-0147,built-in-sports-games,Sports and Games,built-in-sports-games-set-029,board,round-one,2,medium,winter-sports,Sports & Games: Classic Quiz,,2014 Winter Olympics — In what country were the 2014 Winter Olympics held in the town of Sochi?,,Russia,,,,"Sochi, Russia, hosted the 2014 Winter Olympics.",,2014 Winter Olympics — Wikipedia permanent revision 1369464724,https://en.wikipedia.org/w/index.php?title=2014_Winter_Olympics&oldid=1369464724,CC-BY-SA-4.0,2026-08-25,untranslated,true
built-in-sports-games-clue-0153,built-in-sports-games,Sports and Games,built-in-sports-games-set-029,board,round-one,3,medium,winter-sports,Sports & Games: Classic Quiz,,Carpet court — Which governing body describes carpet as a textile or polymeric court surface?,,International Tennis Federation,,ITF,,The International Tennis Federation describes carpet as textile or polymeric material supplied in rolls or sheets.,,Carpet court — Wikipedia permanent revision 1363680494,https://en.wikipedia.org/w/index.php?title=Carpet_court&oldid=1363680494,CC-BY-SA-4.0,2026-08-25,untranslated,true
built-in-sports-games-clue-0159,built-in-sports-games,Sports and Games,built-in-sports-games-set-029,board,round-one,4,medium,winter-sports,Sports & Games: Classic Quiz,,US Open (tennis) — Which Grand Slam tennis tournament is played at the USTA Billie Jean King National Tennis Center in Queens?,,US Open,,,,The US Open is held at the USTA Billie Jean King National Tennis Center in Queens.,,US Open (tennis) — Wikipedia permanent revision 1371275781,https://en.wikipedia.org/w/index.php?title=US_Open_(tennis)&oldid=1371275781,CC-BY-SA-4.0,2026-08-25,untranslated,true
built-in-sports-games-clue-0165,built-in-sports-games,Sports and Games,built-in-sports-games-set-029,board,round-one,5,medium,winter-sports,Sports & Games: Classic Quiz,,Carlos Sainz Jr. — Which nationality is associated with the person in “A Midseason F1 Move”?,,Spanish,,,,Spanish is the documented nationality.,,Carlos Sainz Jr. — Wikipedia permanent revision 1370167795,https://en.wikipedia.org/w/index.php?title=Carlos_Sainz_Jr.&oldid=1370167795,CC-BY-SA-4.0,2026-08-25,untranslated,true
built-in-sports-games-clue-0146,built-in-sports-games,Sports and Games,built-in-sports-games-set-030,board,round-one,1,medium,winter-sports,Sports & Games: Classic Odds & Ends,,2014 Winter Olympics — Which location is associated with the event or competition in “Winter Sports: 2014 Winter Olympics”?,,Sochi,,,,The subject is associated with Sochi.,,2014 Winter Olympics — Wikipedia permanent revision 1369464724,https://en.wikipedia.org/w/index.php?title=2014_Winter_Olympics&oldid=1369464724,CC-BY-SA-4.0,2026-08-25,untranslated,true
built-in-sports-games-clue-0152,built-in-sports-games,Sports and Games,built-in-sports-games-set-030,board,round-one,2,medium,winter-sports,Sports & Games: Classic Odds & Ends,,Carpet court — What type of sports venue can use a carpet surface?,,Tennis court,,,,A carpet court is a type of tennis court.,,Carpet court — Wikipedia permanent revision 1363680494,https://en.wikipedia.org/w/index.php?title=Carpet_court&oldid=1363680494,CC-BY-SA-4.0,2026-08-25,untranslated,true
built-in-sports-games-clue-0158,built-in-sports-games,Sports and Games,built-in-sports-games-set-030,board,round-one,3,medium,winter-sports,Sports & Games: Classic Odds & Ends,,US Open (tennis) — Which venue is recorded for the event or competition in “Flushing Meadows Tennis”?,,USTA Billie Jean King National Tennis Center,,,,The subject took place at USTA Billie Jean King National Tennis Center.,,US Open (tennis) — Wikipedia permanent revision 1371275781,https://en.wikipedia.org/w/index.php?title=US_Open_(tennis)&oldid=1371275781,CC-BY-SA-4.0,2026-08-25,untranslated,true
built-in-sports-games-clue-0164,built-in-sports-games,Sports and Games,built-in-sports-games-set-030,board,round-one,4,medium,winter-sports,Sports & Games: Classic Odds & Ends,,Carlos Sainz Jr. — Name one relative identified for the person in “A Midseason F1 Move”.,,Antonio Sainz,,,,Antonio Sainz is an identified relative.,,Carlos Sainz Jr. — Wikipedia permanent revision 1370167795,https://en.wikipedia.org/w/index.php?title=Carlos_Sainz_Jr.&oldid=1370167795,CC-BY-SA-4.0,2026-08-25,untranslated,true
built-in-sports-games-clue-0085,built-in-sports-games,Sports and Games,built-in-sports-games-set-030,board,round-one,5,medium,winter-sports,Sports & Games: Classic Odds & Ends,,Wayne Rooney — How tall is the person in “Manchester United Debut Star”?,,5 ft 9 in (1.76 m),,,,The subject is recorded at 5 ft 9 in (1.76 m).,,Wayne Rooney — Wikipedia permanent revision 1370330101,https://en.wikipedia.org/w/index.php?title=Wayne_Rooney&oldid=1370330101,CC-BY-SA-4.0,2026-08-25,untranslated,true
built-in-sports-games-clue-0151,built-in-sports-games,Sports and Games,built-in-sports-games-set-031,board,round-one,1,medium,racket-sports,Sports & Games: Unexpected Mix,,"Carpet court — Which tennis surface was once used for events including the ATP Finals, Paris Masters, and Kremlin Cup?",,Carpet court,,Carpet;Carpet courts,,Several major professional events were once played on carpet courts.,,Carpet court — Wikipedia permanent revision 1363680494,https://en.wikipedia.org/w/index.php?title=Carpet_court&oldid=1363680494,CC-BY-SA-4.0,2026-08-25,untranslated,true
built-in-sports-games-clue-0157,built-in-sports-games,Sports and Games,built-in-sports-games-set-031,board,round-one,2,medium,racket-sports,Sports & Games: Unexpected Mix,,US Open (tennis) — Which location is associated with the event or competition in “Flushing Meadows Tennis”?,,Queens,,,,The subject is associated with Queens.,,US Open (tennis) — Wikipedia permanent revision 1371275781,https://en.wikipedia.org/w/index.php?title=US_Open_(tennis)&oldid=1371275781,CC-BY-SA-4.0,2026-08-25,untranslated,true
built-in-sports-games-clue-0163,built-in-sports-games,Sports and Games,built-in-sports-games-set-031,board,round-one,3,medium,racket-sports,Sports & Games: Unexpected Mix,,Carlos Sainz Jr. — Which parent is identified for the person in “A Midseason F1 Move”?,,Carlos Sainz Sr.,,,,Carlos Sainz Sr. is the identified parent.,,Carlos Sainz Jr. — Wikipedia permanent revision 1370167795,https://en.wikipedia.org/w/index.php?title=Carlos_Sainz_Jr.&oldid=1370167795,CC-BY-SA-4.0,2026-08-25,untranslated,true
built-in-sports-games-clue-0084,built-in-sports-games,Sports and Games,built-in-sports-games-set-031,board,round-one,4,medium,racket-sports,Sports & Games: Unexpected Mix,,Wayne Rooney — Which place is the birthplace of the person in “Manchester United Debut Star”?,,Liverpool,,,,The subject was born in Liverpool.,,Wayne Rooney — Wikipedia permanent revision 1370330101,https://en.wikipedia.org/w/index.php?title=Wayne_Rooney&oldid=1370330101,CC-BY-SA-4.0,2026-08-25,untranslated,true
built-in-sports-games-clue-0090,built-in-sports-games,Sports and Games,built-in-sports-games-set-031,board,round-one,5,medium,racket-sports,Sports & Games: Unexpected Mix,,Alan Shearer — Whom did the person in “Premier League Scoring Leader” marry?,,Lainya Shearer,,,,Lainya Shearer is the identified spouse.,,Alan Shearer — Wikipedia permanent revision 1369817175,https://en.wikipedia.org/w/index.php?title=Alan_Shearer&oldid=1369817175,CC-BY-SA-4.0,2026-08-25,untranslated,true
built-in-sports-games-clue-0156,built-in-sports-games,Sports and Games,built-in-sports-games-set-032,board,round-one,1,medium,racket-sports,Sports & Games: Unexpected Medley,,US Open (tennis) — In what year was the event or competition in “Flushing Meadows Tennis” founded or first held?,,1881,,,,The subject dates its beginning to 1881.,,US Open (tennis) — Wikipedia permanent revision 1371275781,https://en.wikipedia.org/w/index.php?title=US_Open_(tennis)&oldid=1371275781,CC-BY-SA-4.0,2026-08-25,untranslated,true
built-in-sports-games-clue-0162,built-in-sports-games,Sports and Games,built-in-sports-games-set-032,board,round-one,2,medium,racket-sports,Sports & Games: Unexpected Medley,,Carlos Sainz Jr. — In what year was the person in “A Midseason F1 Move” born?,,1994,,,,The subject was born in 1994.,,Carlos Sainz Jr. — Wikipedia permanent revision 1370167795,https://en.wikipedia.org/w/index.php?title=Carlos_Sainz_Jr.&oldid=1370167795,CC-BY-SA-4.0,2026-08-25,untranslated,true
built-in-sports-games-clue-0083,built-in-sports-games,Sports and Games,built-in-sports-games-set-032,board,round-one,3,medium,racket-sports,Sports & Games: Unexpected Medley,,Wayne Rooney — On what date was the person in “Manchester United Debut Star” born?,,24 October 1985,,,,The subject was born on 24 October 1985.,,Wayne Rooney — Wikipedia permanent revision 1370330101,https://en.wikipedia.org/w/index.php?title=Wayne_Rooney&oldid=1370330101,CC-BY-SA-4.0,2026-08-25,untranslated,true
built-in-sports-games-clue-0089,built-in-sports-games,Sports and Games,built-in-sports-games-set-032,board,round-one,4,medium,racket-sports,Sports & Games: Unexpected Medley,,Alan Shearer — How tall is the person in “Premier League Scoring Leader”?,,6 ft 0 in (1.83 m),,,,The subject is recorded at 6 ft 0 in (1.83 m).,,Alan Shearer — Wikipedia permanent revision 1369817175,https://en.wikipedia.org/w/index.php?title=Alan_Shearer&oldid=1369817175,CC-BY-SA-4.0,2026-08-25,untranslated,true
built-in-sports-games-clue-0095,built-in-sports-games,Sports and Games,built-in-sports-games-set-032,board,round-one,5,medium,racket-sports,Sports & Games: Unexpected Medley,,England national football team records and statistics — Which tournament did England primarily contest in the decades after its first internationals?,,British Home Championship,,,,England primarily competed in the British Home Championship during those decades.,,England national football team records and statistics — Wikipedia permanent revision 1368838184,https://en.wikipedia.org/w/index.php?title=England_national_football_team_records_and_statistics&oldid=1368838184,CC-BY-SA-4.0,2026-08-25,untranslated,true
built-in-sports-games-clue-0161,built-in-sports-games,Sports and Games,built-in-sports-games-set-033,board,round-one,1,medium,motorsport,Sports & Games: Unexpected Tour,,Carlos Sainz Jr. — Which Formula 1 driver switched teams in the middle of the 2017 season?,,Carlos Sainz Jr.,,,,Carlos Sainz Jr. moved from Toro Rosso to Renault during the 2017 Formula One season.,,Carlos Sainz Jr. — Wikipedia permanent revision 1370167795,https://en.wikipedia.org/w/index.php?title=Carlos_Sainz_Jr.&oldid=1370167795,CC-BY-SA-4.0,2026-08-25,untranslated,true
built-in-sports-games-clue-0082,built-in-sports-games,Sports and Games,built-in-sports-games-set-033,board,round-one,2,medium,motorsport,Sports & Games: Unexpected Tour,,Wayne Rooney — What is the full name of the person in “Manchester United Debut Star”?,,Wayne Mark Rooney,,,,Wayne Mark Rooney is the subject’s full name.,,Wayne Rooney — Wikipedia permanent revision 1370330101,https://en.wikipedia.org/w/index.php?title=Wayne_Rooney&oldid=1370330101,CC-BY-SA-4.0,2026-08-25,untranslated,true
built-in-sports-games-clue-0088,built-in-sports-games,Sports and Games,built-in-sports-games-set-033,board,round-one,3,medium,motorsport,Sports & Games: Unexpected Tour,,Alan Shearer — Which broadcasting role did Alan Shearer take up after his playing career?,,Football pundit,,Footballer,,"After retiring as a footballer, Alan Shearer became a football pundit.",,Alan Shearer — Wikipedia permanent revision 1369817175,https://en.wikipedia.org/w/index.php?title=Alan_Shearer&oldid=1369817175,CC-BY-SA-4.0,2026-08-25,untranslated,true
built-in-sports-games-clue-0094,built-in-sports-games,Sports and Games,built-in-sports-games-set-033,board,round-one,4,medium,motorsport,Sports & Games: Unexpected Tour,,England national football team records and statistics — What milestone followed England’s 1870 representative international two years later?,,first officially-recognised match,,,,England played its first officially recognised match two years after the 1870 representative international.,,England national football team records and statistics — Wikipedia permanent revision 1368838184,https://en.wikipedia.org/w/index.php?title=England_national_football_team_records_and_statistics&oldid=1368838184,CC-BY-SA-4.0,2026-08-25,untranslated,true
built-in-sports-games-clue-0100,built-in-sports-games,Sports and Games,built-in-sports-games-set-033,board,round-one,5,medium,motorsport,Sports & Games: Unexpected Tour,,Everton F.C. — Which ground does the club in “Merseyside Club” use?,,Hill Dickinson Stadium,,,,Hill Dickinson Stadium is the club’s ground.,,Everton F.C. — Wikipedia permanent revision 1369354263,https://en.wikipedia.org/w/index.php?title=Everton_F.C.&oldid=1369354263,CC-BY-SA-4.0,2026-08-25,untranslated,true
built-in-sports-games-clue-0166,built-in-sports-games,Sports and Games,built-in-sports-games-set-034,board,round-one,1,hard,association-football,Sports & Games: Unexpected Grab Bag,,Etihad Stadium — Etihad Stadium is the home stadium for which team?,,Manchester City,,,,Manchester City plays its home matches at the Etihad Stadium.,,Etihad Stadium — Wikipedia permanent revision 1370885658,https://en.wikipedia.org/w/index.php?title=Etihad_Stadium&oldid=1370885658,CC-BY-SA-4.0,2026-08-25,untranslated,true
built-in-sports-games-clue-0172,built-in-sports-games,Sports and Games,built-in-sports-games-set-034,board,round-one,2,hard,association-football,Sports & Games: Unexpected Grab Bag,,Kenenisa Bekele — What is the full name of the person in “Athletics: Kenenisa Bekele”?,,Kenenisa Bekele Beyecha,,,,Kenenisa Bekele Beyecha is the subject’s full name.,,Kenenisa Bekele — Wikipedia permanent revision 1370162515,https://en.wikipedia.org/w/index.php?title=Kenenisa_Bekele&oldid=1370162515,CC-BY-SA-4.0,2026-08-25,untranslated,true
built-in-sports-games-clue-0178,built-in-sports-games,Sports and Games,built-in-sports-games-set-034,board,round-one,3,hard,association-football,Sports & Games: Unexpected Grab Bag,,Curling — Give one nickname associated with “Winter Sports: Curling”.,,Chess On Ice,,,,Chess On Ice is one of the documented nicknames.,,Curling — Wikipedia permanent revision 1368990535,https://en.wikipedia.org/w/index.php?title=Curling&oldid=1368990535,CC-BY-SA-4.0,2026-08-25,untranslated,true
built-in-sports-games-clue-0184,built-in-sports-games,Sports and Games,built-in-sports-games-set-034,board,round-one,4,hard,association-football,Sports & Games: Unexpected Grab Bag,,Peter Fleming (tennis) — Where did the player in “McEnroe’s Doubles Partner” reside?,,Wimbledon,,,,Wimbledon is the documented residence.,,Peter Fleming (tennis) — Wikipedia permanent revision 1356081703,https://en.wikipedia.org/w/index.php?title=Peter_Fleming_(tennis)&oldid=1356081703,CC-BY-SA-4.0,2026-08-25,untranslated,true
built-in-sports-games-clue-0190,built-in-sports-games,Sports and Games,built-in-sports-games-set-034,board,round-one,5,hard,association-football,Sports & Games: Unexpected Grab Bag,,Mazda 787B — Which model preceded the car in “A Rotary Le Mans Winner”?,,Mazda 767B,,,,Mazda 767B was its predecessor.,,Mazda 787B — Wikipedia permanent revision 1370525015,https://en.wikipedia.org/w/index.php?title=Mazda_787B&oldid=1370525015,CC-BY-SA-4.0,2026-08-25,untranslated,true
built-in-sports-games-clue-0171,built-in-sports-games,Sports and Games,built-in-sports-games-set-035,board,round-one,1,hard,athletics,Sports & Games: Unexpected Roundup,,Kenenisa Bekele — What is Kenenisa Bekele’s marathon personal best?,,2:01:41,,,,Kenenisa Bekele ran a marathon personal best of 2:01:41 in Berlin in 2019.,,Kenenisa Bekele — Wikipedia permanent revision 1370162515,https://en.wikipedia.org/w/index.php?title=Kenenisa_Bekele&oldid=1370162515,CC-BY-SA-4.0,2026-08-25,untranslated,true
built-in-sports-games-clue-0177,built-in-sports-games,Sports and Games,built-in-sports-games-set-035,board,round-one,2,hard,athletics,Sports & Games: Unexpected Roundup,,Curling — Which governing body is associated with the event or competition in “Winter Sports: Curling”?,,World Curling Federation,,,,World Curling Federation is a listed governing body.,,Curling — Wikipedia permanent revision 1368990535,https://en.wikipedia.org/w/index.php?title=Curling&oldid=1368990535,CC-BY-SA-4.0,2026-08-25,untranslated,true
built-in-sports-games-clue-0183,built-in-sports-games,Sports and Games,built-in-sports-games-set-035,board,round-one,3,hard,athletics,Sports & Games: Unexpected Roundup,,Peter Fleming (tennis) — Which country did the player in “McEnroe’s Doubles Partner” represent?,,United States,,,,United States is the represented country.,,Peter Fleming (tennis) — Wikipedia permanent revision 1356081703,https://en.wikipedia.org/w/index.php?title=Peter_Fleming_(tennis)&oldid=1356081703,CC-BY-SA-4.0,2026-08-25,untranslated,true
built-in-sports-games-clue-0189,built-in-sports-games,Sports and Games,built-in-sports-games-set-035,board,round-one,4,hard,athletics,Sports & Games: Unexpected Roundup,,Mazda 787B — Who designed the Mazda 787B?,,Nigel Stroud,,,,Nigel Stroud designed the Mazda 787B.,,Mazda 787B — Wikipedia permanent revision 1370525015,https://en.wikipedia.org/w/index.php?title=Mazda_787B&oldid=1370525015,CC-BY-SA-4.0,2026-08-25,untranslated,true
built-in-sports-games-clue-0195,built-in-sports-games,Sports and Games,built-in-sports-games-set-035,board,round-one,5,hard,athletics,Sports & Games: Unexpected Roundup,,2018 Formula One World Championship — Which organization governs international Formula One competition?,,Fédération Internationale de l'Automobile (FIA),,,,"The Fédération Internationale de l’Automobile, or FIA, governs Formula One.",,2018 Formula One World Championship — Wikipedia permanent revision 1356550949,https://en.wikipedia.org/w/index.php?title=2018_Formula_One_World_Championship&oldid=1356550949,CC-BY-SA-4.0,2026-08-25,untranslated,true
built-in-sports-games-clue-0176,built-in-sports-games,Sports and Games,built-in-sports-games-set-036,board,round-one,1,hard,winter-sports,Sports & Games: Unexpected Sampler,,Curling — What tool gives its name to the last-stone advantage in a curling end?,,Hammer,,,,The team with the final stone in a curling end is said to have the hammer.,,Curling — Wikipedia permanent revision 1368990535,https://en.wikipedia.org/w/index.php?title=Curling&oldid=1368990535,CC-BY-SA-4.0,2026-08-25,untranslated,true
built-in-sports-games-clue-0182,built-in-sports-games,Sports and Games,built-in-sports-games-set-036,board,round-one,2,hard,winter-sports,Sports & Games: Unexpected Sampler,,Peter Fleming (tennis) — What is the full name of the person in “McEnroe’s Doubles Partner”?,,Peter Blair Fleming,,,,Peter Blair Fleming is the subject’s full name.,,Peter Fleming (tennis) — Wikipedia permanent revision 1356081703,https://en.wikipedia.org/w/index.php?title=Peter_Fleming_(tennis)&oldid=1356081703,CC-BY-SA-4.0,2026-08-25,untranslated,true
built-in-sports-games-clue-0188,built-in-sports-games,Sports and Games,built-in-sports-games-set-036,board,round-one,3,hard,winter-sports,Sports & Games: Unexpected Sampler,,Mazda 787B — The Mazda 787B won the 24 Hours of Le Mans in what year?,,1991,,,,The Mazda 787B won the 24 Hours of Le Mans in 1991.,,Mazda 787B — Wikipedia permanent revision 1370525015,https://en.wikipedia.org/w/index.php?title=Mazda_787B&oldid=1370525015,CC-BY-SA-4.0,2026-08-25,untranslated,true
built-in-sports-games-clue-0194,built-in-sports-games,Sports and Games,built-in-sports-games-set-036,board,round-one,4,hard,winter-sports,Sports & Games: Unexpected Sampler,,2018 Formula One World Championship — The FIA is the international governing body of what activity?,,motorsport,,,,The FIA is the international governing body of motorsport.,,2018 Formula One World Championship — Wikipedia permanent revision 1356550949,https://en.wikipedia.org/w/index.php?title=2018_Formula_One_World_Championship&oldid=1356550949,CC-BY-SA-4.0,2026-08-25,untranslated,true
built-in-sports-games-clue-0200,built-in-sports-games,Sports and Games,built-in-sports-games-set-036,board,round-one,5,hard,winter-sports,Sports & Games: Unexpected Sampler,,Horse racing — Which equipment item is associated with the sport in “The Sport of Kings”?,,horse tack,,,,horse tack is a listed equipment item.,,Horse racing — Wikipedia permanent revision 1368777699,https://en.wikipedia.org/w/index.php?title=Horse_racing&oldid=1368777699,CC-BY-SA-4.0,2026-08-25,untranslated,true
built-in-sports-games-clue-0181,built-in-sports-games,Sports and Games,built-in-sports-games-set-037,board,round-one,1,hard,racket-sports,Sports & Games: Unexpected Potpourri,,Peter Fleming (tennis) — With which doubles partner did John McEnroe have most success?,,Peter Fleming,,,,Peter Fleming formed John McEnroe’s most successful men’s doubles partnership.,,Peter Fleming (tennis) — Wikipedia permanent revision 1356081703,https://en.wikipedia.org/w/index.php?title=Peter_Fleming_(tennis)&oldid=1356081703,CC-BY-SA-4.0,2026-08-25,untranslated,true
built-in-sports-games-clue-0187,built-in-sports-games,Sports and Games,built-in-sports-games-set-037,board,round-one,2,hard,racket-sports,Sports & Games: Unexpected Potpourri,,Mazda 787B — Which constructor built the car in “A Rotary Le Mans Winner”?,,Mazda,,,,Mazda is the documented constructor.,,Mazda 787B — Wikipedia permanent revision 1370525015,https://en.wikipedia.org/w/index.php?title=Mazda_787B&oldid=1370525015,CC-BY-SA-4.0,2026-08-25,untranslated,true
built-in-sports-games-clue-0193,built-in-sports-games,Sports and Games,built-in-sports-games-set-037,board,round-one,3,hard,racket-sports,Sports & Games: Unexpected Potpourri,,"2018 Formula One World Championship — In 2018, which championship reached its 69th season?",,Formula One World Championship,,,,It was the 69th Formula One World Championship.,,2018 Formula One World Championship — Wikipedia permanent revision 1356550949,https://en.wikipedia.org/w/index.php?title=2018_Formula_One_World_Championship&oldid=1356550949,CC-BY-SA-4.0,2026-08-25,untranslated,true
built-in-sports-games-clue-0199,built-in-sports-games,Sports and Games,built-in-sports-games-set-037,board,round-one,4,hard,racket-sports,Sports & Games: Unexpected Potpourri,,Horse racing — Is the sport in “The Sport of Kings” held indoors or outdoors?,,Outdoor,,,,Outdoor is the documented setting.,,Horse racing — Wikipedia permanent revision 1368777699,https://en.wikipedia.org/w/index.php?title=Horse_racing&oldid=1368777699,CC-BY-SA-4.0,2026-08-25,untranslated,true
built-in-sports-games-clue-0205,built-in-sports-games,Sports and Games,built-in-sports-games-set-037,board,round-one,5,hard,racket-sports,Sports & Games: Unexpected Potpourri,,TrackMania (2003 video game) — Who composed music for the video game in “Motorsport: TrackMania”?,,Henri-Pierre Pellegrin,,,,Henri-Pierre Pellegrin holds the music credit.,,TrackMania (2003 video game) — Wikipedia permanent revision 1348518212,https://en.wikipedia.org/w/index.php?title=TrackMania_(2003_video_game)&oldid=1348518212,CC-BY-SA-4.0,2026-08-25,untranslated,true
built-in-sports-games-clue-0186,built-in-sports-games,Sports and Games,built-in-sports-games-set-038,board,round-one,1,hard,motorsport,Sports & Games: Unexpected Challenge,,Mazda 787B — In which racing category did the car in “A Rotary Le Mans Winner” compete?,,Group C,,,,Group C is the documented category.,,Mazda 787B — Wikipedia permanent revision 1370525015,https://en.wikipedia.org/w/index.php?title=Mazda_787B&oldid=1370525015,CC-BY-SA-4.0,2026-08-25,untranslated,true
built-in-sports-games-clue-0192,built-in-sports-games,Sports and Games,built-in-sports-games-set-038,board,round-one,2,hard,motorsport,Sports & Games: Unexpected Challenge,,2018 Formula One World Championship — The machines used throughout the 2018 championship belonged to which racing class?,,Formula One cars,,,,Formula One cars contested the 2018 championship.,,2018 Formula One World Championship — Wikipedia permanent revision 1356550949,https://en.wikipedia.org/w/index.php?title=2018_Formula_One_World_Championship&oldid=1356550949,CC-BY-SA-4.0,2026-08-25,untranslated,true
built-in-sports-games-clue-0198,built-in-sports-games,Sports and Games,built-in-sports-games-set-038,board,round-one,3,hard,motorsport,Sports & Games: Unexpected Challenge,,Horse racing — Is the sport in “The Sport of Kings” a contact sport?,,Yes,,,,"Yes, it involves contact.",,Horse racing — Wikipedia permanent revision 1368777699,https://en.wikipedia.org/w/index.php?title=Horse_racing&oldid=1368777699,CC-BY-SA-4.0,2026-08-25,untranslated,true
built-in-sports-games-clue-0204,built-in-sports-games,Sports and Games,built-in-sports-games-set-038,board,round-one,4,hard,motorsport,Sports & Games: Unexpected Challenge,,TrackMania (2003 video game) — Who directed the video game in “Motorsport: TrackMania”?,,Florent Castelnérac,,,,Florent Castelnérac is the credited director.,,TrackMania (2003 video game) — Wikipedia permanent revision 1348518212,https://en.wikipedia.org/w/index.php?title=TrackMania_(2003_video_game)&oldid=1348518212,CC-BY-SA-4.0,2026-08-25,untranslated,true
built-in-sports-games-clue-0210,built-in-sports-games,Sports and Games,built-in-sports-games-set-038,board,round-one,5,hard,motorsport,Sports & Games: Unexpected Challenge,,Wyvern (card game) — How much chance does the Wyvern card game involve?,,Some chance,,Some,,Wyvern’s game summary describes its role for chance as “some.”,,Wyvern (card game) — Wikipedia permanent revision 1325964974,https://en.wikipedia.org/w/index.php?title=Wyvern_(card_game)&oldid=1325964974,CC-BY-SA-4.0,2026-08-25,untranslated,true
built-in-sports-games-clue-0191,built-in-sports-games,Sports and Games,built-in-sports-games-set-039,board,round-one,1,hard,motorsport,Sports & Games: Unexpected Quiz,,2018 Formula One World Championship — At which race was the 2018 F1 Drivers Championship won?,,Mexico,,,,Lewis Hamilton secured the 2018 drivers’ title at the Mexican Grand Prix.,,2018 Formula One World Championship — Wikipedia permanent revision 1356550949,https://en.wikipedia.org/w/index.php?title=2018_Formula_One_World_Championship&oldid=1356550949,CC-BY-SA-4.0,2026-08-25,untranslated,true
built-in-sports-games-clue-0197,built-in-sports-games,Sports and Games,built-in-sports-games-set-039,board,round-one,2,hard,motorsport,Sports & Games: Unexpected Quiz,,Horse racing — Which governing body is associated with the sport in “The Sport of Kings”?,,International Federation of Horseracing Authorities,,,,International Federation of Horseracing Authorities is a listed governing body.,,Horse racing — Wikipedia permanent revision 1368777699,https://en.wikipedia.org/w/index.php?title=Horse_racing&oldid=1368777699,CC-BY-SA-4.0,2026-08-25,untranslated,true
built-in-sports-games-clue-0203,built-in-sports-games,Sports and Games,built-in-sports-games-set-039,board,round-one,3,hard,motorsport,Sports & Games: Unexpected Quiz,,TrackMania (2003 video game) — Name a publisher associated with the video game in “Motorsport: TrackMania”.,,Focus Home Interactive,,Digital Jesters;Enlight,,Focus Home Interactive is among the documented publishers.,,TrackMania (2003 video game) — Wikipedia permanent revision 1348518212,https://en.wikipedia.org/w/index.php?title=TrackMania_(2003_video_game)&oldid=1348518212,CC-BY-SA-4.0,2026-08-25,untranslated,true
built-in-sports-games-clue-0209,built-in-sports-games,Sports and Games,built-in-sports-games-set-039,board,round-one,4,hard,motorsport,Sports & Games: Unexpected Quiz,,Wyvern (card game) — About how long does a game of “1990s Trading Card Games” take?,,Approx 30 min,,,,A game takes Approx 30 min.,,Wyvern (card game) — Wikipedia permanent revision 1325964974,https://en.wikipedia.org/w/index.php?title=Wyvern_(card_game)&oldid=1325964974,CC-BY-SA-4.0,2026-08-25,untranslated,true
built-in-sports-games-clue-0215,built-in-sports-games,Sports and Games,built-in-sports-games-set-039,board,round-one,5,hard,motorsport,Sports & Games: Unexpected Quiz,,Pandemic (board game) — When was the tabletop game in “Board and Card Games: Pandemic” first published?,,2008,,,,It was published in 2008.,,Pandemic (board game) — Wikipedia permanent revision 1364069249,https://en.wikipedia.org/w/index.php?title=Pandemic_(board_game)&oldid=1364069249,CC-BY-SA-4.0,2026-08-25,untranslated,true
built-in-sports-games-clue-0196,built-in-sports-games,Sports and Games,built-in-sports-games-set-040,board,round-one,1,hard,traditional-sports,Sports & Games: Unexpected Odds & Ends,,"Horse racing — Which sport, often nicknamed the Sport of Kings, contests races between horses?",,Horse Racing,,,,Horse racing is traditionally nicknamed the Sport of Kings.,,Horse racing — Wikipedia permanent revision 1368777699,https://en.wikipedia.org/w/index.php?title=Horse_racing&oldid=1368777699,CC-BY-SA-4.0,2026-08-25,untranslated,true
built-in-sports-games-clue-0202,built-in-sports-games,Sports and Games,built-in-sports-games-set-040,board,round-one,2,hard,traditional-sports,Sports & Games: Unexpected Odds & Ends,,TrackMania (2003 video game) — Which developer is credited for the video game in “Motorsport: TrackMania”?,,Nadeo,,,,Nadeo is the credited developer.,,TrackMania (2003 video game) — Wikipedia permanent revision 1348518212,https://en.wikipedia.org/w/index.php?title=TrackMania_(2003_video_game)&oldid=1348518212,CC-BY-SA-4.0,2026-08-25,untranslated,true
built-in-sports-games-clue-0208,built-in-sports-games,Sports and Games,built-in-sports-games-set-040,board,round-one,3,hard,traditional-sports,Sports & Games: Unexpected Odds & Ends,,Wyvern (card game) — Name a publisher associated with the tabletop game in “1990s Trading Card Games”.,,U.S. Games Systems,,,,U.S. Games Systems is among the documented publishers.,,Wyvern (card game) — Wikipedia permanent revision 1325964974,https://en.wikipedia.org/w/index.php?title=Wyvern_(card_game)&oldid=1325964974,CC-BY-SA-4.0,2026-08-25,untranslated,true
built-in-sports-games-clue-0214,built-in-sports-games,Sports and Games,built-in-sports-games-set-040,board,round-one,4,hard,traditional-sports,Sports & Games: Unexpected Odds & Ends,,Pandemic (board game) — Which publisher released the cooperative board game Pandemic?,,Z-Man Games,,Κάισσα;Hobby Japan,,Z-Man Games published Pandemic.,,Pandemic (board game) — Wikipedia permanent revision 1364069249,https://en.wikipedia.org/w/index.php?title=Pandemic_(board_game)&oldid=1364069249,CC-BY-SA-4.0,2026-08-25,untranslated,true
built-in-sports-games-clue-0220,built-in-sports-games,Sports and Games,built-in-sports-games-set-040,board,round-one,5,hard,traditional-sports,Sports & Games: Unexpected Odds & Ends,,"Magic: The Gathering core sets, 2009–2015 — Name a developer credited for the tabletop game in “Board and Card Games: Magic: The Gathering core sets, 2009–2015”.",,Tom LaPille,,,,Tom LaPille is credited as a developer.,,"Magic: The Gathering core sets, 2009–2015 — Wikipedia permanent revision 1367436582",https://en.wikipedia.org/w/index.php?title=Magic%3A_The_Gathering_core_sets%2C_2009%E2%80%932015&oldid=1367436582,CC-BY-SA-4.0,2026-08-25,untranslated,true
built-in-sports-games-clue-0201,built-in-sports-games,Sports and Games,built-in-sports-games-set-041,board,round-one,1,hard,motorsport,Sports & Games: Worldwide Mix,,TrackMania (2003 video game) — In what year was the original TrackMania video game first released?,,2003,,,,The original TrackMania was first released in 2003.,,TrackMania (2003 video game) — Wikipedia permanent revision 1348518212,https://en.wikipedia.org/w/index.php?title=TrackMania_(2003_video_game)&oldid=1348518212,CC-BY-SA-4.0,2026-08-25,untranslated,true
built-in-sports-games-clue-0207,built-in-sports-games,Sports and Games,built-in-sports-games-set-041,board,round-one,2,hard,motorsport,Sports & Games: Worldwide Mix,,Wyvern (card game) — Name a designer credited for the tabletop game in “1990s Trading Card Games”.,,Mike Fitzgerald,,,,Mike Fitzgerald appears among the designers.,,Wyvern (card game) — Wikipedia permanent revision 1325964974,https://en.wikipedia.org/w/index.php?title=Wyvern_(card_game)&oldid=1325964974,CC-BY-SA-4.0,2026-08-25,untranslated,true
built-in-sports-games-clue-0213,built-in-sports-games,Sports and Games,built-in-sports-games-set-041,board,round-one,3,hard,motorsport,Sports & Games: Worldwide Mix,,Pandemic (board game) — Which illustrator supplied graphics or artwork for “Board and Card Games: Pandemic”?,,Joshua Cappel (graphics and illustration),,,,Joshua Cappel (graphics and illustration) is among its credited illustrators.,,Pandemic (board game) — Wikipedia permanent revision 1364069249,https://en.wikipedia.org/w/index.php?title=Pandemic_(board_game)&oldid=1364069249,CC-BY-SA-4.0,2026-08-25,untranslated,true
built-in-sports-games-clue-0219,built-in-sports-games,Sports and Games,built-in-sports-games-set-041,board,round-one,4,hard,motorsport,Sports & Games: Worldwide Mix,,"Magic: The Gathering core sets, 2009–2015 — Name a designer credited for the tabletop game in “Board and Card Games: Magic: The Gathering core sets, 2009–2015”.",,Mark Rosewater,,,,Mark Rosewater appears among the designers.,,"Magic: The Gathering core sets, 2009–2015 — Wikipedia permanent revision 1367436582",https://en.wikipedia.org/w/index.php?title=Magic%3A_The_Gathering_core_sets%2C_2009%E2%80%932015&oldid=1367436582,CC-BY-SA-4.0,2026-08-25,untranslated,true
built-in-sports-games-clue-0225,built-in-sports-games,Sports and Games,built-in-sports-games-set-041,board,round-one,5,hard,motorsport,Sports & Games: Worldwide Mix,,Japanese mahjong — What alternative name combines its ready-hand term with the name of the tile game?,,riichi mahjong,,rīchi mājan,,The ruleset is also known as riichi mahjong.,,Japanese mahjong — Wikipedia permanent revision 1370038095,https://en.wikipedia.org/w/index.php?title=Japanese_mahjong&oldid=1370038095,CC-BY-SA-4.0,2026-08-25,untranslated,true
built-in-sports-games-clue-0206,built-in-sports-games,Sports and Games,built-in-sports-games-set-042,board,round-one,1,hard,board-card-games,Sports & Games: Worldwide Medley,,Wyvern (card game) — Cards from “Fallen Empires” were misprinted on the backs of which other card game?,,Wyvern,,,,A printing error paired Fallen Empires card fronts with Wyvern card backs.,,Wyvern (card game) — Wikipedia permanent revision 1325964974,https://en.wikipedia.org/w/index.php?title=Wyvern_(card_game)&oldid=1325964974,CC-BY-SA-4.0,2026-08-25,untranslated,true
built-in-sports-games-clue-0212,built-in-sports-games,Sports and Games,built-in-sports-games-set-042,board,round-one,2,hard,board-card-games,Sports & Games: Worldwide Medley,,Pandemic (board game) — Who designed the cooperative disease-fighting game Pandemic?,,Matt Leacock,,,,Matt Leacock designed Pandemic.,,Pandemic (board game) — Wikipedia permanent revision 1364069249,https://en.wikipedia.org/w/index.php?title=Pandemic_(board_game)&oldid=1364069249,CC-BY-SA-4.0,2026-08-25,untranslated,true
built-in-sports-games-clue-0218,built-in-sports-games,Sports and Games,built-in-sports-games-set-042,board,round-one,3,hard,board-card-games,Sports & Games: Worldwide Medley,,"Magic: The Gathering core sets, 2009–2015 — How many cards are in the Magic 2010 core set?",,249 cards,,249,,The Magic 2010 core set contains 249 cards.,,"Magic: The Gathering core sets, 2009–2015 — Wikipedia permanent revision 1367436582",https://en.wikipedia.org/w/index.php?title=Magic%3A_The_Gathering_core_sets%2C_2009%E2%80%932015&oldid=1367436582,CC-BY-SA-4.0,2026-08-25,untranslated,true
built-in-sports-games-clue-0224,built-in-sports-games,Sports and Games,built-in-sports-games-set-042,board,round-one,4,hard,board-card-games,Sports & Games: Worldwide Medley,,Japanese mahjong — What do you declare in Rīchi Mahjong when you've drawn your winning tile?,,Tsumo,,,,A player declares tsumo after drawing a tile that completes a winning hand.,,Japanese mahjong — Wikipedia permanent revision 1370038095,https://en.wikipedia.org/w/index.php?title=Japanese_mahjong&oldid=1370038095,CC-BY-SA-4.0,2026-08-25,untranslated,true
built-in-sports-games-clue-0230,built-in-sports-games,Sports and Games,built-in-sports-games-set-042,board,round-one,5,hard,board-card-games,Sports & Games: Worldwide Medley,,Tom Vasel — Name a notable work associated with the person in “Board Game Media”.,,The Dice Tower podcast and YouTube channel,,,,The Dice Tower podcast and YouTube channel is an identified notable work.,,Tom Vasel — Wikipedia permanent revision 1341174420,https://en.wikipedia.org/w/index.php?title=Tom_Vasel&oldid=1341174420,CC-BY-SA-4.0,2026-08-25,untranslated,true
built-in-sports-games-clue-0211,built-in-sports-games,Sports and Games,built-in-sports-games-set-043,board,round-one,1,hard,board-card-games,Sports & Games: Worldwide Tour,,"Pandemic (board game) — What style of board game is Pandemic, in which players work together to cure four diseases?",,A cooperative board game,,Cooperative game,,Pandemic is a cooperative board game in which players work together against four diseases.,,Pandemic (board game) — Wikipedia permanent revision 1364069249,https://en.wikipedia.org/w/index.php?title=Pandemic_(board_game)&oldid=1364069249,CC-BY-SA-4.0,2026-08-25,untranslated,true
built-in-sports-games-clue-0217,built-in-sports-games,Sports and Games,built-in-sports-games-set-043,board,round-one,2,hard,board-card-games,Sports & Games: Worldwide Tour,,"Magic: The Gathering core sets, 2009–2015 — When was the tabletop game in “Board and Card Games: Magic: The Gathering core sets, 2009–2015” released?",,"July 17, 2009",,,,"The subject was released in July 17, 2009.",,"Magic: The Gathering core sets, 2009–2015 — Wikipedia permanent revision 1367436582",https://en.wikipedia.org/w/index.php?title=Magic%3A_The_Gathering_core_sets%2C_2009%E2%80%932015&oldid=1367436582,CC-BY-SA-4.0,2026-08-25,untranslated,true
built-in-sports-games-clue-0223,built-in-sports-games,Sports and Games,built-in-sports-games-set-043,board,round-one,3,hard,board-card-games,Sports & Games: Worldwide Tour,,Japanese mahjong — This national ruleset is a variant of which tile game?,,mahjong,,,,It is a variant of mahjong.,,Japanese mahjong — Wikipedia permanent revision 1370038095,https://en.wikipedia.org/w/index.php?title=Japanese_mahjong&oldid=1370038095,CC-BY-SA-4.0,2026-08-25,untranslated,true
built-in-sports-games-clue-0229,built-in-sports-games,Sports and Games,built-in-sports-games-set-043,board,round-one,4,hard,board-card-games,Sports & Games: Worldwide Tour,,Tom Vasel — What is the person in “Board Game Media” best known for?,,Founder and host of The Dice Tower,,,,Founder and host of The Dice Tower is the documented claim to fame.,,Tom Vasel — Wikipedia permanent revision 1341174420,https://en.wikipedia.org/w/index.php?title=Tom_Vasel&oldid=1341174420,CC-BY-SA-4.0,2026-08-25,untranslated,true
built-in-sports-games-clue-0235,built-in-sports-games,Sports and Games,built-in-sports-games-set-043,board,round-one,5,hard,board-card-games,Sports & Games: Worldwide Tour,,Scrabble — Who first published Scrabble commercially in 1948?,,James Brunot,,,,James Brunot first published Scrabble commercially in 1948.,,Scrabble — Wikipedia permanent revision 1369780993,https://en.wikipedia.org/w/index.php?title=Scrabble&oldid=1369780993,CC-BY-SA-4.0,2026-08-25,untranslated,true
built-in-sports-games-clue-0216,built-in-sports-games,Sports and Games,built-in-sports-games-set-044,board,round-one,1,hard,board-card-games,Sports & Games: Worldwide Grab Bag,,"Magic: The Gathering core sets, 2009–2015 — Which 2015 release was the last Magic: The Gathering core set before Wizards temporarily stopped producing core sets?",,Magic Origins,,Origins,,Magic Origins was the 2015 core set after which Wizards paused core-set production.,,"Magic: The Gathering core sets, 2009–2015 — Wikipedia permanent revision 1367436582",https://en.wikipedia.org/w/index.php?title=Magic%3A_The_Gathering_core_sets%2C_2009%E2%80%932015&oldid=1367436582,CC-BY-SA-4.0,2026-08-25,untranslated,true
built-in-sports-games-clue-0222,built-in-sports-games,Sports and Games,built-in-sports-games-set-044,board,round-one,2,hard,board-card-games,Sports & Games: Worldwide Grab Bag,,Japanese mahjong — Which romanization system renders its title as “Mājan”?,,Hepburn,,,,The title Mājan is given in Hepburn romanization.,,Japanese mahjong — Wikipedia permanent revision 1370038095,https://en.wikipedia.org/w/index.php?title=Japanese_mahjong&oldid=1370038095,CC-BY-SA-4.0,2026-08-25,untranslated,true
built-in-sports-games-clue-0228,built-in-sports-games,Sports and Games,built-in-sports-games-set-044,board,round-one,3,hard,board-card-games,Sports & Games: Worldwide Grab Bag,,Tom Vasel — In what year did the career described in “Board Game Media” begin?,,2002,,,,The documented career began in 2002.,,Tom Vasel — Wikipedia permanent revision 1341174420,https://en.wikipedia.org/w/index.php?title=Tom_Vasel&oldid=1341174420,CC-BY-SA-4.0,2026-08-25,untranslated,true
built-in-sports-games-clue-0234,built-in-sports-games,Sports and Games,built-in-sports-games-set-044,board,round-one,4,hard,board-card-games,Sports & Games: Worldwide Grab Bag,,Scrabble — When was the tabletop game in “Board and Card Games: Scrabble” first published?,,1948,,,,It was published in 1948.,,Scrabble — Wikipedia permanent revision 1369780993,https://en.wikipedia.org/w/index.php?title=Scrabble&oldid=1369780993,CC-BY-SA-4.0,2026-08-25,untranslated,true
built-in-sports-games-clue-0240,built-in-sports-games,Sports and Games,built-in-sports-games-set-044,board,round-one,5,hard,board-card-games,Sports & Games: Worldwide Grab Bag,,Mirage (Magic: The Gathering) — Which additional mechanic appears in “Board and Card Games: Mirage”?,,Poison,,,,Poison is one of its mechanics.,,Mirage (Magic: The Gathering) — Wikipedia permanent revision 1353991102,https://en.wikipedia.org/w/index.php?title=Mirage_(Magic%3A_The_Gathering)&oldid=1353991102,CC-BY-SA-4.0,2026-08-25,untranslated,true
built-in-sports-games-clue-0221,built-in-sports-games,Sports and Games,built-in-sports-games-set-045,board,round-one,1,hard,board-card-games,Sports & Games: Worldwide Roundup,,Japanese mahjong — Which nationality gives its name to this ruleset?,,Japanese,,,,It is the Japanese ruleset.,,Japanese mahjong — Wikipedia permanent revision 1370038095,https://en.wikipedia.org/w/index.php?title=Japanese_mahjong&oldid=1370038095,CC-BY-SA-4.0,2026-08-25,untranslated,true
built-in-sports-games-clue-0227,built-in-sports-games,Sports and Games,built-in-sports-games-set-045,board,round-one,2,hard,board-card-games,Sports & Games: Worldwide Roundup,,Tom Vasel — Name an occupation associated with the person in “Board Game Media”.,,Podcaster,,,,Podcaster is an identified occupation.,,Tom Vasel — Wikipedia permanent revision 1341174420,https://en.wikipedia.org/w/index.php?title=Tom_Vasel&oldid=1341174420,CC-BY-SA-4.0,2026-08-25,untranslated,true
built-in-sports-games-clue-0233,built-in-sports-games,Sports and Games,built-in-sports-games-set-045,board,round-one,3,hard,board-card-games,Sports & Games: Worldwide Roundup,,Scrabble — Which architect designed the letter-tile game Scrabble?,,Alfred Mosher Butts,,,,Architect Alfred Mosher Butts designed Scrabble.,,Scrabble — Wikipedia permanent revision 1369780993,https://en.wikipedia.org/w/index.php?title=Scrabble&oldid=1369780993,CC-BY-SA-4.0,2026-08-25,untranslated,true
built-in-sports-games-clue-0239,built-in-sports-games,Sports and Games,built-in-sports-games-set-045,board,round-one,4,hard,board-card-games,Sports & Games: Worldwide Roundup,,Mirage (Magic: The Gathering) — Which keyword mechanics appear in “Board and Card Games: Mirage”?,,"Flanking, phasing",,,,"Flanking, phasing are the documented keywords.",,Mirage (Magic: The Gathering) — Wikipedia permanent revision 1353991102,https://en.wikipedia.org/w/index.php?title=Mirage_(Magic%3A_The_Gathering)&oldid=1353991102,CC-BY-SA-4.0,2026-08-25,untranslated,true
built-in-sports-games-clue-0245,built-in-sports-games,Sports and Games,built-in-sports-games-set-045,board,round-one,5,hard,board-card-games,Sports & Games: Worldwide Roundup,,Ace Attorney Investigations: Miles Edgeworth — Who designed the video game in “A Prosecutor’s Investigation”?,,Yuki Nakamura,,,,Yuki Nakamura is credited as a designer.,,Ace Attorney Investigations: Miles Edgeworth — Wikipedia permanent revision 1358959606,https://en.wikipedia.org/w/index.php?title=Ace_Attorney_Investigations%3A_Miles_Edgeworth&oldid=1358959606,CC-BY-SA-4.0,2026-08-25,untranslated,true
built-in-sports-games-clue-0226,built-in-sports-games,Sports and Games,built-in-sports-games-set-046,board,round-one,1,hard,board-card-games,Sports & Games: Worldwide Sampler,,Tom Vasel — The Dice Tower network of board game podcasts and videos is run by which individual?,,Tom Vasel,,,,Tom Vasel hosted The Dice Tower and became a prominent board-game reviewer.,,Tom Vasel — Wikipedia permanent revision 1341174420,https://en.wikipedia.org/w/index.php?title=Tom_Vasel&oldid=1341174420,CC-BY-SA-4.0,2026-08-25,untranslated,true
built-in-sports-games-clue-0232,built-in-sports-games,Sports and Games,built-in-sports-games-set-046,board,round-one,2,hard,board-card-games,Sports & Games: Worldwide Sampler,,Scrabble — Name a manufacturer of the tabletop game in “Board and Card Games: Scrabble”.,,Hasbro,,Mattel,,Hasbro is among its manufacturers.,,Scrabble — Wikipedia permanent revision 1369780993,https://en.wikipedia.org/w/index.php?title=Scrabble&oldid=1369780993,CC-BY-SA-4.0,2026-08-25,untranslated,true
built-in-sports-games-clue-0238,built-in-sports-games,Sports and Games,built-in-sports-games-set-046,board,round-one,3,hard,board-card-games,Sports & Games: Worldwide Sampler,,Mirage (Magic: The Gathering) — How many cards are in the physical Mirage set?,,350 cards,,350,,The physical Mirage set contains 350 cards.,,Mirage (Magic: The Gathering) — Wikipedia permanent revision 1353991102,https://en.wikipedia.org/w/index.php?title=Mirage_(Magic%3A_The_Gathering)&oldid=1353991102,CC-BY-SA-4.0,2026-08-25,untranslated,true
built-in-sports-games-clue-0244,built-in-sports-games,Sports and Games,built-in-sports-games-set-046,board,round-one,4,hard,board-card-games,Sports & Games: Worldwide Sampler,,Ace Attorney Investigations: Miles Edgeworth — Who produced the video game in “A Prosecutor’s Investigation”?,,Motohide Eshiro,,,,Motohide Eshiro is the credited producer.,,Ace Attorney Investigations: Miles Edgeworth — Wikipedia permanent revision 1358959606,https://en.wikipedia.org/w/index.php?title=Ace_Attorney_Investigations%3A_Miles_Edgeworth&oldid=1358959606,CC-BY-SA-4.0,2026-08-25,untranslated,true
built-in-sports-games-clue-0250,built-in-sports-games,Sports and Games,built-in-sports-games-set-046,board,round-one,5,hard,board-card-games,Sports & Games: Worldwide Sampler,,Fire Emblem Fates — Name a producer credited for the video game in “Video Game History: Fire Emblem Fates”.,,Masahiro Higuchi,,,,Masahiro Higuchi is among the producers.,,Fire Emblem Fates — Wikipedia permanent revision 1362260187,https://en.wikipedia.org/w/index.php?title=Fire_Emblem_Fates&oldid=1362260187,CC-BY-SA-4.0,2026-08-25,untranslated,true
built-in-sports-games-clue-0231,built-in-sports-games,Sports and Games,built-in-sports-games-set-047,board,round-one,1,hard,board-card-games,Sports & Games: Worldwide Potpourri,,Scrabble — How many tiles are in a standard English-language Scrabble set?,,100,,One hundred,,A standard English-language Scrabble set contains 100 tiles: 98 letters and two blanks.,,Scrabble — Wikipedia permanent revision 1369780993,https://en.wikipedia.org/w/index.php?title=Scrabble&oldid=1369780993,CC-BY-SA-4.0,2026-08-25,untranslated,true
built-in-sports-games-clue-0237,built-in-sports-games,Sports and Games,built-in-sports-games-set-047,board,round-one,2,hard,board-card-games,Sports & Games: Worldwide Potpourri,,Mirage (Magic: The Gathering) — When was the physical Mirage card set first released?,,October 1996,,1996,,Mirage was first released as a physical card set in October 1996.,,Mirage (Magic: The Gathering) — Wikipedia permanent revision 1353991102,https://en.wikipedia.org/w/index.php?title=Mirage_(Magic%3A_The_Gathering)&oldid=1353991102,CC-BY-SA-4.0,2026-08-25,untranslated,true
built-in-sports-games-clue-0243,built-in-sports-games,Sports and Games,built-in-sports-games-set-047,board,round-one,3,hard,board-card-games,Sports & Games: Worldwide Potpourri,,Ace Attorney Investigations: Miles Edgeworth — Who directed the video game in “A Prosecutor’s Investigation”?,,Takeshi Yamazaki,,,,Takeshi Yamazaki is the credited director.,,Ace Attorney Investigations: Miles Edgeworth — Wikipedia permanent revision 1358959606,https://en.wikipedia.org/w/index.php?title=Ace_Attorney_Investigations%3A_Miles_Edgeworth&oldid=1358959606,CC-BY-SA-4.0,2026-08-25,untranslated,true
built-in-sports-games-clue-0249,built-in-sports-games,Sports and Games,built-in-sports-games-set-047,board,round-one,4,hard,board-card-games,Sports & Games: Worldwide Potpourri,,Fire Emblem Fates — Name a director credited for the video game in “Video Game History: Fire Emblem Fates”.,,Kouhei Maeda,,,,Kouhei Maeda is among the directors.,,Fire Emblem Fates — Wikipedia permanent revision 1362260187,https://en.wikipedia.org/w/index.php?title=Fire_Emblem_Fates&oldid=1362260187,CC-BY-SA-4.0,2026-08-25,untranslated,true
built-in-sports-games-clue-0170,built-in-sports-games,Sports and Games,built-in-sports-games-set-047,board,round-one,5,hard,board-card-games,Sports & Games: Worldwide Potpourri,,Etihad Stadium — Who owns the Etihad Stadium?,,Manchester City Council,,,,Manchester City Council owns the Etihad Stadium.,,Etihad Stadium — Wikipedia permanent revision 1370885658,https://en.wikipedia.org/w/index.php?title=Etihad_Stadium&oldid=1370885658,CC-BY-SA-4.0,2026-08-25,untranslated,true
built-in-sports-games-clue-0236,built-in-sports-games,Sports and Games,built-in-sports-games-set-048,board,round-one,1,hard,board-card-games,Sports & Games: Worldwide Challenge,,Mirage (Magic: The Gathering) — Which expansion completes the Mirage block after Mirage and Visions?,,Weatherlight,,,,Weatherlight followed Mirage and Visions to complete the Mirage block.,,Mirage (Magic: The Gathering) — Wikipedia permanent revision 1353991102,https://en.wikipedia.org/w/index.php?title=Mirage_(Magic%3A_The_Gathering)&oldid=1353991102,CC-BY-SA-4.0,2026-08-25,untranslated,true
built-in-sports-games-clue-0242,built-in-sports-games,Sports and Games,built-in-sports-games-set-048,board,round-one,2,hard,board-card-games,Sports & Games: Worldwide Challenge,,Ace Attorney Investigations: Miles Edgeworth — Which developer is credited for the video game in “A Prosecutor’s Investigation”?,,Capcom,,,,Capcom is the credited developer.,,Ace Attorney Investigations: Miles Edgeworth — Wikipedia permanent revision 1358959606,https://en.wikipedia.org/w/index.php?title=Ace_Attorney_Investigations%3A_Miles_Edgeworth&oldid=1358959606,CC-BY-SA-4.0,2026-08-25,untranslated,true
built-in-sports-games-clue-0248,built-in-sports-games,Sports and Games,built-in-sports-games-set-048,board,round-one,3,hard,board-card-games,Sports & Games: Worldwide Challenge,,Fire Emblem Fates — Which publisher is associated with the video game in “Video Game History: Fire Emblem Fates”?,,Nintendo,,,,Nintendo is the documented publisher.,,Fire Emblem Fates — Wikipedia permanent revision 1362260187,https://en.wikipedia.org/w/index.php?title=Fire_Emblem_Fates&oldid=1362260187,CC-BY-SA-4.0,2026-08-25,untranslated,true
built-in-sports-games-clue-0169,built-in-sports-games,Sports and Games,built-in-sports-games-set-048,board,round-one,4,hard,board-card-games,Sports & Games: Worldwide Challenge,,Etihad Stadium — Which location is associated with the stadium in “Association Football: Etihad Stadium”?,,Etihad Campus,,,,The subject is associated with Etihad Campus.,,Etihad Stadium — Wikipedia permanent revision 1370885658,https://en.wikipedia.org/w/index.php?title=Etihad_Stadium&oldid=1370885658,CC-BY-SA-4.0,2026-08-25,untranslated,true
built-in-sports-games-clue-0175,built-in-sports-games,Sports and Games,built-in-sports-games-set-048,board,round-one,5,hard,board-card-games,Sports & Games: Worldwide Challenge,,Kenenisa Bekele — How tall is the person in “Athletics: Kenenisa Bekele”?,,165 cm (5 ft 5 in),,,,The subject is recorded at 165 cm (5 ft 5 in).,,Kenenisa Bekele — Wikipedia permanent revision 1370162515,https://en.wikipedia.org/w/index.php?title=Kenenisa_Bekele&oldid=1370162515,CC-BY-SA-4.0,2026-08-25,untranslated,true
built-in-sports-games-clue-0241,built-in-sports-games,Sports and Games,built-in-sports-games-set-049,board,round-one,1,hard,video-game-history,Sports & Games: Worldwide Quiz,,Ace Attorney Investigations: Miles Edgeworth — Which prosecutor is the player-controlled lead of Ace Attorney Investigations?,,Miles Edgeworth,,Edgeworth,,Players control prosecutor Miles Edgeworth in Ace Attorney Investigations.,,Ace Attorney Investigations: Miles Edgeworth — Wikipedia permanent revision 1358959606,https://en.wikipedia.org/w/index.php?title=Ace_Attorney_Investigations%3A_Miles_Edgeworth&oldid=1358959606,CC-BY-SA-4.0,2026-08-25,untranslated,true
built-in-sports-games-clue-0247,built-in-sports-games,Sports and Games,built-in-sports-games-set-049,board,round-one,2,hard,video-game-history,Sports & Games: Worldwide Quiz,,Fire Emblem Fates — Which developer is credited for the video game in “Video Game History: Fire Emblem Fates”?,,Intelligent Systems,,,,Intelligent Systems is the credited developer.,,Fire Emblem Fates — Wikipedia permanent revision 1362260187,https://en.wikipedia.org/w/index.php?title=Fire_Emblem_Fates&oldid=1362260187,CC-BY-SA-4.0,2026-08-25,untranslated,true
built-in-sports-games-clue-0168,built-in-sports-games,Sports and Games,built-in-sports-games-set-049,board,round-one,3,hard,video-game-history,Sports & Games: Worldwide Quiz,,Etihad Stadium — At what address is the venue or club in “Association Football: Etihad Stadium” located?,,Ashton New Road,,,,Its documented address is Ashton New Road.,,Etihad Stadium — Wikipedia permanent revision 1370885658,https://en.wikipedia.org/w/index.php?title=Etihad_Stadium&oldid=1370885658,CC-BY-SA-4.0,2026-08-25,untranslated,true
built-in-sports-games-clue-0174,built-in-sports-games,Sports and Games,built-in-sports-games-set-049,board,round-one,4,hard,video-game-history,Sports & Games: Worldwide Quiz,,Kenenisa Bekele — In what year was the person in “Athletics: Kenenisa Bekele” born?,,1982,,,,The subject was born in 1982.,,Kenenisa Bekele — Wikipedia permanent revision 1370162515,https://en.wikipedia.org/w/index.php?title=Kenenisa_Bekele&oldid=1370162515,CC-BY-SA-4.0,2026-08-25,untranslated,true
built-in-sports-games-clue-0180,built-in-sports-games,Sports and Games,built-in-sports-games-set-049,board,round-one,5,hard,video-game-history,Sports & Games: Worldwide Quiz,,Curling — Is the sport in “Winter Sports: Curling” a contact sport?,,No,,,,"No, it is classified as non-contact.",,Curling — Wikipedia permanent revision 1368990535,https://en.wikipedia.org/w/index.php?title=Curling&oldid=1368990535,CC-BY-SA-4.0,2026-08-25,untranslated,true
built-in-sports-games-clue-0246,built-in-sports-games,Sports and Games,built-in-sports-games-set-050,board,round-one,1,hard,video-game-history,Sports & Games: Worldwide Odds & Ends,,Fire Emblem Fates — What is the default name of the player avatar in Fire Emblem Fates?,,Corrin,,,,Corrin is the default name of the customizable player avatar in Fire Emblem Fates.,,Fire Emblem Fates — Wikipedia permanent revision 1362260187,https://en.wikipedia.org/w/index.php?title=Fire_Emblem_Fates&oldid=1362260187,CC-BY-SA-4.0,2026-08-25,untranslated,true
built-in-sports-games-clue-0167,built-in-sports-games,Sports and Games,built-in-sports-games-set-050,board,round-one,2,hard,video-game-history,Sports & Games: Worldwide Odds & Ends,,Etihad Stadium — What is the full name of the stadium in “Association Football: Etihad Stadium”?,,City of Manchester Stadium,,,,City of Manchester Stadium is the subject’s full name.,,Etihad Stadium — Wikipedia permanent revision 1370885658,https://en.wikipedia.org/w/index.php?title=Etihad_Stadium&oldid=1370885658,CC-BY-SA-4.0,2026-08-25,untranslated,true
built-in-sports-games-clue-0173,built-in-sports-games,Sports and Games,built-in-sports-games-set-050,board,round-one,3,hard,video-game-history,Sports & Games: Worldwide Odds & Ends,,Kenenisa Bekele — Which nationality is associated with the person in “Athletics: Kenenisa Bekele”?,,Ethiopian,,,,Ethiopian is the documented nationality.,,Kenenisa Bekele — Wikipedia permanent revision 1370162515,https://en.wikipedia.org/w/index.php?title=Kenenisa_Bekele&oldid=1370162515,CC-BY-SA-4.0,2026-08-25,untranslated,true
built-in-sports-games-clue-0179,built-in-sports-games,Sports and Games,built-in-sports-games-set-050,board,round-one,4,hard,video-game-history,Sports & Games: Worldwide Odds & Ends,,Curling — About how many registered curling players are estimated worldwide?,,1.5 million,,"1,500,000",,The worldwide estimate is about 1.5 million registered curling players.,,Curling — Wikipedia permanent revision 1368990535,https://en.wikipedia.org/w/index.php?title=Curling&oldid=1368990535,CC-BY-SA-4.0,2026-08-25,untranslated,true
built-in-sports-games-clue-0185,built-in-sports-games,Sports and Games,built-in-sports-games-set-050,board,round-one,5,hard,video-game-history,Sports & Games: Worldwide Odds & Ends,,Peter Fleming (tennis) — In what year was the person in “McEnroe’s Doubles Partner” born?,,1955,,,,The subject was born in 1955.,,Peter Fleming (tennis) — Wikipedia permanent revision 1356081703,https://en.wikipedia.org/w/index.php?title=Peter_Fleming_(tennis)&oldid=1356081703,CC-BY-SA-4.0,2026-08-25,untranslated,true
built-in-sports-games-accessible-corpus-041,built-in-sports-games,Sports and Games,built-in-sports-games-set-051,board,round-two,1,easy,motorsport,Sports & Games: The Winter Olympics,,Which winter sport sends riders downhill with both feet fixed sideways on one board?,"Millisel talispordialal sõidetakse mäest alla, mõlemad jalad külgsuunas ühe laua külge kinnitatud?",snowboarding,lumelauasõit,,,Snowboarders stand across a single board rather than using a separate ski on each foot.,"Lumelauasõitja seisab risti ühel laual, mitte eraldi suusal kummagi jala all.",Snowboarding,https://en.wikipedia.org/wiki/Snowboarding,CC-BY-SA-4.0,2026-08-28,reviewed,true
built-in-sports-games-accessible-corpus-042,built-in-sports-games,Sports and Games,built-in-sports-games-set-051,board,round-two,2,easy,motorsport,Sports & Games: The Winter Olympics,,What polished granite object do players slide toward the house?,Millist poleeritud graniidist eset libistavad mängijad sihtmärgi ehk maja poole?,curling stone,kurlingukivi,rock,kivi,Teams guide the stone’s path by sweeping the ice in front of it.,Meeskonnad juhivad kivi liikumist selle ees jääd harjates.,Curling stone,https://en.wikipedia.org/wiki/Curling_stone,CC-BY-SA-4.0,2026-08-28,reviewed,true
built-in-sports-games-accessible-corpus-043,built-in-sports-games,Sports and Games,built-in-sports-games-set-051,board,round-two,3,easy,motorsport,Sports & Games: The Winter Olympics,,Which event sends teams down a refrigerated twisting track in a streamlined sled?,Millisel alal kihutavad meeskonnad voolujoonelise kelguga mööda jahutatud kurvilist rada?,bobsleigh,bobisõit,bobsled,bobi,A bobsleigh crew pushes at the start and then steers through a banked ice course.,Bobimeeskond lükkab stardis kelku ning juhib seda seejärel läbi kaldkurvidega jääraja.,Bobsleigh,https://en.wikipedia.org/wiki/Bobsleigh,CC-BY-SA-4.0,2026-08-28,reviewed,true
built-in-sports-games-accessible-corpus-044,built-in-sports-games,Sports and Games,built-in-sports-games-set-051,board,round-two,4,easy,motorsport,Sports & Games: The Winter Olympics,,Which sliding event sends one athlete down an ice track lying face-down and head-first on a small sled?,Millisel kelgualal laskub üks sportlane mööda jäärada väikesel kelgul kõhuli ja pea ees?,skeleton,skeleton,skeleton racing,skeletonisõit,Skeleton riders steer a low sled with body movements while travelling head-first.,Skeletonis juhib sportlane madalat kelku keha liigutustega ja laskub pea ees.,Skeleton (sport),https://en.wikipedia.org/wiki/Skeleton_(sport),CC-BY-SA-4.0,2026-08-28,reviewed,true
built-in-sports-games-accessible-corpus-045,built-in-sports-games,Sports and Games,built-in-sports-games-set-051,board,round-two,5,easy,motorsport,Sports & Games: The Winter Olympics,,Which French Alpine resort hosted the first Winter Games in 1924?,Milline Prantsuse Alpide kuurort võõrustas 1924. aastal esimesi talimänge?,Chamonix,Chamonix,,,The 1924 International Winter Sports Week in Chamonix was later recognised as the first Winter Olympics.,1924. aasta Chamonix’ rahvusvaheline talispordinädal tunnistati hiljem esimesteks taliolümpiamängudeks.,1924 Winter Olympics,https://en.wikipedia.org/wiki/1924_Winter_Olympics,CC-BY-SA-4.0,2026-08-28,reviewed,true
built-in-sports-games-accessible-corpus-046,built-in-sports-games,Sports and Games,built-in-sports-games-set-052,board,round-two,1,easy,motorsport,Sports & Games: Track and Field,,What is a short race run at near-maximum speed called?,"Kuidas nimetatakse lühikest jooksu, mis läbitakse peaaegu maksimumkiirusel?",sprint,sprint,,,Sprint events emphasise acceleration and top speed over a short track distance.,Sprindialad rõhutavad lühikesel rajal kiirendust ja tippkiirust.,Sprinting,https://en.wikipedia.org/wiki/Sprinting,CC-BY-SA-4.0,2026-08-28,reviewed,true
built-in-sports-games-accessible-corpus-047,built-in-sports-games,Sports and Games,built-in-sports-games-set-052,board,round-two,2,easy,motorsport,Sports & Games: Track and Field,,What object is passed between runners on the same relay team?,Millist eset annavad sama teatevõistkonna jooksjad üksteisele edasi?,baton,teatepulk,,,Each runner carries the baton for one leg and exchanges it inside a marked zone.,Iga jooksja kannab teatepulka ühe etapi ning annab selle üle märgitud vahetusalas.,Relay race,https://en.wikipedia.org/wiki/Relay_race,CC-BY-SA-4.0,2026-08-28,reviewed,true
built-in-sports-games-accessible-corpus-048,built-in-sports-games,Sports and Games,built-in-sports-games-set-052,board,round-two,3,easy,motorsport,Sports & Games: Track and Field,,Which throwing event uses a heavy metal ball pushed from the shoulder?,Millisel heitealal tõugatakse raske metallkuul õla juurest?,shot put,kuulitõuge,,,The shot is put with one hand from beside the neck rather than thrown like a normal ball.,"Kuul tõugatakse ühe käega kaela juurest, mitte ei visata nagu tavalist palli.",Shot put,https://en.wikipedia.org/wiki/Shot_put,CC-BY-SA-4.0,2026-08-28,reviewed,true
built-in-sports-games-accessible-corpus-049,built-in-sports-games,Sports and Games,built-in-sports-games-set-052,board,round-two,4,easy,motorsport,Sports & Games: Track and Field,,Which field event asks an athlete to clear a horizontal bar without dislodging it?,Millisel väljakualal peab sportlane ületama horisontaalse lati seda maha ajamata?,high jump,kõrgushüpe,,,Competitors take off from one foot and land on a padded mat beyond the bar.,Võistleja tõukab ära ühelt jalalt ja maandub lati taga pehmele matile.,High jump,https://en.wikipedia.org/wiki/High_jump,CC-BY-SA-4.0,2026-08-28,reviewed,true
built-in-sports-games-accessible-corpus-050,built-in-sports-games,Sports and Games,built-in-sports-games-set-052,board,round-two,5,easy,motorsport,Sports & Games: Track and Field,,"Which combined competition includes sprints, jumps, throws, hurdles, and a distance race across ten events?","Milline mitmevõistlus ühendab kümnel alal sprindid, hüpped, heited, tõkkejooksu ja pikema jooksu?",decathlon,kümnevõistlus,,,Decathletes earn points from performances in ten track-and-field disciplines.,Kümnevõistlejad koguvad punkte kümne kergejõustikuala tulemuste eest.,Decathlon,https://en.wikipedia.org/wiki/Decathlon,CC-BY-SA-4.0,2026-08-28,reviewed,true
built-in-sports-games-accessible-corpus-051,built-in-sports-games,Sports and Games,built-in-sports-games-set-053,board,round-two,1,easy,olympics,Sports & Games: Competitive Swimming,,Which alternating-arm stroke is almost always chosen in freestyle races because it is fastest?,"Millist vahelduvate käetõmmetega ujumisviisi valitakse vabaujumises peaaegu alati, sest see on kiireim?",front crawl,krool,crawl,kroolujumine,"Front crawl combines alternating arm recovery, a flutter kick, and side breathing.","Krool ühendab vahelduvad käetõmbed, jalgade üles-alla löögid ja küljele hingamise.",Front crawl,https://en.wikipedia.org/wiki/Front_crawl,CC-BY-SA-4.0,2026-08-28,reviewed,true
built-in-sports-games-accessible-corpus-052,built-in-sports-games,Sports and Games,built-in-sports-games-set-053,board,round-two,2,easy,olympics,Sports & Games: Competitive Swimming,,Which racing stroke is performed while lying on the back?,Millist võistlusujumise stiili ujutakse selili?,backstroke,seliliujumine,,,Backstroke swimmers use alternating arms and start in the water facing the wall.,Seliliujujad kasutavad vahelduvaid käetõmbeid ning stardivad veest näoga seina poole.,Backstroke,https://en.wikipedia.org/wiki/Backstroke,CC-BY-SA-4.0,2026-08-28,reviewed,true
built-in-sports-games-accessible-corpus-053,built-in-sports-games,Sports and Games,built-in-sports-games-set-053,board,round-two,3,easy,olympics,Sports & Games: Competitive Swimming,,Which stroke uses simultaneous arm movements and a frog-like kick?,Milline ujumisviis kasutab üheaegseid käeliigutusi ja konnalööki meenutavat jalatõuget?,breaststroke,rinnuliujumine,,,Breaststroke keeps the left and right sides moving symmetrically through each cycle.,Rinnuliujumises liiguvad vasak ja parem kehapool igas tsüklis sümmeetriliselt.,Breaststroke,https://en.wikipedia.org/wiki/Breaststroke,CC-BY-SA-4.0,2026-08-28,reviewed,true
built-in-sports-games-accessible-corpus-054,built-in-sports-games,Sports and Games,built-in-sports-games-set-053,board,round-two,4,easy,olympics,Sports & Games: Competitive Swimming,,Which stroke brings both arms forward over the water together and uses a dolphin kick?,Millises ujumisviisis tuuakse mõlemad käed koos üle vee ette ja kasutatakse delfiinilööki?,butterfly,liblikujumine,,,Butterfly developed from breaststroke and combines simultaneous arms with an undulating kick.,Liblikujumine arenes rinnuliujumisest ning ühendab üheaegsed käetõmbed lainetava jalalöögiga.,Butterfly stroke,https://en.wikipedia.org/wiki/Butterfly_stroke,CC-BY-SA-4.0,2026-08-28,reviewed,true
built-in-sports-games-accessible-corpus-055,built-in-sports-games,Sports and Games,built-in-sports-games-set-053,board,round-two,5,easy,olympics,Sports & Games: Competitive Swimming,,"Which race requires one swimmer to use butterfly, backstroke, breaststroke, and freestyle?","Millises võistluses peab üks ujuja kasutama liblik-, selili-, rinnuli- ja vabaujumist?",individual medley,kompleksujumine,IM,kompleks,An individual medley tests all four recognised competitive strokes in a fixed order.,Kompleksujumine paneb kindlas järjekorras proovile kõik neli tunnustatud võistlusstiili.,Medley swimming,https://en.wikipedia.org/wiki/Medley_swimming,CC-BY-SA-4.0,2026-08-28,reviewed,true
built-in-sports-games-accessible-corpus-056,built-in-sports-games,Sports and Games,built-in-sports-games-set-054,board,round-two,1,easy,olympics,Sports & Games: Road Cycling,,Which coloured jersey identifies the overall leader of the Tour de France?,Mis värvi särk tähistab Tour de France’i üldliidrit?,yellow jersey,kollane särk,,,The rider with the lowest accumulated time wears the maillot jaune.,Vähima koguajaga rattur kannab maillot jaune’i ehk kollast särki.,General classification in the Tour de France,https://en.wikipedia.org/wiki/General_classification_in_the_Tour_de_France,CC-BY-SA-4.0,2026-08-28,reviewed,true
built-in-sports-games-accessible-corpus-057,built-in-sports-games,Sports and Games,built-in-sports-games-set-054,board,round-two,2,easy,olympics,Sports & Games: Road Cycling,,What French term describes the main group of riders travelling together in a race?,Milline prantsuskeelne termin tähistab võistlusel koos liikuvat ratturite põhigruppi?,peloton,peagrupp,bunch,grupp,Riding in the peloton lets cyclists reduce air resistance by sheltering behind others.,Peagrupis sõites saavad ratturid teiste tuules õhutakistust vähendada.,Peloton,https://en.wikipedia.org/wiki/Peloton,CC-BY-SA-4.0,2026-08-28,reviewed,true
built-in-sports-games-accessible-corpus-058,built-in-sports-games,Sports and Games,built-in-sports-games-set-054,board,round-two,3,easy,olympics,Sports & Games: Road Cycling,,What race format sends riders off separately to compete against the clock?,Millises võistlusformaadis stardivad ratturid eraldi ja võistlevad ajaga?,individual time trial,eraldistart,time trial;ITT,individuaalne temposõit,"Each cyclist rides the course alone, and the fastest elapsed time wins.",Iga rattur läbib raja üksi ning võidab väikseima aja saanud sportlane.,Individual time trial,https://en.wikipedia.org/wiki/Individual_time_trial,CC-BY-SA-4.0,2026-08-28,reviewed,true
built-in-sports-games-accessible-corpus-059,built-in-sports-games,Sports and Games,built-in-sports-games-set-054,board,round-two,4,easy,olympics,Sports & Games: Road Cycling,,What is it called when one rider or a small group gets ahead of the main pack during a road race?,"Kuidas nimetatakse olukorda, kus üks rattur või väike rühm pääseb maanteesõidus peagrupi ette?",breakaway,äraminek,a breakaway,äraminekurühm,A breakaway is a rider or group that has separated ahead of the peloton.,"Äraminek on rattur või rühm, kes on peagrupist ette ära sõitnud.",Breakaway (cycling),https://en.wikipedia.org/wiki/Breakaway_(cycling),CC-BY-SA-4.0,2026-08-28,reviewed,true
built-in-sports-games-accessible-corpus-060,built-in-sports-games,Sports and Games,built-in-sports-games-set-054,board,round-two,5,easy,olympics,Sports & Games: Road Cycling,,What tactic saves energy when a cyclist rides closely behind another rider to meet less wind?,"Milline taktika säästab ratturil energiat, kui ta sõidab väiksema tuuletakistuse saamiseks teise ratturi taga?",drafting,tuules sõitmine,slipstreaming,tuulevarjus sõitmine,Drafting reduces air resistance by using the rider ahead to block part of the wind.,"Tuules sõitmine vähendab õhutakistust, sest ees sõitev rattur varjab osa tuulest.",Drafting (aerodynamics),https://en.wikipedia.org/wiki/Drafting_(aerodynamics),CC-BY-SA-4.0,2026-08-28,reviewed,true
built-in-sports-games-accessible-corpus-061,built-in-sports-games,Sports and Games,built-in-sports-games-set-055,board,round-two,1,easy,traditional-sports,Sports & Games: Motor Racing,,"What brief visit lets a racing car receive tyres, repairs, or other service?","Kuidas nimetatakse lühikest peatust, mille ajal võidusõiduautole antakse uued rehvid, tehakse parandusi või muud hooldust?",pit stop,boksipeatus,,,A pit crew services the car in its designated garage area during the race.,Boksimeeskond hooldab autot võistluse ajal selleks määratud alas.,Pit stop,https://en.wikipedia.org/wiki/Pit_stop,CC-BY-SA-4.0,2026-08-28,reviewed,true
built-in-sports-games-accessible-corpus-062,built-in-sports-games,Sports and Games,built-in-sports-games-set-055,board,round-two,2,easy,traditional-sports,Sports & Games: Motor Racing,,Which black-and-white flag signals that a race has finished?,Milline mustvalge ruuduline lipp annab märku võistluse lõppemisest?,chequered flag,ruudulipp,,,Officials wave the chequered flag as competitors cross the finish line at the end.,Ametnikud lehvitavad võistluse lõpus finišijoont ületavatele sõitjatele ruudulippu.,Racing flags,https://en.wikipedia.org/wiki/Racing_flags,CC-BY-SA-4.0,2026-08-28,reviewed,true
built-in-sports-games-accessible-corpus-063,built-in-sports-games,Sports and Games,built-in-sports-games-set-055,board,round-two,3,easy,traditional-sports,Sports & Games: Motor Racing,,"What is the first place on a motor-racing starting grid, usually earned by the fastest qualifier, called?","Kuidas nimetatakse autovõistluse stardiruudustiku esimest kohta, mille saab tavaliselt ajasõidu kiireim?",pole position,parim stardikoht,pole,esimene stardikoht;pole position,Pole position puts a competitor at the front of the grid for the start of a race.,Parim stardikoht asetab võistleja sõidu alguses stardiruudustiku etteotsa.,Pole position,https://en.wikipedia.org/wiki/Pole_position,CC-BY-SA-4.0,2026-08-28,reviewed,true
built-in-sports-games-accessible-corpus-064,built-in-sports-games,Sports and Games,built-in-sports-games-set-055,board,round-two,4,easy,traditional-sports,Sports & Games: Motor Racing,,Who sits beside a rally driver and reads pace notes about the road ahead?,Kes istub rallisõitja kõrval ja loeb eesoleva tee kohta rajalegendi?,co-driver,kaardilugeja,navigator,paarimees,"The co-driver navigates and calls upcoming bends, crests, and hazards from prepared notes.","Kaardilugeja navigeerib ning teatab märkmete järgi lähenevatest kurvidest, nukkidest ja ohtudest.",Co-driver,https://en.wikipedia.org/wiki/Co-driver,CC-BY-SA-4.0,2026-08-28,reviewed,true
built-in-sports-games-accessible-corpus-065,built-in-sports-games,Sports and Games,built-in-sports-games-set-055,board,round-two,5,easy,traditional-sports,Sports & Games: Motor Racing,,Which rally raid is famous for long off-road stages through deserts and is named after Senegal's capital?,Milline rallireid on kuulus pikkade kõrbe-etappide poolest ning saanud nime Senegali pealinna järgi?,Dakar Rally,Dakari ralli,the Dakar,Dakar,"The Dakar Rally tests vehicles and crews over long cross-country stages on sand, rock, and other rough terrain.","Dakari ralli paneb sõidukid ja meeskonnad proovile pikkadel liiva, kivide ning muu raske maastikuga etappidel.",Dakar Rally,https://en.wikipedia.org/wiki/Dakar_Rally,CC-BY-SA-4.0,2026-08-28,reviewed,true
built-in-sports-games-accessible-corpus-066,built-in-sports-games,Sports and Games,built-in-sports-games-set-056,board,round-two,1,easy,traditional-sports,Sports & Games: Skiing,,Which alpine event requires quick turns through closely spaced gates?,Millisel mäesuusatamise alal tehakse kiireid pöördeid läbi lähestikku asuvate väravate?,slalom,slaalom,,,Slalom uses the shortest alpine course and the tightest gate spacing.,Slaalomis kasutatakse mäesuusatamise lühimat rada ja kõige tihedamalt paigutatud väravaid.,Slalom skiing,https://en.wikipedia.org/wiki/Slalom_skiing,CC-BY-SA-4.0,2026-08-28,reviewed,true
built-in-sports-games-accessible-corpus-067,built-in-sports-games,Sports and Games,built-in-sports-games-set-056,board,round-two,2,easy,traditional-sports,Sports & Games: Skiing,,Which discipline sends skiers across rolling terrain rather than down one steep piste?,"Milline ala viib suusatajad üle vahelduva maastiku, mitte mööda üht järsku mäenõlva alla?",cross-country skiing,murdmaasuusatamine,Nordic skiing,murdmaa,Cross-country competitors propel themselves over distance using skis and poles.,Murdmaasuusatajad liiguvad pikemal rajal edasi suuskade ja keppide abil.,Cross-country skiing,https://en.wikipedia.org/wiki/Cross-country_skiing,CC-BY-SA-4.0,2026-08-28,reviewed,true
built-in-sports-games-accessible-corpus-068,built-in-sports-games,Sports and Games,built-in-sports-games-set-056,board,round-two,3,easy,traditional-sports,Sports & Games: Skiing,,"Which alpine event follows a long, fast course with wide turns and jumps?",Milline mäesuusatamise ala kulgeb pikal kiirel rajal laiade kurvide ja hüpetega?,downhill,kiirlaskumine,,,Downhill is the fastest alpine discipline and rewards sustained speed over one run.,Kiirlaskumine on kiireim mäesuusatamise ala ning hindab ühe sõidu jooksul püsivat suurt kiirust.,Downhill (ski competition),https://en.wikipedia.org/wiki/Downhill_(ski_competition),CC-BY-SA-4.0,2026-08-28,reviewed,true
built-in-sports-games-accessible-corpus-069,built-in-sports-games,Sports and Games,built-in-sports-games-set-056,board,round-two,4,easy,traditional-sports,Sports & Games: Skiing,,Which discipline sends a skier down an inrun before a long airborne flight?,Millisel alal laskub suusataja hoovõturajast alla ja sooritab pika õhulennu?,ski jumping,suusahüpped,,,The athlete takes off from the ramp and is judged on distance and style.,Sportlane tõukab hüppemäelt õhku ning teda hinnatakse kauguse ja stiili järgi.,Ski jumping,https://en.wikipedia.org/wiki/Ski_jumping,CC-BY-SA-4.0,2026-08-28,reviewed,true
built-in-sports-games-accessible-corpus-070,built-in-sports-games,Sports and Games,built-in-sports-games-set-056,board,round-two,5,easy,traditional-sports,Sports & Games: Skiing,,Which beginner ski turn points the tips together in a V to slow down and control direction?,"Milline algajate suusapööre toob suusaotsad V-kujuliselt kokku, et aeglustada ja suunda juhtida?",snowplough turn,sahkpööre,snowplow turn;pizza turn,lumesahkpööre,A snowplough turn uses skis angled inward to control speed and direction.,"Sahkpöördes on suusad sissepoole nurga all, et kiirust ja suunda kontrollida.",Snowplow turn,https://en.wikipedia.org/wiki/Snowplow_turn,CC-BY-SA-4.0,2026-08-28,reviewed,true
built-in-sports-games-accessible-corpus-071,built-in-sports-games,Sports and Games,built-in-sports-games-set-057,board,round-two,1,easy,traditional-sports,Sports & Games: Skating Sports,,"Which discipline combines jumps, spins, steps, and choreographed programmes on ice?","Milline ala ühendab jääl hüpped, piruetid, sammud ja koreograafilised kavad?",figure skating,iluuisutamine,,,Skaters receive scores for technical elements and programme components.,Uisutajad saavad hindeid tehniliste elementide ja kava komponentide eest.,Figure skating,https://en.wikipedia.org/wiki/Figure_skating,CC-BY-SA-4.0,2026-08-28,reviewed,true
built-in-sports-games-accessible-corpus-072,built-in-sports-games,Sports and Games,built-in-sports-games-set-057,board,round-two,2,easy,traditional-sports,Sports & Games: Skating Sports,,Which discipline races athletes around a long oval ice track?,Millisel alal võistlevad sportlased pikal ovaalsel jäärajal?,speed skating,kiiruisutamine,,,Long-track skaters race in separate lanes on a 400-metre oval.,Pikaraja kiiruisutajad võistlevad eraldi radadel 400-meetrisel ovaalil.,Speed skating,https://en.wikipedia.org/wiki/Speed_skating,CC-BY-SA-4.0,2026-08-28,reviewed,true
built-in-sports-games-accessible-corpus-073,built-in-sports-games,Sports and Games,built-in-sports-games-set-057,board,round-two,3,easy,traditional-sports,Sports & Games: Skating Sports,,"Which paired discipline emphasises rhythm, footwork, and dance holds rather than high throws and solo jumps?","Milline paarisala rõhutab rütmi, sammutehnikat ja tantsuvõtteid, mitte kõrgeid viskeid ja soolohüppeid?",ice dance,jäätants,ice dancing,jäätantsimine,Ice dancers perform together to music under rules derived partly from ballroom dance.,"Jäätantsijad esitavad muusika saatel paariskava reeglite järgi, mis pärinevad osaliselt peotantsust.",Ice dance,https://en.wikipedia.org/wiki/Ice_dance,CC-BY-SA-4.0,2026-08-28,reviewed,true
built-in-sports-games-accessible-corpus-074,built-in-sports-games,Sports and Games,built-in-sports-games-set-057,board,round-two,4,easy,traditional-sports,Sports & Games: Skating Sports,,Which discipline has several racers compete together on a compact oval?,Millisel alal võistleb mitu uisutajat koos väikesel ovaalrajal?,short track,lühirajauisutamine,short-track speed skating,lühirada,Short-track competitors race pack-style on an oval laid out inside a standard rink.,Lühirajauisutajad võistlevad grupina tavalise liuvälja sisse märgitud ovaalil.,Short-track speed skating,https://en.wikipedia.org/wiki/Short-track_speed_skating,CC-BY-SA-4.0,2026-08-28,reviewed,true
built-in-sports-games-accessible-corpus-075,built-in-sports-games,Sports and Games,built-in-sports-games-set-057,board,round-two,5,easy,traditional-sports,Sports & Games: Skating Sports,,Which contact team sport has a designated scorer lap opponents on roller skates?,Millises kontaktmeeskonnamängus teenib määratud punktitooja rulluiskudel vastastest ringiga möödudes punkte?,roller derby,rulluisuderbi,,,A jammer scores by passing opposing blockers legally during repeated trips around the track.,"Punktitooja teenib punkte, möödudes ringrajal reeglipäraselt vastaste blokeerijatest.",Roller derby,https://en.wikipedia.org/wiki/Roller_derby,CC-BY-SA-4.0,2026-08-28,reviewed,true
built-in-sports-games-accessible-corpus-076,built-in-sports-games,Sports and Games,built-in-sports-games-set-058,board,round-two,1,easy,traditional-sports,Sports & Games: Combat Sports,,Which Japanese martial art practises formal movement sequences called kata and sparring called kumite?,Millises Jaapani võitluskunstis harjutatakse kata-nimelisi liikumiskavasid ja kumite-nimelist kahevõitlust?,karate,karate,,,"Karate training commonly combines basic techniques, kata forms, and kumite practice.","Karatetreening ühendab tavaliselt põhitehnika, kata-vormid ja kumite-harjutused.",Karate,https://en.wikipedia.org/wiki/Karate,CC-BY-SA-4.0,2026-08-28,reviewed,true
built-in-sports-games-accessible-corpus-077,built-in-sports-games,Sports and Games,built-in-sports-games-set-058,board,round-two,2,easy,traditional-sports,Sports & Games: Combat Sports,,"Which Japanese martial art emphasises throws, holds, and controlled grappling?","Milline Jaapani võitluskunst rõhutab heiteid, kinnihoidmisi ja kontrollitud maadlust?",judo,judo,,,Jigoro Kano created judo from jujutsu methods with an emphasis on safe practice and competition.,"Jigoro Kano lõi judo jūjutsu võtetest, rõhutades ohutut harjutamist ja võistlust.",Judo,https://en.wikipedia.org/wiki/Judo,CC-BY-SA-4.0,2026-08-28,reviewed,true
built-in-sports-games-accessible-corpus-078,built-in-sports-games,Sports and Games,built-in-sports-games-set-058,board,round-two,3,easy,traditional-sports,Sports & Games: Combat Sports,,Which grappling sport can be won by holding both of an opponent’s shoulders to the mat?,"Millisel matialal saab võita, surudes vastase mõlemad õlad matile?",wrestling,maadlus,,,A fall or pin ends a bout when both shoulders are controlled against the mat.,"Seljavõit lõpetab matši, kui vastase mõlemad õlad on matile surutud.",Wrestling,https://en.wikipedia.org/wiki/Wrestling,CC-BY-SA-4.0,2026-08-28,reviewed,true
built-in-sports-games-accessible-corpus-079,built-in-sports-games,Sports and Games,built-in-sports-games-set-058,board,round-two,4,easy,traditional-sports,Sports & Games: Combat Sports,,"Which duel sport uses the foil, épée, and sabre?","Milline duelliala kasutab floretti, epeed ja espadroni?",fencing,vehklemine,,,Modern competition recognises three weapons with different target and right-of-way rules.,"Nüüdisaegne võistlus tunnustab kolme relva, millel on erinev märklaud ja ründeõiguse reeglid.",Fencing,https://en.wikipedia.org/wiki/Fencing,CC-BY-SA-4.0,2026-08-28,reviewed,true
built-in-sports-games-accessible-corpus-080,built-in-sports-games,Sports and Games,built-in-sports-games-set-058,board,round-two,5,easy,traditional-sports,Sports & Games: Combat Sports,,"Which Korean martial art is especially known for fast, high kicks?",Milline Korea võitluskunst on eriti tuntud kiirete kõrgete jalalöökide poolest?,taekwondo,taekwondo,,,Taekwondo competition places strong emphasis on kicking techniques.,Taekwondo võistlusreeglid rõhutavad tugevalt jalalöögitehnikaid.,Taekwondo,https://en.wikipedia.org/wiki/Taekwondo,CC-BY-SA-4.0,2026-08-28,reviewed,true
built-in-sports-games-accessible-corpus-081,built-in-sports-games,Sports and Games,built-in-sports-games-set-059,board,round-two,1,easy,traditional-sports,Sports & Games: Golf,,What small peg may support the ball for the first stroke of a hole?,Milline väike pulk võib rajaosa esimese löögi ajal palli toetada?,tee,tii,,,A player may place the ball on a tee only within the designated teeing area.,Mängija võib palli tiile asetada ainult määratud avalöögialal.,Tee (golf),https://en.wikipedia.org/wiki/Tee_(golf),CC-BY-SA-4.0,2026-08-28,reviewed,true
built-in-sports-games-accessible-corpus-082,built-in-sports-games,Sports and Games,built-in-sports-games-set-059,board,round-two,2,easy,traditional-sports,Sports & Games: Golf,,Which club is designed mainly to roll the ball on the green?,Milline kepp on mõeldud peamiselt palli veeretamiseks griinil?,putter,putter,,,A putter has a low-loft face for controlled rolling strokes near the hole.,"Putteri laba on väikese tõstenurgaga, et teha augu lähedal kontrollitud veeretavaid lööke.",Putter,https://en.wikipedia.org/wiki/Putter,CC-BY-SA-4.0,2026-08-28,reviewed,true
built-in-sports-games-accessible-corpus-083,built-in-sports-games,Sports and Games,built-in-sports-games-set-059,board,round-two,3,easy,traditional-sports,Sports & Games: Golf,,What closely mown area contains the hole and flagstick?,"Kuidas nimetatakse lühikeseks niidetud ala, kus asuvad auk ja lipuvarras?",green,griin,putting green,puttingugriin,The smooth putting green is prepared so the ball can roll accurately toward the cup.,"Sile griin valmistatakse nii, et pall saaks täpselt augu poole veereda.",Putting green,https://en.wikipedia.org/wiki/Putting_green,CC-BY-SA-4.0,2026-08-28,reviewed,true
built-in-sports-games-accessible-corpus-084,built-in-sports-games,Sports and Games,built-in-sports-games-set-059,board,round-two,4,easy,traditional-sports,Sports & Games: Golf,,What sand-filled hollow makes a shot more difficult?,"Kuidas nimetatakse liivaga täidetud lohku, mis muudab löögi raskemaks?",bunker,liivabunker,sand trap,liivatakistus,A bunker is a specially prepared sandy area from which players must make a recovery shot.,"Bunker on spetsiaalselt ette valmistatud liivaala, kust mängija peab palli tagasi mängu lööma.",Bunker (golf),https://en.wikipedia.org/wiki/Bunker_(golf),CC-BY-SA-4.0,2026-08-28,reviewed,true
built-in-sports-games-accessible-corpus-085,built-in-sports-games,Sports and Games,built-in-sports-games-set-059,board,round-two,5,easy,traditional-sports,Sports & Games: Golf,,What score means completing a hole one stroke under par?,Kuidas nimetatakse rajaosa läbimist ühe löögiga alla par’i?,birdie,birdie,,,A birdie is recorded when a player takes one fewer stroke than the hole’s par.,"Birdie märgitakse siis, kui mängija läbib rajaosa par’ist ühe löögi võrra vähemaga.",Par (score),https://en.wikipedia.org/wiki/Par_(score)#Birdie,CC-BY-SA-4.0,2026-08-28,reviewed,true
built-in-sports-games-accessible-corpus-086,built-in-sports-games,Sports and Games,built-in-sports-games-set-060,board,round-two,1,easy,traditional-sports,Sports & Games: Volleyball,,What action puts the ball into play from behind the end line?,Milline tegevus paneb palli otsajoone tagant mängu?,serve,serv,service,palling,The server strikes the ball over the net to begin a rally.,Servija lööb palli üle võrgu ja alustab pallivahetust.,Serve (volleyball),https://en.wikipedia.org/wiki/Serve_(volleyball),CC-BY-SA-4.0,2026-08-28,reviewed,true
built-in-sports-games-accessible-corpus-087,built-in-sports-games,Sports and Games,built-in-sports-games-set-060,board,round-two,2,easy,traditional-sports,Sports & Games: Volleyball,,What powerful attacking hit drives the ball steeply down into the other court?,"Kuidas nimetatakse tugevat hüppelt sooritatud lööki, mis suunab palli järsult vastase väljakule?",spike,ründelöök,,,An attacker jumps and swings one hand to hit the set ball downward.,Ründaja hüppab ja lööb tõstetud palli ühe käega allapoole.,Volleyball,https://en.wikipedia.org/wiki/Volleyball#Attacking,CC-BY-SA-4.0,2026-08-28,reviewed,true
built-in-sports-games-accessible-corpus-088,built-in-sports-games,Sports and Games,built-in-sports-games-set-060,board,round-two,3,easy,traditional-sports,Sports & Games: Volleyball,,Which sand-court version normally has two players on each side?,Millises liivaväljaku versioonis on kummalgi poolel tavaliselt kaks mängijat?,beach volleyball,rannavõrkpall,,,Standard international beach competition uses teams of two without substitutes.,Rahvusvahelises rannavõrkpallis mängivad tavaliselt kaheliikmelised võistkonnad ilma vahetusmängijateta.,Beach volleyball,https://en.wikipedia.org/wiki/Beach_volleyball,CC-BY-SA-4.0,2026-08-28,reviewed,true
built-in-sports-games-accessible-corpus-089,built-in-sports-games,Sports and Games,built-in-sports-games-set-060,board,round-two,4,easy,traditional-sports,Sports & Games: Volleyball,,What defensive action uses raised hands at the net to stop an attack?,Milline kaitsetegevus kasutab võrgu juures tõstetud käsi vastase rünnaku peatamiseks?,block,blokk,,,Front-row players jump close to the net and try to intercept the attacking hit.,Eesliini mängijad hüppavad võrgu lähedal ja püüavad ründelöögi tõkestada.,Volleyball,https://en.wikipedia.org/wiki/Volleyball#Block,CC-BY-SA-4.0,2026-08-28,reviewed,true
built-in-sports-games-accessible-corpus-090,built-in-sports-games,Sports and Games,built-in-sports-games-set-060,board,round-two,5,easy,traditional-sports,Sports & Games: Volleyball,,Which differently dressed defensive specialist plays mainly in the back row?,Milline teist värvi vormi kandev kaitsespecialist mängib peamiselt tagaliinis?,libero,libero,,,The libero has special substitution rights and restrictions intended for a defensive role.,Liberol on kaitserolli jaoks erilised vahetusõigused ja mängupiirangud.,Volleyball,https://en.wikipedia.org/wiki/Volleyball#Libero,CC-BY-SA-4.0,2026-08-28,reviewed,true
built-in-sports-games-accessible-corpus-091,built-in-sports-games,Sports and Games,built-in-sports-games-set-061,board,round-two,1,easy,olympics,Sports & Games: Table Tennis,,What small handheld piece of equipment is used to strike the ball?,Millise väikese käeshoitava vahendiga palli lüüakse?,paddle,reket,bat;racket,laba,The wooden racket is covered with rubber surfaces that influence speed and spin.,"Puidust reket on kaetud kummipindadega, mis mõjutavad palli kiirust ja vinti.",Table tennis racket,https://en.wikipedia.org/wiki/Table_tennis_racket,CC-BY-SA-4.0,2026-08-28,reviewed,true
built-in-sports-games-accessible-corpus-092,built-in-sports-games,Sports and Games,built-in-sports-games-set-061,board,round-two,2,easy,olympics,Sports & Games: Table Tennis,,What low barrier divides the playing surface into two courts?,Milline madal tõke jagab mängupinna kaheks väljakupooleks?,net,võrk,,,The ball must pass over or around the net assembly during a legal return.,Määrustepärase tagasilöögi ajal peab pall liikuma üle võrgu või selle kõrvalt.,Table tennis,https://en.wikipedia.org/wiki/Table_tennis#Equipment,CC-BY-SA-4.0,2026-08-28,reviewed,true
built-in-sports-games-accessible-corpus-093,built-in-sports-games,Sports and Games,built-in-sports-games-set-061,board,round-two,3,easy,olympics,Sports & Games: Table Tennis,,"What attacking shot is hit hard and fast, often against a high return?","Kuidas nimetatakse tugevat kiiret ründelööki, mida tehakse sageli kõrgele pallile?",smash,rabak,smash shot,smash,A smash uses a forceful forward swing to finish a point against a vulnerable ball.,"Rabaku puhul kasutatakse jõulist ettesuunalist liigutust, et sobiva palli vastu punkt lõpetada.",Table tennis styles,https://en.wikipedia.org/wiki/Table_tennis_styles,CC-BY-SA-4.0,2026-08-28,reviewed,true
built-in-sports-games-accessible-corpus-094,built-in-sports-games,Sports and Games,built-in-sports-games-set-061,board,round-two,4,easy,olympics,Sports & Games: Table Tennis,,What kind of spin makes the top of the ball rotate forward?,"Kuidas nimetatakse vinti, mille puhul palli ülaosa pöörleb ettepoole?",topspin,ülavint,top spin,topspin,Topspin makes the ball dip sooner and then kick forward after bouncing.,Ülavint paneb palli varem langema ning pärast põrget edasi kiirenema.,Topspin,https://en.wikipedia.org/wiki/Topspin,CC-BY-SA-4.0,2026-08-28,reviewed,true
built-in-sports-games-accessible-corpus-095,built-in-sports-games,Sports and Games,built-in-sports-games-set-061,board,round-two,5,easy,olympics,Sports & Games: Table Tennis,,What is a late-game tie called when each player needs a two-point lead to win?,"Kuidas nimetatakse geimi lõpu viigiseisu, mille järel peab võitja saavutama kahepunktilise edu?",deuce,viik,,,"At deuce, play continues until one side leads by two points.","Viigiseisu järel mängitakse seni, kuni üks pool juhib kahe punktiga.",Table tennis,https://en.wikipedia.org/wiki/Table_tennis#Scoring,CC-BY-SA-4.0,2026-08-28,reviewed,true
built-in-sports-games-accessible-corpus-096,built-in-sports-games,Sports and Games,built-in-sports-games-set-062,board,round-two,1,easy,racket-sports,Sports & Games: Chess Basics,,What position ends the game because the threatened king has no legal escape?,"Milline seis lõpetab mängu, sest ohustatud kuningal pole ühtegi lubatud pääseteed?",checkmate,matt,,,Checkmate combines an attack on the king with the absence of any legal reply.,"Matt ühendab kuninga ründamise ja olukorra, kus pole ühtegi lubatud vastukäiku.",Checkmate,https://en.wikipedia.org/wiki/Checkmate,CC-BY-SA-4.0,2026-08-28,reviewed,true
built-in-sports-games-accessible-corpus-097,built-in-sports-games,Sports and Games,built-in-sports-games-set-062,board,round-two,2,easy,racket-sports,Sports & Games: Chess Basics,,"Which piece can move any number of squares along a horizontal row, vertical file, or diagonal?","Milline malend võib liikuda suvalise arvu ruute mööda rõhtsat rida, püstist liini või diagonaali?",queen,lipp,,,The queen combines the movement powers of the rook and bishop.,Lipp ühendab vankri ja oda liikumisvõimalused.,Queen (chess),https://en.wikipedia.org/wiki/Queen_(chess),CC-BY-SA-4.0,2026-08-28,reviewed,true
built-in-sports-games-accessible-corpus-098,built-in-sports-games,Sports and Games,built-in-sports-games-set-062,board,round-two,3,easy,racket-sports,Sports & Games: Chess Basics,,Which castle-shaped piece moves any distance horizontally or vertically?,Milline tornikujuline malend liigub suvalise vahemaa rõht- või püstsuunas?,rook,vanker,castle,torn,A rook moves along ranks and files and also participates in castling.,Vanker liigub mööda ridu ja liine ning osaleb ka vangerduses.,Rook (chess),https://en.wikipedia.org/wiki/Rook_(chess),CC-BY-SA-4.0,2026-08-28,reviewed,true
built-in-sports-games-accessible-corpus-099,built-in-sports-games,Sports and Games,built-in-sports-games-set-062,board,round-two,4,easy,racket-sports,Sports & Games: Chess Basics,,Which piece jumps over others in an L-shaped move?,Milline malend hüppab üle teiste L-kujulise käiguga?,knight,ratsu,horse,hobune,The knight moves two squares in one direction and one perpendicular square.,Ratsu liigub kaks ruutu ühes suunas ja ühe ruudu sellega risti.,Knight (chess),https://en.wikipedia.org/wiki/Knight_(chess),CC-BY-SA-4.0,2026-08-28,reviewed,true
built-in-sports-games-accessible-corpus-100,built-in-sports-games,Sports and Games,built-in-sports-games-set-062,board,round-two,5,easy,racket-sports,Sports & Games: Chess Basics,,Which chess piece moves any number of squares along diagonals and stays on one colour of square?,Milline malend liigub suvalise arvu ruute mööda diagonaale ja jääb kogu mängu vältel sama värvi ruutudele?,bishop,oda,chess bishop,maleoda,"A bishop moves diagonally, so it can visit only squares of its starting colour.",Oda liigub diagonaalselt ning saab seetõttu käia ainult oma algusvärvi ruutudel.,Bishop (chess),https://en.wikipedia.org/wiki/Bishop_(chess),CC-BY-SA-4.0,2026-08-28,reviewed,true
built-in-sports-games-accessible-corpus-101,built-in-sports-games,Sports and Games,built-in-sports-games-set-063,board,round-two,1,easy,racket-sports,Sports & Games: Card Games,,"What poker hand contains ten, jack, queen, king, and ace of the same suit?","Milline pokkerikäsi koosneb sama masti kümnest, soldatist, emandast, kuningast ja ässast?",royal flush,kuninglik mastirida,royal straight flush,royal flush,A royal flush is a straight flush running from ten through ace in one suit.,Kuninglik mastirida on ühest mastist kümnest ässani ulatuv mastirida.,List of poker hands,https://en.wikipedia.org/wiki/List_of_poker_hands#Royal_flush,CC-BY-SA-4.0,2026-08-28,reviewed,true
built-in-sports-games-accessible-corpus-102,built-in-sports-games,Sports and Games,built-in-sports-games-set-063,board,round-two,2,easy,racket-sports,Sports & Games: Card Games,,Which casino game asks players to approach twenty-one without going over?,Millises kasiinomängus püütakse jõuda kahekümne ühele võimalikult lähedale ilma seda ületamata?,blackjack,blackjack,,,"Players compare their hand with the dealer’s, and exceeding twenty-one is a bust.",Mängijad võrdlevad oma kätt diileri omaga ning üle kahekümne ühe minek tähendab lõhkiminekut.,Blackjack,https://en.wikipedia.org/wiki/Blackjack,CC-BY-SA-4.0,2026-08-28,reviewed,true
built-in-sports-games-accessible-corpus-103,built-in-sports-games,Sports and Games,built-in-sports-games-set-063,board,round-two,3,easy,racket-sports,Sports & Games: Card Games,,Which general name covers card games usually arranged and played by one person?,Milline üldnimetus hõlmab tavaliselt ühe inimese laotud ja mängitud kaardimänge?,solitaire,pasjanss,patience,üksikmäng,Patience or solitaire games use prescribed layouts and goals for a single player.,Pasjansid kasutavad ühe mängija jaoks kindlaid ladumisi ja eesmärke.,Patience (game),https://en.wikipedia.org/wiki/Patience_(game),CC-BY-SA-4.0,2026-08-28,reviewed,true
built-in-sports-games-accessible-corpus-104,built-in-sports-games,Sports and Games,built-in-sports-games-set-063,board,round-two,4,easy,racket-sports,Sports & Games: Card Games,,Which trick-taking game is normally played by two partnerships seated opposite each other?,"Millist tihimängu mängivad tavaliselt kaks partnerpaari, kelle liikmed istuvad vastamisi?",bridge,bridž,contract bridge,sportlik bridž,Contract bridge has an auction followed by card play between four players in fixed partnerships.,Sportlikus bridžis järgneb pakkumisele kaardimäng nelja kindlates paarides mängija vahel.,Contract bridge,https://en.wikipedia.org/wiki/Contract_bridge,CC-BY-SA-4.0,2026-08-28,reviewed,true
built-in-sports-games-accessible-corpus-105,built-in-sports-games,Sports and Games,built-in-sports-games-set-063,board,round-two,5,easy,racket-sports,Sports & Games: Card Games,,Which family of card games asks players to make matching sets and runs of cards?,Milline kaardimängude perekond palub mängijatel moodustada sama väärtusega komplekte ja järjestusi?,rummy,rummi,rummy card game,rummimäng,Rummy games are built around forming matching sets and runs before other players do.,Rummi mängudes püütakse moodustada sama väärtusega komplekte ja järjestusi enne teisi mängijaid.,Rummy,https://en.wikipedia.org/wiki/Rummy,CC-BY-SA-4.0,2026-08-28,reviewed,true
built-in-sports-games-accessible-corpus-106,built-in-sports-games,Sports and Games,built-in-sports-games-set-064,board,round-two,1,easy,board-card-games,Sports & Games: Board Games,,Which guessing game has players call grid coordinates to find and sink a hidden fleet?,"Millises arvamismängus nimetavad mängijad ruudustiku koordinaate, et leida ja uputada peidetud laevastik?",Battleship,Laevade pommitamine,Sea Battle,Laevade lahing,Each player secretly places ships on a grid and marks the opponent’s hits and misses.,Iga mängija paigutab laevad salaja ruudustikule ning märgib vastase tabamused ja möödalasud.,Battleship (game),https://en.wikipedia.org/wiki/Battleship_(game),CC-BY-SA-4.0,2026-08-28,reviewed,true
built-in-sports-games-accessible-corpus-107,built-in-sports-games,Sports and Games,built-in-sports-games-set-064,board,round-two,2,easy,board-card-games,Sports & Games: Board Games,,Which game asks players to remove wooden blocks from a tower and place them on top without making it fall?,"Millises mängus eemaldatakse puittornist klotse ja asetatakse need torni otsa nii, et see ümber ei kukuks?",Jenga,Jenga,,,The tower becomes taller and less stable as players move blocks upward.,"Torn muutub kõrgemaks ja ebastabiilsemaks, kui mängijad klotse ülespoole tõstavad.",Jenga,https://en.wikipedia.org/wiki/Jenga,CC-BY-SA-4.0,2026-08-28,reviewed,true
built-in-sports-games-accessible-corpus-108,built-in-sports-games,Sports and Games,built-in-sports-games-set-064,board,round-two,3,easy,board-card-games,Sports & Games: Board Games,,"Which mystery game asks who committed a murder, in which room, and with what weapon?","Millises mõistatusmängus tuleb välja selgitada, kes pani toime mõrva, millises ruumis ja millise relvaga?",Cluedo,Cluedo,Clue,Clue,"Players eliminate suspects, rooms, and weapons to deduce the hidden solution.","Mängijad välistavad kahtlusaluseid, ruume ja relvi, et tuletada varjatud lahendus.",Cluedo,https://en.wikipedia.org/wiki/Cluedo,CC-BY-SA-4.0,2026-08-28,reviewed,true
built-in-sports-games-accessible-corpus-109,built-in-sports-games,Sports and Games,built-in-sports-games-set-064,board,round-two,4,easy,board-card-games,Sports & Games: Board Games,,Which strategy game uses armies on a world map for territorial conquest?,Millises strateegiamängus vallutavad armeed maailmakaardil territooriume?,Risk,Risk,,,Players attack neighbouring territories with dice while pursuing global or mission objectives.,"Mängijad ründavad täringutega naaberalasid, täites ülemaailmseid või missioonieesmärke.",Risk (game),https://en.wikipedia.org/wiki/Risk_(game),CC-BY-SA-4.0,2026-08-28,reviewed,true
built-in-sports-games-accessible-corpus-110,built-in-sports-games,Sports and Games,built-in-sports-games-set-064,board,round-two,5,easy,board-card-games,Sports & Games: Board Games,,"Which game has settlers collect and trade brick, lumber, wool, grain, and ore?","Millises mängus koguvad ja vahetavad asunikud tellist, puitu, villa, vilja ja maaki?",Catan,Catan,The Settlers of Catan,Catani asustajad,"Resource production and negotiation let players build roads, settlements, and cities.","Ressursside tootmine ja läbirääkimine võimaldavad ehitada teid, asulaid ja linnu.",Catan,https://en.wikipedia.org/wiki/Catan,CC-BY-SA-4.0,2026-08-28,reviewed,true
built-in-sports-games-accessible-corpus-111,built-in-sports-games,Sports and Games,built-in-sports-games-set-065,board,round-two,1,easy,board-card-games,Sports & Games: Classic Video Games,,Which arcade character eats pellets while avoiding four colourful ghosts?,Milline mängusaalitegelane sööb labürindis täppe ja väldib nelja värvilist kummitust?,Pac-Man,Pac-Man,,,Namco’s yellow character clears maze pellets while ghosts pursue him.,"Namco kollane tegelane puhastab labürinti täppidest, samal ajal kui kummitused teda jälitavad.",Pac-Man,https://en.wikipedia.org/wiki/Pac-Man,CC-BY-SA-4.0,2026-08-28,reviewed,true
built-in-sports-games-accessible-corpus-112,built-in-sports-games,Sports and Games,built-in-sports-games-set-065,board,round-two,2,easy,board-card-games,Sports & Games: Classic Video Games,,Which Nintendo game sends Mario through the Mushroom Kingdom to rescue Princess Toadstool?,"Millises Nintendo mängus rändab Mario läbi Seeneriigi, et päästa printsess Toadstool?",Super Mario Bros.,Super Mario Bros.,Super Mario Brothers,Super Mario Brothers,The 1985 platform game established many recurring features of the Mario series.,1985. aasta platvormmäng kinnistas paljud Mario sarja korduvad tunnused.,Super Mario Bros.,https://en.wikipedia.org/wiki/Super_Mario_Bros.,CC-BY-SA-4.0,2026-08-28,reviewed,true
built-in-sports-games-accessible-corpus-113,built-in-sports-games,Sports and Games,built-in-sports-games-set-065,board,round-two,3,easy,board-card-games,Sports & Games: Classic Video Games,,Which early arcade hit represents a ball as a square moving between two simple paddles?,Millises varases mängusaalihitis liigub ruudukujuline pall kahe lihtsa reketi vahel?,Pong,Pong,,,Atari’s 1972 game reduced table tennis to two paddles and a bouncing dot.,Atari 1972. aasta mäng lihtsustas lauatennise kaheks reketiks ja põrkavaks punktiks.,Pong,https://en.wikipedia.org/wiki/Pong,CC-BY-SA-4.0,2026-08-28,reviewed,true
built-in-sports-games-accessible-corpus-114,built-in-sports-games,Sports and Games,built-in-sports-games-set-065,board,round-two,4,easy,board-card-games,Sports & Games: Classic Video Games,,Which arcade game has a laser cannon defend Earth from descending rows of aliens?,Millises mängusaalimängus kaitseb laserkahur Maad laskuvate tulnukaridade eest?,Space Invaders,Space Invaders,,,Taito’s 1978 shooter made advancing formations of aliens an arcade icon.,Taito 1978. aasta tulistamismäng muutis lähenevad tulnukate rivistused mängusaaliikooniks.,Space Invaders,https://en.wikipedia.org/wiki/Space_Invaders,CC-BY-SA-4.0,2026-08-28,reviewed,true
built-in-sports-games-accessible-corpus-115,built-in-sports-games,Sports and Games,built-in-sports-games-set-065,board,round-two,5,easy,board-card-games,Sports & Games: Classic Video Games,,Which 1981 arcade game introduced the character later known as Mario?,"Milline 1981. aasta mängusaalimäng tutvustas tegelast, keda hiljem hakati tundma Mariona?",Donkey Kong,Donkey Kong,,,Nintendo’s platform game cast its carpenter hero against the barrel-throwing ape.,Nintendo platvormmäng pani puusepast kangelase vastamisi tünne loopiva ahviga.,Donkey Kong (video game),https://en.wikipedia.org/wiki/Donkey_Kong_(video_game),CC-BY-SA-4.0,2026-08-28,reviewed,true
built-in-sports-games-accessible-corpus-116,built-in-sports-games,Sports and Games,built-in-sports-games-set-066,board,round-two,1,easy,board-card-games,Sports & Games: Video Games of the 1990s,,Which strategy game lets players guide a civilisation from the Stone Age into later eras?,Millises strateegiamängus juhitakse tsivilisatsiooni kiviajast hilisematesse ajastutesse?,Age of Empires,Age of Empires,AoE,AoE,"Players gather resources, research technologies, and build armies while advancing through historical ages.","Mängijad koguvad ressursse, uurivad tehnoloogiaid ja loovad armeesid, liikudes läbi ajalooliste ajastute.",Age of Empires (video game),https://en.wikipedia.org/wiki/Age_of_Empires_(video_game),CC-BY-SA-4.0,2026-08-28,reviewed,true
built-in-sports-games-accessible-corpus-117,built-in-sports-games,Sports and Games,built-in-sports-games-set-066,board,round-two,2,easy,board-card-games,Sports & Games: Video Games of the 1990s,,Which speedy blue character became Sega’s mascot after a 1991 platform game?,Milline kiire sinine tegelane sai pärast 1991. aasta platvormmängu Sega maskotiks?,Sonic the Hedgehog,Sonic the Hedgehog,Sonic,Sonic,Sega designed Sonic as a fast-moving rival to Nintendo’s Mario.,Sega kujundas Sonicu kiireks rivaaliks Nintendo Mariole.,Sonic the Hedgehog (1991 video game),https://en.wikipedia.org/wiki/Sonic_the_Hedgehog_(1991_video_game),CC-BY-SA-4.0,2026-08-28,reviewed,true
built-in-sports-games-accessible-corpus-118,built-in-sports-games,Sports and Games,built-in-sports-games-set-066,board,round-two,3,easy,board-card-games,Sports & Games: Video Games of the 1990s,,Which 1993 game sends a space marine through demon-filled bases on Mars?,Millises 1993. aasta mängus võitleb kosmosejalaväelane Marsi deemonitest tulvil baasides?,Doom,Doom,,,id Software’s fast pseudo-three-dimensional action helped popularise the first-person shooter.,id Software’i kiire pseudoruumiline märul aitas muuta populaarseks esimese isiku tulistamismängu.,Doom (1993 video game),https://en.wikipedia.org/wiki/Doom_(1993_video_game),CC-BY-SA-4.0,2026-08-28,reviewed,true
built-in-sports-games-accessible-corpus-119,built-in-sports-games,Sports and Games,built-in-sports-games-set-066,board,round-two,4,easy,board-card-games,Sports & Games: Video Games of the 1990s,,Which 1996 adventure game introduced archaeologist Lara Croft?,Milline 1996. aasta seiklusmäng tutvustas arheoloog Lara Crofti?,Tomb Raider,Tomb Raider,,,Core Design’s three-dimensional game sent Lara through tombs filled with puzzles and hazards.,Core Designi ruumiline mäng viis Lara mõistatuste ja ohtudega täidetud hauakambritesse.,Tomb Raider (1996 video game),https://en.wikipedia.org/wiki/Tomb_Raider_(1996_video_game),CC-BY-SA-4.0,2026-08-28,reviewed,true
built-in-sports-games-accessible-corpus-120,built-in-sports-games,Sports and Games,built-in-sports-games-set-066,board,round-two,5,easy,board-card-games,Sports & Games: Video Games of the 1990s,,"Which 1998 strategy game pits Terran, Zerg, and Protoss forces against one another?","Millises 1998. aasta strateegiamängus võitlevad omavahel terranid, zergid ja protossid?",StarCraft,StarCraft,,,Blizzard designed three distinct factions for its science-fiction real-time strategy game.,Blizzard kujundas oma ulmelisse reaalajastrateegiasse kolm selgelt erinevat osapoolt.,StarCraft,https://en.wikipedia.org/wiki/StarCraft,CC-BY-SA-4.0,2026-08-28,reviewed,true
built-in-sports-games-accessible-corpus-121,built-in-sports-games,Sports and Games,built-in-sports-games-set-067,board,round-two,1,easy,board-card-games,Sports & Games: Esports,,Which game’s battle-royale mode drops players onto an island where the last surviving player or team wins?,"Millise mängu battle royale’i režiim viib mängijad saarele, kus võidab viimasena ellu jäänud mängija või meeskond?",Fortnite,Fortnite,,,"Fortnite Battle Royale combines survival, scavenging, building, and a steadily shrinking safe area.","Fortnite Battle Royale ühendab ellujäämise, varustuse otsimise, ehitamise ja pidevalt kahaneva turvaala.",Fortnite Battle Royale,https://en.wikipedia.org/wiki/Fortnite_Battle_Royale,CC-BY-SA-4.0,2026-08-28,reviewed,true
built-in-sports-games-accessible-corpus-122,built-in-sports-games,Sports and Games,built-in-sports-games-set-067,board,round-two,2,easy,board-card-games,Sports & Games: Esports,,Which game has teams destroy the opposing Nexus on a map called Summoner’s Rift?,Millises mängus püüavad meeskonnad hävitada vastase Nexuse kaardil nimega Summoner’s Rift?,League of Legends,League of Legends,LoL,LoL,Riot’s multiplayer battle arena became a major organised competitive title.,Rioti mitmikmängu lahinguareenist sai üks suuremaid korraldatud võistlusmänge.,League of Legends,https://en.wikipedia.org/wiki/League_of_Legends,CC-BY-SA-4.0,2026-08-28,reviewed,true
built-in-sports-games-accessible-corpus-123,built-in-sports-games,Sports and Games,built-in-sports-games-set-067,board,round-two,3,easy,board-card-games,Sports & Games: Esports,,Which competitive game combines rocket-powered cars with a giant ball and goals?,Milline võistlusmäng ühendab rakettmootoriga autod hiigelpalli ja väravatega?,Rocket League,Rocket League,,,Psyonix describes its game as vehicular football played in enclosed arenas.,Psyonix kirjeldab mängu kui sõidukitega jalgpalli suletud areenidel.,Rocket League,https://en.wikipedia.org/wiki/Rocket_League,CC-BY-SA-4.0,2026-08-28,reviewed,true
built-in-sports-games-accessible-corpus-124,built-in-sports-games,Sports and Games,built-in-sports-games-set-067,board,round-two,4,easy,board-card-games,Sports & Games: Esports,,Which multiplayer battle-arena game stages a world tournament called The International?,Milline mitmikmängu lahinguareen korraldab maailmaturniiri nimega The International?,Dota 2,Dota 2,,,Valve created The International as the flagship championship for Dota 2.,Valve lõi The Internationali Dota 2 tähtsaimaks meistrivõistluseks.,The International (Dota 2),https://en.wikipedia.org/wiki/The_International_(Dota_2),CC-BY-SA-4.0,2026-08-28,reviewed,true
built-in-sports-games-accessible-corpus-125,built-in-sports-games,Sports and Games,built-in-sports-games-set-067,board,round-two,5,easy,board-card-games,Sports & Games: Esports,,Which science-fiction strategy series developed a particularly influential professional scene in South Korea?,Milline ulmeline strateegiamängusari kujundas eriti mõjuka profivõistluste kultuuri Lõuna-Koreas?,StarCraft,StarCraft,,,Televised leagues and professional teams made StarCraft a foundation of South Korean competitive gaming.,Teleliigad ja profimeeskonnad tegid StarCraftist Lõuna-Korea võistlusmängude ühe aluse.,StarCraft in esports,https://en.wikipedia.org/wiki/StarCraft_in_esports,CC-BY-SA-4.0,2026-08-28,reviewed,true
built-in-sports-games-clue-0336,built-in-sports-games,Sports and Games,built-in-sports-games-set-068,board,round-two,1,medium,motorsport,Sports & Games: Colorful Challenge,,1988 Formula One World Championship — The 1988 world championship was a season of which racing class?,,Formula One,,,,The 1988 championship was a Formula One season.,,1988 Formula One World Championship — Wikipedia permanent revision 1371162986,https://en.wikipedia.org/w/index.php?title=1988_Formula_One_World_Championship&oldid=1371162986,CC-BY-SA-4.0,2026-08-25,untranslated,true
built-in-sports-games-clue-0342,built-in-sports-games,Sports and Games,built-in-sports-games-set-068,board,round-two,2,medium,motorsport,Sports & Games: Colorful Challenge,,2017 24 Hours of Le Mans — What kind of race was the 2017 24 Hours of Le Mans?,,automobile endurance race,,,,The event was a 24-hour automobile endurance race.,,2017 24 Hours of Le Mans — Wikipedia permanent revision 1370960824,https://en.wikipedia.org/w/index.php?title=2017_24_Hours_of_Le_Mans&oldid=1370960824,CC-BY-SA-4.0,2026-08-25,untranslated,true
built-in-sports-games-clue-0348,built-in-sports-games,Sports and Games,built-in-sports-games-set-068,board,round-two,3,medium,motorsport,Sports & Games: Colorful Challenge,,Formula E — What geographic scope does the Formula E championship have?,,International,,,,Formula E is an international championship.,,Formula E — Wikipedia permanent revision 1370661756,https://en.wikipedia.org/w/index.php?title=Formula_E&oldid=1370661756,CC-BY-SA-4.0,2026-08-25,untranslated,true
built-in-sports-games-clue-0354,built-in-sports-games,Sports and Games,built-in-sports-games-set-068,board,round-two,4,medium,motorsport,Sports & Games: Colorful Challenge,,2016 24 Hours of Le Mans — Which grand-touring class competed alongside the prototypes in 2016?,,Le Mans Grand Touring Endurance,,,,Le Mans Grand Touring Endurance cars formed the other class.,,2016 24 Hours of Le Mans — Wikipedia permanent revision 1370960475,https://en.wikipedia.org/w/index.php?title=2016_24_Hours_of_Le_Mans&oldid=1370960475,CC-BY-SA-4.0,2026-08-25,untranslated,true
built-in-sports-games-clue-0360,built-in-sports-games,Sports and Games,built-in-sports-games-set-068,board,round-two,5,medium,motorsport,Sports & Games: Colorful Challenge,,Michael Schumacher — Name one relative identified for the person in “Motorsport: Michael Schumacher”.,,Ralf Schumacher,,,,Ralf Schumacher is an identified relative.,,Michael Schumacher — Wikipedia permanent revision 1371264404,https://en.wikipedia.org/w/index.php?title=Michael_Schumacher&oldid=1371264404,CC-BY-SA-4.0,2026-08-25,untranslated,true
built-in-sports-games-clue-0341,built-in-sports-games,Sports and Games,built-in-sports-games-set-069,board,round-two,1,medium,motorsport,Sports & Games: Colorful Quiz,,2017 24 Hours of Le Mans — Which car manufacturer won the 2017 24 Hours of Le Mans?,,Porsche,,,,Porsche won the 2017 24 Hours of Le Mans.,,2017 24 Hours of Le Mans — Wikipedia permanent revision 1370960824,https://en.wikipedia.org/w/index.php?title=2017_24_Hours_of_Le_Mans&oldid=1370960824,CC-BY-SA-4.0,2026-08-25,untranslated,true
built-in-sports-games-clue-0347,built-in-sports-games,Sports and Games,built-in-sports-games-set-069,board,round-two,2,medium,motorsport,Sports & Games: Colorful Quiz,,Formula E — What kind of power propels Formula E race cars?,,Fully electric power,,Electric power;Electricity;Battery electric,,Formula E is a single-seater championship for fully electric racing cars.,,Formula E — Wikipedia permanent revision 1370661756,https://en.wikipedia.org/w/index.php?title=Formula_E&oldid=1370661756,CC-BY-SA-4.0,2026-08-25,untranslated,true
built-in-sports-games-clue-0353,built-in-sports-games,Sports and Games,built-in-sports-games-set-069,board,round-two,3,medium,motorsport,Sports & Games: Colorful Quiz,,2016 24 Hours of Le Mans — Which prototype class competed at Le Mans in 2016?,,Le Mans Prototype,,,,Le Mans Prototype cars competed in the 2016 race.,,2016 24 Hours of Le Mans — Wikipedia permanent revision 1370960475,https://en.wikipedia.org/w/index.php?title=2016_24_Hours_of_Le_Mans&oldid=1370960475,CC-BY-SA-4.0,2026-08-25,untranslated,true
built-in-sports-games-clue-0359,built-in-sports-games,Sports and Games,built-in-sports-games-set-069,board,round-two,4,medium,motorsport,Sports & Games: Colorful Quiz,,Michael Schumacher — Name one child identified for the person in “Motorsport: Michael Schumacher”.,,Gina-Maria,,,,Gina-Maria is an identified child.,,Michael Schumacher — Wikipedia permanent revision 1371264404,https://en.wikipedia.org/w/index.php?title=Michael_Schumacher&oldid=1371264404,CC-BY-SA-4.0,2026-08-25,untranslated,true
built-in-sports-games-clue-0365,built-in-sports-games,Sports and Games,built-in-sports-games-set-069,board,round-two,5,medium,motorsport,Sports & Games: Colorful Quiz,,1994 San Marino Grand Prix — What type of course hosted the event in “An Imola Race Weekend”?,,Permanent racing facility,,,,Permanent racing facility describes the course.,,1994 San Marino Grand Prix — Wikipedia permanent revision 1366755913,https://en.wikipedia.org/w/index.php?title=1994_San_Marino_Grand_Prix&oldid=1366755913,CC-BY-SA-4.0,2026-08-25,untranslated,true
built-in-sports-games-clue-0346,built-in-sports-games,Sports and Games,built-in-sports-games-set-070,board,round-two,1,medium,motorsport,Sports & Games: Colorful Odds & Ends,,Formula E — What category of racing championship is Formula E?,,Single-seater,,,,Formula E is a single-seater racing championship.,,Formula E — Wikipedia permanent revision 1370661756,https://en.wikipedia.org/w/index.php?title=Formula_E&oldid=1370661756,CC-BY-SA-4.0,2026-08-25,untranslated,true
built-in-sports-games-clue-0352,built-in-sports-games,Sports and Games,built-in-sports-games-set-070,board,round-two,2,medium,motorsport,Sports & Games: Colorful Odds & Ends,,2016 24 Hours of Le Mans — What kind of event was the 2016 24 Hours of Le Mans?,,automobile endurance racing event,,,,It was a 24-hour automobile endurance racing event.,,2016 24 Hours of Le Mans — Wikipedia permanent revision 1370960475,https://en.wikipedia.org/w/index.php?title=2016_24_Hours_of_Le_Mans&oldid=1370960475,CC-BY-SA-4.0,2026-08-25,untranslated,true
built-in-sports-games-clue-0358,built-in-sports-games,Sports and Games,built-in-sports-games-set-070,board,round-two,3,medium,motorsport,Sports & Games: Colorful Odds & Ends,,Michael Schumacher — Whom did the person in “Motorsport: Michael Schumacher” marry?,,Corinna Betsch,,,,Corinna Betsch is the identified spouse.,,Michael Schumacher — Wikipedia permanent revision 1371264404,https://en.wikipedia.org/w/index.php?title=Michael_Schumacher&oldid=1371264404,CC-BY-SA-4.0,2026-08-25,untranslated,true
built-in-sports-games-clue-0364,built-in-sports-games,Sports and Games,built-in-sports-games-set-070,board,round-two,4,medium,motorsport,Sports & Games: Colorful Odds & Ends,,1994 San Marino Grand Prix — Which location is associated with the event or competition in “An Imola Race Weekend”?,,Autodromo Enzo e Dino Ferrari,,,,The subject is associated with Autodromo Enzo e Dino Ferrari.,,1994 San Marino Grand Prix — Wikipedia permanent revision 1366755913,https://en.wikipedia.org/w/index.php?title=1994_San_Marino_Grand_Prix&oldid=1366755913,CC-BY-SA-4.0,2026-08-25,untranslated,true
built-in-sports-games-clue-0370,built-in-sports-games,Sports and Games,built-in-sports-games-set-070,board,round-two,5,medium,motorsport,Sports & Games: Colorful Odds & Ends,,Skateboarding at the 2020 Summer Olympics — How many nations sent competitors to Olympic skateboarding’s debut in Tokyo?,,25 nations,,Twenty-five nations,,Olympic skateboarding’s debut field included 80 competitors from 25 nations.,,Skateboarding at the 2020 Summer Olympics — Wikipedia permanent revision 1339296152,https://en.wikipedia.org/w/index.php?title=Skateboarding_at_the_2020_Summer_Olympics&oldid=1339296152,CC-BY-SA-4.0,2026-08-25,untranslated,true
built-in-sports-games-clue-0351,built-in-sports-games,Sports and Games,built-in-sports-games-set-071,board,round-two,1,medium,motorsport,Sports & Games: Clever Mix,,2016 24 Hours of Le Mans — The overall victory at the 2016 Le Mans endurance race went to which manufacturer?,,Porsche,,,,Porsche won the 2016 24 Hours of Le Mans.,,2016 24 Hours of Le Mans — Wikipedia permanent revision 1370960475,https://en.wikipedia.org/w/index.php?title=2016_24_Hours_of_Le_Mans&oldid=1370960475,CC-BY-SA-4.0,2026-08-25,untranslated,true
built-in-sports-games-clue-0357,built-in-sports-games,Sports and Games,built-in-sports-games-set-071,board,round-two,2,medium,motorsport,Sports & Games: Clever Mix,,Michael Schumacher — In what year was the person in “Motorsport: Michael Schumacher” born?,,1969,,,,The subject was born in 1969.,,Michael Schumacher — Wikipedia permanent revision 1371264404,https://en.wikipedia.org/w/index.php?title=Michael_Schumacher&oldid=1371264404,CC-BY-SA-4.0,2026-08-25,untranslated,true
built-in-sports-games-clue-0363,built-in-sports-games,Sports and Games,built-in-sports-games-set-071,board,round-two,3,medium,motorsport,Sports & Games: Clever Mix,,1994 San Marino Grand Prix — Which official title was used for the event in “An Imola Race Weekend”?,,14º Gran Premio di San Marino,,,,14º Gran Premio di San Marino was the official name.,,1994 San Marino Grand Prix — Wikipedia permanent revision 1366755913,https://en.wikipedia.org/w/index.php?title=1994_San_Marino_Grand_Prix&oldid=1366755913,CC-BY-SA-4.0,2026-08-25,untranslated,true
built-in-sports-games-clue-0369,built-in-sports-games,Sports and Games,built-in-sports-games-set-071,board,round-two,4,medium,motorsport,Sports & Games: Clever Mix,,Skateboarding at the 2020 Summer Olympics — How many competitors are associated with the event or competition in “Tokyo’s New Board Sport”?,,80,,,,80 was the competitors associated with this event or competition.,,Skateboarding at the 2020 Summer Olympics — Wikipedia permanent revision 1339296152,https://en.wikipedia.org/w/index.php?title=Skateboarding_at_the_2020_Summer_Olympics&oldid=1339296152,CC-BY-SA-4.0,2026-08-25,untranslated,true
built-in-sports-games-clue-0375,built-in-sports-games,Sports and Games,built-in-sports-games-set-071,board,round-two,5,medium,motorsport,Sports & Games: Clever Mix,,Kabaddi — Can men and women compete together in “Raid and Tag”?,,"No, competitions are separate for male and female",,,,"No, competitions are separate for male and female describes its mixed-sex competition format.",,Kabaddi — Wikipedia permanent revision 1371003906,https://en.wikipedia.org/w/index.php?title=Kabaddi&oldid=1371003906,CC-BY-SA-4.0,2026-08-25,untranslated,true
built-in-sports-games-clue-0356,built-in-sports-games,Sports and Games,built-in-sports-games-set-072,board,round-two,1,medium,motorsport,Sports & Games: Clever Medley,,Michael Schumacher — With which team did Michael Schumacher make his Formula One debut at the 1991 Belgian Grand Prix?,,Jordan,,,,Michael Schumacher made his Formula One debut for Jordan at the 1991 Belgian Grand Prix.,,Michael Schumacher — Wikipedia permanent revision 1371264404,https://en.wikipedia.org/w/index.php?title=Michael_Schumacher&oldid=1371264404,CC-BY-SA-4.0,2026-08-25,untranslated,true
built-in-sports-games-clue-0362,built-in-sports-games,Sports and Games,built-in-sports-games-set-072,board,round-two,2,medium,motorsport,Sports & Games: Clever Medley,,1994 San Marino Grand Prix — What date is recorded for the event or competition in “An Imola Race Weekend”?,,1 May 1994,,,,The subject is dated to 1 May 1994.,,1994 San Marino Grand Prix — Wikipedia permanent revision 1366755913,https://en.wikipedia.org/w/index.php?title=1994_San_Marino_Grand_Prix&oldid=1366755913,CC-BY-SA-4.0,2026-08-25,untranslated,true
built-in-sports-games-clue-0368,built-in-sports-games,Sports and Games,built-in-sports-games-set-072,board,round-two,3,medium,motorsport,Sports & Games: Clever Medley,,Skateboarding at the 2020 Summer Olympics — When did the event or competition in “Tokyo’s New Board Sport” take place or begin?,,25 July – 5 August 2021,,,,25 July – 5 August 2021 was the dates associated with this event or competition.,,Skateboarding at the 2020 Summer Olympics — Wikipedia permanent revision 1339296152,https://en.wikipedia.org/w/index.php?title=Skateboarding_at_the_2020_Summer_Olympics&oldid=1339296152,CC-BY-SA-4.0,2026-08-25,untranslated,true
built-in-sports-games-clue-0374,built-in-sports-games,Sports and Games,built-in-sports-games-set-072,board,round-two,4,medium,motorsport,Sports & Games: Clever Medley,,Kabaddi — What level of contact does the sport in “Raid and Tag” involve?,,Full,,,,Full is the documented contact level.,,Kabaddi — Wikipedia permanent revision 1371003906,https://en.wikipedia.org/w/index.php?title=Kabaddi&oldid=1371003906,CC-BY-SA-4.0,2026-08-25,untranslated,true
built-in-sports-games-clue-0380,built-in-sports-games,Sports and Games,built-in-sports-games-set-072,board,round-two,5,medium,motorsport,Sports & Games: Clever Medley,,Northampton Saints — What short name follows Northampton in the common name of the town’s rugby union club?,,Saints,,,,Northampton Rugby Football Club is commonly known as Northampton Saints.,,Northampton Saints — Wikipedia permanent revision 1370508441,https://en.wikipedia.org/w/index.php?title=Northampton_Saints&oldid=1370508441,CC-BY-SA-4.0,2026-08-25,untranslated,true
built-in-sports-games-clue-0361,built-in-sports-games,Sports and Games,built-in-sports-games-set-073,board,round-two,1,medium,motorsport,Sports & Games: Clever Tour,,"1994 San Marino Grand Prix — Who won the 1994 San Marino Grand Prix, the race in which Ayrton Senna was killed?",,Michael Schumacher,,,,Michael Schumacher won the 1994 San Marino Grand Prix.,,1994 San Marino Grand Prix — Wikipedia permanent revision 1366755913,https://en.wikipedia.org/w/index.php?title=1994_San_Marino_Grand_Prix&oldid=1366755913,CC-BY-SA-4.0,2026-08-25,untranslated,true
built-in-sports-games-clue-0367,built-in-sports-games,Sports and Games,built-in-sports-games-set-073,board,round-two,2,medium,motorsport,Sports & Games: Clever Tour,,Skateboarding at the 2020 Summer Olympics — Which venue is recorded for the event or competition in “Tokyo’s New Board Sport”?,,Ariake Urban Sports Park,,,,The subject took place at Ariake Urban Sports Park.,,Skateboarding at the 2020 Summer Olympics — Wikipedia permanent revision 1339296152,https://en.wikipedia.org/w/index.php?title=Skateboarding_at_the_2020_Summer_Olympics&oldid=1339296152,CC-BY-SA-4.0,2026-08-25,untranslated,true
built-in-sports-games-clue-0373,built-in-sports-games,Sports and Games,built-in-sports-games-set-073,board,round-two,3,medium,motorsport,Sports & Games: Clever Tour,,Kabaddi — Give one nickname associated with “Raid and Tag”.,,Kai Pidi,,,,Kai Pidi is one of the documented nicknames.,,Kabaddi — Wikipedia permanent revision 1371003906,https://en.wikipedia.org/w/index.php?title=Kabaddi&oldid=1371003906,CC-BY-SA-4.0,2026-08-25,untranslated,true
built-in-sports-games-clue-0379,built-in-sports-games,Sports and Games,built-in-sports-games-set-073,board,round-two,4,medium,motorsport,Sports & Games: Clever Tour,,"Northampton Saints — What is the full name of the team or club in “Black, Green and Gold Rugby”?",,Northampton Rugby Football Club,,,,Northampton Rugby Football Club is the subject’s full name.,,Northampton Saints — Wikipedia permanent revision 1370508441,https://en.wikipedia.org/w/index.php?title=Northampton_Saints&oldid=1370508441,CC-BY-SA-4.0,2026-08-25,untranslated,true
built-in-sports-games-clue-0385,built-in-sports-games,Sports and Games,built-in-sports-games-set-073,board,round-two,5,medium,motorsport,Sports & Games: Clever Tour,,Stimpmeter — Edward S. Stimpson formerly captained the golf team of which university?,,Harvard,,Harvard University,,Edward S. Stimpson was a former Harvard golf team captain.,,Stimpmeter — Wikipedia permanent revision 1214230475,https://en.wikipedia.org/w/index.php?title=Stimpmeter&oldid=1214230475,CC-BY-SA-4.0,2026-08-25,untranslated,true
built-in-sports-games-clue-0366,built-in-sports-games,Sports and Games,built-in-sports-games-set-074,board,round-two,1,medium,olympics,Sports & Games: Clever Grab Bag,,Skateboarding at the 2020 Summer Olympics — Skateboarding was included in the 2020 Summer Olympics in Tokyo.,,True,,,,Skateboarding made its Summer Olympic debut at Tokyo 2020.,,Skateboarding at the 2020 Summer Olympics — Wikipedia permanent revision 1339296152,https://en.wikipedia.org/w/index.php?title=Skateboarding_at_the_2020_Summer_Olympics&oldid=1339296152,CC-BY-SA-4.0,2026-08-25,untranslated,true
built-in-sports-games-clue-0372,built-in-sports-games,Sports and Games,built-in-sports-games-set-074,board,round-two,2,medium,olympics,Sports & Games: Clever Grab Bag,,Kabaddi — Which governing body is associated with the sport in “Raid and Tag”?,,International Kabaddi Federation,,,,International Kabaddi Federation is a listed governing body.,,Kabaddi — Wikipedia permanent revision 1371003906,https://en.wikipedia.org/w/index.php?title=Kabaddi&oldid=1371003906,CC-BY-SA-4.0,2026-08-25,untranslated,true
built-in-sports-games-clue-0378,built-in-sports-games,Sports and Games,built-in-sports-games-set-074,board,round-two,3,medium,olympics,Sports & Games: Clever Grab Bag,,"Northampton Saints — Which location is associated with the team or club in “Black, Green and Gold Rugby”?",,Northampton,,,,The subject is associated with Northampton.,,Northampton Saints — Wikipedia permanent revision 1370508441,https://en.wikipedia.org/w/index.php?title=Northampton_Saints&oldid=1370508441,CC-BY-SA-4.0,2026-08-25,untranslated,true
built-in-sports-games-clue-0384,built-in-sports-games,Sports and Games,built-in-sports-games-set-074,board,round-two,4,medium,olympics,Sports & Games: Clever Grab Bag,,Stimpmeter — Edward S. Stimpson was an amateur golf champion of which state?,,Massachusetts,,,,Edward S. Stimpson was the Massachusetts state amateur champion.,,Stimpmeter — Wikipedia permanent revision 1214230475,https://en.wikipedia.org/w/index.php?title=Stimpmeter&oldid=1214230475,CC-BY-SA-4.0,2026-08-25,untranslated,true
built-in-sports-games-clue-0390,built-in-sports-games,Sports and Games,built-in-sports-games-set-074,board,round-two,5,medium,olympics,Sports & Games: Clever Grab Bag,,Darts — What equipment does a darts player need for a standard turn?,,Three darts and a dartboard,,3 darts and a dartboard;A set of three darts and a dartboard,,A player throws a set of three darts at a dartboard.,,Darts — Wikipedia permanent revision 1368739057,https://en.wikipedia.org/w/index.php?title=Darts&oldid=1368739057,CC-BY-SA-4.0,2026-08-25,untranslated,true
built-in-sports-games-clue-0371,built-in-sports-games,Sports and Games,built-in-sports-games-set-075,board,round-two,1,medium,traditional-sports,Sports & Games: Clever Roundup,,Kabaddi — Which contact team sport sends a raider into the opposing half to tag defenders?,,Kabaddi,,,,Kabaddi is a contact team sport built around raids into the opposing half.,,Kabaddi — Wikipedia permanent revision 1371003906,https://en.wikipedia.org/w/index.php?title=Kabaddi&oldid=1371003906,CC-BY-SA-4.0,2026-08-25,untranslated,true
built-in-sports-games-clue-0377,built-in-sports-games,Sports and Games,built-in-sports-games-set-075,board,round-two,2,medium,traditional-sports,Sports & Games: Clever Roundup,,"Northampton Saints — In what year was the team or club in “Black, Green and Gold Rugby” founded or first held?",,1880,,,,The subject dates its beginning to 1880.,,Northampton Saints — Wikipedia permanent revision 1370508441,https://en.wikipedia.org/w/index.php?title=Northampton_Saints&oldid=1370508441,CC-BY-SA-4.0,2026-08-25,untranslated,true
built-in-sports-games-clue-0383,built-in-sports-games,Sports and Games,built-in-sports-games-set-075,board,round-two,3,medium,traditional-sports,Sports & Games: Clever Roundup,,Stimpmeter — In what year was the Stimpmeter designed?,,1935,,,,The Stimpmeter was designed in 1935.,,Stimpmeter — Wikipedia permanent revision 1214230475,https://en.wikipedia.org/w/index.php?title=Stimpmeter&oldid=1214230475,CC-BY-SA-4.0,2026-08-25,untranslated,true
built-in-sports-games-clue-0389,built-in-sports-games,Sports and Games,built-in-sports-games-set-075,board,round-two,4,medium,traditional-sports,Sports & Games: Clever Roundup,,Darts — Name one darts competition that includes team events.,,WDF World Cup,,PDC World Cup of Darts,,The article cites the WDF World Cup and PDC World Cup of Darts as team-event examples.,,Darts — Wikipedia permanent revision 1368739057,https://en.wikipedia.org/w/index.php?title=Darts&oldid=1368739057,CC-BY-SA-4.0,2026-08-25,untranslated,true
built-in-sports-games-clue-0395,built-in-sports-games,Sports and Games,built-in-sports-games-set-075,board,round-two,5,medium,traditional-sports,Sports & Games: Clever Roundup,,Super Bowl LI — Give the favored team and spread before Super Bowl LI.,,Patriots by 3,,,,The Patriots were favored by three points.,,Super Bowl LI — Wikipedia permanent revision 1361729037,https://en.wikipedia.org/w/index.php?title=Super_Bowl_LI&oldid=1361729037,CC-BY-SA-4.0,2026-08-25,untranslated,true
built-in-sports-games-clue-0376,built-in-sports-games,Sports and Games,built-in-sports-games-set-076,board,round-two,1,medium,traditional-sports,Sports & Games: Clever Sampler,,"Northampton Saints — Which rugby union includes the club in “Black, Green and Gold Rugby”?",,East Midlands RFU,,,,East Midlands RFU is the documented union.,,Northampton Saints — Wikipedia permanent revision 1370508441,https://en.wikipedia.org/w/index.php?title=Northampton_Saints&oldid=1370508441,CC-BY-SA-4.0,2026-08-25,untranslated,true
built-in-sports-games-clue-0382,built-in-sports-games,Sports and Games,built-in-sports-games-set-076,board,round-two,2,medium,traditional-sports,Sports & Games: Clever Sampler,,Stimpmeter — To what object does a Stimpmeter apply a known velocity?,,Golf ball,,,,A Stimpmeter applies a known velocity to a golf ball and measures how far it travels.,,Stimpmeter — Wikipedia permanent revision 1214230475,https://en.wikipedia.org/w/index.php?title=Stimpmeter&oldid=1214230475,CC-BY-SA-4.0,2026-08-25,untranslated,true
built-in-sports-games-clue-0388,built-in-sports-games,Sports and Games,built-in-sports-games-set-076,board,round-two,3,medium,traditional-sports,Sports & Games: Clever Sampler,,Darts — Give one nickname associated with “Traditional Sports: Darts”.,,Arrows,,,,Arrows is one of the documented nicknames.,,Darts — Wikipedia permanent revision 1368739057,https://en.wikipedia.org/w/index.php?title=Darts&oldid=1368739057,CC-BY-SA-4.0,2026-08-25,untranslated,true
built-in-sports-games-clue-0394,built-in-sports-games,Sports and Games,built-in-sports-games-set-076,board,round-two,4,medium,traditional-sports,Sports & Games: Clever Sampler,,Super Bowl LI — Who was named MVP in “Traditional Sports: Super Bowl LI”?,,Tom Brady,,,,Tom Brady was the MVP.,,Super Bowl LI — Wikipedia permanent revision 1361729037,https://en.wikipedia.org/w/index.php?title=Super_Bowl_LI&oldid=1361729037,CC-BY-SA-4.0,2026-08-25,untranslated,true
built-in-sports-games-clue-0400,built-in-sports-games,Sports and Games,built-in-sports-games-set-076,board,round-two,5,medium,traditional-sports,Sports & Games: Clever Sampler,,WWE Raw — Who writes the programme in “Traditional Sports: WWE Raw”?,,Raw creative writers,,,,Raw creative writers receives the writing credit.,,WWE Raw — Wikipedia permanent revision 1368626354,https://en.wikipedia.org/w/index.php?title=WWE_Raw&oldid=1368626354,CC-BY-SA-4.0,2026-08-25,untranslated,true
built-in-sports-games-clue-0381,built-in-sports-games,Sports and Games,built-in-sports-games-set-077,board,round-two,1,medium,traditional-sports,Sports & Games: Clever Potpourri,,Stimpmeter — A Stimpmeter measures the speed of what golf surface?,,A golf-course putting green,,Putting green;Golf putting green,,A Stimpmeter measures the speed of a golf-course putting green.,,Stimpmeter — Wikipedia permanent revision 1214230475,https://en.wikipedia.org/w/index.php?title=Stimpmeter&oldid=1214230475,CC-BY-SA-4.0,2026-08-25,untranslated,true
built-in-sports-games-clue-0387,built-in-sports-games,Sports and Games,built-in-sports-games-set-077,board,round-two,2,medium,traditional-sports,Sports & Games: Clever Potpourri,,Darts — Which governing body is associated with the event or competition in “Traditional Sports: Darts”?,,PDC,,,,PDC is a listed governing body.,,Darts — Wikipedia permanent revision 1368739057,https://en.wikipedia.org/w/index.php?title=Darts&oldid=1368739057,CC-BY-SA-4.0,2026-08-25,untranslated,true
built-in-sports-games-clue-0393,built-in-sports-games,Sports and Games,built-in-sports-games-set-077,board,round-two,3,medium,traditional-sports,Sports & Games: Clever Potpourri,,Super Bowl LI — Which stadium hosted Super Bowl LI?,,NRG Stadium,,,,NRG Stadium hosted Super Bowl LI.,,Super Bowl LI — Wikipedia permanent revision 1361729037,https://en.wikipedia.org/w/index.php?title=Super_Bowl_LI&oldid=1361729037,CC-BY-SA-4.0,2026-08-25,untranslated,true
built-in-sports-games-clue-0399,built-in-sports-games,Sports and Games,built-in-sports-games-set-077,board,round-two,4,medium,traditional-sports,Sports & Games: Clever Potpourri,,WWE Raw — Who created WWE Raw?,,Vince McMahon,,,,Vince McMahon is credited as the creator of WWE Raw.,,WWE Raw — Wikipedia permanent revision 1368626354,https://en.wikipedia.org/w/index.php?title=WWE_Raw&oldid=1368626354,CC-BY-SA-4.0,2026-08-25,untranslated,true
built-in-sports-games-clue-0405,built-in-sports-games,Sports and Games,built-in-sports-games-set-077,board,round-two,5,medium,traditional-sports,Sports & Games: Clever Potpourri,,Don Bradman — In which military branch did the person in “Traditional Sports: Don Bradman” serve?,,Royal Australian Air Force,,,,Royal Australian Air Force is the documented branch of service.,,Don Bradman — Wikipedia permanent revision 1369515497,https://en.wikipedia.org/w/index.php?title=Don_Bradman&oldid=1369515497,CC-BY-SA-4.0,2026-08-25,untranslated,true
built-in-sports-games-clue-0386,built-in-sports-games,Sports and Games,built-in-sports-games-set-078,board,round-two,1,medium,traditional-sports,Sports & Games: Clever Challenge,,Darts — At what round target are the small sharp-pointed projectiles thrown in the sport of darts?,,A dartboard,,Dartboard,,Darts players throw sharp-pointed projectiles at a round dartboard.,,Darts — Wikipedia permanent revision 1368739057,https://en.wikipedia.org/w/index.php?title=Darts&oldid=1368739057,CC-BY-SA-4.0,2026-08-25,untranslated,true
built-in-sports-games-clue-0392,built-in-sports-games,Sports and Games,built-in-sports-games-set-078,board,round-two,2,medium,traditional-sports,Sports & Games: Clever Challenge,,Super Bowl LI — Give the calendar date of the 2017 championship game labeled Super Bowl LI.,,"February 5, 2017",,,,"Super Bowl LI was played on February 5, 2017.",,Super Bowl LI — Wikipedia permanent revision 1361729037,https://en.wikipedia.org/w/index.php?title=Super_Bowl_LI&oldid=1361729037,CC-BY-SA-4.0,2026-08-25,untranslated,true
built-in-sports-games-clue-0398,built-in-sports-games,Sports and Games,built-in-sports-games-set-078,board,round-two,3,medium,traditional-sports,Sports & Games: Clever Challenge,,WWE Raw — What genre is WWE Raw?,,Professional wrestling,,,,WWE Raw is classified as Professional wrestling.,,WWE Raw — Wikipedia permanent revision 1368626354,https://en.wikipedia.org/w/index.php?title=WWE_Raw&oldid=1368626354,CC-BY-SA-4.0,2026-08-25,untranslated,true
built-in-sports-games-clue-0404,built-in-sports-games,Sports and Games,built-in-sports-games-set-078,board,round-two,4,medium,traditional-sports,Sports & Games: Clever Challenge,,Don Bradman — Where did the person in “Traditional Sports: Don Bradman” die?,,"Kensington Park, South Australia",,,,"The documented place of death is Kensington Park, South Australia.",,Don Bradman — Wikipedia permanent revision 1369515497,https://en.wikipedia.org/w/index.php?title=Don_Bradman&oldid=1369515497,CC-BY-SA-4.0,2026-08-25,untranslated,true
built-in-sports-games-clue-0410,built-in-sports-games,Sports and Games,built-in-sports-games-set-078,board,round-two,5,medium,traditional-sports,Sports & Games: Clever Challenge,,Duck (cricket) — Which future king made a score of nought that an 1866 newspaper compared with a duck’s egg?,,Edward VII,,,,The Prince of Wales who became Edward VII made that score.,,Duck (cricket) — Wikipedia permanent revision 1368836173,https://en.wikipedia.org/w/index.php?title=Duck_(cricket)&oldid=1368836173,CC-BY-SA-4.0,2026-08-25,untranslated,true
built-in-sports-games-clue-0391,built-in-sports-games,Sports and Games,built-in-sports-games-set-079,board,round-two,1,medium,traditional-sports,Sports & Games: Clever Quiz,,Super Bowl LI — Which team won Super Bowl LI?,,Patriots,,,,The New England Patriots won Super Bowl LI after overcoming a 28–3 deficit.,,Super Bowl LI — Wikipedia permanent revision 1361729037,https://en.wikipedia.org/w/index.php?title=Super_Bowl_LI&oldid=1361729037,CC-BY-SA-4.0,2026-08-25,untranslated,true
built-in-sports-games-clue-0397,built-in-sports-games,Sports and Games,built-in-sports-games-set-079,board,round-two,2,medium,traditional-sports,Sports & Games: Clever Quiz,,WWE Raw — Under what former title was the programme in “Traditional Sports: WWE Raw” also known?,,Raw is War (1997–2001),,,,Raw is War (1997–2001) is a former title.,,WWE Raw — Wikipedia permanent revision 1368626354,https://en.wikipedia.org/w/index.php?title=WWE_Raw&oldid=1368626354,CC-BY-SA-4.0,2026-08-25,untranslated,true
built-in-sports-games-clue-0403,built-in-sports-games,Sports and Games,built-in-sports-games-set-079,board,round-two,3,medium,traditional-sports,Sports & Games: Clever Quiz,,Don Bradman — To which country did the person in “Traditional Sports: Don Bradman” owe military allegiance?,,Australia,,,,Australia is the documented allegiance.,,Don Bradman — Wikipedia permanent revision 1369515497,https://en.wikipedia.org/w/index.php?title=Don_Bradman&oldid=1369515497,CC-BY-SA-4.0,2026-08-25,untranslated,true
built-in-sports-games-clue-0409,built-in-sports-games,Sports and Games,built-in-sports-games-set-079,board,round-two,4,medium,traditional-sports,Sports & Games: Clever Quiz,,Duck (cricket) — Which player can be dismissed for a duck?,,batter,,,,A batter dismissed for zero records a duck.,,Duck (cricket) — Wikipedia permanent revision 1368836173,https://en.wikipedia.org/w/index.php?title=Duck_(cricket)&oldid=1368836173,CC-BY-SA-4.0,2026-08-25,untranslated,true
built-in-sports-games-clue-0415,built-in-sports-games,Sports and Games,built-in-sports-games-set-079,board,round-two,5,medium,traditional-sports,Sports & Games: Clever Quiz,,Mario Kart 64 — Who produced the video game in “Racing After the Console Launch”?,,Shigeru Miyamoto,,,,Shigeru Miyamoto is the credited producer.,,Mario Kart 64 — Wikipedia permanent revision 1369476708,https://en.wikipedia.org/w/index.php?title=Mario_Kart_64&oldid=1369476708,CC-BY-SA-4.0,2026-08-25,untranslated,true
built-in-sports-games-clue-0396,built-in-sports-games,Sports and Games,built-in-sports-games-set-080,board,round-two,1,medium,traditional-sports,Sports & Games: Clever Odds & Ends,,WWE Raw — In what year did WWE Raw first air?,,1993,,,,WWE Raw first aired on 11 January 1993.,,WWE Raw — Wikipedia permanent revision 1368626354,https://en.wikipedia.org/w/index.php?title=WWE_Raw&oldid=1368626354,CC-BY-SA-4.0,2026-08-25,untranslated,true
built-in-sports-games-clue-0402,built-in-sports-games,Sports and Games,built-in-sports-games-set-080,board,round-two,2,medium,traditional-sports,Sports & Games: Clever Odds & Ends,,Don Bradman — In what year was the person in “Traditional Sports: Don Bradman” born?,,1908,,,,The subject was born in 1908.,,Don Bradman — Wikipedia permanent revision 1369515497,https://en.wikipedia.org/w/index.php?title=Don_Bradman&oldid=1369515497,CC-BY-SA-4.0,2026-08-25,untranslated,true
built-in-sports-games-clue-0408,built-in-sports-games,Sports and Games,built-in-sports-games-set-080,board,round-two,3,medium,traditional-sports,Sports & Games: Clever Odds & Ends,,Duck (cricket) — What kind of result does a duck record for the striker?,,dismissal,,,,A duck records a dismissal for zero.,,Duck (cricket) — Wikipedia permanent revision 1368836173,https://en.wikipedia.org/w/index.php?title=Duck_(cricket)&oldid=1368836173,CC-BY-SA-4.0,2026-08-25,untranslated,true
built-in-sports-games-clue-0414,built-in-sports-games,Sports and Games,built-in-sports-games-set-080,board,round-two,4,medium,traditional-sports,Sports & Games: Clever Odds & Ends,,Mario Kart 64 — Who directed the video game in “Racing After the Console Launch”?,,Hideki Konno,,,,Hideki Konno is the credited director.,,Mario Kart 64 — Wikipedia permanent revision 1369476708,https://en.wikipedia.org/w/index.php?title=Mario_Kart_64&oldid=1369476708,CC-BY-SA-4.0,2026-08-25,untranslated,true
built-in-sports-games-clue-0420,built-in-sports-games,Sports and Games,built-in-sports-games-set-080,board,round-two,5,medium,traditional-sports,Sports & Games: Clever Odds & Ends,,Yu-Gi-Oh! Trading Card Game — What release date is associated with the tabletop game in “Board and Card Games: Yu-Gi-Oh! Trading Card Game”?,,1999,,,,The subject was released on 1999.,,Yu-Gi-Oh! Trading Card Game — Wikipedia permanent revision 1369163958,https://en.wikipedia.org/w/index.php?title=Yu-Gi-Oh!_Trading_Card_Game&oldid=1369163958,CC-BY-SA-4.0,2026-08-25,untranslated,true
built-in-sports-games-clue-0401,built-in-sports-games,Sports and Games,built-in-sports-games-set-081,board,round-two,1,medium,traditional-sports,Sports & Games: Playful Mix,,Don Bradman — What was Sir Donald Bradman's batting average in test matches?,,99.94,,,,Donald Bradman finished his Test cricket career with a batting average of 99.94.,,Don Bradman — Wikipedia permanent revision 1369515497,https://en.wikipedia.org/w/index.php?title=Don_Bradman&oldid=1369515497,CC-BY-SA-4.0,2026-08-25,untranslated,true
built-in-sports-games-clue-0407,built-in-sports-games,Sports and Games,built-in-sports-games-set-081,board,round-two,2,medium,traditional-sports,Sports & Games: Playful Mix,,Duck (cricket) — In which sport can a score of zero be called a duck?,,cricket,,,,A duck is a term from cricket.,,Duck (cricket) — Wikipedia permanent revision 1368836173,https://en.wikipedia.org/w/index.php?title=Duck_(cricket)&oldid=1368836173,CC-BY-SA-4.0,2026-08-25,untranslated,true
built-in-sports-games-clue-0413,built-in-sports-games,Sports and Games,built-in-sports-games-set-081,board,round-two,3,medium,traditional-sports,Sports & Games: Playful Mix,,Mario Kart 64 — Which developer is credited for the video game in “Racing After the Console Launch”?,,Nintendo EAD,,,,Nintendo EAD is the credited developer.,,Mario Kart 64 — Wikipedia permanent revision 1369476708,https://en.wikipedia.org/w/index.php?title=Mario_Kart_64&oldid=1369476708,CC-BY-SA-4.0,2026-08-25,untranslated,true
built-in-sports-games-clue-0419,built-in-sports-games,Sports and Games,built-in-sports-games-set-081,board,round-two,4,medium,traditional-sports,Sports & Games: Playful Mix,,Yu-Gi-Oh! Trading Card Game — Name a publisher associated with the tabletop game in “Board and Card Games: Yu-Gi-Oh! Trading Card Game”.,,Konami,,Upper Deck;Daewon,,Konami is among the documented publishers.,,Yu-Gi-Oh! Trading Card Game — Wikipedia permanent revision 1369163958,https://en.wikipedia.org/w/index.php?title=Yu-Gi-Oh!_Trading_Card_Game&oldid=1369163958,CC-BY-SA-4.0,2026-08-25,untranslated,true
built-in-sports-games-clue-0340,built-in-sports-games,Sports and Games,built-in-sports-games-set-081,board,round-two,5,medium,traditional-sports,Sports & Games: Playful Mix,,1988 Formula One World Championship — Which driver took the 1988 Formula One world title for McLaren-Honda?,,Ayrton Senna,,,,Ayrton Senna won the 1988 drivers’ title for McLaren-Honda.,,1988 Formula One World Championship — Wikipedia permanent revision 1371162986,https://en.wikipedia.org/w/index.php?title=1988_Formula_One_World_Championship&oldid=1371162986,CC-BY-SA-4.0,2026-08-25,untranslated,true
built-in-sports-games-clue-0406,built-in-sports-games,Sports and Games,built-in-sports-games-set-082,board,round-two,1,medium,traditional-sports,Sports & Games: Playful Medley,,Duck (cricket) — What waterfowl term describes a score of zero?,,Duck,,,,A score of zero is called a duck.,,Duck (cricket) — Wikipedia permanent revision 1368836173,https://en.wikipedia.org/w/index.php?title=Duck_(cricket)&oldid=1368836173,CC-BY-SA-4.0,2026-08-25,untranslated,true
built-in-sports-games-clue-0412,built-in-sports-games,Sports and Games,built-in-sports-games-set-082,board,round-two,2,medium,traditional-sports,Sports & Games: Playful Medley,,"Mario Kart 64 — Which Nintendo 64 kart racer reached Japan in December 1996, after the console’s launch?",,Mario Kart 64,,,,"Mario Kart 64 was released in Japan on December 14, 1996, months after the Nintendo 64 launched.",,Mario Kart 64 — Wikipedia permanent revision 1369476708,https://en.wikipedia.org/w/index.php?title=Mario_Kart_64&oldid=1369476708,CC-BY-SA-4.0,2026-08-25,untranslated,true
built-in-sports-games-clue-0418,built-in-sports-games,Sports and Games,built-in-sports-games-set-082,board,round-two,3,medium,traditional-sports,Sports & Games: Playful Medley,,Yu-Gi-Oh! Trading Card Game — Name a variant of the game in “Board and Card Games: Yu-Gi-Oh! Trading Card Game”.,,Yu-Gi-Oh! Rush Duel,,,,Yu-Gi-Oh! Rush Duel is a named variant.,,Yu-Gi-Oh! Trading Card Game — Wikipedia permanent revision 1369163958,https://en.wikipedia.org/w/index.php?title=Yu-Gi-Oh!_Trading_Card_Game&oldid=1369163958,CC-BY-SA-4.0,2026-08-25,untranslated,true
built-in-sports-games-clue-0339,built-in-sports-games,Sports and Games,built-in-sports-games-set-082,board,round-two,4,medium,traditional-sports,Sports & Games: Playful Medley,,1988 Formula One World Championship — Which race stopped McLaren from sweeping every round of the 1988 Formula One season?,,Italian Grand Prix,,,,The Italian Grand Prix was the only 1988 race not won by a McLaren driver.,,1988 Formula One World Championship — Wikipedia permanent revision 1371162986,https://en.wikipedia.org/w/index.php?title=1988_Formula_One_World_Championship&oldid=1371162986,CC-BY-SA-4.0,2026-08-25,untranslated,true
built-in-sports-games-clue-0345,built-in-sports-games,Sports and Games,built-in-sports-games-set-082,board,round-two,5,medium,traditional-sports,Sports & Games: Playful Medley,,2017 24 Hours of Le Mans — At which circuit did the 2017 Le Mans endurance race run for 24 hours?,,Circuit de la Sarthe,,,,The race took place at the Circuit de la Sarthe.,,2017 24 Hours of Le Mans — Wikipedia permanent revision 1370960824,https://en.wikipedia.org/w/index.php?title=2017_24_Hours_of_Le_Mans&oldid=1370960824,CC-BY-SA-4.0,2026-08-25,untranslated,true
built-in-sports-games-clue-0411,built-in-sports-games,Sports and Games,built-in-sports-games-set-083,board,round-two,1,medium,motorsport,Sports & Games: Playful Tour,,Mario Kart 64 — Which publisher is associated with the video game in “Racing After the Console Launch”?,,Nintendo,,,,Nintendo is the documented publisher.,,Mario Kart 64 — Wikipedia permanent revision 1369476708,https://en.wikipedia.org/w/index.php?title=Mario_Kart_64&oldid=1369476708,CC-BY-SA-4.0,2026-08-25,untranslated,true
built-in-sports-games-clue-0417,built-in-sports-games,Sports and Games,built-in-sports-games-set-083,board,round-two,2,medium,motorsport,Sports & Games: Playful Tour,,Yu-Gi-Oh! Trading Card Game — Give an alternative name for the game in “Board and Card Games: Yu-Gi-Oh! Trading Card Game”.,,Yu-Gi-Oh! Official Card Game,,,,Yu-Gi-Oh! Official Card Game is an alternative name.,,Yu-Gi-Oh! Trading Card Game — Wikipedia permanent revision 1369163958,https://en.wikipedia.org/w/index.php?title=Yu-Gi-Oh!_Trading_Card_Game&oldid=1369163958,CC-BY-SA-4.0,2026-08-25,untranslated,true
built-in-sports-games-clue-0338,built-in-sports-games,Sports and Games,built-in-sports-games-set-083,board,round-two,3,medium,motorsport,Sports & Games: Playful Tour,,"1988 Formula One World Championship — Which constructor, partnered with Honda, won the 1988 Formula One title?",,McLaren,,,,McLaren-Honda won the 1988 constructors’ championship.,,1988 Formula One World Championship — Wikipedia permanent revision 1371162986,https://en.wikipedia.org/w/index.php?title=1988_Formula_One_World_Championship&oldid=1371162986,CC-BY-SA-4.0,2026-08-25,untranslated,true
built-in-sports-games-clue-0344,built-in-sports-games,Sports and Games,built-in-sports-games-set-083,board,round-two,4,medium,motorsport,Sports & Games: Playful Tour,,2017 24 Hours of Le Mans — What does the LMGTE class name expand to?,,Le Mans Grand Touring Endurance,,,,LMGTE stands for Le Mans Grand Touring Endurance.,,2017 24 Hours of Le Mans — Wikipedia permanent revision 1370960824,https://en.wikipedia.org/w/index.php?title=2017_24_Hours_of_Le_Mans&oldid=1370960824,CC-BY-SA-4.0,2026-08-25,untranslated,true
built-in-sports-games-clue-0350,built-in-sports-games,Sports and Games,built-in-sports-games-set-083,board,round-two,5,medium,motorsport,Sports & Games: Playful Tour,,Formula E — How many drivers are associated with the event or competition in “Motorsport: Formula E”?,,24,,,,24 was the drivers associated with this event or competition.,,Formula E — Wikipedia permanent revision 1370661756,https://en.wikipedia.org/w/index.php?title=Formula_E&oldid=1370661756,CC-BY-SA-4.0,2026-08-25,untranslated,true
built-in-sports-games-clue-0416,built-in-sports-games,Sports and Games,built-in-sports-games-set-084,board,round-two,1,medium,board-card-games,Sports & Games: Playful Grab Bag,,Yu-Gi-Oh! Trading Card Game — What type of Trap Card is Solemn Judgment?,,Counter Trap,,A Counter Trap,,Solemn Judgment is a Counter Trap that can negate another card’s activation.,,Yu-Gi-Oh! Trading Card Game — Wikipedia permanent revision 1369163958,https://en.wikipedia.org/w/index.php?title=Yu-Gi-Oh!_Trading_Card_Game&oldid=1369163958,CC-BY-SA-4.0,2026-08-25,untranslated,true
built-in-sports-games-clue-0337,built-in-sports-games,Sports and Games,built-in-sports-games-set-084,board,round-two,2,medium,board-card-games,Sports & Games: Playful Grab Bag,,1988 Formula One World Championship — Which governing-body initials open the official name of the 1988 Formula One season?,,FIA,,,,The official championship name begins with FIA.,,1988 Formula One World Championship — Wikipedia permanent revision 1371162986,https://en.wikipedia.org/w/index.php?title=1988_Formula_One_World_Championship&oldid=1371162986,CC-BY-SA-4.0,2026-08-25,untranslated,true
built-in-sports-games-clue-0343,built-in-sports-games,Sports and Games,built-in-sports-games-set-084,board,round-two,3,medium,board-card-games,Sports & Games: Playful Grab Bag,,"2017 24 Hours of Le Mans — Which prototype class, abbreviated LMP, competed at Le Mans in 2017?",,Le Mans Prototype,,,,Le Mans Prototype cars formed the LMP class.,,2017 24 Hours of Le Mans — Wikipedia permanent revision 1370960824,https://en.wikipedia.org/w/index.php?title=2017_24_Hours_of_Le_Mans&oldid=1370960824,CC-BY-SA-4.0,2026-08-25,untranslated,true
built-in-sports-games-clue-0349,built-in-sports-games,Sports and Games,built-in-sports-games-set-084,board,round-two,4,medium,board-card-games,Sports & Games: Playful Grab Bag,,Formula E — Which season inaugurated the competition in “Motorsport: Formula E”?,,2014–15,,,,2014–15 was the inaugural season.,,Formula E — Wikipedia permanent revision 1370661756,https://en.wikipedia.org/w/index.php?title=Formula_E&oldid=1370661756,CC-BY-SA-4.0,2026-08-25,untranslated,true
built-in-sports-games-clue-0355,built-in-sports-games,Sports and Games,built-in-sports-games-set-084,board,round-two,5,medium,board-card-games,Sports & Games: Playful Grab Bag,,2016 24 Hours of Le Mans — Where was the 2016 edition of the 24-hour Le Mans race held?,,Circuit de la Sarthe,,,,The event took place at the Circuit de la Sarthe.,,2016 24 Hours of Le Mans — Wikipedia permanent revision 1370960475,https://en.wikipedia.org/w/index.php?title=2016_24_Hours_of_Le_Mans&oldid=1370960475,CC-BY-SA-4.0,2026-08-25,untranslated,true
built-in-sports-games-clue-0421,built-in-sports-games,Sports and Games,built-in-sports-games-set-085,board,round-two,1,hard,video-game-history,Sports & Games: Playful Roundup,,Tom Clancy's The Division — What is the name of the virus that infected New York in Tom Clancy's The Division?,,Dollar Flu,,,,The smallpox-based outbreak in The Division is known as the Dollar Flu.,,Tom Clancy's The Division — Wikipedia permanent revision 1371181043,https://en.wikipedia.org/w/index.php?title=Tom_Clancy's_The_Division&oldid=1371181043,CC-BY-SA-4.0,2026-08-25,untranslated,true
built-in-sports-games-clue-0427,built-in-sports-games,Sports and Games,built-in-sports-games-set-085,board,round-two,2,hard,video-game-history,Sports & Games: Playful Roundup,,Half-Life (video game) — Which developer is credited for the video game in “Video Game History: Half-Life”?,,Valve,,,,Valve is the credited developer.,,Half-Life (video game) — Wikipedia permanent revision 1371171989,https://en.wikipedia.org/w/index.php?title=Half-Life_(video_game)&oldid=1371171989,CC-BY-SA-4.0,2026-08-25,untranslated,true
built-in-sports-games-clue-0433,built-in-sports-games,Sports and Games,built-in-sports-games-set-085,board,round-two,3,hard,video-game-history,Sports & Games: Playful Roundup,,Monopoly (game) — Name a publisher associated with the tabletop game in “Property Trading Game”.,,Hasbro,,Parker Brothers;Waddingtons;Funskool,,Hasbro is among the documented publishers.,,Monopoly (game) — Wikipedia permanent revision 1371172534,https://en.wikipedia.org/w/index.php?title=Monopoly_(game)&oldid=1371172534,CC-BY-SA-4.0,2026-08-25,untranslated,true
built-in-sports-games-clue-0439,built-in-sports-games,Sports and Games,built-in-sports-games-set-085,board,round-two,4,hard,video-game-history,Sports & Games: Playful Roundup,,Expected value — What repeated trials produce the long-run average interpreted as expected value?,,independent repetitions of the same random experiment,,,,Expected value describes the long-run average from independent repetitions of the same random experiment.,,Expected value — Wikipedia permanent revision 1367789743,https://en.wikipedia.org/w/index.php?title=Expected_value&oldid=1367789743,CC-BY-SA-4.0,2026-08-25,untranslated,true
built-in-sports-games-clue-0445,built-in-sports-games,Sports and Games,built-in-sports-games-set-085,board,round-two,5,hard,video-game-history,Sports & Games: Playful Roundup,,Kingdom Hearts — Which franchises supply the basis for “Video Game History: Kingdom Hearts”?,,Disney and Square Enix franchises,,,,Disney and Square Enix franchises supply the source franchises.,,Kingdom Hearts — Wikipedia permanent revision 1371051410,https://en.wikipedia.org/w/index.php?title=Kingdom_Hearts&oldid=1371051410,CC-BY-SA-4.0,2026-08-25,untranslated,true
built-in-sports-games-clue-0426,built-in-sports-games,Sports and Games,built-in-sports-games-set-086,board,round-two,1,hard,video-game-history,Sports & Games: Playful Sampler,,Half-Life (video game) — What catastrophic experiment at Black Mesa opens the events of Half-Life?,,The resonance cascade,,Resonance cascade,,A Black Mesa experiment triggers the resonance cascade that opens Half-Life.,,Half-Life (video game) — Wikipedia permanent revision 1371171989,https://en.wikipedia.org/w/index.php?title=Half-Life_(video_game)&oldid=1371171989,CC-BY-SA-4.0,2026-08-25,untranslated,true
built-in-sports-games-clue-0432,built-in-sports-games,Sports and Games,built-in-sports-games-set-086,board,round-two,2,hard,video-game-history,Sports & Games: Playful Sampler,,"Monopoly (game) — Which designer created The Landlord’s Game, the basis for Monopoly?",,Lizzie Magie,,,,"Lizzie Magie designed The Landlord’s Game, on which Monopoly was based.",,Monopoly (game) — Wikipedia permanent revision 1371172534,https://en.wikipedia.org/w/index.php?title=Monopoly_(game)&oldid=1371172534,CC-BY-SA-4.0,2026-08-25,untranslated,true
built-in-sports-games-clue-0438,built-in-sports-games,Sports and Games,built-in-sports-games-set-086,board,round-two,3,hard,video-game-history,Sports & Games: Playful Sampler,,Expected value — Expected value generalizes what kind of average?,,weighted average,,,,Expected value is a generalization of the weighted average.,,Expected value — Wikipedia permanent revision 1367789743,https://en.wikipedia.org/w/index.php?title=Expected_value&oldid=1367789743,CC-BY-SA-4.0,2026-08-25,untranslated,true
built-in-sports-games-clue-0444,built-in-sports-games,Sports and Games,built-in-sports-games-set-086,board,round-two,4,hard,video-game-history,Sports & Games: Playful Sampler,,Kingdom Hearts — In what year did the franchise in “Video Game History: Kingdom Hearts” begin?,,2002,,,,The franchise began in 2002.,,Kingdom Hearts — Wikipedia permanent revision 1371051410,https://en.wikipedia.org/w/index.php?title=Kingdom_Hearts&oldid=1371051410,CC-BY-SA-4.0,2026-08-25,untranslated,true
built-in-sports-games-clue-0450,built-in-sports-games,Sports and Games,built-in-sports-games-set-086,board,round-two,5,hard,video-game-history,Sports & Games: Playful Sampler,,Game Dev Tycoon — Name a platform associated with the video game in “Video Game History: Game Dev Tycoon”.,,Windows,,Windows RT;MacOS;Linux;IOS;Android;Nintendo Switch,,Windows is among the documented platforms.,,Game Dev Tycoon — Wikipedia permanent revision 1359600182,https://en.wikipedia.org/w/index.php?title=Game_Dev_Tycoon&oldid=1359600182,CC-BY-SA-4.0,2026-08-25,untranslated,true
built-in-sports-games-clue-0431,built-in-sports-games,Sports and Games,built-in-sports-games-set-087,board,round-two,1,hard,board-card-games,Sports & Games: Playful Potpourri,,Monopoly (game) — Which property-trading game challenges players to bankrupt their opponents?,,Monopoly,,Monopoly (game),,Monopoly centers on buying and trading properties while trying to bankrupt opponents.,,Monopoly (game) — Wikipedia permanent revision 1371172534,https://en.wikipedia.org/w/index.php?title=Monopoly_(game)&oldid=1371172534,CC-BY-SA-4.0,2026-08-25,untranslated,true
built-in-sports-games-clue-0437,built-in-sports-games,Sports and Games,built-in-sports-games-set-087,board,round-two,2,hard,board-card-games,Sports & Games: Playful Potpourri,,Expected value — In which branch of mathematics is expected value defined?,,probability theory,,,,Expected value is a concept in probability theory.,,Expected value — Wikipedia permanent revision 1367789743,https://en.wikipedia.org/w/index.php?title=Expected_value&oldid=1367789743,CC-BY-SA-4.0,2026-08-25,untranslated,true
built-in-sports-games-clue-0443,built-in-sports-games,Sports and Games,built-in-sports-games-set-087,board,round-two,3,hard,board-card-games,Sports & Games: Playful Potpourri,,Kingdom Hearts — Which company owns the Kingdom Hearts franchise?,,The Walt Disney Company,,,,The Walt Disney Company owns the Kingdom Hearts franchise.,,Kingdom Hearts — Wikipedia permanent revision 1371051410,https://en.wikipedia.org/w/index.php?title=Kingdom_Hearts&oldid=1371051410,CC-BY-SA-4.0,2026-08-25,untranslated,true
built-in-sports-games-clue-0449,built-in-sports-games,Sports and Games,built-in-sports-games-set-087,board,round-two,4,hard,board-card-games,Sports & Games: Playful Potpourri,,Game Dev Tycoon — Which game engine is associated with the video game in “Video Game History: Game Dev Tycoon”?,,NW.js,,,,The featured game uses NW.js.,,Game Dev Tycoon — Wikipedia permanent revision 1359600182,https://en.wikipedia.org/w/index.php?title=Game_Dev_Tycoon&oldid=1359600182,CC-BY-SA-4.0,2026-08-25,untranslated,true
built-in-sports-games-clue-0455,built-in-sports-games,Sports and Games,built-in-sports-games-set-087,board,round-two,5,hard,board-card-games,Sports & Games: Playful Potpourri,,Phoenix Wright: Ace Attorney – Trials and Tribulations — Who produced the video game in “Video Game History: Phoenix Wright: Ace Attorney – Trials and Tribulations”?,,Atsushi Inaba,,,,Atsushi Inaba is the credited producer.,,Phoenix Wright: Ace Attorney – Trials and Tribulations — Wikipedia permanent revision 1358959639,https://en.wikipedia.org/w/index.php?title=Phoenix_Wright%3A_Ace_Attorney_%E2%80%93_Trials_and_Tribulations&oldid=1358959639,CC-BY-SA-4.0,2026-08-25,untranslated,true
built-in-sports-games-clue-0436,built-in-sports-games,Sports and Games,built-in-sports-games-set-088,board,round-two,1,hard,board-card-games,Sports & Games: Playful Challenge,,"Expected value — In poker, ""EV"" means what?",,Expected Value,,,,"In poker, EV abbreviates expected value.",,Expected value — Wikipedia permanent revision 1367789743,https://en.wikipedia.org/w/index.php?title=Expected_value&oldid=1367789743,CC-BY-SA-4.0,2026-08-25,untranslated,true
built-in-sports-games-clue-0442,built-in-sports-games,Sports and Games,built-in-sports-games-set-088,board,round-two,2,hard,board-card-games,Sports & Games: Playful Challenge,,Kingdom Hearts — Who created the video game in “Video Game History: Kingdom Hearts”?,,Tetsuya Nomura,,,,Tetsuya Nomura is the credited creator.,,Kingdom Hearts — Wikipedia permanent revision 1371051410,https://en.wikipedia.org/w/index.php?title=Kingdom_Hearts&oldid=1371051410,CC-BY-SA-4.0,2026-08-25,untranslated,true
built-in-sports-games-clue-0448,built-in-sports-games,Sports and Games,built-in-sports-games-set-088,board,round-two,3,hard,board-card-games,Sports & Games: Playful Challenge,,Game Dev Tycoon — Name a composer credited for the video game in “Video Game History: Game Dev Tycoon”.,,Alexander Lisenkov,,,,Alexander Lisenkov is among the composers.,,Game Dev Tycoon — Wikipedia permanent revision 1359600182,https://en.wikipedia.org/w/index.php?title=Game_Dev_Tycoon&oldid=1359600182,CC-BY-SA-4.0,2026-08-25,untranslated,true
built-in-sports-games-clue-0454,built-in-sports-games,Sports and Games,built-in-sports-games-set-088,board,round-two,4,hard,board-card-games,Sports & Games: Playful Challenge,,Phoenix Wright: Ace Attorney – Trials and Tribulations — Was Trials and Tribulations originally intended to conclude the first Ace Attorney trilogy?,,True,,,,Shu Takumi originally intended Trials and Tribulations to conclude the first Ace Attorney trilogy.,,Phoenix Wright: Ace Attorney – Trials and Tribulations — Wikipedia permanent revision 1358959639,https://en.wikipedia.org/w/index.php?title=Phoenix_Wright%3A_Ace_Attorney_%E2%80%93_Trials_and_Tribulations&oldid=1358959639,CC-BY-SA-4.0,2026-08-25,untranslated,true
built-in-sports-games-clue-0460,built-in-sports-games,Sports and Games,built-in-sports-games-set-088,board,round-two,5,hard,board-card-games,Sports & Games: Playful Challenge,,Monster Hunter Generations — Who composed music for the video game in “Video Game History: Monster Hunter Generations”?,,Reo Uratani,,,,Reo Uratani holds the music credit.,,Monster Hunter Generations — Wikipedia permanent revision 1369505255,https://en.wikipedia.org/w/index.php?title=Monster_Hunter_Generations&oldid=1369505255,CC-BY-SA-4.0,2026-08-25,untranslated,true
built-in-sports-games-clue-0441,built-in-sports-games,Sports and Games,built-in-sports-games-set-089,board,round-two,1,hard,video-game-history,Sports & Games: Playful Quiz,,Kingdom Hearts — What broad video-game genre describes the Kingdom Hearts series?,,Action role-playing game,,Action RPG;Action role-playing,,Kingdom Hearts is an action role-playing game series.,,Kingdom Hearts — Wikipedia permanent revision 1371051410,https://en.wikipedia.org/w/index.php?title=Kingdom_Hearts&oldid=1371051410,CC-BY-SA-4.0,2026-08-25,untranslated,true
built-in-sports-games-clue-0447,built-in-sports-games,Sports and Games,built-in-sports-games-set-089,board,round-two,2,hard,video-game-history,Sports & Games: Playful Quiz,,Game Dev Tycoon — Name a designer credited for the video game in “Video Game History: Game Dev Tycoon”.,,Patrick Klug,,,,Patrick Klug appears among the designers.,,Game Dev Tycoon — Wikipedia permanent revision 1359600182,https://en.wikipedia.org/w/index.php?title=Game_Dev_Tycoon&oldid=1359600182,CC-BY-SA-4.0,2026-08-25,untranslated,true
built-in-sports-games-clue-0453,built-in-sports-games,Sports and Games,built-in-sports-games-set-089,board,round-two,3,hard,video-game-history,Sports & Games: Playful Quiz,,Phoenix Wright: Ace Attorney – Trials and Tribulations — Who directed the video game in “Video Game History: Phoenix Wright: Ace Attorney – Trials and Tribulations”?,,Shu Takumi,,,,Shu Takumi is the credited director.,,Phoenix Wright: Ace Attorney – Trials and Tribulations — Wikipedia permanent revision 1358959639,https://en.wikipedia.org/w/index.php?title=Phoenix_Wright%3A_Ace_Attorney_%E2%80%93_Trials_and_Tribulations&oldid=1358959639,CC-BY-SA-4.0,2026-08-25,untranslated,true
built-in-sports-games-clue-0459,built-in-sports-games,Sports and Games,built-in-sports-games-set-089,board,round-two,4,hard,video-game-history,Sports & Games: Playful Quiz,,Monster Hunter Generations — Name a producer credited for the video game in “Video Game History: Monster Hunter Generations”.,,Shintaro Kojima,,,,Shintaro Kojima is among the producers.,,Monster Hunter Generations — Wikipedia permanent revision 1369505255,https://en.wikipedia.org/w/index.php?title=Monster_Hunter_Generations&oldid=1369505255,CC-BY-SA-4.0,2026-08-25,untranslated,true
built-in-sports-games-clue-0465,built-in-sports-games,Sports and Games,built-in-sports-games-set-089,board,round-two,5,hard,video-game-history,Sports & Games: Playful Quiz,,Agent 47 — Who portrays the character in “Video Game History: Agent 47”?,,Timothy Olyphant,,,,Timothy Olyphant is the credited performer.,,Agent 47 — Wikipedia permanent revision 1364808895,https://en.wikipedia.org/w/index.php?title=Agent_47&oldid=1364808895,CC-BY-SA-4.0,2026-08-25,untranslated,true
built-in-sports-games-clue-0446,built-in-sports-games,Sports and Games,built-in-sports-games-set-090,board,round-two,1,hard,video-game-history,Sports & Games: Playful Odds & Ends,,Game Dev Tycoon — Which company developed and published Game Dev Tycoon?,,Greenheart Games,,,,Greenheart Games developed and published Game Dev Tycoon.,,Game Dev Tycoon — Wikipedia permanent revision 1359600182,https://en.wikipedia.org/w/index.php?title=Game_Dev_Tycoon&oldid=1359600182,CC-BY-SA-4.0,2026-08-25,untranslated,true
built-in-sports-games-clue-0452,built-in-sports-games,Sports and Games,built-in-sports-games-set-090,board,round-two,2,hard,video-game-history,Sports & Games: Playful Odds & Ends,,Phoenix Wright: Ace Attorney – Trials and Tribulations — Which developer is credited for the video game in “Video Game History: Phoenix Wright: Ace Attorney – Trials and Tribulations”?,,Capcom Production Studio 4,,,,Capcom Production Studio 4 is the credited developer.,,Phoenix Wright: Ace Attorney – Trials and Tribulations — Wikipedia permanent revision 1358959639,https://en.wikipedia.org/w/index.php?title=Phoenix_Wright%3A_Ace_Attorney_%E2%80%93_Trials_and_Tribulations&oldid=1358959639,CC-BY-SA-4.0,2026-08-25,untranslated,true
built-in-sports-games-clue-0458,built-in-sports-games,Sports and Games,built-in-sports-games-set-090,board,round-two,3,hard,video-game-history,Sports & Games: Playful Odds & Ends,,Monster Hunter Generations — Name a director credited for the video game in “Video Game History: Monster Hunter Generations”.,,Yasunori Ichinose,,,,Yasunori Ichinose is among the directors.,,Monster Hunter Generations — Wikipedia permanent revision 1369505255,https://en.wikipedia.org/w/index.php?title=Monster_Hunter_Generations&oldid=1369505255,CC-BY-SA-4.0,2026-08-25,untranslated,true
built-in-sports-games-clue-0464,built-in-sports-games,Sports and Games,built-in-sports-games-set-090,board,round-two,4,hard,video-game-history,Sports & Games: Playful Odds & Ends,,Agent 47 — Who voices the character in “Video Game History: Agent 47”?,,David Bateson,,,,David Bateson is the credited voice performer.,,Agent 47 — Wikipedia permanent revision 1364808895,https://en.wikipedia.org/w/index.php?title=Agent_47&oldid=1364808895,CC-BY-SA-4.0,2026-08-25,untranslated,true
built-in-sports-games-clue-0470,built-in-sports-games,Sports and Games,built-in-sports-games-set-090,board,round-two,5,hard,video-game-history,Sports & Games: Playful Odds & Ends,,"PlanetSide — As of 2026, which title was the latest listed release in the PlanetSide series?",,PlanetSide Arena,,,,"As of 2026, PlanetSide Arena was the latest listed release.",,PlanetSide — Wikipedia permanent revision 1271422234,https://en.wikipedia.org/w/index.php?title=PlanetSide&oldid=1271422234,CC-BY-SA-4.0,2026-08-25,untranslated,true
built-in-sports-games-clue-0451,built-in-sports-games,Sports and Games,built-in-sports-games-set-091,board,round-two,1,hard,video-game-history,Sports & Games: Mixed Mix,,Phoenix Wright: Ace Attorney – Trials and Tribulations — Which publisher is associated with the video game in “Video Game History: Phoenix Wright: Ace Attorney – Trials and Tribulations”?,,Capcom,,,,Capcom is the documented publisher.,,Phoenix Wright: Ace Attorney – Trials and Tribulations — Wikipedia permanent revision 1358959639,https://en.wikipedia.org/w/index.php?title=Phoenix_Wright%3A_Ace_Attorney_%E2%80%93_Trials_and_Tribulations&oldid=1358959639,CC-BY-SA-4.0,2026-08-25,untranslated,true
built-in-sports-games-clue-0457,built-in-sports-games,Sports and Games,built-in-sports-games-set-091,board,round-two,2,hard,video-game-history,Sports & Games: Mixed Mix,,Monster Hunter Generations — Which developer is credited for the video game in “Video Game History: Monster Hunter Generations”?,,Capcom,,,,Capcom is the credited developer.,,Monster Hunter Generations — Wikipedia permanent revision 1369505255,https://en.wikipedia.org/w/index.php?title=Monster_Hunter_Generations&oldid=1369505255,CC-BY-SA-4.0,2026-08-25,untranslated,true
built-in-sports-games-clue-0463,built-in-sports-games,Sports and Games,built-in-sports-games-set-091,board,round-two,3,hard,video-game-history,Sports & Games: Mixed Mix,,Agent 47 — Who designed the character in “Video Game History: Agent 47”?,,Jacob Andersen,,,,Jacob Andersen is the credited designer.,,Agent 47 — Wikipedia permanent revision 1364808895,https://en.wikipedia.org/w/index.php?title=Agent_47&oldid=1364808895,CC-BY-SA-4.0,2026-08-25,untranslated,true
built-in-sports-games-clue-0469,built-in-sports-games,Sports and Games,built-in-sports-games-set-091,board,round-two,4,hard,video-game-history,Sports & Games: Mixed Mix,,PlanetSide — Which publisher is associated with the video game in “Video Game History: PlanetSide”?,,Daybreak Game Company,,,,Daybreak Game Company is the documented publisher.,,PlanetSide — Wikipedia permanent revision 1271422234,https://en.wikipedia.org/w/index.php?title=PlanetSide&oldid=1271422234,CC-BY-SA-4.0,2026-08-25,untranslated,true
built-in-sports-games-clue-0475,built-in-sports-games,Sports and Games,built-in-sports-games-set-091,board,round-two,5,hard,video-game-history,Sports & Games: Mixed Mix,,The Game of Life — Name a genre associated with the tabletop game in “From Checkered Squares”.,,Board game,,,,Board game is among the documented genres.,,The Game of Life — Wikipedia permanent revision 1371086235,https://en.wikipedia.org/w/index.php?title=The_Game_of_Life&oldid=1371086235,CC-BY-SA-4.0,2026-08-25,untranslated,true
built-in-sports-games-clue-0456,built-in-sports-games,Sports and Games,built-in-sports-games-set-092,board,round-two,1,hard,video-game-history,Sports & Games: Mixed Medley,,"Monster Hunter Generations — Which monster is named with Gammoth, Mizutsune, and Glavenus as one of this game’s four flagship monsters?",,Astalos,,,,Astalos is one of Monster Hunter Generations’ four flagship monsters.,,Monster Hunter Generations — Wikipedia permanent revision 1369505255,https://en.wikipedia.org/w/index.php?title=Monster_Hunter_Generations&oldid=1369505255,CC-BY-SA-4.0,2026-08-25,untranslated,true
built-in-sports-games-clue-0462,built-in-sports-games,Sports and Games,built-in-sports-games-set-092,board,round-two,2,hard,video-game-history,Sports & Games: Mixed Medley,,Agent 47 — Where did the character in “Video Game History: Agent 47” first appear?,,Hitman: Codename 47,,,,The subject first appeared in Hitman: Codename 47.,,Agent 47 — Wikipedia permanent revision 1364808895,https://en.wikipedia.org/w/index.php?title=Agent_47&oldid=1364808895,CC-BY-SA-4.0,2026-08-25,untranslated,true
built-in-sports-games-clue-0468,built-in-sports-games,Sports and Games,built-in-sports-games-set-092,board,round-two,3,hard,video-game-history,Sports & Games: Mixed Medley,,PlanetSide — Which developer is credited for the video game in “Video Game History: PlanetSide”?,,Rogue Planet Games,,,,Rogue Planet Games is the credited developer.,,PlanetSide — Wikipedia permanent revision 1271422234,https://en.wikipedia.org/w/index.php?title=PlanetSide&oldid=1271422234,CC-BY-SA-4.0,2026-08-25,untranslated,true
built-in-sports-games-clue-0474,built-in-sports-games,Sports and Games,built-in-sports-games-set-092,board,round-two,4,hard,video-game-history,Sports & Games: Mixed Medley,,The Game of Life — When was the tabletop game in “From Checkered Squares” first published?,,1860,,,,It was published in 1860.,,The Game of Life — Wikipedia permanent revision 1371086235,https://en.wikipedia.org/w/index.php?title=The_Game_of_Life&oldid=1371086235,CC-BY-SA-4.0,2026-08-25,untranslated,true
built-in-sports-games-clue-0480,built-in-sports-games,Sports and Games,built-in-sports-games-set-092,board,round-two,5,hard,video-game-history,Sports & Games: Mixed Medley,,Counter-Strike 2 — Name a platform associated with the video game in “A Tactical Shooter Engine”.,,Windows,,Linux,,Windows is among the documented platforms.,,Counter-Strike 2 — Wikipedia permanent revision 1366887183,https://en.wikipedia.org/w/index.php?title=Counter-Strike_2&oldid=1366887183,CC-BY-SA-4.0,2026-08-25,untranslated,true
built-in-sports-games-clue-0461,built-in-sports-games,Sports and Games,built-in-sports-games-set-093,board,round-two,1,hard,video-game-history,Sports & Games: Mixed Tour,,Agent 47 — Which studio created and developed Agent 47 for the Hitman franchise?,,IO Interactive,,IOI,,IO Interactive created and developed Agent 47 for the Hitman franchise.,,Agent 47 — Wikipedia permanent revision 1364808895,https://en.wikipedia.org/w/index.php?title=Agent_47&oldid=1364808895,CC-BY-SA-4.0,2026-08-25,untranslated,true
built-in-sports-games-clue-0467,built-in-sports-games,Sports and Games,built-in-sports-games-set-093,board,round-two,2,hard,video-game-history,Sports & Games: Mixed Tour,,PlanetSide — Which genre is associated with the video game in “Video Game History: PlanetSide”?,,Massively multiplayer online first-person shooter,,,,The subject is classified as Massively multiplayer online first-person shooter.,,PlanetSide — Wikipedia permanent revision 1271422234,https://en.wikipedia.org/w/index.php?title=PlanetSide&oldid=1271422234,CC-BY-SA-4.0,2026-08-25,untranslated,true
built-in-sports-games-clue-0473,built-in-sports-games,Sports and Games,built-in-sports-games-set-093,board,round-two,3,hard,video-game-history,Sports & Games: Mixed Tour,,The Game of Life — Name a publisher associated with the tabletop game in “From Checkered Squares”.,,Milton Bradley,,Hasbro,,Milton Bradley is among the documented publishers.,,The Game of Life — Wikipedia permanent revision 1371086235,https://en.wikipedia.org/w/index.php?title=The_Game_of_Life&oldid=1371086235,CC-BY-SA-4.0,2026-08-25,untranslated,true
built-in-sports-games-clue-0479,built-in-sports-games,Sports and Games,built-in-sports-games-set-093,board,round-two,4,hard,video-game-history,Sports & Games: Mixed Tour,,Counter-Strike 2 — Which game engine replaced Source for Counter-Strike 2?,,Source 2,,,,Counter-Strike 2 replaced the Source engine with Source 2.,,Counter-Strike 2 — Wikipedia permanent revision 1366887183,https://en.wikipedia.org/w/index.php?title=Counter-Strike_2&oldid=1366887183,CC-BY-SA-4.0,2026-08-25,untranslated,true
built-in-sports-games-clue-0485,built-in-sports-games,Sports and Games,built-in-sports-games-set-093,board,round-two,5,hard,video-game-history,Sports & Games: Mixed Tour,,Pokémon Go — Who produced the video game in “Video Game History: Pokémon Go”?,,Steve Wang,,,,Steve Wang is the credited producer.,,Pokémon Go — Wikipedia permanent revision 1370558355,https://en.wikipedia.org/w/index.php?title=Pok%C3%A9mon_Go&oldid=1370558355,CC-BY-SA-4.0,2026-08-25,untranslated,true
built-in-sports-games-clue-0466,built-in-sports-games,Sports and Games,built-in-sports-games-set-094,board,round-two,1,hard,video-game-history,Sports & Games: Mixed Grab Bag,,PlanetSide — On what date was PlanetSide released for Windows in North America?,,"May 20, 2003",,,,"PlanetSide was released for Microsoft Windows on May 20, 2003.",,PlanetSide — Wikipedia permanent revision 1271422234,https://en.wikipedia.org/w/index.php?title=PlanetSide&oldid=1271422234,CC-BY-SA-4.0,2026-08-25,untranslated,true
built-in-sports-games-clue-0472,built-in-sports-games,Sports and Games,built-in-sports-games-set-094,board,round-two,2,hard,video-game-history,Sports & Games: Mixed Grab Bag,,The Game of Life — Name a designer credited for the tabletop game in “From Checkered Squares”.,,Reuben Klamer,,,,Reuben Klamer appears among the designers.,,The Game of Life — Wikipedia permanent revision 1371086235,https://en.wikipedia.org/w/index.php?title=The_Game_of_Life&oldid=1371086235,CC-BY-SA-4.0,2026-08-25,untranslated,true
built-in-sports-games-clue-0478,built-in-sports-games,Sports and Games,built-in-sports-games-set-094,board,round-two,3,hard,video-game-history,Sports & Games: Mixed Grab Bag,,Counter-Strike 2 — Which series includes the video game in “A Tactical Shooter Engine”?,,Counter-Strike,,,,The featured game belongs to the Counter-Strike series.,,Counter-Strike 2 — Wikipedia permanent revision 1366887183,https://en.wikipedia.org/w/index.php?title=Counter-Strike_2&oldid=1366887183,CC-BY-SA-4.0,2026-08-25,untranslated,true
built-in-sports-games-clue-0484,built-in-sports-games,Sports and Games,built-in-sports-games-set-094,board,round-two,4,hard,video-game-history,Sports & Games: Mixed Grab Bag,,Pokémon Go — Who directed the video game in “Video Game History: Pokémon Go”?,,Tatsuo Nomura,,,,Tatsuo Nomura is the credited director.,,Pokémon Go — Wikipedia permanent revision 1370558355,https://en.wikipedia.org/w/index.php?title=Pok%C3%A9mon_Go&oldid=1370558355,CC-BY-SA-4.0,2026-08-25,untranslated,true
built-in-sports-games-clue-0490,built-in-sports-games,Sports and Games,built-in-sports-games-set-094,board,round-two,5,hard,video-game-history,Sports & Games: Mixed Grab Bag,,Dr. Mario — Who programmed the video game in “A Physician in the Mushroom Kingdom”?,,Takahiro Harada,,,,Takahiro Harada is the credited programmer.,,Dr. Mario — Wikipedia permanent revision 1371224862,https://en.wikipedia.org/w/index.php?title=Dr._Mario&oldid=1371224862,CC-BY-SA-4.0,2026-08-25,untranslated,true
built-in-sports-games-clue-0471,built-in-sports-games,Sports and Games,built-in-sports-games-set-095,board,round-two,1,hard,board-card-games,Sports & Games: Mixed Roundup,,The Game of Life — Which life-journey game descends from Milton Bradley’s The Checkered Game of Life?,,The Game of Life,,,,The Game of Life descends from Milton Bradley’s The Checkered Game of Life.,,The Game of Life — Wikipedia permanent revision 1371086235,https://en.wikipedia.org/w/index.php?title=The_Game_of_Life&oldid=1371086235,CC-BY-SA-4.0,2026-08-25,untranslated,true
built-in-sports-games-clue-0477,built-in-sports-games,Sports and Games,built-in-sports-games-set-095,board,round-two,2,hard,board-card-games,Sports & Games: Mixed Roundup,,Counter-Strike 2 — Who composed music for the video game in “A Tactical Shooter Engine”?,,Mike Morasky,,,,Mike Morasky holds the music credit.,,Counter-Strike 2 — Wikipedia permanent revision 1366887183,https://en.wikipedia.org/w/index.php?title=Counter-Strike_2&oldid=1366887183,CC-BY-SA-4.0,2026-08-25,untranslated,true
built-in-sports-games-clue-0483,built-in-sports-games,Sports and Games,built-in-sports-games-set-095,board,round-two,3,hard,board-card-games,Sports & Games: Mixed Roundup,,Pokémon Go — Name a publisher associated with the video game in “Video Game History: Pokémon Go”.,,Scopely,,,,Scopely is among the documented publishers.,,Pokémon Go — Wikipedia permanent revision 1370558355,https://en.wikipedia.org/w/index.php?title=Pok%C3%A9mon_Go&oldid=1370558355,CC-BY-SA-4.0,2026-08-25,untranslated,true
built-in-sports-games-clue-0489,built-in-sports-games,Sports and Games,built-in-sports-games-set-095,board,round-two,4,hard,board-card-games,Sports & Games: Mixed Roundup,,Dr. Mario — Who produced the video game in “A Physician in the Mushroom Kingdom”?,,Gunpei Yokoi,,,,Gunpei Yokoi is the credited producer.,,Dr. Mario — Wikipedia permanent revision 1371224862,https://en.wikipedia.org/w/index.php?title=Dr._Mario&oldid=1371224862,CC-BY-SA-4.0,2026-08-25,untranslated,true
built-in-sports-games-clue-0495,built-in-sports-games,Sports and Games,built-in-sports-games-set-095,board,round-two,5,hard,board-card-games,Sports & Games: Mixed Roundup,,Sonic the Hedgehog 2 — Who produced the video game in “Video Game History: Sonic the Hedgehog 2”?,,Shinobu Toyoda,,,,Shinobu Toyoda is the credited producer.,,Sonic the Hedgehog 2 — Wikipedia permanent revision 1370556710,https://en.wikipedia.org/w/index.php?title=Sonic_the_Hedgehog_2&oldid=1370556710,CC-BY-SA-4.0,2026-08-25,untranslated,true
built-in-sports-games-clue-0476,built-in-sports-games,Sports and Games,built-in-sports-games-set-096,board,round-two,1,hard,video-game-history,Sports & Games: Mixed Sampler,,Counter-Strike 2 — Which developer is credited for the video game in “A Tactical Shooter Engine”?,,Valve,,,,Valve is the credited developer.,,Counter-Strike 2 — Wikipedia permanent revision 1366887183,https://en.wikipedia.org/w/index.php?title=Counter-Strike_2&oldid=1366887183,CC-BY-SA-4.0,2026-08-25,untranslated,true
built-in-sports-games-clue-0482,built-in-sports-games,Sports and Games,built-in-sports-games-set-096,board,round-two,2,hard,video-game-history,Sports & Games: Mixed Sampler,,Pokémon Go — Name a developer credited for the video game in “Video Game History: Pokémon Go”.,,Niantic,,Scopely Explore,,Niantic is credited as a developer.,,Pokémon Go — Wikipedia permanent revision 1370558355,https://en.wikipedia.org/w/index.php?title=Pok%C3%A9mon_Go&oldid=1370558355,CC-BY-SA-4.0,2026-08-25,untranslated,true
built-in-sports-games-clue-0488,built-in-sports-games,Sports and Games,built-in-sports-games-set-096,board,round-two,3,hard,video-game-history,Sports & Games: Mixed Sampler,,Dr. Mario — Which developer is credited for the video game in “A Physician in the Mushroom Kingdom”?,,Nintendo R&D1,,,,Nintendo R&D1 is the credited developer.,,Dr. Mario — Wikipedia permanent revision 1371224862,https://en.wikipedia.org/w/index.php?title=Dr._Mario&oldid=1371224862,CC-BY-SA-4.0,2026-08-25,untranslated,true
built-in-sports-games-clue-0494,built-in-sports-games,Sports and Games,built-in-sports-games-set-096,board,round-two,4,hard,video-game-history,Sports & Games: Mixed Sampler,,Sonic the Hedgehog 2 — Who directed the video game in “Video Game History: Sonic the Hedgehog 2”?,,Masaharu Yoshii,,,,Masaharu Yoshii is the credited director.,,Sonic the Hedgehog 2 — Wikipedia permanent revision 1370556710,https://en.wikipedia.org/w/index.php?title=Sonic_the_Hedgehog_2&oldid=1370556710,CC-BY-SA-4.0,2026-08-25,untranslated,true
built-in-sports-games-clue-0500,built-in-sports-games,Sports and Games,built-in-sports-games-set-096,board,round-two,5,hard,video-game-history,Sports & Games: Mixed Sampler,,Tony Hawk's Pro Skater — Name a designer credited for the video game in “Video Game History: Tony Hawk's Pro Skater”.,,Aaron Cammarata,,,,Aaron Cammarata appears among the designers.,,Tony Hawk's Pro Skater — Wikipedia permanent revision 1370146166,https://en.wikipedia.org/w/index.php?title=Tony_Hawk's_Pro_Skater&oldid=1370146166,CC-BY-SA-4.0,2026-08-25,untranslated,true
built-in-sports-games-clue-0481,built-in-sports-games,Sports and Games,built-in-sports-games-set-097,board,round-two,1,hard,video-game-history,Sports & Games: Mixed Potpourri,,Pokémon Go — Who is the leader of Team Instinct in Pokémon Go?,,Spark,,,,Spark leads Team Instinct in Pokémon Go.,,Pokémon Go — Wikipedia permanent revision 1370558355,https://en.wikipedia.org/w/index.php?title=Pok%C3%A9mon_Go&oldid=1370558355,CC-BY-SA-4.0,2026-08-25,untranslated,true
built-in-sports-games-clue-0487,built-in-sports-games,Sports and Games,built-in-sports-games-set-097,board,round-two,2,hard,video-game-history,Sports & Games: Mixed Potpourri,,Dr. Mario — Which publisher is associated with the video game in “A Physician in the Mushroom Kingdom”?,,Nintendo,,,,Nintendo is the documented publisher.,,Dr. Mario — Wikipedia permanent revision 1371224862,https://en.wikipedia.org/w/index.php?title=Dr._Mario&oldid=1371224862,CC-BY-SA-4.0,2026-08-25,untranslated,true
built-in-sports-games-clue-0493,built-in-sports-games,Sports and Games,built-in-sports-games-set-097,board,round-two,3,hard,video-game-history,Sports & Games: Mixed Potpourri,,Sonic the Hedgehog 2 — Which developer is credited for the video game in “Video Game History: Sonic the Hedgehog 2”?,,Sega Technical Institute,,,,Sega Technical Institute is the credited developer.,,Sonic the Hedgehog 2 — Wikipedia permanent revision 1370556710,https://en.wikipedia.org/w/index.php?title=Sonic_the_Hedgehog_2&oldid=1370556710,CC-BY-SA-4.0,2026-08-25,untranslated,true
built-in-sports-games-clue-0499,built-in-sports-games,Sports and Games,built-in-sports-games-set-097,board,round-two,4,hard,video-game-history,Sports & Games: Mixed Potpourri,,Tony Hawk's Pro Skater — Name a producer credited for the video game in “Video Game History: Tony Hawk's Pro Skater”.,,Jason Uyeda,,,,Jason Uyeda is among the producers.,,Tony Hawk's Pro Skater — Wikipedia permanent revision 1370146166,https://en.wikipedia.org/w/index.php?title=Tony_Hawk's_Pro_Skater&oldid=1370146166,CC-BY-SA-4.0,2026-08-25,untranslated,true
built-in-sports-games-clue-0425,built-in-sports-games,Sports and Games,built-in-sports-games-set-097,board,round-two,5,hard,video-game-history,Sports & Games: Mixed Potpourri,,Tom Clancy's The Division — Who produced the video game in “Video Game History: Tom Clancy's The Division”?,,Petter Sydow,,,,Petter Sydow is the credited producer.,,Tom Clancy's The Division — Wikipedia permanent revision 1371181043,https://en.wikipedia.org/w/index.php?title=Tom_Clancy's_The_Division&oldid=1371181043,CC-BY-SA-4.0,2026-08-25,untranslated,true
built-in-sports-games-clue-0486,built-in-sports-games,Sports and Games,built-in-sports-games-set-098,board,round-two,1,hard,video-game-history,Sports & Games: Mixed Challenge,,Dr. Mario — Which doctor-themed Mario alter ego appears as a playable Super Smash Bros. character?,,Dr. Mario,,Doctor Mario,,Dr. Mario is a playable character in the Super Smash Bros. series.,,Dr. Mario — Wikipedia permanent revision 1371224862,https://en.wikipedia.org/w/index.php?title=Dr._Mario&oldid=1371224862,CC-BY-SA-4.0,2026-08-25,untranslated,true
built-in-sports-games-clue-0492,built-in-sports-games,Sports and Games,built-in-sports-games-set-098,board,round-two,2,hard,video-game-history,Sports & Games: Mixed Challenge,,Sonic the Hedgehog 2 — Which publisher is associated with the video game in “Video Game History: Sonic the Hedgehog 2”?,,Sega,,,,Sega is the documented publisher.,,Sonic the Hedgehog 2 — Wikipedia permanent revision 1370556710,https://en.wikipedia.org/w/index.php?title=Sonic_the_Hedgehog_2&oldid=1370556710,CC-BY-SA-4.0,2026-08-25,untranslated,true
built-in-sports-games-clue-0498,built-in-sports-games,Sports and Games,built-in-sports-games-set-098,board,round-two,3,hard,video-game-history,Sports & Games: Mixed Challenge,,Tony Hawk's Pro Skater — Which publisher is associated with the video game in “Video Game History: Tony Hawk's Pro Skater”?,,Activision,,,,Activision is the documented publisher.,,Tony Hawk's Pro Skater — Wikipedia permanent revision 1370146166,https://en.wikipedia.org/w/index.php?title=Tony_Hawk's_Pro_Skater&oldid=1370146166,CC-BY-SA-4.0,2026-08-25,untranslated,true
built-in-sports-games-clue-0424,built-in-sports-games,Sports and Games,built-in-sports-games-set-098,board,round-two,4,hard,video-game-history,Sports & Games: Mixed Challenge,,Tom Clancy's The Division — Name a director credited for the video game in “Video Game History: Tom Clancy's The Division”.,,Magnus Jansén,,,,Magnus Jansén is among the directors.,,Tom Clancy's The Division — Wikipedia permanent revision 1371181043,https://en.wikipedia.org/w/index.php?title=Tom_Clancy's_The_Division&oldid=1371181043,CC-BY-SA-4.0,2026-08-25,untranslated,true
built-in-sports-games-clue-0430,built-in-sports-games,Sports and Games,built-in-sports-games-set-098,board,round-two,5,hard,video-game-history,Sports & Games: Mixed Challenge,,Half-Life (video game) — Who composed music for the video game in “Video Game History: Half-Life”?,,Kelly Bailey,,,,Kelly Bailey holds the music credit.,,Half-Life (video game) — Wikipedia permanent revision 1371171989,https://en.wikipedia.org/w/index.php?title=Half-Life_(video_game)&oldid=1371171989,CC-BY-SA-4.0,2026-08-25,untranslated,true
built-in-sports-games-clue-0491,built-in-sports-games,Sports and Games,built-in-sports-games-set-099,board,round-two,1,hard,video-game-history,Sports & Games: Mixed Quiz,,Sonic the Hedgehog 2 — Was a time-travel system considered during development of Sonic the Hedgehog 2?,,True,,,,A time-travel system was considered for Sonic the Hedgehog 2 before being dropped.,,Sonic the Hedgehog 2 — Wikipedia permanent revision 1370556710,https://en.wikipedia.org/w/index.php?title=Sonic_the_Hedgehog_2&oldid=1370556710,CC-BY-SA-4.0,2026-08-25,untranslated,true
built-in-sports-games-clue-0497,built-in-sports-games,Sports and Games,built-in-sports-games-set-099,board,round-two,2,hard,video-game-history,Sports & Games: Mixed Quiz,,Tony Hawk's Pro Skater — Name a developer credited for the video game in “Video Game History: Tony Hawk's Pro Skater”.,,Neversoft,,Natsume,,Neversoft is credited as a developer.,,Tony Hawk's Pro Skater — Wikipedia permanent revision 1370146166,https://en.wikipedia.org/w/index.php?title=Tony_Hawk's_Pro_Skater&oldid=1370146166,CC-BY-SA-4.0,2026-08-25,untranslated,true
built-in-sports-games-clue-0423,built-in-sports-games,Sports and Games,built-in-sports-games-set-099,board,round-two,3,hard,video-game-history,Sports & Games: Mixed Quiz,,Tom Clancy's The Division — Which publisher is associated with the video game in “Video Game History: Tom Clancy's The Division”?,,Ubisoft,,,,Ubisoft is the documented publisher.,,Tom Clancy's The Division — Wikipedia permanent revision 1371181043,https://en.wikipedia.org/w/index.php?title=Tom_Clancy's_The_Division&oldid=1371181043,CC-BY-SA-4.0,2026-08-25,untranslated,true
built-in-sports-games-clue-0429,built-in-sports-games,Sports and Games,built-in-sports-games-set-099,board,round-two,4,hard,video-game-history,Sports & Games: Mixed Quiz,,Half-Life (video game) — Which writer is credited for the video game in “Video Game History: Half-Life”?,,Marc Laidlaw,,,,Marc Laidlaw is the credited writer.,,Half-Life (video game) — Wikipedia permanent revision 1371171989,https://en.wikipedia.org/w/index.php?title=Half-Life_(video_game)&oldid=1371171989,CC-BY-SA-4.0,2026-08-25,untranslated,true
built-in-sports-games-clue-0435,built-in-sports-games,Sports and Games,built-in-sports-games-set-099,board,round-two,5,hard,video-game-history,Sports & Games: Mixed Quiz,,Monopoly (game) — Name a genre associated with the tabletop game in “Property Trading Game”.,,Board game,,,,Board game is among the documented genres.,,Monopoly (game) — Wikipedia permanent revision 1371172534,https://en.wikipedia.org/w/index.php?title=Monopoly_(game)&oldid=1371172534,CC-BY-SA-4.0,2026-08-25,untranslated,true
built-in-sports-games-clue-0496,built-in-sports-games,Sports and Games,built-in-sports-games-set-100,board,round-two,1,hard,video-game-history,Sports & Games: Mixed Odds & Ends,,Tony Hawk's Pro Skater — Which sport drives the action in Tony Hawk’s Pro Skater?,,Skateboarding,,Skating;Skateboard,,Tony Hawk’s Pro Skater is built around performing skateboard tricks.,,Tony Hawk's Pro Skater — Wikipedia permanent revision 1370146166,https://en.wikipedia.org/w/index.php?title=Tony_Hawk's_Pro_Skater&oldid=1370146166,CC-BY-SA-4.0,2026-08-25,untranslated,true
built-in-sports-games-clue-0422,built-in-sports-games,Sports and Games,built-in-sports-games-set-100,board,round-two,2,hard,video-game-history,Sports & Games: Mixed Odds & Ends,,Tom Clancy's The Division — Which developer is credited for the video game in “Video Game History: Tom Clancy's The Division”?,,Massive Entertainment,,,,Massive Entertainment is the credited developer.,,Tom Clancy's The Division — Wikipedia permanent revision 1371181043,https://en.wikipedia.org/w/index.php?title=Tom_Clancy's_The_Division&oldid=1371181043,CC-BY-SA-4.0,2026-08-25,untranslated,true
built-in-sports-games-clue-0428,built-in-sports-games,Sports and Games,built-in-sports-games-set-100,board,round-two,3,hard,video-game-history,Sports & Games: Mixed Odds & Ends,,Half-Life (video game) — Which publisher is associated with the video game in “Video Game History: Half-Life”?,,Sierra Studios,,,,Sierra Studios is the documented publisher.,,Half-Life (video game) — Wikipedia permanent revision 1371171989,https://en.wikipedia.org/w/index.php?title=Half-Life_(video_game)&oldid=1371171989,CC-BY-SA-4.0,2026-08-25,untranslated,true
built-in-sports-games-clue-0434,built-in-sports-games,Sports and Games,built-in-sports-games-set-100,board,round-two,4,hard,video-game-history,Sports & Games: Mixed Odds & Ends,,Monopoly (game) — When was the tabletop game in “Property Trading Game” first published?,,1935,,,,It was published in 1935.,,Monopoly (game) — Wikipedia permanent revision 1371172534,https://en.wikipedia.org/w/index.php?title=Monopoly_(game)&oldid=1371172534,CC-BY-SA-4.0,2026-08-25,untranslated,true
built-in-sports-games-clue-0440,built-in-sports-games,Sports and Games,built-in-sports-games-set-100,board,round-two,5,hard,video-game-history,Sports & Games: Mixed Odds & Ends,,Expected value — Which law formalizes the long-run-average interpretation of expected value?,,law of large numbers,,,,The law of large numbers formalizes that interpretation.,,Expected value — Wikipedia permanent revision 1367789743,https://en.wikipedia.org/w/index.php?title=Expected_value&oldid=1367789743,CC-BY-SA-4.0,2026-08-25,untranslated,true
