clue_id,pack_id,pack_name,category_set_id,content_kind,round,tier,difficulty,macro_topic,category_name_en,category_name_et,clue_en,clue_et,response_en,response_et,accepted_variants_en,accepted_variants_et,explanation_en,explanation_et,source_title,source_url,source_license,source_retrieved_at,translation_status,enabled
built-in-mythology-religion-philosophy-accessible-corpus-001,built-in-mythology-religion-philosophy,"Mythology, Religion, and Philosophy",built-in-mythology-religion-philosophy-set-001,board,round-one,1,easy,greek-roman,"Mythology, Religion & Philosophy: The Olympian Gods",,"According to Greek myth, which king of the gods hurls thunderbolts?",Milline jumalate kuningas heidab Kreeka mütoloogia järgi välgunooli?,Zeus,Zeus,,,"Greek tradition makes Zeus ruler of Olympus and god of the sky, thunder and lightning.","Kreeka pärimuses on Zeus Olümpose valitseja ning taeva, kõue ja välgu jumal.",Zeus — Wikipedia,https://en.wikipedia.org/wiki/Zeus,CC-BY-SA-4.0,2026-08-28,reviewed,true
built-in-mythology-religion-philosophy-accessible-corpus-002,built-in-mythology-religion-philosophy,"Mythology, Religion, and Philosophy",built-in-mythology-religion-philosophy-set-001,board,round-one,2,easy,greek-roman,"Mythology, Religion & Philosophy: The Olympian Gods",,Which trident-carrying brother of Zeus rules the sea in Greek myth?,Milline kolmharki kandev Zeusi vend valitseb Kreeka mütoloogias merd?,Poseidon,Poseidon,,,"Poseidon is the Greek god of the sea, earthquakes and horses, and his emblem is the trident.","Poseidon on Kreeka mere-, maavärina- ja hobujumal, kelle tunnus on kolmhark.",Poseidon — Wikipedia,https://en.wikipedia.org/wiki/Poseidon,CC-BY-SA-4.0,2026-08-28,reviewed,true
built-in-mythology-religion-philosophy-accessible-corpus-003,built-in-mythology-religion-philosophy,"Mythology, Religion, and Philosophy",built-in-mythology-religion-philosophy-set-001,board,round-one,3,easy,greek-roman,"Mythology, Religion & Philosophy: The Olympian Gods",,Which goddess of wisdom and strategy gave her name to the city of Athens?,Milline tarkuse ja sõjastrateegia jumalanna andis nime Ateena linnale?,Athena,Athena,Athene,Ateena;Pallas Athena,"Athena was the patron goddess of Athens, whose Parthenon honoured her on the Acropolis.",Athena oli Ateena kaitsejumalanna ning talle pühendati akropolil Parthenon.,Athena — Wikipedia,https://en.wikipedia.org/wiki/Athena,CC-BY-SA-4.0,2026-08-28,reviewed,true
built-in-mythology-religion-philosophy-accessible-corpus-004,built-in-mythology-religion-philosophy,"Mythology, Religion, and Philosophy",built-in-mythology-religion-philosophy-set-001,board,round-one,4,easy,greek-roman,"Mythology, Religion & Philosophy: The Olympian Gods",,Which twin sister of Apollo is the Greek goddess of the hunt and wild animals?,Milline Apolloni kaksikõde on Kreeka jahi ja metsloomade jumalanna?,Artemis,Artemis,,,Artemis is a virgin huntress in Greek religion and is commonly shown with a bow and deer.,"Artemis on Kreeka usundis neitsilik jahijumalanna, keda kujutatakse sageli vibu ja hirvega.",Artemis — Wikipedia,https://en.wikipedia.org/wiki/Artemis,CC-BY-SA-4.0,2026-08-28,reviewed,true
built-in-mythology-religion-philosophy-accessible-corpus-005,built-in-mythology-religion-philosophy,"Mythology, Religion, and Philosophy",built-in-mythology-religion-philosophy-set-001,board,round-one,5,easy,greek-roman,"Mythology, Religion & Philosophy: The Olympian Gods",,Which divine smith forges armour and weapons for the gods?,Milline jumalik sepp valmistab jumalatele soomusrüüsid ja relvi?,Hephaestus,Hephaistos,Hephaistos,Hephaestus,"Hephaestus is the Greek god of fire, metalworking and craftsmanship, with a workshop imagined beneath volcanoes.","Hephaistos on Kreeka tule-, metallitöö- ja käsitööjumal, kelle sepikoda kujutleti vulkaanide alla.",Hephaestus — Wikipedia,https://en.wikipedia.org/wiki/Hephaestus,CC-BY-SA-4.0,2026-08-28,reviewed,true
built-in-mythology-religion-philosophy-accessible-corpus-006,built-in-mythology-religion-philosophy,"Mythology, Religion, and Philosophy",built-in-mythology-religion-philosophy-set-002,board,round-one,1,easy,greek-roman,"Mythology, Religion & Philosophy: Heroes of Greek Myth",,"Which hero performed twelve labours, including defeating the Nemean Lion?","Milline kangelane sooritas kaksteist vägitegu, sealhulgas alistas Nemea lõvi?",Heracles,Herakles,Hercules,Hercules,Heracles completed the famous labours as service to King Eurystheus in Greek myth.,Herakles täitis Kreeka mütoloogias kuulsad vägiteod kuningas Eurystheuse teenistuses.,Heracles — Wikipedia,https://en.wikipedia.org/wiki/Heracles,CC-BY-SA-4.0,2026-08-28,reviewed,true
built-in-mythology-religion-philosophy-accessible-corpus-007,built-in-mythology-religion-philosophy,"Mythology, Religion, and Philosophy",built-in-mythology-religion-philosophy-set-002,board,round-one,2,easy,greek-roman,"Mythology, Religion & Philosophy: Heroes of Greek Myth",,Which greatest Greek warrior at Troy gave us a phrase for a fatal weak point?,Milline Trooja sõja kreeklaste suurim sõdalane andis meile väljendi saatusliku nõrga koha kohta?,Achilles,Achilleus,Achilleus,Achilles,"Later tradition said Achilles was vulnerable at the heel, creating the expression “Achilles’ heel”.","Hilisema pärimuse järgi oli Achilleus haavatav kannast, millest tuleb väljend „Achilleuse kand”.",Achilles — Wikipedia,https://en.wikipedia.org/wiki/Achilles,CC-BY-SA-4.0,2026-08-28,reviewed,true
built-in-mythology-religion-philosophy-accessible-corpus-008,built-in-mythology-religion-philosophy,"Mythology, Religion, and Philosophy",built-in-mythology-religion-philosophy-set-002,board,round-one,3,easy,greek-roman,"Mythology, Religion & Philosophy: Heroes of Greek Myth",,Which clever king spends years trying to return home to Ithaca after the Trojan War?,Milline kaval kuningas püüab pärast Trooja sõda aastaid koju Ithakale naasta?,Odysseus,Odysseus,Ulysses,Odüsseus;Ulysses,Homer’s Odyssey follows Odysseus through many dangers on his voyage back to Ithaca.,Homerose „Odüsseia” jälgib Odysseust tema ohtlikul mereretkel tagasi Ithakale.,Odysseus — Wikipedia,https://en.wikipedia.org/wiki/Odysseus,CC-BY-SA-4.0,2026-08-28,reviewed,true
built-in-mythology-religion-philosophy-accessible-corpus-009,built-in-mythology-religion-philosophy,"Mythology, Religion, and Philosophy",built-in-mythology-religion-philosophy-set-002,board,round-one,4,easy,greek-roman,"Mythology, Religion & Philosophy: Heroes of Greek Myth",,Which hero beheaded Medusa while looking at her reflection in a polished shield?,"Milline kangelane raius Medusal pea maha, vaadates tema peegeldust poleeritud kilbilt?",Perseus,Perseus,,,Athena’s reflective shield helped Perseus avoid Medusa’s petrifying direct gaze.,Athena peegeldav kilp aitas Perseusel vältida Medusa kivistavat otsest pilku.,Perseus — Wikipedia,https://en.wikipedia.org/wiki/Perseus,CC-BY-SA-4.0,2026-08-28,reviewed,true
built-in-mythology-religion-philosophy-accessible-corpus-010,built-in-mythology-religion-philosophy,"Mythology, Religion, and Philosophy",built-in-mythology-religion-philosophy-set-002,board,round-one,5,easy,greek-roman,"Mythology, Religion & Philosophy: Heroes of Greek Myth",,Which Athenian hero entered the Cretan labyrinth and killed the Minotaur?,Milline Ateena kangelane sisenes Kreeta labürinti ja tappis Minotaurose?,Theseus,Theseus,Theseus of Athens,Theseus Ateenast,Ariadne gave Theseus a thread so he could find his way out after confronting the Minotaur.,"Ariadne andis Theseusele lõnga, et too pärast Minotaurosega võitlemist väljapääsu leiaks.",Theseus — Wikipedia,https://en.wikipedia.org/wiki/Theseus,CC-BY-SA-4.0,2026-08-28,reviewed,true
built-in-mythology-religion-philosophy-accessible-corpus-011,built-in-mythology-religion-philosophy,"Mythology, Religion, and Philosophy",built-in-mythology-religion-philosophy-set-003,board,round-one,1,easy,greek-roman,"Mythology, Religion & Philosophy: Creatures of Greek Myth",,Which snake-haired Gorgon turned those who looked directly at her to stone?,Milline madude juustega gorgo muutis talle otsa vaatajad kiviks?,Medusa,Medusa,,,Medusa is the mortal Gorgon whose severed head retained its petrifying power.,"Medusa on surelik gorgo, kelle maharaiutud pea säilitas kivistava jõu.",Medusa — Wikipedia,https://en.wikipedia.org/wiki/Medusa,CC-BY-SA-4.0,2026-08-28,reviewed,true
built-in-mythology-religion-philosophy-accessible-corpus-012,built-in-mythology-religion-philosophy,"Mythology, Religion, and Philosophy",built-in-mythology-religion-philosophy-set-003,board,round-one,2,easy,greek-roman,"Mythology, Religion & Philosophy: Creatures of Greek Myth",,Which winged horse sprang from Medusa’s blood and later carried the hero Bellerophon?,Milline tiivuline hobune sündis Medusa verest ja kandis hiljem kangelast Bellerophontest?,Pegasus,Pegasos,Pegasos,Pegasus,Pegasus is the divine winged horse associated with Bellerophon and the defeat of the Chimera.,"Pegasos on jumalik tiivuline hobune, keda seostatakse Bellerophontese ja Kimääri alistamisega.",Pegasus — Wikipedia,https://en.wikipedia.org/wiki/Pegasus,CC-BY-SA-4.0,2026-08-28,reviewed,true
built-in-mythology-religion-philosophy-accessible-corpus-013,built-in-mythology-religion-philosophy,"Mythology, Religion, and Philosophy",built-in-mythology-religion-philosophy-set-003,board,round-one,3,easy,greek-roman,"Mythology, Religion & Philosophy: Creatures of Greek Myth",,Which bull-headed creature lived at the centre of the Cretan labyrinth?,Milline härjapeaga olend elas Kreeta labürindi keskmes?,the Minotaur,Minotauros,Minotaur,Minotaurus,"Greek myth describes the Minotaur as a human-bodied, bull-headed being confined in the labyrinth.","Kreeka müüt kirjeldab Minotaurost inimkeha ja härjapeaga olendina, kes suleti labürinti.",Minotaur — Wikipedia,https://en.wikipedia.org/wiki/Minotaur,CC-BY-SA-4.0,2026-08-28,reviewed,true
built-in-mythology-religion-philosophy-accessible-corpus-014,built-in-mythology-religion-philosophy,"Mythology, Religion, and Philosophy",built-in-mythology-religion-philosophy-set-003,board,round-one,4,easy,greek-roman,"Mythology, Religion & Philosophy: Creatures of Greek Myth",,What one-eyed giant traps Odysseus and his crew in a cave in the Odyssey?,Milline ühesilmne hiiglane vangistab „Odüsseias” Odysseuse ja tema mehed koopasse?,the Cyclops Polyphemus,kükloop Polyphēmos,Polyphemus;Cyclops,Polyphēmos;Polyphemos;kükloop,Polyphemus is a Cyclops whom Odysseus blinds in order to escape from the cave.,"Polyphēmos on kükloop, kelle Odysseus koopast pääsemiseks pimestab.",Polyphemus — Wikipedia,https://en.wikipedia.org/wiki/Polyphemus,CC-BY-SA-4.0,2026-08-28,reviewed,true
built-in-mythology-religion-philosophy-accessible-corpus-015,built-in-mythology-religion-philosophy,"Mythology, Religion, and Philosophy",built-in-mythology-religion-philosophy-set-003,board,round-one,5,easy,greek-roman,"Mythology, Religion & Philosophy: Creatures of Greek Myth",,Which multi-headed watchdog guards the entrance to Hades?,Milline mitme peaga valvekoer valvab Hadese sissepääsu?,Cerberus,Kerberos,Kerberos,Cerberus,Cerberus prevents the dead from leaving the underworld and the living from entering freely.,Kerberos takistab surnutel allilmast lahkuda ja elavatel sinna vabalt siseneda.,Cerberus — Wikipedia,https://en.wikipedia.org/wiki/Cerberus,CC-BY-SA-4.0,2026-08-28,reviewed,true
built-in-mythology-religion-philosophy-accessible-corpus-016,built-in-mythology-religion-philosophy,"Mythology, Religion, and Philosophy",built-in-mythology-religion-philosophy-set-004,board,round-one,1,easy,greek-roman,"Mythology, Religion & Philosophy: The Roman Gods",,Which Roman ruler of the gods corresponds to the Greek Zeus?,Milline Rooma jumalate valitseja vastab Kreeka Zeusile?,Jupiter,Jupiter,Jove,Juppiter,Jupiter was Rome’s chief sky and thunder god and was identified with Zeus.,Jupiter oli Rooma peamine taeva- ja kõuejumal ning teda samastati Zeusiga.,Jupiter (god) — Wikipedia,https://en.wikipedia.org/wiki/Jupiter_(god),CC-BY-SA-4.0,2026-08-28,reviewed,true
built-in-mythology-religion-philosophy-accessible-corpus-017,built-in-mythology-religion-philosophy,"Mythology, Religion, and Philosophy",built-in-mythology-religion-philosophy-set-004,board,round-one,2,easy,greek-roman,"Mythology, Religion & Philosophy: The Roman Gods",,Which Roman sea god carries a trident and corresponds to Poseidon?,Milline Rooma merejumal kannab kolmharki ja vastab Poseidonile?,Neptune,Neptunus,Neptunus,Neptune,Roman Neptune was associated with fresh water and the sea and became equated with Greek Poseidon.,Rooma Neptunust seostati magevee ja merega ning ta samastati Kreeka Poseidoniga.,Neptune (mythology) — Wikipedia,https://en.wikipedia.org/wiki/Neptune_(mythology),CC-BY-SA-4.0,2026-08-28,reviewed,true
built-in-mythology-religion-philosophy-accessible-corpus-018,built-in-mythology-religion-philosophy,"Mythology, Religion, and Philosophy",built-in-mythology-religion-philosophy-set-004,board,round-one,3,easy,greek-roman,"Mythology, Religion & Philosophy: The Roman Gods",,Which Roman goddess of love gave her name to the brightest planet seen from Earth?,Milline Rooma armastusjumalanna andis nime Maalt nähtavale kõige heledamale planeedile?,Venus,Veenus,,,Venus was the Roman goddess of love and beauty; the planet carries her Latin name.,Venus oli Rooma armastuse ja ilu jumalanna; planeet kannab tema ladinakeelset nime.,Venus (mythology) — Wikipedia,https://en.wikipedia.org/wiki/Venus_(mythology),CC-BY-SA-4.0,2026-08-28,reviewed,true
built-in-mythology-religion-philosophy-accessible-corpus-019,built-in-mythology-religion-philosophy,"Mythology, Religion, and Philosophy",built-in-mythology-religion-philosophy-set-004,board,round-one,4,easy,greek-roman,"Mythology, Religion & Philosophy: The Roman Gods",,Which Roman war god was regarded as the father of Romulus and Remus?,Millist Rooma sõjajumalat peeti Romuluse ja Remuse isaks?,Mars,Mars,,,"In Rome’s foundation myth, Mars fathered the twins Romulus and Remus with Rhea Silvia.",Rooma asutamismüüdis sai Mars Rhea Silviaga kaksikute Romuluse ja Remuse isaks.,Mars (mythology) — Wikipedia,https://en.wikipedia.org/wiki/Mars_(mythology),CC-BY-SA-4.0,2026-08-28,reviewed,true
built-in-mythology-religion-philosophy-accessible-corpus-020,built-in-mythology-religion-philosophy,"Mythology, Religion, and Philosophy",built-in-mythology-religion-philosophy-set-004,board,round-one,5,easy,greek-roman,"Mythology, Religion & Philosophy: The Roman Gods",,Which swift Roman messenger god is commonly shown with winged sandals?,Millist kiiret Rooma sõnumitoojajumalat kujutatakse tavaliselt tiivuliste sandaalidega?,Mercury,Mercurius,Mercurius,Merkuur;Mercury,"Mercury was patron of merchants and travellers as well as the gods’ messenger, corresponding to Hermes.","Mercurius oli kaupmeeste ja rändurite kaitsja ning jumalate sõnumitooja, vastates Hermesele.",Mercury (mythology) — Wikipedia,https://en.wikipedia.org/wiki/Mercury_(mythology),CC-BY-SA-4.0,2026-08-28,reviewed,true
built-in-mythology-religion-philosophy-accessible-corpus-021,built-in-mythology-religion-philosophy,"Mythology, Religion, and Philosophy",built-in-mythology-religion-philosophy-set-005,board,round-one,1,easy,greek-roman,"Mythology, Religion & Philosophy: The Norse Gods",,Which thunder god wields the hammer Mjölnir?,Milline kõuejumal kannab vasarat Mjölnir?,Thor,Thor,,,"In Norse tradition, Thor uses Mjölnir against giants and to protect gods and humans.",Põhjala pärimuses kasutab Thor Mjölniri hiiglaste vastu ning jumalate ja inimeste kaitseks.,Thor — Wikipedia,https://en.wikipedia.org/wiki/Thor,CC-BY-SA-4.0,2026-08-28,reviewed,true
built-in-mythology-religion-philosophy-accessible-corpus-022,built-in-mythology-religion-philosophy,"Mythology, Religion, and Philosophy",built-in-mythology-religion-philosophy-set-005,board,round-one,2,easy,greek-roman,"Mythology, Religion & Philosophy: The Norse Gods",,Which beloved Norse god is killed by a weapon made from mistletoe?,Milline armastatud Põhjala jumal hukkub puuvõõrikust valmistatud relva läbi?,Baldr,Baldr,Baldur;Balder,Baldur;Balder,Loki arranges for the blind god Höðr to throw the mistletoe weapon that kills Baldr.,"Loki korraldab nii, et pime jumal Höðr heidab Baldri tapva puuvõõrikurelva.",Baldr — Wikipedia,https://en.wikipedia.org/wiki/Baldr,CC-BY-SA-4.0,2026-08-28,reviewed,true
built-in-mythology-religion-philosophy-accessible-corpus-023,built-in-mythology-religion-philosophy,"Mythology, Religion, and Philosophy",built-in-mythology-religion-philosophy-set-005,board,round-one,3,easy,greek-roman,"Mythology, Religion & Philosophy: The Norse Gods",,Which cunning figure repeatedly helps and harms the gods through tricks and shape-shifting?,Milline kaval tegelane kord aitab ja kord kahjustab jumalaid trikkide ning kujumuutmisega?,Loki,Loki,,,Loki is an ambivalent trickster whose schemes solve some crises and cause others in Norse stories.,"Loki on kahetine trikster, kelle sepitsused lahendavad Põhjala lugudes mõne kriisi ja põhjustavad teisi.",Loki — Wikipedia,https://en.wikipedia.org/wiki/Loki,CC-BY-SA-4.0,2026-08-28,reviewed,true
built-in-mythology-religion-philosophy-accessible-corpus-024,built-in-mythology-religion-philosophy,"Mythology, Religion, and Philosophy",built-in-mythology-religion-philosophy-set-005,board,round-one,4,easy,greek-roman,"Mythology, Religion & Philosophy: The Norse Gods",,"Which goddess associated with love, beauty and seiðr magic rides in a cat-drawn chariot?","Milline armastuse, ilu ja seiðr-maagiaga seotud jumalanna sõidab kasside veetavas kaarikus?",Freyja,Freyja,Freya,Freya,"Freyja belongs to the Vanir and is associated with love, fertility, battle and magical practice.","Freyja kuulub vaanide hulka ning teda seostatakse armastuse, viljakuse, lahingu ja maagiaga.",Freyja — Wikipedia,https://en.wikipedia.org/wiki/Freyja,CC-BY-SA-4.0,2026-08-28,reviewed,true
built-in-mythology-religion-philosophy-accessible-corpus-025,built-in-mythology-religion-philosophy,"Mythology, Religion, and Philosophy",built-in-mythology-religion-philosophy-set-005,board,round-one,5,easy,greek-roman,"Mythology, Religion & Philosophy: The Norse Gods",,Which god loses a hand when the wolf Fenrir realises the gods have bound him?,"Milline jumal kaotab käe, kui hunt Fenrir mõistab, et jumalad on ta kinni sidunud?",Týr,Tyr,Tyr;Tiw,Týr,Týr placed his hand in Fenrir’s mouth as a pledge and paid the price when the binding held.,"Tyr pani pandiks käe Fenriri suhu ning maksis selle hinna, kui side vastu pidas.",Týr — Wikipedia,https://en.wikipedia.org/wiki/T%C3%BDr,CC-BY-SA-4.0,2026-08-28,reviewed,true
built-in-mythology-religion-philosophy-accessible-corpus-026,built-in-mythology-religion-philosophy,"Mythology, Religion, and Philosophy",built-in-mythology-religion-philosophy-set-006,board,round-one,1,easy,greek-roman,"Mythology, Religion & Philosophy: Creatures of Norse Myth",,Which monstrous wolf is bound by the gods until Ragnarök?,Millise koletisliku hundi seovad jumalad kinni kuni Ragnarökini?,Fenrir,Fenrir,Fenris Wolf,Fenrise hunt,The gods fear Fenrir’s strength and use the magical fetter Gleipnir to restrain him.,Jumalad kardavad Fenriri jõudu ja kasutavad tema kinnipidamiseks võlusidet Gleipnir.,Fenrir — Wikipedia,https://en.wikipedia.org/wiki/Fenrir,CC-BY-SA-4.0,2026-08-28,reviewed,true
built-in-mythology-religion-philosophy-accessible-corpus-027,built-in-mythology-religion-philosophy,"Mythology, Religion, and Philosophy",built-in-mythology-religion-philosophy-set-006,board,round-one,2,easy,greek-roman,"Mythology, Religion & Philosophy: Creatures of Norse Myth",,Which world serpent circles Midgard beneath the ocean and is Thor’s great enemy?,Milline maailmamadu ümbritseb ookeanis Midgardi ja on Thori suur vaenlane?,Jörmungandr,Jörmungandr,Jormungandr;Midgard Serpent,Jormungand;Midgardi madu,Jörmungandr is so vast that it encircles the human world and grasps its own tail.,"Jörmungandr on nii hiiglaslik, et ümbritseb inimeste maailma ja hoiab oma saba suus.",Jörmungandr — Wikipedia,https://en.wikipedia.org/wiki/J%C3%B6rmungandr,CC-BY-SA-4.0,2026-08-28,reviewed,true
built-in-mythology-religion-philosophy-accessible-corpus-028,built-in-mythology-religion-philosophy,"Mythology, Religion, and Philosophy",built-in-mythology-religion-philosophy-set-006,board,round-one,3,easy,greek-roman,"Mythology, Religion & Philosophy: Creatures of Norse Myth",,Which eight-legged horse carries Odin between worlds?,Milline kaheksajalgne hobune kannab Odinit maailmade vahel?,Sleipnir,Sleipnir,,,Sleipnir is Odin’s exceptionally swift grey horse and a child of Loki in Norse myth.,Sleipnir on Odini erakordselt kiire hall hobune ja Põhjala müüdis Loki laps.,Sleipnir — Wikipedia,https://en.wikipedia.org/wiki/Sleipnir,CC-BY-SA-4.0,2026-08-28,reviewed,true
built-in-mythology-religion-philosophy-accessible-corpus-029,built-in-mythology-religion-philosophy,"Mythology, Religion, and Philosophy",built-in-mythology-religion-philosophy-set-006,board,round-one,4,easy,greek-roman,"Mythology, Religion & Philosophy: Creatures of Norse Myth",,Which female beings choose fallen warriors on the battlefield and take some of them to Valhalla?,Millised naisolevused valivad lahinguväljal langenud sõdalasi ja viivad osa neist Valhallasse?,the Valkyries,valküürid,Valkyries,valküür,"Valkyries serve Odin by choosing slain warriors, some of whom join the einherjar in Valhalla.","Valküürid teenivad Odinit, valides langenud sõdalasi, kellest osa liitub Valhallas einherjar’idega.",Valkyrie — Wikipedia,https://en.wikipedia.org/wiki/Valkyrie,CC-BY-SA-4.0,2026-08-28,reviewed,true
built-in-mythology-religion-philosophy-accessible-corpus-030,built-in-mythology-religion-philosophy,"Mythology, Religion, and Philosophy",built-in-mythology-religion-philosophy-set-006,board,round-one,5,easy,greek-roman,"Mythology, Religion & Philosophy: Creatures of Norse Myth",,Which famously skilled beings forge Thor’s hammer Mjölnir after Loki wagers his head on a contest?,"Millised meisterlike oskuste poolest tuntud olendid sepistavad Thori vasara Mjölniri pärast seda, kui Loki paneb võistluses kaalule oma pea?",dwarfs,päkapikud,dwarves;Norse dwarfs,Põhjala päkapikud;kääbused,The dwarf brothers Brokkr and Eitri forge Mjölnir during a contest to create treasures for the gods.,Päkapikuvennad Brokkr ja Eitri sepistavad Mjölniri jumalatele aarete loomise võistluse käigus.,Mjölnir — Wikipedia,https://en.wikipedia.org/wiki/Mj%C3%B6lnir,CC-BY-SA-4.0,2026-08-28,reviewed,true
built-in-mythology-religion-philosophy-accessible-corpus-031,built-in-mythology-religion-philosophy,"Mythology, Religion, and Philosophy",built-in-mythology-religion-philosophy-set-007,board,round-one,1,easy,greek-roman,"Mythology, Religion & Philosophy: The Gods of Ancient Egypt",,Which ancient Egyptian sun god crosses the sky in a divine boat?,Milline Vana-Egiptuse päikesejumal sõidab üle taeva päikeselaevas?,Ra,Ra,Re,Re,Egyptian tradition imagined Ra crossing the daytime sky and journeying through the underworld at night.,Egiptuse pärimus kujutles Ra’d päeval üle taeva ja öösel läbi allilma rändamas.,Ra — Wikipedia,https://en.wikipedia.org/wiki/Ra,CC-BY-SA-4.0,2026-08-28,reviewed,true
built-in-mythology-religion-philosophy-accessible-corpus-032,built-in-mythology-religion-philosophy,"Mythology, Religion, and Philosophy",built-in-mythology-religion-philosophy-set-007,board,round-one,2,easy,greek-roman,"Mythology, Religion & Philosophy: The Gods of Ancient Egypt",,Which jackal-headed god is linked with embalming and guiding the dead?,Milline šaakalipeaga jumal on seotud palsameerimise ja surnute juhatamisega?,Anubis,Anubis,Anpu,Anpu,Anubis presides over mummification and helps conduct the judgement of the dead.,Anubis valvab mumifitseerimist ja aitab läbi viia surnute kohtumõistmist.,Anubis — Wikipedia,https://en.wikipedia.org/wiki/Anubis,CC-BY-SA-4.0,2026-08-28,reviewed,true
built-in-mythology-religion-philosophy-accessible-corpus-033,built-in-mythology-religion-philosophy,"Mythology, Religion, and Philosophy",built-in-mythology-religion-philosophy-set-007,board,round-one,3,easy,greek-roman,"Mythology, Religion & Philosophy: The Gods of Ancient Egypt",,Which murdered and restored ruler became god of the afterlife and judge of the dead?,Millisest tapetud ja taastatud valitsejast sai allilmajumal ning surnute kohtumõistja?,Osiris,Osiris,,,The myth of Osiris’s death and restoration connected him with rebirth and the afterlife.,Müüt Osirise surmast ja taastamisest sidus ta taassünni ja teispoolsusega.,Osiris — Wikipedia,https://en.wikipedia.org/wiki/Osiris,CC-BY-SA-4.0,2026-08-28,reviewed,true
built-in-mythology-religion-philosophy-accessible-corpus-034,built-in-mythology-religion-philosophy,"Mythology, Religion, and Philosophy",built-in-mythology-religion-philosophy-set-007,board,round-one,4,easy,greek-roman,"Mythology, Religion & Philosophy: The Gods of Ancient Egypt",,Which powerful goddess restores her husband Osiris and protects their son Horus?,Milline vägev jumalanna taastab oma abikaasa Osirise ja kaitseb nende poega Horost?,Isis,Isis,,,"Isis is celebrated as a skilled magician, devoted wife and protective mother in Egyptian tradition.","Egiptuse pärimuses austatakse Isist osava võluri, pühendunud abikaasa ja kaitsva emana.",Isis — Wikipedia,https://en.wikipedia.org/wiki/Isis,CC-BY-SA-4.0,2026-08-28,reviewed,true
built-in-mythology-religion-philosophy-accessible-corpus-035,built-in-mythology-religion-philosophy,"Mythology, Religion, and Philosophy",built-in-mythology-religion-philosophy-set-007,board,round-one,5,easy,greek-roman,"Mythology, Religion & Philosophy: The Gods of Ancient Egypt",,Which falcon-headed god defeats Set and is closely tied to the living pharaoh?,Milline pistrikupäine jumal alistab Sethi ja on tihedalt seotud elava vaaraoga?,Horus,Horus,Heru,Horos,"Egyptian kings were identified with Horus, whose conflict with Set restored rightful rule.","Egiptuse kuningaid samastati Horusega, kelle võitlus Sethiga taastas õiguspärase võimu.",Horus — Wikipedia,https://en.wikipedia.org/wiki/Horus,CC-BY-SA-4.0,2026-08-28,reviewed,true
built-in-mythology-religion-philosophy-accessible-corpus-036,built-in-mythology-religion-philosophy,"Mythology, Religion, and Philosophy",built-in-mythology-religion-philosophy-set-008,board,round-one,1,easy,greek-roman,"Mythology, Religion & Philosophy: Celtic Legends",,Which legendary British king gathers the Knights of the Round Table at Camelot?,Milline legendaarne Briti kuningas koondab Camelotis ümarlaua rüütlid?,King Arthur,kuningas Arthur,Arthur,Arthur,Arthurian legend makes Arthur the ruler of Camelot and centre of the Round Table fellowship.,Arturi-legendides on Arthur Cameloti valitseja ja ümarlaua vennaskonna keskne kuju.,King Arthur — Wikipedia,https://en.wikipedia.org/wiki/King_Arthur,CC-BY-SA-4.0,2026-08-28,reviewed,true
built-in-mythology-religion-philosophy-accessible-corpus-037,built-in-mythology-religion-philosophy,"Mythology, Religion, and Philosophy",built-in-mythology-religion-philosophy-set-008,board,round-one,2,easy,greek-roman,"Mythology, Religion & Philosophy: Celtic Legends",,What is the name of Arthur’s magical sword?,Mis on Arthuri võlumõõga nimi?,Excalibur,Excalibur,,,"Excalibur is Arthur’s legendary sword, often given to him by the Lady of the Lake.","Excalibur on Arthuri legendaarne mõõk, mille annab talle sageli Järvedaam.",Excalibur — Wikipedia,https://en.wikipedia.org/wiki/Excalibur,CC-BY-SA-4.0,2026-08-28,reviewed,true
built-in-mythology-religion-philosophy-accessible-corpus-038,built-in-mythology-religion-philosophy,"Mythology, Religion, and Philosophy",built-in-mythology-religion-philosophy-set-008,board,round-one,3,easy,greek-roman,"Mythology, Religion & Philosophy: Celtic Legends",,Which wizard advises Arthur and is associated with the prophecy of the future king?,Milline võlur nõustab Arthurit ja on seotud tulevase kuninga ennustusega?,Merlin,Merlin,Merlin the Wizard,võlur Merlin,Merlin developed from a figure in medieval Welsh tradition into Arthur’s magician and counsellor.,Merlin kujunes keskaegse Walesi pärimuse tegelasest Arthuri võluriks ja nõuandjaks.,Merlin — Wikipedia,https://en.wikipedia.org/wiki/Merlin,CC-BY-SA-4.0,2026-08-28,reviewed,true
built-in-mythology-religion-philosophy-accessible-corpus-039,built-in-mythology-religion-philosophy,"Mythology, Religion, and Philosophy",built-in-mythology-religion-philosophy-set-008,board,round-one,4,easy,greek-roman,"Mythology, Religion & Philosophy: Celtic Legends",,Which Scottish and Irish folklore being leaves a seal skin to take human form on land?,"Milline Šoti ja Iiri folklooriolend jätab hülgenaha maha, et maismaal inimese kuju võtta?",a selkie,selkie,seal person,hülgeinimene,Selkie tales often turn on a hidden seal skin that the transformed being needs in order to return to the sea.,"Selkie-lugudes on sageli keskne peidetud hülgenahk, mida moondunud olend vajab merre naasmiseks.",Selkie — Wikipedia,https://en.wikipedia.org/wiki/Selkie,CC-BY-SA-4.0,2026-08-28,reviewed,true
built-in-mythology-religion-philosophy-accessible-corpus-040,built-in-mythology-religion-philosophy,"Mythology, Religion, and Philosophy",built-in-mythology-religion-philosophy-set-008,board,round-one,5,easy,greek-roman,"Mythology, Religion & Philosophy: Celtic Legends",,Which female spirit in Irish folklore warns of a family death with a mournful cry?,Milline Iiri folkloori naisvaim hoiatab leinalise häälitsusega perekonnas saabuvast surmast?,a banshee,banshee,bean sí;bean sidhe,bean sí;surmahaldjas,The banshee’s lament is traditionally heard as an omen that someone in a particular family will die.,"Banshee itku peetakse pärimuses endeks, et kindlas perekonnas sureb keegi.",Banshee — Wikipedia,https://en.wikipedia.org/wiki/Banshee,CC-BY-SA-4.0,2026-08-28,reviewed,true
built-in-mythology-religion-philosophy-accessible-corpus-041,built-in-mythology-religion-philosophy,"Mythology, Religion, and Philosophy",built-in-mythology-religion-philosophy-set-009,board,round-one,1,easy,greek-roman,"Mythology, Religion & Philosophy: Baltic Mythology",,What golden fossil resin found on Baltic beaches is often called the gold of the Baltic?,Millist Läänemere randadelt leitavat kuldset fossiilset vaiku nimetatakse sageli Läänemere kullaks?,amber,merevaik,Baltic amber,Balti merevaik,Amber from ancient tree resin has been collected and traded around the Baltic Sea for thousands of years.,Muistsest puuvaigust tekkinud merevaiku on Läänemere ääres kogutud ja kaubeldud tuhandeid aastaid.,Amber — Wikipedia,https://en.wikipedia.org/wiki/Amber,CC-BY-SA-4.0,2026-08-28,reviewed,true
built-in-mythology-religion-philosophy-accessible-corpus-042,built-in-mythology-religion-philosophy,"Mythology, Religion, and Philosophy",built-in-mythology-religion-philosophy-set-009,board,round-one,2,easy,greek-roman,"Mythology, Religion & Philosophy: Baltic Mythology",,What mythical plant blossom do people seek on midsummer night in Baltic folklore?,Millist müütilist taimeõit otsitakse Balti rahvapärimuses jaaniööl?,the fern flower,sõnajalaõis,fern blossom,sõnajala õis,"Ferns do not truly flower, but folklore promises luck or hidden treasure to the person who finds the magical blossom.","Sõnajalad tegelikult ei õitse, kuid pärimus lubab võluõie leidjale õnne või peidetud varandust.",Fern flower — Wikipedia,https://en.wikipedia.org/wiki/Fern_flower,CC-BY-SA-4.0,2026-08-28,reviewed,true
built-in-mythology-religion-philosophy-accessible-corpus-043,built-in-mythology-religion-philosophy,"Mythology, Religion, and Philosophy",built-in-mythology-religion-philosophy-set-009,board,round-one,3,easy,greek-roman,"Mythology, Religion & Philosophy: Baltic Mythology",,What Estonian word names a sacred natural grove traditionally used for worship?,Milline eesti sõna tähistab looduslikku pühapaika või püha salu?,a hiis,hiis,,,A hiis is a protected natural sacred place associated with communal rites and traditional belief.,"Hiis on kaitstud looduslik pühapaik, mida seostatakse kogukondlike rituaalide ja pärimusliku usuga.",Sacred grove — Wikipedia,https://en.wikipedia.org/wiki/Sacred_grove,CC-BY-SA-4.0,2026-08-28,reviewed,true
built-in-mythology-religion-philosophy-accessible-corpus-044,built-in-mythology-religion-philosophy,"Mythology, Religion, and Philosophy",built-in-mythology-religion-philosophy-set-009,board,round-one,4,easy,greek-roman,"Mythology, Religion & Philosophy: Baltic Mythology",,Which Lithuanian underworld figure later blended with the Christian devil in folklore?,Milline Leedu allilmategelane sulandus rahvapärimuses hiljem kristliku kuradiga?,Velnias,Velnias,Velinas,Velinas,Velnias has roots in pre-Christian Baltic belief and later appears as a devil-like folklore character.,Velnias pärineb kristluseelsest Balti usundist ning esineb hiljem kuraditaolise rahvajututegelasena.,Velnias — Wikipedia,https://en.wikipedia.org/wiki/Velnias,CC-BY-SA-4.0,2026-08-28,reviewed,true
built-in-mythology-religion-philosophy-accessible-corpus-045,built-in-mythology-religion-philosophy,"Mythology, Religion, and Philosophy",built-in-mythology-religion-philosophy-set-009,board,round-one,5,easy,greek-roman,"Mythology, Religion & Philosophy: Baltic Mythology",,Which sea goddess in a Lithuanian legend lives in an amber palace and falls in love with the fisherman Kastytis?,Milline merejumalanna elab Leedu muistendis merevaigulossis ja armub kalur Kastytisesse?,Jūratė,Jūratė,Jurate,Jurate,"Perkūnas destroys Jūratė’s underwater palace after learning of her forbidden love, according to a familiar version of the legend.","Levinud muistendiversiooni järgi purustab Perkūnas Jūratė veealuse lossi, kui saab teada tema keelatud armastusest.",Jūratė and Kastytis — Wikipedia,https://en.wikipedia.org/wiki/J%C5%ABrat%C4%97_and_Kastytis,CC-BY-SA-4.0,2026-08-28,reviewed,true
built-in-mythology-religion-philosophy-accessible-corpus-046,built-in-mythology-religion-philosophy,"Mythology, Religion, and Philosophy",built-in-mythology-religion-philosophy-set-010,board,round-one,1,easy,greek-roman,"Mythology, Religion & Philosophy: Estonian Folklore",,Which giant hero gives Estonia’s national epic its title?,Milline hiidkangelane annab Eesti rahvuseeposele pealkirja?,Kalevipoeg,Kalevipoeg,,,"Kalevipoeg, the son of Kalev, is the central hero of the epic compiled by Friedrich Reinhold Kreutzwald.",Kalevipoeg ehk Kalevi poeg on Friedrich Reinhold Kreutzwaldi koostatud eepose keskne kangelane.,Kalevipoeg — Wikipedia,https://en.wikipedia.org/wiki/Kalevipoeg,CC-BY-SA-4.0,2026-08-28,reviewed,true
built-in-mythology-religion-philosophy-accessible-corpus-047,built-in-mythology-religion-philosophy,"Mythology, Religion, and Philosophy",built-in-mythology-religion-philosophy-set-010,board,round-one,2,easy,greek-roman,"Mythology, Religion & Philosophy: Estonian Folklore",,Which clumsy devil-like figure is repeatedly outwitted in Estonian folk tales?,Milline kohmakas kuraditaoline tegelane jääb Eesti rahvajuttudes korduvalt ninapidi veetuks?,Vanapagan,Vanapagan,Old Heathen,vana pagan,Vanapagan often appears as a strong but foolish opponent whom a clever human can trick.,"Vanapagan esineb sageli tugeva, kuid rumala vastasena, kelle kaval inimene üle kavaldab.",Vanapagan — Wikipedia,https://en.wikipedia.org/wiki/Vanapagan,CC-BY-SA-4.0,2026-08-28,reviewed,true
built-in-mythology-religion-philosophy-accessible-corpus-048,built-in-mythology-religion-philosophy,"Mythology, Religion, and Philosophy",built-in-mythology-religion-philosophy-set-010,board,round-one,3,easy,greek-roman,"Mythology, Religion & Philosophy: Estonian Folklore",,Which servant made from household objects flies to steal wealth after its owner bargains for a soul?,"Milline kodustest esemetest valmistatud teenija lendab rikkust varastama pärast seda, kui omanik hinge peale kaupa teeb?",a kratt,kratt,kratt creature,tulihänd,An Estonian kratt is animated through a pact with the devil and must be kept constantly at work.,Eesti kratt äratatakse ellu kuradiga sõlmitud lepingu kaudu ning talle tuleb pidevalt tööd anda.,Kratt — Wikipedia,https://en.wikipedia.org/wiki/Kratt,CC-BY-SA-4.0,2026-08-28,reviewed,true
built-in-mythology-religion-philosophy-accessible-corpus-049,built-in-mythology-religion-philosophy,"Mythology, Religion, and Philosophy",built-in-mythology-religion-philosophy-set-010,board,round-one,4,easy,greek-roman,"Mythology, Religion & Philosophy: Estonian Folklore",,Which alluring Estonian water spirit may lure people into a lake or river?,Milline ahvatlev Eesti veevaim võib inimesi järve või jõkke meelitada?,näkk,näkk,näkki;neck,näkineid,The näkk belongs to a northern European family of water spirits whose beauty or music conceals danger.,"Näkk kuulub Põhja-Euroopa veevaimude hulka, kelle ilu või muusika varjab ohtu.",Neck (water spirit) — Wikipedia,https://en.wikipedia.org/wiki/Neck_(water_spirit),CC-BY-SA-4.0,2026-08-28,reviewed,true
built-in-mythology-religion-philosophy-accessible-corpus-050,built-in-mythology-religion-philosophy,"Mythology, Religion, and Philosophy",built-in-mythology-religion-philosophy-set-010,board,round-one,5,easy,greek-roman,"Mythology, Religion & Philosophy: Estonian Folklore",,Which giant hero of Saaremaa throws huge stones and fights enemies from across the sea?,Milline Saaremaa hiidkangelane heidab suuri kive ja võitleb üle mere tulnud vaenlastega?,Suur Tõll,Suur Tõll,Toell the Great,Tõll,Saaremaa legends make Suur Tõll a mighty protector whose landscape-shaping deeds explain local boulders and places.,"Saaremaa muistendites on Suur Tõll vägev kaitsja, kelle maastikku kujundavad teod seletavad kohalikke rahne ja paiku.",Suur Tõll — Wikipedia,https://en.wikipedia.org/wiki/Suur_T%C3%B5ll,CC-BY-SA-4.0,2026-08-28,reviewed,true
built-in-mythology-religion-philosophy-accessible-corpus-051,built-in-mythology-religion-philosophy,"Mythology, Religion, and Philosophy",built-in-mythology-religion-philosophy-set-011,board,round-one,1,easy,norse,"Mythology, Religion & Philosophy: The Finnish Kalevala",,Which wise old singer and kantele player is the central hero of the epic?,Milline tark vana laulja ja kandlemängija on eepose keskne kangelane?,Väinämöinen,Väinämöinen,Vainamoinen,Vainamoinen,"Väinämöinen’s songs possess magical power, and his journeys frame much of the Kalevala.",Väinämöise lauludel on võlujõud ning tema rännakud raamivad suurt osa „Kalevalast”.,Väinämöinen — Wikipedia,https://en.wikipedia.org/wiki/V%C3%A4in%C3%A4m%C3%B6inen,CC-BY-SA-4.0,2026-08-28,reviewed,true
built-in-mythology-religion-philosophy-accessible-corpus-052,built-in-mythology-religion-philosophy,"Mythology, Religion, and Philosophy",built-in-mythology-religion-philosophy-set-011,board,round-one,2,easy,norse,"Mythology, Religion & Philosophy: The Finnish Kalevala",,What mysterious prosperity-making object is forged and later fought over?,Milline salapärane jõukust tootev ese sepistatakse ja muutub hiljem võitluse põhjuseks?,the Sampo,Sampo,Sampo,sampo,The Sampo is a magical device that brings wealth to Pohjola until the heroes try to take it.,"Sampo on võluseade, mis toob Põhjalale rikkust, kuni kangelased püüavad selle ära võtta.",Sampo — Wikipedia,https://en.wikipedia.org/wiki/Sampo,CC-BY-SA-4.0,2026-08-28,reviewed,true
built-in-mythology-religion-philosophy-accessible-corpus-053,built-in-mythology-religion-philosophy,"Mythology, Religion, and Philosophy",built-in-mythology-religion-philosophy-set-011,board,round-one,3,easy,norse,"Mythology, Religion & Philosophy: The Finnish Kalevala",,Which powerful mistress rules the northern land of Pohjola and sets heroes difficult tasks?,Milline võimas emand valitseb põhjapoolset Põhjalat ja seab kangelastele raskeid ülesandeid?,Louhi,Louhi,,,"Louhi is Pohjola’s formidable ruler, magician and principal opponent of the Kalevala heroes.","Louhi on Põhjala võimas valitseja, nõid ja „Kalevala” kangelaste peamine vastane.",Louhi — Wikipedia,https://en.wikipedia.org/wiki/Louhi,CC-BY-SA-4.0,2026-08-28,reviewed,true
built-in-mythology-religion-philosophy-accessible-corpus-054,built-in-mythology-religion-philosophy,"Mythology, Religion, and Philosophy",built-in-mythology-religion-philosophy-set-011,board,round-one,4,easy,norse,"Mythology, Religion & Philosophy: The Finnish Kalevala",,Which eternal smith forges the Sampo?,Milline igavene sepp sepistab Sampo?,Ilmarinen,Ilmarinen,Seppo Ilmarinen,sepp Ilmarinen,Ilmarinen is the master smith whose greatest achievement is forging the magical Sampo.,"Ilmarinen on meistersepp, kelle suurim saavutus on võlusampo sepistamine.",Ilmarinen — Wikipedia,https://en.wikipedia.org/wiki/Ilmarinen,CC-BY-SA-4.0,2026-08-28,reviewed,true
built-in-mythology-religion-philosophy-accessible-corpus-055,built-in-mythology-religion-philosophy,"Mythology, Religion, and Philosophy",built-in-mythology-religion-philosophy-set-011,board,round-one,5,easy,norse,"Mythology, Religion & Philosophy: The Finnish Kalevala",,"Which tragic youth grows up enslaved, seeks revenge and ultimately falls on his own sword?","Milline traagiline noormees kasvab orjana, otsib kättemaksu ja langeb lõpuks oma mõõga otsa?",Kullervo,Kullervo,,,"Kullervo’s cycle is one of the epic’s darkest stories, driven by abuse, revenge and disastrous recognition.","Kullervo-tsükkel on eepose üks süngemaid lugusid, mida kannavad väärkohtlemine, kättemaks ja hukatuslik äratundmine.",Kullervo — Wikipedia,https://en.wikipedia.org/wiki/Kullervo,CC-BY-SA-4.0,2026-08-28,reviewed,true
built-in-mythology-religion-philosophy-accessible-corpus-056,built-in-mythology-religion-philosophy,"Mythology, Religion, and Philosophy",built-in-mythology-religion-philosophy-set-012,board,round-one,1,easy,norse,"Mythology, Religion & Philosophy: Creation Myths",,Which first book of the Bible opens with God creating heaven and earth?,"Milline Piibli esimene raamat algab sellega, et Jumal loob taeva ja maa?",Genesis,Esimene Moosese raamat,Book of Genesis,1. Moosese raamat;Genesis,Genesis contains the biblical creation narratives and begins the Jewish Torah and Christian Old Testament.,Esimeses Moosese raamatus on piibellikud loomislood ning sellega algavad juudi Toora ja kristlik Vana Testament.,Book of Genesis — Wikipedia,https://en.wikipedia.org/wiki/Book_of_Genesis,CC-BY-SA-4.0,2026-08-28,reviewed,true
built-in-mythology-religion-philosophy-accessible-corpus-057,built-in-mythology-religion-philosophy,"Mythology, Religion, and Philosophy",built-in-mythology-religion-philosophy-set-012,board,round-one,2,easy,norse,"Mythology, Religion & Philosophy: Creation Myths",,"In Hesiod’s Greek creation story, what primordial state or gap exists first?",Milline algolek või tühimik eksisteerib Hesiodose Kreeka loomisloos esimesena?,Chaos,Chaos,Khaos,Kaos;Khaos,"Hesiod’s Theogony begins with Chaos, followed by powers including Gaia and Eros.","Hesiodose „Theogonia” algab Chaosest, millele järgnevad muu hulgas Gaia ja Eros.",Chaos (cosmogony) — Wikipedia,https://en.wikipedia.org/wiki/Chaos_(cosmogony),CC-BY-SA-4.0,2026-08-28,reviewed,true
built-in-mythology-religion-philosophy-accessible-corpus-058,built-in-mythology-religion-philosophy,"Mythology, Religion, and Philosophy",built-in-mythology-religion-philosophy-set-012,board,round-one,3,easy,norse,"Mythology, Religion & Philosophy: Creation Myths",,"According to Norse myth, whose body becomes the earth, sea and sky after Odin and his brothers kill him?","Kelle kehast saavad Põhjala müüdi järgi maa, meri ja taevas pärast seda, kui Odin ja ta vennad ta tapavad?",Ymir,Ymir,Aurgelmir,Aurgelmir,"The gods shape the ordered world from the primordial giant Ymir’s flesh, blood, bones and skull.","Jumalad kujundavad ürghiiglase Ymiri lihast, verest, luudest ja koljust korrastatud maailma.",Ymir — Wikipedia,https://en.wikipedia.org/wiki/Ymir,CC-BY-SA-4.0,2026-08-28,reviewed,true
built-in-mythology-religion-philosophy-accessible-corpus-059,built-in-mythology-religion-philosophy,"Mythology, Religion, and Philosophy",built-in-mythology-religion-philosophy-set-012,board,round-one,4,easy,norse,"Mythology, Religion & Philosophy: Creation Myths",,"In many Hindu traditions, which deity performs the role of creator within the Trimurti?",Milline jumalus täidab paljudes hindu traditsioonides loojarolli Trimurti koosseisus?,Brahma,Brahma,,,"Brahma is conventionally described as the creator, alongside Vishnu the preserver and Shiva the destroyer.",Brahmat kirjeldatakse tavaliselt loojana Višnu kui säilitaja ja Šiva kui hävitaja kõrval.,Brahma — Wikipedia,https://en.wikipedia.org/wiki/Brahma,CC-BY-SA-4.0,2026-08-28,reviewed,true
built-in-mythology-religion-philosophy-accessible-corpus-060,built-in-mythology-religion-philosophy,"Mythology, Religion, and Philosophy",built-in-mythology-religion-philosophy-set-012,board,round-one,5,easy,norse,"Mythology, Religion & Philosophy: Creation Myths",,Which familiar object appears as a cosmic container from which the world or its creator hatches in several creation myths?,"Milline tuttav ese esineb mitmes loomisloos kosmilise anumina, millest koorub maailm või selle looja?",an egg,muna,a cosmic egg;world egg,maailmamuna;kosmiline muna,"World-egg myths imagine the cosmos, a creator or the first beings emerging when a primeval egg opens.","Maailmamuna müütides tekivad kosmos, looja või esimesed olendid ürgse muna avanemisel.",Cosmic egg — Wikipedia,https://en.wikipedia.org/wiki/Cosmic_egg,CC-BY-SA-4.0,2026-08-28,reviewed,true
built-in-mythology-religion-philosophy-accessible-corpus-061,built-in-mythology-religion-philosophy,"Mythology, Religion, and Philosophy",built-in-mythology-religion-philosophy-set-013,board,round-one,1,easy,norse,"Mythology, Religion & Philosophy: Flood Myths",,Who builds an ark in the biblical flood narrative?,Kes ehitab piibellikus veeuputusloos laeva?,Noah,Noa,Noe,Noah,Genesis says Noah builds the ark for his family and living creatures before the flood.,Esimese Moosese raamatu järgi ehitab Noa enne veeuputust laeva oma perele ja elusolenditele.,Noah — Wikipedia,https://en.wikipedia.org/wiki/Noah,CC-BY-SA-4.0,2026-08-28,reviewed,true
built-in-mythology-religion-philosophy-accessible-corpus-062,built-in-mythology-religion-philosophy,"Mythology, Religion, and Philosophy",built-in-mythology-religion-philosophy-set-013,board,round-one,2,easy,norse,"Mythology, Religion & Philosophy: Flood Myths",,What colourful sign appears after Noah’s flood as a symbol of God’s covenant with the earth?,Milline värviline märk ilmub pärast Noa veeuputust Jumala ja maa lepingu sümbolina?,a rainbow,vikerkaar,,,Genesis presents the rainbow in the clouds as the sign of the covenant after the flood.,Esimene Moosese raamat kujutab pilvedes vikerkaart veeuputusjärgse lepingu märgina.,Covenant (biblical) — Wikipedia,https://en.wikipedia.org/wiki/Covenant_(biblical),CC-BY-SA-4.0,2026-08-28,reviewed,true
built-in-mythology-religion-philosophy-accessible-corpus-063,built-in-mythology-religion-philosophy,"Mythology, Religion, and Philosophy",built-in-mythology-religion-philosophy-set-013,board,round-one,3,easy,norse,"Mythology, Religion & Philosophy: Flood Myths",,"Which ancient Mesopotamian epic includes a survivor’s account of a boat, a great flood and birds sent to find land?","Milline muistne Mesopotaamia eepos sisaldab pääsenu jutustust laevast, suurest veeuputusest ja maad otsima saadetud lindudest?",the Epic of Gilgamesh,„Gilgameši eepos”,Gilgamesh,Gilgameši eepos;Gilgameš,"In the Epic of Gilgamesh, Utnapishtim tells Gilgamesh how he survived a divinely sent flood.","„Gilgameši eeposes” jutustab Utnapištim Gilgamešile, kuidas ta jumalate saadetud veeuputuse üle elas.",Epic of Gilgamesh — Wikipedia,https://en.wikipedia.org/wiki/Epic_of_Gilgamesh,CC-BY-SA-4.0,2026-08-28,reviewed,true
built-in-mythology-religion-philosophy-accessible-corpus-064,built-in-mythology-religion-philosophy,"Mythology, Religion, and Philosophy",built-in-mythology-religion-philosophy-set-013,board,round-one,4,easy,norse,"Mythology, Religion & Philosophy: Flood Myths",,Which familiar Greek god sends the flood survived by Deucalion and Pyrrha?,"Milline tuntud Kreeka jumal saadab veeuputuse, mille elavad üle Deukalion ja Pyrrha?",Zeus,Zeus,,,"In the Greek flood myth, Zeus sends the deluge and Deucalion and Pyrrha survive in a chest.",Kreeka veeuputusmüüdis saadab Zeus uputuse ning Deukalion ja Pyrrha pääsevad kirstulaadses anumas.,Deucalion — Wikipedia,https://en.wikipedia.org/wiki/Deucalion,CC-BY-SA-4.0,2026-08-28,reviewed,true
built-in-mythology-religion-philosophy-accessible-corpus-065,built-in-mythology-religion-philosophy,"Mythology, Religion, and Philosophy",built-in-mythology-religion-philosophy-set-013,board,round-one,5,easy,norse,"Mythology, Religion & Philosophy: Flood Myths",,Which Hindu deity takes the fish form Matsya and warns Manu about a coming flood?,Milline hindu jumalus võtab kala Matsya kuju ja hoiatab Manut saabuva veeuputuse eest?,Vishnu,Višnu,Visnu,Vishnu,"Matsya is Vishnu’s fish avatar, who guides Manu’s boat to safety during the deluge.","Matsya on Višnu kala-avatar, kes juhib Manu paadi veeuputuse ajal ohutusse kohta.",Matsya — Wikipedia,https://en.wikipedia.org/wiki/Matsya,CC-BY-SA-4.0,2026-08-28,reviewed,true
built-in-mythology-religion-philosophy-accessible-corpus-066,built-in-mythology-religion-philosophy,"Mythology, Religion, and Philosophy",built-in-mythology-religion-philosophy-set-014,board,round-one,1,easy,norse,"Mythology, Religion & Philosophy: Mythical Tricksters",,Which West African and Caribbean trickster often appears as a spider and wins through clever stories?,Milline Lääne-Aafrika ja Kariibi trikster esineb sageli ämblikuna ning võidab kavalate lugude abil?,Anansi,Anansi,Ananse,Ananse,Anansi comes from Akan tradition and became a central folk character across the African diaspora.,Anansi pärineb akani pärimusest ja temast sai keskne rahvajututegelane kogu Aafrika diasporaas.,Anansi — Wikipedia,https://en.wikipedia.org/wiki/Anansi,CC-BY-SA-4.0,2026-08-28,reviewed,true
built-in-mythology-religion-philosophy-accessible-corpus-067,built-in-mythology-religion-philosophy,"Mythology, Religion, and Philosophy",built-in-mythology-religion-philosophy-set-014,board,round-one,2,easy,norse,"Mythology, Religion & Philosophy: Mythical Tricksters",,Which talkative animal trickster shapes the world and causes trouble in many Indigenous North American traditions?,Milline jutukas loomtrikster kujundab maailma ja põhjustab pahandusi paljudes Põhja-Ameerika põlisrahvaste pärimustes?,Coyote,Koiott,the Coyote,koiott,"Coyote can be creator, culture hero, fool or deceiver depending on the particular nation and story.","Koiott võib olenevalt rahvast ja loost olla looja, kultuurikangelane, narr või petis.",Coyote (mythology) — Wikipedia,https://en.wikipedia.org/wiki/Coyote_(mythology),CC-BY-SA-4.0,2026-08-28,reviewed,true
built-in-mythology-religion-philosophy-accessible-corpus-068,built-in-mythology-religion-philosophy,"Mythology, Religion, and Philosophy",built-in-mythology-religion-philosophy-set-014,board,round-one,3,easy,norse,"Mythology, Religion & Philosophy: Mythical Tricksters",,"Which black bird steals or releases the sun, moon and stars in stories of several Pacific Northwest peoples?","Milline must lind varastab või vabastab Vaikse ookeani looderanniku rahvaste lugudes päikese, kuu ja tähed?",Raven,Kaaren,the Raven,ronk,"Raven is a transformer and trickster in many Northwest Coast traditions, including tales about bringing light.","Kaaren on paljudes looderanniku pärimustes muundaja ja trikster, sealhulgas valguse toomise lugudes.",Raven Tales — Wikipedia,https://en.wikipedia.org/wiki/Raven_Tales,CC-BY-SA-4.0,2026-08-28,reviewed,true
built-in-mythology-religion-philosophy-accessible-corpus-069,built-in-mythology-religion-philosophy,"Mythology, Religion, and Philosophy",built-in-mythology-religion-philosophy-set-014,board,round-one,4,easy,norse,"Mythology, Religion & Philosophy: Mythical Tricksters",,Which Polynesian culture hero snares the sun so people have more daylight for their work?,"Milline Polüneesia kultuurikangelane püüab päikese kinni, et inimestel oleks tööks rohkem päevavalgust?",Māui,Māui,Maui,Maui,Versions across Polynesia credit Māui with slowing or controlling the sun’s rapid journey.,Polüneesia eri lugudes omistatakse Māuile päikese kiire teekonna aeglustamine või ohjeldamine.,Māui (mythology) — Wikipedia,https://en.wikipedia.org/wiki/M%C4%81ui_(mythology),CC-BY-SA-4.0,2026-08-28,reviewed,true
built-in-mythology-religion-philosophy-accessible-corpus-070,built-in-mythology-religion-philosophy,"Mythology, Religion, and Philosophy",built-in-mythology-religion-philosophy-set-014,board,round-one,5,easy,norse,"Mythology, Religion & Philosophy: Mythical Tricksters",,"Which animal appears as the shapeshifting kitsune of Japanese folklore, sometimes playing tricks and sometimes acting as a guardian?","Milline loom esineb Jaapani rahvapärimuse kujumuutja kitsune’na, kes vahel teeb vempe ja vahel tegutseb kaitsjana?",a fox,rebane,fox,rebasevaim,Kitsune are magical foxes in Japanese folklore whose stories range from mischievous deception to loyal protection.,"Kitsune’d on Jaapani rahvapärimuse võlurebased, kelle lood ulatuvad vallatust pettusest ustava kaitsmiseni.",Kitsune — Wikipedia,https://en.wikipedia.org/wiki/Kitsune,CC-BY-SA-4.0,2026-08-28,reviewed,true
built-in-mythology-religion-philosophy-accessible-corpus-071,built-in-mythology-religion-philosophy,"Mythology, Religion, and Philosophy",built-in-mythology-religion-philosophy-set-015,board,round-one,1,easy,norse,"Mythology, Religion & Philosophy: Heroic Quests",,What sacred vessel do Arthur’s knights seek in medieval romance?,Millist püha anumat otsivad Arturi rüütlid keskaegsetes rüütliromaanides?,the Holy Grail,Püha Graal,Grail,Graal,Grail romances turn the search for the mysterious vessel into a test of spiritual and knightly worth.,Graaliromaanid muudavad salapärase anuma otsingu vaimse ja rüütelliku väärikuse prooviks.,Holy Grail — Wikipedia,https://en.wikipedia.org/wiki/Holy_Grail,CC-BY-SA-4.0,2026-08-28,reviewed,true
built-in-mythology-religion-philosophy-accessible-corpus-072,built-in-mythology-religion-philosophy,"Mythology, Religion, and Philosophy",built-in-mythology-religion-philosophy-set-015,board,round-one,2,easy,norse,"Mythology, Religion & Philosophy: Heroic Quests",,Which leader of the Argonauts sails to Colchis for the Golden Fleece?,Milline argonautide juht purjetab Kolchisesse kuldvillaku järele?,Jason,Iason,Jason,Jason,Jason commands the Argo and wins the Golden Fleece with crucial help from Medea.,Iason juhib Argot ja võidab kuldvillaku Medeia otsustava abiga.,Jason — Wikipedia,https://en.wikipedia.org/wiki/Jason,CC-BY-SA-4.0,2026-08-28,reviewed,true
built-in-mythology-religion-philosophy-accessible-corpus-073,built-in-mythology-religion-philosophy,"Mythology, Religion, and Philosophy",built-in-mythology-religion-philosophy-set-015,board,round-one,3,easy,norse,"Mythology, Religion & Philosophy: Heroic Quests",,Which Mesopotamian king journeys in search of immortality after the death of Enkidu?,Milline Mesopotaamia kuningas asub pärast Enkidu surma surematust otsima?,Gilgamesh,Gilgameš,Gilgameš,Gilgamesh,Gilgamesh reaches Utnapishtim but learns that permanent human immortality is beyond his grasp.,"Gilgameš jõuab Utnapištimini, kuid õpib, et püsiv inimlik surematus jääb talle kättesaamatuks.",Gilgamesh — Wikipedia,https://en.wikipedia.org/wiki/Gilgamesh,CC-BY-SA-4.0,2026-08-28,reviewed,true
built-in-mythology-religion-philosophy-accessible-corpus-074,built-in-mythology-religion-philosophy,"Mythology, Religion, and Philosophy",built-in-mythology-religion-philosophy-set-015,board,round-one,4,easy,norse,"Mythology, Religion & Philosophy: Heroic Quests",,Which Chinese novel sends the monk Tang Sanzang and the Monkey King westward to obtain Buddhist scriptures?,Milline Hiina romaan saadab munk Tang Sanzangi ja Ahvikuninga läände budistlikke pühakirju tooma?,Journey to the West,„Teekond läände”,The Journey to the West,Teekond läände,The pilgrims face monsters and trials on a legendary version of the historical journey to India.,Palverändurid kohtavad ajaloolise India-teekonna legendaarses versioonis koletisi ja katsumusi.,Journey to the West — Wikipedia,https://en.wikipedia.org/wiki/Journey_to_the_West,CC-BY-SA-4.0,2026-08-28,reviewed,true
built-in-mythology-religion-philosophy-accessible-corpus-075,built-in-mythology-religion-philosophy,"Mythology, Religion, and Philosophy",built-in-mythology-religion-philosophy-set-015,board,round-one,5,easy,norse,"Mythology, Religion & Philosophy: Heroic Quests",,What legendary golden city or kingdom did many European explorers seek in South America?,Millist legendaarset kuldset linna või kuningriiki otsisid paljud Euroopa maadeavastajad Lõuna-Ameerikast?,El Dorado,El Dorado,Eldorado,Eldorado,The story began with a gilded ruler and grew into a legend of a fabulously rich lost city.,Lugu sai alguse kullatud valitsejast ja kasvas legendiks muinasjutuliselt rikkast kadunud linnast.,El Dorado — Wikipedia,https://en.wikipedia.org/wiki/El_Dorado,CC-BY-SA-4.0,2026-08-28,reviewed,true
built-in-mythology-religion-philosophy-accessible-corpus-076,built-in-mythology-religion-philosophy,"Mythology, Religion, and Philosophy",built-in-mythology-religion-philosophy-set-016,board,round-one,1,easy,norse,"Mythology, Religion & Philosophy: Legendary Objects",,Which container releases the world’s troubles when curiosity leads it to be opened?,"Millisest anumast pääsevad maailma hädad välja, kui uudishimu viib selle avamiseni?",Pandora’s box,Pandora laegas,Pandora’s jar;Pandoras box,Pandora karp;Pandora anum,The earliest Greek text describes a jar; “Pandora’s box” became the familiar later expression.,Varaseim Kreeka tekst kirjeldab suurt anumat; „Pandora laegas” sai tuttavaks hilisemaks väljendiks.,Pandora’s box — Wikipedia,https://en.wikipedia.org/wiki/Pandora%27s_box,CC-BY-SA-4.0,2026-08-28,reviewed,true
built-in-mythology-religion-philosophy-accessible-corpus-077,built-in-mythology-religion-philosophy,"Mythology, Religion, and Philosophy",built-in-mythology-religion-philosophy-set-016,board,round-one,2,easy,norse,"Mythology, Religion & Philosophy: Legendary Objects",,Which legendary sword is returned to the Lady of the Lake after Arthur’s final battle?,Milline legendaarne mõõk tagastatakse pärast Arthuri viimast lahingut Järvedaamile?,Excalibur,Excalibur,,,"In a familiar ending of Arthurian legend, a surviving knight casts Excalibur back into the lake.",Arturi-legendide tuttavas lõpus viskab ellujäänud rüütel Excaliburi tagasi järve.,Excalibur — Wikipedia,https://en.wikipedia.org/wiki/Excalibur,CC-BY-SA-4.0,2026-08-28,reviewed,true
built-in-mythology-religion-philosophy-accessible-corpus-078,built-in-mythology-religion-philosophy,"Mythology, Religion, and Philosophy",built-in-mythology-religion-philosophy-set-016,board,round-one,3,easy,norse,"Mythology, Religion & Philosophy: Legendary Objects",,Which weapon’s name means Thor’s hammer and is said to return after being thrown?,Milline relv on Thori vasar ja naaseb pärimuse järgi pärast heitmist?,Mjölnir,Mjölnir,Mjolnir,Mjolnir,"Mjölnir is Thor’s supernatural hammer, used against giants and carried as a protective symbol.","Mjölnir on Thori üleloomulik vasar, mida kasutatakse hiiglaste vastu ja kantakse kaitsesümbolina.",Mjölnir — Wikipedia,https://en.wikipedia.org/wiki/Mj%C3%B6lnir,CC-BY-SA-4.0,2026-08-28,reviewed,true
built-in-mythology-religion-philosophy-accessible-corpus-079,built-in-mythology-religion-philosophy,"Mythology, Religion, and Philosophy",built-in-mythology-religion-philosophy-set-016,board,round-one,4,easy,norse,"Mythology, Religion & Philosophy: Legendary Objects",,Which legendary alchemical substance could supposedly turn base metals into gold?,Milline legendaarne alkeemiline aine pidi väidetavalt muutma lihtmetallid kullaks?,the philosopher’s stone,tarkade kivi,philosophers stone,filosoofide kivi,Alchemy credited the philosopher’s stone with transmutation and sometimes with producing an elixir of life.,Alkeemias omistati tarkade kivile metallide muundamise ja vahel ka elueliksiiri valmistamise võime.,Philosopher’s stone — Wikipedia,https://en.wikipedia.org/wiki/Philosopher%27s_stone,CC-BY-SA-4.0,2026-08-28,reviewed,true
built-in-mythology-religion-philosophy-accessible-corpus-080,built-in-mythology-religion-philosophy,"Mythology, Religion, and Philosophy",built-in-mythology-religion-philosophy-set-016,board,round-one,5,easy,norse,"Mythology, Religion & Philosophy: Legendary Objects",,Which spear belonging to Odin has a name commonly interpreted as “the swaying one”?,"Milline Odinile kuuluv oda kannab nime, mida tõlgendatakse tavaliselt „võnkujana”?",Gungnir,Gungnir,,,Gungnir is Odin’s spear; its Old Norse name is commonly interpreted as “the swaying one”.,Gungnir on Odini oda ning selle vanapõhja nime tõlgendatakse tavaliselt „võnkujana”.,Gungnir — Wikipedia,https://en.wikipedia.org/wiki/Gungnir,CC-BY-SA-4.0,2026-08-28,reviewed,true
built-in-mythology-religion-philosophy-accessible-corpus-081,built-in-mythology-religion-philosophy,"Mythology, Religion, and Philosophy",built-in-mythology-religion-philosophy-set-017,board,round-two,1,easy,norse,"Mythology, Religion & Philosophy: Dragons in Legend",,Which saint is traditionally shown on horseback rescuing a princess by killing a dragon?,Millist pühakut kujutatakse traditsiooniliselt ratsul printsessi päästmas ja lohet tapmas?,Saint George,püha Jüri,St George;George,Püha Georg;Jüri,The medieval legend of Saint George and the Dragon became a major image of heroic Christian knighthood.,Keskaegsest püha Jüri ja lohe legendist sai kristliku rüütlikangelaslikkuse tähtis kujund.,Saint George and the Dragon — Wikipedia,https://en.wikipedia.org/wiki/Saint_George_and_the_Dragon,CC-BY-SA-4.0,2026-08-28,reviewed,true
built-in-mythology-religion-philosophy-accessible-corpus-082,built-in-mythology-religion-philosophy,"Mythology, Religion, and Philosophy",built-in-mythology-religion-philosophy-set-017,board,round-two,2,easy,norse,"Mythology, Religion & Philosophy: Dragons in Legend",,Which dragon occupies the treasure of the Lonely Mountain in The Hobbit?,Milline lohe hõivab „Kääbikus” Üksildase Mäe aarde?,Smaug,Smaug,,,Smaug drives the dwarves from Erebor and guards their hoard until Bilbo’s company arrives.,"Smaug ajab päkapikud Ereborist välja ja valvab nende aaret, kuni saabub Bilbo seltskond.",Smaug — Wikipedia,https://en.wikipedia.org/wiki/Smaug,CC-BY-SA-4.0,2026-08-28,reviewed,true
built-in-mythology-religion-philosophy-accessible-corpus-083,built-in-mythology-religion-philosophy,"Mythology, Religion, and Philosophy",built-in-mythology-religion-philosophy-set-017,board,round-two,3,easy,norse,"Mythology, Religion & Philosophy: Dragons in Legend",,Which figure in Germanic legend becomes a dragon to guard cursed gold and is slain by Sigurd?,Milline germaani legendi tegelane muutub neetud kulla valvamiseks loheks ja langeb Sigurdi käe läbi?,Fafnir,Fafnir,Fáfnir,Fáfnir,"Fafnir’s greed transforms him into a dragon, and Sigurd kills him from a pit beneath his path.",Ahnus muudab Fafniri loheks ning Sigurd tapab ta tema raja alla kaevatud august.,Fafnir — Wikipedia,https://en.wikipedia.org/wiki/Fafnir,CC-BY-SA-4.0,2026-08-28,reviewed,true
built-in-mythology-religion-philosophy-accessible-corpus-084,built-in-mythology-religion-philosophy,"Mythology, Religion, and Philosophy",built-in-mythology-religion-philosophy-set-017,board,round-two,4,easy,norse,"Mythology, Religion & Philosophy: Dragons in Legend",,"Which long, wingless-looking legendary creature is associated with rain and imperial power in China?","Millist pikka, näiliselt tiivutut legendiolendit seostatakse Hiinas vihma ja keiserliku võimuga?",the Chinese dragon,Hiina lohe,Chinese dragon;lóng,Hiina draakon;long,"Chinese dragons are generally auspicious beings connected with water, weather and authority.","Hiina lohed on enamasti soodsad olendid, keda seostatakse vee, ilma ja võimuga.",Chinese dragon — Wikipedia,https://en.wikipedia.org/wiki/Chinese_dragon,CC-BY-SA-4.0,2026-08-28,reviewed,true
built-in-mythology-religion-philosophy-accessible-corpus-085,built-in-mythology-religion-philosophy,"Mythology, Religion, and Philosophy",built-in-mythology-religion-philosophy-set-017,board,round-two,5,easy,norse,"Mythology, Religion & Philosophy: Dragons in Legend",,Which country places the legendary red dragon Y Ddraig Goch on its national flag?,Millise riigi lipul on legendaarne punane lohe Y Ddraig Goch?,Wales,Wales,,,"The flag of Wales shows Y Ddraig Goch, the red dragon long associated with Welsh tradition.","Walesi lipul on Y Ddraig Goch, punane lohe, mida seostatakse kaua Walesi pärimusega.",Flag of Wales — Wikipedia,https://en.wikipedia.org/wiki/Flag_of_Wales,CC-BY-SA-4.0,2026-08-28,reviewed,true
built-in-mythology-religion-philosophy-accessible-corpus-086,built-in-mythology-religion-philosophy,"Mythology, Religion, and Philosophy",built-in-mythology-religion-philosophy-set-018,board,round-two,1,easy,norse,"Mythology, Religion & Philosophy: Giants in Myth",,Which Philistine giant is defeated by the young David with a sling?,Millise vilistist hiiglase alistab noor Taavet linguga?,Goliath,Koljat,Goliath of Gath,Goliat,The biblical story contrasts the heavily armed Goliath with David’s sling and trust in God.,Piiblilugu vastandab raskelt relvastatud Koljatit Taaveti lingu ja usaldusega Jumala vastu.,Goliath — Wikipedia,https://en.wikipedia.org/wiki/Goliath,CC-BY-SA-4.0,2026-08-28,reviewed,true
built-in-mythology-religion-philosophy-accessible-corpus-087,built-in-mythology-religion-philosophy,"Mythology, Religion, and Philosophy",built-in-mythology-religion-philosophy-set-018,board,round-two,2,easy,norse,"Mythology, Religion & Philosophy: Giants in Myth",,Which giant lumberjack of North American tall tales travels with Babe the Blue Ox?,Milline Põhja-Ameerika pajatuslugude hiiglaslik metsatööline rändab koos sinise härja Babe’iga?,Paul Bunyan,Paul Bunyan,,,Paul Bunyan is a gigantic lumberjack hero whose exaggerated adventures reshape the landscape.,"Paul Bunyan on hiiglaslik metsatöölisest kangelane, kelle liialdatud seiklused muudavad maastikku.",Paul Bunyan — Wikipedia,https://en.wikipedia.org/wiki/Paul_Bunyan,CC-BY-SA-4.0,2026-08-28,reviewed,true
built-in-mythology-religion-philosophy-accessible-corpus-088,built-in-mythology-religion-philosophy,"Mythology, Religion, and Philosophy",built-in-mythology-religion-philosophy-set-018,board,round-two,3,easy,norse,"Mythology, Religion & Philosophy: Giants in Myth",,What collective name is used for the giant beings who frequently oppose and marry into the Norse gods?,"Millise koondnimetusega tuntakse hiidolendeid, kes Põhjala jumalatega sageli võitlevad ja ka abielluvad?",jötnar,jötunid,jotnar;jötunn;giants,jötunnid;hiiglased,"The jötnar are a diverse mythic group, not simply oversized monsters, and many gods have jötunn ancestry.","Jötunid on mitmekesine müütiline rühm, mitte lihtsalt ülekasvanud koletised, ning paljudel jumalatel on jötuni esivanemaid.",Jötunn — Wikipedia,https://en.wikipedia.org/wiki/J%C3%B6tunn,CC-BY-SA-4.0,2026-08-28,reviewed,true
built-in-mythology-religion-philosophy-accessible-corpus-089,built-in-mythology-religion-philosophy,"Mythology, Religion, and Philosophy",built-in-mythology-religion-philosophy-set-018,board,round-two,4,easy,norse,"Mythology, Religion & Philosophy: Giants in Myth",,Which Irish hero is said in folklore to have built the Giant’s Causeway toward Scotland?,Milline Iiri kangelane olevat rahvapärimuse järgi ehitanud Hiiglaste tee Šotimaa suunas?,Fionn mac Cumhaill,Fionn mac Cumhaill,Finn McCool;Finn MacCool,Finn McCool,A later popular legend explains the basalt columns as a causeway made by Fionn to meet a Scottish rival.,"Hilisem populaarne legend seletab basaltsambaid teena, mille Fionn ehitas Šoti vastasega kohtumiseks.",Fionn mac Cumhaill — Wikipedia,https://en.wikipedia.org/wiki/Fionn_mac_Cumhaill,CC-BY-SA-4.0,2026-08-28,reviewed,true
built-in-mythology-religion-philosophy-accessible-corpus-090,built-in-mythology-religion-philosophy,"Mythology, Religion, and Philosophy",built-in-mythology-religion-philosophy-set-018,board,round-two,5,easy,norse,"Mythology, Religion & Philosophy: Giants in Myth",,Which famous English stone circle did Geoffrey of Monmouth claim Merlin moved from a monument built by giants in Ireland?,Millise kuulsa Inglismaa kiviringi olevat Geoffrey Monmouthist väitel Merlin toonud Iirimaalt hiiglaste rajatud monumendist?,Stonehenge,Stonehenge,,,Geoffrey of Monmouth linked Stonehenge to the Giant’s Dance in Ireland and said Merlin transported its stones.,"Geoffrey Monmouthist sidus Stonehenge’i Iirimaa Hiiglaste tantsuga ja kirjutas, et Merlin vedas selle kivid ära.",Stonehenge — Wikipedia,https://en.wikipedia.org/wiki/Stonehenge,CC-BY-SA-4.0,2026-08-28,reviewed,true
built-in-mythology-religion-philosophy-accessible-corpus-091,built-in-mythology-religion-philosophy,"Mythology, Religion, and Philosophy",built-in-mythology-religion-philosophy-set-019,board,round-two,1,easy,norse,"Mythology, Religion & Philosophy: Mythical Underworlds",,What name is shared by the Greek realm of the dead and its ruler?,Millist nime kannavad nii Kreeka surnuteriik kui ka selle valitseja?,Hades,Hades,,,"In Greek tradition, Hades can mean the god and the underworld kingdom over which he rules.","Kreeka pärimuses võib Hades tähendada nii jumalat kui ka allilmariiki, mida ta valitseb.",Greek underworld — Wikipedia,https://en.wikipedia.org/wiki/Greek_underworld,CC-BY-SA-4.0,2026-08-28,reviewed,true
built-in-mythology-religion-philosophy-accessible-corpus-092,built-in-mythology-religion-philosophy,"Mythology, Religion, and Philosophy",built-in-mythology-religion-philosophy-set-019,board,round-two,2,easy,norse,"Mythology, Religion & Philosophy: Mythical Underworlds",,Which Norse realm receives many of those who die of sickness or old age and shares its name with its ruler?,Milline Põhjala riik võtab vastu paljud haiguse või vanaduse tõttu surnud ja jagab nime oma valitsejannaga?,Hel,Hel,Helheim,Helheim,"Hel is both a female being and the realm assigned to her, distinct from the warriors’ Valhalla.","Hel on nii naisolevus kui ka talle määratud riik, mis erineb sõdalaste Valhallast.",Hel (location) — Wikipedia,https://en.wikipedia.org/wiki/Hel_(location),CC-BY-SA-4.0,2026-08-28,reviewed,true
built-in-mythology-religion-philosophy-accessible-corpus-093,built-in-mythology-religion-philosophy,"Mythology, Religion, and Philosophy",built-in-mythology-religion-philosophy-set-019,board,round-two,3,easy,norse,"Mythology, Religion & Philosophy: Mythical Underworlds",,Through which Egyptian realm does the sun god travel at night while the dead face gates and judgement?,"Millise Egiptuse riigi läbib päikesejumal öösel, samal ajal kui surnud kohtavad väravaid ja kohtumõistmist?",the Duat,Duat,Duat,allilm Duat,The Duat is the Egyptian otherworld mapped in funerary texts as a place of nightly renewal and peril.,"Duat on Egiptuse teispoolsus, mida matusekirjandus kaardistab öise uuenemise ja ohtude paigana.",Duat — Wikipedia,https://en.wikipedia.org/wiki/Duat,CC-BY-SA-4.0,2026-08-28,reviewed,true
built-in-mythology-religion-philosophy-accessible-corpus-094,built-in-mythology-religion-philosophy,"Mythology, Religion, and Philosophy",built-in-mythology-religion-philosophy-set-019,board,round-two,4,easy,norse,"Mythology, Religion & Philosophy: Mythical Underworlds",,Which Maya underworld do the Hero Twins challenge in the Popol Vuh?,Millise maajade allilma isandatele esitavad kangelaskaksikud „Popol Vuhis” väljakutse?,Xibalba,Xibalba,,,The Popol Vuh portrays Xibalba as a dangerous realm of trials ruled by death lords.,„Popol Vuh” kujutab Xibalbat surmaisandate valitsetud ohtliku katsumuste riigina.,Xibalba — Wikipedia,https://en.wikipedia.org/wiki/Xibalba,CC-BY-SA-4.0,2026-08-28,reviewed,true
built-in-mythology-religion-philosophy-accessible-corpus-095,built-in-mythology-religion-philosophy,"Mythology, Religion, and Philosophy",built-in-mythology-religion-philosophy-set-019,board,round-two,5,easy,norse,"Mythology, Religion & Philosophy: Mythical Underworlds",,The shadowy land of the dead called Yomi belongs to the mythology of which country?,Millise riigi mütoloogias asub sünge surnuteriik nimega Yomi?,Japan,Jaapan,,,"Yomi is the land of the dead in Japanese mythology, entered by Izanagi while seeking Izanami.","Yomi on Jaapani mütoloogia surnuteriik, kuhu Izanagi läheb Izanamit otsima.",Yomi — Wikipedia,https://en.wikipedia.org/wiki/Yomi,CC-BY-SA-4.0,2026-08-28,reviewed,true
built-in-mythology-religion-philosophy-accessible-corpus-096,built-in-mythology-religion-philosophy,"Mythology, Religion, and Philosophy",built-in-mythology-religion-philosophy-set-020,board,round-two,1,easy,egyptian,"Mythology, Religion & Philosophy: Sacred Mountains",,Which Greek mountain is the mythological home of Zeus and the other Olympians?,Milline Kreeka mägi on mütoloogiline Zeusi ja teiste olümposlaste kodu?,Mount Olympus,Olümpose mägi,Olympus,Olympos;Olümpus,Greece’s tallest mountain became imagined as the divine seat of the Olympian gods.,Kreeka kõrgeimat mäge kujutleti Olümpose jumalate jumaliku asupaigana.,Mount Olympus — Wikipedia,https://en.wikipedia.org/wiki/Mount_Olympus,CC-BY-SA-4.0,2026-08-28,reviewed,true
built-in-mythology-religion-philosophy-accessible-corpus-097,built-in-mythology-religion-philosophy,"Mythology, Religion, and Philosophy",built-in-mythology-religion-philosophy-set-020,board,round-two,2,easy,egyptian,"Mythology, Religion & Philosophy: Sacred Mountains",,On which mountain does biblical tradition say Moses received the Ten Commandments?,Millisel mäel sai Mooses piiblipärimuse järgi kümme käsku?,Mount Sinai,Siinai mägi,Sinai,Siinai,Exodus places the covenant and giving of the commandments at Mount Sinai.,Teine Moosese raamat paigutab lepingu sõlmimise ja käskude andmise Siinai mäele.,Mount Sinai — Wikipedia,https://en.wikipedia.org/wiki/Mount_Sinai,CC-BY-SA-4.0,2026-08-28,reviewed,true
built-in-mythology-religion-philosophy-accessible-corpus-098,built-in-mythology-religion-philosophy,"Mythology, Religion, and Philosophy",built-in-mythology-religion-philosophy-set-020,board,round-two,3,easy,egyptian,"Mythology, Religion & Philosophy: Sacred Mountains",,Which snow-capped Japanese volcano has long been a destination for pilgrimage and artistic devotion?,Milline lumise tipuga Jaapani vulkaan on kaua olnud palverännaku ja kunstilise austuse sihtkoht?,Mount Fuji,Fuji,Fuji;Fuji-san,Fuji mägi;Fujisan,Fuji is sacred in Shinto and Buddhist traditions and has inspired pilgrimage routes and countless images.,Fuji on püha šintoistlikus ja budistlikus pärimuses ning on inspireerinud palverännuteid ja lugematuid kujutisi.,Mount Fuji — Wikipedia,https://en.wikipedia.org/wiki/Mount_Fuji,CC-BY-SA-4.0,2026-08-28,reviewed,true
built-in-mythology-religion-philosophy-accessible-corpus-099,built-in-mythology-religion-philosophy,"Mythology, Religion, and Philosophy",built-in-mythology-religion-philosophy-set-020,board,round-two,4,easy,egyptian,"Mythology, Religion & Philosophy: Sacred Mountains",,"Which Tibetan peak is sacred to Hinduism, Buddhism, Jainism and Bon and is circled by pilgrims?","Milline Tiibeti tipp on püha hinduismis, budismis, džainismis ja böni usundis ning mida palverändurid ümber käivad?",Mount Kailash,Kailaši mägi,Kailash,Kailash,"Pilgrims perform a ritual circuit around Kailash, while climbing the mountain itself is discouraged.","Palverändurid teevad ümber Kailaši rituaalse ringi, mäe enda otsa ronimist aga taunitakse.",Mount Kailash — Wikipedia,https://en.wikipedia.org/wiki/Mount_Kailash,CC-BY-SA-4.0,2026-08-28,reviewed,true
built-in-mythology-religion-philosophy-accessible-corpus-100,built-in-mythology-religion-philosophy,"Mythology, Religion, and Philosophy",built-in-mythology-religion-philosophy-set-020,board,round-two,5,easy,egyptian,"Mythology, Religion & Philosophy: Sacred Mountains",,Which great red sandstone monolith is sacred to the Aṉangu people of central Australia?,Milline suur punasest liivakivist monoliit on Kesk-Austraalia Aṉangu rahvale püha?,Uluru,Uluru,Ayers Rock,Ayers Rock,"Uluru is a living cultural landscape whose features carry Aṉangu law, stories and ceremonial meaning.","Uluru on elav kultuurmaastik, mille paikades on Aṉangu seadus, lood ja tseremoniaalne tähendus.",Uluru — Wikipedia,https://en.wikipedia.org/wiki/Uluru,CC-BY-SA-4.0,2026-08-28,reviewed,true
built-in-mythology-religion-philosophy-accessible-corpus-101,built-in-mythology-religion-philosophy,"Mythology, Religion, and Philosophy",built-in-mythology-religion-philosophy-set-021,board,round-two,1,easy,egyptian,"Mythology, Religion & Philosophy: The World's Major Religions",,Which world religion centres on the life and teachings of Jesus?,Milline maailmareligioon keskendub Jeesuse elule ja õpetustele?,Christianity,kristlus,Christian faith,ristiusk,"Christians understand Jesus as the Christ, and communities formed around his teachings in the first century.",Kristlased mõistavad Jeesust Kristusena ning tema õpetuste ümber kujunesid esimesel sajandil kogudused.,Christianity — Wikipedia,https://en.wikipedia.org/wiki/Christianity,CC-BY-SA-4.0,2026-08-28,reviewed,true
built-in-mythology-religion-philosophy-accessible-corpus-102,built-in-mythology-religion-philosophy,"Mythology, Religion, and Philosophy",built-in-mythology-religion-philosophy-set-021,board,round-two,2,easy,egyptian,"Mythology, Religion & Philosophy: The World's Major Religions",,"Which religion regards Muhammad as the final prophet in a line that includes Abraham, Moses and Jesus?","Milline religioon peab Muhammadi viimaseks prohvetiks reas, kuhu kuuluvad Aabraham, Mooses ja Jeesus?",Islam,islam,Muslim faith,islamiusk,Muslims regard Muhammad as God’s final messenger while also honouring earlier Abrahamic prophets.,Moslemid peavad Muhammadi Jumala viimaseks sõnumitoojaks ja austavad ka varasemaid Aabrahami traditsiooni prohveteid.,Islam — Wikipedia,https://en.wikipedia.org/wiki/Islam,CC-BY-SA-4.0,2026-08-28,reviewed,true
built-in-mythology-religion-philosophy-accessible-corpus-103,built-in-mythology-religion-philosophy,"Mythology, Religion, and Philosophy",built-in-mythology-religion-philosophy-set-021,board,round-two,3,easy,egyptian,"Mythology, Religion & Philosophy: The World's Major Religions",,"Which diverse family of traditions originating in India includes ideas such as dharma, karma and rebirth?","Milline Indiast pärinev mitmekesine traditsioonide pere hõlmab dharma, karma ja taassünni mõisteid?",Hinduism,hinduism,Hindu traditions,hindu usundid,"Hinduism has no single founder and encompasses many philosophies, forms of worship and deities.","Hinduismil pole üht rajajat ning see hõlmab paljusid filosoofiaid, jumalateenistusviise ja jumalusi.",Hinduism — Wikipedia,https://en.wikipedia.org/wiki/Hinduism,CC-BY-SA-4.0,2026-08-28,reviewed,true
built-in-mythology-religion-philosophy-accessible-corpus-104,built-in-mythology-religion-philosophy,"Mythology, Religion, and Philosophy",built-in-mythology-religion-philosophy-set-021,board,round-two,4,easy,egyptian,"Mythology, Religion & Philosophy: The World's Major Religions",,Which tradition founded in South Asia follows teachings attributed to the Buddha about awakening and suffering?,Milline Lõuna-Aasias tekkinud traditsioon järgib Buddhale omistatud õpetusi virgumisest ja kannatusest?,Buddhism,budism,Buddhist tradition,buddhausk,"Buddhist traditions trace their teachings to Siddhartha Gautama, known after awakening as the Buddha.",Budistlikud traditsioonid lähtuvad Siddhartha Gautama õpetustest; pärast virgumist tunti teda Buddhana.,Buddhism — Wikipedia,https://en.wikipedia.org/wiki/Buddhism,CC-BY-SA-4.0,2026-08-28,reviewed,true
built-in-mythology-religion-philosophy-accessible-corpus-105,built-in-mythology-religion-philosophy,"Mythology, Religion, and Philosophy",built-in-mythology-religion-philosophy-set-021,board,round-two,5,easy,egyptian,"Mythology, Religion & Philosophy: The World's Major Religions",,Which ancient monotheistic tradition of the Jewish people is rooted in the covenant and the Torah?,Milline juudi rahva muistne monoteistlik traditsioon põhineb lepingul ja Tooral?,Judaism,judaism,Jewish faith,juudi usk;juudiusk,Judaism developed around the relationship between God and Israel expressed in the Hebrew Bible and later tradition.,"Judaism kujunes Jumala ja Iisraeli suhte ümber, mida väljendavad heebrea Piibel ja hilisem pärimus.",Judaism — Wikipedia,https://en.wikipedia.org/wiki/Judaism,CC-BY-SA-4.0,2026-08-28,reviewed,true
built-in-mythology-religion-philosophy-accessible-corpus-106,built-in-mythology-religion-philosophy,"Mythology, Religion, and Philosophy",built-in-mythology-religion-philosophy-set-022,board,round-two,1,easy,egyptian,"Mythology, Religion & Philosophy: Christianity Basics",,"Whose life, death and resurrection stand at the centre of Christian belief?","Kelle elu, surm ja ülestõusmine on kristliku usu keskmes?",Jesus,Jeesus,Jesus Christ;Christ,Jeesus Kristus;Kristus,Christian teaching identifies Jesus of Nazareth as the Christ and Son of God.,Kristlik õpetus samastab Naatsareti Jeesuse Kristuse ja Jumala Pojaga.,Jesus — Wikipedia,https://en.wikipedia.org/wiki/Jesus,CC-BY-SA-4.0,2026-08-28,reviewed,true
built-in-mythology-religion-philosophy-accessible-corpus-107,built-in-mythology-religion-philosophy,"Mythology, Religion, and Philosophy",built-in-mythology-religion-philosophy-set-022,board,round-two,2,easy,egyptian,"Mythology, Religion & Philosophy: Christianity Basics",,Which shape became the main Christian symbol because it recalls the crucifixion?,"Milline kujund sai peamiseks kristlikuks sümboliks, sest meenutab ristilöömist?",the cross,ristimärk,Christian cross,rist;kristlik rist,"The cross recalls Jesus’s crucifixion and, for Christians, the salvation associated with it.",Rist meenutab Jeesuse ristilöömist ja kristlastele sellega seotud päästet.,Christian cross — Wikipedia,https://en.wikipedia.org/wiki/Christian_cross,CC-BY-SA-4.0,2026-08-28,reviewed,true
built-in-mythology-religion-philosophy-accessible-corpus-108,built-in-mythology-religion-philosophy,"Mythology, Religion, and Philosophy",built-in-mythology-religion-philosophy-set-022,board,round-two,3,easy,egyptian,"Mythology, Religion & Philosophy: Christianity Basics",,Which rite uses water to mark entry into the Christian community?,Milline talitus kasutab vett kristlikku kogukonda astumise tähistamiseks?,baptism,ristimine,christening,ristimistalitus,Christian baptism uses immersion or pouring or sprinkling of water as a rite of initiation.,"Kristlik ristimine kasutab sissekastmist, vee valamist või piserdamist vastuvõtutalitusena.",Baptism — Wikipedia,https://en.wikipedia.org/wiki/Baptism,CC-BY-SA-4.0,2026-08-28,reviewed,true
built-in-mythology-religion-philosophy-accessible-corpus-109,built-in-mythology-religion-philosophy,"Mythology, Religion, and Philosophy",built-in-mythology-religion-philosophy-set-022,board,round-two,4,easy,egyptian,"Mythology, Religion & Philosophy: Christianity Basics",,Which Christian rite shares bread and wine in memory of the Last Supper?,Millises kristlikus talituses jagatakse viimse õhtusöömaaja mälestuseks leiba ja veini?,the Eucharist,armulaud,Holy Communion;Communion;Lord’s Supper,euharistia;püha õhtusöömaaeg,Christian traditions celebrate the Eucharist in different ways while recalling Jesus’s meal with his disciples.,"Kristlikud traditsioonid pühitsevad armulauda eri viisidel, meenutades Jeesuse söömaaega jüngritega.",Eucharist — Wikipedia,https://en.wikipedia.org/wiki/Eucharist,CC-BY-SA-4.0,2026-08-28,reviewed,true
built-in-mythology-religion-philosophy-accessible-corpus-110,built-in-mythology-religion-philosophy,"Mythology, Religion, and Philosophy",built-in-mythology-religion-philosophy-set-022,board,round-two,5,easy,egyptian,"Mythology, Religion & Philosophy: Christianity Basics",,"What doctrine describes one God as Father, Son and Holy Spirit in most Christian traditions?","Milline õpetus kirjeldab enamikus kristlikes traditsioonides üht Jumalat Isa, Poja ja Püha Vaimuna?",the Trinity,Kolmainsus,Holy Trinity,Püha Kolmainsus,Trinitarian Christianity teaches that the three persons are distinct yet share one divine being.,"Kolmainsuslik kristlus õpetab, et kolm isikut on erinevad, kuid jagavad üht jumalikku olemust.",Trinity — Wikipedia,https://en.wikipedia.org/wiki/Trinity,CC-BY-SA-4.0,2026-08-28,reviewed,true
built-in-mythology-religion-philosophy-accessible-corpus-111,built-in-mythology-religion-philosophy,"Mythology, Religion, and Philosophy",built-in-mythology-religion-philosophy-set-023,board,round-two,1,easy,egyptian,"Mythology, Religion & Philosophy: Judaism Basics",,What name is given to the first five books of the Hebrew Bible and their handwritten synagogue scroll?,Kuidas nimetatakse heebrea Piibli viit esimest raamatut ja nende käsitsi kirjutatud sünagoogirulli?,the Torah,Toora,Five Books of Moses;Pentateuch,Moosese raamatud;Pentateuhh,The Torah is Judaism’s foundational written teaching and is read publicly from a scroll.,Toora on judaismi alusõpetus ning seda loetakse avalikult kirjarullilt.,Torah — Wikipedia,https://en.wikipedia.org/wiki/Torah,CC-BY-SA-4.0,2026-08-28,reviewed,true
built-in-mythology-religion-philosophy-accessible-corpus-112,built-in-mythology-religion-philosophy,"Mythology, Religion, and Philosophy",built-in-mythology-religion-philosophy-set-023,board,round-two,2,easy,egyptian,"Mythology, Religion & Philosophy: Judaism Basics",,What title is used for a Jewish religious teacher and scholar?,Millist tiitlit kannab juudi usuõpetaja ja õpetlane?,rabbi,rabi,rabbi,rabbi,"A rabbi is trained in Jewish law and tradition and may lead teaching, worship and community life.","Rabi on õppinud juudi seadust ja pärimust ning võib juhtida õpetamist, jumalateenistust ja kogukonnaelu.",Rabbi — Wikipedia,https://en.wikipedia.org/wiki/Rabbi,CC-BY-SA-4.0,2026-08-28,reviewed,true
built-in-mythology-religion-philosophy-accessible-corpus-113,built-in-mythology-religion-philosophy,"Mythology, Religion, and Philosophy",built-in-mythology-religion-philosophy-set-023,board,round-two,3,easy,egyptian,"Mythology, Religion & Philosophy: Judaism Basics",,Which weekly day of rest begins at sunset on Friday?,Milline iganädalane puhkepäev algab reedel päikeseloojangul?,Shabbat,šabat,Sabbath,sabat;hingamispäev,"Jewish Shabbat lasts from Friday evening until Saturday evening and is marked by rest, prayer and meals.","Juudi šabat kestab reede õhtust laupäeva õhtuni ning seda tähistavad puhkus, palve ja ühised söögid.",Shabbat — Wikipedia,https://en.wikipedia.org/wiki/Shabbat,CC-BY-SA-4.0,2026-08-28,reviewed,true
built-in-mythology-religion-philosophy-accessible-corpus-114,built-in-mythology-religion-philosophy,"Mythology, Religion, and Philosophy",built-in-mythology-religion-philosophy-set-023,board,round-two,4,easy,egyptian,"Mythology, Religion & Philosophy: Judaism Basics",,Which branched lampstand became one of the oldest symbols of Judaism?,Millisest harulisest lambijalast sai üks judaismi vanimaid sümboleid?,the menorah,menoraa,menorah,menora,The seven-branched Temple menorah is distinct from the nine-branched lamp used at Hanukkah.,Templi seitsmeharuline menoraa erineb hanuka ajal kasutatavast üheksaharulisest lambist.,Menorah — Wikipedia,https://en.wikipedia.org/wiki/Menorah_(Temple),CC-BY-SA-4.0,2026-08-28,reviewed,true
built-in-mythology-religion-philosophy-accessible-corpus-115,built-in-mythology-religion-philosophy,"Mythology, Religion, and Philosophy",built-in-mythology-religion-philosophy-set-023,board,round-two,5,easy,egyptian,"Mythology, Religion & Philosophy: Judaism Basics",,What Hebrew term names the whole body of Jewish dietary law?,Milline heebrea termin tähistab juudi toiduseaduste tervikkogu?,kashrut,kašrut,kashruth,kashrut;kašrūt,"Kashrut is the system of Jewish dietary rules, while food permitted by those rules is described as kosher.","Kašrut on juudi toidureeglite süsteem, nende reeglite järgi lubatud toitu nimetatakse koššeriks.",Kashrut — Wikipedia,https://en.wikipedia.org/wiki/Kashrut,CC-BY-SA-4.0,2026-08-28,reviewed,true
built-in-mythology-religion-philosophy-accessible-corpus-116,built-in-mythology-religion-philosophy,"Mythology, Religion, and Philosophy",built-in-mythology-religion-philosophy-set-024,board,round-two,1,easy,egyptian,"Mythology, Religion & Philosophy: Islam Basics",,What is the central sacred scripture of Islam called?,Kuidas nimetatakse islami keskset pühakirja?,the Quran,Koraan,Qur’an;Koran,Qur’an;Koraani,Muslims regard the Quran as revelation from God delivered in Arabic to Muhammad.,"Moslemid peavad Koraani Jumala ilmutuseks, mis anti Muhammadile araabia keeles.",Quran — Wikipedia,https://en.wikipedia.org/wiki/Quran,CC-BY-SA-4.0,2026-08-28,reviewed,true
built-in-mythology-religion-philosophy-accessible-corpus-117,built-in-mythology-religion-philosophy,"Mythology, Religion, and Philosophy",built-in-mythology-religion-philosophy-set-024,board,round-two,2,easy,egyptian,"Mythology, Religion & Philosophy: Islam Basics",,During which lunar month do Muslims fast from dawn to sunset?,Millise kuukalendri kuu ajal paastuvad moslemid koidust päikeseloojanguni?,Ramadan,ramadaan,Ramadhan,ramadan,"Fasting during Ramadan is one of Islam’s Five Pillars, with exemptions recognised for particular circumstances.",Ramadaaniaegne paast on üks islami viiest sambast ning teatud olukordades on ette nähtud erandid.,Ramadan — Wikipedia,https://en.wikipedia.org/wiki/Ramadan,CC-BY-SA-4.0,2026-08-28,reviewed,true
built-in-mythology-religion-philosophy-accessible-corpus-118,built-in-mythology-religion-philosophy,"Mythology, Religion, and Philosophy",built-in-mythology-religion-philosophy-set-024,board,round-two,3,easy,egyptian,"Mythology, Religion & Philosophy: Islam Basics",,Which Saudi Arabian city contains the Kaaba and is the destination of the hajj?,Millises Saudi Araabia linnas asub Kaaba ja kuhu suundub hadž?,Mecca,Meka,Makkah,Makka,Mecca is Islam’s holiest city; Muslims face toward the Kaaba there during ritual prayer.,Meka on islami pühaim linn; moslemid pöörduvad rituaalses palves sealse Kaaba poole.,Mecca — Wikipedia,https://en.wikipedia.org/wiki/Mecca,CC-BY-SA-4.0,2026-08-28,reviewed,true
built-in-mythology-religion-philosophy-accessible-corpus-119,built-in-mythology-religion-philosophy,"Mythology, Religion, and Philosophy",built-in-mythology-religion-philosophy-set-024,board,round-two,4,easy,egyptian,"Mythology, Religion & Philosophy: Islam Basics",,What pilgrimage to Mecca is required once in a lifetime for Muslims who are able to make it?,Milline palverännak Mekasse on võimekale moslemile kord elus kohustuslik?,the hajj,hadž,Hajj,hajj,"The hajj takes place in a set month and includes rites at the Kaaba, Arafat and other sites.","Hadž toimub kindlas kuus ning hõlmab talitusi Kaaba juures, Arafatil ja teistes paikades.",Hajj — Wikipedia,https://en.wikipedia.org/wiki/Hajj,CC-BY-SA-4.0,2026-08-28,reviewed,true
built-in-mythology-religion-philosophy-accessible-corpus-120,built-in-mythology-religion-philosophy,"Mythology, Religion, and Philosophy",built-in-mythology-religion-philosophy-set-024,board,round-two,5,easy,egyptian,"Mythology, Religion & Philosophy: Islam Basics",,Which Pillar of Islam requires giving a set share of eligible wealth for charitable purposes?,Milline islami sammas nõuab kindla osa sobiva vara andmist heategevuseks?,zakat,zakat,zakah,zakaat,Zakat is obligatory almsgiving intended to purify wealth and support specified groups in need.,"Zakat on kohustuslik almus, mille eesmärk on vara puhastada ja toetada kindlaid abivajajate rühmi.",Zakat — Wikipedia,https://en.wikipedia.org/wiki/Zakat,CC-BY-SA-4.0,2026-08-28,reviewed,true
built-in-mythology-religion-philosophy-accessible-corpus-121,built-in-mythology-religion-philosophy,"Mythology, Religion, and Philosophy",built-in-mythology-religion-philosophy-set-025,board,round-two,1,easy,egyptian,"Mythology, Religion & Philosophy: Hinduism Basics",,What concept links intentional actions with consequences across lives in many Indian traditions?,Milline mõiste seob paljudes India traditsioonides tahtlikud teod tagajärgedega üle elude?,karma,karma,,,Karma literally concerns action and describes how deeds help shape future experience and rebirth.,"Karma tähendab algselt tegu ning kirjeldab, kuidas teod kujundavad tulevasi kogemusi ja taassündi.",Karma — Wikipedia,https://en.wikipedia.org/wiki/Karma,CC-BY-SA-4.0,2026-08-28,reviewed,true
built-in-mythology-religion-philosophy-accessible-corpus-122,built-in-mythology-religion-philosophy,"Mythology, Religion, and Philosophy",built-in-mythology-religion-philosophy-set-025,board,round-two,2,easy,egyptian,"Mythology, Religion & Philosophy: Hinduism Basics",,"Which broad concept can mean duty, right conduct and the order that sustains life?","Milline lai mõiste võib tähendada kohust, õiget käitumist ja elu kandvat korda?",dharma,dharma,,,"In Hindu traditions, dharma varies with context but concerns conduct that upholds moral and cosmic order.","Hindu traditsioonides sõltub dharma kontekstist, kuid puudutab moraalset ja kosmilist korda hoidvat käitumist.",Dharma — Wikipedia,https://en.wikipedia.org/wiki/Dharma,CC-BY-SA-4.0,2026-08-28,reviewed,true
built-in-mythology-religion-philosophy-accessible-corpus-123,built-in-mythology-religion-philosophy,"Mythology, Religion, and Philosophy",built-in-mythology-religion-philosophy-set-025,board,round-two,3,easy,egyptian,"Mythology, Religion & Philosophy: Hinduism Basics",,What term in Hindu philosophy names the ultimate reality underlying existence?,Milline hindu filosoofia termin tähistab olemise aluseks olevat ülimat reaalsust?,Brahman,Brahman,,,Brahman is the supreme universal principle in major Hindu philosophical traditions and is not the same word as Brahma the creator deity.,Brahman on tähtsates hindu filosoofiatraditsioonides kõrgeim universaalne printsiip ega ole sama mis loojajumal Brahma.,Brahman — Wikipedia,https://en.wikipedia.org/wiki/Brahman,CC-BY-SA-4.0,2026-08-28,reviewed,true
built-in-mythology-religion-philosophy-accessible-corpus-124,built-in-mythology-religion-philosophy,"Mythology, Religion, and Philosophy",built-in-mythology-religion-philosophy-set-025,board,round-two,4,easy,egyptian,"Mythology, Religion & Philosophy: Hinduism Basics",,Which cycle of death and rebirth do Indian traditions call saṃsāra?,Millist surma ja taassünni ringkäiku nimetavad India traditsioonid saṃsāra’ks?,samsara,sansaar,saṃsāra,samsaara;saṃsāra,Samsara is the continuing cycle of conditioned existence from which liberation is sought.,"Sansaar on tingitud olemise jätkuv ringkäik, millest otsitakse vabanemist.",Saṃsāra — Wikipedia,https://en.wikipedia.org/wiki/Sa%E1%B9%83s%C4%81ra,CC-BY-SA-4.0,2026-08-28,reviewed,true
built-in-mythology-religion-philosophy-accessible-corpus-125,built-in-mythology-religion-philosophy,"Mythology, Religion, and Philosophy",built-in-mythology-religion-philosophy-set-025,board,round-two,5,easy,egyptian,"Mythology, Religion & Philosophy: Hinduism Basics",,What name is given to liberation from the cycle of rebirth in Hindu thought?,Kuidas nimetatakse hindu mõtlemises vabanemist taassünni ringkäigust?,moksha,mokša,mokṣa,moksha;mokṣa,Moksha is spiritual release from samsara and is one of the major aims of human life in Hindu traditions.,Mokša on vaimne vabanemine sansaarast ning hindu traditsioonides üks inimelu peamisi eesmärke.,Moksha — Wikipedia,https://en.wikipedia.org/wiki/Moksha,CC-BY-SA-4.0,2026-08-28,reviewed,true
built-in-mythology-religion-philosophy-accessible-corpus-126,built-in-mythology-religion-philosophy,"Mythology, Religion, and Philosophy",built-in-mythology-religion-philosophy-set-026,board,round-two,1,easy,egyptian,"Mythology, Religion & Philosophy: Buddhism Basics",,What title meaning “awakened one” was given to Siddhartha Gautama?,Milline „virgunut” tähendav tiitel anti Siddhartha Gautamale?,the Buddha,Buddha,Gautama Buddha,Gautama Buddha,Buddha is a title for one who has awakened; Siddhartha Gautama is the historical teacher at Buddhism’s origin.,Buddha on virgunu tiitel; Siddhartha Gautama on budismi alguse ajalooline õpetaja.,The Buddha — Wikipedia,https://en.wikipedia.org/wiki/The_Buddha,CC-BY-SA-4.0,2026-08-28,reviewed,true
built-in-mythology-religion-philosophy-accessible-corpus-127,built-in-mythology-religion-philosophy,"Mythology, Religion, and Philosophy",built-in-mythology-religion-philosophy-set-026,board,round-two,2,easy,egyptian,"Mythology, Religion & Philosophy: Buddhism Basics",,"Which four-part teaching diagnoses suffering, its cause, its ending and the path?","Milline neljaosaline õpetus käsitleb kannatust, selle põhjust, lõppemist ja teed?",the Four Noble Truths,neli õilsat tõde,Four Noble Truths,Neli õilsat tõde,The Four Noble Truths provide a basic framework for understanding the Buddhist path.,Neli õilsat tõde annavad budistliku tee mõistmiseks põhiraamistiku.,Four Noble Truths — Wikipedia,https://en.wikipedia.org/wiki/Four_Noble_Truths,CC-BY-SA-4.0,2026-08-28,reviewed,true
built-in-mythology-religion-philosophy-accessible-corpus-128,built-in-mythology-religion-philosophy,"Mythology, Religion, and Philosophy",built-in-mythology-religion-philosophy-set-026,board,round-two,3,easy,egyptian,"Mythology, Religion & Philosophy: Buddhism Basics",,"What term describes release from craving, suffering and the cycle of rebirth?","Milline termin kirjeldab vabanemist ihast, kannatusest ja taassünni ringkäigust?",nirvana,nirvaana,nibbana,nibbāna,Nirvana is the Buddhist goal in which the causes binding beings to suffering and rebirth are extinguished.,"Nirvaana on budistlik eesmärk, kus kannatuse ja taassünniga siduvad põhjused kustuvad.",Nirvana (Buddhism) — Wikipedia,https://en.wikipedia.org/wiki/Nirvana_(Buddhism),CC-BY-SA-4.0,2026-08-28,reviewed,true
built-in-mythology-religion-philosophy-accessible-corpus-129,built-in-mythology-religion-philosophy,"Mythology, Religion, and Philosophy",built-in-mythology-religion-philosophy-set-026,board,round-two,4,easy,egyptian,"Mythology, Religion & Philosophy: Buddhism Basics",,Which practice trains attention and insight through methods such as mindfulness?,Milline praktika treenib tähelepanu ja mõistmist näiteks teadveloleku abil?,meditation,meditatsioon,Buddhist meditation,budistlik meditatsioon,"Buddhist meditation includes varied practices for calm, concentration, mindfulness and insight.","Budistlik meditatsioon hõlmab mitmesuguseid rahu, keskendumise, teadveloleku ja mõistmise harjutusi.",Buddhist meditation — Wikipedia,https://en.wikipedia.org/wiki/Buddhist_meditation,CC-BY-SA-4.0,2026-08-28,reviewed,true
built-in-mythology-religion-philosophy-accessible-corpus-130,built-in-mythology-religion-philosophy,"Mythology, Religion, and Philosophy",built-in-mythology-religion-philosophy-set-026,board,round-two,5,easy,egyptian,"Mythology, Religion & Philosophy: Buddhism Basics",,"Which path groups right view, intention, speech, action, livelihood, effort, mindfulness and concentration?","Milline tee ühendab õige vaate, kavatsuse, kõne, teo, eluviisi, pingutuse, teadveloleku ja keskendumise?",the Noble Eightfold Path,õilis kaheksaosaline tee,Eightfold Path,kaheksaosaline tee,The Noble Eightfold Path is the practical fourth Noble Truth leading toward the end of suffering.,"Õilis kaheksaosaline tee on praktiline neljas õilis tõde, mis juhib kannatuse lõppemise poole.",Noble Eightfold Path — Wikipedia,https://en.wikipedia.org/wiki/Noble_Eightfold_Path,CC-BY-SA-4.0,2026-08-28,reviewed,true
built-in-mythology-religion-philosophy-accessible-corpus-131,built-in-mythology-religion-philosophy,"Mythology, Religion, and Philosophy",built-in-mythology-religion-philosophy-set-027,board,round-two,1,easy,egyptian,"Mythology, Religion & Philosophy: Sikhism Basics",,Which teacher founded the Sikh tradition in Punjab?,Milline õpetaja rajas Pandžabis sikhi traditsiooni?,Guru Nanak,Guru Nanak,Nanak,Nanak,"Guru Nanak taught devotion to one God, honest work, sharing and the equality of people.","Guru Nanak õpetas pühendumist ühele Jumalale, ausat tööd, jagamist ja inimeste võrdsust.",Guru Nanak — Wikipedia,https://en.wikipedia.org/wiki/Guru_Nanak,CC-BY-SA-4.0,2026-08-28,reviewed,true
built-in-mythology-religion-philosophy-accessible-corpus-132,built-in-mythology-religion-philosophy,"Mythology, Religion, and Philosophy",built-in-mythology-religion-philosophy-set-027,board,round-two,2,easy,egyptian,"Mythology, Religion & Philosophy: Sikhism Basics",,Which scripture is revered by Sikhs as the eternal living Guru?,Millist pühakirja austavad sikhid igavese elava Guruna?,Guru Granth Sahib,Guru Granth Sahib,Adi Granth,Adi Granth,The Guru Granth Sahib contains hymns by Sikh Gurus and other devotional poets and holds final spiritual authority.,Guru Granth Sahib sisaldab sikhi gurude ja teiste pühendusluuletajate hümne ning kannab kõrgeimat vaimset autoriteeti.,Guru Granth Sahib — Wikipedia,https://en.wikipedia.org/wiki/Guru_Granth_Sahib,CC-BY-SA-4.0,2026-08-28,reviewed,true
built-in-mythology-religion-philosophy-accessible-corpus-133,built-in-mythology-religion-philosophy,"Mythology, Religion, and Philosophy",built-in-mythology-religion-philosophy-set-027,board,round-two,3,easy,egyptian,"Mythology, Religion & Philosophy: Sikhism Basics",,"What collective name is given to kesh, kangha, kara, kachera and kirpan?","Millise koondnimega tuntakse kesh’i, kangha’t, kara’t, kachera’t ja kirpan’it?",the Five Ks,viis K-d,Five K’s;panj kakke,viis K-tähte,The Five Ks are articles of faith worn by initiated Khalsa Sikhs as signs of commitment and identity.,"Viis K-d on Khalsa liikmeks pühitsetud sikhide usuartiklid, mis väljendavad pühendumist ja identiteeti.",The Five Ks — Wikipedia,https://en.wikipedia.org/wiki/The_Five_Ks,CC-BY-SA-4.0,2026-08-28,reviewed,true
built-in-mythology-religion-philosophy-accessible-corpus-134,built-in-mythology-religion-philosophy,"Mythology, Religion, and Philosophy",built-in-mythology-religion-philosophy-set-027,board,round-two,4,easy,egyptian,"Mythology, Religion & Philosophy: Sikhism Basics",,What initiated Sikh community was founded by Guru Gobind Singh?,Millise pühitsetud sikhi kogukonna rajas Guru Gobind Singh?,the Khalsa,Khalsa,Khalsa Panth,Khalsa Panth,The Khalsa established a shared discipline and identity for initiated Sikhs under Guru Gobind Singh in 1699.,Khalsa kehtestas Guru Gobind Singhi juhtimisel 1699. aastal pühitsetud sikhide ühise korra ja identiteedi.,Khalsa — Wikipedia,https://en.wikipedia.org/wiki/Khalsa,CC-BY-SA-4.0,2026-08-28,reviewed,true
built-in-mythology-religion-philosophy-accessible-corpus-135,built-in-mythology-religion-philosophy,"Mythology, Religion, and Philosophy",built-in-mythology-religion-philosophy-set-027,board,round-two,5,easy,egyptian,"Mythology, Religion & Philosophy: Sikhism Basics",,What familiar English name is used for the Sikh holy site Harmandir Sahib in Amritsar?,Millise tuttava ingliskeelse nimega tuntakse Amritsaris asuvat sikhide pühamut Harmandir Sahibi?,the Golden Temple,Kuldne Tempel,Golden Temple,Amritsari Kuldne Tempel,"The Golden Temple is the common English name of the Harmandir Sahib, Sikhism’s foremost pilgrimage site.","Kuldne Tempel on Harmandir Sahibi, sikhismi tähtsaima palverännupaiga levinud ingliskeelne nimi.",Golden Temple — Wikipedia,https://en.wikipedia.org/wiki/Golden_Temple,CC-BY-SA-4.0,2026-08-28,reviewed,true
built-in-mythology-religion-philosophy-accessible-corpus-136,built-in-mythology-religion-philosophy,"Mythology, Religion, and Philosophy",built-in-mythology-religion-philosophy-set-028,board,round-two,1,easy,egyptian,"Mythology, Religion & Philosophy: Religious Festivals",,Which Christian festival celebrates the birth of Jesus?,Milline kristlik püha tähistab Jeesuse sündi?,Christmas,jõulud,Christmas Day,jõulupühad,Christmas commemorates the Nativity of Jesus and is celebrated by most Christians in December or January.,Jõulud tähistavad Jeesuse sündi ning enamik kristlasi peab neid detsembris või jaanuaris.,Christmas — Wikipedia,https://en.wikipedia.org/wiki/Christmas,CC-BY-SA-4.0,2026-08-28,reviewed,true
built-in-mythology-religion-philosophy-accessible-corpus-137,built-in-mythology-religion-philosophy,"Mythology, Religion, and Philosophy",built-in-mythology-religion-philosophy-set-028,board,round-two,2,easy,egyptian,"Mythology, Religion & Philosophy: Religious Festivals",,Which Muslim festival marks the end of the Ramadan fast?,Milline moslemite püha tähistab ramadaanipaastu lõppu?,Eid al-Fitr,ʿĪd al-Fiṭr,Eid;Festival of Breaking the Fast,paastu lõpetamise püha;Eid,"Eid al-Fitr begins when Ramadan ends and is marked by prayer, charity, visits and festive meals.","ʿĪd al-Fiṭr algab ramadaani lõppedes ning seda tähistavad palve, heategevus, külaskäigud ja pidusöögid.",Eid al-Fitr — Wikipedia,https://en.wikipedia.org/wiki/Eid_al-Fitr,CC-BY-SA-4.0,2026-08-28,reviewed,true
built-in-mythology-religion-philosophy-accessible-corpus-138,built-in-mythology-religion-philosophy,"Mythology, Religion, and Philosophy",built-in-mythology-religion-philosophy-set-028,board,round-two,3,easy,egyptian,"Mythology, Religion & Philosophy: Religious Festivals",,"Which Hindu, Jain and Sikh festival is widely known as the Festival of Lights?","Millist hindu, džaini ja sikhi püha tuntakse laialt valgusfestivalina?",Diwali,diwali,Deepavali,Deepavali,"Diwali traditions vary by community but commonly feature lamps, family gatherings and celebration of light over darkness.","Diwali kombed erinevad kogukonniti, kuid sageli süüdatakse lampe, kogunetakse perega ja tähistatakse valguse võitu pimeduse üle.",Diwali — Wikipedia,https://en.wikipedia.org/wiki/Diwali,CC-BY-SA-4.0,2026-08-28,reviewed,true
built-in-mythology-religion-philosophy-accessible-corpus-139,built-in-mythology-religion-philosophy,"Mythology, Religion, and Philosophy",built-in-mythology-religion-philosophy-set-028,board,round-two,4,easy,egyptian,"Mythology, Religion & Philosophy: Religious Festivals",,Which eight-night Jewish festival uses a special nine-branched lamp?,Millisel kaheksaöisel juudi pühal kasutatakse erilist üheksaharulist lampi?,Hanukkah,hanuka,Chanukah;Festival of Lights,hanukka,Hanukkah recalls the rededication of the Jerusalem Temple; a new light is kindled on each night.,Hanuka meenutab Jeruusalemma templi taaspühitsemist ning igal õhtul süüdatakse uus tuli.,Hanukkah — Wikipedia,https://en.wikipedia.org/wiki/Hanukkah,CC-BY-SA-4.0,2026-08-28,reviewed,true
built-in-mythology-religion-philosophy-accessible-corpus-140,built-in-mythology-religion-philosophy,"Mythology, Religion, and Philosophy",built-in-mythology-religion-philosophy-set-028,board,round-two,5,easy,egyptian,"Mythology, Religion & Philosophy: Religious Festivals",,"Which Buddhist festival commemorates the Buddha’s birth, awakening and passing away in many traditions?","Milline budistlik püha mälestab paljudes traditsioonides Buddha sündi, virgumist ja lahkumist?",Vesak,vesak,Buddha Day;Wesak,Buddha päev;Wesak,Vesak is the major annual Buddhist observance of key events in Gautama Buddha’s life.,Vesak on suur iga-aastane budistlik püha Gautama Buddha elu põhisündmuste mälestamiseks.,Vesak — Wikipedia,https://en.wikipedia.org/wiki/Vesak,CC-BY-SA-4.0,2026-08-28,reviewed,true
built-in-mythology-religion-philosophy-accessible-corpus-141,built-in-mythology-religion-philosophy,"Mythology, Religion, and Philosophy",built-in-mythology-religion-philosophy-set-029,board,round-two,1,easy,baltic-finnic,"Mythology, Religion & Philosophy: Sacred Texts",,Which scripture is divided by Christians into the Old and New Testaments?,Millise pühakirja jagavad kristlased Vanaks ja Uueks Testamendiks?,the Bible,Piibel,Holy Bible,pühakiri,The Christian Bible joins the books of the Old Testament with the specifically Christian New Testament.,Kristlik Piibel ühendab Vana Testamendi raamatud kristluse Uue Testamendiga.,Bible — Wikipedia,https://en.wikipedia.org/wiki/Bible,CC-BY-SA-4.0,2026-08-28,reviewed,true
built-in-mythology-religion-philosophy-accessible-corpus-142,built-in-mythology-religion-philosophy,"Mythology, Religion, and Philosophy",built-in-mythology-religion-philosophy-set-029,board,round-two,2,easy,baltic-finnic,"Mythology, Religion & Philosophy: Sacred Texts",,Which scripture is recited in Arabic and arranged into chapters called surahs?,Millist pühakirja retsiteeritakse araabia keeles ja mis on jaotatud suuradeks?,the Quran,Koraan,Qur’an;Koran,Qur’an,The Quran’s Arabic text is organised into 114 surahs of different lengths.,Koraani araabiakeelne tekst on jagatud 114 erineva pikkusega suuraks.,Quran — Wikipedia,https://en.wikipedia.org/wiki/Quran,CC-BY-SA-4.0,2026-08-28,reviewed,true
built-in-mythology-religion-philosophy-accessible-corpus-143,built-in-mythology-religion-philosophy,"Mythology, Religion, and Philosophy",built-in-mythology-religion-philosophy-set-029,board,round-two,3,easy,baltic-finnic,"Mythology, Religion & Philosophy: Sacred Texts",,Which major Jewish text consists of the Mishnah together with the Gemara’s rabbinic analysis and debate?,Milline tähtis juudi tekst koosneb Mišnast ning Gemara rabiinlikust analüüsist ja arutelust?,the Talmud,Talmud,Talmud,Talmud,The Talmud combines the Mishnah with the Gemara’s extensive rabbinic analysis and debate.,Talmud ühendab Mišna Gemara ulatusliku rabiinliku analüüsi ja aruteluga.,Talmud — Wikipedia,https://en.wikipedia.org/wiki/Talmud,CC-BY-SA-4.0,2026-08-28,reviewed,true
built-in-mythology-religion-philosophy-accessible-corpus-144,built-in-mythology-religion-philosophy,"Mythology, Religion, and Philosophy",built-in-mythology-religion-philosophy-set-029,board,round-two,4,easy,baltic-finnic,"Mythology, Religion & Philosophy: Sacred Texts",,What collective name is given to the ancient Sanskrit scriptures beginning with the Rigveda?,"Millise koondnimega tuntakse muistseid sanskritikeelseid pühakirju, mille hulka kuulub Rigveda?",the Vedas,veedad,Veda,Vedad,"The four Vedas are foundational śruti texts of Hindu tradition, with the Rigveda the oldest collection.",Neli veedat on hindu traditsiooni aluslikud śruti-tekstid ning Rigveda on vanim kogumik.,Vedas — Wikipedia,https://en.wikipedia.org/wiki/Vedas,CC-BY-SA-4.0,2026-08-28,reviewed,true
built-in-mythology-religion-philosophy-accessible-corpus-145,built-in-mythology-religion-philosophy,"Mythology, Religion, and Philosophy",built-in-mythology-religion-philosophy-set-029,board,round-two,5,easy,baltic-finnic,"Mythology, Religion & Philosophy: Sacred Texts",,"Which sacred text, first published by Joseph Smith in 1830, is central to the Latter Day Saint movement?",Milline 1830. aastal Joseph Smithi avaldatud püha tekst on Viimse Aja Pühade liikumise keskne pühakiri?,the Book of Mormon,Mormoni Raamat,Book of Mormon,Mormoni raamat,The Book of Mormon is a foundational sacred text of the Latter Day Saint movement.,Mormoni Raamat on Viimse Aja Pühade liikumise aluslik püha tekst.,Book of Mormon — Wikipedia,https://en.wikipedia.org/wiki/Book_of_Mormon,CC-BY-SA-4.0,2026-08-28,reviewed,true
built-in-mythology-religion-philosophy-accessible-corpus-146,built-in-mythology-religion-philosophy,"Mythology, Religion, and Philosophy",built-in-mythology-religion-philosophy-set-030,board,round-two,1,easy,baltic-finnic,"Mythology, Religion & Philosophy: Places of Worship",,What is the usual English word for a building where Christians gather for worship?,"Kuidas nimetatakse tavaliselt hoonet, kuhu kristlased kogunevad jumalateenistusele?",a church,kirik,church building,kirikuhoone,A church building provides space for Christian public worship and community rites.,Kirikuhoone annab ruumi kristlikuks avalikuks jumalateenistuseks ja kogukondlikeks talitusteks.,Church (building) — Wikipedia,https://en.wikipedia.org/wiki/Church_(building),CC-BY-SA-4.0,2026-08-28,reviewed,true
built-in-mythology-religion-philosophy-accessible-corpus-147,built-in-mythology-religion-philosophy,"Mythology, Religion, and Philosophy",built-in-mythology-religion-philosophy-set-030,board,round-two,2,easy,baltic-finnic,"Mythology, Religion & Philosophy: Places of Worship",,What is a Muslim place of communal prayer called?,Kuidas nimetatakse moslemite ühispalvuse paika?,a mosque,mošee,masjid,masjid,A mosque is a place of Islamic prayer; congregational Friday prayer is a central weekly gathering.,Mošee on islami palvepaik; reedene ühispalvus on keskne iganädalane kogunemine.,Mosque — Wikipedia,https://en.wikipedia.org/wiki/Mosque,CC-BY-SA-4.0,2026-08-28,reviewed,true
built-in-mythology-religion-philosophy-accessible-corpus-148,built-in-mythology-religion-philosophy,"Mythology, Religion, and Philosophy",built-in-mythology-religion-philosophy-set-030,board,round-two,3,easy,baltic-finnic,"Mythology, Religion & Philosophy: Places of Worship",,"What Jewish house of prayer, study and assembly may also be called a shul?","Millist juudi palve-, õppe- ja kogunemiskoda võidakse nimetada ka shul’iks?",a synagogue,sünagoog,shul;temple,juudi palvela,Synagogues centre communal prayer and Torah reading and often provide space for study.,Sünagoogides on kesksel kohal ühispalve ja Toora lugemine ning sageli ka õppimine.,Synagogue — Wikipedia,https://en.wikipedia.org/wiki/Synagogue,CC-BY-SA-4.0,2026-08-28,reviewed,true
built-in-mythology-religion-philosophy-accessible-corpus-149,built-in-mythology-religion-philosophy,"Mythology, Religion, and Philosophy",built-in-mythology-religion-philosophy-set-030,board,round-two,4,easy,baltic-finnic,"Mythology, Religion & Philosophy: Places of Worship",,What Sanskrit-derived word is commonly used for a Hindu temple?,Millist sanskriti päritolu sõna kasutatakse sageli hindu templi kohta?,mandir,mandir,Hindu temple,hindu tempel,A mandir houses sacred images and provides a space for pūjā and other Hindu rites.,Mandir sisaldab pühakujusid ning annab ruumi pūjā’ks ja teisteks hindu talitusteks.,Hindu temple — Wikipedia,https://en.wikipedia.org/wiki/Hindu_temple,CC-BY-SA-4.0,2026-08-28,reviewed,true
built-in-mythology-religion-philosophy-accessible-corpus-150,built-in-mythology-religion-philosophy,"Mythology, Religion, and Philosophy",built-in-mythology-religion-philosophy-set-030,board,round-two,5,easy,baltic-finnic,"Mythology, Religion & Philosophy: Places of Worship",,Which plain two-word name is commonly used for a building where Quakers gather for worship?,"Millise lihtsa kahesõnalise nimega kutsutakse tavaliselt hoonet, kuhu kveekerid kogunevad jumalateenistuseks?",a meeting house,kogunemismaja,Quaker meeting house;Friends meeting house,kveekerite kogunemismaja;palvemaja,"Quakers, formally the Religious Society of Friends, commonly call their places of worship meeting houses.",Kveekerid ehk Sõprade Usuline Ühing nimetavad oma jumalateenistuspaiku tavaliselt kogunemismajadeks.,Friends meeting house — Wikipedia,https://en.wikipedia.org/wiki/Friends_meeting_house,CC-BY-SA-4.0,2026-08-28,reviewed,true
built-in-mythology-religion-philosophy-accessible-corpus-151,built-in-mythology-religion-philosophy,"Mythology, Religion, and Philosophy",built-in-mythology-religion-philosophy-set-031,board,round-two,1,easy,baltic-finnic,"Mythology, Religion & Philosophy: Philosophers of the Ancient World",,Which Athenian philosopher is famous for probing conversations and wrote no philosophical books himself?,Milline Ateena filosoof on kuulus uurivate vestluste poolest ega kirjutanud ise filosoofilisi raamatuid?,Socrates,Sokrates,,,"Our knowledge of Socrates comes mainly through other writers, especially dialogues by his student Plato.","Meie teadmised Sokratesest pärinevad peamiselt teistelt autoritelt, eriti tema õpilase Platoni dialoogidest.",Socrates — Wikipedia,https://en.wikipedia.org/wiki/Socrates,CC-BY-SA-4.0,2026-08-28,reviewed,true
built-in-mythology-religion-philosophy-accessible-corpus-152,built-in-mythology-religion-philosophy,"Mythology, Religion, and Philosophy",built-in-mythology-religion-philosophy-set-031,board,round-two,2,easy,baltic-finnic,"Mythology, Religion & Philosophy: Philosophers of the Ancient World",,Which student of Socrates founded the Academy in Athens?,Milline Sokratese õpilane rajas Ateenas Akadeemia?,Plato,Platon,,,Plato’s Academy became one of the ancient world’s most influential centres of philosophical study.,Platoni Akadeemiast sai antiikmaailma üks mõjukamaid filosoofia õppekeskusi.,Plato — Wikipedia,https://en.wikipedia.org/wiki/Plato,CC-BY-SA-4.0,2026-08-28,reviewed,true
built-in-mythology-religion-philosophy-accessible-corpus-153,built-in-mythology-religion-philosophy,"Mythology, Religion, and Philosophy",built-in-mythology-religion-philosophy-set-031,board,round-two,3,easy,baltic-finnic,"Mythology, Religion & Philosophy: Philosophers of the Ancient World",,Which student of Plato taught Alexander the Great and founded the Lyceum?,Milline Platoni õpilane õpetas Aleksander Suurt ja rajas Lykeioni?,Aristotle,Aristoteles,,,"Aristotle’s surviving works range across logic, ethics, politics, biology, poetics and metaphysics.","Aristotelese säilinud teosed käsitlevad loogikat, eetikat, poliitikat, bioloogiat, poeetikat ja metafüüsikat.",Aristotle — Wikipedia,https://en.wikipedia.org/wiki/Aristotle,CC-BY-SA-4.0,2026-08-28,reviewed,true
built-in-mythology-religion-philosophy-accessible-corpus-154,built-in-mythology-religion-philosophy,"Mythology, Religion, and Philosophy",built-in-mythology-religion-philosophy-set-031,board,round-two,4,easy,baltic-finnic,"Mythology, Religion & Philosophy: Philosophers of the Ancient World",,"Which Chinese teacher emphasised cultivated character, ritual and right relationships in society?","Milline Hiina õpetaja rõhutas haritud iseloomu, rituaali ja õigeid suhteid ühiskonnas?",Confucius,Konfutsius,Kongzi;Kong Fuzi,Kongzi;Kong Fuzi,Confucius’s teachings on humane conduct and social roles shaped East Asian thought for centuries.,Konfutsiuse õpetused inimlikust käitumisest ja ühiskondlikest rollidest kujundasid sajandeid Ida-Aasia mõtlemist.,Confucius — Wikipedia,https://en.wikipedia.org/wiki/Confucius,CC-BY-SA-4.0,2026-08-28,reviewed,true
built-in-mythology-religion-philosophy-accessible-corpus-155,built-in-mythology-religion-philosophy,"Mythology, Religion, and Philosophy",built-in-mythology-religion-philosophy-set-031,board,round-two,5,easy,baltic-finnic,"Mythology, Religion & Philosophy: Philosophers of the Ancient World",,Which Cynic philosopher reportedly lived in a large jar and challenged social convention with extreme simplicity?,Milline küünikust filosoof elas pärimuse järgi suures anumas ja vaidlustas äärmise lihtsusega ühiskondlikke tavasid?,Diogenes,Diogenes,Diogenes of Sinope,Diogenes Sinopest,Stories about Diogenes use provocative acts and radical self-sufficiency to express Cynic philosophy.,Lood Diogenesest kasutavad küünikute filosoofia väljendamiseks provokatiivseid tegusid ja radikaalset iseseisvust.,Diogenes — Wikipedia,https://en.wikipedia.org/wiki/Diogenes,CC-BY-SA-4.0,2026-08-28,reviewed,true
built-in-mythology-religion-philosophy-accessible-corpus-156,built-in-mythology-religion-philosophy,"Mythology, Religion, and Philosophy",built-in-mythology-religion-philosophy-set-032,board,round-two,1,easy,baltic-finnic,"Mythology, Religion & Philosophy: Ideas in Ethics",,What principle says to treat other people as you would want them to treat you?,"Milline põhimõte ütleb, et teisi tuleb kohelda nii, nagu tahad, et sind koheldaks?",the Golden Rule,kuldreegel,Golden Rule,kuldne reegel,Versions of the Golden Rule appear in many religious and philosophical traditions as a standard of reciprocity.,Kuldreegli variante leidub paljudes usulistes ja filosoofilistes traditsioonides vastastikkuse mõõdupuuna.,Golden Rule — Wikipedia,https://en.wikipedia.org/wiki/Golden_Rule,CC-BY-SA-4.0,2026-08-28,reviewed,true
built-in-mythology-religion-philosophy-accessible-corpus-157,built-in-mythology-religion-philosophy,"Mythology, Religion, and Philosophy",built-in-mythology-religion-philosophy-set-032,board,round-two,2,easy,baltic-finnic,"Mythology, Religion & Philosophy: Ideas in Ethics",,What term describes concern for another person’s wellbeing for their sake rather than one’s own gain?,"Milline termin kirjeldab hoolt teise inimese heaolu eest tema enda, mitte isikliku kasu nimel?",altruism,altruism,selflessness,omakasupüüdmatus,Altruism contrasts with egoism by treating another’s good as a reason for action in itself.,"Altruism vastandub egoismile, pidades teise hüve iseenesest tegutsemise põhjuseks.",Altruism — Wikipedia,https://en.wikipedia.org/wiki/Altruism,CC-BY-SA-4.0,2026-08-28,reviewed,true
built-in-mythology-religion-philosophy-accessible-corpus-158,built-in-mythology-religion-philosophy,"Mythology, Religion, and Philosophy",built-in-mythology-religion-philosophy-set-032,board,round-two,3,easy,baltic-finnic,"Mythology, Religion & Philosophy: Ideas in Ethics",,Which theory judges actions by whether their consequences maximise overall wellbeing?,"Milline teooria hindab tegusid selle järgi, kas nende tagajärjed suurendavad üldist heaolu võimalikult palju?",utilitarianism,utilitarism,consequentialist utilitarianism,kasueetika,Utilitarianism treats the balance of benefits and harms for everyone affected as morally central.,Utilitarism peab moraalselt keskseks kasu ja kahju tasakaalu kõigi mõjutatud inimeste jaoks.,Utilitarianism — Wikipedia,https://en.wikipedia.org/wiki/Utilitarianism,CC-BY-SA-4.0,2026-08-28,reviewed,true
built-in-mythology-religion-philosophy-accessible-corpus-159,built-in-mythology-religion-philosophy,"Mythology, Religion, and Philosophy",built-in-mythology-religion-philosophy-set-032,board,round-two,4,easy,baltic-finnic,"Mythology, Religion & Philosophy: Ideas in Ethics",,Which approach emphasises duties and rules rather than judging an act only by its outcome?,"Milline lähenemine rõhutab kohustusi ja reegleid, mitte üksnes teo tagajärge?",deontology,deontoloogia,duty ethics,kohuse-eetika;kohustuseetika,Deontological theories hold that some actions are required or forbidden because of principles and duties.,"Deontoloogilised teooriad leiavad, et mõned teod on põhimõtete ja kohustuste tõttu nõutud või keelatud.",Deontology — Wikipedia,https://en.wikipedia.org/wiki/Deontology,CC-BY-SA-4.0,2026-08-28,reviewed,true
built-in-mythology-religion-philosophy-accessible-corpus-160,built-in-mythology-religion-philosophy,"Mythology, Religion, and Philosophy",built-in-mythology-religion-philosophy-set-032,board,round-two,5,easy,baltic-finnic,"Mythology, Religion & Philosophy: Ideas in Ethics",,Which approach asks what a good person with qualities such as courage and justice would characteristically do?,"Milline lähenemine küsib, mida teeks iseloomulikult hea inimene, kellel on näiteks julguse ja õigluse voorused?",virtue ethics,vooruseetika,virtue theory,vooruste eetika,Virtue ethics focuses on cultivated character and human flourishing rather than a single rule or calculation.,"Vooruseetika keskendub kujundatud iseloomule ja inimese õitsengule, mitte ühele reeglile või arvutusele.",Virtue ethics — Wikipedia,https://en.wikipedia.org/wiki/Virtue_ethics,CC-BY-SA-4.0,2026-08-28,reviewed,true
built-in-mythology-religion-philosophy-accessible-corpus-161,built-in-mythology-religion-philosophy,"Mythology, Religion, and Philosophy",built-in-mythology-religion-philosophy-set-033,board,round-two,1,easy,baltic-finnic,"Mythology, Religion & Philosophy: Logic and Reasoning",,What word names a misleading or invalid pattern of argument?,Milline sõna tähistab eksitavat või kehtetut arutlusmustrit?,a fallacy,arutlusviga,logical fallacy,loogikaviga,A fallacy can sound persuasive while failing to provide the logical support its conclusion needs.,"Arutlusviga võib kõlada veenvalt, kuid ei anna järeldusele vajalikku loogilist tuge.",Fallacy — Wikipedia,https://en.wikipedia.org/wiki/Fallacy,CC-BY-SA-4.0,2026-08-28,reviewed,true
built-in-mythology-religion-philosophy-accessible-corpus-162,built-in-mythology-religion-philosophy,"Mythology, Religion, and Philosophy",built-in-mythology-religion-philosophy-set-033,board,round-two,2,easy,baltic-finnic,"Mythology, Religion & Philosophy: Logic and Reasoning",,What kind of reasoning guarantees its conclusion when the premises are true and the argument is valid?,"Milline arutlusviis tagab järelduse tõesuse, kui eeldused on tõesed ja argument kehtiv?",deduction,deduktsioon,deductive reasoning,deduktiivne arutlus,A valid deductive argument cannot have true premises and a false conclusion.,Kehtival deduktiivsel argumendil ei saa olla tõesed eeldused ja väär järeldus.,Deductive reasoning — Wikipedia,https://en.wikipedia.org/wiki/Deductive_reasoning,CC-BY-SA-4.0,2026-08-28,reviewed,true
built-in-mythology-religion-philosophy-accessible-corpus-163,built-in-mythology-religion-philosophy,"Mythology, Religion, and Philosophy",built-in-mythology-religion-philosophy-set-033,board,round-two,3,easy,baltic-finnic,"Mythology, Religion & Philosophy: Logic and Reasoning",,What kind of reasoning moves from observed cases to a probable general conclusion?,Milline arutlusviis liigub vaadeldud juhtumitest tõenäolise üldise järelduseni?,induction,induktsioon,inductive reasoning,induktiivne arutlus,"Inductive support can make a conclusion likely without guaranteeing it, because a new case may differ.","Induktiivne tugi võib muuta järelduse tõenäoliseks, kuid ei taga seda, sest uus juhtum võib erineda.",Inductive reasoning — Wikipedia,https://en.wikipedia.org/wiki/Inductive_reasoning,CC-BY-SA-4.0,2026-08-28,reviewed,true
built-in-mythology-religion-philosophy-accessible-corpus-164,built-in-mythology-religion-philosophy,"Mythology, Religion, and Philosophy",built-in-mythology-religion-philosophy-set-033,board,round-two,4,easy,baltic-finnic,"Mythology, Religion & Philosophy: Logic and Reasoning",,"What three-part argument uses two premises to reach a conclusion, as in the classic example about Socrates being mortal?","Kuidas nimetatakse kolmeosalist argumenti, kus kaks eeldust viivad järelduseni, nagu klassikalises näites Sokratese surelikkusest?",a syllogism,süllogism,categorical syllogism,kategooriline süllogism,"A categorical syllogism links terms across a major premise, a minor premise and a conclusion.","Kategooriline süllogism seob mõisted suure eelduse, väikese eelduse ja järelduse kaudu.",Syllogism — Wikipedia,https://en.wikipedia.org/wiki/Syllogism,CC-BY-SA-4.0,2026-08-28,reviewed,true
built-in-mythology-religion-philosophy-accessible-corpus-165,built-in-mythology-religion-philosophy,"Mythology, Religion, and Philosophy",built-in-mythology-religion-philosophy-set-033,board,round-two,5,easy,baltic-finnic,"Mythology, Religion & Philosophy: Logic and Reasoning",,Which principle advises preferring the explanation that requires fewer unsupported assumptions?,"Milline põhimõte soovitab eelistada seletust, mis vajab vähem põhjendamata eeldusi?",Occam’s razor,Ockhami habemenuga,Ockham’s razor;Occams razor,Occami habemenuga;Ockhami printsiip,Occam’s razor is a rule of parsimony: unnecessary entities or assumptions should not be multiplied.,Ockhami habemenuga on lihtsuse põhimõte: tarbetuid üksusi või eeldusi ei tule juurde tekitada.,Occam’s razor — Wikipedia,https://en.wikipedia.org/wiki/Occam%27s_razor,CC-BY-SA-4.0,2026-08-28,reviewed,true
built-in-mythology-religion-philosophy-clue-0166,built-in-mythology-religion-philosophy,"Mythology, Religion, and Philosophy",built-in-mythology-religion-philosophy-set-034,board,round-one,1,medium,baltic-finnic,"Mythology, Religion & Philosophy: Unexpected Grab Bag",,Ukko — What abode is associated with Ukko?,,Sky,,,,Ukko has abode Sky.,,Ukko — Wikipedia permanent revision 1319011473,https://en.wikipedia.org/w/index.php?title=Ukko&oldid=1319011473,CC-BY-SA-4.0,2026-08-26,untranslated,true
built-in-mythology-religion-philosophy-clue-0172,built-in-mythology-religion-philosophy,"Mythology, Religion, and Philosophy",built-in-mythology-religion-philosophy-set-034,board,round-one,2,medium,baltic-finnic,"Mythology, Religion & Philosophy: Unexpected Grab Bag",,Perkūnas — What major cult center is associated with Perkūnas?,,Romuva (allegedly),,Vilnius temple (1263-1387),,Perkūnas has major cult center Romuva (allegedly).,,Perkūnas — Wikipedia permanent revision 1345660569,https://en.wikipedia.org/w/index.php?title=Perk%C5%ABnas&oldid=1345660569,CC-BY-SA-4.0,2026-08-26,untranslated,true
built-in-mythology-religion-philosophy-clue-0178,built-in-mythology-religion-philosophy,"Mythology, Religion, and Philosophy",built-in-mythology-religion-philosophy-set-034,board,round-one,3,medium,baltic-finnic,"Mythology, Religion & Philosophy: Unexpected Grab Bag",,Mielikki — What ethnic group is associated with Mielikki?,,"Finns, Karelians",,,,"Mielikki has ethnic group Finns, Karelians.",,Mielikki — Wikipedia permanent revision 1360991101,https://en.wikipedia.org/w/index.php?title=Mielikki&oldid=1360991101,CC-BY-SA-4.0,2026-08-26,untranslated,true
built-in-mythology-religion-philosophy-clue-0184,built-in-mythology-religion-philosophy,"Mythology, Religion, and Philosophy",built-in-mythology-religion-philosophy-set-034,board,round-one,4,medium,baltic-finnic,"Mythology, Religion & Philosophy: Unexpected Grab Bag",,Aušrinė — What roman is associated with Aušrinė?,,Aurora,,,,Aušrinė has roman Aurora.,,Aušrinė — Wikipedia permanent revision 1370885496,https://en.wikipedia.org/w/index.php?title=Au%C5%A1rin%C4%97&oldid=1370885496,CC-BY-SA-4.0,2026-08-26,untranslated,true
built-in-mythology-religion-philosophy-clue-0190,built-in-mythology-religion-philosophy,"Mythology, Religion, and Philosophy",built-in-mythology-religion-philosophy-set-034,board,round-one,5,medium,baltic-finnic,"Mythology, Religion & Philosophy: Unexpected Grab Bag",,Brahma — What abode is associated with Brahma?,,Brahmaloka,,,,Brahma has abode Brahmaloka.,,Brahma — Wikipedia permanent revision 1369994408,https://en.wikipedia.org/w/index.php?title=Brahma&oldid=1369994408,CC-BY-SA-4.0,2026-08-26,untranslated,true
built-in-mythology-religion-philosophy-clue-0171,built-in-mythology-religion-philosophy,"Mythology, Religion, and Philosophy",built-in-mythology-religion-philosophy-set-035,board,round-one,1,medium,baltic-finnic,"Mythology, Religion & Philosophy: Unexpected Roundup",,Perkūnas — What affiliation is associated with Perkūnas?,,"Sky, thunder, lightning, storms, rain, fire, war, law, order, fertility, mountains, and oak trees",,,,"Perkūnas has affiliation Sky, thunder, lightning, storms, rain, fire, war, law, order, fertility, mountains, and oak trees.",,Perkūnas — Wikipedia permanent revision 1345660569,https://en.wikipedia.org/w/index.php?title=Perk%C5%ABnas&oldid=1345660569,CC-BY-SA-4.0,2026-08-26,untranslated,true
built-in-mythology-religion-philosophy-clue-0177,built-in-mythology-religion-philosophy,"Mythology, Religion, and Philosophy",built-in-mythology-religion-philosophy-set-035,board,round-one,2,medium,baltic-finnic,"Mythology, Religion & Philosophy: Unexpected Roundup",,Mielikki — What gender is associated with Mielikki?,,Female,,,,Mielikki has gender Female.,,Mielikki — Wikipedia permanent revision 1360991101,https://en.wikipedia.org/w/index.php?title=Mielikki&oldid=1360991101,CC-BY-SA-4.0,2026-08-26,untranslated,true
built-in-mythology-religion-philosophy-clue-0183,built-in-mythology-religion-philosophy,"Mythology, Religion, and Philosophy",built-in-mythology-religion-philosophy-set-035,board,round-one,3,medium,baltic-finnic,"Mythology, Religion & Philosophy: Unexpected Roundup",,Aušrinė — What greek is associated with Aušrinė?,,Eos,,,,Aušrinė has greek Eos.,,Aušrinė — Wikipedia permanent revision 1370885496,https://en.wikipedia.org/w/index.php?title=Au%C5%A1rin%C4%97&oldid=1370885496,CC-BY-SA-4.0,2026-08-26,untranslated,true
built-in-mythology-religion-philosophy-clue-0189,built-in-mythology-religion-philosophy,"Mythology, Religion, and Philosophy",built-in-mythology-religion-philosophy-set-035,board,round-one,4,medium,baltic-finnic,"Mythology, Religion & Philosophy: Unexpected Roundup",,Brahma — What affiliation is associated with Brahma?,,"Trimurti, Deva",,,,"Brahma has affiliation Trimurti, Deva.",,Brahma — Wikipedia permanent revision 1369994408,https://en.wikipedia.org/w/index.php?title=Brahma&oldid=1369994408,CC-BY-SA-4.0,2026-08-26,untranslated,true
built-in-mythology-religion-philosophy-clue-0195,built-in-mythology-religion-philosophy,"Mythology, Religion, and Philosophy",built-in-mythology-religion-philosophy-set-035,board,round-one,5,medium,baltic-finnic,"Mythology, Religion & Philosophy: Unexpected Roundup",,Vishnu — What weapon is associated with Vishnu?,,Sudarshana Chakra (discus),,Kaumodaki (mace);Sharanga (bow);Nandaka (sword),,Vishnu has weapon Sudarshana Chakra (discus).,,Vishnu — Wikipedia permanent revision 1371136779,https://en.wikipedia.org/w/index.php?title=Vishnu&oldid=1371136779,CC-BY-SA-4.0,2026-08-26,untranslated,true
built-in-mythology-religion-philosophy-clue-0176,built-in-mythology-religion-philosophy,"Mythology, Religion, and Philosophy",built-in-mythology-religion-philosophy-set-036,board,round-one,1,medium,baltic-finnic,"Mythology, Religion & Philosophy: Unexpected Sampler",,Mielikki — Give another name for Mielikki.,,"Central Finland: Siilikki, Siivikki",,"Forest Finns: Annikka;Kainuu: Annikki, Menninki, Mielis-neiti, Mikikki, Mitikkä, Tapio;Lapland: Annikka;Ostrobothnia: Annukka, Höytöri, Mieli, Mielis-neiti, Mieluneiti, Mielus, Tapiotar, Tinatti",,"Central Finland: Siilikki, Siivikki is another name for Mielikki.",,Mielikki — Wikipedia permanent revision 1360991101,https://en.wikipedia.org/w/index.php?title=Mielikki&oldid=1360991101,CC-BY-SA-4.0,2026-08-26,untranslated,true
built-in-mythology-religion-philosophy-clue-0182,built-in-mythology-religion-philosophy,"Mythology, Religion, and Philosophy",built-in-mythology-religion-philosophy-set-036,board,round-one,2,medium,baltic-finnic,"Mythology, Religion & Philosophy: Unexpected Sampler",,Aušrinė — Which region is associated with Aušrinė?,,Lithuania,,,,Lithuania is the region associated with Aušrinė.,,Aušrinė — Wikipedia permanent revision 1370885496,https://en.wikipedia.org/w/index.php?title=Au%C5%A1rin%C4%97&oldid=1370885496,CC-BY-SA-4.0,2026-08-26,untranslated,true
built-in-mythology-religion-philosophy-clue-0188,built-in-mythology-religion-philosophy,"Mythology, Religion, and Philosophy",built-in-mythology-religion-philosophy-set-036,board,round-one,3,medium,baltic-finnic,"Mythology, Religion & Philosophy: Unexpected Sampler",,Brahma — What sanskrit transliteration is associated with Brahma?,,Brahmā,,,,Brahma has sanskrit transliteration Brahmā.,,Brahma — Wikipedia permanent revision 1369994408,https://en.wikipedia.org/w/index.php?title=Brahma&oldid=1369994408,CC-BY-SA-4.0,2026-08-26,untranslated,true
built-in-mythology-religion-philosophy-clue-0194,built-in-mythology-religion-philosophy,"Mythology, Religion, and Philosophy",built-in-mythology-religion-philosophy-set-036,board,round-one,4,medium,baltic-finnic,"Mythology, Religion & Philosophy: Unexpected Sampler",,Vishnu — What mantra is associated with Vishnu?,,Om Namo Narayanaya,,Om Namo Bhagavate Vāsudevāya;Hari Om,,Vishnu has mantra Om Namo Narayanaya.,,Vishnu — Wikipedia permanent revision 1371136779,https://en.wikipedia.org/w/index.php?title=Vishnu&oldid=1371136779,CC-BY-SA-4.0,2026-08-26,untranslated,true
built-in-mythology-religion-philosophy-clue-0200,built-in-mythology-religion-philosophy,"Mythology, Religion, and Philosophy",built-in-mythology-religion-philosophy-set-036,board,round-one,5,medium,baltic-finnic,"Mythology, Religion & Philosophy: Unexpected Sampler",,Shiva — What weapon is associated with Shiva?,,Trishula,,Pashupatastra;Parashu;Pinaka bow,,Shiva has weapon Trishula.,,Shiva — Wikipedia permanent revision 1371246932,https://en.wikipedia.org/w/index.php?title=Shiva&oldid=1371246932,CC-BY-SA-4.0,2026-08-26,untranslated,true
built-in-mythology-religion-philosophy-clue-0181,built-in-mythology-religion-philosophy,"Mythology, Religion, and Philosophy",built-in-mythology-religion-philosophy-set-037,board,round-one,1,medium,baltic-finnic,"Mythology, Religion & Philosophy: Unexpected Potpourri",,Aušrinė — What planet is associated with Aušrinė?,,Venus,,,,Aušrinė has planet Venus.,,Aušrinė — Wikipedia permanent revision 1370885496,https://en.wikipedia.org/w/index.php?title=Au%C5%A1rin%C4%97&oldid=1370885496,CC-BY-SA-4.0,2026-08-26,untranslated,true
built-in-mythology-religion-philosophy-clue-0187,built-in-mythology-religion-philosophy,"Mythology, Religion, and Philosophy",built-in-mythology-religion-philosophy-set-037,board,round-one,2,medium,baltic-finnic,"Mythology, Religion & Philosophy: Unexpected Potpourri",,Brahma — What devanagari is associated with Brahma?,,ब्रह्मा,,,,Brahma has devanagari ब्रह्मा.,,Brahma — Wikipedia permanent revision 1369994408,https://en.wikipedia.org/w/index.php?title=Brahma&oldid=1369994408,CC-BY-SA-4.0,2026-08-26,untranslated,true
built-in-mythology-religion-philosophy-clue-0193,built-in-mythology-religion-philosophy,"Mythology, Religion, and Philosophy",built-in-mythology-religion-philosophy-set-037,board,round-one,3,medium,baltic-finnic,"Mythology, Religion & Philosophy: Unexpected Potpourri",,Vishnu — What abode is associated with Vishnu?,,Vaikuntha,,Kshira Sagara,,Vishnu has abode Vaikuntha.,,Vishnu — Wikipedia permanent revision 1371136779,https://en.wikipedia.org/w/index.php?title=Vishnu&oldid=1371136779,CC-BY-SA-4.0,2026-08-26,untranslated,true
built-in-mythology-religion-philosophy-clue-0199,built-in-mythology-religion-philosophy,"Mythology, Religion, and Philosophy",built-in-mythology-religion-philosophy-set-037,board,round-one,4,medium,baltic-finnic,"Mythology, Religion & Philosophy: Unexpected Potpourri",,Shiva — What mantra is associated with Shiva?,,Om Namah Shivaya,,Mahamrityunjaya Mantra,,Shiva has mantra Om Namah Shivaya.,,Shiva — Wikipedia permanent revision 1371246932,https://en.wikipedia.org/w/index.php?title=Shiva&oldid=1371246932,CC-BY-SA-4.0,2026-08-26,untranslated,true
built-in-mythology-religion-philosophy-clue-0205,built-in-mythology-religion-philosophy,"Mythology, Religion, and Philosophy",built-in-mythology-religion-philosophy-set-037,board,round-one,5,medium,baltic-finnic,"Mythology, Religion & Philosophy: Unexpected Potpourri",,Lakshmi — What mantra is associated with Lakshmi?,,Oṃ Śrīṃ Mahālakṣmyai Namaḥ,,Oṃ Śrīṃ Śriye Namaḥ,,Lakshmi has mantra Oṃ Śrīṃ Mahālakṣmyai Namaḥ.,,Lakshmi — Wikipedia permanent revision 1369395783,https://en.wikipedia.org/w/index.php?title=Lakshmi&oldid=1369395783,CC-BY-SA-4.0,2026-08-26,untranslated,true
built-in-mythology-religion-philosophy-clue-0186,built-in-mythology-religion-philosophy,"Mythology, Religion, and Philosophy",built-in-mythology-religion-philosophy-set-038,board,round-one,1,medium,asian,"Mythology, Religion & Philosophy: Unexpected Challenge",,Brahma — Give another name for Brahma.,,"Svayambhu, Virinchi, Prajapati",,,,"Svayambhu, Virinchi, Prajapati is another name for Brahma.",,Brahma — Wikipedia permanent revision 1369994408,https://en.wikipedia.org/w/index.php?title=Brahma&oldid=1369994408,CC-BY-SA-4.0,2026-08-26,untranslated,true
built-in-mythology-religion-philosophy-clue-0192,built-in-mythology-religion-philosophy,"Mythology, Religion, and Philosophy",built-in-mythology-religion-philosophy-set-038,board,round-one,2,medium,asian,"Mythology, Religion & Philosophy: Unexpected Challenge",,Vishnu — What affiliation is associated with Vishnu?,,Parabrahman,,Trimurti;Brahman;Bhagavan;Ishvara,,Vishnu has affiliation Parabrahman.,,Vishnu — Wikipedia permanent revision 1371136779,https://en.wikipedia.org/w/index.php?title=Vishnu&oldid=1371136779,CC-BY-SA-4.0,2026-08-26,untranslated,true
built-in-mythology-religion-philosophy-clue-0198,built-in-mythology-religion-philosophy,"Mythology, Religion, and Philosophy",built-in-mythology-religion-philosophy-set-038,board,round-one,3,medium,asian,"Mythology, Religion & Philosophy: Unexpected Challenge",,Shiva — What abode is associated with Shiva?,,Kailasa,,Shmashana,,Shiva has abode Kailasa.,,Shiva — Wikipedia permanent revision 1371246932,https://en.wikipedia.org/w/index.php?title=Shiva&oldid=1371246932,CC-BY-SA-4.0,2026-08-26,untranslated,true
built-in-mythology-religion-philosophy-clue-0204,built-in-mythology-religion-philosophy,"Mythology, Religion, and Philosophy",built-in-mythology-religion-philosophy-set-038,board,round-one,4,medium,asian,"Mythology, Religion & Philosophy: Unexpected Challenge",,Lakshmi — What abode is associated with Lakshmi?,,Vaikuntha,,Manidvipa;Kshira Sagara,,Lakshmi has abode Vaikuntha.,,Lakshmi — Wikipedia permanent revision 1369395783,https://en.wikipedia.org/w/index.php?title=Lakshmi&oldid=1369395783,CC-BY-SA-4.0,2026-08-26,untranslated,true
built-in-mythology-religion-philosophy-clue-0210,built-in-mythology-religion-philosophy,"Mythology, Religion, and Philosophy",built-in-mythology-religion-philosophy-set-038,board,round-one,5,medium,asian,"Mythology, Religion & Philosophy: Unexpected Challenge",,Saraswati — What abode is associated with Saraswati?,,Satyaloka,,Manidvipa,,Saraswati has abode Satyaloka.,,Saraswati — Wikipedia permanent revision 1370353865,https://en.wikipedia.org/w/index.php?title=Saraswati&oldid=1370353865,CC-BY-SA-4.0,2026-08-26,untranslated,true
built-in-mythology-religion-philosophy-clue-0191,built-in-mythology-religion-philosophy,"Mythology, Religion, and Philosophy",built-in-mythology-religion-philosophy-set-039,board,round-one,1,medium,asian,"Mythology, Religion & Philosophy: Unexpected Quiz",,Vishnu — Give another name for Vishnu.,,Narayana,,Hari;Madhava;Keshava;Achyuta,,Narayana is another name for Vishnu.,,Vishnu — Wikipedia permanent revision 1371136779,https://en.wikipedia.org/w/index.php?title=Vishnu&oldid=1371136779,CC-BY-SA-4.0,2026-08-26,untranslated,true
built-in-mythology-religion-philosophy-clue-0197,built-in-mythology-religion-philosophy,"Mythology, Religion, and Philosophy",built-in-mythology-religion-philosophy-set-039,board,round-one,2,medium,asian,"Mythology, Religion & Philosophy: Unexpected Quiz",,Shiva — What affiliation is associated with Shiva?,,Trimurti,,Ishvara;Parabrahman;Paramatman (Shaivism),,Shiva has affiliation Trimurti.,,Shiva — Wikipedia permanent revision 1371246932,https://en.wikipedia.org/w/index.php?title=Shiva&oldid=1371246932,CC-BY-SA-4.0,2026-08-26,untranslated,true
built-in-mythology-religion-philosophy-clue-0203,built-in-mythology-religion-philosophy,"Mythology, Religion, and Philosophy",built-in-mythology-religion-philosophy-set-039,board,round-one,3,medium,asian,"Mythology, Religion & Philosophy: Unexpected Quiz",,Lakshmi — What affiliation is associated with Lakshmi?,,Devi,,Shakti;Mahadevi;Tridevi;Ashta Lakshmi,,Lakshmi has affiliation Devi.,,Lakshmi — Wikipedia permanent revision 1369395783,https://en.wikipedia.org/w/index.php?title=Lakshmi&oldid=1369395783,CC-BY-SA-4.0,2026-08-26,untranslated,true
built-in-mythology-religion-philosophy-clue-0209,built-in-mythology-religion-philosophy,"Mythology, Religion, and Philosophy",built-in-mythology-religion-philosophy-set-039,board,round-one,4,medium,asian,"Mythology, Religion & Philosophy: Unexpected Quiz",,Saraswati — What affiliation is associated with Saraswati?,,Devi,,Tridevi;Shakti;Mahadevi;Vach,,Saraswati has affiliation Devi.,,Saraswati — Wikipedia permanent revision 1370353865,https://en.wikipedia.org/w/index.php?title=Saraswati&oldid=1370353865,CC-BY-SA-4.0,2026-08-26,untranslated,true
built-in-mythology-religion-philosophy-clue-0215,built-in-mythology-religion-philosophy,"Mythology, Religion, and Philosophy",built-in-mythology-religion-philosophy-set-039,board,round-one,5,medium,asian,"Mythology, Religion & Philosophy: Unexpected Quiz",,Ganesha — What day is associated with Ganesha?,,"Tuesday or Wednesday, Sankashti Chaturthi",,,,"Ganesha has day Tuesday or Wednesday, Sankashti Chaturthi.",,Ganesha — Wikipedia permanent revision 1370319174,https://en.wikipedia.org/w/index.php?title=Ganesha&oldid=1370319174,CC-BY-SA-4.0,2026-08-26,untranslated,true
built-in-mythology-religion-philosophy-clue-0196,built-in-mythology-religion-philosophy,"Mythology, Religion, and Philosophy",built-in-mythology-religion-philosophy-set-040,board,round-one,1,medium,asian,"Mythology, Religion & Philosophy: Unexpected Odds & Ends",,Shiva — Give another name for Shiva.,,Bhairava,,Mahadeva;Mahakala;Maheśvara;Pashupati,,Bhairava is another name for Shiva.,,Shiva — Wikipedia permanent revision 1371246932,https://en.wikipedia.org/w/index.php?title=Shiva&oldid=1371246932,CC-BY-SA-4.0,2026-08-26,untranslated,true
built-in-mythology-religion-philosophy-clue-0202,built-in-mythology-religion-philosophy,"Mythology, Religion, and Philosophy",built-in-mythology-religion-philosophy-set-040,board,round-one,2,medium,asian,"Mythology, Religion & Philosophy: Unexpected Odds & Ends",,Lakshmi — What devanagari is associated with Lakshmi?,,लक्ष्मी,,,,Lakshmi has devanagari लक्ष्मी.,,Lakshmi — Wikipedia permanent revision 1369395783,https://en.wikipedia.org/w/index.php?title=Lakshmi&oldid=1369395783,CC-BY-SA-4.0,2026-08-26,untranslated,true
built-in-mythology-religion-philosophy-clue-0208,built-in-mythology-religion-philosophy,"Mythology, Religion, and Philosophy",built-in-mythology-religion-philosophy-set-040,board,round-one,3,medium,asian,"Mythology, Religion & Philosophy: Unexpected Odds & Ends",,Saraswati — What devanagari is associated with Saraswati?,,सरस्वती,,,,Saraswati has devanagari सरस्वती.,,Saraswati — Wikipedia permanent revision 1370353865,https://en.wikipedia.org/w/index.php?title=Saraswati&oldid=1370353865,CC-BY-SA-4.0,2026-08-26,untranslated,true
built-in-mythology-religion-philosophy-clue-0214,built-in-mythology-religion-philosophy,"Mythology, Religion, and Philosophy",built-in-mythology-religion-philosophy-set-040,board,round-one,4,medium,asian,"Mythology, Religion & Philosophy: Unexpected Odds & Ends",,Ganesha — What symbols is associated with Ganesha?,,Om,,Modak,,Ganesha has symbols Om.,,Ganesha — Wikipedia permanent revision 1370319174,https://en.wikipedia.org/w/index.php?title=Ganesha&oldid=1370319174,CC-BY-SA-4.0,2026-08-26,untranslated,true
built-in-mythology-religion-philosophy-clue-0220,built-in-mythology-religion-philosophy,"Mythology, Religion, and Philosophy",built-in-mythology-religion-philosophy-set-040,board,round-one,5,medium,asian,"Mythology, Religion & Philosophy: Unexpected Odds & Ends",,Krishna — What mantra is associated with Krishna?,,हरे कृष्ण,,Hare Krishna;ॐ नमो भगवते वासुदेवाय;Om Namo Bhagavate Vāsudevāya,,Krishna has mantra हरे कृष्ण.,,Krishna — Wikipedia permanent revision 1370257363,https://en.wikipedia.org/w/index.php?title=Krishna&oldid=1370257363,CC-BY-SA-4.0,2026-08-26,untranslated,true
built-in-mythology-religion-philosophy-clue-0201,built-in-mythology-religion-philosophy,"Mythology, Religion, and Philosophy",built-in-mythology-religion-philosophy-set-041,board,round-one,1,medium,asian,"Mythology, Religion & Philosophy: Worldwide Mix",,Lakshmi — Give another name for Lakshmi.,,Sri,,Bhargavi;Kamala;Padma;Narayani,,Sri is another name for Lakshmi.,,Lakshmi — Wikipedia permanent revision 1369395783,https://en.wikipedia.org/w/index.php?title=Lakshmi&oldid=1369395783,CC-BY-SA-4.0,2026-08-26,untranslated,true
built-in-mythology-religion-philosophy-clue-0207,built-in-mythology-religion-philosophy,"Mythology, Religion, and Philosophy",built-in-mythology-religion-philosophy-set-041,board,round-one,2,medium,asian,"Mythology, Religion & Philosophy: Worldwide Mix",,Saraswati — What sanskrit transliteration is associated with Saraswati?,,Sarasvatī,,,,Saraswati has sanskrit transliteration Sarasvatī.,,Saraswati — Wikipedia permanent revision 1370353865,https://en.wikipedia.org/w/index.php?title=Saraswati&oldid=1370353865,CC-BY-SA-4.0,2026-08-26,untranslated,true
built-in-mythology-religion-philosophy-clue-0213,built-in-mythology-religion-philosophy,"Mythology, Religion, and Philosophy",built-in-mythology-religion-philosophy-set-041,board,round-one,3,medium,asian,"Mythology, Religion & Philosophy: Worldwide Mix",,Ganesha — What weapon is associated with Ganesha?,,Paraśu (axe),,pāśa;aṅkuśa (elephant goad),,Ganesha has weapon Paraśu (axe).,,Ganesha — Wikipedia permanent revision 1370319174,https://en.wikipedia.org/w/index.php?title=Ganesha&oldid=1370319174,CC-BY-SA-4.0,2026-08-26,untranslated,true
built-in-mythology-religion-philosophy-clue-0219,built-in-mythology-religion-philosophy,"Mythology, Religion, and Philosophy",built-in-mythology-religion-philosophy-set-041,board,round-one,4,medium,asian,"Mythology, Religion & Philosophy: Worldwide Mix",,Krishna — What abode is associated with Krishna?,,Goloka,,Vrindavan;Gokul;Mathura;Dvaraka,,Krishna has abode Goloka.,,Krishna — Wikipedia permanent revision 1370257363,https://en.wikipedia.org/w/index.php?title=Krishna&oldid=1370257363,CC-BY-SA-4.0,2026-08-26,untranslated,true
built-in-mythology-religion-philosophy-clue-0225,built-in-mythology-religion-philosophy,"Mythology, Religion, and Philosophy",built-in-mythology-religion-philosophy-set-041,board,round-one,5,medium,asian,"Mythology, Religion & Philosophy: Worldwide Mix",,Amaterasu — What artifacts is associated with Amaterasu?,,Yata no Kagami and Yasakani no Magatama,,,,Amaterasu has artifacts Yata no Kagami and Yasakani no Magatama.,,Amaterasu — Wikipedia permanent revision 1369005518,https://en.wikipedia.org/w/index.php?title=Amaterasu&oldid=1369005518,CC-BY-SA-4.0,2026-08-26,untranslated,true
built-in-mythology-religion-philosophy-clue-0206,built-in-mythology-religion-philosophy,"Mythology, Religion, and Philosophy",built-in-mythology-religion-philosophy-set-042,board,round-one,1,medium,asian,"Mythology, Religion & Philosophy: Worldwide Medley",,Saraswati — Give another name for Saraswati.,,Bharati,,Brahmani;Savitri;Sharada;Trayi,,Bharati is another name for Saraswati.,,Saraswati — Wikipedia permanent revision 1370353865,https://en.wikipedia.org/w/index.php?title=Saraswati&oldid=1370353865,CC-BY-SA-4.0,2026-08-26,untranslated,true
built-in-mythology-religion-philosophy-clue-0212,built-in-mythology-religion-philosophy,"Mythology, Religion, and Philosophy",built-in-mythology-religion-philosophy-set-042,board,round-one,2,medium,asian,"Mythology, Religion & Philosophy: Worldwide Medley",,Ganesha — What mantra is associated with Ganesha?,,Oṃ Śrī Gaṇeśāya Namaḥ,,Oṃ Gaṃ Gaṇapataye Namaḥ,,Ganesha has mantra Oṃ Śrī Gaṇeśāya Namaḥ.,,Ganesha — Wikipedia permanent revision 1370319174,https://en.wikipedia.org/w/index.php?title=Ganesha&oldid=1370319174,CC-BY-SA-4.0,2026-08-26,untranslated,true
built-in-mythology-religion-philosophy-clue-0218,built-in-mythology-religion-philosophy,"Mythology, Religion, and Philosophy",built-in-mythology-religion-philosophy-set-042,board,round-one,3,medium,asian,"Mythology, Religion & Philosophy: Worldwide Medley",,Krishna — What affiliation is associated with Krishna?,,Svayam Bhagavan (Krishnaism-Vaishnavism),,Avatar of Vishnu;Dashavatara;Radha Krishna,,Krishna has affiliation Svayam Bhagavan (Krishnaism-Vaishnavism).,,Krishna — Wikipedia permanent revision 1370257363,https://en.wikipedia.org/w/index.php?title=Krishna&oldid=1370257363,CC-BY-SA-4.0,2026-08-26,untranslated,true
built-in-mythology-religion-philosophy-clue-0224,built-in-mythology-religion-philosophy,"Mythology, Religion, and Philosophy",built-in-mythology-religion-philosophy-set-042,board,round-one,4,medium,asian,"Mythology, Religion & Philosophy: Worldwide Medley",,Amaterasu — What planet is associated with Amaterasu?,,Sun,,,,Amaterasu has planet Sun.,,Amaterasu — Wikipedia permanent revision 1369005518,https://en.wikipedia.org/w/index.php?title=Amaterasu&oldid=1369005518,CC-BY-SA-4.0,2026-08-26,untranslated,true
built-in-mythology-religion-philosophy-clue-0230,built-in-mythology-religion-philosophy,"Mythology, Religion, and Philosophy",built-in-mythology-religion-philosophy-set-042,board,round-one,5,medium,asian,"Mythology, Religion & Philosophy: Worldwide Medley",,Susanoo-no-Mikoto — What parents is associated with Susanoo-no-Mikoto?,,Izanagi (Kojiki),,Izanagi and Izanami (Nihon Shoki),,Susanoo-no-Mikoto has parents Izanagi (Kojiki).,,Susanoo-no-Mikoto — Wikipedia permanent revision 1371155496,https://en.wikipedia.org/w/index.php?title=Susanoo-no-Mikoto&oldid=1371155496,CC-BY-SA-4.0,2026-08-26,untranslated,true
built-in-mythology-religion-philosophy-clue-0211,built-in-mythology-religion-philosophy,"Mythology, Religion, and Philosophy",built-in-mythology-religion-philosophy-set-043,board,round-one,1,medium,asian,"Mythology, Religion & Philosophy: Worldwide Tour",,Ganesha — What abode is associated with Ganesha?,,Kailasha (with parents),,,,Ganesha has abode Kailasha (with parents).,,Ganesha — Wikipedia permanent revision 1370319174,https://en.wikipedia.org/w/index.php?title=Ganesha&oldid=1370319174,CC-BY-SA-4.0,2026-08-26,untranslated,true
built-in-mythology-religion-philosophy-clue-0217,built-in-mythology-religion-philosophy,"Mythology, Religion, and Philosophy",built-in-mythology-religion-philosophy-set-043,board,round-one,2,medium,asian,"Mythology, Religion & Philosophy: Worldwide Tour",,Krishna — What sanskrit transliteration is associated with Krishna?,,Kṛṣṇa,,,,Krishna has sanskrit transliteration Kṛṣṇa.,,Krishna — Wikipedia permanent revision 1370257363,https://en.wikipedia.org/w/index.php?title=Krishna&oldid=1370257363,CC-BY-SA-4.0,2026-08-26,untranslated,true
built-in-mythology-religion-philosophy-clue-0223,built-in-mythology-religion-philosophy,"Mythology, Religion, and Philosophy",built-in-mythology-religion-philosophy-set-043,board,round-one,3,medium,asian,"Mythology, Religion & Philosophy: Worldwide Tour",,Amaterasu — What abode is associated with Amaterasu?,,Takamagahara,,,,Amaterasu has abode Takamagahara.,,Amaterasu — Wikipedia permanent revision 1369005518,https://en.wikipedia.org/w/index.php?title=Amaterasu&oldid=1369005518,CC-BY-SA-4.0,2026-08-26,untranslated,true
built-in-mythology-religion-philosophy-clue-0229,built-in-mythology-religion-philosophy,"Mythology, Religion, and Philosophy",built-in-mythology-religion-philosophy-set-043,board,round-one,4,medium,asian,"Mythology, Religion & Philosophy: Worldwide Tour",,Susanoo-no-Mikoto — What texts is associated with Susanoo-no-Mikoto?,,Kojiki,,Nihon Shoki;Izumo Fudoki;Sendai Kuji Hongi,,Susanoo-no-Mikoto has texts Kojiki.,,Susanoo-no-Mikoto — Wikipedia permanent revision 1371155496,https://en.wikipedia.org/w/index.php?title=Susanoo-no-Mikoto&oldid=1371155496,CC-BY-SA-4.0,2026-08-26,untranslated,true
built-in-mythology-religion-philosophy-clue-0235,built-in-mythology-religion-philosophy,"Mythology, Religion, and Philosophy",built-in-mythology-religion-philosophy-set-043,board,round-one,5,medium,asian,"Mythology, Religion & Philosophy: Worldwide Tour",,Bunzi — What dynasty is associated with Bunzi?,,Kingdom of Ngoyo,,Kingdom of Kongo,,Bunzi has dynasty Kingdom of Ngoyo.,,Bunzi — Wikipedia permanent revision 1350777638,https://en.wikipedia.org/w/index.php?title=Bunzi&oldid=1350777638,CC-BY-SA-4.0,2026-08-26,untranslated,true
built-in-mythology-religion-philosophy-clue-0216,built-in-mythology-religion-philosophy,"Mythology, Religion, and Philosophy",built-in-mythology-religion-philosophy-set-044,board,round-one,1,medium,asian,"Mythology, Religion & Philosophy: Worldwide Grab Bag",,Krishna — What devanagari is associated with Krishna?,,कृष्ण,,,,Krishna has devanagari कृष्ण.,,Krishna — Wikipedia permanent revision 1370257363,https://en.wikipedia.org/w/index.php?title=Krishna&oldid=1370257363,CC-BY-SA-4.0,2026-08-26,untranslated,true
built-in-mythology-religion-philosophy-clue-0222,built-in-mythology-religion-philosophy,"Mythology, Religion, and Philosophy",built-in-mythology-religion-philosophy-set-044,board,round-one,2,medium,asian,"Mythology, Religion & Philosophy: Worldwide Grab Bag",,Amaterasu — What major cult centre is associated with Amaterasu?,,Ise Shrine,,,,Amaterasu has major cult centre Ise Shrine.,,Amaterasu — Wikipedia permanent revision 1369005518,https://en.wikipedia.org/w/index.php?title=Amaterasu&oldid=1369005518,CC-BY-SA-4.0,2026-08-26,untranslated,true
built-in-mythology-religion-philosophy-clue-0228,built-in-mythology-religion-philosophy,"Mythology, Religion, and Philosophy",built-in-mythology-religion-philosophy-set-044,board,round-one,3,medium,asian,"Mythology, Religion & Philosophy: Worldwide Grab Bag",,Susanoo-no-Mikoto — What major cult center is associated with Susanoo-no-Mikoto?,,Susa Shrine,,Yaegaki Shrine;Suga Shrine;Kumano Taisha;Susanoo Shrine,,Susanoo-no-Mikoto has major cult center Susa Shrine.,,Susanoo-no-Mikoto — Wikipedia permanent revision 1371155496,https://en.wikipedia.org/w/index.php?title=Susanoo-no-Mikoto&oldid=1371155496,CC-BY-SA-4.0,2026-08-26,untranslated,true
built-in-mythology-religion-philosophy-clue-0234,built-in-mythology-religion-philosophy,"Mythology, Religion, and Philosophy",built-in-mythology-religion-philosophy-set-044,board,round-one,4,medium,asian,"Mythology, Religion & Philosophy: Worldwide Grab Bag",,Bunzi — What ethnic group is associated with Bunzi?,,Bantu peoples,,,,Bunzi has ethnic group Bantu peoples.,,Bunzi — Wikipedia permanent revision 1350777638,https://en.wikipedia.org/w/index.php?title=Bunzi&oldid=1350777638,CC-BY-SA-4.0,2026-08-26,untranslated,true
built-in-mythology-religion-philosophy-clue-0240,built-in-mythology-religion-philosophy,"Mythology, Religion, and Philosophy",built-in-mythology-religion-philosophy-set-044,board,round-one,5,medium,asian,"Mythology, Religion & Philosophy: Worldwide Grab Bag",,Yoruba religion — What territory is associated with Yoruba religion?,,Yorubaland,,,,Yoruba religion has territory Yorubaland.,,Yoruba religion — Wikipedia permanent revision 1369404875,https://en.wikipedia.org/w/index.php?title=Yoruba_religion&oldid=1369404875,CC-BY-SA-4.0,2026-08-26,untranslated,true
built-in-mythology-religion-philosophy-clue-0221,built-in-mythology-religion-philosophy,"Mythology, Religion, and Philosophy",built-in-mythology-religion-philosophy-set-045,board,round-one,1,medium,asian,"Mythology, Religion & Philosophy: Worldwide Roundup",,Amaterasu — Give another name for Amaterasu.,,"Amaterasu-Ōmikami (天照大御神, 天照大神)",,Amaterasu Ōkami (天照大神);Amaterasu Sume(ra) Ōmikami (天照皇大神);Amaterashimasu Sume(ra) Ōmikami (天照坐皇大御神);Amaterasu Ōhirume no Mikoto (天照大日孁尊),,"Amaterasu-Ōmikami (天照大御神, 天照大神) is another name for Amaterasu.",,Amaterasu — Wikipedia permanent revision 1369005518,https://en.wikipedia.org/w/index.php?title=Amaterasu&oldid=1369005518,CC-BY-SA-4.0,2026-08-26,untranslated,true
built-in-mythology-religion-philosophy-clue-0227,built-in-mythology-religion-philosophy,"Mythology, Religion, and Philosophy",built-in-mythology-religion-philosophy-set-045,board,round-one,2,medium,asian,"Mythology, Religion & Philosophy: Worldwide Roundup",,Susanoo-no-Mikoto — What japanese is associated with Susanoo-no-Mikoto?,,"須佐之男命, 素戔嗚尊, 素盞嗚尊, 須佐乃袁尊, 須佐能乎命",,,,"Susanoo-no-Mikoto has japanese 須佐之男命, 素戔嗚尊, 素盞嗚尊, 須佐乃袁尊, 須佐能乎命.",,Susanoo-no-Mikoto — Wikipedia permanent revision 1371155496,https://en.wikipedia.org/w/index.php?title=Susanoo-no-Mikoto&oldid=1371155496,CC-BY-SA-4.0,2026-08-26,untranslated,true
built-in-mythology-religion-philosophy-clue-0233,built-in-mythology-religion-philosophy,"Mythology, Religion, and Philosophy",built-in-mythology-religion-philosophy-set-045,board,round-one,3,medium,asian,"Mythology, Religion & Philosophy: Worldwide Roundup",,Bunzi — Which region is associated with Bunzi?,,Democratic Republic of the Congo,,Republic of the Congo,,Democratic Republic of the Congo is the region associated with Bunzi.,,Bunzi — Wikipedia permanent revision 1350777638,https://en.wikipedia.org/w/index.php?title=Bunzi&oldid=1350777638,CC-BY-SA-4.0,2026-08-26,untranslated,true
built-in-mythology-religion-philosophy-clue-0239,built-in-mythology-religion-philosophy,"Mythology, Religion, and Philosophy",built-in-mythology-religion-philosophy-set-045,board,round-one,4,medium,asian,"Mythology, Religion & Philosophy: Worldwide Roundup",,Yoruba religion — Which region is associated with Yoruba religion?,,Worldwide,,,,Worldwide is the region associated with Yoruba religion.,,Yoruba religion — Wikipedia permanent revision 1369404875,https://en.wikipedia.org/w/index.php?title=Yoruba_religion&oldid=1369404875,CC-BY-SA-4.0,2026-08-26,untranslated,true
built-in-mythology-religion-philosophy-clue-0245,built-in-mythology-religion-philosophy,"Mythology, Religion, and Philosophy",built-in-mythology-religion-philosophy-set-045,board,round-one,5,medium,asian,"Mythology, Religion & Philosophy: Worldwide Roundup",,Shango — What color is Shango?,,Red and White,,,,Shango is described as Red and White.,,Shango — Wikipedia permanent revision 1370322909,https://en.wikipedia.org/w/index.php?title=Shango&oldid=1370322909,CC-BY-SA-4.0,2026-08-26,untranslated,true
built-in-mythology-religion-philosophy-clue-0226,built-in-mythology-religion-philosophy,"Mythology, Religion, and Philosophy",built-in-mythology-religion-philosophy-set-046,board,round-one,1,medium,asian,"Mythology, Religion & Philosophy: Worldwide Sampler",,Susanoo-no-Mikoto — Give another name for Susanoo-no-Mikoto.,,Takehaya-Susanoo-no-Mikoto (建速須佐之男命),,"Haya-Susanoo-no-Mikoto (速須佐之男命, 速素戔嗚尊);Take-Susanoo-no-Mikoto (武素戔嗚尊);Kamu-Susanoo-no-Mikoto (神素戔嗚尊, 神須佐能袁命);Kushimikenu-no-Mikoto (櫛御気野命)",,Takehaya-Susanoo-no-Mikoto (建速須佐之男命) is another name for Susanoo-no-Mikoto.,,Susanoo-no-Mikoto — Wikipedia permanent revision 1371155496,https://en.wikipedia.org/w/index.php?title=Susanoo-no-Mikoto&oldid=1371155496,CC-BY-SA-4.0,2026-08-26,untranslated,true
built-in-mythology-religion-philosophy-clue-0232,built-in-mythology-religion-philosophy,"Mythology, Religion, and Philosophy",built-in-mythology-religion-philosophy-set-046,board,round-one,2,medium,asian,"Mythology, Religion & Philosophy: Worldwide Sampler",,Bunzi — What symbol is associated with Bunzi?,,Water,,Rainbow,,Bunzi has symbol Water.,,Bunzi — Wikipedia permanent revision 1350777638,https://en.wikipedia.org/w/index.php?title=Bunzi&oldid=1350777638,CC-BY-SA-4.0,2026-08-26,untranslated,true
built-in-mythology-religion-philosophy-clue-0238,built-in-mythology-religion-philosophy,"Mythology, Religion, and Philosophy",built-in-mythology-religion-philosophy-set-046,board,round-one,3,medium,asian,"Mythology, Religion & Philosophy: Worldwide Sampler",,Yoruba religion — What theology is associated with Yoruba religion?,,Diffused monotheism,,,,Yoruba religion has theology Diffused monotheism.,,Yoruba religion — Wikipedia permanent revision 1369404875,https://en.wikipedia.org/w/index.php?title=Yoruba_religion&oldid=1369404875,CC-BY-SA-4.0,2026-08-26,untranslated,true
built-in-mythology-religion-philosophy-clue-0244,built-in-mythology-religion-philosophy,"Mythology, Religion, and Philosophy",built-in-mythology-religion-philosophy-set-046,board,round-one,4,medium,asian,"Mythology, Religion & Philosophy: Worldwide Sampler",,Shango — What day is associated with Shango?,,The fourth day of the Kọjọda week,,Wednesday;Friday,,Shango has day The fourth day of the Kọjọda week.,,Shango — Wikipedia permanent revision 1370322909,https://en.wikipedia.org/w/index.php?title=Shango&oldid=1370322909,CC-BY-SA-4.0,2026-08-26,untranslated,true
built-in-mythology-religion-philosophy-clue-0250,built-in-mythology-religion-philosophy,"Mythology, Religion, and Philosophy",built-in-mythology-religion-philosophy-set-046,board,round-one,5,medium,asian,"Mythology, Religion & Philosophy: Worldwide Sampler",,Oshun — What day is associated with Oshun?,,The second day of the Kọjọda week,,,,Oshun has day The second day of the Kọjọda week.,,Oshun — Wikipedia permanent revision 1361416311,https://en.wikipedia.org/w/index.php?title=Oshun&oldid=1361416311,CC-BY-SA-4.0,2026-08-26,untranslated,true
built-in-mythology-religion-philosophy-clue-0231,built-in-mythology-religion-philosophy,"Mythology, Religion, and Philosophy",built-in-mythology-religion-philosophy-set-047,board,round-one,1,medium,african,"Mythology, Religion & Philosophy: Worldwide Potpourri",,Bunzi — What venerated in is associated with Bunzi?,,Kongo religion,,,,Bunzi has venerated in Kongo religion.,,Bunzi — Wikipedia permanent revision 1350777638,https://en.wikipedia.org/w/index.php?title=Bunzi&oldid=1350777638,CC-BY-SA-4.0,2026-08-26,untranslated,true
built-in-mythology-religion-philosophy-clue-0237,built-in-mythology-religion-philosophy,"Mythology, Religion, and Philosophy",built-in-mythology-religion-philosophy-set-047,board,round-one,2,medium,african,"Mythology, Religion & Philosophy: Worldwide Potpourri",,Yoruba religion — What scripture is associated with Yoruba religion?,,Odu Ifa,,,,Yoruba religion has scripture Odu Ifa.,,Yoruba religion — Wikipedia permanent revision 1369404875,https://en.wikipedia.org/w/index.php?title=Yoruba_religion&oldid=1369404875,CC-BY-SA-4.0,2026-08-26,untranslated,true
built-in-mythology-religion-philosophy-clue-0243,built-in-mythology-religion-philosophy,"Mythology, Religion, and Philosophy",built-in-mythology-religion-philosophy-set-047,board,round-one,3,medium,african,"Mythology, Religion & Philosophy: Worldwide Potpourri",,Shango — What weapons is associated with Shango?,,"Oṣé, thunderstone",,,,"Shango has weapons Oṣé, thunderstone.",,Shango — Wikipedia permanent revision 1370322909,https://en.wikipedia.org/w/index.php?title=Shango&oldid=1370322909,CC-BY-SA-4.0,2026-08-26,untranslated,true
built-in-mythology-religion-philosophy-clue-0249,built-in-mythology-religion-philosophy,"Mythology, Religion, and Philosophy",built-in-mythology-religion-philosophy-set-047,board,round-one,4,medium,african,"Mythology, Religion & Philosophy: Worldwide Potpourri",,Oshun — What symbols is associated with Oshun?,,"Abẹ̀bẹ̀, gold, bronze, amber, pumpkin, honey, mead, wine, confections, orange",,,,"Oshun has symbols Abẹ̀bẹ̀, gold, bronze, amber, pumpkin, honey, mead, wine, confections, orange.",,Oshun — Wikipedia permanent revision 1361416311,https://en.wikipedia.org/w/index.php?title=Oshun&oldid=1361416311,CC-BY-SA-4.0,2026-08-26,untranslated,true
built-in-mythology-religion-philosophy-clue-0170,built-in-mythology-religion-philosophy,"Mythology, Religion, and Philosophy",built-in-mythology-religion-philosophy-set-047,board,round-one,5,medium,african,"Mythology, Religion & Philosophy: Worldwide Potpourri",,Ukko — What consort is associated with Ukko?,,Assumed Maaemä,,,,Ukko has consort Assumed Maaemä.,,Ukko — Wikipedia permanent revision 1319011473,https://en.wikipedia.org/w/index.php?title=Ukko&oldid=1319011473,CC-BY-SA-4.0,2026-08-26,untranslated,true
built-in-mythology-religion-philosophy-clue-0236,built-in-mythology-religion-philosophy,"Mythology, Religion, and Philosophy",built-in-mythology-religion-philosophy-set-048,board,round-one,1,medium,african,"Mythology, Religion & Philosophy: Worldwide Challenge",,Yoruba religion — What classification is associated with Yoruba religion?,,African,,,,Yoruba religion has classification African.,,Yoruba religion — Wikipedia permanent revision 1369404875,https://en.wikipedia.org/w/index.php?title=Yoruba_religion&oldid=1369404875,CC-BY-SA-4.0,2026-08-26,untranslated,true
built-in-mythology-religion-philosophy-clue-0242,built-in-mythology-religion-philosophy,"Mythology, Religion, and Philosophy",built-in-mythology-religion-philosophy-set-048,board,round-one,2,medium,african,"Mythology, Religion & Philosophy: Worldwide Challenge",,Shango — What major cult center is associated with Shango?,,Ọyọ,,,,Shango has major cult center Ọyọ.,,Shango — Wikipedia permanent revision 1370322909,https://en.wikipedia.org/w/index.php?title=Shango&oldid=1370322909,CC-BY-SA-4.0,2026-08-26,untranslated,true
built-in-mythology-religion-philosophy-clue-0248,built-in-mythology-religion-philosophy,"Mythology, Religion, and Philosophy",built-in-mythology-religion-philosophy-set-048,board,round-one,3,medium,african,"Mythology, Religion & Philosophy: Worldwide Challenge",,Oshun — What animals is associated with Oshun?,,"Vulture, peacock",,,,"Oshun has animals Vulture, peacock.",,Oshun — Wikipedia permanent revision 1361416311,https://en.wikipedia.org/w/index.php?title=Oshun&oldid=1361416311,CC-BY-SA-4.0,2026-08-26,untranslated,true
built-in-mythology-religion-philosophy-clue-0169,built-in-mythology-religion-philosophy,"Mythology, Religion, and Philosophy",built-in-mythology-religion-philosophy-set-048,board,round-one,4,medium,african,"Mythology, Religion & Philosophy: Worldwide Challenge",,Ukko — What festivals is associated with Ukko?,,Vakkajuhlat,,,,Ukko has festivals Vakkajuhlat.,,Ukko — Wikipedia permanent revision 1319011473,https://en.wikipedia.org/w/index.php?title=Ukko&oldid=1319011473,CC-BY-SA-4.0,2026-08-26,untranslated,true
built-in-mythology-religion-philosophy-clue-0175,built-in-mythology-religion-philosophy,"Mythology, Religion, and Philosophy",built-in-mythology-religion-philosophy-set-048,board,round-one,5,medium,african,"Mythology, Religion & Philosophy: Worldwide Challenge",,Perkūnas — What tree is associated with Perkūnas?,,"Oak, Rowan",,,,"Perkūnas has tree Oak, Rowan.",,Perkūnas — Wikipedia permanent revision 1345660569,https://en.wikipedia.org/w/index.php?title=Perk%C5%ABnas&oldid=1345660569,CC-BY-SA-4.0,2026-08-26,untranslated,true
built-in-mythology-religion-philosophy-clue-0241,built-in-mythology-religion-philosophy,"Mythology, Religion, and Philosophy",built-in-mythology-religion-philosophy-set-049,board,round-one,1,medium,african,"Mythology, Religion & Philosophy: Worldwide Quiz",,Shango — Give another name for Shango.,,Sango,,Ṣàngó;Changó;Xangô;Arabambi,,Sango is another name for Shango.,,Shango — Wikipedia permanent revision 1370322909,https://en.wikipedia.org/w/index.php?title=Shango&oldid=1370322909,CC-BY-SA-4.0,2026-08-26,untranslated,true
built-in-mythology-religion-philosophy-clue-0247,built-in-mythology-religion-philosophy,"Mythology, Religion, and Philosophy",built-in-mythology-religion-philosophy-set-049,board,round-one,2,medium,african,"Mythology, Religion & Philosophy: Worldwide Quiz",,Oshun — What venerated in is associated with Oshun?,,"Yoruba religion, Dahomey religion, Vodun, Santería, Candomblé, Haitian Vodou, Dominican Vudú",,,,"Oshun has venerated in Yoruba religion, Dahomey religion, Vodun, Santería, Candomblé, Haitian Vodou, Dominican Vudú.",,Oshun — Wikipedia permanent revision 1361416311,https://en.wikipedia.org/w/index.php?title=Oshun&oldid=1361416311,CC-BY-SA-4.0,2026-08-26,untranslated,true
built-in-mythology-religion-philosophy-clue-0168,built-in-mythology-religion-philosophy,"Mythology, Religion, and Philosophy",built-in-mythology-religion-philosophy-set-049,board,round-one,3,medium,african,"Mythology, Religion & Philosophy: Worldwide Quiz",,Ukko — What symbol is associated with Ukko?,,"Rowan tree, great mullein",,,,"Ukko has symbol Rowan tree, great mullein.",,Ukko — Wikipedia permanent revision 1319011473,https://en.wikipedia.org/w/index.php?title=Ukko&oldid=1319011473,CC-BY-SA-4.0,2026-08-26,untranslated,true
built-in-mythology-religion-philosophy-clue-0174,built-in-mythology-religion-philosophy,"Mythology, Religion, and Philosophy",built-in-mythology-religion-philosophy-set-049,board,round-one,4,medium,african,"Mythology, Religion & Philosophy: Worldwide Quiz",,Perkūnas — What symbol is associated with Perkūnas?,,Swastika,,,,Perkūnas has symbol Swastika.,,Perkūnas — Wikipedia permanent revision 1345660569,https://en.wikipedia.org/w/index.php?title=Perk%C5%ABnas&oldid=1345660569,CC-BY-SA-4.0,2026-08-26,untranslated,true
built-in-mythology-religion-philosophy-clue-0180,built-in-mythology-religion-philosophy,"Mythology, Religion, and Philosophy",built-in-mythology-religion-philosophy-set-049,board,round-one,5,medium,african,"Mythology, Religion & Philosophy: Worldwide Quiz",,Mielikki — What estonian is associated with Mielikki?,,Metsaema,,,,Mielikki has estonian Metsaema.,,Mielikki — Wikipedia permanent revision 1360991101,https://en.wikipedia.org/w/index.php?title=Mielikki&oldid=1360991101,CC-BY-SA-4.0,2026-08-26,untranslated,true
built-in-mythology-religion-philosophy-clue-0246,built-in-mythology-religion-philosophy,"Mythology, Religion, and Philosophy",built-in-mythology-religion-philosophy-set-050,board,round-one,1,medium,african,"Mythology, Religion & Philosophy: Worldwide Odds & Ends",,Oshun — Give another name for Oshun.,,"Ọ̀ṣun, Ochún, Oxúm",,,,"Ọ̀ṣun, Ochún, Oxúm is another name for Oshun.",,Oshun — Wikipedia permanent revision 1361416311,https://en.wikipedia.org/w/index.php?title=Oshun&oldid=1361416311,CC-BY-SA-4.0,2026-08-26,untranslated,true
built-in-mythology-religion-philosophy-clue-0167,built-in-mythology-religion-philosophy,"Mythology, Religion, and Philosophy",built-in-mythology-religion-philosophy-set-050,board,round-one,2,medium,african,"Mythology, Religion & Philosophy: Worldwide Odds & Ends",,Ukko — What weapon is associated with Ukko?,,"Hammer, sword or axe",,,,"Ukko has weapon Hammer, sword or axe.",,Ukko — Wikipedia permanent revision 1319011473,https://en.wikipedia.org/w/index.php?title=Ukko&oldid=1319011473,CC-BY-SA-4.0,2026-08-26,untranslated,true
built-in-mythology-religion-philosophy-clue-0173,built-in-mythology-religion-philosophy,"Mythology, Religion, and Philosophy",built-in-mythology-religion-philosophy-set-050,board,round-one,3,medium,african,"Mythology, Religion & Philosophy: Worldwide Odds & Ends",,Perkūnas — What weapon is associated with Perkūnas?,,"Axe or sledgehammer, stones, a sword, lightning bolts, a bow and arrows.",,,,"Perkūnas has weapon Axe or sledgehammer, stones, a sword, lightning bolts, a bow and arrows..",,Perkūnas — Wikipedia permanent revision 1345660569,https://en.wikipedia.org/w/index.php?title=Perk%C5%ABnas&oldid=1345660569,CC-BY-SA-4.0,2026-08-26,untranslated,true
built-in-mythology-religion-philosophy-clue-0179,built-in-mythology-religion-philosophy,"Mythology, Religion, and Philosophy",built-in-mythology-religion-philosophy-set-050,board,round-one,4,medium,african,"Mythology, Religion & Philosophy: Worldwide Odds & Ends",,Mielikki — What offspring is associated with Mielikki?,,Tellervo,,Tuulikki;Nyyrikki,,Mielikki has offspring Tellervo.,,Mielikki — Wikipedia permanent revision 1360991101,https://en.wikipedia.org/w/index.php?title=Mielikki&oldid=1360991101,CC-BY-SA-4.0,2026-08-26,untranslated,true
built-in-mythology-religion-philosophy-clue-0185,built-in-mythology-religion-philosophy,"Mythology, Religion, and Philosophy",built-in-mythology-religion-philosophy-set-050,board,round-one,5,medium,african,"Mythology, Religion & Philosophy: Worldwide Odds & Ends",,Aušrinė — What latvian is associated with Aušrinė?,,Auseklis,,,,Aušrinė has latvian Auseklis.,,Aušrinė — Wikipedia permanent revision 1370885496,https://en.wikipedia.org/w/index.php?title=Au%C5%A1rin%C4%97&oldid=1370885496,CC-BY-SA-4.0,2026-08-26,untranslated,true
built-in-mythology-religion-philosophy-clue-0251,built-in-mythology-religion-philosophy,"Mythology, Religion, and Philosophy",built-in-mythology-religion-philosophy-set-051,board,round-two,1,medium,african,"Mythology, Religion & Philosophy: Everyday Mix",,Eshu — What venerated in is associated with Eshu?,,"Yoruba religion, Santería, Candomblé, Umbanda",,,,"Eshu has venerated in Yoruba religion, Santería, Candomblé, Umbanda.",,Eshu — Wikipedia permanent revision 1367721691,https://en.wikipedia.org/w/index.php?title=Eshu&oldid=1367721691,CC-BY-SA-4.0,2026-08-26,untranslated,true
built-in-mythology-religion-philosophy-clue-0257,built-in-mythology-religion-philosophy,"Mythology, Religion, and Philosophy",built-in-mythology-religion-philosophy-set-051,board,round-two,2,medium,african,"Mythology, Religion & Philosophy: Everyday Mix",,Ala (Odinani) — What symbol is associated with Ala (Odinani)?,,crescent moon,,python (eke),,Ala (Odinani) has symbol crescent moon.,,Ala (Odinani) — Wikipedia permanent revision 1370646067,https://en.wikipedia.org/w/index.php?title=Ala_(Odinani)&oldid=1370646067,CC-BY-SA-4.0,2026-08-26,untranslated,true
built-in-mythology-religion-philosophy-clue-0263,built-in-mythology-religion-philosophy,"Mythology, Religion, and Philosophy",built-in-mythology-religion-philosophy-set-051,board,round-two,3,medium,african,"Mythology, Religion & Philosophy: Everyday Mix",,Nyankapon-Nyame-Odomankoma — Whom did Nyankapon-Nyame-Odomankoma marry?,,Asase Yaa,,,,Asase Yaa is the documented spouse of Nyankapon-Nyame-Odomankoma.,,Nyankapon-Nyame-Odomankoma — Wikipedia permanent revision 1369594577,https://en.wikipedia.org/w/index.php?title=Nyankapon-Nyame-Odomankoma&oldid=1369594577,CC-BY-SA-4.0,2026-08-26,untranslated,true
built-in-mythology-religion-philosophy-clue-0269,built-in-mythology-religion-philosophy,"Mythology, Religion, and Philosophy",built-in-mythology-religion-philosophy-set-051,board,round-two,4,medium,african,"Mythology, Religion & Philosophy: Everyday Mix",,Ọlọrun — What ethnic group is associated with Ọlọrun?,,Yoruba,,,,Ọlọrun has ethnic group Yoruba.,,Ọlọrun — Wikipedia permanent revision 1360495273,https://en.wikipedia.org/w/index.php?title=%E1%BB%8Cl%E1%BB%8Drun&oldid=1360495273,CC-BY-SA-4.0,2026-08-26,untranslated,true
built-in-mythology-religion-philosophy-clue-0275,built-in-mythology-religion-philosophy,"Mythology, Religion, and Philosophy",built-in-mythology-religion-philosophy-set-051,board,round-two,5,medium,african,"Mythology, Religion & Philosophy: Everyday Mix",,Ọya — What day is associated with Ọya?,,The fourth day of the Kọjọda week,,,,Ọya has day The fourth day of the Kọjọda week.,,Ọya — Wikipedia permanent revision 1370885800,https://en.wikipedia.org/w/index.php?title=%E1%BB%8Cya&oldid=1370885800,CC-BY-SA-4.0,2026-08-26,untranslated,true
built-in-mythology-religion-philosophy-clue-0256,built-in-mythology-religion-philosophy,"Mythology, Religion, and Philosophy",built-in-mythology-religion-philosophy-set-052,board,round-two,1,medium,african,"Mythology, Religion & Philosophy: Everyday Medley",,Ala (Odinani) — What planet is associated with Ala (Odinani)?,,Earth,,,,Ala (Odinani) has planet Earth.,,Ala (Odinani) — Wikipedia permanent revision 1370646067,https://en.wikipedia.org/w/index.php?title=Ala_(Odinani)&oldid=1370646067,CC-BY-SA-4.0,2026-08-26,untranslated,true
built-in-mythology-religion-philosophy-clue-0262,built-in-mythology-religion-philosophy,"Mythology, Religion, and Philosophy",built-in-mythology-religion-philosophy-set-052,board,round-two,2,medium,african,"Mythology, Religion & Philosophy: Everyday Medley",,Nyankapon-Nyame-Odomankoma — What ethnic group is associated with Nyankapon-Nyame-Odomankoma?,,Akan,,"Asante, Bono Fante;Afro-Caribs",,Nyankapon-Nyame-Odomankoma has ethnic group Akan.,,Nyankapon-Nyame-Odomankoma — Wikipedia permanent revision 1369594577,https://en.wikipedia.org/w/index.php?title=Nyankapon-Nyame-Odomankoma&oldid=1369594577,CC-BY-SA-4.0,2026-08-26,untranslated,true
built-in-mythology-religion-philosophy-clue-0268,built-in-mythology-religion-philosophy,"Mythology, Religion, and Philosophy",built-in-mythology-religion-philosophy-set-052,board,round-two,3,medium,african,"Mythology, Religion & Philosophy: Everyday Medley",,Ọlọrun — Which region is associated with Ọlọrun?,,"Yorubaland, parts of Latin America",,,,"Yorubaland, parts of Latin America is the region associated with Ọlọrun.",,Ọlọrun — Wikipedia permanent revision 1360495273,https://en.wikipedia.org/w/index.php?title=%E1%BB%8Cl%E1%BB%8Drun&oldid=1360495273,CC-BY-SA-4.0,2026-08-26,untranslated,true
built-in-mythology-religion-philosophy-clue-0274,built-in-mythology-religion-philosophy,"Mythology, Religion, and Philosophy",built-in-mythology-religion-philosophy-set-052,board,round-two,4,medium,african,"Mythology, Religion & Philosophy: Everyday Medley",,Ọya — What symbol is associated with Ọya?,,"Lightning, sword/machete, flywhisk (iruké), water buffalo",,,,"Ọya has symbol Lightning, sword/machete, flywhisk (iruké), water buffalo.",,Ọya — Wikipedia permanent revision 1370885800,https://en.wikipedia.org/w/index.php?title=%E1%BB%8Cya&oldid=1370885800,CC-BY-SA-4.0,2026-08-26,untranslated,true
built-in-mythology-religion-philosophy-clue-0280,built-in-mythology-religion-philosophy,"Mythology, Religion, and Philosophy",built-in-mythology-religion-philosophy-set-052,board,round-two,5,medium,african,"Mythology, Religion & Philosophy: Everyday Medley",,Quetzalcōātl — What gender is associated with Quetzalcōātl?,,Male,,,,Quetzalcōātl has gender Male.,,Quetzalcōātl — Wikipedia permanent revision 1371023987,https://en.wikipedia.org/w/index.php?title=Quetzalc%C5%8D%C4%81tl&oldid=1371023987,CC-BY-SA-4.0,2026-08-26,untranslated,true
built-in-mythology-religion-philosophy-clue-0261,built-in-mythology-religion-philosophy,"Mythology, Religion, and Philosophy",built-in-mythology-religion-philosophy-set-053,board,round-two,1,medium,african,"Mythology, Religion & Philosophy: Everyday Tour",,Nyankapon-Nyame-Odomankoma — What venerated in is associated with Nyankapon-Nyame-Odomankoma?,,Akɔm,,,,Nyankapon-Nyame-Odomankoma has venerated in Akɔm.,,Nyankapon-Nyame-Odomankoma — Wikipedia permanent revision 1369594577,https://en.wikipedia.org/w/index.php?title=Nyankapon-Nyame-Odomankoma&oldid=1369594577,CC-BY-SA-4.0,2026-08-26,untranslated,true
built-in-mythology-religion-philosophy-clue-0267,built-in-mythology-religion-philosophy,"Mythology, Religion, and Philosophy",built-in-mythology-religion-philosophy-set-053,board,round-two,2,medium,african,"Mythology, Religion & Philosophy: Everyday Tour",,Ọlọrun — What abode is associated with Ọlọrun?,,Ọrun,,,,Ọlọrun has abode Ọrun.,,Ọlọrun — Wikipedia permanent revision 1360495273,https://en.wikipedia.org/w/index.php?title=%E1%BB%8Cl%E1%BB%8Drun&oldid=1360495273,CC-BY-SA-4.0,2026-08-26,untranslated,true
built-in-mythology-religion-philosophy-clue-0273,built-in-mythology-religion-philosophy,"Mythology, Religion, and Philosophy",built-in-mythology-religion-philosophy-set-053,board,round-two,3,medium,african,"Mythology, Religion & Philosophy: Everyday Tour",,Ọya — What major cult center is associated with Ọya?,,Osun-Osogbo,,,,Ọya has major cult center Osun-Osogbo.,,Ọya — Wikipedia permanent revision 1370885800,https://en.wikipedia.org/w/index.php?title=%E1%BB%8Cya&oldid=1370885800,CC-BY-SA-4.0,2026-08-26,untranslated,true
built-in-mythology-religion-philosophy-clue-0279,built-in-mythology-religion-philosophy,"Mythology, Religion, and Philosophy",built-in-mythology-religion-philosophy-set-053,board,round-two,4,medium,african,"Mythology, Religion & Philosophy: Everyday Tour",,Quetzalcōātl — What major cult center is associated with Quetzalcōātl?,,"Temple of the Feathered Serpent, Teotihuacan, Tenochtitlan",,,,"Quetzalcōātl has major cult center Temple of the Feathered Serpent, Teotihuacan, Tenochtitlan.",,Quetzalcōātl — Wikipedia permanent revision 1371023987,https://en.wikipedia.org/w/index.php?title=Quetzalc%C5%8D%C4%81tl&oldid=1371023987,CC-BY-SA-4.0,2026-08-26,untranslated,true
built-in-mythology-religion-philosophy-clue-0285,built-in-mythology-religion-philosophy,"Mythology, Religion, and Philosophy",built-in-mythology-religion-philosophy-set-053,board,round-two,5,medium,african,"Mythology, Religion & Philosophy: Everyday Tour",,Huītzilōpōchtli — Which region is associated with Huītzilōpōchtli?,,Mesoamerica,,,,Mesoamerica is the region associated with Huītzilōpōchtli.,,Huītzilōpōchtli — Wikipedia permanent revision 1356845113,https://en.wikipedia.org/w/index.php?title=Hu%C4%ABtzil%C5%8Dp%C5%8Dchtli&oldid=1356845113,CC-BY-SA-4.0,2026-08-26,untranslated,true
built-in-mythology-religion-philosophy-clue-0266,built-in-mythology-religion-philosophy,"Mythology, Religion, and Philosophy",built-in-mythology-religion-philosophy-set-054,board,round-two,1,medium,african,"Mythology, Religion & Philosophy: Everyday Grab Bag",,Ọlọrun — Give another name for Ọlọrun.,,"Olorun, Olodumare, Olofin-Orun, Olofi, Ọlọfin",,,,"Olorun, Olodumare, Olofin-Orun, Olofi, Ọlọfin is another name for Ọlọrun.",,Ọlọrun — Wikipedia permanent revision 1360495273,https://en.wikipedia.org/w/index.php?title=%E1%BB%8Cl%E1%BB%8Drun&oldid=1360495273,CC-BY-SA-4.0,2026-08-26,untranslated,true
built-in-mythology-religion-philosophy-clue-0272,built-in-mythology-religion-philosophy,"Mythology, Religion, and Philosophy",built-in-mythology-religion-philosophy-set-054,board,round-two,2,medium,african,"Mythology, Religion & Philosophy: Everyday Grab Bag",,Ọya — What venerated in is associated with Ọya?,,"Yorùbá religion, Umbanda, Candomblé, Santería, Batuque, Quimbanda, Haitian Vodou, Folk Catholicism",,,,"Ọya has venerated in Yorùbá religion, Umbanda, Candomblé, Santería, Batuque, Quimbanda, Haitian Vodou, Folk Catholicism.",,Ọya — Wikipedia permanent revision 1370885800,https://en.wikipedia.org/w/index.php?title=%E1%BB%8Cya&oldid=1370885800,CC-BY-SA-4.0,2026-08-26,untranslated,true
built-in-mythology-religion-philosophy-clue-0278,built-in-mythology-religion-philosophy,"Mythology, Religion, and Philosophy",built-in-mythology-religion-philosophy-set-054,board,round-two,3,medium,african,"Mythology, Religion & Philosophy: Everyday Grab Bag",,Quetzalcōātl — What symbol is associated with Quetzalcōātl?,,Feathered Serpent,,,,Quetzalcōātl has symbol Feathered Serpent.,,Quetzalcōātl — Wikipedia permanent revision 1371023987,https://en.wikipedia.org/w/index.php?title=Quetzalc%C5%8D%C4%81tl&oldid=1371023987,CC-BY-SA-4.0,2026-08-26,untranslated,true
built-in-mythology-religion-philosophy-clue-0284,built-in-mythology-religion-philosophy,"Mythology, Religion, and Philosophy",built-in-mythology-religion-philosophy-set-054,board,round-two,4,medium,african,"Mythology, Religion & Philosophy: Everyday Grab Bag",,Huītzilōpōchtli — What gender is associated with Huītzilōpōchtli?,,Male,,,,Huītzilōpōchtli has gender Male.,,Huītzilōpōchtli — Wikipedia permanent revision 1356845113,https://en.wikipedia.org/w/index.php?title=Hu%C4%ABtzil%C5%8Dp%C5%8Dchtli&oldid=1356845113,CC-BY-SA-4.0,2026-08-26,untranslated,true
built-in-mythology-religion-philosophy-clue-0290,built-in-mythology-religion-philosophy,"Mythology, Religion, and Philosophy",built-in-mythology-religion-philosophy-set-054,board,round-two,5,medium,african,"Mythology, Religion & Philosophy: Everyday Grab Bag",,Tláloc — What ethnic group is associated with Tláloc?,,Aztec (Nahua),,,,Tláloc has ethnic group Aztec (Nahua).,,Tláloc — Wikipedia permanent revision 1345852613,https://en.wikipedia.org/w/index.php?title=Tl%C3%A1loc&oldid=1345852613,CC-BY-SA-4.0,2026-08-26,untranslated,true
built-in-mythology-religion-philosophy-clue-0271,built-in-mythology-religion-philosophy,"Mythology, Religion, and Philosophy",built-in-mythology-religion-philosophy-set-055,board,round-two,1,medium,african,"Mythology, Religion & Philosophy: Everyday Roundup",,Ọya — Give another name for Ọya.,,Oyá,,Oiá;Iyansan;Yànsàn-án;Yansã,,Oyá is another name for Ọya.,,Ọya — Wikipedia permanent revision 1370885800,https://en.wikipedia.org/w/index.php?title=%E1%BB%8Cya&oldid=1370885800,CC-BY-SA-4.0,2026-08-26,untranslated,true
built-in-mythology-religion-philosophy-clue-0277,built-in-mythology-religion-philosophy,"Mythology, Religion, and Philosophy",built-in-mythology-religion-philosophy-set-055,board,round-two,2,medium,african,"Mythology, Religion & Philosophy: Everyday Roundup",,Quetzalcōātl — What planet is associated with Quetzalcōātl?,,Venus (Morning-star),,,,Quetzalcōātl has planet Venus (Morning-star).,,Quetzalcōātl — Wikipedia permanent revision 1371023987,https://en.wikipedia.org/w/index.php?title=Quetzalc%C5%8D%C4%81tl&oldid=1371023987,CC-BY-SA-4.0,2026-08-26,untranslated,true
built-in-mythology-religion-philosophy-clue-0283,built-in-mythology-religion-philosophy,"Mythology, Religion, and Philosophy",built-in-mythology-religion-philosophy-set-055,board,round-two,3,medium,african,"Mythology, Religion & Philosophy: Everyday Roundup",,Huītzilōpōchtli — What symbol is associated with Huītzilōpōchtli?,,Hummingbird,,,,Huītzilōpōchtli has symbol Hummingbird.,,Huītzilōpōchtli — Wikipedia permanent revision 1356845113,https://en.wikipedia.org/w/index.php?title=Hu%C4%ABtzil%C5%8Dp%C5%8Dchtli&oldid=1356845113,CC-BY-SA-4.0,2026-08-26,untranslated,true
built-in-mythology-religion-philosophy-clue-0289,built-in-mythology-religion-philosophy,"Mythology, Religion, and Philosophy",built-in-mythology-religion-philosophy-set-055,board,round-two,4,medium,african,"Mythology, Religion & Philosophy: Everyday Roundup",,Tláloc — Which region is associated with Tláloc?,,Mesoamerica,,,,Mesoamerica is the region associated with Tláloc.,,Tláloc — Wikipedia permanent revision 1345852613,https://en.wikipedia.org/w/index.php?title=Tl%C3%A1loc&oldid=1345852613,CC-BY-SA-4.0,2026-08-26,untranslated,true
built-in-mythology-religion-philosophy-clue-0295,built-in-mythology-religion-philosophy,"Mythology, Religion, and Philosophy",built-in-mythology-religion-philosophy-set-055,board,round-two,5,medium,african,"Mythology, Religion & Philosophy: Everyday Roundup",,Tezcatlipoca — Which region is associated with Tezcatlipoca?,,Mesoamerica,,,,Mesoamerica is the region associated with Tezcatlipoca.,,Tezcatlipoca — Wikipedia permanent revision 1345681599,https://en.wikipedia.org/w/index.php?title=Tezcatlipoca&oldid=1345681599,CC-BY-SA-4.0,2026-08-26,untranslated,true
built-in-mythology-religion-philosophy-clue-0276,built-in-mythology-religion-philosophy,"Mythology, Religion, and Philosophy",built-in-mythology-religion-philosophy-set-056,board,round-two,1,medium,american,"Mythology, Religion & Philosophy: Everyday Sampler",,Quetzalcōātl — What abode is associated with Quetzalcōātl?,,Ilhuicatl-Teteocan (Twelfth Heaven),,Ilhuicatl-Teoiztac (Ninth Heaven);the West,,Quetzalcōātl has abode Ilhuicatl-Teteocan (Twelfth Heaven).,,Quetzalcōātl — Wikipedia permanent revision 1371023987,https://en.wikipedia.org/w/index.php?title=Quetzalc%C5%8D%C4%81tl&oldid=1371023987,CC-BY-SA-4.0,2026-08-26,untranslated,true
built-in-mythology-religion-philosophy-clue-0282,built-in-mythology-religion-philosophy,"Mythology, Religion, and Philosophy",built-in-mythology-religion-philosophy-set-056,board,round-two,2,medium,american,"Mythology, Religion & Philosophy: Everyday Sampler",,Huītzilōpōchtli — What abode is associated with Huītzilōpōchtli?,,Ilhuicatl-Teteocan (Twelfth Heaven),,Ilhuicatl-Xoxoauhco (Seventh Heaven);the South,,Huītzilōpōchtli has abode Ilhuicatl-Teteocan (Twelfth Heaven).,,Huītzilōpōchtli — Wikipedia permanent revision 1356845113,https://en.wikipedia.org/w/index.php?title=Hu%C4%ABtzil%C5%8Dp%C5%8Dchtli&oldid=1356845113,CC-BY-SA-4.0,2026-08-26,untranslated,true
built-in-mythology-religion-philosophy-clue-0288,built-in-mythology-religion-philosophy,"Mythology, Religion, and Philosophy",built-in-mythology-religion-philosophy-set-056,board,round-two,3,medium,american,"Mythology, Religion & Philosophy: Everyday Sampler",,Tláloc — What gender is associated with Tláloc?,,Male,,,,Tláloc has gender Male.,,Tláloc — Wikipedia permanent revision 1345852613,https://en.wikipedia.org/w/index.php?title=Tl%C3%A1loc&oldid=1345852613,CC-BY-SA-4.0,2026-08-26,untranslated,true
built-in-mythology-religion-philosophy-clue-0294,built-in-mythology-religion-philosophy,"Mythology, Religion, and Philosophy",built-in-mythology-religion-philosophy-set-056,board,round-two,4,medium,american,"Mythology, Religion & Philosophy: Everyday Sampler",,Tezcatlipoca — What gender is associated with Tezcatlipoca?,,Male,,,,Tezcatlipoca has gender Male.,,Tezcatlipoca — Wikipedia permanent revision 1345681599,https://en.wikipedia.org/w/index.php?title=Tezcatlipoca&oldid=1345681599,CC-BY-SA-4.0,2026-08-26,untranslated,true
built-in-mythology-religion-philosophy-clue-0300,built-in-mythology-religion-philosophy,"Mythology, Religion, and Philosophy",built-in-mythology-religion-philosophy-set-056,board,round-two,5,medium,american,"Mythology, Religion & Philosophy: Everyday Sampler",,Mictlāntēcutli — What parents is associated with Mictlāntēcutli?,,Created by the Tezcatlipocas (Codex Zumarraga),,,,Mictlāntēcutli has parents Created by the Tezcatlipocas (Codex Zumarraga).,,Mictlāntēcutli — Wikipedia permanent revision 1363159889,https://en.wikipedia.org/w/index.php?title=Mictl%C4%81nt%C4%93cutli&oldid=1363159889,CC-BY-SA-4.0,2026-08-26,untranslated,true
built-in-mythology-religion-philosophy-clue-0281,built-in-mythology-religion-philosophy,"Mythology, Religion, and Philosophy",built-in-mythology-religion-philosophy-set-057,board,round-two,1,medium,american,"Mythology, Religion & Philosophy: Everyday Potpourri",,Huītzilōpōchtli — Give another name for Huītzilōpōchtli.,,"Blue Tezcatlipoca, Omiteotl, Mextli, Mexi, Huitzitlon, Huitzilton, Tzintzuni, Huitzi",,,,"Blue Tezcatlipoca, Omiteotl, Mextli, Mexi, Huitzitlon, Huitzilton, Tzintzuni, Huitzi is another name for Huītzilōpōchtli.",,Huītzilōpōchtli — Wikipedia permanent revision 1356845113,https://en.wikipedia.org/w/index.php?title=Hu%C4%ABtzil%C5%8Dp%C5%8Dchtli&oldid=1356845113,CC-BY-SA-4.0,2026-08-26,untranslated,true
built-in-mythology-religion-philosophy-clue-0287,built-in-mythology-religion-philosophy,"Mythology, Religion, and Philosophy",built-in-mythology-religion-philosophy-set-057,board,round-two,2,medium,american,"Mythology, Religion & Philosophy: Everyday Potpourri",,Tláloc — What abode is associated with Tláloc?,,Tlálocan,,Ilhuicatl-Meztli (1st Heaven);Chalchiuhtlicueyecatl (Gulf of Mexico),,Tláloc has abode Tlálocan.,,Tláloc — Wikipedia permanent revision 1345852613,https://en.wikipedia.org/w/index.php?title=Tl%C3%A1loc&oldid=1345852613,CC-BY-SA-4.0,2026-08-26,untranslated,true
built-in-mythology-religion-philosophy-clue-0293,built-in-mythology-religion-philosophy,"Mythology, Religion, and Philosophy",built-in-mythology-religion-philosophy-set-057,board,round-two,3,medium,american,"Mythology, Religion & Philosophy: Everyday Potpourri",,Tezcatlipoca — What symbol is associated with Tezcatlipoca?,,Black Jaguar,,,,Tezcatlipoca has symbol Black Jaguar.,,Tezcatlipoca — Wikipedia permanent revision 1345681599,https://en.wikipedia.org/w/index.php?title=Tezcatlipoca&oldid=1345681599,CC-BY-SA-4.0,2026-08-26,untranslated,true
built-in-mythology-religion-philosophy-clue-0299,built-in-mythology-religion-philosophy,"Mythology, Religion, and Philosophy",built-in-mythology-religion-philosophy-set-057,board,round-two,4,medium,american,"Mythology, Religion & Philosophy: Everyday Potpourri",,Mictlāntēcutli — What ethnic group is associated with Mictlāntēcutli?,,Aztec (Nahua),,,,Mictlāntēcutli has ethnic group Aztec (Nahua).,,Mictlāntēcutli — Wikipedia permanent revision 1363159889,https://en.wikipedia.org/w/index.php?title=Mictl%C4%81nt%C4%93cutli&oldid=1363159889,CC-BY-SA-4.0,2026-08-26,untranslated,true
built-in-mythology-religion-philosophy-clue-0305,built-in-mythology-religion-philosophy,"Mythology, Religion, and Philosophy",built-in-mythology-religion-philosophy-set-057,board,round-two,5,medium,american,"Mythology, Religion & Philosophy: Everyday Potpourri",,Cōātlīcue — What parents is associated with Cōātlīcue?,,Tlaltecuhtli and Tlalcihuatl,,,,Cōātlīcue has parents Tlaltecuhtli and Tlalcihuatl.,,Cōātlīcue — Wikipedia permanent revision 1349105908,https://en.wikipedia.org/w/index.php?title=C%C5%8D%C4%81tl%C4%ABcue&oldid=1349105908,CC-BY-SA-4.0,2026-08-26,untranslated,true
built-in-mythology-religion-philosophy-clue-0286,built-in-mythology-religion-philosophy,"Mythology, Religion, and Philosophy",built-in-mythology-religion-philosophy-set-058,board,round-two,1,medium,american,"Mythology, Religion & Philosophy: Everyday Challenge",,Tláloc — Give another name for Tláloc.,,"Nonohualco, Tláloctlamacazqui, Tláloccantecutli",,,,"Nonohualco, Tláloctlamacazqui, Tláloccantecutli is another name for Tláloc.",,Tláloc — Wikipedia permanent revision 1345852613,https://en.wikipedia.org/w/index.php?title=Tl%C3%A1loc&oldid=1345852613,CC-BY-SA-4.0,2026-08-26,untranslated,true
built-in-mythology-religion-philosophy-clue-0292,built-in-mythology-religion-philosophy,"Mythology, Religion, and Philosophy",built-in-mythology-religion-philosophy-set-058,board,round-two,2,medium,american,"Mythology, Religion & Philosophy: Everyday Challenge",,Tezcatlipoca — What abode is associated with Tezcatlipoca?,,Ilhuicatl-Teteocan (Twelfth Heaven),,Ilhuicatl-Yayauhco (Sixth Heaven);the North,,Tezcatlipoca has abode Ilhuicatl-Teteocan (Twelfth Heaven).,,Tezcatlipoca — Wikipedia permanent revision 1345681599,https://en.wikipedia.org/w/index.php?title=Tezcatlipoca&oldid=1345681599,CC-BY-SA-4.0,2026-08-26,untranslated,true
built-in-mythology-religion-philosophy-clue-0298,built-in-mythology-religion-philosophy,"Mythology, Religion, and Philosophy",built-in-mythology-religion-philosophy-set-058,board,round-two,3,medium,american,"Mythology, Religion & Philosophy: Everyday Challenge",,Mictlāntēcutli — Which region is associated with Mictlāntēcutli?,,Mesoamerica,,,,Mesoamerica is the region associated with Mictlāntēcutli.,,Mictlāntēcutli — Wikipedia permanent revision 1363159889,https://en.wikipedia.org/w/index.php?title=Mictl%C4%81nt%C4%93cutli&oldid=1363159889,CC-BY-SA-4.0,2026-08-26,untranslated,true
built-in-mythology-religion-philosophy-clue-0304,built-in-mythology-religion-philosophy,"Mythology, Religion, and Philosophy",built-in-mythology-religion-philosophy-set-058,board,round-two,4,medium,american,"Mythology, Religion & Philosophy: Everyday Challenge",,Cōātlīcue — What ethnic group is associated with Cōātlīcue?,,Aztec (Mexica),,,,Cōātlīcue has ethnic group Aztec (Mexica).,,Cōātlīcue — Wikipedia permanent revision 1349105908,https://en.wikipedia.org/w/index.php?title=C%C5%8D%C4%81tl%C4%ABcue&oldid=1349105908,CC-BY-SA-4.0,2026-08-26,untranslated,true
built-in-mythology-religion-philosophy-clue-0310,built-in-mythology-religion-philosophy,"Mythology, Religion, and Philosophy",built-in-mythology-religion-philosophy-set-058,board,round-two,5,medium,american,"Mythology, Religion & Philosophy: Everyday Challenge",,Chalchiuhtlicue — What ethnic group is associated with Chalchiuhtlicue?,,"Aztecs, Tlaxcaltec (Nahuas)",,,,"Chalchiuhtlicue has ethnic group Aztecs, Tlaxcaltec (Nahuas).",,Chalchiuhtlicue — Wikipedia permanent revision 1356147513,https://en.wikipedia.org/w/index.php?title=Chalchiuhtlicue&oldid=1356147513,CC-BY-SA-4.0,2026-08-26,untranslated,true
built-in-mythology-religion-philosophy-clue-0291,built-in-mythology-religion-philosophy,"Mythology, Religion, and Philosophy",built-in-mythology-religion-philosophy-set-059,board,round-two,1,medium,american,"Mythology, Religion & Philosophy: Everyday Quiz",,Tezcatlipoca — Give another name for Tezcatlipoca.,,"Black Tezcatlipoca,",,Ometeteosij,,"Black Tezcatlipoca, is another name for Tezcatlipoca.",,Tezcatlipoca — Wikipedia permanent revision 1345681599,https://en.wikipedia.org/w/index.php?title=Tezcatlipoca&oldid=1345681599,CC-BY-SA-4.0,2026-08-26,untranslated,true
built-in-mythology-religion-philosophy-clue-0297,built-in-mythology-religion-philosophy,"Mythology, Religion, and Philosophy",built-in-mythology-religion-philosophy-set-059,board,round-two,2,medium,american,"Mythology, Religion & Philosophy: Everyday Quiz",,Mictlāntēcutli — What gender is associated with Mictlāntēcutli?,,Male,,,,Mictlāntēcutli has gender Male.,,Mictlāntēcutli — Wikipedia permanent revision 1363159889,https://en.wikipedia.org/w/index.php?title=Mictl%C4%81nt%C4%93cutli&oldid=1363159889,CC-BY-SA-4.0,2026-08-26,untranslated,true
built-in-mythology-religion-philosophy-clue-0303,built-in-mythology-religion-philosophy,"Mythology, Religion, and Philosophy",built-in-mythology-religion-philosophy-set-059,board,round-two,3,medium,american,"Mythology, Religion & Philosophy: Everyday Quiz",,Cōātlīcue — Which region is associated with Cōātlīcue?,,Mesoamerica,,,,Mesoamerica is the region associated with Cōātlīcue.,,Cōātlīcue — Wikipedia permanent revision 1349105908,https://en.wikipedia.org/w/index.php?title=C%C5%8D%C4%81tl%C4%ABcue&oldid=1349105908,CC-BY-SA-4.0,2026-08-26,untranslated,true
built-in-mythology-religion-philosophy-clue-0309,built-in-mythology-religion-philosophy,"Mythology, Religion, and Philosophy",built-in-mythology-religion-philosophy-set-059,board,round-two,4,medium,american,"Mythology, Religion & Philosophy: Everyday Quiz",,Chalchiuhtlicue — Which region is associated with Chalchiuhtlicue?,,Mesoamerica,,,,Mesoamerica is the region associated with Chalchiuhtlicue.,,Chalchiuhtlicue — Wikipedia permanent revision 1356147513,https://en.wikipedia.org/w/index.php?title=Chalchiuhtlicue&oldid=1356147513,CC-BY-SA-4.0,2026-08-26,untranslated,true
built-in-mythology-religion-philosophy-clue-0315,built-in-mythology-religion-philosophy,"Mythology, Religion, and Philosophy",built-in-mythology-religion-philosophy-set-059,board,round-two,5,medium,american,"Mythology, Religion & Philosophy: Everyday Quiz",,Xipe Totec — Which region is associated with Xipe Totec?,,Mesoamerica,,,,Mesoamerica is the region associated with Xipe Totec.,,Xipe Totec — Wikipedia permanent revision 1356845254,https://en.wikipedia.org/w/index.php?title=Xipe_Totec&oldid=1356845254,CC-BY-SA-4.0,2026-08-26,untranslated,true
built-in-mythology-religion-philosophy-clue-0296,built-in-mythology-religion-philosophy,"Mythology, Religion, and Philosophy",built-in-mythology-religion-philosophy-set-060,board,round-two,1,medium,american,"Mythology, Religion & Philosophy: Everyday Odds & Ends",,Mictlāntēcutli — What abode is associated with Mictlāntēcutli?,,Mictlān (the Underworld),,,,Mictlāntēcutli has abode Mictlān (the Underworld).,,Mictlāntēcutli — Wikipedia permanent revision 1363159889,https://en.wikipedia.org/w/index.php?title=Mictl%C4%81nt%C4%93cutli&oldid=1363159889,CC-BY-SA-4.0,2026-08-26,untranslated,true
built-in-mythology-religion-philosophy-clue-0302,built-in-mythology-religion-philosophy,"Mythology, Religion, and Philosophy",built-in-mythology-religion-philosophy-set-060,board,round-two,2,medium,american,"Mythology, Religion & Philosophy: Everyday Odds & Ends",,Cōātlīcue — What gender is associated with Cōātlīcue?,,Female,,,,Cōātlīcue has gender Female.,,Cōātlīcue — Wikipedia permanent revision 1349105908,https://en.wikipedia.org/w/index.php?title=C%C5%8D%C4%81tl%C4%ABcue&oldid=1349105908,CC-BY-SA-4.0,2026-08-26,untranslated,true
built-in-mythology-religion-philosophy-clue-0308,built-in-mythology-religion-philosophy,"Mythology, Religion, and Philosophy",built-in-mythology-religion-philosophy-set-060,board,round-two,3,medium,american,"Mythology, Religion & Philosophy: Everyday Odds & Ends",,Chalchiuhtlicue — What gender is associated with Chalchiuhtlicue?,,Female,,,,Chalchiuhtlicue has gender Female.,,Chalchiuhtlicue — Wikipedia permanent revision 1356147513,https://en.wikipedia.org/w/index.php?title=Chalchiuhtlicue&oldid=1356147513,CC-BY-SA-4.0,2026-08-26,untranslated,true
built-in-mythology-religion-philosophy-clue-0314,built-in-mythology-religion-philosophy,"Mythology, Religion, and Philosophy",built-in-mythology-religion-philosophy-set-060,board,round-two,4,medium,american,"Mythology, Religion & Philosophy: Everyday Odds & Ends",,Xipe Totec — What gender is associated with Xipe Totec?,,Male,,,,Xipe Totec has gender Male.,,Xipe Totec — Wikipedia permanent revision 1356845254,https://en.wikipedia.org/w/index.php?title=Xipe_Totec&oldid=1356845254,CC-BY-SA-4.0,2026-08-26,untranslated,true
built-in-mythology-religion-philosophy-clue-0320,built-in-mythology-religion-philosophy,"Mythology, Religion, and Philosophy",built-in-mythology-religion-philosophy-set-060,board,round-two,5,medium,american,"Mythology, Religion & Philosophy: Everyday Odds & Ends",,Pachamama — What consort is associated with Pachamama?,,"Pacha Kamaq, Inti",,,,"Pachamama has consort Pacha Kamaq, Inti.",,Pachamama — Wikipedia permanent revision 1361578797,https://en.wikipedia.org/w/index.php?title=Pachamama&oldid=1361578797,CC-BY-SA-4.0,2026-08-26,untranslated,true
built-in-mythology-religion-philosophy-clue-0301,built-in-mythology-religion-philosophy,"Mythology, Religion, and Philosophy",built-in-mythology-religion-philosophy-set-061,board,round-two,1,medium,american,"Mythology, Religion & Philosophy: Colorful Mix",,Cōātlīcue — Give another name for Cōātlīcue.,,"Tēteoh īnnan, ""the deities, their mother""",,"Ilamatēuctli, ""old mistress"";Tonāntzin, ""our mother"";Tocih, ""our grandmother"";Cōzcamiyāuh, ""corn tassel necklace""",,"Tēteoh īnnan, ""the deities, their mother"" is another name for Cōātlīcue.",,Cōātlīcue — Wikipedia permanent revision 1349105908,https://en.wikipedia.org/w/index.php?title=C%C5%8D%C4%81tl%C4%ABcue&oldid=1349105908,CC-BY-SA-4.0,2026-08-26,untranslated,true
built-in-mythology-religion-philosophy-clue-0307,built-in-mythology-religion-philosophy,"Mythology, Religion, and Philosophy",built-in-mythology-religion-philosophy-set-061,board,round-two,2,medium,american,"Mythology, Religion & Philosophy: Colorful Mix",,Chalchiuhtlicue — What abode is associated with Chalchiuhtlicue?,,Tlālōcān,,Thirteen Heavens (First Heaven);Gulf of Mexico,,Chalchiuhtlicue has abode Tlālōcān.,,Chalchiuhtlicue — Wikipedia permanent revision 1356147513,https://en.wikipedia.org/w/index.php?title=Chalchiuhtlicue&oldid=1356147513,CC-BY-SA-4.0,2026-08-26,untranslated,true
built-in-mythology-religion-philosophy-clue-0313,built-in-mythology-religion-philosophy,"Mythology, Religion, and Philosophy",built-in-mythology-religion-philosophy-set-061,board,round-two,3,medium,american,"Mythology, Religion & Philosophy: Colorful Mix",,Xipe Totec — What symbol is associated with Xipe Totec?,,Quail,,,,Xipe Totec has symbol Quail.,,Xipe Totec — Wikipedia permanent revision 1356845254,https://en.wikipedia.org/w/index.php?title=Xipe_Totec&oldid=1356845254,CC-BY-SA-4.0,2026-08-26,untranslated,true
built-in-mythology-religion-philosophy-clue-0319,built-in-mythology-religion-philosophy,"Mythology, Religion, and Philosophy",built-in-mythology-religion-philosophy-set-061,board,round-two,4,medium,american,"Mythology, Religion & Philosophy: Colorful Mix",,Pachamama — What offspring is associated with Pachamama?,,Inti,,Mama Killa,,Pachamama has offspring Inti.,,Pachamama — Wikipedia permanent revision 1361578797,https://en.wikipedia.org/w/index.php?title=Pachamama&oldid=1361578797,CC-BY-SA-4.0,2026-08-26,untranslated,true
built-in-mythology-religion-philosophy-clue-0325,built-in-mythology-religion-philosophy,"Mythology, Religion, and Philosophy",built-in-mythology-religion-philosophy-set-061,board,round-two,5,medium,american,"Mythology, Religion & Philosophy: Colorful Mix",,Christianity — What language is associated with Christianity?,,Biblical Hebrew,,Biblical Aramaic;Biblical Greek,,Christianity has language Biblical Hebrew.,,Christianity — Wikipedia permanent revision 1370033990,https://en.wikipedia.org/w/index.php?title=Christianity&oldid=1370033990,CC-BY-SA-4.0,2026-08-26,untranslated,true
built-in-mythology-religion-philosophy-clue-0306,built-in-mythology-religion-philosophy,"Mythology, Religion, and Philosophy",built-in-mythology-religion-philosophy-set-062,board,round-two,1,medium,american,"Mythology, Religion & Philosophy: Colorful Medley",,Chalchiuhtlicue — Give another name for Chalchiuhtlicue.,,"Iztac-Chalchiuhtlicue, Matlalcueye",,,,"Iztac-Chalchiuhtlicue, Matlalcueye is another name for Chalchiuhtlicue.",,Chalchiuhtlicue — Wikipedia permanent revision 1356147513,https://en.wikipedia.org/w/index.php?title=Chalchiuhtlicue&oldid=1356147513,CC-BY-SA-4.0,2026-08-26,untranslated,true
built-in-mythology-religion-philosophy-clue-0312,built-in-mythology-religion-philosophy,"Mythology, Religion, and Philosophy",built-in-mythology-religion-philosophy-set-062,board,round-two,2,medium,american,"Mythology, Religion & Philosophy: Colorful Medley",,Xipe Totec — What abode is associated with Xipe Totec?,,Ilhuicatl-Teteocan (Twelfth Heaven),,the East,,Xipe Totec has abode Ilhuicatl-Teteocan (Twelfth Heaven).,,Xipe Totec — Wikipedia permanent revision 1356845254,https://en.wikipedia.org/w/index.php?title=Xipe_Totec&oldid=1356845254,CC-BY-SA-4.0,2026-08-26,untranslated,true
built-in-mythology-religion-philosophy-clue-0318,built-in-mythology-religion-philosophy,"Mythology, Religion, and Philosophy",built-in-mythology-religion-philosophy-set-062,board,round-two,3,medium,american,"Mythology, Religion & Philosophy: Colorful Medley",,Pachamama — What parents is associated with Pachamama?,,Viracocha,,,,Pachamama has parents Viracocha.,,Pachamama — Wikipedia permanent revision 1361578797,https://en.wikipedia.org/w/index.php?title=Pachamama&oldid=1361578797,CC-BY-SA-4.0,2026-08-26,untranslated,true
built-in-mythology-religion-philosophy-clue-0324,built-in-mythology-religion-philosophy,"Mythology, Religion, and Philosophy",built-in-mythology-religion-philosophy-set-062,board,round-two,4,medium,american,"Mythology, Religion & Philosophy: Colorful Medley",,Christianity — Which region is associated with Christianity?,,Worldwide,,,,Worldwide is the region associated with Christianity.,,Christianity — Wikipedia permanent revision 1370033990,https://en.wikipedia.org/w/index.php?title=Christianity&oldid=1370033990,CC-BY-SA-4.0,2026-08-26,untranslated,true
built-in-mythology-religion-philosophy-clue-0330,built-in-mythology-religion-philosophy,"Mythology, Religion, and Philosophy",built-in-mythology-religion-philosophy-set-062,board,round-two,5,medium,american,"Mythology, Religion & Philosophy: Colorful Medley",,Islam — What territory is associated with Islam?,,Islamic world,,,,Islam has territory Islamic world.,,Islam — Wikipedia permanent revision 1370650046,https://en.wikipedia.org/w/index.php?title=Islam&oldid=1370650046,CC-BY-SA-4.0,2026-08-26,untranslated,true
built-in-mythology-religion-philosophy-clue-0311,built-in-mythology-religion-philosophy,"Mythology, Religion, and Philosophy",built-in-mythology-religion-philosophy-set-063,board,round-two,1,medium,american,"Mythology, Religion & Philosophy: Colorful Tour",,Xipe Totec — Give another name for Xipe Totec.,,"Red Tezcatlipoca, Camaxtli, Camaxtle, Xipe",,,,"Red Tezcatlipoca, Camaxtli, Camaxtle, Xipe is another name for Xipe Totec.",,Xipe Totec — Wikipedia permanent revision 1356845254,https://en.wikipedia.org/w/index.php?title=Xipe_Totec&oldid=1356845254,CC-BY-SA-4.0,2026-08-26,untranslated,true
built-in-mythology-religion-philosophy-clue-0317,built-in-mythology-religion-philosophy,"Mythology, Religion, and Philosophy",built-in-mythology-religion-philosophy-set-063,board,round-two,2,medium,american,"Mythology, Religion & Philosophy: Colorful Tour",,Pachamama — Which region is associated with Pachamama?,,Andes Mountains (Inca Empire),,,,Andes Mountains (Inca Empire) is the region associated with Pachamama.,,Pachamama — Wikipedia permanent revision 1361578797,https://en.wikipedia.org/w/index.php?title=Pachamama&oldid=1361578797,CC-BY-SA-4.0,2026-08-26,untranslated,true
built-in-mythology-religion-philosophy-clue-0323,built-in-mythology-religion-philosophy,"Mythology, Religion, and Philosophy",built-in-mythology-religion-philosophy-set-063,board,round-two,3,medium,american,"Mythology, Religion & Philosophy: Colorful Tour",,Christianity — What theology is associated with Christianity?,,Monotheistic,,,,Christianity has theology Monotheistic.,,Christianity — Wikipedia permanent revision 1370033990,https://en.wikipedia.org/w/index.php?title=Christianity&oldid=1370033990,CC-BY-SA-4.0,2026-08-26,untranslated,true
built-in-mythology-religion-philosophy-clue-0329,built-in-mythology-religion-philosophy,"Mythology, Religion, and Philosophy",built-in-mythology-religion-philosophy-set-063,board,round-two,4,medium,american,"Mythology, Religion & Philosophy: Colorful Tour",,Islam — What language is associated with Islam?,,Quranic Arabic,,,,Islam has language Quranic Arabic.,,Islam — Wikipedia permanent revision 1370650046,https://en.wikipedia.org/w/index.php?title=Islam&oldid=1370650046,CC-BY-SA-4.0,2026-08-26,untranslated,true
built-in-mythology-religion-philosophy-clue-0255,built-in-mythology-religion-philosophy,"Mythology, Religion, and Philosophy",built-in-mythology-religion-philosophy-set-063,board,round-two,5,medium,american,"Mythology, Religion & Philosophy: Colorful Tour",,Eshu — What festivals is associated with Eshu?,,Eṣu Festival,,,,Eshu has festivals Eṣu Festival.,,Eshu — Wikipedia permanent revision 1367721691,https://en.wikipedia.org/w/index.php?title=Eshu&oldid=1367721691,CC-BY-SA-4.0,2026-08-26,untranslated,true
built-in-mythology-religion-philosophy-clue-0316,built-in-mythology-religion-philosophy,"Mythology, Religion, and Philosophy",built-in-mythology-religion-philosophy-set-064,board,round-two,1,medium,american,"Mythology, Religion & Philosophy: Colorful Grab Bag",,Pachamama — Give another name for Pachamama.,,"Mama Pacha, Cosmic Mother, Queen Pachamama",,,,"Mama Pacha, Cosmic Mother, Queen Pachamama is another name for Pachamama.",,Pachamama — Wikipedia permanent revision 1361578797,https://en.wikipedia.org/w/index.php?title=Pachamama&oldid=1361578797,CC-BY-SA-4.0,2026-08-26,untranslated,true
built-in-mythology-religion-philosophy-clue-0322,built-in-mythology-religion-philosophy,"Mythology, Religion, and Philosophy",built-in-mythology-religion-philosophy-set-064,board,round-two,2,medium,american,"Mythology, Religion & Philosophy: Colorful Grab Bag",,Christianity — What scripture is associated with Christianity?,,Bible (Old and New Testament),,,,Christianity has scripture Bible (Old and New Testament).,,Christianity — Wikipedia permanent revision 1370033990,https://en.wikipedia.org/w/index.php?title=Christianity&oldid=1370033990,CC-BY-SA-4.0,2026-08-26,untranslated,true
built-in-mythology-religion-philosophy-clue-0328,built-in-mythology-religion-philosophy,"Mythology, Religion, and Philosophy",built-in-mythology-religion-philosophy-set-064,board,round-two,3,medium,american,"Mythology, Religion & Philosophy: Colorful Grab Bag",,Islam — What theology is associated with Islam?,,Monotheistic,,,,Islam has theology Monotheistic.,,Islam — Wikipedia permanent revision 1370650046,https://en.wikipedia.org/w/index.php?title=Islam&oldid=1370650046,CC-BY-SA-4.0,2026-08-26,untranslated,true
built-in-mythology-religion-philosophy-clue-0254,built-in-mythology-religion-philosophy,"Mythology, Religion, and Philosophy",built-in-mythology-religion-philosophy-set-064,board,round-two,4,medium,american,"Mythology, Religion & Philosophy: Colorful Grab Bag",,Eshu — What ethnic group is associated with Eshu?,,Yoruba people,,,,Eshu has ethnic group Yoruba people.,,Eshu — Wikipedia permanent revision 1367721691,https://en.wikipedia.org/w/index.php?title=Eshu&oldid=1367721691,CC-BY-SA-4.0,2026-08-26,untranslated,true
built-in-mythology-religion-philosophy-clue-0260,built-in-mythology-religion-philosophy,"Mythology, Religion, and Philosophy",built-in-mythology-religion-philosophy-set-064,board,round-two,5,medium,american,"Mythology, Religion & Philosophy: Colorful Grab Bag",,Ala (Odinani) — What roman is associated with Ala (Odinani)?,,Juno,,Ceres,,Ala (Odinani) has roman Juno.,,Ala (Odinani) — Wikipedia permanent revision 1370646067,https://en.wikipedia.org/w/index.php?title=Ala_(Odinani)&oldid=1370646067,CC-BY-SA-4.0,2026-08-26,untranslated,true
built-in-mythology-religion-philosophy-clue-0321,built-in-mythology-religion-philosophy,"Mythology, Religion, and Philosophy",built-in-mythology-religion-philosophy-set-065,board,round-two,1,medium,world-religions,"Mythology, Religion & Philosophy: Colorful Roundup",,Christianity — What classification is associated with Christianity?,,Abrahamic,,,,Christianity has classification Abrahamic.,,Christianity — Wikipedia permanent revision 1370033990,https://en.wikipedia.org/w/index.php?title=Christianity&oldid=1370033990,CC-BY-SA-4.0,2026-08-26,untranslated,true
built-in-mythology-religion-philosophy-clue-0327,built-in-mythology-religion-philosophy,"Mythology, Religion, and Philosophy",built-in-mythology-religion-philosophy-set-065,board,round-two,2,medium,world-religions,"Mythology, Religion & Philosophy: Colorful Roundup",,Islam — What scripture is associated with Islam?,,Quran,,Traditions: Hadith;Exegesis: Tafsir,,Islam has scripture Quran.,,Islam — Wikipedia permanent revision 1370650046,https://en.wikipedia.org/w/index.php?title=Islam&oldid=1370650046,CC-BY-SA-4.0,2026-08-26,untranslated,true
built-in-mythology-religion-philosophy-clue-0253,built-in-mythology-religion-philosophy,"Mythology, Religion, and Philosophy",built-in-mythology-religion-philosophy-set-065,board,round-two,3,medium,world-religions,"Mythology, Religion & Philosophy: Colorful Roundup",,Eshu — Which region is associated with Eshu?,,"Yorubaland, Latin America",,,,"Yorubaland, Latin America is the region associated with Eshu.",,Eshu — Wikipedia permanent revision 1367721691,https://en.wikipedia.org/w/index.php?title=Eshu&oldid=1367721691,CC-BY-SA-4.0,2026-08-26,untranslated,true
built-in-mythology-religion-philosophy-clue-0259,built-in-mythology-religion-philosophy,"Mythology, Religion, and Philosophy",built-in-mythology-religion-philosophy-set-065,board,round-two,4,medium,world-religions,"Mythology, Religion & Philosophy: Colorful Roundup",,Ala (Odinani) — What consort is associated with Ala (Odinani)?,,Amadioha,,,,Ala (Odinani) has consort Amadioha.,,Ala (Odinani) — Wikipedia permanent revision 1370646067,https://en.wikipedia.org/w/index.php?title=Ala_(Odinani)&oldid=1370646067,CC-BY-SA-4.0,2026-08-26,untranslated,true
built-in-mythology-religion-philosophy-clue-0265,built-in-mythology-religion-philosophy,"Mythology, Religion, and Philosophy",built-in-mythology-religion-philosophy-set-065,board,round-two,5,medium,world-religions,"Mythology, Religion & Philosophy: Colorful Roundup",,Nyankapon-Nyame-Odomankoma — What roman is associated with Nyankapon-Nyame-Odomankoma?,,Jupiter,,,,Nyankapon-Nyame-Odomankoma has roman Jupiter.,,Nyankapon-Nyame-Odomankoma — Wikipedia permanent revision 1369594577,https://en.wikipedia.org/w/index.php?title=Nyankapon-Nyame-Odomankoma&oldid=1369594577,CC-BY-SA-4.0,2026-08-26,untranslated,true
built-in-mythology-religion-philosophy-clue-0326,built-in-mythology-religion-philosophy,"Mythology, Religion, and Philosophy",built-in-mythology-religion-philosophy-set-066,board,round-two,1,medium,world-religions,"Mythology, Religion & Philosophy: Colorful Sampler",,Islam — What classification is associated with Islam?,,Abrahamic,,,,Islam has classification Abrahamic.,,Islam — Wikipedia permanent revision 1370650046,https://en.wikipedia.org/w/index.php?title=Islam&oldid=1370650046,CC-BY-SA-4.0,2026-08-26,untranslated,true
built-in-mythology-religion-philosophy-clue-0252,built-in-mythology-religion-philosophy,"Mythology, Religion, and Philosophy",built-in-mythology-religion-philosophy-set-066,board,round-two,2,medium,world-religions,"Mythology, Religion & Philosophy: Colorful Sampler",,Eshu — What day is associated with Eshu?,,The second day of the Kọjọda week,,,,Eshu has day The second day of the Kọjọda week.,,Eshu — Wikipedia permanent revision 1367721691,https://en.wikipedia.org/w/index.php?title=Eshu&oldid=1367721691,CC-BY-SA-4.0,2026-08-26,untranslated,true
built-in-mythology-religion-philosophy-clue-0258,built-in-mythology-religion-philosophy,"Mythology, Religion, and Philosophy",built-in-mythology-religion-philosophy-set-066,board,round-two,3,medium,world-religions,"Mythology, Religion & Philosophy: Colorful Sampler",,Ala (Odinani) — What ethnic group is associated with Ala (Odinani)?,,Igbo,,,,Ala (Odinani) has ethnic group Igbo.,,Ala (Odinani) — Wikipedia permanent revision 1370646067,https://en.wikipedia.org/w/index.php?title=Ala_(Odinani)&oldid=1370646067,CC-BY-SA-4.0,2026-08-26,untranslated,true
built-in-mythology-religion-philosophy-clue-0264,built-in-mythology-religion-philosophy,"Mythology, Religion, and Philosophy",built-in-mythology-religion-philosophy-set-066,board,round-two,4,medium,world-religions,"Mythology, Religion & Philosophy: Colorful Sampler",,Nyankapon-Nyame-Odomankoma — How many children does Nyankapon-Nyame-Odomankoma have?,,Bia,,Tano/Tano,,Nyankapon-Nyame-Odomankoma has Bia.,,Nyankapon-Nyame-Odomankoma — Wikipedia permanent revision 1369594577,https://en.wikipedia.org/w/index.php?title=Nyankapon-Nyame-Odomankoma&oldid=1369594577,CC-BY-SA-4.0,2026-08-26,untranslated,true
built-in-mythology-religion-philosophy-clue-0270,built-in-mythology-religion-philosophy,"Mythology, Religion, and Philosophy",built-in-mythology-religion-philosophy-set-066,board,round-two,5,medium,world-religions,"Mythology, Religion & Philosophy: Colorful Sampler",,Ọlọrun — What venerated in is associated with Ọlọrun?,,"Yoruba religion, Umbanda, Candomble, Santeria, Haitian Vodou, Folk Catholicism",,,,"Ọlọrun has venerated in Yoruba religion, Umbanda, Candomble, Santeria, Haitian Vodou, Folk Catholicism.",,Ọlọrun — Wikipedia permanent revision 1360495273,https://en.wikipedia.org/w/index.php?title=%E1%BB%8Cl%E1%BB%8Drun&oldid=1360495273,CC-BY-SA-4.0,2026-08-26,untranslated,true
built-in-mythology-religion-philosophy-clue-0331,built-in-mythology-religion-philosophy,"Mythology, Religion, and Philosophy",built-in-mythology-religion-philosophy-set-067,board,round-one,1,hard,world-religions,"Mythology, Religion & Philosophy: Colorful Potpourri",,The Buddha — When was The Buddha born?,,Siddhartha Gautama,,"c. 563 or 480 BCE;Lumbini, Shakya Republic (according to Buddhist tradition)",,The Buddha was born Siddhartha Gautama.,,The Buddha — Wikipedia permanent revision 1371298843,https://en.wikipedia.org/w/index.php?title=The_Buddha&oldid=1371298843,CC-BY-SA-4.0,2026-08-26,untranslated,true
built-in-mythology-religion-philosophy-clue-0337,built-in-mythology-religion-philosophy,"Mythology, Religion, and Philosophy",built-in-mythology-religion-philosophy-set-067,board,round-one,2,hard,world-religions,"Mythology, Religion & Philosophy: Colorful Potpourri",,Mahavira — When did Mahavira die?,,"527 BCE (Śvetāmbara trad. dating), 510 BCE (Digambara trad. dating)",,"uncertain, possibly c. late 5th century BCE (historical);Pawapuri, Magadha, Haryanka Empire (present-day Nalanda district, Bihar, India)",,"Mahavira died 527 BCE (Śvetāmbara trad. dating), 510 BCE (Digambara trad. dating).",,Mahavira — Wikipedia permanent revision 1371013701,https://en.wikipedia.org/w/index.php?title=Mahavira&oldid=1371013701,CC-BY-SA-4.0,2026-08-26,untranslated,true
built-in-mythology-religion-philosophy-clue-0343,built-in-mythology-religion-philosophy,"Mythology, Religion, and Philosophy",built-in-mythology-religion-philosophy-set-067,board,round-one,3,hard,world-religions,"Mythology, Religion & Philosophy: Colorful Potpourri",,Judaism — What scripture is associated with Judaism?,,Hebrew Bible,,Traditions: Talmud;Exegesis: Midrash,,Judaism has scripture Hebrew Bible.,,Judaism — Wikipedia permanent revision 1371260825,https://en.wikipedia.org/w/index.php?title=Judaism&oldid=1371260825,CC-BY-SA-4.0,2026-08-26,untranslated,true
built-in-mythology-religion-philosophy-clue-0349,built-in-mythology-religion-philosophy,"Mythology, Religion, and Philosophy",built-in-mythology-religion-philosophy-set-067,board,round-one,4,hard,world-religions,"Mythology, Religion & Philosophy: Colorful Potpourri",,Sikhism — What governance is associated with Sikhism?,,Panj Takht,,,,Sikhism has governance Panj Takht.,,Sikhism — Wikipedia permanent revision 1370198145,https://en.wikipedia.org/w/index.php?title=Sikhism&oldid=1370198145,CC-BY-SA-4.0,2026-08-26,untranslated,true
built-in-mythology-religion-philosophy-clue-0355,built-in-mythology-religion-philosophy,"Mythology, Religion, and Philosophy",built-in-mythology-religion-philosophy-set-067,board,round-one,5,hard,world-religions,"Mythology, Religion & Philosophy: Colorful Potpourri",,Guru Nanak — What parent(s) is associated with Guru Nanak?,,Mehta Kalu and Mata Tripta,,,,Guru Nanak has parent(s) Mehta Kalu and Mata Tripta.,,Guru Nanak — Wikipedia permanent revision 1371147806,https://en.wikipedia.org/w/index.php?title=Guru_Nanak&oldid=1371147806,CC-BY-SA-4.0,2026-08-26,untranslated,true
built-in-mythology-religion-philosophy-clue-0336,built-in-mythology-religion-philosophy,"Mythology, Religion, and Philosophy",built-in-mythology-religion-philosophy-set-068,board,round-one,1,hard,world-religions,"Mythology, Religion & Philosophy: Colorful Challenge",,Mahavira — When was Mahavira born?,,Vardhamāna,,"c. 599 BCE (traditional);uncertain, possibly c. 6th or early 5th century BCE (historical);Kshatriyakund / Kundagrāma;Nāya Republic, Vajjika League (near present-day Vaishali, Bihar, India)",,Mahavira was born Vardhamāna.,,Mahavira — Wikipedia permanent revision 1371013701,https://en.wikipedia.org/w/index.php?title=Mahavira&oldid=1371013701,CC-BY-SA-4.0,2026-08-26,untranslated,true
built-in-mythology-religion-philosophy-clue-0342,built-in-mythology-religion-philosophy,"Mythology, Religion, and Philosophy",built-in-mythology-religion-philosophy-set-068,board,round-one,2,hard,world-religions,"Mythology, Religion & Philosophy: Colorful Challenge",,Judaism — What classification is associated with Judaism?,,Abrahamic,,,,Judaism has classification Abrahamic.,,Judaism — Wikipedia permanent revision 1371260825,https://en.wikipedia.org/w/index.php?title=Judaism&oldid=1371260825,CC-BY-SA-4.0,2026-08-26,untranslated,true
built-in-mythology-religion-philosophy-clue-0348,built-in-mythology-religion-philosophy,"Mythology, Religion, and Philosophy",built-in-mythology-religion-philosophy-set-068,board,round-one,3,hard,world-religions,"Mythology, Religion & Philosophy: Colorful Challenge",,Sikhism — What theology is associated with Sikhism?,,Panentheism,,Monotheism,,Sikhism has theology Panentheism.,,Sikhism — Wikipedia permanent revision 1370198145,https://en.wikipedia.org/w/index.php?title=Sikhism&oldid=1370198145,CC-BY-SA-4.0,2026-08-26,untranslated,true
built-in-mythology-religion-philosophy-clue-0354,built-in-mythology-religion-philosophy,"Mythology, Religion, and Philosophy",built-in-mythology-religion-philosophy-set-068,board,round-one,4,hard,world-religions,"Mythology, Religion & Philosophy: Colorful Challenge",,Guru Nanak — How many children does Guru Nanak have?,,Sri Chand,,Lakhmi Das,,Guru Nanak has Sri Chand.,,Guru Nanak — Wikipedia permanent revision 1371147806,https://en.wikipedia.org/w/index.php?title=Guru_Nanak&oldid=1371147806,CC-BY-SA-4.0,2026-08-26,untranslated,true
built-in-mythology-religion-philosophy-clue-0360,built-in-mythology-religion-philosophy,"Mythology, Religion, and Philosophy",built-in-mythology-religion-philosophy-set-068,board,round-one,5,hard,world-religions,"Mythology, Religion & Philosophy: Colorful Challenge",,Baháʼí Faith — Where is the organization behind Baháʼí Faith headquartered?,,Baháʼí World Centre,,,,Baháʼí Faith is associated with headquarters in Baháʼí World Centre.,,Baháʼí Faith — Wikipedia permanent revision 1371251001,https://en.wikipedia.org/w/index.php?title=Bah%C3%A1%CA%BC%C3%AD_Faith&oldid=1371251001,CC-BY-SA-4.0,2026-08-26,untranslated,true
built-in-mythology-religion-philosophy-clue-0341,built-in-mythology-religion-philosophy,"Mythology, Religion, and Philosophy",built-in-mythology-religion-philosophy-set-069,board,round-one,1,hard,world-religions,"Mythology, Religion & Philosophy: Colorful Quiz",,Judaism — What type is associated with Judaism?,,Ethnic religion,,,,Judaism is classified as Ethnic religion.,,Judaism — Wikipedia permanent revision 1371260825,https://en.wikipedia.org/w/index.php?title=Judaism&oldid=1371260825,CC-BY-SA-4.0,2026-08-26,untranslated,true
built-in-mythology-religion-philosophy-clue-0347,built-in-mythology-religion-philosophy,"Mythology, Religion, and Philosophy",built-in-mythology-religion-philosophy-set-069,board,round-one,2,hard,world-religions,"Mythology, Religion & Philosophy: Colorful Quiz",,Sikhism — What scripture is associated with Sikhism?,,Guru Granth Sahib,,,,Sikhism has scripture Guru Granth Sahib.,,Sikhism — Wikipedia permanent revision 1370198145,https://en.wikipedia.org/w/index.php?title=Sikhism&oldid=1370198145,CC-BY-SA-4.0,2026-08-26,untranslated,true
built-in-mythology-religion-philosophy-clue-0353,built-in-mythology-religion-philosophy,"Mythology, Religion, and Philosophy",built-in-mythology-religion-philosophy-set-069,board,round-one,3,hard,world-religions,"Mythology, Religion & Philosophy: Colorful Quiz",,Guru Nanak — Whom did Guru Nanak marry?,,Mata Sulakhani,,,,Mata Sulakhani is the documented spouse of Guru Nanak.,,Guru Nanak — Wikipedia permanent revision 1371147806,https://en.wikipedia.org/w/index.php?title=Guru_Nanak&oldid=1371147806,CC-BY-SA-4.0,2026-08-26,untranslated,true
built-in-mythology-religion-philosophy-clue-0359,built-in-mythology-religion-philosophy,"Mythology, Religion, and Philosophy",built-in-mythology-religion-philosophy-set-069,board,round-one,4,hard,world-religions,"Mythology, Religion & Philosophy: Colorful Quiz",,Baháʼí Faith — Which region is associated with Baháʼí Faith?,,Worldwide,,,,Worldwide is the region associated with Baháʼí Faith.,,Baháʼí Faith — Wikipedia permanent revision 1371251001,https://en.wikipedia.org/w/index.php?title=Bah%C3%A1%CA%BC%C3%AD_Faith&oldid=1371251001,CC-BY-SA-4.0,2026-08-26,untranslated,true
built-in-mythology-religion-philosophy-clue-0365,built-in-mythology-religion-philosophy,"Mythology, Religion, and Philosophy",built-in-mythology-religion-philosophy-set-069,board,round-one,5,hard,world-religions,"Mythology, Religion & Philosophy: Colorful Quiz",,Emperor Jimmu — What burial is associated with Emperor Jimmu?,,"Unebi-yama no ushitora no sumi no misasagi (畝傍山東北陵) (Kashihara, Nara)",,,,"Emperor Jimmu has burial Unebi-yama no ushitora no sumi no misasagi (畝傍山東北陵) (Kashihara, Nara).",,Emperor Jimmu — Wikipedia permanent revision 1370254403,https://en.wikipedia.org/w/index.php?title=Emperor_Jimmu&oldid=1370254403,CC-BY-SA-4.0,2026-08-26,untranslated,true
built-in-mythology-religion-philosophy-clue-0346,built-in-mythology-religion-philosophy,"Mythology, Religion, and Philosophy",built-in-mythology-religion-philosophy-set-070,board,round-one,1,hard,world-religions,"Mythology, Religion & Philosophy: Colorful Odds & Ends",,Sikhism — What classification is associated with Sikhism?,,Indian,,,,Sikhism has classification Indian.,,Sikhism — Wikipedia permanent revision 1370198145,https://en.wikipedia.org/w/index.php?title=Sikhism&oldid=1370198145,CC-BY-SA-4.0,2026-08-26,untranslated,true
built-in-mythology-religion-philosophy-clue-0352,built-in-mythology-religion-philosophy,"Mythology, Religion, and Philosophy",built-in-mythology-religion-philosophy-set-070,board,round-one,2,hard,world-religions,"Mythology, Religion & Philosophy: Colorful Odds & Ends",,Guru Nanak — What resting place is associated with Guru Nanak?,,"Gurdwara Darbar Sahib Kartarpur, Kartarpur, Punjab, Pakistan",,,,"Guru Nanak has resting place Gurdwara Darbar Sahib Kartarpur, Kartarpur, Punjab, Pakistan.",,Guru Nanak — Wikipedia permanent revision 1371147806,https://en.wikipedia.org/w/index.php?title=Guru_Nanak&oldid=1371147806,CC-BY-SA-4.0,2026-08-26,untranslated,true
built-in-mythology-religion-philosophy-clue-0358,built-in-mythology-religion-philosophy,"Mythology, Religion, and Philosophy",built-in-mythology-religion-philosophy-set-070,board,round-one,3,hard,world-religions,"Mythology, Religion & Philosophy: Colorful Odds & Ends",,Baháʼí Faith — What theology is associated with Baháʼí Faith?,,Monotheistic,,,,Baháʼí Faith has theology Monotheistic.,,Baháʼí Faith — Wikipedia permanent revision 1371251001,https://en.wikipedia.org/w/index.php?title=Bah%C3%A1%CA%BC%C3%AD_Faith&oldid=1371251001,CC-BY-SA-4.0,2026-08-26,untranslated,true
built-in-mythology-religion-philosophy-clue-0364,built-in-mythology-religion-philosophy,"Mythology, Religion, and Philosophy",built-in-mythology-religion-philosophy-set-070,board,round-one,4,hard,world-religions,"Mythology, Religion & Philosophy: Colorful Odds & Ends",,Emperor Jimmu — When did Emperor Jimmu die?,,585 BCE (aged 137 or 126),,"possibly Kashihara, Nara",,Emperor Jimmu died 585 BCE (aged 137 or 126).,,Emperor Jimmu — Wikipedia permanent revision 1370254403,https://en.wikipedia.org/w/index.php?title=Emperor_Jimmu&oldid=1370254403,CC-BY-SA-4.0,2026-08-26,untranslated,true
built-in-mythology-religion-philosophy-clue-0370,built-in-mythology-religion-philosophy,"Mythology, Religion, and Philosophy",built-in-mythology-religion-philosophy-set-070,board,round-one,5,hard,world-religions,"Mythology, Religion & Philosophy: Colorful Odds & Ends",,Socrates — How many children does Socrates have?,,"Lamprocles, Menexenus, Sophroniscus",,,,"Socrates has Lamprocles, Menexenus, Sophroniscus.",,Socrates — Wikipedia permanent revision 1371148654,https://en.wikipedia.org/w/index.php?title=Socrates&oldid=1371148654,CC-BY-SA-4.0,2026-08-26,untranslated,true
built-in-mythology-religion-philosophy-clue-0351,built-in-mythology-religion-philosophy,"Mythology, Religion, and Philosophy",built-in-mythology-religion-philosophy-set-071,board,round-one,1,hard,world-religions,"Mythology, Religion & Philosophy: Clever Mix",,Guru Nanak — When did Guru Nanak die?,,22 September 1539(1539-09-22) (aged 70),,"Kartarpur, Mughal Empire;(present-day Punjab, Pakistan)",,Guru Nanak died 22 September 1539(1539-09-22) (aged 70).,,Guru Nanak — Wikipedia permanent revision 1371147806,https://en.wikipedia.org/w/index.php?title=Guru_Nanak&oldid=1371147806,CC-BY-SA-4.0,2026-08-26,untranslated,true
built-in-mythology-religion-philosophy-clue-0357,built-in-mythology-religion-philosophy,"Mythology, Religion, and Philosophy",built-in-mythology-religion-philosophy-set-071,board,round-one,2,hard,world-religions,"Mythology, Religion & Philosophy: Clever Mix",,Baháʼí Faith — What scripture is associated with Baháʼí Faith?,,"Kitáb-i-Aqdas, various other Baháʼí scriptures",,,,"Baháʼí Faith has scripture Kitáb-i-Aqdas, various other Baháʼí scriptures.",,Baháʼí Faith — Wikipedia permanent revision 1371251001,https://en.wikipedia.org/w/index.php?title=Bah%C3%A1%CA%BC%C3%AD_Faith&oldid=1371251001,CC-BY-SA-4.0,2026-08-26,untranslated,true
built-in-mythology-religion-philosophy-clue-0363,built-in-mythology-religion-philosophy,"Mythology, Religion, and Philosophy",built-in-mythology-religion-philosophy-set-071,board,round-one,3,hard,world-religions,"Mythology, Religion & Philosophy: Clever Mix",,Emperor Jimmu — When was Emperor Jimmu born?,,Hikohohodemi (彦火々出見),,711 BC or 721 BC;eastern Tsukushi-no-shima (now Kyushu),,Emperor Jimmu was born Hikohohodemi (彦火々出見).,,Emperor Jimmu — Wikipedia permanent revision 1370254403,https://en.wikipedia.org/w/index.php?title=Emperor_Jimmu&oldid=1370254403,CC-BY-SA-4.0,2026-08-26,untranslated,true
built-in-mythology-religion-philosophy-clue-0369,built-in-mythology-religion-philosophy,"Mythology, Religion, and Philosophy",built-in-mythology-religion-philosophy-set-071,board,round-one,4,hard,world-religions,"Mythology, Religion & Philosophy: Clever Mix",,Socrates — What spouse(s) is associated with Socrates?,,"Xanthippe, Myrto (disputed)",,,,"Socrates has spouse(s) Xanthippe, Myrto (disputed).",,Socrates — Wikipedia permanent revision 1371148654,https://en.wikipedia.org/w/index.php?title=Socrates&oldid=1371148654,CC-BY-SA-4.0,2026-08-26,untranslated,true
built-in-mythology-religion-philosophy-clue-0375,built-in-mythology-religion-philosophy,"Mythology, Religion, and Philosophy",built-in-mythology-religion-philosophy-set-071,board,round-one,5,hard,world-religions,"Mythology, Religion & Philosophy: Clever Mix",,Plato — What main interests is associated with Plato?,,"Epistemology, Metaphysics",,"Political philosophy, Ethics",,"Plato has main interests Epistemology, Metaphysics.",,Plato — Wikipedia permanent revision 1368648822,https://en.wikipedia.org/w/index.php?title=Plato&oldid=1368648822,CC-BY-SA-4.0,2026-08-26,untranslated,true
built-in-mythology-religion-philosophy-clue-0356,built-in-mythology-religion-philosophy,"Mythology, Religion, and Philosophy",built-in-mythology-religion-philosophy-set-072,board,round-one,1,hard,world-religions,"Mythology, Religion & Philosophy: Clever Medley",,Baháʼí Faith — What classification is associated with Baháʼí Faith?,,Abrahamic,,,,Baháʼí Faith has classification Abrahamic.,,Baháʼí Faith — Wikipedia permanent revision 1371251001,https://en.wikipedia.org/w/index.php?title=Bah%C3%A1%CA%BC%C3%AD_Faith&oldid=1371251001,CC-BY-SA-4.0,2026-08-26,untranslated,true
built-in-mythology-religion-philosophy-clue-0362,built-in-mythology-religion-philosophy,"Mythology, Religion, and Philosophy",built-in-mythology-religion-philosophy-set-072,board,round-one,2,hard,world-religions,"Mythology, Religion & Philosophy: Clever Medley",,Emperor Jimmu — Which technology succeeded Emperor Jimmu?,,Suizei,,,,Suizei succeeded Emperor Jimmu.,,Emperor Jimmu — Wikipedia permanent revision 1370254403,https://en.wikipedia.org/w/index.php?title=Emperor_Jimmu&oldid=1370254403,CC-BY-SA-4.0,2026-08-26,untranslated,true
built-in-mythology-religion-philosophy-clue-0368,built-in-mythology-religion-philosophy,"Mythology, Religion, and Philosophy",built-in-mythology-religion-philosophy-set-072,board,round-one,3,hard,world-religions,"Mythology, Religion & Philosophy: Clever Medley",,Socrates — What cause of death is associated with Socrates?,,Forced suicide by poisoning,,,,Socrates has cause of death Forced suicide by poisoning.,,Socrates — Wikipedia permanent revision 1371148654,https://en.wikipedia.org/w/index.php?title=Socrates&oldid=1371148654,CC-BY-SA-4.0,2026-08-26,untranslated,true
built-in-mythology-religion-philosophy-clue-0374,built-in-mythology-religion-philosophy,"Mythology, Religion, and Philosophy",built-in-mythology-religion-philosophy-set-072,board,round-one,4,hard,world-religions,"Mythology, Religion & Philosophy: Clever Medley",,Plato — What notable students is associated with Plato?,,Aristotle,,,,Plato has notable students Aristotle.,,Plato — Wikipedia permanent revision 1368648822,https://en.wikipedia.org/w/index.php?title=Plato&oldid=1368648822,CC-BY-SA-4.0,2026-08-26,untranslated,true
built-in-mythology-religion-philosophy-clue-0380,built-in-mythology-religion-philosophy,"Mythology, Religion, and Philosophy",built-in-mythology-religion-philosophy-set-072,board,round-one,5,hard,world-religions,"Mythology, Religion & Philosophy: Clever Medley",,Aristotle — Which region is associated with Aristotle?,,Western philosophy,,,,Western philosophy is the region associated with Aristotle.,,Aristotle — Wikipedia permanent revision 1369705411,https://en.wikipedia.org/w/index.php?title=Aristotle&oldid=1369705411,CC-BY-SA-4.0,2026-08-26,untranslated,true
built-in-mythology-religion-philosophy-clue-0361,built-in-mythology-religion-philosophy,"Mythology, Religion, and Philosophy",built-in-mythology-religion-philosophy-set-073,board,round-one,1,hard,world-religions,"Mythology, Religion & Philosophy: Clever Tour",,Emperor Jimmu — What reign is associated with Emperor Jimmu?,,660–585 BCE (traditional),,,,Emperor Jimmu has reign 660–585 BCE (traditional).,,Emperor Jimmu — Wikipedia permanent revision 1370254403,https://en.wikipedia.org/w/index.php?title=Emperor_Jimmu&oldid=1370254403,CC-BY-SA-4.0,2026-08-26,untranslated,true
built-in-mythology-religion-philosophy-clue-0367,built-in-mythology-religion-philosophy,"Mythology, Religion, and Philosophy",built-in-mythology-religion-philosophy-set-073,board,round-one,2,hard,world-religions,"Mythology, Religion & Philosophy: Clever Tour",,Socrates — When did Socrates die?,,399 BC (aged approx. 71),,Athens,,Socrates died 399 BC (aged approx. 71).,,Socrates — Wikipedia permanent revision 1371148654,https://en.wikipedia.org/w/index.php?title=Socrates&oldid=1371148654,CC-BY-SA-4.0,2026-08-26,untranslated,true
built-in-mythology-religion-philosophy-clue-0373,built-in-mythology-religion-philosophy,"Mythology, Religion, and Philosophy",built-in-mythology-religion-philosophy-set-073,board,round-one,3,hard,world-religions,"Mythology, Religion & Philosophy: Clever Tour",,Plato — What era is associated with Plato?,,Ancient Greek philosophy,,,,Plato has era Ancient Greek philosophy.,,Plato — Wikipedia permanent revision 1368648822,https://en.wikipedia.org/w/index.php?title=Plato&oldid=1368648822,CC-BY-SA-4.0,2026-08-26,untranslated,true
built-in-mythology-religion-philosophy-clue-0379,built-in-mythology-religion-philosophy,"Mythology, Religion, and Philosophy",built-in-mythology-religion-philosophy-set-073,board,round-one,4,hard,world-religions,"Mythology, Religion & Philosophy: Clever Tour",,Aristotle — What era is associated with Aristotle?,,Ancient Greek philosophy,,,,Aristotle has era Ancient Greek philosophy.,,Aristotle — Wikipedia permanent revision 1369705411,https://en.wikipedia.org/w/index.php?title=Aristotle&oldid=1369705411,CC-BY-SA-4.0,2026-08-26,untranslated,true
built-in-mythology-religion-philosophy-clue-0385,built-in-mythology-religion-philosophy,"Mythology, Religion, and Philosophy",built-in-mythology-religion-philosophy-set-073,board,round-one,5,hard,world-religions,"Mythology, Religion & Philosophy: Clever Tour",,Epicurus — What school is associated with Epicurus?,,Epicureanism,,,,Epicurus has school Epicureanism.,,Epicurus — Wikipedia permanent revision 1370940488,https://en.wikipedia.org/w/index.php?title=Epicurus&oldid=1370940488,CC-BY-SA-4.0,2026-08-26,untranslated,true
built-in-mythology-religion-philosophy-clue-0366,built-in-mythology-religion-philosophy,"Mythology, Religion, and Philosophy",built-in-mythology-religion-philosophy-set-074,board,round-one,1,hard,ancient-philosophy,"Mythology, Religion & Philosophy: Clever Grab Bag",,Socrates — When was Socrates born?,,c. 470 BC,,"Deme Alopece, Athens",,Socrates was born c. 470 BC.,,Socrates — Wikipedia permanent revision 1371148654,https://en.wikipedia.org/w/index.php?title=Socrates&oldid=1371148654,CC-BY-SA-4.0,2026-08-26,untranslated,true
built-in-mythology-religion-philosophy-clue-0372,built-in-mythology-religion-philosophy,"Mythology, Religion, and Philosophy",built-in-mythology-religion-philosophy-set-074,board,round-one,2,hard,ancient-philosophy,"Mythology, Religion & Philosophy: Clever Grab Bag",,Plato — When did Plato die?,,c. 348-7 BC (age 80 or 81),,Athens,,Plato died c. 348-7 BC (age 80 or 81).,,Plato — Wikipedia permanent revision 1368648822,https://en.wikipedia.org/w/index.php?title=Plato&oldid=1368648822,CC-BY-SA-4.0,2026-08-26,untranslated,true
built-in-mythology-religion-philosophy-clue-0378,built-in-mythology-religion-philosophy,"Mythology, Religion, and Philosophy",built-in-mythology-religion-philosophy-set-074,board,round-one,3,hard,ancient-philosophy,"Mythology, Religion & Philosophy: Clever Grab Bag",,Aristotle — Where was Aristotle educated?,,Platonic Academy,,,,Aristotle was educated at Platonic Academy.,,Aristotle — Wikipedia permanent revision 1369705411,https://en.wikipedia.org/w/index.php?title=Aristotle&oldid=1369705411,CC-BY-SA-4.0,2026-08-26,untranslated,true
built-in-mythology-religion-philosophy-clue-0384,built-in-mythology-religion-philosophy,"Mythology, Religion, and Philosophy",built-in-mythology-religion-philosophy-set-074,board,round-one,4,hard,ancient-philosophy,"Mythology, Religion & Philosophy: Clever Grab Bag",,Epicurus — Which region is associated with Epicurus?,,Western philosophy,,,,Western philosophy is the region associated with Epicurus.,,Epicurus — Wikipedia permanent revision 1370940488,https://en.wikipedia.org/w/index.php?title=Epicurus&oldid=1370940488,CC-BY-SA-4.0,2026-08-26,untranslated,true
built-in-mythology-religion-philosophy-clue-0390,built-in-mythology-religion-philosophy,"Mythology, Religion, and Philosophy",built-in-mythology-religion-philosophy-set-074,board,round-one,5,hard,ancient-philosophy,"Mythology, Religion & Philosophy: Clever Grab Bag",,Zeno of Citium — What school is associated with Zeno of Citium?,,Stoicism,,,,Zeno of Citium has school Stoicism.,,Zeno of Citium — Wikipedia permanent revision 1370888208,https://en.wikipedia.org/w/index.php?title=Zeno_of_Citium&oldid=1370888208,CC-BY-SA-4.0,2026-08-26,untranslated,true
built-in-mythology-religion-philosophy-clue-0371,built-in-mythology-religion-philosophy,"Mythology, Religion, and Philosophy",built-in-mythology-religion-philosophy-set-075,board,round-one,1,hard,ancient-philosophy,"Mythology, Religion & Philosophy: Clever Roundup",,Plato — When was Plato born?,,c. 428-7 BC,,Athens,,Plato was born c. 428-7 BC.,,Plato — Wikipedia permanent revision 1368648822,https://en.wikipedia.org/w/index.php?title=Plato&oldid=1368648822,CC-BY-SA-4.0,2026-08-26,untranslated,true
built-in-mythology-religion-philosophy-clue-0377,built-in-mythology-religion-philosophy,"Mythology, Religion, and Philosophy",built-in-mythology-religion-philosophy-set-075,board,round-one,2,hard,ancient-philosophy,"Mythology, Religion & Philosophy: Clever Roundup",,Aristotle — When did Aristotle die?,,322 BC (aged 61–62),,"Chalcis, then part of the Macedonian Empire",,Aristotle died 322 BC (aged 61–62).,,Aristotle — Wikipedia permanent revision 1369705411,https://en.wikipedia.org/w/index.php?title=Aristotle&oldid=1369705411,CC-BY-SA-4.0,2026-08-26,untranslated,true
built-in-mythology-religion-philosophy-clue-0383,built-in-mythology-religion-philosophy,"Mythology, Religion, and Philosophy",built-in-mythology-religion-philosophy-set-075,board,round-one,3,hard,ancient-philosophy,"Mythology, Religion & Philosophy: Clever Roundup",,Epicurus — What era is associated with Epicurus?,,Hellenistic philosophy,,,,Epicurus has era Hellenistic philosophy.,,Epicurus — Wikipedia permanent revision 1370940488,https://en.wikipedia.org/w/index.php?title=Epicurus&oldid=1370940488,CC-BY-SA-4.0,2026-08-26,untranslated,true
built-in-mythology-religion-philosophy-clue-0389,built-in-mythology-religion-philosophy,"Mythology, Religion, and Philosophy",built-in-mythology-religion-philosophy-set-075,board,round-one,4,hard,ancient-philosophy,"Mythology, Religion & Philosophy: Clever Roundup",,Zeno of Citium — Which region is associated with Zeno of Citium?,,Western philosophy,,,,Western philosophy is the region associated with Zeno of Citium.,,Zeno of Citium — Wikipedia permanent revision 1370888208,https://en.wikipedia.org/w/index.php?title=Zeno_of_Citium&oldid=1370888208,CC-BY-SA-4.0,2026-08-26,untranslated,true
built-in-mythology-religion-philosophy-clue-0395,built-in-mythology-religion-philosophy,"Mythology, Religion, and Philosophy",built-in-mythology-religion-philosophy-set-075,board,round-one,5,hard,ancient-philosophy,"Mythology, Religion & Philosophy: Clever Roundup",,Confucius — What school is associated with Confucius?,,Confucianism,,,,Confucius has school Confucianism.,,Confucius — Wikipedia permanent revision 1367464621,https://en.wikipedia.org/w/index.php?title=Confucius&oldid=1367464621,CC-BY-SA-4.0,2026-08-26,untranslated,true
built-in-mythology-religion-philosophy-clue-0376,built-in-mythology-religion-philosophy,"Mythology, Religion, and Philosophy",built-in-mythology-religion-philosophy-set-076,board,round-one,1,hard,ancient-philosophy,"Mythology, Religion & Philosophy: Clever Sampler",,Aristotle — When was Aristotle born?,,384 BC,,"Stagira, then part of the Chalcidian League",,Aristotle was born 384 BC.,,Aristotle — Wikipedia permanent revision 1369705411,https://en.wikipedia.org/w/index.php?title=Aristotle&oldid=1369705411,CC-BY-SA-4.0,2026-08-26,untranslated,true
built-in-mythology-religion-philosophy-clue-0382,built-in-mythology-religion-philosophy,"Mythology, Religion, and Philosophy",built-in-mythology-religion-philosophy-set-076,board,round-one,2,hard,ancient-philosophy,"Mythology, Religion & Philosophy: Clever Sampler",,Epicurus — When did Epicurus die?,,270 BC (aged about 72),,"Athens, Greece",,Epicurus died 270 BC (aged about 72).,,Epicurus — Wikipedia permanent revision 1370940488,https://en.wikipedia.org/w/index.php?title=Epicurus&oldid=1370940488,CC-BY-SA-4.0,2026-08-26,untranslated,true
built-in-mythology-religion-philosophy-clue-0388,built-in-mythology-religion-philosophy,"Mythology, Religion, and Philosophy",built-in-mythology-religion-philosophy-set-076,board,round-one,3,hard,ancient-philosophy,"Mythology, Religion & Philosophy: Clever Sampler",,Zeno of Citium — What era is associated with Zeno of Citium?,,Hellenistic philosophy,,,,Zeno of Citium has era Hellenistic philosophy.,,Zeno of Citium — Wikipedia permanent revision 1370888208,https://en.wikipedia.org/w/index.php?title=Zeno_of_Citium&oldid=1370888208,CC-BY-SA-4.0,2026-08-26,untranslated,true
built-in-mythology-religion-philosophy-clue-0394,built-in-mythology-religion-philosophy,"Mythology, Religion, and Philosophy",built-in-mythology-religion-philosophy-set-076,board,round-one,4,hard,ancient-philosophy,"Mythology, Religion & Philosophy: Clever Sampler",,Confucius — Which region is associated with Confucius?,,Chinese philosophy,,,,Chinese philosophy is the region associated with Confucius.,,Confucius — Wikipedia permanent revision 1367464621,https://en.wikipedia.org/w/index.php?title=Confucius&oldid=1367464621,CC-BY-SA-4.0,2026-08-26,untranslated,true
built-in-mythology-religion-philosophy-clue-0400,built-in-mythology-religion-philosophy,"Mythology, Religion, and Philosophy",built-in-mythology-religion-philosophy-set-076,board,round-one,5,hard,ancient-philosophy,"Mythology, Religion & Philosophy: Clever Sampler",,Laozi — What school is associated with Laozi?,,Taoism,,,,Laozi has school Taoism.,,Laozi — Wikipedia permanent revision 1370912889,https://en.wikipedia.org/w/index.php?title=Laozi&oldid=1370912889,CC-BY-SA-4.0,2026-08-26,untranslated,true
built-in-mythology-religion-philosophy-clue-0381,built-in-mythology-religion-philosophy,"Mythology, Religion, and Philosophy",built-in-mythology-religion-philosophy-set-077,board,round-one,1,hard,ancient-philosophy,"Mythology, Religion & Philosophy: Clever Potpourri",,Epicurus — When was Epicurus born?,,February 341 BC,,"Samos, Greece",,Epicurus was born February 341 BC.,,Epicurus — Wikipedia permanent revision 1370940488,https://en.wikipedia.org/w/index.php?title=Epicurus&oldid=1370940488,CC-BY-SA-4.0,2026-08-26,untranslated,true
built-in-mythology-religion-philosophy-clue-0387,built-in-mythology-religion-philosophy,"Mythology, Religion, and Philosophy",built-in-mythology-religion-philosophy-set-077,board,round-one,2,hard,ancient-philosophy,"Mythology, Religion & Philosophy: Clever Potpourri",,Zeno of Citium — When did Zeno of Citium die?,,c. 262 BC (aged c. 72),,Athens,,Zeno of Citium died c. 262 BC (aged c. 72).,,Zeno of Citium — Wikipedia permanent revision 1370888208,https://en.wikipedia.org/w/index.php?title=Zeno_of_Citium&oldid=1370888208,CC-BY-SA-4.0,2026-08-26,untranslated,true
built-in-mythology-religion-philosophy-clue-0393,built-in-mythology-religion-philosophy,"Mythology, Religion, and Philosophy",built-in-mythology-religion-philosophy-set-077,board,round-one,3,hard,ancient-philosophy,"Mythology, Religion & Philosophy: Clever Potpourri",,Confucius — What resting place is associated with Confucius?,,"Cemetery of Confucius, Lu",,,,"Confucius has resting place Cemetery of Confucius, Lu.",,Confucius — Wikipedia permanent revision 1367464621,https://en.wikipedia.org/w/index.php?title=Confucius&oldid=1367464621,CC-BY-SA-4.0,2026-08-26,untranslated,true
built-in-mythology-religion-philosophy-clue-0399,built-in-mythology-religion-philosophy,"Mythology, Religion, and Philosophy",built-in-mythology-religion-philosophy-set-077,board,round-one,4,hard,ancient-philosophy,"Mythology, Religion & Philosophy: Clever Potpourri",,Laozi — Which region is associated with Laozi?,,Chinese philosophy,,,,Chinese philosophy is the region associated with Laozi.,,Laozi — Wikipedia permanent revision 1370912889,https://en.wikipedia.org/w/index.php?title=Laozi&oldid=1370912889,CC-BY-SA-4.0,2026-08-26,untranslated,true
built-in-mythology-religion-philosophy-clue-0405,built-in-mythology-religion-philosophy,"Mythology, Religion, and Philosophy",built-in-mythology-religion-philosophy-set-077,board,round-one,5,hard,ancient-philosophy,"Mythology, Religion & Philosophy: Clever Potpourri",,Mozi — What school is associated with Mozi?,,Mohism,,,,Mozi has school Mohism.,,Mozi — Wikipedia permanent revision 1366588177,https://en.wikipedia.org/w/index.php?title=Mozi&oldid=1366588177,CC-BY-SA-4.0,2026-08-26,untranslated,true
built-in-mythology-religion-philosophy-clue-0386,built-in-mythology-religion-philosophy,"Mythology, Religion, and Philosophy",built-in-mythology-religion-philosophy-set-078,board,round-one,1,hard,ancient-philosophy,"Mythology, Religion & Philosophy: Clever Challenge",,Zeno of Citium — When was Zeno of Citium born?,,c. 334 BC,,"Citium, Classical Cyprus",,Zeno of Citium was born c. 334 BC.,,Zeno of Citium — Wikipedia permanent revision 1370888208,https://en.wikipedia.org/w/index.php?title=Zeno_of_Citium&oldid=1370888208,CC-BY-SA-4.0,2026-08-26,untranslated,true
built-in-mythology-religion-philosophy-clue-0392,built-in-mythology-religion-philosophy,"Mythology, Religion, and Philosophy",built-in-mythology-religion-philosophy-set-078,board,round-one,2,hard,ancient-philosophy,"Mythology, Religion & Philosophy: Clever Challenge",,Confucius — When did Confucius die?,,c. 479 BCE (aged 71–72),,"Si River, Lu",,Confucius died c. 479 BCE (aged 71–72).,,Confucius — Wikipedia permanent revision 1367464621,https://en.wikipedia.org/w/index.php?title=Confucius&oldid=1367464621,CC-BY-SA-4.0,2026-08-26,untranslated,true
built-in-mythology-religion-philosophy-clue-0398,built-in-mythology-religion-philosophy,"Mythology, Religion, and Philosophy",built-in-mythology-religion-philosophy-set-078,board,round-one,3,hard,ancient-philosophy,"Mythology, Religion & Philosophy: Clever Challenge",,Laozi — What era is associated with Laozi?,,Ancient philosophy,,,,Laozi has era Ancient philosophy.,,Laozi — Wikipedia permanent revision 1370912889,https://en.wikipedia.org/w/index.php?title=Laozi&oldid=1370912889,CC-BY-SA-4.0,2026-08-26,untranslated,true
built-in-mythology-religion-philosophy-clue-0404,built-in-mythology-religion-philosophy,"Mythology, Religion, and Philosophy",built-in-mythology-religion-philosophy-set-078,board,round-one,4,hard,ancient-philosophy,"Mythology, Religion & Philosophy: Clever Challenge",,Mozi — Which region is associated with Mozi?,,Chinese philosophy,,,,Chinese philosophy is the region associated with Mozi.,,Mozi — Wikipedia permanent revision 1366588177,https://en.wikipedia.org/w/index.php?title=Mozi&oldid=1366588177,CC-BY-SA-4.0,2026-08-26,untranslated,true
built-in-mythology-religion-philosophy-clue-0410,built-in-mythology-religion-philosophy,"Mythology, Religion, and Philosophy",built-in-mythology-religion-philosophy-set-078,board,round-one,5,hard,ancient-philosophy,"Mythology, Religion & Philosophy: Clever Challenge",,Seneca the Younger — What era is associated with Seneca the Younger?,,Hellenistic philosophy,,,,Seneca the Younger has era Hellenistic philosophy.,,Seneca the Younger — Wikipedia permanent revision 1370903983,https://en.wikipedia.org/w/index.php?title=Seneca_the_Younger&oldid=1370903983,CC-BY-SA-4.0,2026-08-26,untranslated,true
built-in-mythology-religion-philosophy-clue-0391,built-in-mythology-religion-philosophy,"Mythology, Religion, and Philosophy",built-in-mythology-religion-philosophy-set-079,board,round-one,1,hard,ancient-philosophy,"Mythology, Religion & Philosophy: Clever Quiz",,Confucius — When was Confucius born?,,Kong Qiu,,"c. 551 BCE;Zou, Lu (now Qufu, Shandong)",,Confucius was born Kong Qiu.,,Confucius — Wikipedia permanent revision 1367464621,https://en.wikipedia.org/w/index.php?title=Confucius&oldid=1367464621,CC-BY-SA-4.0,2026-08-26,untranslated,true
built-in-mythology-religion-philosophy-clue-0397,built-in-mythology-religion-philosophy,"Mythology, Religion, and Philosophy",built-in-mythology-religion-philosophy-set-079,board,round-one,2,hard,ancient-philosophy,"Mythology, Religion & Philosophy: Clever Quiz",,Laozi — When did Laozi die?,,trad. 5th century BC,,,,Laozi died trad. 5th century BC.,,Laozi — Wikipedia permanent revision 1370912889,https://en.wikipedia.org/w/index.php?title=Laozi&oldid=1370912889,CC-BY-SA-4.0,2026-08-26,untranslated,true
built-in-mythology-religion-philosophy-clue-0403,built-in-mythology-religion-philosophy,"Mythology, Religion, and Philosophy",built-in-mythology-religion-philosophy-set-079,board,round-one,3,hard,ancient-philosophy,"Mythology, Religion & Philosophy: Clever Quiz",,Mozi — What era is associated with Mozi?,,Ancient philosophy,,,,Mozi has era Ancient philosophy.,,Mozi — Wikipedia permanent revision 1366588177,https://en.wikipedia.org/w/index.php?title=Mozi&oldid=1366588177,CC-BY-SA-4.0,2026-08-26,untranslated,true
built-in-mythology-religion-philosophy-clue-0409,built-in-mythology-religion-philosophy,"Mythology, Religion, and Philosophy",built-in-mythology-religion-philosophy-set-079,board,round-one,4,hard,ancient-philosophy,"Mythology, Religion & Philosophy: Clever Quiz",,Seneca the Younger — What parent is associated with Seneca the Younger?,,Seneca the Elder (father),,,,Seneca the Younger has parent Seneca the Elder (father).,,Seneca the Younger — Wikipedia permanent revision 1370903983,https://en.wikipedia.org/w/index.php?title=Seneca_the_Younger&oldid=1370903983,CC-BY-SA-4.0,2026-08-26,untranslated,true
built-in-mythology-religion-philosophy-clue-0415,built-in-mythology-religion-philosophy,"Mythology, Religion, and Philosophy",built-in-mythology-religion-philosophy-set-079,board,round-one,5,hard,ancient-philosophy,"Mythology, Religion & Philosophy: Clever Quiz",,René Descartes — What thesis is associated with René Descartes?,,Theses ex utroque iure de Testamentis ordinandis (1616),,,,René Descartes has thesis Theses ex utroque iure de Testamentis ordinandis (1616).,,René Descartes — Wikipedia permanent revision 1371305740,https://en.wikipedia.org/w/index.php?title=Ren%C3%A9_Descartes&oldid=1371305740,CC-BY-SA-4.0,2026-08-26,untranslated,true
built-in-mythology-religion-philosophy-clue-0396,built-in-mythology-religion-philosophy,"Mythology, Religion, and Philosophy",built-in-mythology-religion-philosophy-set-080,board,round-one,1,hard,ancient-philosophy,"Mythology, Religion & Philosophy: Clever Odds & Ends",,Laozi — When was Laozi born?,,"trad. 6th century BC, sometimes dated 4th century BC",,"Quren Village, Chu (present-day Luyi, Henan)",,"Laozi was born trad. 6th century BC, sometimes dated 4th century BC.",,Laozi — Wikipedia permanent revision 1370912889,https://en.wikipedia.org/w/index.php?title=Laozi&oldid=1370912889,CC-BY-SA-4.0,2026-08-26,untranslated,true
built-in-mythology-religion-philosophy-clue-0402,built-in-mythology-religion-philosophy,"Mythology, Religion, and Philosophy",built-in-mythology-religion-philosophy-set-080,board,round-one,2,hard,ancient-philosophy,"Mythology, Religion & Philosophy: Clever Odds & Ends",,Mozi — When did Mozi die?,,c. 391 BCE (aged 79),,,,Mozi died c. 391 BCE (aged 79).,,Mozi — Wikipedia permanent revision 1366588177,https://en.wikipedia.org/w/index.php?title=Mozi&oldid=1366588177,CC-BY-SA-4.0,2026-08-26,untranslated,true
built-in-mythology-religion-philosophy-clue-0408,built-in-mythology-religion-philosophy,"Mythology, Religion, and Philosophy",built-in-mythology-religion-philosophy-set-080,board,round-one,3,hard,ancient-philosophy,"Mythology, Religion & Philosophy: Clever Odds & Ends",,Seneca the Younger — Give another name for Seneca the Younger.,,"Seneca the Younger, Seneca",,,,"Seneca the Younger, Seneca is another name for Seneca the Younger.",,Seneca the Younger — Wikipedia permanent revision 1370903983,https://en.wikipedia.org/w/index.php?title=Seneca_the_Younger&oldid=1370903983,CC-BY-SA-4.0,2026-08-26,untranslated,true
built-in-mythology-religion-philosophy-clue-0414,built-in-mythology-religion-philosophy,"Mythology, Religion, and Philosophy",built-in-mythology-religion-philosophy-set-080,board,round-one,4,hard,ancient-philosophy,"Mythology, Religion & Philosophy: Clever Odds & Ends",,René Descartes — Where was René Descartes educated?,,Jesuit College of La Flèche (1607–1614),,"University of Poitiers (LL.B., 1616);University of Franeker (attended);Leiden University (attended)",,René Descartes was educated at Jesuit College of La Flèche (1607–1614).,,René Descartes — Wikipedia permanent revision 1371305740,https://en.wikipedia.org/w/index.php?title=Ren%C3%A9_Descartes&oldid=1371305740,CC-BY-SA-4.0,2026-08-26,untranslated,true
built-in-mythology-religion-philosophy-clue-0335,built-in-mythology-religion-philosophy,"Mythology, Religion, and Philosophy",built-in-mythology-religion-philosophy-set-080,board,round-one,5,hard,ancient-philosophy,"Mythology, Religion & Philosophy: Clever Odds & Ends",,The Buddha — How many children does The Buddha have?,,Rāhula,,,,The Buddha has Rāhula.,,The Buddha — Wikipedia permanent revision 1371298843,https://en.wikipedia.org/w/index.php?title=The_Buddha&oldid=1371298843,CC-BY-SA-4.0,2026-08-26,untranslated,true
built-in-mythology-religion-philosophy-clue-0401,built-in-mythology-religion-philosophy,"Mythology, Religion, and Philosophy",built-in-mythology-religion-philosophy-set-081,board,round-one,1,hard,ancient-philosophy,"Mythology, Religion & Philosophy: Playful Mix",,Mozi — When was Mozi born?,,c. 470 BCE,,"Lu, Zhou dynasty (present-day Tengzhou, Shandong)",,Mozi was born c. 470 BCE.,,Mozi — Wikipedia permanent revision 1366588177,https://en.wikipedia.org/w/index.php?title=Mozi&oldid=1366588177,CC-BY-SA-4.0,2026-08-26,untranslated,true
built-in-mythology-religion-philosophy-clue-0407,built-in-mythology-religion-philosophy,"Mythology, Religion, and Philosophy",built-in-mythology-religion-philosophy-set-081,board,round-one,2,hard,ancient-philosophy,"Mythology, Religion & Philosophy: Playful Mix",,Seneca the Younger — When did Seneca the Younger die?,,AD 65 (aged 67–68),,"Rome, Roman Italy, Roman Empire",,Seneca the Younger died AD 65 (aged 67–68).,,Seneca the Younger — Wikipedia permanent revision 1370903983,https://en.wikipedia.org/w/index.php?title=Seneca_the_Younger&oldid=1370903983,CC-BY-SA-4.0,2026-08-26,untranslated,true
built-in-mythology-religion-philosophy-clue-0413,built-in-mythology-religion-philosophy,"Mythology, Religion, and Philosophy",built-in-mythology-religion-philosophy-set-081,board,round-one,3,hard,ancient-philosophy,"Mythology, Religion & Philosophy: Playful Mix",,René Descartes — How many children does René Descartes have?,,Francine,,,,René Descartes has Francine.,,René Descartes — Wikipedia permanent revision 1371305740,https://en.wikipedia.org/w/index.php?title=Ren%C3%A9_Descartes&oldid=1371305740,CC-BY-SA-4.0,2026-08-26,untranslated,true
built-in-mythology-religion-philosophy-clue-0334,built-in-mythology-religion-philosophy,"Mythology, Religion, and Philosophy",built-in-mythology-religion-philosophy-set-081,board,round-one,4,hard,ancient-philosophy,"Mythology, Religion & Philosophy: Playful Mix",,The Buddha — Whom did The Buddha marry?,,Yaśodharā,,,,Yaśodharā is the documented spouse of The Buddha.,,The Buddha — Wikipedia permanent revision 1371298843,https://en.wikipedia.org/w/index.php?title=The_Buddha&oldid=1371298843,CC-BY-SA-4.0,2026-08-26,untranslated,true
built-in-mythology-religion-philosophy-clue-0340,built-in-mythology-religion-philosophy,"Mythology, Religion, and Philosophy",built-in-mythology-religion-philosophy-set-081,board,round-one,5,hard,ancient-philosophy,"Mythology, Religion & Philosophy: Playful Mix",,Mahavira — What parents is associated with Mahavira?,,Siddhārtha (father),,Triśalā (mother),,Mahavira has parents Siddhārtha (father).,,Mahavira — Wikipedia permanent revision 1371013701,https://en.wikipedia.org/w/index.php?title=Mahavira&oldid=1371013701,CC-BY-SA-4.0,2026-08-26,untranslated,true
built-in-mythology-religion-philosophy-clue-0406,built-in-mythology-religion-philosophy,"Mythology, Religion, and Philosophy",built-in-mythology-religion-philosophy-set-082,board,round-one,1,hard,ancient-philosophy,"Mythology, Religion & Philosophy: Playful Medley",,Seneca the Younger — When was Seneca the Younger born?,,c. 4 BC,,"Corduba, Hispania Baetica, Roman Empire",,Seneca the Younger was born c. 4 BC.,,Seneca the Younger — Wikipedia permanent revision 1370903983,https://en.wikipedia.org/w/index.php?title=Seneca_the_Younger&oldid=1370903983,CC-BY-SA-4.0,2026-08-26,untranslated,true
built-in-mythology-religion-philosophy-clue-0412,built-in-mythology-religion-philosophy,"Mythology, Religion, and Philosophy",built-in-mythology-religion-philosophy-set-082,board,round-one,2,hard,ancient-philosophy,"Mythology, Religion & Philosophy: Playful Medley",,René Descartes — When did René Descartes die?,,11 February 1650(1650-02-11) (aged 53),,"Stockholm, Sweden",,René Descartes died 11 February 1650(1650-02-11) (aged 53).,,René Descartes — Wikipedia permanent revision 1371305740,https://en.wikipedia.org/w/index.php?title=Ren%C3%A9_Descartes&oldid=1371305740,CC-BY-SA-4.0,2026-08-26,untranslated,true
built-in-mythology-religion-philosophy-clue-0333,built-in-mythology-religion-philosophy,"Mythology, Religion, and Philosophy",built-in-mythology-religion-philosophy-set-082,board,round-one,3,hard,ancient-philosophy,"Mythology, Religion & Philosophy: Playful Medley",,The Buddha — What resting place is associated with The Buddha?,,Cremated,,ashes divided among followers,,The Buddha has resting place Cremated.,,The Buddha — Wikipedia permanent revision 1371298843,https://en.wikipedia.org/w/index.php?title=The_Buddha&oldid=1371298843,CC-BY-SA-4.0,2026-08-26,untranslated,true
built-in-mythology-religion-philosophy-clue-0339,built-in-mythology-religion-philosophy,"Mythology, Religion, and Philosophy",built-in-mythology-religion-philosophy-set-082,board,round-one,4,hard,ancient-philosophy,"Mythology, Religion & Philosophy: Playful Medley",,Mahavira — How many children does Mahavira have?,,1 (Śvetāmbara),,none (Digambara),,Mahavira has 1 (Śvetāmbara).,,Mahavira — Wikipedia permanent revision 1371013701,https://en.wikipedia.org/w/index.php?title=Mahavira&oldid=1371013701,CC-BY-SA-4.0,2026-08-26,untranslated,true
built-in-mythology-religion-philosophy-clue-0345,built-in-mythology-religion-philosophy,"Mythology, Religion, and Philosophy",built-in-mythology-religion-philosophy-set-082,board,round-one,5,hard,ancient-philosophy,"Mythology, Religion & Philosophy: Playful Medley",,Judaism — Which region is associated with Judaism?,,Israel and worldwide as minorities,,,,Israel and worldwide as minorities is the region associated with Judaism.,,Judaism — Wikipedia permanent revision 1371260825,https://en.wikipedia.org/w/index.php?title=Judaism&oldid=1371260825,CC-BY-SA-4.0,2026-08-26,untranslated,true
built-in-mythology-religion-philosophy-clue-0411,built-in-mythology-religion-philosophy,"Mythology, Religion, and Philosophy",built-in-mythology-religion-philosophy-set-083,board,round-one,1,hard,early-modern-philosophy,"Mythology, Religion & Philosophy: Playful Tour",,René Descartes — When was René Descartes born?,,31 March 1596 (1596-03-31),,"La Haye-en-Touraine, France",,René Descartes was born 31 March 1596 (1596-03-31).,,René Descartes — Wikipedia permanent revision 1371305740,https://en.wikipedia.org/w/index.php?title=Ren%C3%A9_Descartes&oldid=1371305740,CC-BY-SA-4.0,2026-08-26,untranslated,true
built-in-mythology-religion-philosophy-clue-0332,built-in-mythology-religion-philosophy,"Mythology, Religion, and Philosophy",built-in-mythology-religion-philosophy-set-083,board,round-one,2,hard,early-modern-philosophy,"Mythology, Religion & Philosophy: Playful Tour",,The Buddha — When did The Buddha die?,,c. 483 or 400 BCE (aged 80),,"Kushinagar, Malla Republic (according to Buddhist tradition)",,The Buddha died c. 483 or 400 BCE (aged 80).,,The Buddha — Wikipedia permanent revision 1371298843,https://en.wikipedia.org/w/index.php?title=The_Buddha&oldid=1371298843,CC-BY-SA-4.0,2026-08-26,untranslated,true
built-in-mythology-religion-philosophy-clue-0338,built-in-mythology-religion-philosophy,"Mythology, Religion, and Philosophy",built-in-mythology-religion-philosophy-set-083,board,round-one,3,hard,early-modern-philosophy,"Mythology, Religion & Philosophy: Playful Tour",,Mahavira — Whom did Mahavira marry?,,Yaśodā (Śvetāmbara),,Unmarried (Digambara),,Yaśodā (Śvetāmbara) is the documented spouse of Mahavira.,,Mahavira — Wikipedia permanent revision 1371013701,https://en.wikipedia.org/w/index.php?title=Mahavira&oldid=1371013701,CC-BY-SA-4.0,2026-08-26,untranslated,true
built-in-mythology-religion-philosophy-clue-0344,built-in-mythology-religion-philosophy,"Mythology, Religion, and Philosophy",built-in-mythology-religion-philosophy-set-083,board,round-one,4,hard,early-modern-philosophy,"Mythology, Religion & Philosophy: Playful Tour",,Judaism — What theology is associated with Judaism?,,Monotheistic,,,,Judaism has theology Monotheistic.,,Judaism — Wikipedia permanent revision 1371260825,https://en.wikipedia.org/w/index.php?title=Judaism&oldid=1371260825,CC-BY-SA-4.0,2026-08-26,untranslated,true
built-in-mythology-religion-philosophy-clue-0350,built-in-mythology-religion-philosophy,"Mythology, Religion, and Philosophy",built-in-mythology-religion-philosophy-set-083,board,round-one,5,hard,early-modern-philosophy,"Mythology, Religion & Philosophy: Playful Tour",,Sikhism — Which region is associated with Sikhism?,,"Predominant religion in Punjab, India (58%), and widespread worldwide as minorities (Sikh diaspora)",,,,"Predominant religion in Punjab, India (58%), and widespread worldwide as minorities (Sikh diaspora) is the region associated with Sikhism.",,Sikhism — Wikipedia permanent revision 1370198145,https://en.wikipedia.org/w/index.php?title=Sikhism&oldid=1370198145,CC-BY-SA-4.0,2026-08-26,untranslated,true
built-in-mythology-religion-philosophy-clue-0416,built-in-mythology-religion-philosophy,"Mythology, Religion, and Philosophy",built-in-mythology-religion-philosophy-set-084,board,round-two,1,hard,early-modern-philosophy,"Mythology, Religion & Philosophy: Playful Grab Bag",,Baruch Spinoza — When was Baruch Spinoza born?,,Baruch Espinosa /,,"Bento de Spinosa;(1632-11-24)24 November 1632;Amsterdam, Dutch Republic",,Baruch Spinoza was born Baruch Espinosa /.,,Baruch Spinoza — Wikipedia permanent revision 1371321068,https://en.wikipedia.org/w/index.php?title=Baruch_Spinoza&oldid=1371321068,CC-BY-SA-4.0,2026-08-26,untranslated,true
built-in-mythology-religion-philosophy-clue-0422,built-in-mythology-religion-philosophy,"Mythology, Religion, and Philosophy",built-in-mythology-religion-philosophy-set-084,board,round-two,2,hard,early-modern-philosophy,"Mythology, Religion & Philosophy: Playful Grab Bag",,"John Locke — In 2026, what preceded by is associated with John Locke?",,Position established,,,,John Locke has preceded by Position established.,,John Locke — Wikipedia permanent revision 1371118624,https://en.wikipedia.org/w/index.php?title=John_Locke&oldid=1371118624,CC-BY-SA-4.0,2026-08-26,untranslated,true
built-in-mythology-religion-philosophy-clue-0428,built-in-mythology-religion-philosophy,"Mythology, Religion, and Philosophy",built-in-mythology-religion-philosophy-set-084,board,round-two,3,hard,early-modern-philosophy,"Mythology, Religion & Philosophy: Playful Grab Bag",,Gottfried Wilhelm Leibniz — What father is associated with Gottfried Wilhelm Leibniz?,,Friedrich Leibniz,,,,Gottfried Wilhelm Leibniz has father Friedrich Leibniz.,,Gottfried Wilhelm Leibniz — Wikipedia permanent revision 1371249839,https://en.wikipedia.org/w/index.php?title=Gottfried_Wilhelm_Leibniz&oldid=1371249839,CC-BY-SA-4.0,2026-08-26,untranslated,true
built-in-mythology-religion-philosophy-clue-0434,built-in-mythology-religion-philosophy,"Mythology, Religion, and Philosophy",built-in-mythology-religion-philosophy-set-084,board,round-two,4,hard,early-modern-philosophy,"Mythology, Religion & Philosophy: Playful Grab Bag",,David Hume — What era is associated with David Hume?,,Enlightenment,,,,David Hume has era Enlightenment.,,David Hume — Wikipedia permanent revision 1371250540,https://en.wikipedia.org/w/index.php?title=David_Hume&oldid=1371250540,CC-BY-SA-4.0,2026-08-26,untranslated,true
built-in-mythology-religion-philosophy-clue-0440,built-in-mythology-religion-philosophy,"Mythology, Religion, and Philosophy",built-in-mythology-religion-philosophy-set-084,board,round-two,5,hard,early-modern-philosophy,"Mythology, Religion & Philosophy: Playful Grab Bag",,Jean-Jacques Rousseau — Which region is associated with Jean-Jacques Rousseau?,,Western philosophy,,,,Western philosophy is the region associated with Jean-Jacques Rousseau.,,Jean-Jacques Rousseau — Wikipedia permanent revision 1371041515,https://en.wikipedia.org/w/index.php?title=Jean-Jacques_Rousseau&oldid=1371041515,CC-BY-SA-4.0,2026-08-26,untranslated,true
built-in-mythology-religion-philosophy-clue-0421,built-in-mythology-religion-philosophy,"Mythology, Religion, and Philosophy",built-in-mythology-religion-philosophy-set-085,board,round-two,1,hard,early-modern-philosophy,"Mythology, Religion & Philosophy: Playful Roundup",,John Locke — What appointed by is associated with John Locke?,,William III,,,,John Locke has appointed by William III.,,John Locke — Wikipedia permanent revision 1371118624,https://en.wikipedia.org/w/index.php?title=John_Locke&oldid=1371118624,CC-BY-SA-4.0,2026-08-26,untranslated,true
built-in-mythology-religion-philosophy-clue-0427,built-in-mythology-religion-philosophy,"Mythology, Religion, and Philosophy",built-in-mythology-religion-philosophy-set-085,board,round-two,2,hard,early-modern-philosophy,"Mythology, Religion & Philosophy: Playful Roundup",,Gottfried Wilhelm Leibniz — When did Gottfried Wilhelm Leibniz die?,,14 November 1716(1716-11-14) (aged 70),,"Hanover, Electorate of Hanover",,Gottfried Wilhelm Leibniz died 14 November 1716(1716-11-14) (aged 70).,,Gottfried Wilhelm Leibniz — Wikipedia permanent revision 1371249839,https://en.wikipedia.org/w/index.php?title=Gottfried_Wilhelm_Leibniz&oldid=1371249839,CC-BY-SA-4.0,2026-08-26,untranslated,true
built-in-mythology-religion-philosophy-clue-0433,built-in-mythology-religion-philosophy,"Mythology, Religion, and Philosophy",built-in-mythology-religion-philosophy-set-085,board,round-two,3,hard,early-modern-philosophy,"Mythology, Religion & Philosophy: Playful Roundup",,David Hume — Where was David Hume educated?,,University of Edinburgh (attended),,,,David Hume was educated at University of Edinburgh (attended).,,David Hume — Wikipedia permanent revision 1371250540,https://en.wikipedia.org/w/index.php?title=David_Hume&oldid=1371250540,CC-BY-SA-4.0,2026-08-26,untranslated,true
built-in-mythology-religion-philosophy-clue-0439,built-in-mythology-religion-philosophy,"Mythology, Religion, and Philosophy",built-in-mythology-religion-philosophy-set-085,board,round-two,4,hard,early-modern-philosophy,"Mythology, Religion & Philosophy: Playful Roundup",,Jean-Jacques Rousseau — What era is associated with Jean-Jacques Rousseau?,,Age of Enlightenment,,(early modern philosophy),,Jean-Jacques Rousseau has era Age of Enlightenment.,,Jean-Jacques Rousseau — Wikipedia permanent revision 1371041515,https://en.wikipedia.org/w/index.php?title=Jean-Jacques_Rousseau&oldid=1371041515,CC-BY-SA-4.0,2026-08-26,untranslated,true
built-in-mythology-religion-philosophy-clue-0445,built-in-mythology-religion-philosophy,"Mythology, Religion, and Philosophy",built-in-mythology-religion-philosophy-set-085,board,round-two,5,hard,early-modern-philosophy,"Mythology, Religion & Philosophy: Playful Roundup",,Immanuel Kant — What academic advisors is associated with Immanuel Kant?,,Martin Knutzen,,J. G. Teske,,Immanuel Kant has academic advisors Martin Knutzen.,,Immanuel Kant — Wikipedia permanent revision 1370205558,https://en.wikipedia.org/w/index.php?title=Immanuel_Kant&oldid=1370205558,CC-BY-SA-4.0,2026-08-26,untranslated,true
built-in-mythology-religion-philosophy-clue-0426,built-in-mythology-religion-philosophy,"Mythology, Religion, and Philosophy",built-in-mythology-religion-philosophy-set-086,board,round-two,1,hard,early-modern-philosophy,"Mythology, Religion & Philosophy: Playful Sampler",,Gottfried Wilhelm Leibniz — When was Gottfried Wilhelm Leibniz born?,,1 July 1646,,"Leipzig, Electorate of Saxony",,Gottfried Wilhelm Leibniz was born 1 July 1646.,,Gottfried Wilhelm Leibniz — Wikipedia permanent revision 1371249839,https://en.wikipedia.org/w/index.php?title=Gottfried_Wilhelm_Leibniz&oldid=1371249839,CC-BY-SA-4.0,2026-08-26,untranslated,true
built-in-mythology-religion-philosophy-clue-0432,built-in-mythology-religion-philosophy,"Mythology, Religion, and Philosophy",built-in-mythology-religion-philosophy-set-086,board,round-two,2,hard,early-modern-philosophy,"Mythology, Religion & Philosophy: Playful Sampler",,David Hume — When did David Hume die?,,25 August 1776(1776-08-25) (aged 65),,"New Town, Edinburgh, Scotland",,David Hume died 25 August 1776(1776-08-25) (aged 65).,,David Hume — Wikipedia permanent revision 1371250540,https://en.wikipedia.org/w/index.php?title=David_Hume&oldid=1371250540,CC-BY-SA-4.0,2026-08-26,untranslated,true
built-in-mythology-religion-philosophy-clue-0438,built-in-mythology-religion-philosophy,"Mythology, Religion, and Philosophy",built-in-mythology-religion-philosophy-set-086,board,round-two,3,hard,early-modern-philosophy,"Mythology, Religion & Philosophy: Playful Sampler",,Jean-Jacques Rousseau — What partner is associated with Jean-Jacques Rousseau?,,Thérèse Levasseur (1745–1778),,,,Jean-Jacques Rousseau has partner Thérèse Levasseur (1745–1778).,,Jean-Jacques Rousseau — Wikipedia permanent revision 1371041515,https://en.wikipedia.org/w/index.php?title=Jean-Jacques_Rousseau&oldid=1371041515,CC-BY-SA-4.0,2026-08-26,untranslated,true
built-in-mythology-religion-philosophy-clue-0444,built-in-mythology-religion-philosophy,"Mythology, Religion, and Philosophy",built-in-mythology-religion-philosophy-set-086,board,round-two,4,hard,early-modern-philosophy,"Mythology, Religion & Philosophy: Playful Sampler",,Immanuel Kant — What theses is associated with Immanuel Kant?,,New Elucidation of the First Principles of Metaphysical Cognition (September 1755),,On the Form and Principles of the Sensible and Intelligible Worlds (August 1770),,Immanuel Kant has theses New Elucidation of the First Principles of Metaphysical Cognition (September 1755).,,Immanuel Kant — Wikipedia permanent revision 1370205558,https://en.wikipedia.org/w/index.php?title=Immanuel_Kant&oldid=1370205558,CC-BY-SA-4.0,2026-08-26,untranslated,true
built-in-mythology-religion-philosophy-clue-0450,built-in-mythology-religion-philosophy,"Mythology, Religion, and Philosophy",built-in-mythology-religion-philosophy-set-086,board,round-two,5,hard,early-modern-philosophy,"Mythology, Religion & Philosophy: Playful Sampler",,Thomas Hobbes — Which region is associated with Thomas Hobbes?,,Western philosophy,,,,Western philosophy is the region associated with Thomas Hobbes.,,Thomas Hobbes — Wikipedia permanent revision 1369211260,https://en.wikipedia.org/w/index.php?title=Thomas_Hobbes&oldid=1369211260,CC-BY-SA-4.0,2026-08-26,untranslated,true
built-in-mythology-religion-philosophy-clue-0431,built-in-mythology-religion-philosophy,"Mythology, Religion, and Philosophy",built-in-mythology-religion-philosophy-set-087,board,round-two,1,hard,early-modern-philosophy,"Mythology, Religion & Philosophy: Playful Potpourri",,David Hume — When was David Hume born?,,David Home,,"7 May 1711;Lawnmarket, Edinburgh, Scotland",,David Hume was born David Home.,,David Hume — Wikipedia permanent revision 1371250540,https://en.wikipedia.org/w/index.php?title=David_Hume&oldid=1371250540,CC-BY-SA-4.0,2026-08-26,untranslated,true
built-in-mythology-religion-philosophy-clue-0437,built-in-mythology-religion-philosophy,"Mythology, Religion, and Philosophy",built-in-mythology-religion-philosophy-set-087,board,round-two,2,hard,early-modern-philosophy,"Mythology, Religion & Philosophy: Playful Potpourri",,Jean-Jacques Rousseau — When did Jean-Jacques Rousseau die?,,2 July 1778(1778-07-02) (aged 66),,"Ermenonville, Picardy, Kingdom of France",,Jean-Jacques Rousseau died 2 July 1778(1778-07-02) (aged 66).,,Jean-Jacques Rousseau — Wikipedia permanent revision 1371041515,https://en.wikipedia.org/w/index.php?title=Jean-Jacques_Rousseau&oldid=1371041515,CC-BY-SA-4.0,2026-08-26,untranslated,true
built-in-mythology-religion-philosophy-clue-0443,built-in-mythology-religion-philosophy,"Mythology, Religion, and Philosophy",built-in-mythology-religion-philosophy-set-087,board,round-two,3,hard,early-modern-philosophy,"Mythology, Religion & Philosophy: Playful Potpourri",,Immanuel Kant — Where was Immanuel Kant educated?,,Collegium Fridericianum,,"University of Königsberg (M.A./PhD, 1755; Dr. phil. hab., 1756; PhD, 1770)",,Immanuel Kant was educated at Collegium Fridericianum.,,Immanuel Kant — Wikipedia permanent revision 1370205558,https://en.wikipedia.org/w/index.php?title=Immanuel_Kant&oldid=1370205558,CC-BY-SA-4.0,2026-08-26,untranslated,true
built-in-mythology-religion-philosophy-clue-0449,built-in-mythology-religion-philosophy,"Mythology, Religion, and Philosophy",built-in-mythology-religion-philosophy-set-087,board,round-two,4,hard,early-modern-philosophy,"Mythology, Religion & Philosophy: Playful Potpourri",,Thomas Hobbes — What era is associated with Thomas Hobbes?,,17th-century philosophy,,,,Thomas Hobbes has era 17th-century philosophy.,,Thomas Hobbes — Wikipedia permanent revision 1369211260,https://en.wikipedia.org/w/index.php?title=Thomas_Hobbes&oldid=1369211260,CC-BY-SA-4.0,2026-08-26,untranslated,true
built-in-mythology-religion-philosophy-clue-0455,built-in-mythology-religion-philosophy,"Mythology, Religion, and Philosophy",built-in-mythology-religion-philosophy-set-087,board,round-two,5,hard,early-modern-philosophy,"Mythology, Religion & Philosophy: Playful Potpourri",,Francis Bacon — When did Francis Bacon die?,,9 April 1626(1626-04-09) (aged 65),,"Highgate, Middlesex, England",,Francis Bacon died 9 April 1626(1626-04-09) (aged 65).,,Francis Bacon — Wikipedia permanent revision 1371134182,https://en.wikipedia.org/w/index.php?title=Francis_Bacon&oldid=1371134182,CC-BY-SA-4.0,2026-08-26,untranslated,true
built-in-mythology-religion-philosophy-clue-0436,built-in-mythology-religion-philosophy,"Mythology, Religion, and Philosophy",built-in-mythology-religion-philosophy-set-088,board,round-two,1,hard,early-modern-philosophy,"Mythology, Religion & Philosophy: Playful Challenge",,Jean-Jacques Rousseau — When was Jean-Jacques Rousseau born?,,28 June 1712,,"Geneva, Republic of Geneva",,Jean-Jacques Rousseau was born 28 June 1712.,,Jean-Jacques Rousseau — Wikipedia permanent revision 1371041515,https://en.wikipedia.org/w/index.php?title=Jean-Jacques_Rousseau&oldid=1371041515,CC-BY-SA-4.0,2026-08-26,untranslated,true
built-in-mythology-religion-philosophy-clue-0442,built-in-mythology-religion-philosophy,"Mythology, Religion, and Philosophy",built-in-mythology-religion-philosophy-set-088,board,round-two,2,hard,early-modern-philosophy,"Mythology, Religion & Philosophy: Playful Challenge",,Immanuel Kant — When did Immanuel Kant die?,,12 February 1804(1804-02-12) (aged 79),,"Königsberg, Prussia",,Immanuel Kant died 12 February 1804(1804-02-12) (aged 79).,,Immanuel Kant — Wikipedia permanent revision 1370205558,https://en.wikipedia.org/w/index.php?title=Immanuel_Kant&oldid=1370205558,CC-BY-SA-4.0,2026-08-26,untranslated,true
built-in-mythology-religion-philosophy-clue-0448,built-in-mythology-religion-philosophy,"Mythology, Religion, and Philosophy",built-in-mythology-religion-philosophy-set-088,board,round-two,3,hard,early-modern-philosophy,"Mythology, Religion & Philosophy: Playful Challenge",,Thomas Hobbes — Where was Thomas Hobbes educated?,,"Magdalen Hall, Oxford",,"St John's College, Cambridge (BA)",,"Thomas Hobbes was educated at Magdalen Hall, Oxford.",,Thomas Hobbes — Wikipedia permanent revision 1369211260,https://en.wikipedia.org/w/index.php?title=Thomas_Hobbes&oldid=1369211260,CC-BY-SA-4.0,2026-08-26,untranslated,true
built-in-mythology-religion-philosophy-clue-0454,built-in-mythology-religion-philosophy,"Mythology, Religion, and Philosophy",built-in-mythology-religion-philosophy-set-088,board,round-two,4,hard,early-modern-philosophy,"Mythology, Religion & Philosophy: Playful Challenge",,Francis Bacon — When was Francis Bacon born?,,22 January 1561,,"The Strand, London, England",,Francis Bacon was born 22 January 1561.,,Francis Bacon — Wikipedia permanent revision 1371134182,https://en.wikipedia.org/w/index.php?title=Francis_Bacon&oldid=1371134182,CC-BY-SA-4.0,2026-08-26,untranslated,true
built-in-mythology-religion-philosophy-clue-0460,built-in-mythology-religion-philosophy,"Mythology, Religion, and Philosophy",built-in-mythology-religion-philosophy-set-088,board,round-two,5,hard,early-modern-philosophy,"Mythology, Religion & Philosophy: Playful Challenge",,Friedrich Nietzsche — What era is associated with Friedrich Nietzsche?,,19th-century philosophy,,,,Friedrich Nietzsche has era 19th-century philosophy.,,Friedrich Nietzsche — Wikipedia permanent revision 1370691868,https://en.wikipedia.org/w/index.php?title=Friedrich_Nietzsche&oldid=1370691868,CC-BY-SA-4.0,2026-08-26,untranslated,true
built-in-mythology-religion-philosophy-clue-0441,built-in-mythology-religion-philosophy,"Mythology, Religion, and Philosophy",built-in-mythology-religion-philosophy-set-089,board,round-two,1,hard,early-modern-philosophy,"Mythology, Religion & Philosophy: Playful Quiz",,Immanuel Kant — When was Immanuel Kant born?,,Emanuel Kant,,"(1724-04-22)22 April 1724;Königsberg, Prussia",,Immanuel Kant was born Emanuel Kant.,,Immanuel Kant — Wikipedia permanent revision 1370205558,https://en.wikipedia.org/w/index.php?title=Immanuel_Kant&oldid=1370205558,CC-BY-SA-4.0,2026-08-26,untranslated,true
built-in-mythology-religion-philosophy-clue-0447,built-in-mythology-religion-philosophy,"Mythology, Religion, and Philosophy",built-in-mythology-religion-philosophy-set-089,board,round-two,2,hard,early-modern-philosophy,"Mythology, Religion & Philosophy: Playful Quiz",,Thomas Hobbes — When did Thomas Hobbes die?,,4 December 1679(1679-12-04) (aged 91),,"Ault Hucknall, Derbyshire, England",,Thomas Hobbes died 4 December 1679(1679-12-04) (aged 91).,,Thomas Hobbes — Wikipedia permanent revision 1369211260,https://en.wikipedia.org/w/index.php?title=Thomas_Hobbes&oldid=1369211260,CC-BY-SA-4.0,2026-08-26,untranslated,true
built-in-mythology-religion-philosophy-clue-0453,built-in-mythology-religion-philosophy,"Mythology, Religion, and Philosophy",built-in-mythology-religion-philosophy-set-089,board,round-two,3,hard,early-modern-philosophy,"Mythology, Religion & Philosophy: Playful Quiz",,Francis Bacon — What succeeded by is associated with Francis Bacon?,,John Williams,,,,Francis Bacon has succeeded by John Williams.,,Francis Bacon — Wikipedia permanent revision 1371134182,https://en.wikipedia.org/w/index.php?title=Francis_Bacon&oldid=1371134182,CC-BY-SA-4.0,2026-08-26,untranslated,true
built-in-mythology-religion-philosophy-clue-0459,built-in-mythology-religion-philosophy,"Mythology, Religion, and Philosophy",built-in-mythology-religion-philosophy-set-089,board,round-two,4,hard,early-modern-philosophy,"Mythology, Religion & Philosophy: Playful Quiz",,Friedrich Nietzsche — Where was Friedrich Nietzsche educated?,,University of Bonn,,Leipzig University,,Friedrich Nietzsche was educated at University of Bonn.,,Friedrich Nietzsche — Wikipedia permanent revision 1370691868,https://en.wikipedia.org/w/index.php?title=Friedrich_Nietzsche&oldid=1370691868,CC-BY-SA-4.0,2026-08-26,untranslated,true
built-in-mythology-religion-philosophy-clue-0465,built-in-mythology-religion-philosophy,"Mythology, Religion, and Philosophy",built-in-mythology-religion-philosophy-set-089,board,round-two,5,hard,early-modern-philosophy,"Mythology, Religion & Philosophy: Playful Quiz",,Søren Kierkegaard — What era is associated with Søren Kierkegaard?,,19th-century philosophy,,,,Søren Kierkegaard has era 19th-century philosophy.,,Søren Kierkegaard — Wikipedia permanent revision 1370545815,https://en.wikipedia.org/w/index.php?title=S%C3%B8ren_Kierkegaard&oldid=1370545815,CC-BY-SA-4.0,2026-08-26,untranslated,true
built-in-mythology-religion-philosophy-clue-0446,built-in-mythology-religion-philosophy,"Mythology, Religion, and Philosophy",built-in-mythology-religion-philosophy-set-090,board,round-two,1,hard,early-modern-philosophy,"Mythology, Religion & Philosophy: Playful Odds & Ends",,Thomas Hobbes — When was Thomas Hobbes born?,,5 April 1588,,"Westport, Wiltshire, England",,Thomas Hobbes was born 5 April 1588.,,Thomas Hobbes — Wikipedia permanent revision 1369211260,https://en.wikipedia.org/w/index.php?title=Thomas_Hobbes&oldid=1369211260,CC-BY-SA-4.0,2026-08-26,untranslated,true
built-in-mythology-religion-philosophy-clue-0452,built-in-mythology-religion-philosophy,"Mythology, Religion, and Philosophy",built-in-mythology-religion-philosophy-set-090,board,round-two,2,hard,early-modern-philosophy,"Mythology, Religion & Philosophy: Playful Odds & Ends",,"Francis Bacon — In 2026, what preceded by is associated with Francis Bacon?",,Sir Thomas Egerton,,,,Francis Bacon has preceded by Sir Thomas Egerton.,,Francis Bacon — Wikipedia permanent revision 1371134182,https://en.wikipedia.org/w/index.php?title=Francis_Bacon&oldid=1371134182,CC-BY-SA-4.0,2026-08-26,untranslated,true
built-in-mythology-religion-philosophy-clue-0458,built-in-mythology-religion-philosophy,"Mythology, Religion, and Philosophy",built-in-mythology-religion-philosophy-set-090,board,round-two,3,hard,early-modern-philosophy,"Mythology, Religion & Philosophy: Playful Odds & Ends",,Friedrich Nietzsche — What resting place is associated with Friedrich Nietzsche?,,Röcken Churchyard,,,,Friedrich Nietzsche has resting place Röcken Churchyard.,,Friedrich Nietzsche — Wikipedia permanent revision 1370691868,https://en.wikipedia.org/w/index.php?title=Friedrich_Nietzsche&oldid=1370691868,CC-BY-SA-4.0,2026-08-26,untranslated,true
built-in-mythology-religion-philosophy-clue-0464,built-in-mythology-religion-philosophy,"Mythology, Religion, and Philosophy",built-in-mythology-religion-philosophy-set-090,board,round-two,4,hard,early-modern-philosophy,"Mythology, Religion & Philosophy: Playful Odds & Ends",,Søren Kierkegaard — Where was Søren Kierkegaard educated?,,University of Copenhagen (1841),,,,Søren Kierkegaard was educated at University of Copenhagen (1841).,,Søren Kierkegaard — Wikipedia permanent revision 1370545815,https://en.wikipedia.org/w/index.php?title=S%C3%B8ren_Kierkegaard&oldid=1370545815,CC-BY-SA-4.0,2026-08-26,untranslated,true
built-in-mythology-religion-philosophy-clue-0470,built-in-mythology-religion-philosophy,"Mythology, Religion, and Philosophy",built-in-mythology-religion-philosophy-set-090,board,round-two,5,hard,early-modern-philosophy,"Mythology, Religion & Philosophy: Playful Odds & Ends",,Hannah Arendt — Who was Hannah Arendt's doctoral adviser?,,Karl Jaspers,,,,Hannah Arendt's doctoral adviser was Karl Jaspers.,,Hannah Arendt — Wikipedia permanent revision 1371098869,https://en.wikipedia.org/w/index.php?title=Hannah_Arendt&oldid=1371098869,CC-BY-SA-4.0,2026-08-26,untranslated,true
built-in-mythology-religion-philosophy-clue-0451,built-in-mythology-religion-philosophy,"Mythology, Religion, and Philosophy",built-in-mythology-religion-philosophy-set-091,board,round-two,1,hard,early-modern-philosophy,"Mythology, Religion & Philosophy: Mixed Mix",,Francis Bacon — What monarch is associated with Francis Bacon?,,James I,,,,Francis Bacon has monarch James I.,,Francis Bacon — Wikipedia permanent revision 1371134182,https://en.wikipedia.org/w/index.php?title=Francis_Bacon&oldid=1371134182,CC-BY-SA-4.0,2026-08-26,untranslated,true
built-in-mythology-religion-philosophy-clue-0457,built-in-mythology-religion-philosophy,"Mythology, Religion, and Philosophy",built-in-mythology-religion-philosophy-set-091,board,round-two,2,hard,early-modern-philosophy,"Mythology, Religion & Philosophy: Mixed Mix",,Friedrich Nietzsche — When did Friedrich Nietzsche die?,,25 August 1900(1900-08-25) (aged 55),,"Weimar, Germany",,Friedrich Nietzsche died 25 August 1900(1900-08-25) (aged 55).,,Friedrich Nietzsche — Wikipedia permanent revision 1370691868,https://en.wikipedia.org/w/index.php?title=Friedrich_Nietzsche&oldid=1370691868,CC-BY-SA-4.0,2026-08-26,untranslated,true
built-in-mythology-religion-philosophy-clue-0463,built-in-mythology-religion-philosophy,"Mythology, Religion, and Philosophy",built-in-mythology-religion-philosophy-set-091,board,round-two,3,hard,early-modern-philosophy,"Mythology, Religion & Philosophy: Mixed Mix",,Søren Kierkegaard — What partner is associated with Søren Kierkegaard?,,Regine Olsen (1840–1841),,,,Søren Kierkegaard has partner Regine Olsen (1840–1841).,,Søren Kierkegaard — Wikipedia permanent revision 1370545815,https://en.wikipedia.org/w/index.php?title=S%C3%B8ren_Kierkegaard&oldid=1370545815,CC-BY-SA-4.0,2026-08-26,untranslated,true
built-in-mythology-religion-philosophy-clue-0469,built-in-mythology-religion-philosophy,"Mythology, Religion, and Philosophy",built-in-mythology-religion-philosophy-set-091,board,round-two,4,hard,early-modern-philosophy,"Mythology, Religion & Philosophy: Mixed Mix",,Hannah Arendt — Which philosophical era is associated with Hannah Arendt?,,20th-century philosophy,,,,Hannah Arendt's era is listed as 20th-century philosophy.,,Hannah Arendt — Wikipedia permanent revision 1371098869,https://en.wikipedia.org/w/index.php?title=Hannah_Arendt&oldid=1371098869,CC-BY-SA-4.0,2026-08-26,untranslated,true
built-in-mythology-religion-philosophy-clue-0475,built-in-mythology-religion-philosophy,"Mythology, Religion, and Philosophy",built-in-mythology-religion-philosophy-set-091,board,round-two,5,hard,early-modern-philosophy,"Mythology, Religion & Philosophy: Mixed Mix",,John Stuart Mill — What party is associated with John Stuart Mill?,,Liberal,,,,John Stuart Mill has party Liberal.,,John Stuart Mill — Wikipedia permanent revision 1369873409,https://en.wikipedia.org/w/index.php?title=John_Stuart_Mill&oldid=1369873409,CC-BY-SA-4.0,2026-08-26,untranslated,true
built-in-mythology-religion-philosophy-clue-0456,built-in-mythology-religion-philosophy,"Mythology, Religion, and Philosophy",built-in-mythology-religion-philosophy-set-092,board,round-two,1,hard,modern-philosophy,"Mythology, Religion & Philosophy: Mixed Medley",,Friedrich Nietzsche — When was Friedrich Nietzsche born?,,Friedrich Wilhelm Nietzsche,,"(1844-10-15)15 October 1844;Röcken, Prussia",,Friedrich Nietzsche was born Friedrich Wilhelm Nietzsche.,,Friedrich Nietzsche — Wikipedia permanent revision 1370691868,https://en.wikipedia.org/w/index.php?title=Friedrich_Nietzsche&oldid=1370691868,CC-BY-SA-4.0,2026-08-26,untranslated,true
built-in-mythology-religion-philosophy-clue-0462,built-in-mythology-religion-philosophy,"Mythology, Religion, and Philosophy",built-in-mythology-religion-philosophy-set-092,board,round-two,2,hard,modern-philosophy,"Mythology, Religion & Philosophy: Mixed Medley",,Søren Kierkegaard — When did Søren Kierkegaard die?,,11 November 1855(1855-11-11) (aged 42),,"Copenhagen, Denmark",,Søren Kierkegaard died 11 November 1855(1855-11-11) (aged 42).,,Søren Kierkegaard — Wikipedia permanent revision 1370545815,https://en.wikipedia.org/w/index.php?title=S%C3%B8ren_Kierkegaard&oldid=1370545815,CC-BY-SA-4.0,2026-08-26,untranslated,true
built-in-mythology-religion-philosophy-clue-0468,built-in-mythology-religion-philosophy,"Mythology, Religion, and Philosophy",built-in-mythology-religion-philosophy-set-092,board,round-two,3,hard,modern-philosophy,"Mythology, Religion & Philosophy: Mixed Medley",,Hannah Arendt — Where is Hannah Arendt buried?,,Bard College,,,,Hannah Arendt is buried at Bard College.,,Hannah Arendt — Wikipedia permanent revision 1371098869,https://en.wikipedia.org/w/index.php?title=Hannah_Arendt&oldid=1371098869,CC-BY-SA-4.0,2026-08-26,untranslated,true
built-in-mythology-religion-philosophy-clue-0474,built-in-mythology-religion-philosophy,"Mythology, Religion, and Philosophy",built-in-mythology-religion-philosophy-set-092,board,round-two,4,hard,modern-philosophy,"Mythology, Religion & Philosophy: Mixed Medley",,John Stuart Mill — When did John Stuart Mill die?,,7 May 1873(1873-05-07) (aged 66),,"Avignon, Vaucluse, France",,John Stuart Mill died 7 May 1873(1873-05-07) (aged 66).,,John Stuart Mill — Wikipedia permanent revision 1369873409,https://en.wikipedia.org/w/index.php?title=John_Stuart_Mill&oldid=1369873409,CC-BY-SA-4.0,2026-08-26,untranslated,true
built-in-mythology-religion-philosophy-clue-0480,built-in-mythology-religion-philosophy,"Mythology, Religion, and Philosophy",built-in-mythology-religion-philosophy-set-092,board,round-two,5,hard,modern-philosophy,"Mythology, Religion & Philosophy: Mixed Medley",,Martin Heidegger — What partners is associated with Martin Heidegger?,,Elisabeth Blochmann,,(1918–1969);Hannah Arendt;(1924–1928),,Martin Heidegger has partners Elisabeth Blochmann.,,Martin Heidegger — Wikipedia permanent revision 1370559916,https://en.wikipedia.org/w/index.php?title=Martin_Heidegger&oldid=1370559916,CC-BY-SA-4.0,2026-08-26,untranslated,true
built-in-mythology-religion-philosophy-clue-0461,built-in-mythology-religion-philosophy,"Mythology, Religion, and Philosophy",built-in-mythology-religion-philosophy-set-093,board,round-two,1,hard,modern-philosophy,"Mythology, Religion & Philosophy: Mixed Tour",,Søren Kierkegaard — When was Søren Kierkegaard born?,,Søren Aabye Kierkegaard,,"(1813-05-05)5 May 1813;Copenhagen, Denmark, Denmark–Norway",,Søren Kierkegaard was born Søren Aabye Kierkegaard.,,Søren Kierkegaard — Wikipedia permanent revision 1370545815,https://en.wikipedia.org/w/index.php?title=S%C3%B8ren_Kierkegaard&oldid=1370545815,CC-BY-SA-4.0,2026-08-26,untranslated,true
built-in-mythology-religion-philosophy-clue-0467,built-in-mythology-religion-philosophy,"Mythology, Religion, and Philosophy",built-in-mythology-religion-philosophy-set-093,board,round-two,2,hard,modern-philosophy,"Mythology, Religion & Philosophy: Mixed Tour",,Hannah Arendt — When did Hannah Arendt die?,,4 December 1975,,,,Hannah Arendt died on 4 December 1975.,,Hannah Arendt — Wikipedia permanent revision 1371098869,https://en.wikipedia.org/w/index.php?title=Hannah_Arendt&oldid=1371098869,CC-BY-SA-4.0,2026-08-26,untranslated,true
built-in-mythology-religion-philosophy-clue-0473,built-in-mythology-religion-philosophy,"Mythology, Religion, and Philosophy",built-in-mythology-religion-philosophy-set-093,board,round-two,3,hard,modern-philosophy,"Mythology, Religion & Philosophy: Mixed Tour",,John Stuart Mill — When was John Stuart Mill born?,,20 May 1806,,"Pentonville, Middlesex, England",,John Stuart Mill was born 20 May 1806.,,John Stuart Mill — Wikipedia permanent revision 1369873409,https://en.wikipedia.org/w/index.php?title=John_Stuart_Mill&oldid=1369873409,CC-BY-SA-4.0,2026-08-26,untranslated,true
built-in-mythology-religion-philosophy-clue-0479,built-in-mythology-religion-philosophy,"Mythology, Religion, and Philosophy",built-in-mythology-religion-philosophy-set-093,board,round-two,4,hard,modern-philosophy,"Mythology, Religion & Philosophy: Mixed Tour",,Martin Heidegger — Whom did Martin Heidegger marry?,,Elfride Petri (m. 1917),,,,Elfride Petri (m. 1917) is the documented spouse of Martin Heidegger.,,Martin Heidegger — Wikipedia permanent revision 1370559916,https://en.wikipedia.org/w/index.php?title=Martin_Heidegger&oldid=1370559916,CC-BY-SA-4.0,2026-08-26,untranslated,true
built-in-mythology-religion-philosophy-clue-0485,built-in-mythology-religion-philosophy,"Mythology, Religion, and Philosophy",built-in-mythology-religion-philosophy-set-093,board,round-two,5,hard,modern-philosophy,"Mythology, Religion & Philosophy: Mixed Tour",,Jean-Paul Sartre — Which 1964 literary prize did Jean-Paul Sartre decline?,,"Nobel Prize for Literature (1964, declined)",,,,"Nobel Prize for Literature (1964, declined) is an award associated with Jean-Paul Sartre.",,Jean-Paul Sartre — Wikipedia permanent revision 1370612605,https://en.wikipedia.org/w/index.php?title=Jean-Paul_Sartre&oldid=1370612605,CC-BY-SA-4.0,2026-08-26,untranslated,true
built-in-mythology-religion-philosophy-clue-0466,built-in-mythology-religion-philosophy,"Mythology, Religion, and Philosophy",built-in-mythology-religion-philosophy-set-094,board,round-two,1,hard,modern-philosophy,"Mythology, Religion & Philosophy: Mixed Grab Bag",,Hannah Arendt — Which birth name did Hannah Arendt have?,,Johanna Arendt,,,,Hannah Arendt was born Johanna Arendt.,,Hannah Arendt — Wikipedia permanent revision 1371098869,https://en.wikipedia.org/w/index.php?title=Hannah_Arendt&oldid=1371098869,CC-BY-SA-4.0,2026-08-26,untranslated,true
built-in-mythology-religion-philosophy-clue-0472,built-in-mythology-religion-philosophy,"Mythology, Religion, and Philosophy",built-in-mythology-religion-philosophy-set-094,board,round-two,2,hard,modern-philosophy,"Mythology, Religion & Philosophy: Mixed Grab Bag",,John Stuart Mill — What succeeded by is associated with John Stuart Mill?,,William Henry Smith,,,,John Stuart Mill has succeeded by William Henry Smith.,,John Stuart Mill — Wikipedia permanent revision 1369873409,https://en.wikipedia.org/w/index.php?title=John_Stuart_Mill&oldid=1369873409,CC-BY-SA-4.0,2026-08-26,untranslated,true
built-in-mythology-religion-philosophy-clue-0478,built-in-mythology-religion-philosophy,"Mythology, Religion, and Philosophy",built-in-mythology-religion-philosophy-set-094,board,round-two,3,hard,modern-philosophy,"Mythology, Religion & Philosophy: Mixed Grab Bag",,Martin Heidegger — What political party is associated with Martin Heidegger?,,Nazi Party (1933–1945),,,,Martin Heidegger has political party Nazi Party (1933–1945).,,Martin Heidegger — Wikipedia permanent revision 1370559916,https://en.wikipedia.org/w/index.php?title=Martin_Heidegger&oldid=1370559916,CC-BY-SA-4.0,2026-08-26,untranslated,true
built-in-mythology-religion-philosophy-clue-0484,built-in-mythology-religion-philosophy,"Mythology, Religion, and Philosophy",built-in-mythology-religion-philosophy-set-094,board,round-two,4,hard,modern-philosophy,"Mythology, Religion & Philosophy: Mixed Grab Bag",,Jean-Paul Sartre — What partner is associated with Jean-Paul Sartre?,,Simone de Beauvoir (1929–1980),,,,Jean-Paul Sartre has partner Simone de Beauvoir (1929–1980).,,Jean-Paul Sartre — Wikipedia permanent revision 1370612605,https://en.wikipedia.org/w/index.php?title=Jean-Paul_Sartre&oldid=1370612605,CC-BY-SA-4.0,2026-08-26,untranslated,true
built-in-mythology-religion-philosophy-clue-0490,built-in-mythology-religion-philosophy,"Mythology, Religion, and Philosophy",built-in-mythology-religion-philosophy-set-094,board,round-two,5,hard,modern-philosophy,"Mythology, Religion & Philosophy: Mixed Grab Bag",,Simone de Beauvoir — What partners is associated with Simone de Beauvoir?,,Jean-Paul Sartre (1929–1980; his death),,Nelson Algren (1947–1964);Claude Lanzmann (1952–1959),,Simone de Beauvoir has partners Jean-Paul Sartre (1929–1980; his death).,,Simone de Beauvoir — Wikipedia permanent revision 1371304660,https://en.wikipedia.org/w/index.php?title=Simone_de_Beauvoir&oldid=1371304660,CC-BY-SA-4.0,2026-08-26,untranslated,true
built-in-mythology-religion-philosophy-clue-0471,built-in-mythology-religion-philosophy,"Mythology, Religion, and Philosophy",built-in-mythology-religion-philosophy-set-095,board,round-two,1,hard,modern-philosophy,"Mythology, Religion & Philosophy: Mixed Roundup",,"John Stuart Mill — As of 2026, what preceded by is associated with John Stuart Mill?",,De Lacy Evans,,,,John Stuart Mill has preceded by De Lacy Evans.,,John Stuart Mill — Wikipedia permanent revision 1369873409,https://en.wikipedia.org/w/index.php?title=John_Stuart_Mill&oldid=1369873409,CC-BY-SA-4.0,2026-08-26,untranslated,true
built-in-mythology-religion-philosophy-clue-0477,built-in-mythology-religion-philosophy,"Mythology, Religion, and Philosophy",built-in-mythology-religion-philosophy-set-095,board,round-two,2,hard,modern-philosophy,"Mythology, Religion & Philosophy: Mixed Roundup",,Martin Heidegger — When did Martin Heidegger die?,,26 May 1976(1976-05-26) (aged 86),,"Freiburg, Baden-Württemberg, West Germany",,Martin Heidegger died 26 May 1976(1976-05-26) (aged 86).,,Martin Heidegger — Wikipedia permanent revision 1370559916,https://en.wikipedia.org/w/index.php?title=Martin_Heidegger&oldid=1370559916,CC-BY-SA-4.0,2026-08-26,untranslated,true
built-in-mythology-religion-philosophy-clue-0483,built-in-mythology-religion-philosophy,"Mythology, Religion, and Philosophy",built-in-mythology-religion-philosophy-set-095,board,round-two,3,hard,modern-philosophy,"Mythology, Religion & Philosophy: Mixed Roundup",,Jean-Paul Sartre — What political party is associated with Jean-Paul Sartre?,,RDR (1948–1949) PCF (1952–1956) GP (1970),,RDR (1948–1949);PCF (1952–1956);GP (1970),,Jean-Paul Sartre has political party RDR (1948–1949) PCF (1952–1956) GP (1970).,,Jean-Paul Sartre — Wikipedia permanent revision 1370612605,https://en.wikipedia.org/w/index.php?title=Jean-Paul_Sartre&oldid=1370612605,CC-BY-SA-4.0,2026-08-26,untranslated,true
built-in-mythology-religion-philosophy-clue-0489,built-in-mythology-religion-philosophy,"Mythology, Religion, and Philosophy",built-in-mythology-religion-philosophy-set-095,board,round-two,4,hard,modern-philosophy,"Mythology, Religion & Philosophy: Mixed Roundup",,Simone de Beauvoir — Name one occupation of Simone de Beauvoir.,,Philosopher,,writer;social theorist;activist,,Philosopher is associated with Simone de Beauvoir.,,Simone de Beauvoir — Wikipedia permanent revision 1371304660,https://en.wikipedia.org/w/index.php?title=Simone_de_Beauvoir&oldid=1371304660,CC-BY-SA-4.0,2026-08-26,untranslated,true
built-in-mythology-religion-philosophy-clue-0495,built-in-mythology-religion-philosophy,"Mythology, Religion, and Philosophy",built-in-mythology-religion-philosophy-set-095,board,round-two,5,hard,modern-philosophy,"Mythology, Religion & Philosophy: Mixed Roundup",,Ludwig Wittgenstein — What relatives is associated with Ludwig Wittgenstein?,,Karl Wittgenstein (father),,Margaret Stonborough-Wittgenstein (sister);Paul Wittgenstein (brother);Friedrich Hayek (cousin),,Ludwig Wittgenstein has relatives Karl Wittgenstein (father).,,Ludwig Wittgenstein — Wikipedia permanent revision 1371292225,https://en.wikipedia.org/w/index.php?title=Ludwig_Wittgenstein&oldid=1371292225,CC-BY-SA-4.0,2026-08-26,untranslated,true
built-in-mythology-religion-philosophy-clue-0476,built-in-mythology-religion-philosophy,"Mythology, Religion, and Philosophy",built-in-mythology-religion-philosophy-set-096,board,round-two,1,hard,modern-philosophy,"Mythology, Religion & Philosophy: Mixed Sampler",,Martin Heidegger — When was Martin Heidegger born?,,26 September 1889,,"Meßkirch, Grand Duchy of Baden, German Empire",,Martin Heidegger was born 26 September 1889.,,Martin Heidegger — Wikipedia permanent revision 1370559916,https://en.wikipedia.org/w/index.php?title=Martin_Heidegger&oldid=1370559916,CC-BY-SA-4.0,2026-08-26,untranslated,true
built-in-mythology-religion-philosophy-clue-0482,built-in-mythology-religion-philosophy,"Mythology, Religion, and Philosophy",built-in-mythology-religion-philosophy-set-096,board,round-two,2,hard,modern-philosophy,"Mythology, Religion & Philosophy: Mixed Sampler",,Jean-Paul Sartre — When did Jean-Paul Sartre die?,,15 April 1980(1980-04-15) (aged 74),,"Paris, France",,Jean-Paul Sartre died 15 April 1980(1980-04-15) (aged 74).,,Jean-Paul Sartre — Wikipedia permanent revision 1370612605,https://en.wikipedia.org/w/index.php?title=Jean-Paul_Sartre&oldid=1370612605,CC-BY-SA-4.0,2026-08-26,untranslated,true
built-in-mythology-religion-philosophy-clue-0488,built-in-mythology-religion-philosophy,"Mythology, Religion, and Philosophy",built-in-mythology-religion-philosophy-set-096,board,round-two,3,hard,modern-philosophy,"Mythology, Religion & Philosophy: Mixed Sampler",,Simone de Beauvoir — What resting place is associated with Simone de Beauvoir?,,"Montparnasse Cemetery, Paris",,,,"Simone de Beauvoir has resting place Montparnasse Cemetery, Paris.",,Simone de Beauvoir — Wikipedia permanent revision 1371304660,https://en.wikipedia.org/w/index.php?title=Simone_de_Beauvoir&oldid=1371304660,CC-BY-SA-4.0,2026-08-26,untranslated,true
built-in-mythology-religion-philosophy-clue-0494,built-in-mythology-religion-philosophy,"Mythology, Religion, and Philosophy",built-in-mythology-religion-philosophy-set-096,board,round-two,4,hard,modern-philosophy,"Mythology, Religion & Philosophy: Mixed Sampler",,Ludwig Wittgenstein — What citizenship is associated with Ludwig Wittgenstein?,,Austria (until 1939),,United Kingdom (from 1939),,Ludwig Wittgenstein has citizenship Austria (until 1939).,,Ludwig Wittgenstein — Wikipedia permanent revision 1371292225,https://en.wikipedia.org/w/index.php?title=Ludwig_Wittgenstein&oldid=1371292225,CC-BY-SA-4.0,2026-08-26,untranslated,true
built-in-mythology-religion-philosophy-clue-0500,built-in-mythology-religion-philosophy,"Mythology, Religion, and Philosophy",built-in-mythology-religion-philosophy-set-096,board,round-two,5,hard,modern-philosophy,"Mythology, Religion & Philosophy: Mixed Sampler",,Bertrand Russell — Name one award associated with Bertrand Russell.,,De Morgan Medal (1932),,Sylvester Medal (1934);Nobel Prize in Literature (1950);Kalinga Prize (1957);Jerusalem Prize (1963),,De Morgan Medal (1932) is an award associated with Bertrand Russell.,,Bertrand Russell — Wikipedia permanent revision 1370885324,https://en.wikipedia.org/w/index.php?title=Bertrand_Russell&oldid=1370885324,CC-BY-SA-4.0,2026-08-26,untranslated,true
built-in-mythology-religion-philosophy-clue-0481,built-in-mythology-religion-philosophy,"Mythology, Religion, and Philosophy",built-in-mythology-religion-philosophy-set-097,board,round-two,1,hard,modern-philosophy,"Mythology, Religion & Philosophy: Mixed Potpourri",,Jean-Paul Sartre — When was Jean-Paul Sartre born?,,Jean-Paul Charles Aymard Sartre,,"(1905-06-21)21 June 1905;Paris, France",,Jean-Paul Sartre was born Jean-Paul Charles Aymard Sartre.,,Jean-Paul Sartre — Wikipedia permanent revision 1370612605,https://en.wikipedia.org/w/index.php?title=Jean-Paul_Sartre&oldid=1370612605,CC-BY-SA-4.0,2026-08-26,untranslated,true
built-in-mythology-religion-philosophy-clue-0487,built-in-mythology-religion-philosophy,"Mythology, Religion, and Philosophy",built-in-mythology-religion-philosophy-set-097,board,round-two,2,hard,modern-philosophy,"Mythology, Religion & Philosophy: Mixed Potpourri",,Simone de Beauvoir — When did Simone de Beauvoir die?,,14 April 1986(1986-04-14) (aged 78),,"Paris, France",,Simone de Beauvoir died 14 April 1986(1986-04-14) (aged 78).,,Simone de Beauvoir — Wikipedia permanent revision 1371304660,https://en.wikipedia.org/w/index.php?title=Simone_de_Beauvoir&oldid=1371304660,CC-BY-SA-4.0,2026-08-26,untranslated,true
built-in-mythology-religion-philosophy-clue-0493,built-in-mythology-religion-philosophy,"Mythology, Religion, and Philosophy",built-in-mythology-religion-philosophy-set-097,board,round-two,3,hard,modern-philosophy,"Mythology, Religion & Philosophy: Mixed Potpourri",,Ludwig Wittgenstein — What burial place is associated with Ludwig Wittgenstein?,,"Ascension Parish Burial Ground, Cambridge, England",,,,"Ludwig Wittgenstein has burial place Ascension Parish Burial Ground, Cambridge, England.",,Ludwig Wittgenstein — Wikipedia permanent revision 1371292225,https://en.wikipedia.org/w/index.php?title=Ludwig_Wittgenstein&oldid=1371292225,CC-BY-SA-4.0,2026-08-26,untranslated,true
built-in-mythology-religion-philosophy-clue-0499,built-in-mythology-religion-philosophy,"Mythology, Religion, and Philosophy",built-in-mythology-religion-philosophy-set-097,board,round-two,4,hard,modern-philosophy,"Mythology, Religion & Philosophy: Mixed Potpourri",,Bertrand Russell — How many children does Bertrand Russell have?,,"3, including John, 4th Earl Russell and Conrad, 5th Earl Russell",,,,"Bertrand Russell has 3, including John, 4th Earl Russell and Conrad, 5th Earl Russell.",,Bertrand Russell — Wikipedia permanent revision 1370885324,https://en.wikipedia.org/w/index.php?title=Bertrand_Russell&oldid=1370885324,CC-BY-SA-4.0,2026-08-26,untranslated,true
built-in-mythology-religion-philosophy-clue-0420,built-in-mythology-religion-philosophy,"Mythology, Religion, and Philosophy",built-in-mythology-religion-philosophy-set-097,board,round-two,5,hard,modern-philosophy,"Mythology, Religion & Philosophy: Mixed Potpourri",,Baruch Spinoza — What era is associated with Baruch Spinoza?,,17th-century philosophy,,Age of Enlightenment,,Baruch Spinoza has era 17th-century philosophy.,,Baruch Spinoza — Wikipedia permanent revision 1371321068,https://en.wikipedia.org/w/index.php?title=Baruch_Spinoza&oldid=1371321068,CC-BY-SA-4.0,2026-08-26,untranslated,true
built-in-mythology-religion-philosophy-clue-0486,built-in-mythology-religion-philosophy,"Mythology, Religion, and Philosophy",built-in-mythology-religion-philosophy-set-098,board,round-two,1,hard,modern-philosophy,"Mythology, Religion & Philosophy: Mixed Challenge",,Simone de Beauvoir — When was Simone de Beauvoir born?,,Simone Lucie Ernestine Marie Bertrand de Beauvoir,,"(1908-01-09)9 January 1908;Paris, France",,Simone de Beauvoir was born Simone Lucie Ernestine Marie Bertrand de Beauvoir.,,Simone de Beauvoir — Wikipedia permanent revision 1371304660,https://en.wikipedia.org/w/index.php?title=Simone_de_Beauvoir&oldid=1371304660,CC-BY-SA-4.0,2026-08-26,untranslated,true
built-in-mythology-religion-philosophy-clue-0492,built-in-mythology-religion-philosophy,"Mythology, Religion, and Philosophy",built-in-mythology-religion-philosophy-set-098,board,round-two,2,hard,modern-philosophy,"Mythology, Religion & Philosophy: Mixed Challenge",,Ludwig Wittgenstein — When did Ludwig Wittgenstein die?,,29 April 1951(1951-04-29) (aged 62),,"Cambridge, England",,Ludwig Wittgenstein died 29 April 1951(1951-04-29) (aged 62).,,Ludwig Wittgenstein — Wikipedia permanent revision 1371292225,https://en.wikipedia.org/w/index.php?title=Ludwig_Wittgenstein&oldid=1371292225,CC-BY-SA-4.0,2026-08-26,untranslated,true
built-in-mythology-religion-philosophy-clue-0498,built-in-mythology-religion-philosophy,"Mythology, Religion, and Philosophy",built-in-mythology-religion-philosophy-set-098,board,round-two,3,hard,modern-philosophy,"Mythology, Religion & Philosophy: Mixed Challenge",,Bertrand Russell — Name one spouse of Bertrand Russell.,,Alys Pearsall Smith (m. 1894; div. 1921),,Dora Black (m. 1921; div. 1935);Patricia Spence (m. 1936; div. 1952);Edith Finch (m. 1952),,Alys Pearsall Smith (m. 1894; div. 1921) is a documented spouse of Bertrand Russell.,,Bertrand Russell — Wikipedia permanent revision 1370885324,https://en.wikipedia.org/w/index.php?title=Bertrand_Russell&oldid=1370885324,CC-BY-SA-4.0,2026-08-26,untranslated,true
built-in-mythology-religion-philosophy-clue-0419,built-in-mythology-religion-philosophy,"Mythology, Religion, and Philosophy",built-in-mythology-religion-philosophy-set-098,board,round-two,4,hard,modern-philosophy,"Mythology, Religion & Philosophy: Mixed Challenge",,Baruch Spinoza — Where was Baruch Spinoza educated?,,Talmud Torah,,University of Leiden (attended),,Baruch Spinoza was educated at Talmud Torah.,,Baruch Spinoza — Wikipedia permanent revision 1371321068,https://en.wikipedia.org/w/index.php?title=Baruch_Spinoza&oldid=1371321068,CC-BY-SA-4.0,2026-08-26,untranslated,true
built-in-mythology-religion-philosophy-clue-0425,built-in-mythology-religion-philosophy,"Mythology, Religion, and Philosophy",built-in-mythology-religion-philosophy-set-098,board,round-two,5,hard,modern-philosophy,"Mythology, Religion & Philosophy: Mixed Challenge",,John Locke — When did John Locke die?,,28 October 1704(1704-10-28) (aged 72),,"High Laver, Essex, England",,John Locke died 28 October 1704(1704-10-28) (aged 72).,,John Locke — Wikipedia permanent revision 1371118624,https://en.wikipedia.org/w/index.php?title=John_Locke&oldid=1371118624,CC-BY-SA-4.0,2026-08-26,untranslated,true
built-in-mythology-religion-philosophy-clue-0491,built-in-mythology-religion-philosophy,"Mythology, Religion, and Philosophy",built-in-mythology-religion-philosophy-set-099,board,round-two,1,hard,modern-philosophy,"Mythology, Religion & Philosophy: Mixed Quiz",,Ludwig Wittgenstein — When was Ludwig Wittgenstein born?,,Ludwig Josef Johann Wittgenstein,,"(1889-04-26)26 April 1889;Vienna, Austria-Hungary",,Ludwig Wittgenstein was born Ludwig Josef Johann Wittgenstein.,,Ludwig Wittgenstein — Wikipedia permanent revision 1371292225,https://en.wikipedia.org/w/index.php?title=Ludwig_Wittgenstein&oldid=1371292225,CC-BY-SA-4.0,2026-08-26,untranslated,true
built-in-mythology-religion-philosophy-clue-0497,built-in-mythology-religion-philosophy,"Mythology, Religion, and Philosophy",built-in-mythology-religion-philosophy-set-099,board,round-two,2,hard,modern-philosophy,"Mythology, Religion & Philosophy: Mixed Quiz",,Bertrand Russell — When did Bertrand Russell die?,,2 February 1970(1970-02-02) (aged 97),,"Penrhyndeudraeth, Merionethshire, Wales",,Bertrand Russell died 2 February 1970(1970-02-02) (aged 97).,,Bertrand Russell — Wikipedia permanent revision 1370885324,https://en.wikipedia.org/w/index.php?title=Bertrand_Russell&oldid=1370885324,CC-BY-SA-4.0,2026-08-26,untranslated,true
built-in-mythology-religion-philosophy-clue-0418,built-in-mythology-religion-philosophy,"Mythology, Religion, and Philosophy",built-in-mythology-religion-philosophy-set-099,board,round-two,3,hard,modern-philosophy,"Mythology, Religion & Philosophy: Mixed Quiz",,Baruch Spinoza — What other name is associated with Baruch Spinoza?,,Benedictus de Spinoza,,,,Baruch Spinoza has other name Benedictus de Spinoza.,,Baruch Spinoza — Wikipedia permanent revision 1371321068,https://en.wikipedia.org/w/index.php?title=Baruch_Spinoza&oldid=1371321068,CC-BY-SA-4.0,2026-08-26,untranslated,true
built-in-mythology-religion-philosophy-clue-0424,built-in-mythology-religion-philosophy,"Mythology, Religion, and Philosophy",built-in-mythology-religion-philosophy-set-099,board,round-two,4,hard,modern-philosophy,"Mythology, Religion & Philosophy: Mixed Quiz",,John Locke — When was John Locke born?,,29 August 1632,,"Wrington, Somerset, England",,John Locke was born 29 August 1632.,,John Locke — Wikipedia permanent revision 1371118624,https://en.wikipedia.org/w/index.php?title=John_Locke&oldid=1371118624,CC-BY-SA-4.0,2026-08-26,untranslated,true
built-in-mythology-religion-philosophy-clue-0430,built-in-mythology-religion-philosophy,"Mythology, Religion, and Philosophy",built-in-mythology-religion-philosophy-set-099,board,round-two,5,hard,modern-philosophy,"Mythology, Religion & Philosophy: Mixed Quiz",,Gottfried Wilhelm Leibniz — What theses is associated with Gottfried Wilhelm Leibniz?,,On the Combinatorial Art (March 1666),,Inaugural Disputation on Ambiguous Legal Cases (November 1666),,Gottfried Wilhelm Leibniz has theses On the Combinatorial Art (March 1666).,,Gottfried Wilhelm Leibniz — Wikipedia permanent revision 1371249839,https://en.wikipedia.org/w/index.php?title=Gottfried_Wilhelm_Leibniz&oldid=1371249839,CC-BY-SA-4.0,2026-08-26,untranslated,true
built-in-mythology-religion-philosophy-clue-0496,built-in-mythology-religion-philosophy,"Mythology, Religion, and Philosophy",built-in-mythology-religion-philosophy-set-100,board,round-two,1,hard,modern-philosophy,"Mythology, Religion & Philosophy: Mixed Odds & Ends",,Bertrand Russell — When was Bertrand Russell born?,,Bertrand Arthur William Russell,,"(1872-05-18)18 May 1872;Trellech, Monmouthshire",,Bertrand Russell was born Bertrand Arthur William Russell.,,Bertrand Russell — Wikipedia permanent revision 1370885324,https://en.wikipedia.org/w/index.php?title=Bertrand_Russell&oldid=1370885324,CC-BY-SA-4.0,2026-08-26,untranslated,true
built-in-mythology-religion-philosophy-clue-0417,built-in-mythology-religion-philosophy,"Mythology, Religion, and Philosophy",built-in-mythology-religion-philosophy-set-100,board,round-two,2,hard,modern-philosophy,"Mythology, Religion & Philosophy: Mixed Odds & Ends",,Baruch Spinoza — When did Baruch Spinoza die?,,21 February 1677(1677-02-21) (aged 44),,"The Hague, Dutch Republic",,Baruch Spinoza died 21 February 1677(1677-02-21) (aged 44).,,Baruch Spinoza — Wikipedia permanent revision 1371321068,https://en.wikipedia.org/w/index.php?title=Baruch_Spinoza&oldid=1371321068,CC-BY-SA-4.0,2026-08-26,untranslated,true
built-in-mythology-religion-philosophy-clue-0423,built-in-mythology-religion-philosophy,"Mythology, Religion, and Philosophy",built-in-mythology-religion-philosophy-set-100,board,round-two,3,hard,modern-philosophy,"Mythology, Religion & Philosophy: Mixed Odds & Ends",,John Locke — What succeeded by is associated with John Locke?,,Matthew Prior,,,,John Locke has succeeded by Matthew Prior.,,John Locke — Wikipedia permanent revision 1371118624,https://en.wikipedia.org/w/index.php?title=John_Locke&oldid=1371118624,CC-BY-SA-4.0,2026-08-26,untranslated,true
built-in-mythology-religion-philosophy-clue-0429,built-in-mythology-religion-philosophy,"Mythology, Religion, and Philosophy",built-in-mythology-religion-philosophy-set-100,board,round-two,4,hard,modern-philosophy,"Mythology, Religion & Philosophy: Mixed Odds & Ends",,Gottfried Wilhelm Leibniz — Where was Gottfried Wilhelm Leibniz educated?,,"Alte Nikolaischule, Leipzig",,"Leipzig University (BA, 1662; MA, 1664; LLB, 1665; Dr. phil. hab., 1666);University of Jena (1663 summer-lecture attendance);University of Altdorf (Dr. jur., 1666)",,"Gottfried Wilhelm Leibniz was educated at Alte Nikolaischule, Leipzig.",,Gottfried Wilhelm Leibniz — Wikipedia permanent revision 1371249839,https://en.wikipedia.org/w/index.php?title=Gottfried_Wilhelm_Leibniz&oldid=1371249839,CC-BY-SA-4.0,2026-08-26,untranslated,true
built-in-mythology-religion-philosophy-clue-0435,built-in-mythology-religion-philosophy,"Mythology, Religion, and Philosophy",built-in-mythology-religion-philosophy-set-100,board,round-two,5,hard,modern-philosophy,"Mythology, Religion & Philosophy: Mixed Odds & Ends",,David Hume — Which region is associated with David Hume?,,Scottish philosophy,,,,Scottish philosophy is the region associated with David Hume.,,David Hume — Wikipedia permanent revision 1371250540,https://en.wikipedia.org/w/index.php?title=David_Hume&oldid=1371250540,CC-BY-SA-4.0,2026-08-26,untranslated,true
