clue_id,pack_id,pack_name,category_set_id,content_kind,round,tier,difficulty,macro_topic,category_name_en,category_name_et,clue_en,clue_et,response_en,response_et,accepted_variants_en,accepted_variants_et,explanation_en,explanation_et,source_title,source_url,source_license,source_retrieved_at,translation_status,enabled
built-in-adult-clue-0001,built-in-adult,Adult (Mature) / Täiskasvanutele,built-in-adult-set-001,board,round-one,1,easy,sexology-reproductive-health-history,Pioneers of Reproductive Anatomy,,This 16th-century Italian anatomist gave his name to the uterine tubes.,,Gabriel Falloppius,,,,Gabriel Falloppius described the uterine tubes that bear his name.,,Gabriel Falloppius — Wikipedia,https://en.wikipedia.org/wiki/Gabriele_Falloppio,CC-BY-SA-4.0,2026-08-27,untranslated,true
built-in-adult-clue-0002,built-in-adult,Adult (Mature) / Täiskasvanutele,built-in-adult-set-001,board,round-one,2,easy,sexology-reproductive-health-history,Pioneers of Reproductive Anatomy,,This Dutch physician's name survives in the term for a mature ovarian follicle.,,Regnier de Graaf,,,,"Regnier de Graaf studied reproductive anatomy, and the Graafian follicle bears his name.",,Regnier de Graaf — Wikipedia,https://en.wikipedia.org/wiki/Regnier_de_Graaf,CC-BY-SA-4.0,2026-08-27,untranslated,true
built-in-adult-clue-0003,built-in-adult,Adult (Mature) / Täiskasvanutele,built-in-adult-set-001,board,round-one,3,easy,sexology-reproductive-health-history,Pioneers of Reproductive Anatomy,,"In 1651, this English physician published a work arguing that every animal develops from an egg.",,William Harvey,,,,William Harvey's 1651 work Exercitationes de Generatione Animalium defended the idea expressed as ex ovo omnia.,,William Harvey — Wikipedia,https://en.wikipedia.org/wiki/William_Harvey,CC-BY-SA-4.0,2026-08-27,untranslated,true
built-in-adult-clue-0004,built-in-adult,Adult (Mature) / Täiskasvanutele,built-in-adult-set-001,board,round-one,4,easy,sexology-reproductive-health-history,Pioneers of Reproductive Anatomy,,"In 1827, this Baltic German scientist described the mammalian ovum.",,Karl Ernst von Baer,,,,Karl Ernst von Baer described the mammalian ovum in 1827.,,Karl Ernst von Baer — Wikipedia,https://en.wikipedia.org/wiki/Karl_Ernst_von_Baer,CC-BY-SA-4.0,2026-08-27,untranslated,true
built-in-adult-clue-0005,built-in-adult,Adult (Mature) / Täiskasvanutele,built-in-adult-set-001,board,round-one,5,easy,sexology-reproductive-health-history,Pioneers of Reproductive Anatomy,,The contraceptive device called the Gräfenberg ring was named for this German physician.,,Ernst Gräfenberg,,,,Ernst Gräfenberg developed the intrauterine Gräfenberg ring.,,Ernst Gräfenberg — Wikipedia,https://en.wikipedia.org/wiki/Ernst_Gr%C3%A4fenberg,CC-BY-SA-4.0,2026-08-27,untranslated,true
built-in-adult-clue-0006,built-in-adult,Adult (Mature) / Täiskasvanutele,built-in-adult-set-002,board,round-one,1,easy,sexology-reproductive-health-history,Contraception Through Time,,Charles Goodyear's 1844 vulcanization process later enabled reusable rubber versions of this barrier contraceptive.,,Condom,,,,Vulcanized rubber made reusable rubber condoms possible during the 19th century.,,Condom — Wikipedia,https://en.wikipedia.org/wiki/Condom,CC-BY-SA-4.0,2026-08-27,untranslated,true
built-in-adult-clue-0007,built-in-adult,Adult (Mature) / Täiskasvanutele,built-in-adult-set-002,board,round-one,2,easy,sexology-reproductive-health-history,Contraception Through Time,,Wilhelm Mensinga popularized this dome-shaped barrier contraceptive in Europe during the late 19th century.,,Diaphragm,,,,The contraceptive diaphragm is a dome-shaped barrier placed over the cervix.,,Diaphragm — Wikipedia,https://en.wikipedia.org/wiki/Diaphragm_(birth_control),CC-BY-SA-4.0,2026-08-27,untranslated,true
built-in-adult-clue-0008,built-in-adult,Adult (Mature) / Täiskasvanutele,built-in-adult-set-002,board,round-one,3,easy,sexology-reproductive-health-history,Contraception Through Time,,"The Gräfenberg ring was an early example of this contraceptive, often abbreviated IUD.",,Intrauterine device,,IUD,,An intrauterine device is a contraceptive placed in the uterus.,,Intrauterine device — Wikipedia,https://en.wikipedia.org/wiki/Intrauterine_device,CC-BY-SA-4.0,2026-08-27,untranslated,true
built-in-adult-clue-0009,built-in-adult,Adult (Mature) / Täiskasvanutele,built-in-adult-set-002,board,round-one,4,easy,sexology-reproductive-health-history,Contraception Through Time,,This reusable barrier contraceptive fits closely over the cervix and is used with spermicide.,,Cervical cap,,,,A cervical cap is a contraceptive barrier fitted over the cervix.,,Cervical cap — Wikipedia,https://en.wikipedia.org/wiki/Cervical_cap,CC-BY-SA-4.0,2026-08-27,untranslated,true
built-in-adult-clue-0010,built-in-adult,Adult (Mature) / Täiskasvanutele,built-in-adult-set-002,board,round-one,5,easy,sexology-reproductive-health-history,Contraception Through Time,,Nonoxynol-9 is a common active ingredient in this type of contraceptive preparation.,,Spermicide,,,,Spermicides are substances intended to immobilize or destroy sperm.,,Spermicide — Wikipedia,https://en.wikipedia.org/wiki/Spermicide,CC-BY-SA-4.0,2026-08-27,untranslated,true
built-in-adult-clue-0011,built-in-adult,Adult (Mature) / Täiskasvanutele,built-in-adult-set-003,board,round-one,1,easy,sexology-reproductive-health-history,Birth-Control Reformers,,This American nurse opened a birth-control clinic in Brooklyn in 1916.,,Margaret Sanger,,,,Margaret Sanger opened a birth-control clinic in Brooklyn in 1916.,,Margaret Sanger — Wikipedia,https://en.wikipedia.org/wiki/Margaret_Sanger,CC-BY-SA-4.0,2026-08-27,untranslated,true
built-in-adult-clue-0012,built-in-adult,Adult (Mature) / Täiskasvanutele,built-in-adult-set-003,board,round-one,2,easy,sexology-reproductive-health-history,Birth-Control Reformers,,"This British author opened a mothers' clinic in Holloway, London, in 1921.",,Marie Stopes,,,,Marie Stopes opened a birth-control clinic in Holloway in 1921.,,Marie Stopes — Wikipedia,https://en.wikipedia.org/wiki/Marie_Stopes,CC-BY-SA-4.0,2026-08-27,untranslated,true
built-in-adult-clue-0013,built-in-adult,Adult (Mature) / Täiskasvanutele,built-in-adult-set-003,board,round-one,3,easy,sexology-reproductive-health-history,Birth-Control Reformers,,This biologist and suffrage campaigner financed much of the research that produced the oral contraceptive pill.,,Katharine McCormick,,,,Katharine McCormick supplied major financial support for oral-contraceptive research.,,Katharine McCormick — Wikipedia,https://en.wikipedia.org/wiki/Katharine_McCormick,CC-BY-SA-4.0,2026-08-27,untranslated,true
built-in-adult-clue-0014,built-in-adult,Adult (Mature) / Täiskasvanutele,built-in-adult-set-003,board,round-one,4,easy,sexology-reproductive-health-history,Birth-Control Reformers,,This American biologist co-developed the first widely used oral contraceptive pill.,,Gregory Pincus,,,,Gregory Pincus helped develop the combined oral contraceptive pill.,,Gregory Pincus — Wikipedia,https://en.wikipedia.org/wiki/Gregory_Goodwin_Pincus,CC-BY-SA-4.0,2026-08-27,untranslated,true
built-in-adult-clue-0015,built-in-adult,Adult (Mature) / Täiskasvanutele,built-in-adult-set-003,board,round-one,5,easy,sexology-reproductive-health-history,Birth-Control Reformers,,This Harvard physician conducted clinical trials that contributed to development of the oral contraceptive pill.,,John Rock,,,,John Rock helped conduct clinical research on the first oral contraceptive pill.,,John Rock — Wikipedia,https://en.wikipedia.org/wiki/John_Rock_(American_scientist),CC-BY-SA-4.0,2026-08-27,untranslated,true
built-in-adult-clue-0016,built-in-adult,Adult (Mature) / Täiskasvanutele,built-in-adult-set-004,board,round-one,1,easy,sexology-reproductive-health-history,Milestones in IVF,,"Born in England on July 25, 1978, she was the first person conceived through in vitro fertilization.",,Louise Brown,,,,"Louise Brown was born on July 25, 1978, after conception through IVF.",,Louise Brown — Wikipedia,https://en.wikipedia.org/wiki/Louise_Brown,CC-BY-SA-4.0,2026-08-27,untranslated,true
built-in-adult-clue-0017,built-in-adult,Adult (Mature) / Täiskasvanutele,built-in-adult-set-004,board,round-one,2,easy,sexology-reproductive-health-history,Milestones in IVF,,This physiologist received the 2010 Nobel Prize in Physiology or Medicine for developing IVF.,,Robert Edwards,,,,Robert Edwards received the 2010 Nobel Prize for the development of in vitro fertilization.,,Robert Edwards — Wikipedia,https://en.wikipedia.org/wiki/Robert_Edwards_(physiologist),CC-BY-SA-4.0,2026-08-27,untranslated,true
built-in-adult-clue-0018,built-in-adult,Adult (Mature) / Täiskasvanutele,built-in-adult-set-004,board,round-one,3,easy,sexology-reproductive-health-history,Milestones in IVF,,This British obstetrician and gynecologist worked with Robert Edwards on the first successful IVF birth.,,Patrick Steptoe,,,,Patrick Steptoe supplied clinical and laparoscopic expertise to the IVF team.,,Patrick Steptoe — Wikipedia,https://en.wikipedia.org/wiki/Patrick_Steptoe,CC-BY-SA-4.0,2026-08-27,untranslated,true
built-in-adult-clue-0019,built-in-adult,Adult (Mature) / Täiskasvanutele,built-in-adult-set-004,board,round-one,4,easy,sexology-reproductive-health-history,Milestones in IVF,,This nurse and embryologist was a central member of the team that achieved the first IVF birth.,,Jean Purdy,,,,Jean Purdy worked with Robert Edwards and Patrick Steptoe on IVF research.,,Jean Purdy — Wikipedia,https://en.wikipedia.org/wiki/Jean_Purdy,CC-BY-SA-4.0,2026-08-27,untranslated,true
built-in-adult-clue-0020,built-in-adult,Adult (Mature) / Täiskasvanutele,built-in-adult-set-004,board,round-one,5,easy,sexology-reproductive-health-history,Milestones in IVF,,Louise Brown was born at this English hospital in 1978.,,Oldham General Hospital,,,,"The first person conceived through IVF, Louise Brown, was born at Oldham General Hospital.",,Oldham General Hospital — Wikipedia,https://en.wikipedia.org/wiki/Royal_Oldham_Hospital,CC-BY-SA-4.0,2026-08-27,untranslated,true
built-in-adult-clue-0021,built-in-adult,Adult (Mature) / Täiskasvanutele,built-in-adult-set-005,board,round-one,1,easy,sexology-reproductive-health-history,Sex Education Milestones,,"In 1955, this Nordic country made sex education compulsory in its schools.",,Sweden,,,,Sweden introduced compulsory sex education in schools in 1955.,,Sweden — Wikipedia,https://en.wikipedia.org/wiki/Sex_education,CC-BY-SA-4.0,2026-08-27,untranslated,true
built-in-adult-clue-0022,built-in-adult,Adult (Mature) / Täiskasvanutele,built-in-adult-set-005,board,round-one,2,easy,sexology-reproductive-health-history,Sex Education Milestones,,"This school subject may cover human development, relationships, health, consent, and contraception.",,Sex education,,,,"Sex education provides age-appropriate information about sexuality, relationships, and health.",,Sex education — Wikipedia,https://en.wikipedia.org/wiki/Sex_education,CC-BY-SA-4.0,2026-08-27,untranslated,true
built-in-adult-clue-0023,built-in-adult,Adult (Mature) / Täiskasvanutele,built-in-adult-set-005,board,round-one,3,easy,sexology-reproductive-health-history,Sex Education Milestones,,This approach addresses relationships and health rather than teaching abstinence alone.,,Comprehensive sex education,,,,Comprehensive sex education covers a broad curriculum that includes relationships and health.,,Comprehensive sex education — Wikipedia,https://en.wikipedia.org/wiki/Comprehensive_sex_education,CC-BY-SA-4.0,2026-08-27,untranslated,true
built-in-adult-clue-0024,built-in-adult,Adult (Mature) / Täiskasvanutele,built-in-adult-set-005,board,round-one,4,easy,sexology-reproductive-health-history,Sex Education Milestones,,This United Nations agency publishes International Technical Guidance on Sexuality Education.,,UNESCO,,,,UNESCO publishes international guidance for sexuality education.,,UNESCO — Wikipedia,https://en.wikipedia.org/wiki/UNESCO,CC-BY-SA-4.0,2026-08-27,untranslated,true
built-in-adult-clue-0025,built-in-adult,Adult (Mature) / Täiskasvanutele,built-in-adult-set-005,board,round-one,5,easy,sexology-reproductive-health-history,Sex Education Milestones,,"Founded in the United States in 1964, this organization promotes sexuality information and education.",,SIECUS,,,,The Sexuality Information and Education Council of the United States was founded in 1964.,,SIECUS — Wikipedia,https://en.wikipedia.org/wiki/Sexuality_Information_and_Education_Council_of_the_United_States,CC-BY-SA-4.0,2026-08-27,untranslated,true
built-in-adult-clue-0026,built-in-adult,Adult (Mature) / Täiskasvanutele,built-in-adult-set-006,board,round-one,1,easy,sexology-reproductive-health-history,Science of Sexually Transmitted Infections,,The name of this infection comes from the shepherd in a 1530 poem by Girolamo Fracastoro.,,Syphilis,,,,Girolamo Fracastoro's poem Syphilis sive morbus gallicus gave syphilis its name.,,Syphilis — Wikipedia,https://en.wikipedia.org/wiki/Syphilis,CC-BY-SA-4.0,2026-08-27,untranslated,true
built-in-adult-clue-0027,built-in-adult,Adult (Mature) / Täiskasvanutele,built-in-adult-set-006,board,round-one,2,easy,sexology-reproductive-health-history,Science of Sexually Transmitted Infections,,This German bacteriologist developed a complement-fixation blood test for syphilis in 1906.,,August von Wassermann,,,,August von Wassermann developed the Wassermann test in 1906.,,August von Wassermann — Wikipedia,https://en.wikipedia.org/wiki/August_von_Wassermann,CC-BY-SA-4.0,2026-08-27,untranslated,true
built-in-adult-clue-0028,built-in-adult,Adult (Mature) / Täiskasvanutele,built-in-adult-set-006,board,round-one,3,easy,sexology-reproductive-health-history,Science of Sexually Transmitted Infections,,"Albert Neisser identified this bacterium, the cause of gonorrhea, in 1879.",,Neisseria gonorrhoeae,,,,Neisseria gonorrhoeae is the bacterium that causes gonorrhea.,,Neisseria gonorrhoeae — Wikipedia,https://en.wikipedia.org/wiki/Neisseria_gonorrhoeae,CC-BY-SA-4.0,2026-08-27,untranslated,true
built-in-adult-clue-0029,built-in-adult,Adult (Mature) / Täiskasvanutele,built-in-adult-set-006,board,round-one,4,easy,sexology-reproductive-health-history,Science of Sexually Transmitted Infections,,Clinical trials in the 1940s established this antibiotic as an effective treatment for syphilis.,,Penicillin,,,,Penicillin became the standard antibiotic treatment for syphilis in the 1940s.,,Penicillin — Wikipedia,https://en.wikipedia.org/wiki/History_of_syphilis,CC-BY-SA-4.0,2026-08-27,untranslated,true
built-in-adult-clue-0030,built-in-adult,Adult (Mature) / Täiskasvanutele,built-in-adult-set-006,board,round-one,5,easy,sexology-reproductive-health-history,Science of Sexually Transmitted Infections,,"This bacterium causes chlamydia, an infection commonly detected with nucleic-acid tests.",,Chlamydia trachomatis,,,,Chlamydia trachomatis is the bacterium responsible for chlamydia.,,Chlamydia trachomatis — Wikipedia,https://en.wikipedia.org/wiki/Chlamydia_trachomatis,CC-BY-SA-4.0,2026-08-27,untranslated,true
built-in-adult-clue-0031,built-in-adult,Adult (Mature) / Täiskasvanutele,built-in-adult-set-007,board,round-one,1,easy,sexology-reproductive-health-history,Reproductive-Health Institutions,,"Established in 1948, this UN agency defines and coordinates international public-health work.",,World Health Organization,,WHO,,The World Health Organization began operating in 1948 as the UN health agency.,,World Health Organization — Wikipedia,https://en.wikipedia.org/wiki/World_Health_Organization,CC-BY-SA-4.0,2026-08-27,untranslated,true
built-in-adult-clue-0032,built-in-adult,Adult (Mature) / Täiskasvanutele,built-in-adult-set-007,board,round-one,2,easy,sexology-reproductive-health-history,Reproductive-Health Institutions,,Organizations from eight countries founded this global federation in Bombay in 1952.,,International Planned Parenthood Federation,,IPPF,,The International Planned Parenthood Federation was founded in 1952.,,International Planned Parenthood Federation — Wikipedia,https://en.wikipedia.org/wiki/International_Planned_Parenthood_Federation,CC-BY-SA-4.0,2026-08-27,untranslated,true
built-in-adult-clue-0033,built-in-adult,Adult (Mature) / Täiskasvanutele,built-in-adult-set-007,board,round-one,3,easy,sexology-reproductive-health-history,Reproductive-Health Institutions,,"In 2026, this UN agency uses the initials UNFPA.",,United Nations Population Fund,,UNFPA,,"In 2026, the United Nations Population Fund uses the abbreviation UNFPA.",,United Nations Population Fund — Wikipedia,https://en.wikipedia.org/wiki/United_Nations_Population_Fund,CC-BY-SA-4.0,2026-08-27,untranslated,true
built-in-adult-clue-0034,built-in-adult,Adult (Mature) / Täiskasvanutele,built-in-adult-set-007,board,round-one,4,easy,sexology-reproductive-health-history,Reproductive-Health Institutions,,"Named for obstetrician Alan Guttmacher, this research organization studies reproductive health.",,Guttmacher Institute,,,,The Guttmacher Institute conducts research and policy analysis on reproductive health.,,Guttmacher Institute — Wikipedia,https://en.wikipedia.org/wiki/Guttmacher_Institute,CC-BY-SA-4.0,2026-08-27,untranslated,true
built-in-adult-clue-0035,built-in-adult,Adult (Mature) / Täiskasvanutele,built-in-adult-set-007,board,round-one,5,easy,sexology-reproductive-health-history,Reproductive-Health Institutions,,"Founded in 1954, this global professional body is abbreviated FIGO.",,International Federation of Gynecology and Obstetrics,,FIGO,,The International Federation of Gynecology and Obstetrics was founded in 1954.,,International Federation of Gynecology and Obstetrics — Wikipedia,https://en.wikipedia.org/wiki/International_Federation_of_Gynecology_and_Obstetrics,CC-BY-SA-4.0,2026-08-27,untranslated,true
built-in-adult-clue-0036,built-in-adult,Adult (Mature) / Täiskasvanutele,built-in-adult-set-008,board,round-one,1,easy,sexology-reproductive-health-history,Menstrual-Health History,,This American physician patented a tampon with an applicator in 1931.,,Earle Haas,,,,Earle Haas patented an applicator tampon in 1931.,,Earle Haas — Wikipedia,https://en.wikipedia.org/wiki/Earle_Haas,CC-BY-SA-4.0,2026-08-27,untranslated,true
built-in-adult-clue-0037,built-in-adult,Adult (Mature) / Täiskasvanutele,built-in-adult-set-008,board,round-one,2,easy,sexology-reproductive-health-history,Menstrual-Health History,,Kimberly-Clark introduced this disposable menstrual-pad brand in 1920.,,Kotex,,,,Kotex disposable sanitary pads reached the market in 1920.,,Kotex — Wikipedia,https://en.wikipedia.org/wiki/Kotex,CC-BY-SA-4.0,2026-08-27,untranslated,true
built-in-adult-clue-0038,built-in-adult,Adult (Mature) / Täiskasvanutele,built-in-adult-set-008,board,round-one,3,easy,sexology-reproductive-health-history,Menstrual-Health History,,This American actor and inventor patented a commercial menstrual cup in 1937.,,Leona Chalmers,,,,Leona Chalmers patented a menstrual cup design in 1937.,,Leona Chalmers — Wikipedia,https://en.wikipedia.org/wiki/Menstrual_cup,CC-BY-SA-4.0,2026-08-27,untranslated,true
built-in-adult-clue-0039,built-in-adult,Adult (Mature) / Täiskasvanutele,built-in-adult-set-008,board,round-one,4,easy,sexology-reproductive-health-history,Menstrual-Health History,,"Observed on May 28, this awareness day was initiated by the organization WASH United in 2014.",,Menstrual Hygiene Day,,,,Menstrual Hygiene Day is observed annually on May 28.,,Menstrual Hygiene Day — Wikipedia,https://en.wikipedia.org/wiki/Menstrual_Hygiene_Day,CC-BY-SA-4.0,2026-08-27,untranslated,true
built-in-adult-clue-0040,built-in-adult,Adult (Mature) / Täiskasvanutele,built-in-adult-set-008,board,round-one,5,easy,sexology-reproductive-health-history,Menstrual-Health History,,Public-health concern about this rare illness led to changes in tampon design and labeling around 1980.,,Toxic shock syndrome,,,,Tampon-associated toxic shock syndrome prompted public-health action around 1980.,,Toxic shock syndrome — Wikipedia,https://en.wikipedia.org/wiki/Toxic_shock_syndrome,CC-BY-SA-4.0,2026-08-27,untranslated,true
built-in-adult-clue-0041,built-in-adult,Adult (Mature) / Täiskasvanutele,built-in-adult-set-009,board,round-one,1,easy,sexology-reproductive-health-history,Pregnancy Tests Before the Stick,,"Pregnancy tests detect this hormone, often abbreviated hCG.",,Human chorionic gonadotropin,,hCG,,Human chorionic gonadotropin is the hormone detected by pregnancy tests.,,Human chorionic gonadotropin — Wikipedia,https://en.wikipedia.org/wiki/Human_chorionic_gonadotropin,CC-BY-SA-4.0,2026-08-27,untranslated,true
built-in-adult-clue-0042,built-in-adult,Adult (Mature) / Täiskasvanutele,built-in-adult-set-009,board,round-one,2,easy,sexology-reproductive-health-history,Pregnancy Tests Before the Stick,,"Introduced in 1928, this pregnancy test used immature female mice.",,Aschheim–Zondek test,,,,The Aschheim–Zondek test detected pregnancy hormones using mice.,,Aschheim–Zondek test — Wikipedia,https://en.wikipedia.org/wiki/Pregnancy_test,CC-BY-SA-4.0,2026-08-27,untranslated,true
built-in-adult-clue-0043,built-in-adult,Adult (Mature) / Täiskasvanutele,built-in-adult-set-009,board,round-one,3,easy,sexology-reproductive-health-history,Pregnancy Tests Before the Stick,,"Named for zoologist Lancelot Hogben, this pregnancy test used African clawed frogs.",,Hogben test,,,,The Hogben pregnancy test used the African clawed frog Xenopus laevis.,,Hogben test — Wikipedia,https://en.wikipedia.org/wiki/African_clawed_frog,CC-BY-SA-4.0,2026-08-27,untranslated,true
built-in-adult-clue-0044,built-in-adult,Adult (Mature) / Täiskasvanutele,built-in-adult-set-009,board,round-one,4,easy,sexology-reproductive-health-history,Pregnancy Tests Before the Stick,,Modern pregnancy tests use this biochemical technique to recognize hCG with antibodies.,,Immunoassay,,,,An immunoassay detects a substance through antibody binding.,,Immunoassay — Wikipedia,https://en.wikipedia.org/wiki/Immunoassay,CC-BY-SA-4.0,2026-08-27,untranslated,true
built-in-adult-clue-0045,built-in-adult,Adult (Mature) / Täiskasvanutele,built-in-adult-set-009,board,round-one,5,easy,sexology-reproductive-health-history,Pregnancy Tests Before the Stick,,Warner-Chilcott introduced the e.p.t. consumer test in the United States in 1977.,,Home pregnancy test,,,,The e.p.t. home pregnancy test entered the United States market in 1977.,,Home pregnancy test — Wikipedia,https://en.wikipedia.org/wiki/Pregnancy_test,CC-BY-SA-4.0,2026-08-27,untranslated,true
built-in-adult-clue-0046,built-in-adult,Adult (Mature) / Täiskasvanutele,built-in-adult-set-010,board,round-one,1,easy,sexology-reproductive-health-history,Reproductive-Law Cases,,"In 1965, this U.S. Supreme Court case recognized marital privacy in access to contraception.",,Griswold v. Connecticut,,,,Griswold v. Connecticut invalidated a state contraceptive ban in 1965.,,Griswold v. Connecticut — Wikipedia,https://en.wikipedia.org/wiki/Griswold_v._Connecticut,CC-BY-SA-4.0,2026-08-27,untranslated,true
built-in-adult-clue-0047,built-in-adult,Adult (Mature) / Täiskasvanutele,built-in-adult-set-010,board,round-one,2,easy,sexology-reproductive-health-history,Reproductive-Law Cases,,This 1972 U.S. Supreme Court decision extended contraceptive access protections to unmarried people.,,Eisenstadt v. Baird,,,,Eisenstadt v. Baird addressed contraceptive access for unmarried people in 1972.,,Eisenstadt v. Baird — Wikipedia,https://en.wikipedia.org/wiki/Eisenstadt_v._Baird,CC-BY-SA-4.0,2026-08-27,untranslated,true
built-in-adult-clue-0048,built-in-adult,Adult (Mature) / Täiskasvanutele,built-in-adult-set-010,board,round-one,3,easy,sexology-reproductive-health-history,Reproductive-Law Cases,,This 1977 U.S. Supreme Court case struck down New York restrictions on contraceptive distribution.,,Carey v. Population Services International,,,,Carey v. Population Services International invalidated several New York contraceptive restrictions in 1977.,,Carey v. Population Services International — Wikipedia,https://en.wikipedia.org/wiki/Carey_v._Population_Services_International,CC-BY-SA-4.0,2026-08-27,untranslated,true
built-in-adult-clue-0049,built-in-adult,Adult (Mature) / Täiskasvanutele,built-in-adult-set-010,board,round-one,4,easy,sexology-reproductive-health-history,Reproductive-Law Cases,,"In 1942, this U.S. Supreme Court case invalidated an Oklahoma compulsory-sterilization law for certain offenders.",,Skinner v. Oklahoma,,,,Skinner v. Oklahoma struck down the challenged sterilization law in 1942.,,Skinner v. Oklahoma — Wikipedia,https://en.wikipedia.org/wiki/Skinner_v._Oklahoma,CC-BY-SA-4.0,2026-08-27,untranslated,true
built-in-adult-clue-0050,built-in-adult,Adult (Mature) / Täiskasvanutele,built-in-adult-set-010,board,round-one,5,easy,sexology-reproductive-health-history,Reproductive-Law Cases,,This 1927 U.S. Supreme Court decision upheld Virginia's compulsory-sterilization statute.,,Buck v. Bell,,,,Buck v. Bell upheld Virginia's eugenic sterilization law in 1927.,,Buck v. Bell — Wikipedia,https://en.wikipedia.org/wiki/Buck_v._Bell,CC-BY-SA-4.0,2026-08-27,untranslated,true
built-in-adult-clue-0051,built-in-adult,Adult (Mature) / Täiskasvanutele,built-in-adult-set-011,board,round-one,1,easy,relationships-partnership-customs,Forms of Marriage,,This marriage system joins one person to one spouse at a time.,,Monogamy,,,,Monogamy is marriage to one spouse at a time.,,Monogamy — Wikipedia,https://en.wikipedia.org/wiki/Monogamy,CC-BY-SA-4.0,2026-08-27,untranslated,true
built-in-adult-clue-0052,built-in-adult,Adult (Mature) / Täiskasvanutele,built-in-adult-set-011,board,round-one,2,easy,relationships-partnership-customs,Forms of Marriage,,This form of polygamy permits one man to have multiple wives.,,Polygyny,,,,Polygyny describes a man having more than one wife.,,Polygyny — Wikipedia,https://en.wikipedia.org/wiki/Polygyny,CC-BY-SA-4.0,2026-08-27,untranslated,true
built-in-adult-clue-0053,built-in-adult,Adult (Mature) / Täiskasvanutele,built-in-adult-set-011,board,round-one,3,easy,relationships-partnership-customs,Forms of Marriage,,Fraternal forms of this marriage system join one woman to brothers.,,Polyandry,,,,Polyandry describes a woman having more than one husband.,,Polyandry — Wikipedia,https://en.wikipedia.org/wiki/Polyandry,CC-BY-SA-4.0,2026-08-27,untranslated,true
built-in-adult-clue-0054,built-in-adult,Adult (Mature) / Täiskasvanutele,built-in-adult-set-011,board,round-one,4,easy,relationships-partnership-customs,Forms of Marriage,,"This custom expects marriage within a defined social, ethnic, or religious group.",,Endogamy,,,,Endogamy is marriage within a particular social group.,,Endogamy — Wikipedia,https://en.wikipedia.org/wiki/Endogamy,CC-BY-SA-4.0,2026-08-27,untranslated,true
built-in-adult-clue-0055,built-in-adult,Adult (Mature) / Täiskasvanutele,built-in-adult-set-011,board,round-one,5,easy,relationships-partnership-customs,Forms of Marriage,,This rule requires a person to marry outside a specified kin or social group.,,Exogamy,,,,Exogamy requires marriage outside a defined group.,,Exogamy — Wikipedia,https://en.wikipedia.org/wiki/Exogamy,CC-BY-SA-4.0,2026-08-27,untranslated,true
built-in-adult-clue-0056,built-in-adult,Adult (Mature) / Täiskasvanutele,built-in-adult-set-012,board,round-one,1,easy,relationships-partnership-customs,Wedding Customs Explained,,Churches traditionally announce these public notices before a wedding so objections can be raised.,,Banns of marriage,,,,Banns of marriage are public announcements of an intended church wedding.,,Banns of marriage — Wikipedia,https://en.wikipedia.org/wiki/Banns_of_marriage,CC-BY-SA-4.0,2026-08-27,untranslated,true
built-in-adult-clue-0057,built-in-adult,Adult (Mature) / Täiskasvanutele,built-in-adult-set-012,board,round-one,2,easy,relationships-partnership-customs,Wedding Customs Explained,,"In this property custom, assets are transferred from a bride's family to the couple or groom.",,Dowry,,,,A dowry transfers property from the bride's family at marriage.,,Dowry — Wikipedia,https://en.wikipedia.org/wiki/Dowry,CC-BY-SA-4.0,2026-08-27,untranslated,true
built-in-adult-clue-0058,built-in-adult,Adult (Mature) / Täiskasvanutele,built-in-adult-set-012,board,round-one,3,easy,relationships-partnership-customs,Wedding Customs Explained,,This marriage payment moves from a groom or his family to the bride's family.,,Bride price,,,,Bride price is wealth transferred by a groom's side to a bride's family.,,Bride price — Wikipedia,https://en.wikipedia.org/wiki/Bride_price,CC-BY-SA-4.0,2026-08-27,untranslated,true
built-in-adult-clue-0059,built-in-adult,Adult (Mature) / Täiskasvanutele,built-in-adult-set-012,board,round-one,4,easy,relationships-partnership-customs,Wedding Customs Explained,,European custom commonly places this symbol on the fourth finger of the left hand.,,Wedding ring,,,,A wedding ring is worn as a public symbol of marriage.,,Wedding ring — Wikipedia,https://en.wikipedia.org/wiki/Wedding_ring,CC-BY-SA-4.0,2026-08-27,untranslated,true
built-in-adult-clue-0060,built-in-adult,Adult (Mature) / Täiskasvanutele,built-in-adult-set-012,board,round-one,5,easy,relationships-partnership-customs,Wedding Customs Explained,,This member of a wedding party traditionally supports the groom and may safeguard the rings.,,Best man,,,,The best man is a principal attendant to the groom.,,Best man — Wikipedia,https://en.wikipedia.org/wiki/Groomsman,CC-BY-SA-4.0,2026-08-27,untranslated,true
built-in-adult-clue-0061,built-in-adult,Adult (Mature) / Täiskasvanutele,built-in-adult-set-013,board,round-one,1,easy,relationships-partnership-customs,Before the Wedding,,This formal promise to marry historically carried more legal weight than a modern engagement.,,Betrothal,,,,Betrothal is a formal engagement or promise of marriage.,,Betrothal — Wikipedia,https://en.wikipedia.org/wiki/Engagement,CC-BY-SA-4.0,2026-08-27,untranslated,true
built-in-adult-clue-0062,built-in-adult,Adult (Mature) / Täiskasvanutele,built-in-adult-set-013,board,round-one,2,easy,relationships-partnership-customs,Before the Wedding,,Archduke Maximilian of Austria gave Mary of Burgundy a diamond version of this gift in 1477.,,Engagement ring,,,,The 1477 betrothal of Maximilian and Mary is often cited in the history of diamond engagement rings.,,Engagement ring — Wikipedia,https://en.wikipedia.org/wiki/Engagement_ring,CC-BY-SA-4.0,2026-08-27,untranslated,true
built-in-adult-clue-0063,built-in-adult,Adult (Mature) / Täiskasvanutele,built-in-adult-set-013,board,round-one,3,easy,relationships-partnership-customs,Before the Wedding,,This word for a historic British betrothal ceremony is also used for some modern weddings.,,Handfasting,,,,Handfasting was a term for betrothal or marriage ceremonies in Britain.,,Handfasting — Wikipedia,https://en.wikipedia.org/wiki/Handfasting,CC-BY-SA-4.0,2026-08-27,untranslated,true
built-in-adult-clue-0064,built-in-adult,Adult (Mature) / Täiskasvanutele,built-in-adult-set-013,board,round-one,4,easy,relationships-partnership-customs,Before the Wedding,,"In Fiddler on the Roof, Yente practices this profession of arranging introductions for marriage.",,Matchmaker,,,,A matchmaker brings together prospective partners.,,Matchmaker — Wikipedia,https://en.wikipedia.org/wiki/Matchmaking,CC-BY-SA-4.0,2026-08-27,untranslated,true
built-in-adult-clue-0065,built-in-adult,Adult (Mature) / Täiskasvanutele,built-in-adult-set-013,board,round-one,5,easy,relationships-partnership-customs,Before the Wedding,,This request for marriage creates an engagement when it is accepted.,,Proposal,,,,A marriage proposal is a request to enter marriage.,,Proposal — Wikipedia,https://en.wikipedia.org/wiki/Marriage_proposal,CC-BY-SA-4.0,2026-08-27,untranslated,true
built-in-adult-clue-0066,built-in-adult,Adult (Mature) / Täiskasvanutele,built-in-adult-set-014,board,round-one,1,easy,relationships-partnership-customs,Anniversary Materials,,Western gift lists associate this material with a first wedding anniversary.,,Paper,,,,Paper is the traditional first-anniversary gift material.,,Paper — Wikipedia,https://en.wikipedia.org/wiki/Wedding_anniversary,CC-BY-SA-4.0,2026-08-27,untranslated,true
built-in-adult-clue-0067,built-in-adult,Adult (Mature) / Täiskasvanutele,built-in-adult-set-014,board,round-one,2,easy,relationships-partnership-customs,Anniversary Materials,,A 25th wedding anniversary is traditionally named for this metal.,,Silver,,,,The 25th wedding anniversary is the silver anniversary.,,Silver — Wikipedia,https://en.wikipedia.org/wiki/Wedding_anniversary,CC-BY-SA-4.0,2026-08-27,untranslated,true
built-in-adult-clue-0068,built-in-adult,Adult (Mature) / Täiskasvanutele,built-in-adult-set-014,board,round-one,3,easy,relationships-partnership-customs,Anniversary Materials,,Traditional lists associate this gem with a 30th wedding anniversary.,,Pearl,,,,The 30th wedding anniversary is traditionally the pearl anniversary.,,Pearl — Wikipedia,https://en.wikipedia.org/wiki/Wedding_anniversary,CC-BY-SA-4.0,2026-08-27,untranslated,true
built-in-adult-clue-0069,built-in-adult,Adult (Mature) / Täiskasvanutele,built-in-adult-set-014,board,round-one,4,easy,relationships-partnership-customs,Anniversary Materials,,A 40th wedding anniversary traditionally takes the name of this red gemstone.,,Ruby,,,,The 40th wedding anniversary is the ruby anniversary.,,Ruby — Wikipedia,https://en.wikipedia.org/wiki/Wedding_anniversary,CC-BY-SA-4.0,2026-08-27,untranslated,true
built-in-adult-clue-0070,built-in-adult,Adult (Mature) / Täiskasvanutele,built-in-adult-set-014,board,round-one,5,easy,relationships-partnership-customs,Anniversary Materials,,A marriage lasting 50 years celebrates an anniversary named for this metal.,,Gold,,,,The 50th wedding anniversary is the golden anniversary.,,Gold — Wikipedia,https://en.wikipedia.org/wiki/Wedding_anniversary,CC-BY-SA-4.0,2026-08-27,untranslated,true
built-in-adult-clue-0071,built-in-adult,Adult (Mature) / Täiskasvanutele,built-in-adult-set-015,board,round-one,1,easy,relationships-partnership-customs,Legal Partnerships,,This legally recognized partnership was first introduced nationally by Denmark in 1989 under the name registered partnership.,,Civil union,,,,Denmark introduced registered partnerships for same-sex couples in 1989.,,Civil union — Wikipedia,https://en.wikipedia.org/wiki/Civil_union,CC-BY-SA-4.0,2026-08-27,untranslated,true
built-in-adult-clue-0072,built-in-adult,Adult (Mature) / Täiskasvanutele,built-in-adult-set-015,board,round-one,2,easy,relationships-partnership-customs,Legal Partnerships,,"France created this civil partnership contract, usually called PACS, in 1999.",,Pacte civil de solidarité,,PACS,,The French PACS civil partnership was established in 1999.,,Pacte civil de solidarité — Wikipedia,https://en.wikipedia.org/wiki/Civil_solidarity_pact,CC-BY-SA-4.0,2026-08-27,untranslated,true
built-in-adult-clue-0073,built-in-adult,Adult (Mature) / Täiskasvanutele,built-in-adult-set-015,board,round-one,3,easy,relationships-partnership-customs,Legal Partnerships,,This status can provide some marriage-like benefits without creating a marriage.,,Domestic partnership,,,,A domestic partnership is a legally or employer-recognized partnership outside marriage.,,Domestic partnership — Wikipedia,https://en.wikipedia.org/wiki/Domestic_partnership,CC-BY-SA-4.0,2026-08-27,untranslated,true
built-in-adult-clue-0074,built-in-adult,Adult (Mature) / Täiskasvanutele,built-in-adult-set-015,board,round-one,4,easy,relationships-partnership-customs,Legal Partnerships,,"In jurisdictions recognizing it, this marriage can arise without a license or ceremony when legal conditions are met.",,Common-law marriage,,,,Common-law marriage may be recognized without a formal ceremony in some jurisdictions.,,Common-law marriage — Wikipedia,https://en.wikipedia.org/wiki/Common-law_marriage,CC-BY-SA-4.0,2026-08-27,untranslated,true
built-in-adult-clue-0075,built-in-adult,Adult (Mature) / Täiskasvanutele,built-in-adult-set-015,board,round-one,5,easy,relationships-partnership-customs,Legal Partnerships,,This general term describes a partnership entered on an official civil register.,,Registered partnership,,,,A registered partnership is a formally recorded legal relationship.,,Registered partnership — Wikipedia,https://en.wikipedia.org/wiki/Civil_union,CC-BY-SA-4.0,2026-08-27,untranslated,true
built-in-adult-clue-0076,built-in-adult,Adult (Mature) / Täiskasvanutele,built-in-adult-set-016,board,round-one,1,easy,relationships-partnership-customs,Divorce in Legal History,,California enacted the first modern U.S. state law of this kind in 1969.,,No-fault divorce,,,,California's 1969 law allowed divorce without proving marital wrongdoing.,,No-fault divorce — Wikipedia,https://en.wikipedia.org/wiki/No-fault_divorce,CC-BY-SA-4.0,2026-08-27,untranslated,true
built-in-adult-clue-0077,built-in-adult,Adult (Mature) / Täiskasvanutele,built-in-adult-set-016,board,round-one,2,easy,relationships-partnership-customs,Divorce in Legal History,,This statute introduced irretrievable breakdown as the basis of divorce law in England and Wales.,,Divorce Act 1969,,,,The Divorce Reform Act 1969 recast divorce around irretrievable breakdown.,,Divorce Act 1969 — Wikipedia,https://en.wikipedia.org/wiki/Divorce_Reform_Act_1969,CC-BY-SA-4.0,2026-08-27,untranslated,true
built-in-adult-clue-0078,built-in-adult,Adult (Mature) / Täiskasvanutele,built-in-adult-set-016,board,round-one,3,easy,relationships-partnership-customs,Divorce in Legal History,,"During the 20th century, this Nevada city became known for short-residency divorces.",,Reno,,,,Reno attracted divorce seekers because Nevada required relatively short residency.,,Reno — Wikipedia,https://en.wikipedia.org/wiki/Reno%2C_Nevada,CC-BY-SA-4.0,2026-08-27,untranslated,true
built-in-adult-clue-0079,built-in-adult,Adult (Mature) / Täiskasvanutele,built-in-adult-set-016,board,round-one,4,easy,relationships-partnership-customs,Divorce in Legal History,,"In Jewish law, this document effects a religious divorce.",,Get,,,,A get is a Jewish religious divorce document.,,Get — Wikipedia,https://en.wikipedia.org/wiki/Get_(divorce_document),CC-BY-SA-4.0,2026-08-27,untranslated,true
built-in-adult-clue-0080,built-in-adult,Adult (Mature) / Täiskasvanutele,built-in-adult-set-016,board,round-one,5,easy,relationships-partnership-customs,Divorce in Legal History,,This Arabic legal term refers to repudiation or divorce in Islamic law.,,Talaq,,,,Talaq is an Islamic legal term associated with divorce.,,Talaq — Wikipedia,https://en.wikipedia.org/wiki/Divorce_in_Islam,CC-BY-SA-4.0,2026-08-27,untranslated,true
built-in-adult-clue-0081,built-in-adult,Adult (Mature) / Täiskasvanutele,built-in-adult-set-017,board,round-one,1,easy,relationships-partnership-customs,Dating Before the Apps,,Helen Morrison placed an early example of this matchmaking notice in a Manchester publication in 1727.,,Lonely hearts advertisement,,,,Lonely-hearts advertisements have been used to seek partners since the early 18th century.,,Lonely hearts advertisement — Wikipedia,https://en.wikipedia.org/wiki/Personal_advertisement,CC-BY-SA-4.0,2026-08-27,untranslated,true
built-in-adult-clue-0082,built-in-adult,Adult (Mature) / Täiskasvanutele,built-in-adult-set-017,board,round-one,2,easy,relationships-partnership-customs,Dating Before the Apps,,Harvard students launched this computer dating service in 1965.,,Operation Match,,,,Operation Match used questionnaires and a computer to suggest dates in 1965.,,Operation Match — Wikipedia,https://en.wikipedia.org/wiki/Operation_Match,CC-BY-SA-4.0,2026-08-27,untranslated,true
built-in-adult-clue-0083,built-in-adult,Adult (Mature) / Täiskasvanutele,built-in-adult-set-017,board,round-one,3,easy,relationships-partnership-customs,Dating Before the Apps,,This 1980s service let customers browse recorded introductions at a dating office.,,Video dating,,,,Video dating services matched clients through recorded profiles.,,Video dating — Wikipedia,https://en.wikipedia.org/wiki/Video_dating,CC-BY-SA-4.0,2026-08-27,untranslated,true
built-in-adult-clue-0084,built-in-adult,Adult (Mature) / Täiskasvanutele,built-in-adult-set-017,board,round-one,4,easy,relationships-partnership-customs,Dating Before the Apps,,"Launched in 1995, this service was among the first major internet dating sites.",,Match.com,,,,Match.com began operating as an online dating service in 1995.,,Match.com — Wikipedia,https://en.wikipedia.org/wiki/Match.com,CC-BY-SA-4.0,2026-08-27,untranslated,true
built-in-adult-clue-0085,built-in-adult,Adult (Mature) / Täiskasvanutele,built-in-adult-set-017,board,round-one,5,easy,relationships-partnership-customs,Dating Before the Apps,,Rabbi Yaacov Deyo organized an early trademarked event of this kind in Los Angeles in 1998.,,Speed dating,,,,Speed dating gives participants a sequence of brief introductions.,,Speed dating — Wikipedia,https://en.wikipedia.org/wiki/Speed_dating,CC-BY-SA-4.0,2026-08-27,untranslated,true
built-in-adult-clue-0086,built-in-adult,Adult (Mature) / Täiskasvanutele,built-in-adult-set-018,board,round-two,1,easy,relationships-partnership-customs,Matchmaking Traditions,,This Japanese custom arranges a formal meeting between prospective marriage partners.,,Omiai,,,,Omiai is a Japanese matchmaking meeting for potential spouses.,,Omiai — Wikipedia,https://en.wikipedia.org/wiki/Miai,CC-BY-SA-4.0,2026-08-27,untranslated,true
built-in-adult-clue-0087,built-in-adult,Adult (Mature) / Täiskasvanutele,built-in-adult-set-018,board,round-two,2,easy,relationships-partnership-customs,Matchmaking Traditions,,"In Orthodox Jewish communities, this term refers to matchmaking for marriage.",,Shidduch,,,,A shidduch is a proposed marriage match in Jewish tradition.,,Shidduch — Wikipedia,https://en.wikipedia.org/wiki/Shidduch,CC-BY-SA-4.0,2026-08-27,untranslated,true
built-in-adult-clue-0088,built-in-adult,Adult (Mature) / Täiskasvanutele,built-in-adult-set-018,board,round-two,3,easy,relationships-partnership-customs,Matchmaking Traditions,,This Japanese word names the intermediary who helps arrange an omiai match.,,Nakōdo,,,,A nakōdo acts as a go-between in Japanese matchmaking.,,Nakōdo — Wikipedia,https://en.wikipedia.org/wiki/Miai,CC-BY-SA-4.0,2026-08-27,untranslated,true
built-in-adult-clue-0089,built-in-adult,Adult (Mature) / Täiskasvanutele,built-in-adult-set-018,board,round-two,4,easy,relationships-partnership-customs,Matchmaking Traditions,,This professional matchmaker appears in the documentary series Indian Matchmaking.,,Sima Taparia,,,,Sima Taparia is the matchmaker featured in Indian Matchmaking.,,Sima Taparia — Wikipedia,https://en.wikipedia.org/wiki/Indian_Matchmaking,CC-BY-SA-4.0,2026-08-27,untranslated,true
built-in-adult-clue-0090,built-in-adult,Adult (Mature) / Täiskasvanutele,built-in-adult-set-018,board,round-two,5,easy,relationships-partnership-customs,Matchmaking Traditions,,"At gatherings sometimes called this, parents may display profiles of unmarried adult children.",,Marriage market,,,,A marriage market is a social setting for seeking potential spouses.,,Marriage market — Wikipedia,https://en.wikipedia.org/wiki/Shanghai_Marriage_Market,CC-BY-SA-4.0,2026-08-27,untranslated,true
built-in-adult-clue-0091,built-in-adult,Adult (Mature) / Täiskasvanutele,built-in-adult-set-019,board,round-two,1,easy,relationships-partnership-customs,Messages of Affection,,Geoffrey Chaucer's Parliament of Fowls helped connect romantic love with this February observance.,,Valentine's Day,,,,Valentine's Day became associated with courtly romance in late medieval literature.,,Valentine's Day — Wikipedia,https://en.wikipedia.org/wiki/Valentine's_Day,CC-BY-SA-4.0,2026-08-27,untranslated,true
built-in-adult-clue-0092,built-in-adult,Adult (Mature) / Täiskasvanutele,built-in-adult-set-019,board,round-two,2,easy,relationships-partnership-customs,Messages of Affection,,This French loanword means a love letter.,,Billet-doux,,,,A billet-doux is a written love note.,,Billet-doux — Wikipedia,https://en.wikipedia.org/wiki/Love_letter,CC-BY-SA-4.0,2026-08-27,untranslated,true
built-in-adult-clue-0093,built-in-adult,Adult (Mature) / Täiskasvanutele,built-in-adult-set-019,board,round-two,3,easy,relationships-partnership-customs,Messages of Affection,,A story told through letters or documents belongs to this literary form.,,Epistolary novel,,,,An epistolary novel presents its narrative through correspondence or documents.,,Epistolary novel — Wikipedia,https://en.wikipedia.org/wiki/Epistolary_novel,CC-BY-SA-4.0,2026-08-27,untranslated,true
built-in-adult-clue-0094,built-in-adult,Adult (Mature) / Täiskasvanutele,built-in-adult-set-019,board,round-two,4,easy,relationships-partnership-customs,Messages of Affection,,"Written on envelopes, these initials traditionally mean sealed with a kiss.",,SWAK,,,,SWAK is an abbreviation for sealed with a kiss.,,SWAK — Wikipedia,https://en.wikipedia.org/wiki/Sealed_with_a_kiss,CC-BY-SA-4.0,2026-08-27,untranslated,true
built-in-adult-clue-0095,built-in-adult,Adult (Mature) / Täiskasvanutele,built-in-adult-set-019,board,round-two,5,easy,relationships-partnership-customs,Messages of Affection,,"In English-language correspondence, this character can represent a kiss.",,X,,,,The letter X is conventionally used to symbolize a kiss in messages.,,X — Wikipedia,https://en.wikipedia.org/wiki/Hugs_and_kisses,CC-BY-SA-4.0,2026-08-27,untranslated,true
built-in-adult-clue-0096,built-in-adult,Adult (Mature) / Täiskasvanutele,built-in-adult-set-020,board,round-two,1,easy,relationships-partnership-customs,Theories of Relationships,,John Bowlby developed this framework for understanding lasting emotional bonds.,,Attachment theory,,,,Attachment theory examines emotional bonds between people.,,Attachment theory — Wikipedia,https://en.wikipedia.org/wiki/Attachment_theory,CC-BY-SA-4.0,2026-08-27,untranslated,true
built-in-adult-clue-0097,built-in-adult,Adult (Mature) / Täiskasvanutele,built-in-adult-set-020,board,round-two,2,easy,relationships-partnership-customs,Theories of Relationships,,"Robert Sternberg's model uses intimacy, passion, and commitment as its three components.",,Triangular theory of love,,,,"The triangular theory of love combines intimacy, passion, and commitment.",,Triangular theory of love — Wikipedia,https://en.wikipedia.org/wiki/Triangular_theory_of_love,CC-BY-SA-4.0,2026-08-27,untranslated,true
built-in-adult-clue-0098,built-in-adult,Adult (Mature) / Täiskasvanutele,built-in-adult-set-020,board,round-two,3,easy,relationships-partnership-customs,Theories of Relationships,,Gary Chapman published this relationship book in 1992.,,The Five Love Languages,,,,The Five Love Languages was published by Gary Chapman in 1992.,,The Five Love Languages — Wikipedia,https://en.wikipedia.org/wiki/The_Five_Love_Languages,CC-BY-SA-4.0,2026-08-27,untranslated,true
built-in-adult-clue-0099,built-in-adult,Adult (Mature) / Täiskasvanutele,built-in-adult-set-020,board,round-two,4,easy,relationships-partnership-customs,Theories of Relationships,,This psychologist founded a relationship-research institute with Julie Schwartz Gottman.,,John Gottman,,,,John Gottman is known for empirical research on marital stability.,,John Gottman — Wikipedia,https://en.wikipedia.org/wiki/John_Gottman,CC-BY-SA-4.0,2026-08-27,untranslated,true
built-in-adult-clue-0100,built-in-adult,Adult (Mature) / Täiskasvanutele,built-in-adult-set-020,board,round-two,5,easy,relationships-partnership-customs,Theories of Relationships,,Sociologists use this word for partnering between people with similar characteristics.,,Homogamy,,,,Homogamy is the tendency to form relationships with socially similar people.,,Homogamy — Wikipedia,https://en.wikipedia.org/wiki/Homogamy_(sociology),CC-BY-SA-4.0,2026-08-27,untranslated,true
built-in-adult-clue-0101,built-in-adult,Adult (Mature) / Täiskasvanutele,built-in-adult-set-021,board,round-two,1,easy,sexuality-identity-society,Orientation Vocabulary,,This term describes romantic or sexual attraction primarily toward a different sex or gender.,,Heterosexuality,,,,Heterosexuality refers to attraction toward a different sex or gender.,,Heterosexuality — Wikipedia,https://en.wikipedia.org/wiki/Heterosexuality,CC-BY-SA-4.0,2026-08-27,untranslated,true
built-in-adult-clue-0102,built-in-adult,Adult (Mature) / Täiskasvanutele,built-in-adult-set-021,board,round-two,2,easy,sexuality-identity-society,Orientation Vocabulary,,Karl-Maria Kertbeny coined this term in German in 1868.,,Homosexuality,,,,Karl-Maria Kertbeny introduced the word homosexual in 1868.,,Homosexuality — Wikipedia,https://en.wikipedia.org/wiki/Homosexuality,CC-BY-SA-4.0,2026-08-27,untranslated,true
built-in-adult-clue-0103,built-in-adult,Adult (Mature) / Täiskasvanutele,built-in-adult-set-021,board,round-two,3,easy,sexuality-identity-society,Orientation Vocabulary,,This term can describe attraction to more than one sex or gender.,,Bisexuality,,,,Bisexuality refers to attraction to more than one sex or gender.,,Bisexuality — Wikipedia,https://en.wikipedia.org/wiki/Bisexuality,CC-BY-SA-4.0,2026-08-27,untranslated,true
built-in-adult-clue-0104,built-in-adult,Adult (Mature) / Täiskasvanutele,built-in-adult-set-021,board,round-two,4,easy,sexuality-identity-society,Orientation Vocabulary,,This orientation is characterized by little or no sexual attraction.,,Asexuality,,,,Asexuality describes experiencing little or no sexual attraction.,,Asexuality — Wikipedia,https://en.wikipedia.org/wiki/Asexuality,CC-BY-SA-4.0,2026-08-27,untranslated,true
built-in-adult-clue-0105,built-in-adult,Adult (Mature) / Täiskasvanutele,built-in-adult-set-021,board,round-two,5,easy,sexuality-identity-society,Orientation Vocabulary,,This term describes attraction that is not limited by sex or gender.,,Pansexuality,,,,Pansexuality is attraction regardless of sex or gender.,,Pansexuality — Wikipedia,https://en.wikipedia.org/wiki/Pansexuality,CC-BY-SA-4.0,2026-08-27,untranslated,true
built-in-adult-clue-0106,built-in-adult,Adult (Mature) / Täiskasvanutele,built-in-adult-set-022,board,round-two,1,easy,sexuality-identity-society,Flags and Pride Symbols,,Gilbert Baker created the first version of this LGBTQ pride symbol in 1978.,,Rainbow flag,,,,Gilbert Baker designed a rainbow pride flag in 1978.,,Rainbow flag — Wikipedia,https://en.wikipedia.org/wiki/Rainbow_flag_(LGBTQ),CC-BY-SA-4.0,2026-08-27,untranslated,true
built-in-adult-clue-0107,built-in-adult,Adult (Mature) / Täiskasvanutele,built-in-adult-set-022,board,round-two,2,easy,sexuality-identity-society,Flags and Pride Symbols,,The Gay Activists Alliance adopted this Greek letter as a symbol in 1970.,,Lambda,,,,Lambda became a gay-liberation symbol through the Gay Activists Alliance.,,Lambda — Wikipedia,https://en.wikipedia.org/wiki/LGBTQ_symbols,CC-BY-SA-4.0,2026-08-27,untranslated,true
built-in-adult-clue-0108,built-in-adult,Adult (Mature) / Täiskasvanutele,built-in-adult-set-022,board,round-two,3,easy,sexuality-identity-society,Flags and Pride Symbols,,LGBTQ activists reclaimed this Nazi persecution badge as a memorial and protest symbol.,,Pink triangle,,,,The pink triangle was reclaimed from a symbol of Nazi persecution.,,Pink triangle — Wikipedia,https://en.wikipedia.org/wiki/Pink_triangle,CC-BY-SA-4.0,2026-08-27,untranslated,true
built-in-adult-clue-0109,built-in-adult,Adult (Mature) / Täiskasvanutele,built-in-adult-set-022,board,round-two,4,easy,sexuality-identity-society,Flags and Pride Symbols,,"Michael Page designed this pink, purple, and blue flag in 1998.",,Bisexual pride flag,,,,Michael Page introduced the bisexual pride flag in 1998.,,Bisexual pride flag — Wikipedia,https://en.wikipedia.org/wiki/Bisexual_flag,CC-BY-SA-4.0,2026-08-27,untranslated,true
built-in-adult-clue-0110,built-in-adult,Adult (Mature) / Täiskasvanutele,built-in-adult-set-022,board,round-two,5,easy,sexuality-identity-society,Flags and Pride Symbols,,"Monica Helms designed this light-blue, pink, and white flag in 1999.",,Transgender pride flag,,,,Monica Helms designed the transgender pride flag in 1999.,,Transgender pride flag — Wikipedia,https://en.wikipedia.org/wiki/Transgender_flag,CC-BY-SA-4.0,2026-08-27,untranslated,true
built-in-adult-clue-0111,built-in-adult,Adult (Mature) / Täiskasvanutele,built-in-adult-set-023,board,round-two,1,easy,sexuality-identity-society,LGBTQ Organizations,,Harry Hay helped found this early U.S. gay-rights organization in 1950.,,Mattachine Society,,,,The Mattachine Society began in Los Angeles in 1950.,,Mattachine Society — Wikipedia,https://en.wikipedia.org/wiki/Mattachine_Society,CC-BY-SA-4.0,2026-08-27,untranslated,true
built-in-adult-clue-0112,built-in-adult,Adult (Mature) / Täiskasvanutele,built-in-adult-set-023,board,round-two,2,easy,sexuality-identity-society,LGBTQ Organizations,,"Founded in San Francisco in 1955, this was an early U.S. lesbian-rights organization.",,Daughters of Bilitis,,,,The Daughters of Bilitis was founded in 1955.,,Daughters of Bilitis — Wikipedia,https://en.wikipedia.org/wiki/Daughters_of_Bilitis,CC-BY-SA-4.0,2026-08-27,untranslated,true
built-in-adult-clue-0113,built-in-adult,Adult (Mature) / Täiskasvanutele,built-in-adult-set-023,board,round-two,3,easy,sexuality-identity-society,LGBTQ Organizations,,"Jeanne Manford helped create this U.S. organization for LGBTQ people, parents, families, and allies.",,PFLAG,,,,PFLAG grew from parent and family support for LGBTQ people.,,PFLAG — Wikipedia,https://en.wikipedia.org/wiki/PFLAG,CC-BY-SA-4.0,2026-08-27,untranslated,true
built-in-adult-clue-0114,built-in-adult,Adult (Mature) / Täiskasvanutele,built-in-adult-set-023,board,round-two,4,easy,sexuality-identity-society,LGBTQ Organizations,,"Founded in New York in 1987, this direct-action group responded to the AIDS crisis.",,ACT UP,,,,ACT UP was founded in New York City in 1987.,,ACT UP — Wikipedia,https://en.wikipedia.org/wiki/ACT_UP,CC-BY-SA-4.0,2026-08-27,untranslated,true
built-in-adult-clue-0115,built-in-adult,Adult (Mature) / Täiskasvanutele,built-in-adult-set-023,board,round-two,5,easy,sexuality-identity-society,LGBTQ Organizations,,"Established in 1978, this international federation advocates for LGBTQ rights.",,ILGA World,,,,ILGA was founded as an international gay-rights association in 1978.,,ILGA World — Wikipedia,https://en.wikipedia.org/wiki/ILGA_World,CC-BY-SA-4.0,2026-08-27,untranslated,true
built-in-adult-clue-0116,built-in-adult,Adult (Mature) / Täiskasvanutele,built-in-adult-set-024,board,round-two,1,easy,sexuality-identity-society,Decriminalization Milestones,,Its revolutionary penal code of 1791 omitted previous offences based on same-sex relations.,,France,,,,France's 1791 penal code decriminalized consensual same-sex relations.,,France — Wikipedia,https://en.wikipedia.org/wiki/LGBT_rights_in_France,CC-BY-SA-4.0,2026-08-27,untranslated,true
built-in-adult-clue-0117,built-in-adult,Adult (Mature) / Täiskasvanutele,built-in-adult-set-024,board,round-two,2,easy,sexuality-identity-society,Decriminalization Milestones,,This law partially decriminalized private same-sex acts between men in England and Wales.,,Sexual Offences Act 1967,,,,The Sexual Offences Act 1967 partially decriminalized male homosexual acts in England and Wales.,,Sexual Offences Act 1967 — Wikipedia,https://en.wikipedia.org/wiki/Sexual_Offences_Act_1967,CC-BY-SA-4.0,2026-08-27,untranslated,true
built-in-adult-clue-0118,built-in-adult,Adult (Mature) / Täiskasvanutele,built-in-adult-set-024,board,round-two,3,easy,sexuality-identity-society,Decriminalization Milestones,,Canada's 1969 criminal-law reform partially decriminalized private same-sex acts under this bill number.,,Bill C-150,,,,Bill C-150 changed Canadian criminal law in 1969.,,Bill C-150 — Wikipedia,https://en.wikipedia.org/wiki/Criminal_Law_Amendment_Act%2C_1968%E2%80%9369,CC-BY-SA-4.0,2026-08-27,untranslated,true
built-in-adult-clue-0119,built-in-adult,Adult (Mature) / Täiskasvanutele,built-in-adult-set-024,board,round-two,4,easy,sexuality-identity-society,Decriminalization Milestones,,"On May 17, 1990, this body removed homosexuality from its disease classification.",,World Health Organization,,WHO,,"The World Health Organization ceased classifying homosexuality as a disorder on May 17, 1990.",,World Health Organization — Wikipedia,https://en.wikipedia.org/wiki/International_Day_Against_Homophobia%2C_Biphobia_and_Transphobia,CC-BY-SA-4.0,2026-08-27,untranslated,true
built-in-adult-clue-0120,built-in-adult,Adult (Mature) / Täiskasvanutele,built-in-adult-set-024,board,round-two,5,easy,sexuality-identity-society,Decriminalization Milestones,,"In 2018, this Supreme Court of India case invalidated the ban on consensual same-sex relations.",,Navtej Singh Johar v. Union of India,,,,Navtej Singh Johar v. Union of India decriminalized consensual same-sex relations in 2018.,,Navtej Singh Johar v. Union of India — Wikipedia,https://en.wikipedia.org/wiki/Navtej_Singh_Johar_v._Union_of_India,CC-BY-SA-4.0,2026-08-27,untranslated,true
built-in-adult-clue-0121,built-in-adult,Adult (Mature) / Täiskasvanutele,built-in-adult-set-025,board,round-two,1,easy,sexuality-identity-society,Marriage Equality Firsts,,"On April 1, 2001, this country became the first to allow same-sex couples to marry.",,Netherlands,,,,"Same-sex marriage took effect in the Netherlands on April 1, 2001.",,Netherlands — Wikipedia,https://en.wikipedia.org/wiki/Same-sex_marriage_in_the_Netherlands,CC-BY-SA-4.0,2026-08-27,untranslated,true
built-in-adult-clue-0122,built-in-adult,Adult (Mature) / Täiskasvanutele,built-in-adult-set-025,board,round-two,2,easy,sexuality-identity-society,Marriage Equality Firsts,,"In 2003, this country became the second to legalize same-sex marriage.",,Belgium,,,,Belgium opened civil marriage to same-sex couples in 2003.,,Belgium — Wikipedia,https://en.wikipedia.org/wiki/Same-sex_marriage_in_Belgium,CC-BY-SA-4.0,2026-08-27,untranslated,true
built-in-adult-clue-0123,built-in-adult,Adult (Mature) / Täiskasvanutele,built-in-adult-set-025,board,round-two,3,easy,sexuality-identity-society,Marriage Equality Firsts,,The Civil Marriage Act made same-sex marriage legal nationwide in this country in 2005.,,Canada,,,,Canada enacted nationwide same-sex marriage through the Civil Marriage Act in 2005.,,Canada — Wikipedia,https://en.wikipedia.org/wiki/Same-sex_marriage_in_Canada,CC-BY-SA-4.0,2026-08-27,untranslated,true
built-in-adult-clue-0124,built-in-adult,Adult (Mature) / Täiskasvanutele,built-in-adult-set-025,board,round-two,4,easy,sexuality-identity-society,Marriage Equality Firsts,,"In 2006, this country became the first in Africa to legalize same-sex marriage.",,South Africa,,,,South Africa enacted the Civil Union Act in 2006.,,South Africa — Wikipedia,https://en.wikipedia.org/wiki/Same-sex_marriage_in_South_Africa,CC-BY-SA-4.0,2026-08-27,untranslated,true
built-in-adult-clue-0125,built-in-adult,Adult (Mature) / Täiskasvanutele,built-in-adult-set-025,board,round-two,5,easy,sexuality-identity-society,Marriage Equality Firsts,,"In 2019, this jurisdiction became the first in Asia to legalize same-sex marriage.",,Taiwan,,,,Taiwan implemented same-sex marriage in 2019.,,Taiwan — Wikipedia,https://en.wikipedia.org/wiki/Same-sex_marriage_in_Taiwan,CC-BY-SA-4.0,2026-08-27,untranslated,true
built-in-adult-clue-0126,built-in-adult,Adult (Mature) / Täiskasvanutele,built-in-adult-set-026,board,round-two,1,easy,sexuality-identity-society,Gender-Studies Terms,,This concept names social expectations associated with a perceived gender.,,Gender role,,,,A gender role is a set of social norms linked to gender.,,Gender role — Wikipedia,https://en.wikipedia.org/wiki/Gender_role,CC-BY-SA-4.0,2026-08-27,untranslated,true
built-in-adult-clue-0127,built-in-adult,Adult (Mature) / Täiskasvanutele,built-in-adult-set-026,board,round-two,2,easy,sexuality-identity-society,Gender-Studies Terms,,This term describes a person's internal sense of gender.,,Gender identity,,,,Gender identity is an individual's personal sense of gender.,,Gender identity — Wikipedia,https://en.wikipedia.org/wiki/Gender_identity,CC-BY-SA-4.0,2026-08-27,untranslated,true
built-in-adult-clue-0128,built-in-adult,Adult (Mature) / Täiskasvanutele,built-in-adult-set-026,board,round-two,3,easy,sexuality-identity-society,Gender-Studies Terms,,This adjective describes a person whose gender identity corresponds with the sex assigned at birth.,,Cisgender,,,,Cisgender refers to correspondence between gender identity and assigned sex.,,Cisgender — Wikipedia,https://en.wikipedia.org/wiki/Cisgender,CC-BY-SA-4.0,2026-08-27,untranslated,true
built-in-adult-clue-0129,built-in-adult,Adult (Mature) / Täiskasvanutele,built-in-adult-set-026,board,round-two,4,easy,sexuality-identity-society,Gender-Studies Terms,,This umbrella term covers gender identities outside an exclusively woman-or-man binary.,,Non-binary,,,,Non-binary identities are not exclusively male or female.,,Non-binary — Wikipedia,https://en.wikipedia.org/wiki/Non-binary_gender,CC-BY-SA-4.0,2026-08-27,untranslated,true
built-in-adult-clue-0130,built-in-adult,Adult (Mature) / Täiskasvanutele,built-in-adult-set-026,board,round-two,5,easy,sexuality-identity-society,Gender-Studies Terms,,Kimberlé Crenshaw coined this term for interacting forms of social disadvantage.,,Intersectionality,,,,Intersectionality analyzes how multiple social identities and inequalities interact.,,Intersectionality — Wikipedia,https://en.wikipedia.org/wiki/Intersectionality,CC-BY-SA-4.0,2026-08-27,untranslated,true
built-in-adult-clue-0131,built-in-adult,Adult (Mature) / Täiskasvanutele,built-in-adult-set-027,board,round-two,1,easy,sexuality-identity-society,Queer Literary Landmarks,,This ancient poet from Lesbos gave her name to the adjective Sapphic.,,Sappho,,,,Sappho's surviving lyric poetry shaped later vocabulary for love between women.,,Sappho — Wikipedia,https://en.wikipedia.org/wiki/Sappho,CC-BY-SA-4.0,2026-08-27,untranslated,true
built-in-adult-clue-0132,built-in-adult,Adult (Mature) / Täiskasvanutele,built-in-adult-set-027,board,round-two,2,easy,sexuality-identity-society,Queer Literary Landmarks,,Oscar Wilde published the first version of this novel in Lippincott's Monthly Magazine in 1890.,,The Picture of Dorian Gray,,,,The Picture of Dorian Gray first appeared in 1890.,,The Picture of Dorian Gray — Wikipedia,https://en.wikipedia.org/wiki/The_Picture_of_Dorian_Gray,CC-BY-SA-4.0,2026-08-27,untranslated,true
built-in-adult-clue-0133,built-in-adult,Adult (Mature) / Täiskasvanutele,built-in-adult-set-027,board,round-two,3,easy,sexuality-identity-society,Queer Literary Landmarks,,Virginia Woolf dedicated this 1928 novel to Vita Sackville-West.,,Orlando,,,,Virginia Woolf's Orlando was published in 1928.,,Orlando — Wikipedia,https://en.wikipedia.org/wiki/Orlando%3A_A_Biography,CC-BY-SA-4.0,2026-08-27,untranslated,true
built-in-adult-clue-0134,built-in-adult,Adult (Mature) / Täiskasvanutele,built-in-adult-set-027,board,round-two,4,easy,sexuality-identity-society,Queer Literary Landmarks,,James Baldwin published this Paris-set novel in 1956.,,Giovanni's Room,,,,Giovanni's Room by James Baldwin appeared in 1956.,,Giovanni's Room — Wikipedia,https://en.wikipedia.org/wiki/Giovanni's_Room,CC-BY-SA-4.0,2026-08-27,untranslated,true
built-in-adult-clue-0135,built-in-adult,Adult (Mature) / Täiskasvanutele,built-in-adult-set-027,board,round-two,5,easy,sexuality-identity-society,Queer Literary Landmarks,,Audre Lorde called this 1982 book a biomythography.,,Zami: A New Spelling of My Name,,,,"Audre Lorde's Zami blends autobiography, history, and myth.",,Zami: A New Spelling of My Name — Wikipedia,https://en.wikipedia.org/wiki/Zami%3A_A_New_Spelling_of_My_Name,CC-BY-SA-4.0,2026-08-27,untranslated,true
built-in-adult-clue-0136,built-in-adult,Adult (Mature) / Täiskasvanutele,built-in-adult-set-028,board,round-two,1,easy,sexuality-identity-society,Pride Events Around the World,,"Held in New York on June 28, 1970, this march marked the first anniversary of the Stonewall uprising.",,Christopher Street Liberation Day,,,,"Christopher Street Liberation Day was held on June 28, 1970.",,Christopher Street Liberation Day — Wikipedia,https://en.wikipedia.org/wiki/NYC_Pride_March,CC-BY-SA-4.0,2026-08-27,untranslated,true
built-in-adult-clue-0137,built-in-adult,Adult (Mature) / Täiskasvanutele,built-in-adult-set-028,board,round-two,2,easy,sexuality-identity-society,Pride Events Around the World,,"The first official UK Gay Pride Rally took place in this city on July 1, 1972.",,London Pride,,,,London hosted the first official UK Gay Pride Rally in 1972.,,London Pride — Wikipedia,https://en.wikipedia.org/wiki/Pride_in_London,CC-BY-SA-4.0,2026-08-27,untranslated,true
built-in-adult-clue-0138,built-in-adult,Adult (Mature) / Täiskasvanutele,built-in-adult-set-028,board,round-two,3,easy,sexuality-identity-society,Pride Events Around the World,,This Australian event began as a protest march in 1978.,,Sydney Gay and Lesbian Mardi Gras,,,,Sydney's Mardi Gras began in 1978.,,Sydney Gay and Lesbian Mardi Gras — Wikipedia,https://en.wikipedia.org/wiki/Sydney_Gay_and_Lesbian_Mardi_Gras,CC-BY-SA-4.0,2026-08-27,untranslated,true
built-in-adult-clue-0139,built-in-adult,Adult (Mature) / Täiskasvanutele,built-in-adult-set-028,board,round-two,4,easy,sexuality-identity-society,Pride Events Around the World,,London hosted the first edition of this pan-European pride event in 1992.,,EuroPride,,,,The first EuroPride took place in London in 1992.,,EuroPride — Wikipedia,https://en.wikipedia.org/wiki/EuroPride,CC-BY-SA-4.0,2026-08-27,untranslated,true
built-in-adult-clue-0140,built-in-adult,Adult (Mature) / Täiskasvanutele,built-in-adult-set-028,board,round-two,5,easy,sexuality-identity-society,Pride Events Around the World,,Rome hosted the first event using this international pride title in 2000.,,WorldPride,,,,The first WorldPride was held in Rome in 2000.,,WorldPride — Wikipedia,https://en.wikipedia.org/wiki/WorldPride,CC-BY-SA-4.0,2026-08-27,untranslated,true
built-in-adult-clue-0141,built-in-adult,Adult (Mature) / Täiskasvanutele,built-in-adult-set-029,board,round-two,1,easy,sexuality-identity-society,Equality in the Courts,,"In 2003, this U.S. Supreme Court case invalidated state bans on consensual same-sex intimacy.",,Lawrence v. Texas,,,,Lawrence v. Texas struck down the challenged Texas law in 2003.,,Lawrence v. Texas — Wikipedia,https://en.wikipedia.org/wiki/Lawrence_v._Texas,CC-BY-SA-4.0,2026-08-27,untranslated,true
built-in-adult-clue-0142,built-in-adult,Adult (Mature) / Täiskasvanutele,built-in-adult-set-029,board,round-two,2,easy,sexuality-identity-society,Equality in the Courts,,This 2015 U.S. Supreme Court case required states to license and recognize same-sex marriages.,,Obergefell v. Hodges,,,,Obergefell v. Hodges established nationwide marriage equality in 2015.,,Obergefell v. Hodges — Wikipedia,https://en.wikipedia.org/wiki/Obergefell_v._Hodges,CC-BY-SA-4.0,2026-08-27,untranslated,true
built-in-adult-clue-0143,built-in-adult,Adult (Mature) / Täiskasvanutele,built-in-adult-set-029,board,round-two,3,easy,sexuality-identity-society,Equality in the Courts,,"In 2020, this U.S. Supreme Court case held that Title VII covers sexual orientation and gender identity.",,Bostock v. Clayton County,,,,Bostock v. Clayton County interpreted Title VII in 2020.,,Bostock v. Clayton County — Wikipedia,https://en.wikipedia.org/wiki/Bostock_v._Clayton_County,CC-BY-SA-4.0,2026-08-27,untranslated,true
built-in-adult-clue-0144,built-in-adult,Adult (Mature) / Täiskasvanutele,built-in-adult-set-029,board,round-two,4,easy,sexuality-identity-society,Equality in the Courts,,This 2003 Massachusetts decision made that state the first in the United States to permit same-sex marriage.,,Goodridge v. Department of Public Health,,,,Goodridge led Massachusetts to issue same-sex marriage licenses in 2004.,,Goodridge v. Department of Public Health — Wikipedia,https://en.wikipedia.org/wiki/Goodridge_v._Department_of_Public_Health,CC-BY-SA-4.0,2026-08-27,untranslated,true
built-in-adult-clue-0145,built-in-adult,Adult (Mature) / Täiskasvanutele,built-in-adult-set-029,board,round-two,5,easy,sexuality-identity-society,Equality in the Courts,,"In 1981, this European human-rights case challenged Northern Ireland's criminalization of same-sex relations.",,Dudgeon v. United Kingdom,,,,Dudgeon v. United Kingdom found a privacy violation in 1981.,,Dudgeon v. United Kingdom — Wikipedia,https://en.wikipedia.org/wiki/Dudgeon_v_United_Kingdom,CC-BY-SA-4.0,2026-08-27,untranslated,true
built-in-adult-clue-0146,built-in-adult,Adult (Mature) / Täiskasvanutele,built-in-adult-set-030,board,round-two,1,easy,sexuality-identity-society,Scales and Frameworks,,This research scale ranges from 0 for exclusively heterosexual to 6 for exclusively homosexual.,,Kinsey scale,,,,The Kinsey scale uses values from 0 through 6.,,Kinsey scale — Wikipedia,https://en.wikipedia.org/wiki/Kinsey_scale,CC-BY-SA-4.0,2026-08-27,untranslated,true
built-in-adult-clue-0147,built-in-adult,Adult (Mature) / Täiskasvanutele,built-in-adult-set-030,board,round-two,2,easy,sexuality-identity-society,Scales and Frameworks,,Fritz Klein developed this multidimensional alternative to a one-number orientation scale.,,Klein Sexual Orientation Grid,,,,"The Klein grid considers several dimensions across past, present, and ideal states.",,Klein Sexual Orientation Grid — Wikipedia,https://en.wikipedia.org/wiki/Klein_Sexual_Orientation_Grid,CC-BY-SA-4.0,2026-08-27,untranslated,true
built-in-adult-clue-0148,built-in-adult,Adult (Mature) / Täiskasvanutele,built-in-adult-set-030,board,round-two,3,easy,sexuality-identity-society,Scales and Frameworks,,Sandra Bem created this questionnaire to measure traditionally masculine and feminine traits.,,Bem Sex-Role Inventory,,,,The Bem Sex-Role Inventory was published by Sandra Bem in 1974.,,Bem Sex-Role Inventory — Wikipedia,https://en.wikipedia.org/wiki/Bem_Sex-Role_Inventory,CC-BY-SA-4.0,2026-08-27,untranslated,true
built-in-adult-clue-0149,built-in-adult,Adult (Mature) / Täiskasvanutele,built-in-adult-set-030,board,round-two,4,easy,sexuality-identity-society,Scales and Frameworks,,Ilan Meyer developed a model using this term for chronic stress faced by stigmatized groups.,,Minority stress,,,,Minority-stress theory links prejudice and discrimination to health burdens.,,Minority stress — Wikipedia,https://en.wikipedia.org/wiki/Minority_stress,CC-BY-SA-4.0,2026-08-27,untranslated,true
built-in-adult-clue-0150,built-in-adult,Adult (Mature) / Täiskasvanutele,built-in-adult-set-030,board,round-two,5,easy,sexuality-identity-society,Scales and Frameworks,,"Published in 2007, this document applies international human-rights law to sexual orientation and gender identity.",,Yogyakarta Principles,,,,The Yogyakarta Principles were released in 2007.,,Yogyakarta Principles — Wikipedia,https://en.wikipedia.org/wiki/Yogyakarta_Principles,CC-BY-SA-4.0,2026-08-27,untranslated,true
built-in-adult-clue-0151,built-in-adult,Adult (Mature) / Täiskasvanutele,built-in-adult-set-031,board,round-two,1,easy,nightlife-adult-social-culture,Cabaret Birthplaces,,Rodolphe Salis opened this pioneering Montmartre cabaret in 1881.,,Le Chat Noir,,,,Le Chat Noir opened in Paris in 1881.,,Le Chat Noir — Wikipedia,https://en.wikipedia.org/wiki/Le_Chat_Noir,CC-BY-SA-4.0,2026-08-27,untranslated,true
built-in-adult-clue-0152,built-in-adult,Adult (Mature) / Täiskasvanutele,built-in-adult-set-031,board,round-two,2,easy,nightlife-adult-social-culture,Cabaret Birthplaces,,This Paris music hall opened in 1869 and became a symbol of Belle Époque entertainment.,,Folies Bergère,,,,The Folies Bergère opened in Paris in 1869.,,Folies Bergère — Wikipedia,https://en.wikipedia.org/wiki/Folies_Berg%C3%A8re,CC-BY-SA-4.0,2026-08-27,untranslated,true
built-in-adult-clue-0153,built-in-adult,Adult (Mature) / Täiskasvanutele,built-in-adult-set-031,board,round-two,3,easy,nightlife-adult-social-culture,Cabaret Birthplaces,,Dada artists founded this Zurich venue in 1916.,,Cabaret Voltaire,,,,Cabaret Voltaire became a birthplace of Dada in 1916.,,Cabaret Voltaire — Wikipedia,https://en.wikipedia.org/wiki/Cabaret_Voltaire_(Zurich),CC-BY-SA-4.0,2026-08-27,untranslated,true
built-in-adult-clue-0154,built-in-adult,Adult (Mature) / Täiskasvanutele,built-in-adult-set-031,board,round-two,4,easy,nightlife-adult-social-culture,Cabaret Birthplaces,,This Barcelona café and cabaret hosted a young Pablo Picasso's first solo exhibition.,,Els Quatre Gats,,,,Els Quatre Gats was a meeting place for Catalan modernist artists.,,Els Quatre Gats — Wikipedia,https://en.wikipedia.org/wiki/Els_Quatre_Gats,CC-BY-SA-4.0,2026-08-27,untranslated,true
built-in-adult-clue-0155,built-in-adult,Adult (Mature) / Täiskasvanutele,built-in-adult-set-031,board,round-two,5,easy,nightlife-adult-social-culture,Cabaret Birthplaces,,Alain Bernardin founded this Paris cabaret in 1951.,,Crazy Horse,,,,The Crazy Horse cabaret opened in Paris in 1951.,,Crazy Horse — Wikipedia,https://en.wikipedia.org/wiki/Crazy_Horse_(cabaret),CC-BY-SA-4.0,2026-08-27,untranslated,true
built-in-adult-clue-0156,built-in-adult,Adult (Mature) / Täiskasvanutele,built-in-adult-set-032,board,round-two,1,easy,nightlife-adult-social-culture,Burlesque on Stage,,"This 19th-century theatrical form parodied opera, Shakespeare, and classical subjects.",,Victorian burlesque,,,,"Victorian burlesque mixed parody, music, and theatrical spectacle.",,Victorian burlesque — Wikipedia,https://en.wikipedia.org/wiki/Victorian_burlesque,CC-BY-SA-4.0,2026-08-27,untranslated,true
built-in-adult-clue-0157,built-in-adult,Adult (Mature) / Täiskasvanutele,built-in-adult-set-032,board,round-two,2,easy,nightlife-adult-social-culture,Burlesque on Stage,,This English performer brought her British Blondes burlesque troupe to New York in 1868.,,Lydia Thompson,,,,Lydia Thompson's British Blondes helped popularize burlesque in the United States.,,Lydia Thompson — Wikipedia,https://en.wikipedia.org/wiki/Lydia_Thompson,CC-BY-SA-4.0,2026-08-27,untranslated,true
built-in-adult-clue-0158,built-in-adult,Adult (Mature) / Täiskasvanutele,built-in-adult-set-032,board,round-two,3,easy,nightlife-adult-social-culture,Burlesque on Stage,,Four brothers operated this famous chain of New York burlesque theaters.,,Minsky's Burlesque,,,,The Minsky brothers ran influential burlesque theaters in New York.,,Minsky's Burlesque — Wikipedia,https://en.wikipedia.org/wiki/Minsky's_Burlesque,CC-BY-SA-4.0,2026-08-27,untranslated,true
built-in-adult-clue-0159,built-in-adult,Adult (Mature) / Täiskasvanutele,built-in-adult-set-032,board,round-two,4,easy,nightlife-adult-social-culture,Burlesque on Stage,,This word combines removing clothing with playful delay or suggestion.,,Striptease,,,,Striptease is a staged performance built around gradual undressing.,,Striptease — Wikipedia,https://en.wikipedia.org/wiki/Striptease,CC-BY-SA-4.0,2026-08-27,untranslated,true
built-in-adult-clue-0160,built-in-adult,Adult (Mature) / Täiskasvanutele,built-in-adult-set-032,board,round-two,5,easy,nightlife-adult-social-culture,Burlesque on Stage,,This late-20th-century revival combines classic burlesque forms with contemporary performance.,,Neo-burlesque,,,,Neo-burlesque revived and reinterpreted burlesque traditions.,,Neo-burlesque — Wikipedia,https://en.wikipedia.org/wiki/Neo-Burlesque,CC-BY-SA-4.0,2026-08-27,untranslated,true
built-in-adult-clue-0161,built-in-adult,Adult (Mature) / Täiskasvanutele,built-in-adult-set-033,board,round-two,1,easy,nightlife-adult-social-culture,Speakeasy Vocabulary,,This 1919 U.S. law supplied enforcement rules for national alcohol prohibition.,,Volstead Act,,,,The Volstead Act implemented the Eighteenth Amendment in 1919.,,Volstead Act — Wikipedia,https://en.wikipedia.org/wiki/Volstead_Act,CC-BY-SA-4.0,2026-08-27,untranslated,true
built-in-adult-clue-0162,built-in-adult,Adult (Mature) / Täiskasvanutele,built-in-adult-set-033,board,round-two,2,easy,nightlife-adult-social-culture,Speakeasy Vocabulary,,"During U.S. Prohibition, this word meant an establishment that sold alcohol illegally.",,Speakeasy,,,,A speakeasy was an illicit drinking establishment during Prohibition.,,Speakeasy — Wikipedia,https://en.wikipedia.org/wiki/Speakeasy,CC-BY-SA-4.0,2026-08-27,untranslated,true
built-in-adult-clue-0163,built-in-adult,Adult (Mature) / Täiskasvanutele,built-in-adult-set-033,board,round-two,3,easy,nightlife-adult-social-culture,Speakeasy Vocabulary,,This animal phrase was another name for an illegal drinking establishment.,,Blind pig,,,,Blind pig was slang for a speakeasy.,,Blind pig — Wikipedia,https://en.wikipedia.org/wiki/Speakeasy,CC-BY-SA-4.0,2026-08-27,untranslated,true
built-in-adult-clue-0164,built-in-adult,Adult (Mature) / Täiskasvanutele,built-in-adult-set-033,board,round-two,4,easy,nightlife-adult-social-culture,Speakeasy Vocabulary,,A system of disappearing bar shelves helped this New York speakeasy evade raids.,,21 Club,,,,The 21 Club operated as a speakeasy during U.S. Prohibition.,,21 Club — Wikipedia,https://en.wikipedia.org/wiki/21_Club,CC-BY-SA-4.0,2026-08-27,untranslated,true
built-in-adult-clue-0165,built-in-adult,Adult (Mature) / Täiskasvanutele,built-in-adult-set-033,board,round-two,5,easy,nightlife-adult-social-culture,Speakeasy Vocabulary,,This term describes smuggling alcoholic drinks by sea or across borders.,,Rum-running,,,,Rum-running was the illegal transport of alcohol during Prohibition.,,Rum-running — Wikipedia,https://en.wikipedia.org/wiki/Rum-running,CC-BY-SA-4.0,2026-08-27,untranslated,true
built-in-adult-clue-0166,built-in-adult,Adult (Mature) / Täiskasvanutele,built-in-adult-set-034,board,round-one,1,medium,nightlife-adult-social-culture,Jazz-Age Nightspots,,This Harlem nightclub featured major Black performers while maintaining segregated admission for much of its early history.,,Cotton Club,,,,The Cotton Club was a prominent Harlem nightclub with discriminatory admission policies.,,Cotton Club — Wikipedia,https://en.wikipedia.org/wiki/Cotton_Club,CC-BY-SA-4.0,2026-08-27,untranslated,true
built-in-adult-clue-0167,built-in-adult,Adult (Mature) / Täiskasvanutele,built-in-adult-set-034,board,round-one,2,medium,nightlife-adult-social-culture,Jazz-Age Nightspots,,"Opened in Harlem in 1926, this integrated ballroom became famous for swing dancing.",,Savoy Ballroom,,,,The Savoy Ballroom opened in 1926.,,Savoy Ballroom — Wikipedia,https://en.wikipedia.org/wiki/Savoy_Ballroom,CC-BY-SA-4.0,2026-08-27,untranslated,true
built-in-adult-clue-0168,built-in-adult,Adult (Mature) / Täiskasvanutele,built-in-adult-set-034,board,round-one,3,medium,nightlife-adult-social-culture,Jazz-Age Nightspots,,This Harlem venue began presenting its famous Amateur Night in 1934.,,Apollo Theater,,,,The Apollo Theater's Amateur Night began in 1934.,,Apollo Theater — Wikipedia,https://en.wikipedia.org/wiki/Apollo_Theater,CC-BY-SA-4.0,2026-08-27,untranslated,true
built-in-adult-clue-0169,built-in-adult,Adult (Mature) / Täiskasvanutele,built-in-adult-set-034,board,round-one,4,medium,nightlife-adult-social-culture,Jazz-Age Nightspots,,Barney Josephson opened this racially integrated New York nightclub in 1938.,,Café Society,,,,Café Society opened in Greenwich Village in 1938.,,Café Society — Wikipedia,https://en.wikipedia.org/wiki/Caf%C3%A9_Society,CC-BY-SA-4.0,2026-08-27,untranslated,true
built-in-adult-clue-0170,built-in-adult,Adult (Mature) / Täiskasvanutele,built-in-adult-set-034,board,round-one,5,medium,nightlife-adult-social-culture,Jazz-Age Nightspots,,This Chicago club is associated with jazz and Prohibition-era gangster history.,,Green Mill Cocktail Lounge,,,,The Green Mill is a long-running Chicago jazz club.,,Green Mill Cocktail Lounge — Wikipedia,https://en.wikipedia.org/wiki/Green_Mill_Cocktail_Lounge,CC-BY-SA-4.0,2026-08-27,untranslated,true
built-in-adult-clue-0171,built-in-adult,Adult (Mature) / Täiskasvanutele,built-in-adult-set-035,board,round-one,1,medium,nightlife-adult-social-culture,Disco's Famous Rooms,,David Mancuso began hosting invitation-only dance parties under this name in New York in 1970.,,The Loft,,,,The Loft parties helped shape modern dance-club culture.,,The Loft — Wikipedia,https://en.wikipedia.org/wiki/The_Loft_(New_York_City),CC-BY-SA-4.0,2026-08-27,untranslated,true
built-in-adult-clue-0172,built-in-adult,Adult (Mature) / Täiskasvanutele,built-in-adult-set-035,board,round-one,2,medium,nightlife-adult-social-culture,Disco's Famous Rooms,,Steve Rubell and Ian Schrager opened this Manhattan nightclub in 1977.,,Studio 54,,,,Studio 54 opened in New York in 1977.,,Studio 54 — Wikipedia,https://en.wikipedia.org/wiki/Studio_54,CC-BY-SA-4.0,2026-08-27,untranslated,true
built-in-adult-clue-0173,built-in-adult,Adult (Mature) / Täiskasvanutele,built-in-adult-set-035,board,round-one,3,medium,nightlife-adult-social-culture,Disco's Famous Rooms,,DJ Larry Levan became closely associated with this New York club.,,Paradise Garage,,,,Paradise Garage was influential in dance-music and DJ culture.,,Paradise Garage — Wikipedia,https://en.wikipedia.org/wiki/Paradise_Garage,CC-BY-SA-4.0,2026-08-27,untranslated,true
built-in-adult-clue-0174,built-in-adult,Adult (Mature) / Täiskasvanutele,built-in-adult-set-035,board,round-one,4,medium,nightlife-adult-social-culture,Disco's Famous Rooms,,Factory Records opened this influential Manchester club in 1982.,,The Haçienda,,,,The Haçienda opened in Manchester in 1982.,,The Haçienda — Wikipedia,https://en.wikipedia.org/wiki/The_Ha%C3%A7ienda,CC-BY-SA-4.0,2026-08-27,untranslated,true
built-in-adult-clue-0175,built-in-adult,Adult (Mature) / Täiskasvanutele,built-in-adult-set-035,board,round-one,5,medium,nightlife-adult-social-culture,Disco's Famous Rooms,,A 1979 baseball promotion at Chicago's Comiskey Park carried this name.,,Disco Demolition Night,,,,Disco Demolition Night took place at Comiskey Park in 1979.,,Disco Demolition Night — Wikipedia,https://en.wikipedia.org/wiki/Disco_Demolition_Night,CC-BY-SA-4.0,2026-08-27,untranslated,true
built-in-adult-clue-0176,built-in-adult,Adult (Mature) / Täiskasvanutele,built-in-adult-set-036,board,round-one,1,medium,nightlife-adult-social-culture,Inside a Nightclub,,This security worker controls entry and handles disorder at a venue.,,Bouncer,,,,A bouncer is a security employee at a bar or nightclub.,,Bouncer — Wikipedia,https://en.wikipedia.org/wiki/Bouncer_(doorman),CC-BY-SA-4.0,2026-08-27,untranslated,true
built-in-adult-clue-0177,built-in-adult,Adult (Mature) / Täiskasvanutele,built-in-adult-set-036,board,round-one,2,medium,nightlife-adult-social-culture,Inside a Nightclub,,"Names approved for entry, often without a normal ticket, appear on this list.",,Guest list,,,,A nightclub guest list identifies invited patrons.,,Guest list — Wikipedia,https://en.wikipedia.org/wiki/Nightclub,CC-BY-SA-4.0,2026-08-27,untranslated,true
built-in-adult-clue-0178,built-in-adult,Adult (Mature) / Täiskasvanutele,built-in-adult-set-036,board,round-one,3,medium,nightlife-adult-social-culture,Inside a Nightclub,,A venue may collect this entrance fee before charging separately for refreshments.,,Cover charge,,,,A cover charge is a fee for admission to an entertainment venue.,,Cover charge — Wikipedia,https://en.wikipedia.org/wiki/Cover_charge,CC-BY-SA-4.0,2026-08-27,untranslated,true
built-in-adult-clue-0179,built-in-adult,Adult (Mature) / Täiskasvanutele,built-in-adult-set-036,board,round-one,4,medium,nightlife-adult-social-culture,Inside a Nightclub,,This premium club service sells a full bottle with reserved table seating.,,Bottle service,,,,Bottle service combines table reservation with spirits sold by the bottle.,,Bottle service — Wikipedia,https://en.wikipedia.org/wiki/Bottle_service,CC-BY-SA-4.0,2026-08-27,untranslated,true
built-in-adult-clue-0180,built-in-adult,Adult (Mature) / Täiskasvanutele,built-in-adult-set-036,board,round-one,5,medium,nightlife-adult-social-culture,Inside a Nightclub,,This type of venue operates later than ordinary local closing times.,,After-hours club,,,,An after-hours club continues entertainment beyond standard venue hours.,,After-hours club — Wikipedia,https://en.wikipedia.org/wiki/Afterhours_club,CC-BY-SA-4.0,2026-08-27,untranslated,true
built-in-adult-clue-0181,built-in-adult,Adult (Mature) / Täiskasvanutele,built-in-adult-set-037,board,round-one,1,medium,nightlife-adult-social-culture,Historic Cocktail Bars,,This bar inside London's Savoy Hotel employed pioneering bartender Ada Coleman.,,American Bar,,,,The Savoy's American Bar is associated with bartender Ada Coleman.,,American Bar — Wikipedia,https://en.wikipedia.org/wiki/Savoy_Hotel,CC-BY-SA-4.0,2026-08-27,untranslated,true
built-in-adult-clue-0182,built-in-adult,Adult (Mature) / Täiskasvanutele,built-in-adult-set-037,board,round-one,2,medium,nightlife-adult-social-culture,Historic Cocktail Bars,,"Opened in Paris in 1911, this bar is linked to the Sidecar and Bloody Mary in cocktail lore.",,Harry's New York Bar,,,,Harry's New York Bar opened in Paris in 1911.,,Harry's New York Bar — Wikipedia,https://en.wikipedia.org/wiki/Harry's_New_York_Bar,CC-BY-SA-4.0,2026-08-27,untranslated,true
built-in-adult-clue-0183,built-in-adult,Adult (Mature) / Täiskasvanutele,built-in-adult-set-037,board,round-one,3,medium,nightlife-adult-social-culture,Historic Cocktail Bars,,The Singapore Sling is traditionally associated with this bar at Raffles Hotel.,,Long Bar,,,,Raffles Hotel's Long Bar is associated with the Singapore Sling.,,Long Bar — Wikipedia,https://en.wikipedia.org/wiki/Raffles_Hotel,CC-BY-SA-4.0,2026-08-27,untranslated,true
built-in-adult-clue-0184,built-in-adult,Adult (Mature) / Täiskasvanutele,built-in-adult-set-037,board,round-one,4,medium,nightlife-adult-social-culture,Historic Cocktail Bars,,"Ernest Hemingway frequented this Havana bar, known for daiquiris.",,El Floridita,,,,El Floridita is a historic Havana cocktail bar.,,El Floridita — Wikipedia,https://en.wikipedia.org/wiki/Floridita,CC-BY-SA-4.0,2026-08-27,untranslated,true
built-in-adult-clue-0185,built-in-adult,Adult (Mature) / Täiskasvanutele,built-in-adult-set-037,board,round-one,5,medium,nightlife-adult-social-culture,Historic Cocktail Bars,,The Ritz Paris named this bar for the American writer who frequented the hotel.,,Bar Hemingway,,,,Bar Hemingway is located in the Ritz Paris.,,Bar Hemingway — Wikipedia,https://en.wikipedia.org/wiki/Ritz_Paris,CC-BY-SA-4.0,2026-08-27,untranslated,true
built-in-adult-clue-0186,built-in-adult,Adult (Mature) / Täiskasvanutele,built-in-adult-set-038,board,round-one,1,medium,nightlife-adult-social-culture,Drag Performance Traditions,,"In British pantomime, a male comic actor traditionally plays this larger-than-life female character.",,Pantomime dame,,,,The pantomime dame is a cross-gender comic role.,,Pantomime dame — Wikipedia,https://en.wikipedia.org/wiki/Pantomime_dame,CC-BY-SA-4.0,2026-08-27,untranslated,true
built-in-adult-clue-0187,built-in-adult,Adult (Mature) / Täiskasvanutele,built-in-adult-set-038,board,round-one,2,medium,nightlife-adult-social-culture,Drag Performance Traditions,,This American vaudeville performer became famous for female impersonation in the early 20th century.,,Julian Eltinge,,,,Julian Eltinge was a leading vaudeville female impersonator.,,Julian Eltinge — Wikipedia,https://en.wikipedia.org/wiki/Julian_Eltinge,CC-BY-SA-4.0,2026-08-27,untranslated,true
built-in-adult-clue-0188,built-in-adult,Adult (Mature) / Täiskasvanutele,built-in-adult-set-038,board,round-one,3,medium,nightlife-adult-social-culture,Drag Performance Traditions,,Harlem's Hamilton Lodge hosted notable examples of this costumed competition by the 1920s.,,Drag ball,,,,Drag balls developed into major events in New York's queer culture.,,Drag ball — Wikipedia,https://en.wikipedia.org/wiki/Drag_ball,CC-BY-SA-4.0,2026-08-27,untranslated,true
built-in-adult-clue-0189,built-in-adult,Adult (Mature) / Täiskasvanutele,built-in-adult-set-038,board,round-one,4,medium,nightlife-adult-social-culture,Drag Performance Traditions,,This stylized dance emerged from Harlem ballroom culture and uses model-like poses.,,Voguing,,,,Voguing developed in ballroom communities.,,Voguing — Wikipedia,https://en.wikipedia.org/wiki/Vogue_(dance),CC-BY-SA-4.0,2026-08-27,untranslated,true
built-in-adult-clue-0190,built-in-adult,Adult (Mature) / Täiskasvanutele,built-in-adult-set-038,board,round-one,5,medium,nightlife-adult-social-culture,Drag Performance Traditions,,This term describes a performer who presents an exaggerated masculine stage persona.,,Drag king,,,,A drag king performs masculinity as a stage role.,,Drag king — Wikipedia,https://en.wikipedia.org/wiki/Drag_king,CC-BY-SA-4.0,2026-08-27,untranslated,true
built-in-adult-clue-0191,built-in-adult,Adult (Mature) / Täiskasvanutele,built-in-adult-set-039,board,round-one,1,medium,nightlife-adult-social-culture,Dances After Dark,,This partnered dance developed along the Río de la Plata in the late 19th century.,,Tango,,,,Tango developed in the Argentina-Uruguay border region.,,Tango — Wikipedia,https://en.wikipedia.org/wiki/Tango,CC-BY-SA-4.0,2026-08-27,untranslated,true
built-in-adult-clue-0192,built-in-adult,Adult (Mature) / Täiskasvanutele,built-in-adult-set-039,board,round-one,2,medium,nightlife-adult-social-culture,Dances After Dark,,Vaudeville performer Harry Fox gave his surname to this smooth dance around 1914.,,Foxtrot,,,,The foxtrot became popular in the 1910s.,,Foxtrot — Wikipedia,https://en.wikipedia.org/wiki/Foxtrot,CC-BY-SA-4.0,2026-08-27,untranslated,true
built-in-adult-clue-0193,built-in-adult,Adult (Mature) / Täiskasvanutele,built-in-adult-set-039,board,round-one,3,medium,nightlife-adult-social-culture,Dances After Dark,,This energetic 1920s dance took its name from a city in South Carolina.,,Charleston,,,,The Charleston became a defining dance of the Jazz Age.,,Charleston — Wikipedia,https://en.wikipedia.org/wiki/Charleston_(dance),CC-BY-SA-4.0,2026-08-27,untranslated,true
built-in-adult-clue-0194,built-in-adult,Adult (Mature) / Täiskasvanutele,built-in-adult-set-039,board,round-one,4,medium,nightlife-adult-social-culture,Dances After Dark,,This Cuban dance and musical form became internationally popular in the 1940s and 1950s.,,Mambo,,,,Mambo developed from Cuban musical and dance traditions.,,Mambo — Wikipedia,https://en.wikipedia.org/wiki/Mambo_(dance),CC-BY-SA-4.0,2026-08-27,untranslated,true
built-in-adult-clue-0195,built-in-adult,Adult (Mature) / Täiskasvanutele,built-in-adult-set-039,board,round-one,5,medium,nightlife-adult-social-culture,Dances After Dark,,"This social dance developed through Caribbean and Latin music communities, especially in New York.",,Salsa,,,,Salsa combines influences from Cuban and Puerto Rican dance traditions.,,Salsa — Wikipedia,https://en.wikipedia.org/wiki/Salsa_(dance),CC-BY-SA-4.0,2026-08-27,untranslated,true
built-in-adult-clue-0196,built-in-adult,Adult (Mature) / Täiskasvanutele,built-in-adult-set-040,board,round-one,1,medium,nightlife-adult-social-culture,Nightlife Districts,,"This central London district has long been known for theaters, clubs, restaurants, and late-night culture.",,Soho,,,,Soho is an entertainment district in central London.,,Soho — Wikipedia,https://en.wikipedia.org/wiki/Soho,CC-BY-SA-4.0,2026-08-27,untranslated,true
built-in-adult-clue-0197,built-in-adult,Adult (Mature) / Täiskasvanutele,built-in-adult-set-040,board,round-one,2,medium,nightlife-adult-social-culture,Nightlife Districts,,The Moulin Rouge stands in this Paris neighborhood near Montmartre.,,Pigalle,,,,Pigalle is a Paris district known for nightlife.,,Pigalle — Wikipedia,https://en.wikipedia.org/wiki/Quartier_Pigalle,CC-BY-SA-4.0,2026-08-27,untranslated,true
built-in-adult-clue-0198,built-in-adult,Adult (Mature) / Täiskasvanutele,built-in-adult-set-040,board,round-one,3,medium,nightlife-adult-social-culture,Nightlife Districts,,This Tokyo entertainment district lies in Shinjuku.,,Kabukichō,,,,"Kabukichō is an entertainment district in Shinjuku, Tokyo.",,Kabukichō — Wikipedia,https://en.wikipedia.org/wiki/Kabukich%C5%8D%2C_Tokyo,CC-BY-SA-4.0,2026-08-27,untranslated,true
built-in-adult-clue-0199,built-in-adult,Adult (Mature) / Täiskasvanutele,built-in-adult-set-040,board,round-one,4,medium,nightlife-adult-social-culture,Nightlife Districts,,This Hamburg street anchors the St. Pauli entertainment district.,,Reeperbahn,,,,The Reeperbahn is a nightlife street in Hamburg.,,Reeperbahn — Wikipedia,https://en.wikipedia.org/wiki/Reeperbahn,CC-BY-SA-4.0,2026-08-27,untranslated,true
built-in-adult-clue-0200,built-in-adult,Adult (Mature) / Täiskasvanutele,built-in-adult-set-040,board,round-one,5,medium,nightlife-adult-social-culture,Nightlife Districts,,This New Orleans street runs through the French Quarter and is associated with nightlife.,,Bourbon Street,,,,Bourbon Street is a nightlife destination in New Orleans.,,Bourbon Street — Wikipedia,https://en.wikipedia.org/wiki/Bourbon_Street,CC-BY-SA-4.0,2026-08-27,untranslated,true
built-in-adult-clue-0201,built-in-adult,Adult (Mature) / Täiskasvanutele,built-in-adult-set-041,board,round-one,1,medium,censorship-obscenity-law,Obscenity Tests in Law,,An 1868 English case created this obscenity standard focused on material's effect on susceptible readers.,,Hicklin test,,,,Regina v. Hicklin produced the Hicklin test in 1868.,,Hicklin test — Wikipedia,https://en.wikipedia.org/wiki/Hicklin_test,CC-BY-SA-4.0,2026-08-27,untranslated,true
built-in-adult-clue-0202,built-in-adult,Adult (Mature) / Täiskasvanutele,built-in-adult-set-041,board,round-one,2,medium,censorship-obscenity-law,Obscenity Tests in Law,,A 1957 U.S. Supreme Court decision asked whether material appealed to prurient interest under community standards.,,Roth test,,,,Roth v. United States articulated a new U.S. obscenity test in 1957.,,Roth test — Wikipedia,https://en.wikipedia.org/wiki/Roth_v._United_States,CC-BY-SA-4.0,2026-08-27,untranslated,true
built-in-adult-clue-0203,built-in-adult,Adult (Mature) / Täiskasvanutele,built-in-adult-set-041,board,round-one,3,medium,censorship-obscenity-law,Obscenity Tests in Law,,This three-part U.S. obscenity standard comes from a 1973 Supreme Court case.,,Miller test,,,,Miller v. California established the Miller test in 1973.,,Miller test — Wikipedia,https://en.wikipedia.org/wiki/Miller_test,CC-BY-SA-4.0,2026-08-27,untranslated,true
built-in-adult-clue-0204,built-in-adult,Adult (Mature) / Täiskasvanutele,built-in-adult-set-041,board,round-one,4,medium,censorship-obscenity-law,Obscenity Tests in Law,,Obscenity law uses this phrase for the norms against which a work may be judged.,,Community standards,,,,Community standards form one element of U.S. obscenity analysis.,,Community standards — Wikipedia,https://en.wikipedia.org/wiki/Community_standards,CC-BY-SA-4.0,2026-08-27,untranslated,true
built-in-adult-clue-0205,built-in-adult,Adult (Mature) / Täiskasvanutele,built-in-adult-set-041,board,round-one,5,medium,censorship-obscenity-law,Obscenity Tests in Law,,"In U.S. obscenity doctrine, this phrase means a shameful or morbid interest in sex.",,Prurient interest,,,,Prurient interest is a legal term used in obscenity tests.,,Prurient interest — Wikipedia,https://en.wikipedia.org/wiki/Prurient_interest,CC-BY-SA-4.0,2026-08-27,untranslated,true
built-in-adult-clue-0206,built-in-adult,Adult (Mature) / Täiskasvanutele,built-in-adult-set-042,board,round-one,1,medium,censorship-obscenity-law,U.S. Obscenity Decisions,,"In 1957, this Supreme Court case held that obscenity was outside First Amendment protection.",,Roth v. United States,,,,Roth v. United States was decided in 1957.,,Roth v. United States — Wikipedia,https://en.wikipedia.org/wiki/Roth_v._United_States,CC-BY-SA-4.0,2026-08-27,untranslated,true
built-in-adult-clue-0207,built-in-adult,Adult (Mature) / Täiskasvanutele,built-in-adult-set-042,board,round-one,2,medium,censorship-obscenity-law,U.S. Obscenity Decisions,,This 1973 Supreme Court case concerned unsolicited illustrated advertising sent by mail.,,Miller v. California,,,,Miller v. California produced the modern three-part obscenity test.,,Miller v. California — Wikipedia,https://en.wikipedia.org/wiki/Miller_v._California,CC-BY-SA-4.0,2026-08-27,untranslated,true
built-in-adult-clue-0208,built-in-adult,Adult (Mature) / Täiskasvanutele,built-in-adult-set-042,board,round-one,3,medium,censorship-obscenity-law,U.S. Obscenity Decisions,,"In 1966, this Supreme Court case overturned an obscenity judgment against Fanny Hill.",,Memoirs v. Massachusetts,,,,Memoirs v. Massachusetts concerned the novel Fanny Hill in 1966.,,Memoirs v. Massachusetts — Wikipedia,https://en.wikipedia.org/wiki/Memoirs_v._Massachusetts,CC-BY-SA-4.0,2026-08-27,untranslated,true
built-in-adult-clue-0209,built-in-adult,Adult (Mature) / Täiskasvanutele,built-in-adult-set-042,board,round-one,4,medium,censorship-obscenity-law,U.S. Obscenity Decisions,,Justice Potter Stewart's phrase about recognizing hard-core pornography came from this 1964 case.,,Jacobellis v. Ohio,,,,Jacobellis v. Ohio was decided by the U.S. Supreme Court in 1964.,,Jacobellis v. Ohio — Wikipedia,https://en.wikipedia.org/wiki/Jacobellis_v._Ohio,CC-BY-SA-4.0,2026-08-27,untranslated,true
built-in-adult-clue-0210,built-in-adult,Adult (Mature) / Täiskasvanutele,built-in-adult-set-042,board,round-one,5,medium,censorship-obscenity-law,U.S. Obscenity Decisions,,"In 1974, this case held that the film Carnal Knowledge was not obscene under the Miller standard.",,Jenkins v. Georgia,,,,Jenkins v. Georgia reversed an obscenity conviction in 1974.,,Jenkins v. Georgia — Wikipedia,https://en.wikipedia.org/wiki/Jenkins_v._Georgia,CC-BY-SA-4.0,2026-08-27,untranslated,true
built-in-adult-clue-0211,built-in-adult,Adult (Mature) / Täiskasvanutele,built-in-adult-set-043,board,round-one,1,medium,censorship-obscenity-law,British Censorship Statutes,,"This British statute, also called Lord Campbell's Act, enabled seizure of obscene publications.",,Obscene Publications Act 1857,,,,The Obscene Publications Act 1857 authorized legal action against obscene material.,,Obscene Publications Act 1857 — Wikipedia,https://en.wikipedia.org/wiki/Obscene_Publications_Act_1857,CC-BY-SA-4.0,2026-08-27,untranslated,true
built-in-adult-clue-0212,built-in-adult,Adult (Mature) / Täiskasvanutele,built-in-adult-set-043,board,round-one,2,medium,censorship-obscenity-law,British Censorship Statutes,,"This UK law introduced a public-good defense for literature, art, science, and learning.",,Obscene Publications Act 1959,,,,The Obscene Publications Act 1959 reformed British obscenity law.,,Obscene Publications Act 1959 — Wikipedia,https://en.wikipedia.org/wiki/Obscene_Publications_Act_1959,CC-BY-SA-4.0,2026-08-27,untranslated,true
built-in-adult-clue-0213,built-in-adult,Adult (Mature) / Täiskasvanutele,built-in-adult-set-043,board,round-one,3,medium,censorship-obscenity-law,British Censorship Statutes,,This law ended the Lord Chamberlain's power to license plays in Britain.,,Theatres Act 1968,,,,The Theatres Act 1968 abolished pre-performance licensing of plays.,,Theatres Act 1968 — Wikipedia,https://en.wikipedia.org/wiki/Theatres_Act_1968,CC-BY-SA-4.0,2026-08-27,untranslated,true
built-in-adult-clue-0214,built-in-adult,Adult (Mature) / Täiskasvanutele,built-in-adult-set-043,board,round-one,4,medium,censorship-obscenity-law,British Censorship Statutes,,This UK statute regulates public displays of material deemed indecent.,,Indecent Displays (Control) Act 1981,,,,The Indecent Displays Act was enacted in 1981.,,Indecent Displays (Control) Act 1981 — Wikipedia,https://en.wikipedia.org/wiki/Indecent_Displays_(Control)_Act_1981,CC-BY-SA-4.0,2026-08-27,untranslated,true
built-in-adult-clue-0215,built-in-adult,Adult (Mature) / Täiskasvanutele,built-in-adult-set-043,board,round-one,5,medium,censorship-obscenity-law,British Censorship Statutes,,This UK law required commercial video recordings to be classified.,,Video Recordings Act 1984,,,,The Video Recordings Act 1984 established classification requirements for videos.,,Video Recordings Act 1984 — Wikipedia,https://en.wikipedia.org/wiki/Video_Recordings_Act_1984,CC-BY-SA-4.0,2026-08-27,untranslated,true
built-in-adult-clue-0216,built-in-adult,Adult (Mature) / Täiskasvanutele,built-in-adult-set-044,board,round-one,1,medium,censorship-obscenity-law,Books in the Courtroom,,Judge John M. Woolsey ruled in 1933 that this James Joyce novel was not obscene in the United States.,,Ulysses,,,,United States v. One Book Called Ulysses permitted the novel's importation in 1933.,,Ulysses — Wikipedia,https://en.wikipedia.org/wiki/United_States_v._One_Book_Called_Ulysses,CC-BY-SA-4.0,2026-08-27,untranslated,true
built-in-adult-clue-0217,built-in-adult,Adult (Mature) / Täiskasvanutele,built-in-adult-set-044,board,round-one,2,medium,censorship-obscenity-law,Books in the Courtroom,,A San Francisco court found this Allen Ginsberg poem not obscene in 1957.,,Howl,,,,People v. Ferlinghetti cleared Howl of obscenity in 1957.,,Howl — Wikipedia,https://en.wikipedia.org/wiki/Howl_(poem),CC-BY-SA-4.0,2026-08-27,untranslated,true
built-in-adult-clue-0218,built-in-adult,Adult (Mature) / Täiskasvanutele,built-in-adult-set-044,board,round-one,3,medium,censorship-obscenity-law,Books in the Courtroom,,The U.S. Supreme Court ended a series of obscenity disputes over this Henry Miller novel in 1964.,,Tropic of Cancer,,,,"Grove Press, Inc. v. Gerstein protected Tropic of Cancer in 1964.",,Tropic of Cancer — Wikipedia,https://en.wikipedia.org/wiki/Tropic_of_Cancer_(novel),CC-BY-SA-4.0,2026-08-27,untranslated,true
built-in-adult-clue-0219,built-in-adult,Adult (Mature) / Täiskasvanutele,built-in-adult-set-044,board,round-one,4,medium,censorship-obscenity-law,Books in the Courtroom,,Massachusetts' highest court reversed an obscenity finding against this William S. Burroughs novel in 1966.,,Naked Lunch,,,,The Naked Lunch obscenity case ended with a 1966 reversal.,,Naked Lunch — Wikipedia,https://en.wikipedia.org/wiki/Naked_Lunch,CC-BY-SA-4.0,2026-08-27,untranslated,true
built-in-adult-clue-0220,built-in-adult,Adult (Mature) / Täiskasvanutele,built-in-adult-set-044,board,round-one,5,medium,censorship-obscenity-law,Books in the Courtroom,,This 18th-century John Cleland novel was at issue in Memoirs v. Massachusetts in 1966.,,Fanny Hill,,,,Fanny Hill was the publication challenged in Memoirs v. Massachusetts.,,Fanny Hill — Wikipedia,https://en.wikipedia.org/wiki/Fanny_Hill,CC-BY-SA-4.0,2026-08-27,untranslated,true
built-in-adult-clue-0221,built-in-adult,Adult (Mature) / Täiskasvanutele,built-in-adult-set-045,board,round-one,1,medium,censorship-obscenity-law,Film Ratings and Codes,,This nickname refers to the U.S. film industry's Production Code enforced from 1934.,,Hays Code,,,,The Motion Picture Production Code is commonly called the Hays Code.,,Hays Code — Wikipedia,https://en.wikipedia.org/wiki/Hays_Code,CC-BY-SA-4.0,2026-08-27,untranslated,true
built-in-adult-clue-0222,built-in-adult,Adult (Mature) / Täiskasvanutele,built-in-adult-set-045,board,round-one,2,medium,censorship-obscenity-law,Film Ratings and Codes,,Joseph Breen led this office that enforced the Hays Code.,,Production Code Administration,,,,The Production Code Administration reviewed Hollywood films for code compliance.,,Production Code Administration — Wikipedia,https://en.wikipedia.org/wiki/Production_Code_Administration,CC-BY-SA-4.0,2026-08-27,untranslated,true
built-in-adult-clue-0223,built-in-adult,Adult (Mature) / Täiskasvanutele,built-in-adult-set-045,board,round-one,3,medium,censorship-obscenity-law,Film Ratings and Codes,,"Founded in 1912, this organization classifies films in the United Kingdom.",,British Board of Film Classification,,BBFC,,The British Board of Film Classification began as the British Board of Film Censors in 1912.,,British Board of Film Classification — Wikipedia,https://en.wikipedia.org/wiki/British_Board_of_Film_Classification,CC-BY-SA-4.0,2026-08-27,untranslated,true
built-in-adult-clue-0224,built-in-adult,Adult (Mature) / Täiskasvanutele,built-in-adult-set-045,board,round-one,4,medium,censorship-obscenity-law,Film Ratings and Codes,,The Motion Picture Association introduced this adults-only U.S. classification in 1968.,,X rating,,,,The original U.S. X rating was part of the 1968 film-rating system.,,X rating — Wikipedia,https://en.wikipedia.org/wiki/X_rating,CC-BY-SA-4.0,2026-08-27,untranslated,true
built-in-adult-clue-0225,built-in-adult,Adult (Mature) / Täiskasvanutele,built-in-adult-set-045,board,round-one,5,medium,censorship-obscenity-law,Film Ratings and Codes,,"In 1990, this U.S. film rating replaced X in the Motion Picture Association system.",,NC-17,,,,The NC-17 classification was introduced in 1990.,,NC-17 — Wikipedia,https://en.wikipedia.org/wiki/Motion_Picture_Association_film_rating_system,CC-BY-SA-4.0,2026-08-27,untranslated,true
built-in-adult-clue-0226,built-in-adult,Adult (Mature) / Täiskasvanutele,built-in-adult-set-046,board,round-one,1,medium,censorship-obscenity-law,"Mail, Customs, and Censors",,This moral reformer served as a special agent of the U.S. Post Office Department.,,Anthony Comstock,,,,Anthony Comstock enforced federal obscenity restrictions through the postal system.,,Anthony Comstock — Wikipedia,https://en.wikipedia.org/wiki/Anthony_Comstock,CC-BY-SA-4.0,2026-08-27,untranslated,true
built-in-adult-clue-0227,built-in-adult,Adult (Mature) / Täiskasvanutele,built-in-adult-set-046,board,round-one,2,medium,censorship-obscenity-law,"Mail, Customs, and Censors",,This law-enforcement branch investigates crimes involving a country's mail system.,,Postal inspection service,,,,Postal inspectors investigate offenses involving the mail.,,Postal inspection service — Wikipedia,https://en.wikipedia.org/wiki/Postal_inspector,CC-BY-SA-4.0,2026-08-27,untranslated,true
built-in-adult-clue-0228,built-in-adult,Adult (Mature) / Täiskasvanutele,built-in-adult-set-046,board,round-one,3,medium,censorship-obscenity-law,"Mail, Customs, and Censors",,Section 305 of this U.S. law restricted importation of obscene material.,,Tariff Act of 1930,,,,The Tariff Act of 1930 included a customs obscenity provision.,,Tariff Act of 1930 — Wikipedia,https://en.wikipedia.org/wiki/Smoot%E2%80%93Hawley_Tariff_Act,CC-BY-SA-4.0,2026-08-27,untranslated,true
built-in-adult-clue-0229,built-in-adult,Adult (Mature) / Täiskasvanutele,built-in-adult-set-046,board,round-one,4,medium,censorship-obscenity-law,"Mail, Customs, and Censors",,Border officials use this procedure to take prohibited imported goods into state custody.,,Customs seizure,,,,A customs seizure removes goods alleged to violate import law.,,Customs seizure — Wikipedia,https://en.wikipedia.org/wiki/Customs,CC-BY-SA-4.0,2026-08-27,untranslated,true
built-in-adult-clue-0230,built-in-adult,Adult (Mature) / Täiskasvanutele,built-in-adult-set-046,board,round-one,5,medium,censorship-obscenity-law,"Mail, Customs, and Censors",,Comstock-era restrictions especially affected this method of selling goods through catalogs and post.,,Mail order,,,,Mail order conducts a transaction through postal communication and delivery.,,Mail order — Wikipedia,https://en.wikipedia.org/wiki/Mail_order,CC-BY-SA-4.0,2026-08-27,untranslated,true
built-in-adult-clue-0231,built-in-adult,Adult (Mature) / Täiskasvanutele,built-in-adult-set-047,board,round-one,1,medium,censorship-obscenity-law,Institutions of Censorship,,The Roman Catholic Church maintained this list of prohibited books until 1966.,,Index Librorum Prohibitorum,,,,Publication of the Index of Prohibited Books ended in 1966.,,Index Librorum Prohibitorum — Wikipedia,https://en.wikipedia.org/wiki/Index_Librorum_Prohibitorum,CC-BY-SA-4.0,2026-08-27,untranslated,true
built-in-adult-clue-0232,built-in-adult,Adult (Mature) / Täiskasvanutele,built-in-adult-set-047,board,round-one,2,medium,censorship-obscenity-law,Institutions of Censorship,,"Until 1968, this British office could license stage plays before public performance.",,Lord Chamberlain,,,,The Lord Chamberlain's theatrical censorship role ended in 1968.,,Lord Chamberlain — Wikipedia,https://en.wikipedia.org/wiki/Lord_Chamberlain,CC-BY-SA-4.0,2026-08-27,untranslated,true
built-in-adult-clue-0233,built-in-adult,Adult (Mature) / Täiskasvanutele,built-in-adult-set-047,board,round-one,3,medium,censorship-obscenity-law,Institutions of Censorship,,American comic-book publishers created this self-regulatory body in 1954.,,Comics Code Authority,,,,The Comics Code Authority began in 1954.,,Comics Code Authority — Wikipedia,https://en.wikipedia.org/wiki/Comics_Code_Authority,CC-BY-SA-4.0,2026-08-27,untranslated,true
built-in-adult-clue-0234,built-in-adult,Adult (Mature) / Täiskasvanutele,built-in-adult-set-047,board,round-one,4,medium,censorship-obscenity-law,Institutions of Censorship,,"G, M, R, and X were the original four categories in this U.S. system in 1968.",,Motion Picture Association rating system,,,,The U.S. film-rating system launched with four categories in 1968.,,Motion Picture Association rating system — Wikipedia,https://en.wikipedia.org/wiki/Motion_Picture_Association_film_rating_system,CC-BY-SA-4.0,2026-08-27,untranslated,true
built-in-adult-clue-0235,built-in-adult,Adult (Mature) / Täiskasvanutele,built-in-adult-set-047,board,round-one,5,medium,censorship-obscenity-law,Institutions of Censorship,,This New Zealand body classifies publications under a 1993 statute.,,Office of Film and Literature Classification,,,,"New Zealand's classification office operates under the Films, Videos, and Publications Classification Act 1993.",,Office of Film and Literature Classification — Wikipedia,https://en.wikipedia.org/wiki/Office_of_Film_and_Literature_Classification_(New_Zealand),CC-BY-SA-4.0,2026-08-27,untranslated,true
built-in-adult-clue-0236,built-in-adult,Adult (Mature) / Täiskasvanutele,built-in-adult-set-048,board,round-one,1,medium,censorship-obscenity-law,Free-Speech Concepts,,This term means government restriction imposed before speech or publication occurs.,,Prior restraint,,,,Prior restraint blocks expression in advance rather than punishing it afterward.,,Prior restraint — Wikipedia,https://en.wikipedia.org/wiki/Prior_restraint,CC-BY-SA-4.0,2026-08-27,untranslated,true
built-in-adult-clue-0237,built-in-adult,Adult (Mature) / Täiskasvanutele,built-in-adult-set-048,board,round-one,2,medium,censorship-obscenity-law,Free-Speech Concepts,,This metaphor describes lawful expression discouraged by fear of legal penalties.,,Chilling effect,,,,A chilling effect occurs when people self-censor because of possible sanctions.,,Chilling effect — Wikipedia,https://en.wikipedia.org/wiki/Chilling_effect,CC-BY-SA-4.0,2026-08-27,untranslated,true
built-in-adult-clue-0238,built-in-adult,Adult (Mature) / Täiskasvanutele,built-in-adult-set-048,board,round-one,3,medium,censorship-obscenity-law,Free-Speech Concepts,,"This content-neutral rule regulates when, where, or how expression occurs.",,"Time, place, and manner restriction",,,,"Time, place, and manner restrictions regulate logistics rather than viewpoint.",,"Time, place, and manner restriction — Wikipedia",https://en.wikipedia.org/wiki/Time%2C_place%2C_and_manner,CC-BY-SA-4.0,2026-08-27,untranslated,true
built-in-adult-clue-0239,built-in-adult,Adult (Mature) / Täiskasvanutele,built-in-adult-set-048,board,round-one,4,medium,censorship-obscenity-law,Free-Speech Concepts,,Courts use this demanding standard to assess some restrictions on fundamental rights.,,Strict scrutiny,,,,Strict scrutiny requires a compelling interest and narrowly tailored means.,,Strict scrutiny — Wikipedia,https://en.wikipedia.org/wiki/Strict_scrutiny,CC-BY-SA-4.0,2026-08-27,untranslated,true
built-in-adult-clue-0240,built-in-adult,Adult (Mature) / Täiskasvanutele,built-in-adult-set-048,board,round-one,5,medium,censorship-obscenity-law,Free-Speech Concepts,,Burning a flag can fall within this category of expressive conduct.,,Symbolic speech,,,,Symbolic speech communicates an idea through conduct rather than words alone.,,Symbolic speech — Wikipedia,https://en.wikipedia.org/wiki/Symbolic_speech,CC-BY-SA-4.0,2026-08-27,untranslated,true
built-in-adult-clue-0241,built-in-adult,Adult (Mature) / Täiskasvanutele,built-in-adult-set-049,board,round-one,1,medium,censorship-obscenity-law,European Expression Cases,,"In 1976, this European Court case said expression protects ideas that offend, shock, or disturb.",,Handyside v. United Kingdom,,,,Handyside v. United Kingdom was decided in 1976.,,Handyside v. United Kingdom — Wikipedia,https://en.wikipedia.org/wiki/Handyside_v_United_Kingdom,CC-BY-SA-4.0,2026-08-27,untranslated,true
built-in-adult-clue-0242,built-in-adult,Adult (Mature) / Täiskasvanutele,built-in-adult-set-049,board,round-one,2,medium,censorship-obscenity-law,European Expression Cases,,This 1981 judgment applied the European Convention's privacy protection to consensual adult relationships.,,Dudgeon v. United Kingdom,,,,Dudgeon v. United Kingdom found a violation of Article 8 in 1981.,,Dudgeon v. United Kingdom — Wikipedia,https://en.wikipedia.org/wiki/Dudgeon_v_United_Kingdom,CC-BY-SA-4.0,2026-08-27,untranslated,true
built-in-adult-clue-0243,built-in-adult,Adult (Mature) / Täiskasvanutele,built-in-adult-set-049,board,round-one,3,medium,censorship-obscenity-law,European Expression Cases,,"In 1992, this European Court case concerned restrictions on information about abortion services abroad.",,Open Door and Dublin Well Woman v. Ireland,,,,Open Door and Dublin Well Woman v. Ireland was decided in 1992.,,Open Door and Dublin Well Woman v. Ireland — Cornell Legal Information Institute,https://www.law.cornell.edu/gender-justice/resource/open_door_and_dublin_well_woman_v._ireland,Public legal reference,2026-08-27,untranslated,true
built-in-adult-clue-0244,built-in-adult,Adult (Mature) / Täiskasvanutele,built-in-adult-set-049,board,round-one,4,medium,censorship-obscenity-law,European Expression Cases,,This 1994 European Court case concerned seizure of a film alleged to offend religious feelings.,,Otto-Preminger-Institut v. Austria,,,,Otto-Preminger-Institut v. Austria was decided in 1994.,,Otto-Preminger-Institut v. Austria — ECHR HUDOC,https://hudoc.echr.coe.int/eng?i=001-57897,Public judicial record,2026-08-27,untranslated,true
built-in-adult-clue-0245,built-in-adult,Adult (Mature) / Täiskasvanutele,built-in-adult-set-049,board,round-one,5,medium,censorship-obscenity-law,European Expression Cases,,This 2007 European Court case concerned an injunction against displaying a satirical painting.,,Vereinigung Bildender Künstler v. Austria,,,,Vereinigung Bildender Künstler v. Austria was decided in 2007.,,Vereinigung Bildender Künstler v. Austria — Wikipedia,https://en.wikipedia.org/wiki/Article_10_of_the_European_Convention_on_Human_Rights,CC-BY-SA-4.0,2026-08-27,untranslated,true
built-in-adult-clue-0246,built-in-adult,Adult (Mature) / Täiskasvanutele,built-in-adult-set-050,board,round-one,1,medium,censorship-obscenity-law,Defending the Freedom to Read,,This writers' organization tracks book restrictions and defends literary expression.,,PEN America,,,,PEN America advocates for writers and freedom of expression.,,PEN America — Wikipedia,https://en.wikipedia.org/wiki/PEN_America,CC-BY-SA-4.0,2026-08-27,untranslated,true
built-in-adult-clue-0247,built-in-adult,Adult (Mature) / Täiskasvanutele,built-in-adult-set-050,board,round-one,2,medium,censorship-obscenity-law,Defending the Freedom to Read,,The American Library Association created this office in 1967.,,Office for Intellectual Freedom,,,,The ALA Office for Intellectual Freedom was established in 1967.,,Office for Intellectual Freedom — Wikipedia,https://en.wikipedia.org/wiki/American_Library_Association,CC-BY-SA-4.0,2026-08-27,untranslated,true
built-in-adult-clue-0248,built-in-adult,Adult (Mature) / Täiskasvanutele,built-in-adult-set-050,board,round-one,3,medium,censorship-obscenity-law,Defending the Freedom to Read,,Stephen Spender helped found this free-expression magazine in 1972.,,Index on Censorship,,,,Index on Censorship began publication in 1972.,,Index on Censorship — Wikipedia,https://en.wikipedia.org/wiki/Index_on_Censorship,CC-BY-SA-4.0,2026-08-27,untranslated,true
built-in-adult-clue-0249,built-in-adult,Adult (Mature) / Täiskasvanutele,built-in-adult-set-050,board,round-one,4,medium,censorship-obscenity-law,Defending the Freedom to Read,,This free-expression organization takes its name from a provision of the Universal Declaration of Human Rights.,,ARTICLE 19,,,,ARTICLE 19 is named for the declaration's freedom-of-expression article.,,ARTICLE 19 — Wikipedia,https://en.wikipedia.org/wiki/ARTICLE_19,CC-BY-SA-4.0,2026-08-27,untranslated,true
built-in-adult-clue-0250,built-in-adult,Adult (Mature) / Täiskasvanutele,built-in-adult-set-050,board,round-one,5,medium,censorship-obscenity-law,Defending the Freedom to Read,,The American Library Association established this legal-defense organization in 1969.,,Freedom to Read Foundation,,,,The Freedom to Read Foundation was founded in 1969.,,Freedom to Read Foundation — Wikipedia,https://en.wikipedia.org/wiki/Freedom_to_Read_Foundation,CC-BY-SA-4.0,2026-08-27,untranslated,true
built-in-adult-clue-0251,built-in-adult,Adult (Mature) / Täiskasvanutele,built-in-adult-set-051,board,round-two,1,medium,erotic-art-literature-film-history,Ancient Art and Intimacy,,Excavations in this Roman city uncovered domestic art that historians use to study ancient sexuality.,,Pompeii,,,,Pompeii preserves extensive evidence of Roman domestic and social life.,,Pompeii — Wikipedia,https://en.wikipedia.org/wiki/Erotic_art_in_Pompeii_and_Herculaneum,CC-BY-SA-4.0,2026-08-27,untranslated,true
built-in-adult-clue-0252,built-in-adult,Adult (Mature) / Täiskasvanutele,built-in-adult-set-051,board,round-two,2,medium,erotic-art-literature-film-history,Ancient Art and Intimacy,,This Roman silver drinking vessel entered the British Museum's collection in 1999.,,Warren Cup,,,,The British Museum acquired the Roman Warren Cup in 1999.,,Warren Cup — Wikipedia,https://en.wikipedia.org/wiki/Warren_Cup,CC-BY-SA-4.0,2026-08-27,untranslated,true
built-in-adult-clue-0253,built-in-adult,Adult (Mature) / Täiskasvanutele,built-in-adult-set-051,board,round-two,3,medium,erotic-art-literature-film-history,Ancient Art and Intimacy,,Temples at this Indian UNESCO site include sculptures depicting many aspects of life and spirituality.,,Khajuraho Group of Monuments,,,,The Khajuraho temples are known for richly carved sculptural programs.,,Khajuraho Group of Monuments — Wikipedia,https://en.wikipedia.org/wiki/Khajuraho_Group_of_Monuments,CC-BY-SA-4.0,2026-08-27,untranslated,true
built-in-adult-clue-0254,built-in-adult,Adult (Mature) / Täiskasvanutele,built-in-adult-set-051,board,round-two,4,medium,erotic-art-literature-film-history,Ancient Art and Intimacy,,Red-figure and black-figure are two techniques associated with this ancient Greek ceramic art.,,Attic vase painting,,,,"Attic vase painting records myth, ritual, sport, and social life.",,Attic vase painting — Wikipedia,https://en.wikipedia.org/wiki/Pottery_of_ancient_Greece,CC-BY-SA-4.0,2026-08-27,untranslated,true
built-in-adult-clue-0255,built-in-adult,Adult (Mature) / Täiskasvanutele,built-in-adult-set-051,board,round-two,5,medium,erotic-art-literature-film-history,Ancient Art and Intimacy,,The Naples Archaeological Museum created this restricted collection for finds once considered indecent.,,Secret Cabinet,,,,The Secret Cabinet houses artifacts excavated at Pompeii and Herculaneum.,,Secret Cabinet — Wikipedia,https://en.wikipedia.org/wiki/Secret_Museum%2C_Naples,CC-BY-SA-4.0,2026-08-27,untranslated,true
built-in-adult-clue-0256,built-in-adult,Adult (Mature) / Täiskasvanutele,built-in-adult-set-052,board,round-two,1,medium,erotic-art-literature-film-history,Japan's Shunga Prints,,"Literally meaning spring pictures, this Japanese term describes erotic art produced especially in the Edo period.",,Shunga,,,,Shunga is a genre of Japanese erotic art.,,Shunga — Wikipedia,https://en.wikipedia.org/wiki/Shunga,CC-BY-SA-4.0,2026-08-27,untranslated,true
built-in-adult-clue-0257,built-in-adult,Adult (Mature) / Täiskasvanutele,built-in-adult-set-052,board,round-two,2,medium,erotic-art-literature-film-history,Japan's Shunga Prints,,Shunga was often made using the woodblock-print techniques of this broader Japanese art movement.,,Ukiyo-e,,,,Ukiyo-e artists produced paintings and woodblock prints during the Edo period.,,Ukiyo-e — Wikipedia,https://en.wikipedia.org/wiki/Ukiyo-e,CC-BY-SA-4.0,2026-08-27,untranslated,true
built-in-adult-clue-0258,built-in-adult,Adult (Mature) / Täiskasvanutele,built-in-adult-set-052,board,round-two,3,medium,erotic-art-literature-film-history,Japan's Shunga Prints,,The artist of The Great Wave also designed the famous shunga work known as The Dream of the Fisherman's Wife.,,Hokusai,,,,"Katsushika Hokusai produced landscapes, book illustrations, and shunga.",,Hokusai — Wikipedia,https://en.wikipedia.org/wiki/Hokusai,CC-BY-SA-4.0,2026-08-27,untranslated,true
built-in-adult-clue-0259,built-in-adult,Adult (Mature) / Täiskasvanutele,built-in-adult-set-052,board,round-two,4,medium,erotic-art-literature-film-history,Japan's Shunga Prints,,This ukiyo-e master was noted for bijin-ga portraits and also produced shunga books.,,Kitagawa Utamaro,,,,Kitagawa Utamaro was a major Edo-period print designer.,,Kitagawa Utamaro — Wikipedia,https://en.wikipedia.org/wiki/Kitagawa_Utamaro,CC-BY-SA-4.0,2026-08-27,untranslated,true
built-in-adult-clue-0260,built-in-adult,Adult (Mature) / Täiskasvanutele,built-in-adult-set-052,board,round-two,5,medium,erotic-art-literature-film-history,Japan's Shunga Prints,,The years 1603 to 1868 define this era when shunga woodblock publishing flourished.,,Edo period,,,,The Edo period lasted from 1603 to 1868.,,Edo period — Wikipedia,https://en.wikipedia.org/wiki/Edo_period,CC-BY-SA-4.0,2026-08-27,untranslated,true
built-in-adult-clue-0261,built-in-adult,Adult (Mature) / Täiskasvanutele,built-in-adult-set-053,board,round-two,1,medium,erotic-art-literature-film-history,South Asian Love Manuals,,Vātsyāyana composed this Sanskrit work on social and private life.,,Kama Sutra,,,,The Kama Sutra is an ancient Indian Sanskrit text attributed to Vātsyāyana.,,Kama Sutra — Wikipedia,https://en.wikipedia.org/wiki/Kama_Sutra,CC-BY-SA-4.0,2026-08-27,untranslated,true
built-in-adult-clue-0262,built-in-adult,Adult (Mature) / Täiskasvanutele,built-in-adult-set-053,board,round-two,2,medium,erotic-art-literature-film-history,South Asian Love Manuals,,Tradition credits this scholar with composing the Kama Sutra.,,Vātsyāyana,,,,Vātsyāyana is the named author of the Kama Sutra.,,Vātsyāyana — Wikipedia,https://en.wikipedia.org/wiki/V%C4%81tsy%C4%81yana,CC-BY-SA-4.0,2026-08-27,untranslated,true
built-in-adult-clue-0263,built-in-adult,Adult (Mature) / Täiskasvanutele,built-in-adult-set-053,board,round-two,3,medium,erotic-art-literature-film-history,South Asian Love Manuals,,"In classical Indian thought, this Sanskrit word can mean desire, pleasure, or love.",,Kama,,,,Kama is one of the traditional aims of human life in Hindu thought.,,Kama — Wikipedia,https://en.wikipedia.org/wiki/Kama,CC-BY-SA-4.0,2026-08-27,untranslated,true
built-in-adult-clue-0264,built-in-adult,Adult (Mature) / Täiskasvanutele,built-in-adult-set-053,board,round-two,4,medium,erotic-art-literature-film-history,South Asian Love Manuals,,Kalyana Malla wrote this Sanskrit love manual around the 15th or 16th century.,,Ananga Ranga,,,,Ananga Ranga is attributed to Kalyana Malla.,,Ananga Ranga — Wikipedia,https://en.wikipedia.org/wiki/Ananga_Ranga,CC-BY-SA-4.0,2026-08-27,untranslated,true
built-in-adult-clue-0265,built-in-adult,Adult (Mature) / Täiskasvanutele,built-in-adult-set-053,board,round-two,5,medium,erotic-art-literature-film-history,South Asian Love Manuals,,"Also called Koka Shastra, this medieval Indian text is attributed to Kokkoka.",,Ratirahasya,,,,Ratirahasya is a Sanskrit work attributed to Kokkoka.,,Ratirahasya — Wikipedia,https://en.wikipedia.org/wiki/Ratirahasya,CC-BY-SA-4.0,2026-08-27,untranslated,true
built-in-adult-clue-0266,built-in-adult,Adult (Mature) / Täiskasvanutele,built-in-adult-set-054,board,round-two,1,medium,erotic-art-literature-film-history,Myth in Renaissance Painting,,Botticelli painted this scene of a goddess arriving at the shore.,,The Birth of Venus,,,,Sandro Botticelli's The Birth of Venus depicts the goddess Venus.,,The Birth of Venus — Wikipedia,https://en.wikipedia.org/wiki/The_Birth_of_Venus,CC-BY-SA-4.0,2026-08-27,untranslated,true
built-in-adult-clue-0267,built-in-adult,Adult (Mature) / Täiskasvanutele,built-in-adult-set-054,board,round-two,2,medium,erotic-art-literature-film-history,Myth in Renaissance Painting,,Titian completed this reclining portrait in 1538 for Guidobaldo II della Rovere.,,Venus of Urbino,,,,Titian painted the Venus of Urbino in 1538.,,Venus of Urbino — Wikipedia,https://en.wikipedia.org/wiki/Venus_of_Urbino,CC-BY-SA-4.0,2026-08-27,untranslated,true
built-in-adult-clue-0268,built-in-adult,Adult (Mature) / Täiskasvanutele,built-in-adult-set-054,board,round-two,3,medium,erotic-art-literature-film-history,Myth in Renaissance Painting,,Titian produced a series of paintings of this mythological princess visited by Zeus as golden rain.,,Danaë,,,,Titian's Danaë paintings interpret a Greek myth.,,Danaë — Wikipedia,https://en.wikipedia.org/wiki/Dana%C3%AB_(Titian_series),CC-BY-SA-4.0,2026-08-27,untranslated,true
built-in-adult-clue-0269,built-in-adult,Adult (Mature) / Täiskasvanutele,built-in-adult-set-054,board,round-two,4,medium,erotic-art-literature-film-history,Myth in Renaissance Painting,,Leonardo designed a lost painting on this mythological subject known through copies.,,Leda and the Swan,,,,Leonardo da Vinci's Leda and the Swan survives through studies and copies.,,Leda and the Swan — Wikipedia,https://en.wikipedia.org/wiki/Leda_and_the_Swan_(Leonardo),CC-BY-SA-4.0,2026-08-27,untranslated,true
built-in-adult-clue-0270,built-in-adult,Adult (Mature) / Täiskasvanutele,built-in-adult-set-054,board,round-two,5,medium,erotic-art-literature-film-history,Myth in Renaissance Painting,,Raphael painted these three mythological figures around 1504 to 1505.,,The Three Graces,,,,Raphael's The Three Graces dates to the early 16th century.,,The Three Graces — Wikipedia,https://en.wikipedia.org/wiki/Three_Graces_(Raphael),CC-BY-SA-4.0,2026-08-27,untranslated,true
built-in-adult-clue-0271,built-in-adult,Adult (Mature) / Täiskasvanutele,built-in-adult-set-055,board,round-two,1,medium,erotic-art-literature-film-history,Provocative Nineteenth-Century Art,,"Francisco Goya painted this work, paired with a clothed version, around 1797 to 1800.",,The Nude Maja,,,,Goya's The Nude Maja has a companion painting called The Clothed Maja.,,The Nude Maja — Wikipedia,https://en.wikipedia.org/wiki/La_Maja_desnuda,CC-BY-SA-4.0,2026-08-27,untranslated,true
built-in-adult-clue-0272,built-in-adult,Adult (Mature) / Täiskasvanutele,built-in-adult-set-055,board,round-two,2,medium,erotic-art-literature-film-history,Provocative Nineteenth-Century Art,,Édouard Manet exhibited this painting at the Salon des Refusés in 1863.,,The Luncheon on the Grass,,,,Manet's Luncheon on the Grass appeared at the Salon des Refusés in 1863.,,The Luncheon on the Grass — Wikipedia,https://en.wikipedia.org/wiki/Le_D%C3%A9jeuner_sur_l'herbe,CC-BY-SA-4.0,2026-08-27,untranslated,true
built-in-adult-clue-0273,built-in-adult,Adult (Mature) / Täiskasvanutele,built-in-adult-set-055,board,round-two,3,medium,erotic-art-literature-film-history,Provocative Nineteenth-Century Art,,Henri Gervex's painting with this title was rejected from the 1878 Paris Salon.,,Rolla,,,,Henri Gervex painted Rolla in 1878.,,Rolla — Wikipedia,https://en.wikipedia.org/wiki/Henri_Gervex,CC-BY-SA-4.0,2026-08-27,untranslated,true
built-in-adult-clue-0274,built-in-adult,Adult (Mature) / Täiskasvanutele,built-in-adult-set-055,board,round-two,4,medium,erotic-art-literature-film-history,Provocative Nineteenth-Century Art,,Arthur Hughes painted this Pre-Raphaelite work in 1855 to 1856.,,April Love,,,,April Love is a painting by Arthur Hughes.,,April Love — Wikipedia,https://en.wikipedia.org/wiki/April_Love_(painting),CC-BY-SA-4.0,2026-08-27,untranslated,true
built-in-adult-clue-0275,built-in-adult,Adult (Mature) / Täiskasvanutele,built-in-adult-set-055,board,round-two,5,medium,erotic-art-literature-film-history,Provocative Nineteenth-Century Art,,"Gustave Courbet painted this work, also known as Sleep, in 1866.",,The Sleepers,,,,Gustave Courbet's Sleep dates to 1866.,,The Sleepers — Wikipedia,https://en.wikipedia.org/wiki/Le_Sommeil,CC-BY-SA-4.0,2026-08-27,untranslated,true
built-in-adult-clue-0276,built-in-adult,Adult (Mature) / Täiskasvanutele,built-in-adult-set-056,board,round-two,1,medium,erotic-art-literature-film-history,Literature of Desire and Society,,Women attempt to end a war through collective action in this comedy by Aristophanes.,,Lysistrata,,,,Aristophanes' Lysistrata is an anti-war comedy.,,Lysistrata — Wikipedia,https://en.wikipedia.org/wiki/Lysistrata,CC-BY-SA-4.0,2026-08-27,untranslated,true
built-in-adult-clue-0277,built-in-adult,Adult (Mature) / Täiskasvanutele,built-in-adult-set-056,board,round-two,2,medium,erotic-art-literature-film-history,Literature of Desire and Society,,Giovanni Boccaccio framed this collection as stories told by ten people sheltering from plague.,,The Decameron,,,,The Decameron contains one hundred tales in a frame narrative.,,The Decameron — Wikipedia,https://en.wikipedia.org/wiki/The_Decameron,CC-BY-SA-4.0,2026-08-27,untranslated,true
built-in-adult-clue-0278,built-in-adult,Adult (Mature) / Täiskasvanutele,built-in-adult-set-056,board,round-two,3,medium,erotic-art-literature-film-history,Literature of Desire and Society,,Pilgrims traveling to Thomas Becket's shrine tell stories in this Geoffrey Chaucer work.,,The Canterbury Tales,,,,The Canterbury Tales uses a pilgrimage as its narrative frame.,,The Canterbury Tales — Wikipedia,https://en.wikipedia.org/wiki/The_Canterbury_Tales,CC-BY-SA-4.0,2026-08-27,untranslated,true
built-in-adult-clue-0279,built-in-adult,Adult (Mature) / Täiskasvanutele,built-in-adult-set-056,board,round-two,4,medium,erotic-art-literature-film-history,Literature of Desire and Society,,Pierre Choderlos de Laclos published this epistolary novel in 1782.,,Les Liaisons dangereuses,,,,Dangerous Liaisons was published in 1782.,,Les Liaisons dangereuses — Wikipedia,https://en.wikipedia.org/wiki/Les_Liaisons_dangereuses,CC-BY-SA-4.0,2026-08-27,untranslated,true
built-in-adult-clue-0280,built-in-adult,Adult (Mature) / Täiskasvanutele,built-in-adult-set-056,board,round-two,5,medium,erotic-art-literature-film-history,Literature of Desire and Society,,John Cleland first published this novel in two installments in 1748 and 1749.,,Fanny Hill,,,,Fanny Hill was written by John Cleland.,,Fanny Hill — Wikipedia,https://en.wikipedia.org/wiki/Fanny_Hill,CC-BY-SA-4.0,2026-08-27,untranslated,true
built-in-adult-clue-0281,built-in-adult,Adult (Mature) / Täiskasvanutele,built-in-adult-set-057,board,round-two,1,medium,erotic-art-literature-film-history,Twentieth-Century Adult Novels,,Henry Miller published this autobiographical novel in Paris in 1934.,,Tropic of Cancer,,,,Tropic of Cancer was first published in Paris in 1934.,,Tropic of Cancer — Wikipedia,https://en.wikipedia.org/wiki/Tropic_of_Cancer_(novel),CC-BY-SA-4.0,2026-08-27,untranslated,true
built-in-adult-clue-0282,built-in-adult,Adult (Mature) / Täiskasvanutele,built-in-adult-set-057,board,round-two,2,medium,erotic-art-literature-film-history,Twentieth-Century Adult Novels,,Erica Jong's 1973 novel follows poet Isadora Wing.,,Fear of Flying,,,,Fear of Flying was published in 1973.,,Fear of Flying — Wikipedia,https://en.wikipedia.org/wiki/Fear_of_Flying_(novel),CC-BY-SA-4.0,2026-08-27,untranslated,true
built-in-adult-clue-0283,built-in-adult,Adult (Mature) / Täiskasvanutele,built-in-adult-set-057,board,round-two,3,medium,erotic-art-literature-film-history,Twentieth-Century Adult Novels,,Anaïs Nin's collection of short fiction was published posthumously in 1977.,,Delta of Venus,,,,Delta of Venus appeared after Anaïs Nin's death.,,Delta of Venus — Wikipedia,https://en.wikipedia.org/wiki/Delta_of_Venus,CC-BY-SA-4.0,2026-08-27,untranslated,true
built-in-adult-clue-0284,built-in-adult,Adult (Mature) / Täiskasvanutele,built-in-adult-set-057,board,round-two,4,medium,erotic-art-literature-film-history,Twentieth-Century Adult Novels,,John Updike published this novel about a New England social circle in 1968.,,Couples,,,,John Updike's Couples was published in 1968.,,Couples — Wikipedia,https://en.wikipedia.org/wiki/Couples_(novel),CC-BY-SA-4.0,2026-08-27,untranslated,true
built-in-adult-clue-0285,built-in-adult,Adult (Mature) / Täiskasvanutele,built-in-adult-set-057,board,round-two,5,medium,erotic-art-literature-film-history,Twentieth-Century Adult Novels,,Marguerite Duras won the 1984 Prix Goncourt for this autobiographical novel.,,The Lover,,,,The Lover by Marguerite Duras received the Prix Goncourt in 1984.,,The Lover — Wikipedia,https://en.wikipedia.org/wiki/The_Lover_(Duras_novel),CC-BY-SA-4.0,2026-08-27,untranslated,true
built-in-adult-clue-0286,built-in-adult,Adult (Mature) / Täiskasvanutele,built-in-adult-set-058,board,round-two,1,medium,erotic-art-literature-film-history,Pre-Code Hollywood,,Barbara Stanwyck starred in this 1933 film about an ambitious woman navigating corporate power.,,Baby Face,,,,Baby Face is a 1933 pre-Code drama starring Barbara Stanwyck.,,Baby Face — Wikipedia,https://en.wikipedia.org/wiki/Baby_Face_(film),CC-BY-SA-4.0,2026-08-27,untranslated,true
built-in-adult-clue-0287,built-in-adult,Adult (Mature) / Täiskasvanutele,built-in-adult-set-058,board,round-two,2,medium,erotic-art-literature-film-history,Pre-Code Hollywood,,Jean Harlow starred in this 1932 comedy-drama.,,Red-Headed Woman,,,,Red-Headed Woman is a 1932 pre-Code film.,,Red-Headed Woman — Wikipedia,https://en.wikipedia.org/wiki/Red-Headed_Woman,CC-BY-SA-4.0,2026-08-27,untranslated,true
built-in-adult-clue-0288,built-in-adult,Adult (Mature) / Täiskasvanutele,built-in-adult-set-058,board,round-two,3,medium,erotic-art-literature-film-history,Pre-Code Hollywood,,Ernst Lubitsch directed this 1933 comedy based on a Noël Coward play.,,Design for Living,,,,Design for Living was directed by Ernst Lubitsch.,,Design for Living — Wikipedia,https://en.wikipedia.org/wiki/Design_for_Living_(film),CC-BY-SA-4.0,2026-08-27,untranslated,true
built-in-adult-clue-0289,built-in-adult,Adult (Mature) / Täiskasvanutele,built-in-adult-set-058,board,round-two,4,medium,erotic-art-literature-film-history,Pre-Code Hollywood,,Mae West starred opposite Cary Grant in this 1933 film.,,She Done Him Wrong,,,,She Done Him Wrong is a 1933 Mae West comedy.,,She Done Him Wrong — Wikipedia,https://en.wikipedia.org/wiki/She_Done_Him_Wrong,CC-BY-SA-4.0,2026-08-27,untranslated,true
built-in-adult-clue-0290,built-in-adult,Adult (Mature) / Täiskasvanutele,built-in-adult-set-058,board,round-two,5,medium,erotic-art-literature-film-history,Pre-Code Hollywood,,Maureen O'Sullivan and Johnny Weissmuller starred in this 1934 adventure sequel.,,Tarzan and His Mate,,,,Tarzan and His Mate was released in 1934.,,Tarzan and His Mate — Wikipedia,https://en.wikipedia.org/wiki/Tarzan_and_His_Mate,CC-BY-SA-4.0,2026-08-27,untranslated,true
built-in-adult-clue-0291,built-in-adult,Adult (Mature) / Täiskasvanutele,built-in-adult-set-059,board,round-two,1,medium,erotic-art-literature-film-history,Photography and the Human Form,,This German-Australian photographer became known for stylized fashion images.,,Helmut Newton,,,,Helmut Newton worked in fashion and portrait photography.,,Helmut Newton — Wikipedia,https://en.wikipedia.org/wiki/Helmut_Newton,CC-BY-SA-4.0,2026-08-27,untranslated,true
built-in-adult-clue-0292,built-in-adult,Adult (Mature) / Täiskasvanutele,built-in-adult-set-059,board,round-two,2,medium,erotic-art-literature-film-history,Photography and the Human Form,,The 1989 Corcoran cancellation of this American photographer's exhibition sparked a public arts debate.,,Robert Mapplethorpe,,,,Robert Mapplethorpe's work became central to U.S. debates about arts funding.,,Robert Mapplethorpe — Wikipedia,https://en.wikipedia.org/wiki/Robert_Mapplethorpe,CC-BY-SA-4.0,2026-08-27,untranslated,true
built-in-adult-clue-0293,built-in-adult,Adult (Mature) / Täiskasvanutele,built-in-adult-set-059,board,round-two,3,medium,erotic-art-literature-film-history,Photography and the Human Form,,This American photographer associated with Photo-Secession often worked in the Sierra Nevada landscape.,,Anne Brigman,,,,Anne Brigman was a pioneering pictorialist photographer.,,Anne Brigman — Wikipedia,https://en.wikipedia.org/wiki/Anne_Brigman,CC-BY-SA-4.0,2026-08-27,untranslated,true
built-in-adult-clue-0294,built-in-adult,Adult (Mature) / Täiskasvanutele,built-in-adult-set-059,board,round-two,4,medium,erotic-art-literature-film-history,Photography and the Human Form,,"This Group f/64 member photographed plants, portraits, and the human form.",,Imogen Cunningham,,,,Imogen Cunningham was a major American modernist photographer.,,Imogen Cunningham — Wikipedia,https://en.wikipedia.org/wiki/Imogen_Cunningham,CC-BY-SA-4.0,2026-08-27,untranslated,true
built-in-adult-clue-0295,built-in-adult,Adult (Mature) / Täiskasvanutele,built-in-adult-set-059,board,round-two,5,medium,erotic-art-literature-film-history,Photography and the Human Form,,This German-born American photographer was known for carefully composed black-and-white studies.,,Ruth Bernhard,,,,Ruth Bernhard worked in 20th-century fine-art photography.,,Ruth Bernhard — Wikipedia,https://en.wikipedia.org/wiki/Ruth_Bernhard,CC-BY-SA-4.0,2026-08-27,untranslated,true
built-in-adult-clue-0296,built-in-adult,Adult (Mature) / Täiskasvanutele,built-in-adult-set-060,board,round-two,1,medium,erotic-art-literature-film-history,Museums of Sexual Culture,,This New York museum opened on Fifth Avenue in 2002.,,Museum of Sex,,,,The Museum of Sex opened in New York City in 2002.,,Museum of Sex — Wikipedia,https://en.wikipedia.org/wiki/Museum_of_Sex,CC-BY-SA-4.0,2026-08-27,untranslated,true
built-in-adult-clue-0297,built-in-adult,Adult (Mature) / Täiskasvanutele,built-in-adult-set-060,board,round-two,2,medium,erotic-art-literature-film-history,Museums of Sexual Culture,,Naomi Wilzig founded this Miami Beach collection in 2005.,,World Erotic Art Museum,,,,The World Erotic Art Museum opened in Miami Beach in 2005.,,World Erotic Art Museum — Wikipedia,https://en.wikipedia.org/wiki/World_Erotic_Art_Museum,CC-BY-SA-4.0,2026-08-27,untranslated,true
built-in-adult-clue-0298,built-in-adult,Adult (Mature) / Täiskasvanutele,built-in-adult-set-060,board,round-two,3,medium,erotic-art-literature-film-history,Museums of Sexual Culture,,Beate Uhse opened this Berlin museum of erotic art and culture in 1996.,,Beate Uhse Erotic Museum,,,,The Beate Uhse Erotic Museum opened in Berlin in 1996.,,Beate Uhse Erotic Museum — Wikipedia,https://en.wikipedia.org/wiki/Beate_Uhse_Erotic_Museum,CC-BY-SA-4.0,2026-08-27,untranslated,true
built-in-adult-clue-0299,built-in-adult,Adult (Mature) / Täiskasvanutele,built-in-adult-set-060,board,round-two,4,medium,erotic-art-literature-film-history,Museums of Sexual Culture,,"This Indiana University institute preserves research archives, art, photographs, and publications.",,Kinsey Institute,,,,The Kinsey Institute maintains research and cultural collections.,,Kinsey Institute — Wikipedia,https://en.wikipedia.org/wiki/Kinsey_Institute,CC-BY-SA-4.0,2026-08-27,untranslated,true
built-in-adult-clue-0300,built-in-adult,Adult (Mature) / Täiskasvanutele,built-in-adult-set-060,board,round-two,5,medium,erotic-art-literature-film-history,Museums of Sexual Culture,,Objects from Pompeii once kept from general visitors formed this museum collection.,,"Secret Museum, Naples",,,,The Naples collection historically restricted artifacts judged sensitive.,,"Secret Museum, Naples — Wikipedia",https://en.wikipedia.org/wiki/Secret_Museum%2C_Naples,CC-BY-SA-4.0,2026-08-27,untranslated,true
built-in-adult-clue-0301,built-in-adult,Adult (Mature) / Täiskasvanutele,built-in-adult-set-061,board,round-two,1,medium,sex-work-history-regulation,Sex-Work Terminology,,Activist Carol Leigh promoted this non-stigmatizing occupational term beginning in 1978.,,Sex worker,,,,Carol Leigh is credited with coining the term sex worker in 1978.,,Sex worker — Wikipedia,https://en.wikipedia.org/wiki/Carol_Leigh,CC-BY-SA-4.0,2026-08-27,untranslated,true
built-in-adult-clue-0302,built-in-adult,Adult (Mature) / Täiskasvanutele,built-in-adult-set-061,board,round-two,2,medium,sex-work-history-regulation,Sex-Work Terminology,,This word means a premises where sex work is arranged or carried out.,,Brothel,,,,A brothel is an establishment associated with commercial sex work.,,Brothel — Wikipedia,https://en.wikipedia.org/wiki/Brothel,CC-BY-SA-4.0,2026-08-27,untranslated,true
built-in-adult-clue-0303,built-in-adult,Adult (Mature) / Täiskasvanutele,built-in-adult-set-061,board,round-two,3,medium,sex-work-history-regulation,Sex-Work Terminology,,This color phrase names an urban area where commercial sex businesses are concentrated.,,Red-light district,,,,A red-light district is an area associated with sex-work venues.,,Red-light district — Wikipedia,https://en.wikipedia.org/wiki/Red-light_district,CC-BY-SA-4.0,2026-08-27,untranslated,true
built-in-adult-clue-0304,built-in-adult,Adult (Mature) / Täiskasvanutele,built-in-adult-set-061,board,round-two,4,medium,sex-work-history-regulation,Sex-Work Terminology,,"In criminal law, this term can mean offering, requesting, or encouraging an illegal transaction.",,Solicitation,,,,Solicitation is a legal term for seeking or offering certain prohibited acts.,,Solicitation — Wikipedia,https://en.wikipedia.org/wiki/Solicitation,CC-BY-SA-4.0,2026-08-27,untranslated,true
built-in-adult-clue-0305,built-in-adult,Adult (Mature) / Täiskasvanutele,built-in-adult-set-061,board,round-two,5,medium,sex-work-history-regulation,Sex-Work Terminology,,This policy removes criminal penalties without necessarily eliminating workplace regulation.,,Decriminalization,,,,Decriminalization differs from legalization through the role of special criminal rules.,,Decriminalization — Wikipedia,https://en.wikipedia.org/wiki/Decriminalization,CC-BY-SA-4.0,2026-08-27,untranslated,true
built-in-adult-clue-0306,built-in-adult,Adult (Mature) / Täiskasvanutele,built-in-adult-set-062,board,round-two,1,medium,sex-work-history-regulation,Occupations in the Ancient World,,"In ancient Greece, this term referred to an educated courtesan and companion.",,Hetaira,,,,Hetairai occupied a distinct social category in classical Greece.,,Hetaira — Wikipedia,https://en.wikipedia.org/wiki/Hetaira,CC-BY-SA-4.0,2026-08-27,untranslated,true
built-in-adult-clue-0307,built-in-adult,Adult (Mature) / Täiskasvanutele,built-in-adult-set-062,board,round-two,2,medium,sex-work-history-regulation,Occupations in the Ancient World,,This Latin word was a legal and social label for a female prostitute in ancient Rome.,,Meretrix,,,,Meretrix is a Latin term found in Roman sources.,,Meretrix — Wikipedia,https://en.wikipedia.org/wiki/Prostitution_in_ancient_Rome,CC-BY-SA-4.0,2026-08-27,untranslated,true
built-in-adult-clue-0308,built-in-adult,Adult (Mature) / Täiskasvanutele,built-in-adult-set-062,board,round-two,3,medium,sex-work-history-regulation,Occupations in the Ancient World,,Romans used this word for a brothel; Pompeii preserves a building known by the name.,,Lupanar,,,,The Lupanar of Pompeii is an ancient Roman brothel building.,,Lupanar — Wikipedia,https://en.wikipedia.org/wiki/Lupanar,CC-BY-SA-4.0,2026-08-27,untranslated,true
built-in-adult-clue-0309,built-in-adult,Adult (Mature) / Täiskasvanutele,built-in-adult-set-062,board,round-two,4,medium,sex-work-history-regulation,Occupations in the Ancient World,,This term describes a companion historically attached to a wealthy or royal court.,,Courtesan,,,,Courtesans could be educated entertainers and companions.,,Courtesan — Wikipedia,https://en.wikipedia.org/wiki/Courtesan,CC-BY-SA-4.0,2026-08-27,untranslated,true
built-in-adult-clue-0310,built-in-adult,Adult (Mature) / Täiskasvanutele,built-in-adult-set-062,board,round-two,5,medium,sex-work-history-regulation,Occupations in the Ancient World,,"This Japanese professional artist entertains through music, dance, and conversation and is not synonymous with a sex worker.",,Geisha,,,,Geisha are trained Japanese performing artists and hostesses.,,Geisha — Wikipedia,https://en.wikipedia.org/wiki/Geisha,CC-BY-SA-4.0,2026-08-27,untranslated,true
built-in-adult-clue-0311,built-in-adult,Adult (Mature) / Täiskasvanutele,built-in-adult-set-063,board,round-two,1,medium,sex-work-history-regulation,Licensed Districts in History,,"Medieval documents used this name for licensed brothels in Southwark, outside the City of London.",,The Stews,,,,The Southwark stews operated under medieval regulation.,,The Stews — Wikipedia,https://en.wikipedia.org/wiki/Southwark,CC-BY-SA-4.0,2026-08-27,untranslated,true
built-in-adult-clue-0312,built-in-adult,Adult (Mature) / Täiskasvanutele,built-in-adult-set-063,board,round-two,2,medium,sex-work-history-regulation,Licensed Districts in History,,"German-speaking towns used this term, literally women's house, for municipal brothels.",,Frauenhaus,,,,Some late-medieval German cities licensed Frauenhäuser.,,Frauenhaus — Wikipedia,https://en.wikipedia.org/wiki/Prostitution_in_Europe,CC-BY-SA-4.0,2026-08-27,untranslated,true
built-in-adult-clue-0313,built-in-adult,Adult (Mature) / Täiskasvanutele,built-in-adult-set-063,board,round-two,3,medium,sex-work-history-regulation,Licensed Districts in History,,The Tokugawa shogunate established this licensed district in Edo in 1617.,,Yoshiwara,,,,Yoshiwara was Edo's licensed pleasure district.,,Yoshiwara — Wikipedia,https://en.wikipedia.org/wiki/Yoshiwara,CC-BY-SA-4.0,2026-08-27,untranslated,true
built-in-adult-clue-0314,built-in-adult,Adult (Mature) / Täiskasvanutele,built-in-adult-set-063,board,round-two,4,medium,sex-work-history-regulation,Licensed Districts in History,,Kyoto's licensed pleasure district carried this name from the 17th century.,,Shimabara,,,,Shimabara was a licensed district in Kyoto.,,Shimabara — Wikipedia,https://en.wikipedia.org/wiki/Shimabara%2C_Kyoto,CC-BY-SA-4.0,2026-08-27,untranslated,true
built-in-adult-clue-0315,built-in-adult,Adult (Mature) / Täiskasvanutele,built-in-adult-set-063,board,round-two,5,medium,sex-work-history-regulation,Licensed Districts in History,,Renaissance Venice used this phrase for an educated honest courtesan.,,Cortigiana onesta,,,,The cortigiana onesta was an elite courtesan in Renaissance Italy.,,Cortigiana onesta — Wikipedia,https://en.wikipedia.org/wiki/Courtesan,CC-BY-SA-4.0,2026-08-27,untranslated,true
built-in-adult-clue-0316,built-in-adult,Adult (Mature) / Täiskasvanutele,built-in-adult-set-064,board,round-two,1,medium,sex-work-history-regulation,The Contagious Diseases Acts,,Britain enacted these statutes in the 1860s to subject women suspected of prostitution in military towns to examination.,,Contagious Diseases Acts,,,,The Contagious Diseases Acts imposed coercive medical controls in designated districts.,,Contagious Diseases Acts — Wikipedia,https://en.wikipedia.org/wiki/Contagious_Diseases_Acts,CC-BY-SA-4.0,2026-08-27,untranslated,true
built-in-adult-clue-0317,built-in-adult,Adult (Mature) / Täiskasvanutele,built-in-adult-set-064,board,round-two,2,medium,sex-work-history-regulation,The Contagious Diseases Acts,,This British reformer led the campaign to repeal the Contagious Diseases Acts.,,Josephine Butler,,,,Josephine Butler organized opposition to the Contagious Diseases Acts.,,Josephine Butler — Wikipedia,https://en.wikipedia.org/wiki/Josephine_Butler,CC-BY-SA-4.0,2026-08-27,untranslated,true
built-in-adult-clue-0318,built-in-adult,Adult (Mature) / Täiskasvanutele,built-in-adult-set-064,board,round-two,3,medium,sex-work-history-regulation,The Contagious Diseases Acts,,"Founded in 1869, this organization campaigned against the Contagious Diseases Acts.",,Ladies National Association,,,,The Ladies National Association opposed state-regulated examination of women.,,Ladies National Association — Wikipedia,https://en.wikipedia.org/wiki/Ladies_National_Association_for_the_Repeal_of_the_Contagious_Diseases_Acts,CC-BY-SA-4.0,2026-08-27,untranslated,true
built-in-adult-clue-0319,built-in-adult,Adult (Mature) / Täiskasvanutele,built-in-adult-set-064,board,round-two,4,medium,sex-work-history-regulation,The Contagious Diseases Acts,,Britain repealed the Contagious Diseases Acts in this year.,,1886,,,,The British Contagious Diseases Acts were repealed in 1886.,,1886 — Wikipedia,https://en.wikipedia.org/wiki/Contagious_Diseases_Acts,CC-BY-SA-4.0,2026-08-27,untranslated,true
built-in-adult-clue-0320,built-in-adult,Adult (Mature) / Täiskasvanutele,built-in-adult-set-064,board,round-two,5,medium,sex-work-history-regulation,The Contagious Diseases Acts,,This historical institution confined and treated people with venereal disease.,,Lock hospital,,,,Lock hospitals were institutions associated with venereal-disease treatment and regulation.,,Lock hospital — Wikipedia,https://en.wikipedia.org/wiki/Lock_hospital,CC-BY-SA-4.0,2026-08-27,untranslated,true
built-in-adult-clue-0321,built-in-adult,Adult (Mature) / Täiskasvanutele,built-in-adult-set-065,board,round-two,1,medium,sex-work-history-regulation,Nevada's Local Regulation,,"In the United States, licensed brothels are legal only in some counties of this state.",,Nevada,,,,Nevada law permits county-level brothel licensing outside prohibited counties.,,Nevada — Wikipedia,https://en.wikipedia.org/wiki/Prostitution_in_Nevada,CC-BY-SA-4.0,2026-08-27,untranslated,true
built-in-adult-clue-0322,built-in-adult,Adult (Mature) / Täiskasvanutele,built-in-adult-set-065,board,round-two,2,medium,sex-work-history-regulation,Nevada's Local Regulation,,"Under Nevada law in 2026, licensed brothels are prohibited in this county containing Las Vegas.",,Clark County,,,,Clark County does not license legal brothels in 2026.,,Clark County — Wikipedia,https://en.wikipedia.org/wiki/Prostitution_in_Nevada,CC-BY-SA-4.0,2026-08-27,untranslated,true
built-in-adult-clue-0323,built-in-adult,Adult (Mature) / Täiskasvanutele,built-in-adult-set-065,board,round-two,3,medium,sex-work-history-regulation,Nevada's Local Regulation,,Nevada's system leaves brothel licensing decisions to eligible local governments under this principle.,,County option,,,,Eligible Nevada counties may choose whether to license brothels.,,County option — Wikipedia,https://en.wikipedia.org/wiki/Prostitution_in_Nevada,CC-BY-SA-4.0,2026-08-27,untranslated,true
built-in-adult-clue-0324,built-in-adult,Adult (Mature) / Täiskasvanutele,built-in-adult-set-065,board,round-two,4,medium,sex-work-history-regulation,Nevada's Local Regulation,,The Mustang Ranch historically operated in this Nevada county.,,Storey County,,,,Storey County is associated with the history of Nevada's licensed brothel system.,,Storey County — Wikipedia,https://en.wikipedia.org/wiki/Storey_County%2C_Nevada,CC-BY-SA-4.0,2026-08-27,untranslated,true
built-in-adult-clue-0325,built-in-adult,Adult (Mature) / Täiskasvanutele,built-in-adult-set-065,board,round-two,5,medium,sex-work-history-regulation,Nevada's Local Regulation,,"Pahrump lies in this Nevada county, which has had licensed brothels.",,Nye County,,,,Nye County is one of Nevada's counties associated with brothel licensing.,,Nye County — Wikipedia,https://en.wikipedia.org/wiki/Nye_County%2C_Nevada,CC-BY-SA-4.0,2026-08-27,untranslated,true
built-in-adult-clue-0326,built-in-adult,Adult (Mature) / Täiskasvanutele,built-in-adult-set-066,board,round-two,1,medium,sex-work-history-regulation,New Zealand's 2003 Reform,,This New Zealand statute decriminalized adult sex work and created workplace rules.,,Prostitution Reform Act 2003,,,,New Zealand enacted the Prostitution Reform Act in 2003.,,Prostitution Reform Act 2003 — Wikipedia,https://en.wikipedia.org/wiki/Prostitution_Reform_Act_2003,CC-BY-SA-4.0,2026-08-27,untranslated,true
built-in-adult-clue-0327,built-in-adult,Adult (Mature) / Täiskasvanutele,built-in-adult-set-066,board,round-two,2,medium,sex-work-history-regulation,New Zealand's 2003 Reform,,This member of Parliament sponsored the bill that became New Zealand's Prostitution Reform Act.,,Tim Barnett,,,,Tim Barnett sponsored the 2003 reform legislation.,,Tim Barnett — Wikipedia,https://en.wikipedia.org/wiki/Tim_Barnett_(politician),CC-BY-SA-4.0,2026-08-27,untranslated,true
built-in-adult-clue-0328,built-in-adult,Adult (Mature) / Täiskasvanutele,built-in-adult-set-066,board,round-two,3,medium,sex-work-history-regulation,New Zealand's 2003 Reform,,This organization supported decriminalization and provides health information and peer services.,,New Zealand Prostitutes' Collective,,,,The New Zealand Prostitutes' Collective participated in the reform debate.,,New Zealand Prostitutes' Collective — Wikipedia,https://en.wikipedia.org/wiki/New_Zealand_Prostitutes'_Collective,CC-BY-SA-4.0,2026-08-27,untranslated,true
built-in-adult-clue-0329,built-in-adult,Adult (Mature) / Täiskasvanutele,built-in-adult-set-066,board,round-two,4,medium,sex-work-history-regulation,New Zealand's 2003 Reform,,The 2003 act created this body to assess the law's operation.,,Prostitution Law Review Committee,,,,The Prostitution Law Review Committee reviewed New Zealand's reform.,,Prostitution Law Review Committee — Wikipedia,https://en.wikipedia.org/wiki/Prostitution_Reform_Act_2003,CC-BY-SA-4.0,2026-08-27,untranslated,true
built-in-adult-clue-0330,built-in-adult,Adult (Mature) / Täiskasvanutele,built-in-adult-set-066,board,round-two,5,medium,sex-work-history-regulation,New Zealand's 2003 Reform,,New Zealand's 2003 model uses this term because it removed most special criminal prohibitions on adult sex work.,,Decriminalization,,,,The New Zealand reform is commonly described as decriminalization.,,Decriminalization — Wikipedia,https://en.wikipedia.org/wiki/Prostitution_in_New_Zealand,CC-BY-SA-4.0,2026-08-27,untranslated,true
built-in-adult-clue-0331,built-in-adult,Adult (Mature) / Täiskasvanutele,built-in-adult-set-067,board,round-two,1,medium,sex-work-history-regulation,The Nordic Model,,"In 1999, this country began criminalizing the purchase, but not the sale, of sexual services.",,Sweden,,,,Sweden introduced its sex-purchase law in 1999.,,Sweden — Wikipedia,https://en.wikipedia.org/wiki/Prostitution_in_Sweden,CC-BY-SA-4.0,2026-08-27,untranslated,true
built-in-adult-clue-0332,built-in-adult,Adult (Mature) / Täiskasvanutele,built-in-adult-set-067,board,round-two,2,medium,sex-work-history-regulation,The Nordic Model,,This policy targets buyers rather than people selling sexual services.,,Sex-purchase ban,,,,A sex-purchase ban criminalizes purchasing sexual services.,,Sex-purchase ban — Wikipedia,https://en.wikipedia.org/wiki/Nordic_model_approach_to_prostitution,CC-BY-SA-4.0,2026-08-27,untranslated,true
built-in-adult-clue-0333,built-in-adult,Adult (Mature) / Täiskasvanutele,built-in-adult-set-067,board,round-two,3,medium,sex-work-history-regulation,The Nordic Model,,"In 2009, this country introduced a law criminalizing purchase of sexual services.",,Norway,,,,Norway's sex-purchase ban took effect in 2009.,,Norway — Wikipedia,https://en.wikipedia.org/wiki/Prostitution_in_Norway,CC-BY-SA-4.0,2026-08-27,untranslated,true
built-in-adult-clue-0334,built-in-adult,Adult (Mature) / Täiskasvanutele,built-in-adult-set-067,board,round-two,4,medium,sex-work-history-regulation,The Nordic Model,,This Nordic country prohibited purchasing sexual services in 2009.,,Iceland,,,,Iceland adopted a sex-purchase ban in 2009.,,Iceland — Wikipedia,https://en.wikipedia.org/wiki/Prostitution_in_Iceland,CC-BY-SA-4.0,2026-08-27,untranslated,true
built-in-adult-clue-0335,built-in-adult,Adult (Mature) / Täiskasvanutele,built-in-adult-set-067,board,round-two,5,medium,sex-work-history-regulation,The Nordic Model,,This is another name for policy that directs criminal penalties toward purchasers.,,End-demand model,,,,End-demand policy seeks to reduce commercial sex by penalizing buyers.,,End-demand model — Wikipedia,https://en.wikipedia.org/wiki/Nordic_model_approach_to_prostitution,CC-BY-SA-4.0,2026-08-27,untranslated,true
built-in-adult-clue-0336,built-in-adult,Adult (Mature) / Täiskasvanutele,built-in-adult-set-068,board,round-one,1,hard,sex-work-history-regulation,Dutch Regulation,,"In this year, the Netherlands lifted its national ban on brothels while retaining licensing and criminal rules.",,2000,,,,The Dutch brothel ban ended in 2000.,,2000 — Wikipedia,https://en.wikipedia.org/wiki/Prostitution_in_the_Netherlands,CC-BY-SA-4.0,2026-08-27,untranslated,true
built-in-adult-clue-0337,built-in-adult,Adult (Mature) / Täiskasvanutele,built-in-adult-set-068,board,round-one,2,hard,sex-work-history-regulation,Dutch Regulation,,Amsterdam's best-known red-light district carries this Dutch name.,,De Wallen,,,,De Wallen is a historic district in central Amsterdam.,,De Wallen — Wikipedia,https://en.wikipedia.org/wiki/De_Wallen,CC-BY-SA-4.0,2026-08-27,untranslated,true
built-in-adult-clue-0338,built-in-adult,Adult (Mature) / Täiskasvanutele,built-in-adult-set-068,board,round-one,3,hard,sex-work-history-regulation,Dutch Regulation,,Amsterdam is known for this regulated form in which workers rent display rooms.,,Window prostitution,,,,Window prostitution operates within local licensing systems in the Netherlands.,,Window prostitution — Wikipedia,https://en.wikipedia.org/wiki/Window_prostitution,CC-BY-SA-4.0,2026-08-27,untranslated,true
built-in-adult-clue-0339,built-in-adult,Adult (Mature) / Täiskasvanutele,built-in-adult-set-068,board,round-one,4,hard,sex-work-history-regulation,Dutch Regulation,,Dutch local governments use this authorization to regulate sex businesses.,,Municipal licence,,,,Municipal licensing is central to Dutch brothel regulation.,,Municipal licence — Wikipedia,https://en.wikipedia.org/wiki/Prostitution_in_the_Netherlands,CC-BY-SA-4.0,2026-08-27,untranslated,true
built-in-adult-clue-0340,built-in-adult,Adult (Mature) / Täiskasvanutele,built-in-adult-set-068,board,round-one,5,hard,sex-work-history-regulation,Dutch Regulation,,"De Wallen, Singelgebied, and Ruysdaelkade are districts associated with this Dutch city.",,Amsterdam,,,,Amsterdam has several areas historically associated with window prostitution.,,Amsterdam — Wikipedia,https://en.wikipedia.org/wiki/Prostitution_in_Amsterdam,CC-BY-SA-4.0,2026-08-27,untranslated,true
built-in-adult-clue-0341,built-in-adult,Adult (Mature) / Täiskasvanutele,built-in-adult-set-069,board,round-one,1,hard,sex-work-history-regulation,Sex-Worker Organizations,,Margo St. James founded this U.S. sex-worker-rights organization in 1973.,,COYOTE,,,,COYOTE was founded in San Francisco in 1973.,,COYOTE — Wikipedia,https://en.wikipedia.org/wiki/COYOTE,CC-BY-SA-4.0,2026-08-27,untranslated,true
built-in-adult-clue-0342,built-in-adult,Adult (Mature) / Täiskasvanutele,built-in-adult-set-069,board,round-one,2,hard,sex-work-history-regulation,Sex-Worker Organizations,,"Founded in 1975, this organization campaigns for decriminalization and safety in Britain.",,English Collective of Prostitutes,,,,The English Collective of Prostitutes began in 1975.,,English Collective of Prostitutes — Wikipedia,https://en.wikipedia.org/wiki/English_Collective_of_Prostitutes,CC-BY-SA-4.0,2026-08-27,untranslated,true
built-in-adult-clue-0343,built-in-adult,Adult (Mature) / Täiskasvanutele,built-in-adult-set-069,board,round-one,3,hard,sex-work-history-regulation,Sex-Worker Organizations,,This Dutch sex-worker organization uses the name De Rode Draad in Dutch.,,Red Thread,,,,De Rode Draad was a Netherlands-based sex-worker organization.,,Red Thread — Wikipedia,https://en.wikipedia.org/wiki/De_Rode_Draad,CC-BY-SA-4.0,2026-08-27,untranslated,true
built-in-adult-clue-0344,built-in-adult,Adult (Mature) / Täiskasvanutele,built-in-adult-set-069,board,round-one,4,hard,sex-work-history-regulation,Sex-Worker Organizations,,This international organization is known by the initials NSWP.,,Global Network of Sex Work Projects,,NSWP,,The Global Network of Sex Work Projects links sex-worker-led groups.,,Global Network of Sex Work Projects — Wikipedia,https://en.wikipedia.org/wiki/Global_Network_of_Sex_Work_Projects,CC-BY-SA-4.0,2026-08-27,untranslated,true
built-in-adult-clue-0345,built-in-adult,Adult (Mature) / Täiskasvanutele,built-in-adult-set-069,board,round-one,5,hard,sex-work-history-regulation,Sex-Worker Organizations,,This collective began in Kolkata and organizes sex workers in India.,,Durbar Mahila Samanwaya Committee,,,,The Durbar committee grew from a peer-led public-health project in Kolkata.,,Durbar Mahila Samanwaya Committee — Wikipedia,https://en.wikipedia.org/wiki/Durbar_Mahila_Samanwaya_Committee,CC-BY-SA-4.0,2026-08-27,untranslated,true
built-in-adult-clue-0346,built-in-adult,Adult (Mature) / Täiskasvanutele,built-in-adult-set-070,board,round-one,1,hard,sex-work-history-regulation,Public-Health Approaches,,This approach seeks to reduce health and social harms without requiring abstinence first.,,Harm reduction,,,,Harm reduction prioritizes practical steps that lower risk.,,Harm reduction — Wikipedia,https://en.wikipedia.org/wiki/Harm_reduction,CC-BY-SA-4.0,2026-08-27,untranslated,true
built-in-adult-clue-0347,built-in-adult,Adult (Mature) / Täiskasvanutele,built-in-adult-set-070,board,round-one,2,hard,sex-work-history-regulation,Public-Health Approaches,,"In this method, trained members of a community share health information with their peers.",,Peer education,,,,Peer education uses trusted community members as educators.,,Peer education — Wikipedia,https://en.wikipedia.org/wiki/Peer_education,CC-BY-SA-4.0,2026-08-27,untranslated,true
built-in-adult-clue-0348,built-in-adult,Adult (Mature) / Täiskasvanutele,built-in-adult-set-070,board,round-one,3,hard,sex-work-history-regulation,Public-Health Approaches,,Public-health programs use this intervention to improve access to barrier protection.,,Condom distribution,,,,Condom-distribution programs aim to reduce transmission of infections.,,Condom distribution — Wikipedia,https://en.wikipedia.org/wiki/Condom,CC-BY-SA-4.0,2026-08-27,untranslated,true
built-in-adult-clue-0349,built-in-adult,Adult (Mature) / Täiskasvanutele,built-in-adult-set-070,board,round-one,4,hard,sex-work-history-regulation,Public-Health Approaches,,This preventive-health process tests people without symptoms to detect conditions early.,,Screening,,,,Screening seeks to identify a condition before symptoms prompt diagnosis.,,Screening — Wikipedia,https://en.wikipedia.org/wiki/Screening_(medicine),CC-BY-SA-4.0,2026-08-27,untranslated,true
built-in-adult-clue-0350,built-in-adult,Adult (Mature) / Täiskasvanutele,built-in-adult-set-070,board,round-one,5,hard,sex-work-history-regulation,Public-Health Approaches,,This public-health goal addresses shame and discrimination that can deter people from seeking care.,,Stigma reduction,,,,Reducing stigma can improve access to health services.,,Stigma reduction — Wikipedia,https://en.wikipedia.org/wiki/Social_stigma,CC-BY-SA-4.0,2026-08-27,untranslated,true
built-in-adult-clue-0351,built-in-adult,Adult (Mature) / Täiskasvanutele,built-in-adult-set-071,board,round-one,1,hard,adult-entertainment-history,Adult Magazines in Print History,,Hugh Hefner founded this magazine in Chicago in 1953.,,Playboy,,,,Playboy's first issue appeared in 1953.,,Playboy — Wikipedia,https://en.wikipedia.org/wiki/Playboy,CC-BY-SA-4.0,2026-08-27,untranslated,true
built-in-adult-clue-0352,built-in-adult,Adult (Mature) / Täiskasvanutele,built-in-adult-set-071,board,round-one,2,hard,adult-entertainment-history,Adult Magazines in Print History,,Bob Guccione founded this magazine in the United Kingdom in 1965.,,Penthouse,,,,Penthouse began publication in 1965.,,Penthouse — Wikipedia,https://en.wikipedia.org/wiki/Penthouse_(magazine),CC-BY-SA-4.0,2026-08-27,untranslated,true
built-in-adult-clue-0353,built-in-adult,Adult (Mature) / Täiskasvanutele,built-in-adult-set-071,board,round-one,3,hard,adult-entertainment-history,Adult Magazines in Print History,,Larry Flynt launched this magazine nationally in the United States in 1974.,,Hustler,,,,Hustler began as a magazine in 1974.,,Hustler — Wikipedia,https://en.wikipedia.org/wiki/Hustler,CC-BY-SA-4.0,2026-08-27,untranslated,true
built-in-adult-clue-0354,built-in-adult,Adult (Mature) / Täiskasvanutele,built-in-adult-set-071,board,round-one,4,hard,adult-entertainment-history,Adult Magazines in Print History,,Berth Milton Sr. founded this Swedish magazine in 1965.,,Private,,,,Private was founded in Sweden in 1965.,,Private — Wikipedia,https://en.wikipedia.org/wiki/Private_(magazine),CC-BY-SA-4.0,2026-08-27,untranslated,true
built-in-adult-clue-0355,built-in-adult,Adult (Mature) / Täiskasvanutele,built-in-adult-set-071,board,round-one,5,hard,adult-entertainment-history,Adult Magazines in Print History,,Douglas Lambert founded this magazine for women in 1973.,,Playgirl,,,,Playgirl first appeared in 1973.,,Playgirl — Wikipedia,https://en.wikipedia.org/wiki/Playgirl,CC-BY-SA-4.0,2026-08-27,untranslated,true
built-in-adult-clue-0356,built-in-adult,Adult (Mature) / Täiskasvanutele,built-in-adult-set-072,board,round-one,1,hard,adult-entertainment-history,The Pin-Up Tradition,,Illustrator Charles Dana Gibson created this late-19th-century idealized American woman.,,Gibson Girl,,,,The Gibson Girl appeared in Charles Dana Gibson's illustrations.,,Gibson Girl — Wikipedia,https://en.wikipedia.org/wiki/Gibson_Girl,CC-BY-SA-4.0,2026-08-27,untranslated,true
built-in-adult-clue-0357,built-in-adult,Adult (Mature) / Täiskasvanutele,built-in-adult-set-072,board,round-one,2,hard,adult-entertainment-history,The Pin-Up Tradition,,Peruvian-American artist Alberto Vargas gave his surname to this style of glamorous pin-up illustration.,,Vargas girl,,,,Alberto Vargas became famous for pin-up paintings.,,Vargas girl — Wikipedia,https://en.wikipedia.org/wiki/Alberto_Vargas,CC-BY-SA-4.0,2026-08-27,untranslated,true
built-in-adult-clue-0358,built-in-adult,Adult (Mature) / Täiskasvanutele,built-in-adult-set-072,board,round-one,3,hard,adult-entertainment-history,The Pin-Up Tradition,,A 1943 bathing-suit photograph of this film star became a famous World War II pin-up.,,Betty Grable,,,,Betty Grable's 1943 pin-up image was widely distributed during World War II.,,Betty Grable — Wikipedia,https://en.wikipedia.org/wiki/Betty_Grable,CC-BY-SA-4.0,2026-08-27,untranslated,true
built-in-adult-clue-0359,built-in-adult,Adult (Mature) / Täiskasvanutele,built-in-adult-set-072,board,round-one,4,hard,adult-entertainment-history,The Pin-Up Tradition,,Alberto Vargas's pin-up illustrations appeared in this American men's magazine during the 1940s.,,Esquire,,,,Esquire published Alberto Vargas's pin-up art.,,Esquire — Wikipedia,https://en.wikipedia.org/wiki/Esquire_(magazine),CC-BY-SA-4.0,2026-08-27,untranslated,true
built-in-adult-clue-0360,built-in-adult,Adult (Mature) / Täiskasvanutele,built-in-adult-set-072,board,round-one,5,hard,adult-entertainment-history,The Pin-Up Tradition,,Crews painted pin-up figures and mascots on military aircraft in this visual tradition.,,Nose art,,,,Aircraft nose art became especially prominent during World War II.,,Nose art — Wikipedia,https://en.wikipedia.org/wiki/Nose_art,CC-BY-SA-4.0,2026-08-27,untranslated,true
built-in-adult-clue-0361,built-in-adult,Adult (Mature) / Täiskasvanutele,built-in-adult-set-073,board,round-one,1,hard,adult-entertainment-history,Adult Cinema Milestones,,The U.S. film-rating system introduced this adults-only category in 1968.,,X rating,,,,X was part of the Motion Picture Association's original 1968 ratings.,,X rating — Wikipedia,https://en.wikipedia.org/wiki/X_rating,CC-BY-SA-4.0,2026-08-27,untranslated,true
built-in-adult-clue-0362,built-in-adult,Adult (Mature) / Täiskasvanutele,built-in-adult-set-073,board,round-one,2,hard,adult-entertainment-history,Adult Cinema Milestones,,Film historians often use this phrase for a period of wider theatrical exhibition beginning around 1969.,,Golden Age of Porn,,,,The Golden Age of Porn refers to an era when adult films received mainstream theatrical attention.,,Golden Age of Porn — Wikipedia,https://en.wikipedia.org/wiki/Golden_Age_of_Porn,CC-BY-SA-4.0,2026-08-27,untranslated,true
built-in-adult-clue-0363,built-in-adult,Adult (Mature) / Täiskasvanutele,built-in-adult-set-073,board,round-one,3,hard,adult-entertainment-history,Adult Cinema Milestones,,Gerard Damiano directed this 1972 film that became a focus of obscenity prosecutions and public debate.,,Deep Throat,,,,Deep Throat was released in 1972 and became a major legal and cultural controversy.,,Deep Throat — Wikipedia,https://en.wikipedia.org/wiki/Deep_Throat_(film),CC-BY-SA-4.0,2026-08-27,untranslated,true
built-in-adult-clue-0364,built-in-adult,Adult (Mature) / Täiskasvanutele,built-in-adult-set-073,board,round-one,4,hard,adult-entertainment-history,Adult Cinema Milestones,,"The Mitchell brothers directed this 1972 film, one of the era's widely released adult features.",,Behind the Green Door,,,,Behind the Green Door was released in 1972.,,Behind the Green Door — Wikipedia,https://en.wikipedia.org/wiki/Behind_the_Green_Door,CC-BY-SA-4.0,2026-08-27,untranslated,true
built-in-adult-clue-0365,built-in-adult,Adult (Mature) / Täiskasvanutele,built-in-adult-set-073,board,round-one,5,hard,adult-entertainment-history,Adult Cinema Milestones,,The Motion Picture Association introduced this classification in 1990 to replace its X category.,,NC-17,,,,NC-17 was created in 1990.,,NC-17 — Wikipedia,https://en.wikipedia.org/wiki/NC-17,CC-BY-SA-4.0,2026-08-27,untranslated,true
built-in-adult-clue-0366,built-in-adult,Adult (Mature) / Täiskasvanutele,built-in-adult-set-074,board,round-one,1,hard,adult-entertainment-history,Peep Shows and Viewing Machines,,This phrase named short comic scenes viewed through early peep-show machines.,,What the Butler Saw,,,,What the Butler Saw films were associated with mutoscope viewing.,,What the Butler Saw — Wikipedia,https://en.wikipedia.org/wiki/What_the_Butler_Saw_(film),CC-BY-SA-4.0,2026-08-27,untranslated,true
built-in-adult-clue-0367,built-in-adult,Adult (Mature) / Täiskasvanutele,built-in-adult-set-074,board,round-one,2,hard,adult-entertainment-history,Peep Shows and Viewing Machines,,This hand-cranked machine displayed motion from cards arranged on a rotating drum.,,Mutoscope,,,,The mutoscope was an early motion-picture viewing device.,,Mutoscope — Wikipedia,https://en.wikipedia.org/wiki/Mutoscope,CC-BY-SA-4.0,2026-08-27,untranslated,true
built-in-adult-clue-0368,built-in-adult,Adult (Mature) / Täiskasvanutele,built-in-adult-set-074,board,round-one,3,hard,adult-entertainment-history,Peep Shows and Viewing Machines,,Thomas Edison's laboratory developed this cabinet for one-person motion-picture viewing.,,Kinetoscope,,,,The Kinetoscope let one viewer watch moving images through a peephole.,,Kinetoscope — Wikipedia,https://en.wikipedia.org/wiki/Kinetoscope,CC-BY-SA-4.0,2026-08-27,untranslated,true
built-in-adult-clue-0369,built-in-adult,Adult (Mature) / Täiskasvanutele,built-in-adult-set-074,board,round-one,4,hard,adult-entertainment-history,Peep Shows and Viewing Machines,,Early storefront cinemas took this name from a five-cent coin and the Greek word for theater.,,Nickelodeon,,,,Nickelodeons were early American movie theaters with inexpensive admission.,,Nickelodeon — Wikipedia,https://en.wikipedia.org/wiki/Nickelodeon_(movie_theater),CC-BY-SA-4.0,2026-08-27,untranslated,true
built-in-adult-clue-0370,built-in-adult,Adult (Mature) / Täiskasvanutele,built-in-adult-set-074,board,round-one,5,hard,adult-entertainment-history,Peep Shows and Viewing Machines,,This general term describes entertainment seen through a small opening or viewing booth.,,Peep show,,,,A peep show is viewed privately through an aperture or device.,,Peep show — Wikipedia,https://en.wikipedia.org/wiki/Peep_show,CC-BY-SA-4.0,2026-08-27,untranslated,true
built-in-adult-clue-0371,built-in-adult,Adult (Mature) / Täiskasvanutele,built-in-adult-set-075,board,round-one,1,hard,adult-entertainment-history,Home Video Changes the Market,,Sony introduced this home videocassette format in 1975.,,Betamax,,,,Betamax reached consumers in 1975.,,Betamax — Wikipedia,https://en.wikipedia.org/wiki/Betamax,CC-BY-SA-4.0,2026-08-27,untranslated,true
built-in-adult-clue-0372,built-in-adult,Adult (Mature) / Täiskasvanutele,built-in-adult-set-075,board,round-one,2,hard,adult-entertainment-history,Home Video Changes the Market,,JVC introduced this videocassette format in Japan in 1976.,,VHS,,,,VHS became a major home-video standard after its 1976 launch.,,VHS — Wikipedia,https://en.wikipedia.org/wiki/VHS,CC-BY-SA-4.0,2026-08-27,untranslated,true
built-in-adult-clue-0373,built-in-adult,Adult (Mature) / Täiskasvanutele,built-in-adult-set-075,board,round-one,3,hard,adult-entertainment-history,Home Video Changes the Market,,"These initials name a videocassette recorder, which let viewers time-shift and privately watch tapes.",,VCR,,,,A VCR records and plays video cassettes.,,VCR — Wikipedia,https://en.wikipedia.org/wiki/Videocassette_recorder,CC-BY-SA-4.0,2026-08-27,untranslated,true
built-in-adult-clue-0374,built-in-adult,Adult (Mature) / Täiskasvanutele,built-in-adult-set-075,board,round-one,4,hard,adult-entertainment-history,Home Video Changes the Market,,This retail business lent prerecorded tapes or discs for home viewing.,,Video rental shop,,,,Video rental stores expanded with widespread home-video adoption.,,Video rental shop — Wikipedia,https://en.wikipedia.org/wiki/Video_rental_shop,CC-BY-SA-4.0,2026-08-27,untranslated,true
built-in-adult-clue-0375,built-in-adult,Adult (Mature) / Täiskasvanutele,built-in-adult-set-075,board,round-one,5,hard,adult-entertainment-history,Home Video Changes the Market,,This optical home-video format preceded DVD but never displaced videotape in the mass market.,,LaserDisc,,,,LaserDisc was an analog optical-disc video format.,,LaserDisc — Wikipedia,https://en.wikipedia.org/wiki/LaserDisc,CC-BY-SA-4.0,2026-08-27,untranslated,true
built-in-adult-clue-0376,built-in-adult,Adult (Mature) / Täiskasvanutele,built-in-adult-set-076,board,round-one,1,hard,adult-entertainment-history,Pay Television Vocabulary,,This U.S. subscription television network began broadcasting in 1972.,,HBO,,,,Home Box Office launched in 1972.,,HBO — Wikipedia,https://en.wikipedia.org/wiki/HBO,CC-BY-SA-4.0,2026-08-27,untranslated,true
built-in-adult-clue-0377,built-in-adult,Adult (Mature) / Täiskasvanutele,built-in-adult-set-076,board,round-one,2,hard,adult-entertainment-history,Pay Television Vocabulary,,This television service charges viewers for a specific event or program.,,Pay-per-view,,,,Pay-per-view sells access to individual broadcasts.,,Pay-per-view — Wikipedia,https://en.wikipedia.org/wiki/Pay-per-view,CC-BY-SA-4.0,2026-08-27,untranslated,true
built-in-adult-clue-0378,built-in-adult,Adult (Mature) / Täiskasvanutele,built-in-adult-set-076,board,round-one,3,hard,adult-entertainment-history,Pay Television Vocabulary,,Broadcasters use this term for the time after which adult-oriented programs may air.,,Watershed,,,,A broadcast watershed separates family viewing hours from later programming.,,Watershed — Wikipedia,https://en.wikipedia.org/wiki/Watershed_(broadcasting),CC-BY-SA-4.0,2026-08-27,untranslated,true
built-in-adult-clue-0379,built-in-adult,Adult (Mature) / Täiskasvanutele,built-in-adult-set-076,board,round-one,4,hard,adult-entertainment-history,Pay Television Vocabulary,,Pay-TV systems used this signal-processing method so only authorized receivers could show a clear picture.,,Scrambling,,,,Television scrambling restricts reception to paying subscribers.,,Scrambling — Wikipedia,https://en.wikipedia.org/wiki/Scrambler,CC-BY-SA-4.0,2026-08-27,untranslated,true
built-in-adult-clue-0380,built-in-adult,Adult (Mature) / Täiskasvanutele,built-in-adult-set-076,board,round-one,5,hard,adult-entertainment-history,Pay Television Vocabulary,,Viewers pay a recurring fee for this service rather than relying only on advertising.,,Subscription television,,,,Subscription television is funded through viewer payments.,,Subscription television — Wikipedia,https://en.wikipedia.org/wiki/Pay_television,CC-BY-SA-4.0,2026-08-27,untranslated,true
built-in-adult-clue-0381,built-in-adult,Adult (Mature) / Täiskasvanutele,built-in-adult-set-077,board,round-one,1,hard,adult-entertainment-history,The Adult Internet,,"Created in 1979, this distributed discussion system carried topic-based newsgroups.",,Usenet,,,,Usenet began as a networked discussion system in 1979.,,Usenet — Wikipedia,https://en.wikipedia.org/wiki/Usenet,CC-BY-SA-4.0,2026-08-27,untranslated,true
built-in-adult-clue-0382,built-in-adult,Adult (Mature) / Täiskasvanutele,built-in-adult-set-077,board,round-one,2,hard,adult-entertainment-history,The Adult Internet,,Dial-up users exchanged messages and files through this pre-web computer service.,,Bulletin board system,,BBS,,A bulletin board system lets users connect to a host computer remotely.,,Bulletin board system — Wikipedia,https://en.wikipedia.org/wiki/Bulletin_board_system,CC-BY-SA-4.0,2026-08-27,untranslated,true
built-in-adult-clue-0383,built-in-adult,Adult (Mature) / Täiskasvanutele,built-in-adult-set-077,board,round-one,3,hard,adult-entertainment-history,The Adult Internet,,Websites use this process to check whether a user meets a legal age threshold.,,Age verification,,,,Age-verification systems attempt to confirm a user's age.,,Age verification — Wikipedia,https://en.wikipedia.org/wiki/Age_verification_system,CC-BY-SA-4.0,2026-08-27,untranslated,true
built-in-adult-clue-0384,built-in-adult,Adult (Mature) / Täiskasvanutele,built-in-adult-set-077,board,round-one,4,hard,adult-entertainment-history,The Adult Internet,,This category of software blocks or filters material based on rules or ratings.,,Content-control software,,,,Content-control software limits access to selected internet material.,,Content-control software — Wikipedia,https://en.wikipedia.org/wiki/Content-control_software,CC-BY-SA-4.0,2026-08-27,untranslated,true
built-in-adult-clue-0385,built-in-adult,Adult (Mature) / Täiskasvanutele,built-in-adult-set-077,board,round-one,5,hard,adult-entertainment-history,The Adult Internet,,ICANN approved this sponsored top-level internet domain in 2011.,,.xxx,,,,The .xxx top-level domain entered the domain-name system in 2011.,,.xxx — Wikipedia,https://en.wikipedia.org/wiki/.xxx,CC-BY-SA-4.0,2026-08-27,untranslated,true
built-in-adult-clue-0386,built-in-adult,Adult (Mature) / Täiskasvanutele,built-in-adult-set-078,board,round-one,1,hard,adult-entertainment-history,The Burlesque Revival,,This American performer is professionally associated with the modern revival of burlesque.,,Dita Von Teese,,,,Dita Von Teese is a contemporary burlesque performer.,,Dita Von Teese — Wikipedia,https://en.wikipedia.org/wiki/Dita_Von_Teese,CC-BY-SA-4.0,2026-08-27,untranslated,true
built-in-adult-clue-0387,built-in-adult,Adult (Mature) / Täiskasvanutele,built-in-adult-set-078,board,round-one,2,hard,adult-entertainment-history,The Burlesque Revival,,This Las Vegas museum grew from Jennie Lee's collection of burlesque memorabilia.,,Burlesque Hall of Fame,,,,The Burlesque Hall of Fame preserves performance history and artifacts.,,Burlesque Hall of Fame — Wikipedia,https://en.wikipedia.org/wiki/Burlesque_Hall_of_Fame,CC-BY-SA-4.0,2026-08-27,untranslated,true
built-in-adult-clue-0388,built-in-adult,Adult (Mature) / Täiskasvanutele,built-in-adult-set-078,board,round-one,3,hard,adult-entertainment-history,The Burlesque Revival,,The Burlesque Hall of Fame's annual pageant historically used this title.,,Miss Exotic World,,,,Miss Exotic World became the Burlesque Hall of Fame Weekend's principal competition.,,Miss Exotic World — Wikipedia,https://en.wikipedia.org/wiki/Burlesque_Hall_of_Fame,CC-BY-SA-4.0,2026-08-27,untranslated,true
built-in-adult-clue-0389,built-in-adult,Adult (Mature) / Täiskasvanutele,built-in-adult-set-078,board,round-one,4,hard,adult-entertainment-history,The Burlesque Revival,,This touring event helped connect neo-burlesque performers in the early 2000s.,,Tease-O-Rama,,,,Tease-O-Rama was an influential neo-burlesque festival.,,Tease-O-Rama — Wikipedia,https://en.wikipedia.org/wiki/Neo-Burlesque,CC-BY-SA-4.0,2026-08-27,untranslated,true
built-in-adult-clue-0390,built-in-adult,Adult (Mature) / Täiskasvanutele,built-in-adult-set-078,board,round-one,5,hard,adult-entertainment-history,The Burlesque Revival,,This revival mixes vintage costume and comedy with contemporary themes and body-positive performance.,,Neo-burlesque,,,,Neo-burlesque reinterprets earlier burlesque traditions.,,Neo-burlesque — Wikipedia,https://en.wikipedia.org/wiki/Neo-Burlesque,CC-BY-SA-4.0,2026-08-27,untranslated,true
built-in-adult-clue-0391,built-in-adult,Adult (Mature) / Täiskasvanutele,built-in-adult-set-079,board,round-one,1,hard,adult-entertainment-history,Organizations and Awards,,Adult Video News first presented these U.S. industry awards in 1984.,,AVN Awards,,,,The AVN Awards began in 1984.,,AVN Awards — Wikipedia,https://en.wikipedia.org/wiki/AVN_Awards,CC-BY-SA-4.0,2026-08-27,untranslated,true
built-in-adult-clue-0392,built-in-adult,Adult (Mature) / Täiskasvanutele,built-in-adult-set-079,board,round-one,2,hard,adult-entertainment-history,Organizations and Awards,,The trade publication XBIZ presents these adult-entertainment business awards.,,XBIZ Awards,,,,The XBIZ Awards recognize adult-industry companies and performers.,,XBIZ Awards — Wikipedia,https://en.wikipedia.org/wiki/XBIZ_Awards,CC-BY-SA-4.0,2026-08-27,untranslated,true
built-in-adult-clue-0393,built-in-adult,Adult (Mature) / Täiskasvanutele,built-in-adult-set-079,board,round-one,3,hard,adult-entertainment-history,Organizations and Awards,,This U.S. adult-industry trade association was established in 1991.,,Free Speech Coalition,,,,The Free Speech Coalition began in 1991.,,Free Speech Coalition — Wikipedia,https://en.wikipedia.org/wiki/Free_Speech_Coalition,CC-BY-SA-4.0,2026-08-27,untranslated,true
built-in-adult-clue-0394,built-in-adult,Adult (Mature) / Täiskasvanutele,built-in-adult-set-079,board,round-one,4,hard,adult-entertainment-history,Organizations and Awards,,This early U.S. trade group created awards in the 1970s.,,Adult Film Association of America,,,,The Adult Film Association of America represented producers and presented awards.,,Adult Film Association of America — Wikipedia,https://en.wikipedia.org/wiki/Adult_Film_Association_of_America,CC-BY-SA-4.0,2026-08-27,untranslated,true
built-in-adult-clue-0395,built-in-adult,Adult (Mature) / Täiskasvanutele,built-in-adult-set-079,board,round-one,5,hard,adult-entertainment-history,Organizations and Awards,,A group of adult-film critics established these awards in 1985.,,XRCO Awards,,,,The X-Rated Critics Organization Awards began in 1985.,,XRCO Awards — Wikipedia,https://en.wikipedia.org/wiki/XRCO_Award,CC-BY-SA-4.0,2026-08-27,untranslated,true
built-in-adult-clue-0396,built-in-adult,Adult (Mature) / Täiskasvanutele,built-in-adult-set-080,board,round-one,1,hard,adult-entertainment-history,Adult Businesses and Zoning,,"In 1973, this U.S. Supreme Court case upheld an injunction against exhibiting films found obscene.",,Paris Adult Theatre I v. Slaton,,,,Paris Adult Theatre I v. Slaton was decided in 1973.,,Paris Adult Theatre I v. Slaton — Wikipedia,https://en.wikipedia.org/wiki/Paris_Adult_Theatre_I_v._Slaton,CC-BY-SA-4.0,2026-08-27,untranslated,true
built-in-adult-clue-0397,built-in-adult,Adult (Mature) / Täiskasvanutele,built-in-adult-set-080,board,round-one,2,hard,adult-entertainment-history,Adult Businesses and Zoning,,This 1976 U.S. Supreme Court case upheld Detroit zoning rules for adult businesses.,,Young v. American Mini Theatres,,,,Young v. American Mini Theatres addressed zoning in 1976.,,Young v. American Mini Theatres — Wikipedia,https://en.wikipedia.org/wiki/Young_v._American_Mini_Theatres%2C_Inc.,CC-BY-SA-4.0,2026-08-27,untranslated,true
built-in-adult-clue-0398,built-in-adult,Adult (Mature) / Täiskasvanutele,built-in-adult-set-080,board,round-one,3,hard,adult-entertainment-history,Adult Businesses and Zoning,,This 1986 U.S. Supreme Court case upheld location rules aimed at secondary effects.,,City of Renton v. Playtime Theatres,,,,City of Renton v. Playtime Theatres was decided in 1986.,,City of Renton v. Playtime Theatres — Wikipedia,https://en.wikipedia.org/wiki/Renton_v._Playtime_Theatres%2C_Inc.,CC-BY-SA-4.0,2026-08-27,untranslated,true
built-in-adult-clue-0399,built-in-adult,Adult (Mature) / Täiskasvanutele,built-in-adult-set-080,board,round-one,4,hard,adult-entertainment-history,Adult Businesses and Zoning,,Courts use this phrase for harms such as traffic or crime asserted to accompany a land use.,,Secondary effects doctrine,,,,The secondary-effects doctrine appears in adult-business zoning cases.,,Secondary effects doctrine — Wikipedia,https://en.wikipedia.org/wiki/Voyeur_Dorm%2C_L.C._v._City_of_Tampa,CC-BY-SA-4.0,2026-08-27,untranslated,true
built-in-adult-clue-0400,built-in-adult,Adult (Mature) / Täiskasvanutele,built-in-adult-set-080,board,round-one,5,hard,adult-entertainment-history,Adult Businesses and Zoning,,Zoning ordinances may require adult businesses to keep this minimum distance from schools or residences.,,Buffer zone,,,,A buffer zone separates regulated land uses from specified neighboring uses.,,Buffer zone — Wikipedia,https://en.wikipedia.org/wiki/Buffer_zone,CC-BY-SA-4.0,2026-08-27,untranslated,true
built-in-adult-clue-0401,built-in-adult,Adult (Mature) / Täiskasvanutele,built-in-adult-set-081,board,round-one,1,hard,vice-moral-regulation,Temperance Organizations,,"Founded in 1874, this U.S. organization became a major force for alcohol prohibition.",,Woman's Christian Temperance Union,,WCTU,,The Woman's Christian Temperance Union was founded in 1874.,,Woman's Christian Temperance Union — Wikipedia,https://en.wikipedia.org/wiki/Woman's_Christian_Temperance_Union,CC-BY-SA-4.0,2026-08-27,untranslated,true
built-in-adult-clue-0402,built-in-adult,Adult (Mature) / Täiskasvanutele,built-in-adult-set-081,board,round-one,2,hard,vice-moral-regulation,Temperance Organizations,,"Founded in 1893, this U.S. organization lobbied for national prohibition.",,Anti-Saloon League,,,,The Anti-Saloon League was a leading prohibition organization.,,Anti-Saloon League — Wikipedia,https://en.wikipedia.org/wiki/Anti-Saloon_League,CC-BY-SA-4.0,2026-08-27,untranslated,true
built-in-adult-clue-0403,built-in-adult,Adult (Mature) / Täiskasvanutele,built-in-adult-set-081,board,round-one,3,hard,vice-moral-regulation,Temperance Organizations,,"Founded in Boston in 1826, this organization promoted abstinence from distilled spirits.",,American Temperance Society,,,,The American Temperance Society began in 1826.,,American Temperance Society — Wikipedia,https://en.wikipedia.org/wiki/American_Temperance_Society,CC-BY-SA-4.0,2026-08-27,untranslated,true
built-in-adult-clue-0404,built-in-adult,Adult (Mature) / Täiskasvanutele,built-in-adult-set-081,board,round-one,4,hard,vice-moral-regulation,Temperance Organizations,,This fraternal movement began in New York City in 1842.,,Sons of Temperance,,,,The Sons of Temperance was founded in 1842.,,Sons of Temperance — Wikipedia,https://en.wikipedia.org/wiki/Sons_of_Temperance,CC-BY-SA-4.0,2026-08-27,untranslated,true
built-in-adult-clue-0405,built-in-adult,Adult (Mature) / Täiskasvanutele,built-in-adult-set-081,board,round-one,5,hard,vice-moral-regulation,Temperance Organizations,,"Founded in Leeds in 1847, this British movement taught children temperance principles.",,Band of Hope,,,,The Band of Hope began in Leeds in 1847.,,Band of Hope — Wikipedia,https://en.wikipedia.org/wiki/Band_of_Hope,CC-BY-SA-4.0,2026-08-27,untranslated,true
built-in-adult-clue-0406,built-in-adult,Adult (Mature) / Täiskasvanutele,built-in-adult-set-082,board,round-one,1,hard,vice-moral-regulation,United States Prohibition,,"Ratified in 1919, this U.S. constitutional amendment authorized national alcohol prohibition.",,Eighteenth Amendment,,,,The Eighteenth Amendment was ratified in 1919.,,Eighteenth Amendment — Wikipedia,https://en.wikipedia.org/wiki/Eighteenth_Amendment_to_the_United_States_Constitution,CC-BY-SA-4.0,2026-08-27,untranslated,true
built-in-adult-clue-0407,built-in-adult,Adult (Mature) / Täiskasvanutele,built-in-adult-set-082,board,round-one,2,hard,vice-moral-regulation,United States Prohibition,,Congress enacted this law in 1919 to enforce the Eighteenth Amendment.,,Volstead Act,,,,The Volstead Act defined intoxicating liquor and prohibition enforcement.,,Volstead Act — Wikipedia,https://en.wikipedia.org/wiki/Volstead_Act,CC-BY-SA-4.0,2026-08-27,untranslated,true
built-in-adult-clue-0408,built-in-adult,Adult (Mature) / Täiskasvanutele,built-in-adult-set-082,board,round-one,3,hard,vice-moral-regulation,United States Prohibition,,"Ratified in 1933, this amendment repealed national alcohol prohibition.",,Twenty-first Amendment,,,,The Twenty-first Amendment repealed the Eighteenth Amendment in 1933.,,Twenty-first Amendment — Wikipedia,https://en.wikipedia.org/wiki/Twenty-first_Amendment_to_the_United_States_Constitution,CC-BY-SA-4.0,2026-08-27,untranslated,true
built-in-adult-clue-0409,built-in-adult,Adult (Mature) / Täiskasvanutele,built-in-adult-set-082,board,round-one,4,hard,vice-moral-regulation,United States Prohibition,,"During Prohibition, this word described someone who illegally made or distributed alcohol.",,Bootlegger,,,,Bootlegging is the illicit production or distribution of alcohol.,,Bootlegger — Wikipedia,https://en.wikipedia.org/wiki/Rum-running,CC-BY-SA-4.0,2026-08-27,untranslated,true
built-in-adult-clue-0410,built-in-adult,Adult (Mature) / Täiskasvanutele,built-in-adult-set-082,board,round-one,5,hard,vice-moral-regulation,United States Prohibition,,These hidden drinking places operated despite national prohibition from 1920 to 1933.,,Speakeasy,,,,Speakeasies sold alcoholic drinks illegally during Prohibition.,,Speakeasy — Wikipedia,https://en.wikipedia.org/wiki/Speakeasy,CC-BY-SA-4.0,2026-08-27,untranslated,true
built-in-adult-clue-0411,built-in-adult,Adult (Mature) / Täiskasvanutele,built-in-adult-set-083,board,round-one,1,hard,vice-moral-regulation,Gambling-Law Milestones,,This British law made gambling contracts unenforceable in court.,,Gaming Act 1845,,,,The Gaming Act 1845 changed the legal treatment of wagers.,,Gaming Act 1845 — Wikipedia,https://en.wikipedia.org/wiki/Gaming_Act_1845,CC-BY-SA-4.0,2026-08-27,untranslated,true
built-in-adult-clue-0412,built-in-adult,Adult (Mature) / Täiskasvanutele,built-in-adult-set-083,board,round-one,2,hard,vice-moral-regulation,Gambling-Law Milestones,,"In 1931, this U.S. state legalized most forms of casino gambling.",,Nevada,,,,Nevada legalized casino gambling in 1931.,,Nevada — Wikipedia,https://en.wikipedia.org/wiki/Gambling_in_Nevada,CC-BY-SA-4.0,2026-08-27,untranslated,true
built-in-adult-clue-0413,built-in-adult,Adult (Mature) / Täiskasvanutele,built-in-adult-set-083,board,round-one,3,hard,vice-moral-regulation,Gambling-Law Milestones,,This UK statute created the Gambling Commission and a modern licensing framework.,,Gambling Act 2005,,,,The Gambling Act 2005 regulates commercial gambling in Great Britain.,,Gambling Act 2005 — Wikipedia,https://en.wikipedia.org/wiki/Gambling_Act_2005,CC-BY-SA-4.0,2026-08-27,untranslated,true
built-in-adult-clue-0414,built-in-adult,Adult (Mature) / Täiskasvanutele,built-in-adult-set-083,board,round-one,4,hard,vice-moral-regulation,Gambling-Law Milestones,,This Monaco casino opened in 1863.,,Monte Carlo Casino,,,,The Monte Carlo Casino began operating in 1863.,,Monte Carlo Casino — Wikipedia,https://en.wikipedia.org/wiki/Monte_Carlo_Casino,CC-BY-SA-4.0,2026-08-27,untranslated,true
built-in-adult-clue-0415,built-in-adult,Adult (Mature) / Täiskasvanutele,built-in-adult-set-083,board,round-one,5,hard,vice-moral-regulation,Gambling-Law Milestones,,This integrated resort opened its casino in Singapore in 2010.,,Marina Bay Sands,,,,Marina Bay Sands opened in 2010.,,Marina Bay Sands — Wikipedia,https://en.wikipedia.org/wiki/Marina_Bay_Sands,CC-BY-SA-4.0,2026-08-27,untranslated,true
built-in-adult-clue-0416,built-in-adult,Adult (Mature) / Täiskasvanutele,built-in-adult-set-084,board,round-two,1,hard,vice-moral-regulation,Lotteries and Wagers,,The first draw of the modern UK lottery under this name took place in 1994.,,National Lottery,,,,The United Kingdom's National Lottery launched in 1994.,,National Lottery — Wikipedia,https://en.wikipedia.org/wiki/National_Lottery_(United_Kingdom),CC-BY-SA-4.0,2026-08-27,untranslated,true
built-in-adult-clue-0417,built-in-adult,Adult (Mature) / Täiskasvanutele,built-in-adult-set-084,board,round-two,2,hard,vice-moral-regulation,Lotteries and Wagers,,"In this system, stakes enter a pool and winners share what remains after deductions.",,Pari-mutuel betting,,,,Pari-mutuel odds depend on the distribution of money in the pool.,,Pari-mutuel betting — Wikipedia,https://en.wikipedia.org/wiki/Parimutuel_betting,CC-BY-SA-4.0,2026-08-27,untranslated,true
built-in-adult-clue-0418,built-in-adult,Adult (Mature) / Täiskasvanutele,built-in-adult-set-084,board,round-two,3,hard,vice-moral-regulation,Lotteries and Wagers,,Players mark numbers on cards as a caller draws them in this game.,,Bingo,,,,Bingo is a game of matching called numbers on a card.,,Bingo — Wikipedia,https://en.wikipedia.org/wiki/Bingo_(American_version),CC-BY-SA-4.0,2026-08-27,untranslated,true
built-in-adult-clue-0419,built-in-adult,Adult (Mature) / Täiskasvanutele,built-in-adult-set-084,board,round-two,4,hard,vice-moral-regulation,Lotteries and Wagers,,This informal lottery asks players to choose digits and compare them with a later result.,,Numbers game,,,,The numbers game was historically associated with illegal urban lotteries.,,Numbers game — Wikipedia,https://en.wikipedia.org/wiki/Numbers_game,CC-BY-SA-4.0,2026-08-27,untranslated,true
built-in-adult-clue-0420,built-in-adult,Adult (Mature) / Täiskasvanutele,built-in-adult-set-084,board,round-two,5,hard,vice-moral-regulation,Lotteries and Wagers,,This lottery or betting pool distributes prizes based on a random draw or event result.,,Sweepstake,,,,"A sweepstake awards prizes through chance, often tied to a competition.",,Sweepstake — Wikipedia,https://en.wikipedia.org/wiki/Sweepstakes,CC-BY-SA-4.0,2026-08-27,untranslated,true
built-in-adult-clue-0421,built-in-adult,Adult (Mature) / Täiskasvanutele,built-in-adult-set-085,board,round-two,1,hard,vice-moral-regulation,Drug-Control Statutes,,The United States enacted this labeling and adulteration law in 1906.,,Pure Food and Drug Act,,,,The Pure Food and Drug Act became law in 1906.,,Pure Food and Drug Act — Wikipedia,https://en.wikipedia.org/wiki/Pure_Food_and_Drug_Act,CC-BY-SA-4.0,2026-08-27,untranslated,true
built-in-adult-clue-0422,built-in-adult,Adult (Mature) / Täiskasvanutele,built-in-adult-set-085,board,round-two,2,hard,vice-moral-regulation,Drug-Control Statutes,,This 1914 U.S. law regulated and taxed opiates and coca products.,,Harrison Narcotics Tax Act,,,,The Harrison Act was enacted in 1914.,,Harrison Narcotics Tax Act — Wikipedia,https://en.wikipedia.org/wiki/Harrison_Narcotics_Tax_Act,CC-BY-SA-4.0,2026-08-27,untranslated,true
built-in-adult-clue-0423,built-in-adult,Adult (Mature) / Täiskasvanutele,built-in-adult-set-085,board,round-two,3,hard,vice-moral-regulation,Drug-Control Statutes,,This UK statute implemented controls required by international opium agreements.,,Dangerous Drugs Act 1920,,,,The Dangerous Drugs Act was enacted in Britain in 1920.,,Dangerous Drugs Act 1920 — Wikipedia,https://en.wikipedia.org/wiki/Dangerous_Drugs_Act_1920,CC-BY-SA-4.0,2026-08-27,untranslated,true
built-in-adult-clue-0424,built-in-adult,Adult (Mature) / Täiskasvanutele,built-in-adult-set-085,board,round-two,4,hard,vice-moral-regulation,Drug-Control Statutes,,The United Nations adopted this international drug-control treaty in 1961.,,Single Convention on Narcotic Drugs,,,,The Single Convention was concluded in 1961.,,Single Convention on Narcotic Drugs — Wikipedia,https://en.wikipedia.org/wiki/Single_Convention_on_Narcotic_Drugs,CC-BY-SA-4.0,2026-08-27,untranslated,true
built-in-adult-clue-0425,built-in-adult,Adult (Mature) / Täiskasvanutele,built-in-adult-set-085,board,round-two,5,hard,vice-moral-regulation,Drug-Control Statutes,,The United States enacted this federal scheduling law in 1970.,,Controlled Substances Act,,,,The Controlled Substances Act became law in 1970.,,Controlled Substances Act — Wikipedia,https://en.wikipedia.org/wiki/Controlled_Substances_Act,CC-BY-SA-4.0,2026-08-27,untranslated,true
built-in-adult-clue-0426,built-in-adult,Adult (Mature) / Täiskasvanutele,built-in-adult-set-086,board,round-two,1,hard,vice-moral-regulation,Blue Laws,,"This term describes a rule restricting activities, especially commerce, on Sunday.",,Blue law,,,,Blue laws are Sunday-observance restrictions.,,Blue law — Wikipedia,https://en.wikipedia.org/wiki/Blue_law,CC-BY-SA-4.0,2026-08-27,untranslated,true
built-in-adult-clue-0427,built-in-adult,Adult (Mature) / Täiskasvanutele,built-in-adult-set-086,board,round-two,2,hard,vice-moral-regulation,Blue Laws,,This phrase describes laws requiring shops or venues to shut on the traditional Christian Sabbath.,,Sunday closing,,,,Sunday-closing laws limit business activity on Sundays.,,Sunday closing — Wikipedia,https://en.wikipedia.org/wiki/Sunday_shopping,CC-BY-SA-4.0,2026-08-27,untranslated,true
built-in-adult-clue-0428,built-in-adult,Adult (Mature) / Täiskasvanutele,built-in-adult-set-086,board,round-two,3,hard,vice-moral-regulation,Blue Laws,,"In 1961, this U.S. Supreme Court case upheld Sunday-closing laws with secular purposes.",,McGowan v. Maryland,,,,McGowan v. Maryland was decided in 1961.,,McGowan v. Maryland — Wikipedia,https://en.wikipedia.org/wiki/McGowan_v._Maryland,CC-BY-SA-4.0,2026-08-27,untranslated,true
built-in-adult-clue-0429,built-in-adult,Adult (Mature) / Täiskasvanutele,built-in-adult-set-086,board,round-two,4,hard,vice-moral-regulation,Blue Laws,,"In 2026, this New Jersey county retains restrictions on Sunday sales of several categories of goods.",,Bergen County,,,,Bergen County maintains blue-law sales restrictions in 2026.,,Bergen County — Wikipedia,https://en.wikipedia.org/wiki/Bergen_County%2C_New_Jersey,CC-BY-SA-4.0,2026-08-27,untranslated,true
built-in-adult-clue-0430,built-in-adult,Adult (Mature) / Täiskasvanutele,built-in-adult-set-086,board,round-two,5,hard,vice-moral-regulation,Blue Laws,,Blue laws historically sought to support this weekly religious practice.,,Sabbath observance,,,,Sabbath observance sets aside a regular day for rest or worship.,,Sabbath observance — Wikipedia,https://en.wikipedia.org/wiki/Sabbath,CC-BY-SA-4.0,2026-08-27,untranslated,true
built-in-adult-clue-0431,built-in-adult,Adult (Mature) / Täiskasvanutele,built-in-adult-set-087,board,round-two,1,hard,vice-moral-regulation,Sumptuary Rules,,"This general term describes rules limiting dress, food, or luxury according to status.",,Sumptuary law,,,,Sumptuary laws regulate consumption and visible luxury.,,Sumptuary law — Wikipedia,https://en.wikipedia.org/wiki/Sumptuary_law,CC-BY-SA-4.0,2026-08-27,untranslated,true
built-in-adult-clue-0432,built-in-adult,Adult (Mature) / Täiskasvanutele,built-in-adult-set-087,board,round-two,2,hard,vice-moral-regulation,Sumptuary Rules,,Roman status rules reserved some uses of this costly dye for emperors and elites.,,Tyrian purple,,,,Tyrian purple became a symbol of imperial status.,,Tyrian purple — Wikipedia,https://en.wikipedia.org/wiki/Tyrian_purple,CC-BY-SA-4.0,2026-08-27,untranslated,true
built-in-adult-clue-0433,built-in-adult,Adult (Mature) / Täiskasvanutele,built-in-adult-set-087,board,round-two,3,hard,vice-moral-regulation,Sumptuary Rules,,Tudor England used this name for laws controlling who could wear certain fabrics and ornaments.,,Statutes of Apparel,,,,English Statutes of Apparel linked clothing to social status.,,Statutes of Apparel — Wikipedia,https://en.wikipedia.org/wiki/Sumptuary_law,CC-BY-SA-4.0,2026-08-27,untranslated,true
built-in-adult-clue-0434,built-in-adult,Adult (Mature) / Täiskasvanutele,built-in-adult-set-087,board,round-two,4,hard,vice-moral-regulation,Sumptuary Rules,,Authorities in this shogunate issued luxury restrictions for social classes during the Edo period.,,Tokugawa Japan,,,,Tokugawa sumptuary edicts attempted to regulate consumption.,,Tokugawa Japan — Wikipedia,https://en.wikipedia.org/wiki/Sumptuary_law,CC-BY-SA-4.0,2026-08-27,untranslated,true
built-in-adult-clue-0435,built-in-adult,Adult (Mature) / Täiskasvanutele,built-in-adult-set-087,board,round-two,5,hard,vice-moral-regulation,Sumptuary Rules,,This republic repeatedly legislated against excessive wedding and clothing display.,,Venice,,,,Venetian sumptuary laws sought to restrain luxury.,,Venice — Wikipedia,https://en.wikipedia.org/wiki/Sumptuary_law,CC-BY-SA-4.0,2026-08-27,untranslated,true
built-in-adult-clue-0436,built-in-adult,Adult (Mature) / Täiskasvanutele,built-in-adult-set-088,board,round-two,1,hard,vice-moral-regulation,Vice Commissions and Reform,,"Established in 1910, this body issued the report The Social Evil in Chicago.",,Chicago Vice Commission,,,,The Chicago Vice Commission investigated prostitution and urban conditions.,,Chicago Vice Commission — Wikipedia,https://en.wikipedia.org/wiki/Social_purity_movement,CC-BY-SA-4.0,2026-08-27,untranslated,true
built-in-adult-clue-0437,built-in-adult,Adult (Mature) / Täiskasvanutele,built-in-adult-set-088,board,round-two,2,hard,vice-moral-regulation,Vice Commissions and Reform,,This New York reform group formed in 1905 to investigate dance halls and hotels.,,Committee of Fourteen,,,,The Committee of Fourteen was a Progressive Era anti-vice organization.,,Committee of Fourteen — Wikipedia,https://en.wikipedia.org/wiki/Committee_of_Fourteen,CC-BY-SA-4.0,2026-08-27,untranslated,true
built-in-adult-clue-0438,built-in-adult,Adult (Mature) / Täiskasvanutele,built-in-adult-set-088,board,round-two,3,hard,vice-moral-regulation,Vice Commissions and Reform,,A New York State Senate committee with this name investigated police corruption in the 1890s.,,Lexow Committee,,,,The Lexow Committee examined corruption in the New York Police Department.,,Lexow Committee — Wikipedia,https://en.wikipedia.org/wiki/Lexow_Committee,CC-BY-SA-4.0,2026-08-27,untranslated,true
built-in-adult-clue-0439,built-in-adult,Adult (Mature) / Täiskasvanutele,built-in-adult-set-088,board,round-two,4,hard,vice-moral-regulation,Vice Commissions and Reform,,"This late-19th-century reform movement campaigned over prostitution, age-of-consent laws, and public morality.",,Social purity movement,,,,Social-purity organizations linked moral reform with legal campaigns.,,Social purity movement — Wikipedia,https://en.wikipedia.org/wiki/Social_purity_movement,CC-BY-SA-4.0,2026-08-27,untranslated,true
built-in-adult-clue-0440,built-in-adult,Adult (Mature) / Täiskasvanutele,built-in-adult-set-088,board,round-two,5,hard,vice-moral-regulation,Vice Commissions and Reform,,Progressive Era laws used this property-law strategy to close premises labeled public nuisances.,,Red-light abatement,,,,Red-light abatement acts targeted buildings associated with prostitution.,,Red-light abatement — Wikipedia,https://en.wikipedia.org/wiki/Social_purity_movement,CC-BY-SA-4.0,2026-08-27,untranslated,true
built-in-adult-clue-0441,built-in-adult,Adult (Mature) / Täiskasvanutele,built-in-adult-set-089,board,round-two,1,hard,vice-moral-regulation,Closing Time,,British wartime rules under this law restricted pub opening hours.,,Defence of the Realm Act 1914,,,,First World War regulations reduced British licensing hours.,,Defence of the Realm Act 1914 — Wikipedia,https://en.wikipedia.org/wiki/Defence_of_the_Realm_Act_1914,CC-BY-SA-4.0,2026-08-27,untranslated,true
built-in-adult-clue-0442,built-in-adult,Adult (Mature) / Täiskasvanutele,built-in-adult-set-089,board,round-two,2,hard,vice-moral-regulation,Closing Time,,This law introduced flexible premises licensing in England and Wales.,,Licensing Act 2003,,,,The Licensing Act 2003 reformed alcohol and entertainment licensing.,,Licensing Act 2003 — Wikipedia,https://en.wikipedia.org/wiki/Licensing_Act_2003,CC-BY-SA-4.0,2026-08-27,untranslated,true
built-in-adult-clue-0443,built-in-adult,Adult (Mature) / Täiskasvanutele,built-in-adult-set-089,board,round-two,3,hard,vice-moral-regulation,Closing Time,,British pub staff traditionally use this phrase to announce the final chance to buy drinks before closing.,,Last orders,,,,Last orders marks the end of alcohol service.,,Last orders — Wikipedia,https://en.wikipedia.org/wiki/Last_call_(bar_term),CC-BY-SA-4.0,2026-08-27,untranslated,true
built-in-adult-clue-0444,built-in-adult,Adult (Mature) / Täiskasvanutele,built-in-adult-set-089,board,round-two,4,hard,vice-moral-regulation,Closing Time,,This phrase describes rapid drinking before early bar closing in Australia and New Zealand.,,Six o'clock swill,,,,The six o'clock swill resulted from early closing laws.,,Six o'clock swill — Wikipedia,https://en.wikipedia.org/wiki/Six_o'clock_swill,CC-BY-SA-4.0,2026-08-27,untranslated,true
built-in-adult-clue-0445,built-in-adult,Adult (Mature) / Täiskasvanutele,built-in-adult-set-089,board,round-two,5,hard,vice-moral-regulation,Closing Time,,This rule prevents new customers entering a venue after a specified time.,,Lockout law,,,,A lockout law regulates late-night admission separately from closing time.,,Lockout law — Wikipedia,https://en.wikipedia.org/wiki/Sydney_lockout_laws,CC-BY-SA-4.0,2026-08-27,untranslated,true
built-in-adult-clue-0446,built-in-adult,Adult (Mature) / Täiskasvanutele,built-in-adult-set-090,board,round-two,1,hard,vice-moral-regulation,World Gambling Destinations,,Many casino resorts line this road south of the city limits of Las Vegas.,,Las Vegas Strip,,,,"The Las Vegas Strip is a resort corridor in Clark County, Nevada.",,Las Vegas Strip — Wikipedia,https://en.wikipedia.org/wiki/Las_Vegas_Strip,CC-BY-SA-4.0,2026-08-27,untranslated,true
built-in-adult-clue-0447,built-in-adult,Adult (Mature) / Täiskasvanutele,built-in-adult-set-090,board,round-two,2,hard,vice-moral-regulation,World Gambling Destinations,,The Casino de Monte-Carlo anchors this district of Monaco.,,Monte Carlo,,,,Monte Carlo is a district associated with Monaco's casino and resort history.,,Monte Carlo — Wikipedia,https://en.wikipedia.org/wiki/Monte_Carlo,CC-BY-SA-4.0,2026-08-27,untranslated,true
built-in-adult-clue-0448,built-in-adult,Adult (Mature) / Täiskasvanutele,built-in-adult-set-090,board,round-two,3,hard,vice-moral-regulation,World Gambling Destinations,,This Chinese special administrative region is a major casino jurisdiction.,,Macau,,,,Casino gambling is a central part of Macau's tourism economy.,,Macau — Wikipedia,https://en.wikipedia.org/wiki/Gambling_in_Macau,CC-BY-SA-4.0,2026-08-27,untranslated,true
built-in-adult-clue-0449,built-in-adult,Adult (Mature) / Täiskasvanutele,built-in-adult-set-090,board,round-two,4,hard,vice-moral-regulation,World Gambling Destinations,,New Jersey voters approved casino gambling for this city in 1976.,,Atlantic City,,,,Atlantic City opened its first legal casino in 1978.,,Atlantic City — Wikipedia,https://en.wikipedia.org/wiki/Gambling_in_New_Jersey,CC-BY-SA-4.0,2026-08-27,untranslated,true
built-in-adult-clue-0450,built-in-adult,Adult (Mature) / Täiskasvanutele,built-in-adult-set-090,board,round-two,5,hard,vice-moral-regulation,World Gambling Destinations,,The Kurhaus casino is located in this German spa town.,,Baden-Baden,,,,Baden-Baden has a historic casino in the Kurhaus.,,Baden-Baden — Wikipedia,https://en.wikipedia.org/wiki/Kurhaus_of_Baden-Baden,CC-BY-SA-4.0,2026-08-27,untranslated,true
built-in-adult-clue-0451,built-in-adult,Adult (Mature) / Täiskasvanutele,built-in-adult-set-091,board,round-two,1,hard,landmark-research-terminology,Founders of Sexology,,This Austro-German psychiatrist published Psychopathia Sexualis in 1886.,,Richard von Krafft-Ebing,,,,Richard von Krafft-Ebing published Psychopathia Sexualis in 1886.,,Richard von Krafft-Ebing — Wikipedia,https://en.wikipedia.org/wiki/Richard_von_Krafft-Ebing,CC-BY-SA-4.0,2026-08-27,untranslated,true
built-in-adult-clue-0452,built-in-adult,Adult (Mature) / Täiskasvanutele,built-in-adult-set-091,board,round-two,2,hard,landmark-research-terminology,Founders of Sexology,,This German physician established the Institute for Sexual Science in Berlin in 1919.,,Magnus Hirschfeld,,,,Magnus Hirschfeld founded Berlin's Institute for Sexual Science in 1919.,,Magnus Hirschfeld — Wikipedia,https://en.wikipedia.org/wiki/Magnus_Hirschfeld,CC-BY-SA-4.0,2026-08-27,untranslated,true
built-in-adult-clue-0453,built-in-adult,Adult (Mature) / Täiskasvanutele,built-in-adult-set-091,board,round-two,3,hard,landmark-research-terminology,Founders of Sexology,,This British physician published a multi-volume series titled Studies in the Psychology of Sex.,,Havelock Ellis,,,,Havelock Ellis wrote Studies in the Psychology of Sex.,,Havelock Ellis — Wikipedia,https://en.wikipedia.org/wiki/Havelock_Ellis,CC-BY-SA-4.0,2026-08-27,untranslated,true
built-in-adult-clue-0454,built-in-adult,Adult (Mature) / Täiskasvanutele,built-in-adult-set-091,board,round-two,4,hard,landmark-research-terminology,Founders of Sexology,,This German physician helped establish sexology as a distinct scholarly field.,,Iwan Bloch,,,,Iwan Bloch was an early German sexologist.,,Iwan Bloch — Wikipedia,https://en.wikipedia.org/wiki/Iwan_Bloch,CC-BY-SA-4.0,2026-08-27,untranslated,true
built-in-adult-clue-0455,built-in-adult,Adult (Mature) / Täiskasvanutele,built-in-adult-set-091,board,round-two,5,hard,landmark-research-terminology,Founders of Sexology,,This German psychiatrist wrote Untersuchungen über die Libido sexualis in 1897.,,Albert Moll,,,,Albert Moll was an early researcher and writer on sexuality.,,Albert Moll — Wikipedia,https://en.wikipedia.org/wiki/Albert_Moll,CC-BY-SA-4.0,2026-08-27,untranslated,true
built-in-adult-clue-0456,built-in-adult,Adult (Mature) / Täiskasvanutele,built-in-adult-set-092,board,round-two,1,hard,landmark-research-terminology,Inside the Kinsey Research,,Indiana University established this institute under that name in 1947.,,Institute for Sex Research,,,,The Institute for Sex Research was established in 1947.,,Institute for Sex Research — Wikipedia,https://en.wikipedia.org/wiki/Kinsey_Institute,CC-BY-SA-4.0,2026-08-27,untranslated,true
built-in-adult-clue-0457,built-in-adult,Adult (Mature) / Täiskasvanutele,built-in-adult-set-092,board,round-two,2,hard,landmark-research-terminology,Inside the Kinsey Research,,This first Kinsey Report was published in 1948.,,Sexual Behavior in the Human Male,,,,Sexual Behavior in the Human Male appeared in 1948.,,Sexual Behavior in the Human Male — Wikipedia,https://en.wikipedia.org/wiki/Sexual_Behavior_in_the_Human_Male,CC-BY-SA-4.0,2026-08-27,untranslated,true
built-in-adult-clue-0458,built-in-adult,Adult (Mature) / Täiskasvanutele,built-in-adult-set-092,board,round-two,3,hard,landmark-research-terminology,Inside the Kinsey Research,,This second Kinsey Report was published in 1953.,,Sexual Behavior in the Human Female,,,,Sexual Behavior in the Human Female appeared in 1953.,,Sexual Behavior in the Human Female — Wikipedia,https://en.wikipedia.org/wiki/Sexual_Behavior_in_the_Human_Female,CC-BY-SA-4.0,2026-08-27,untranslated,true
built-in-adult-clue-0459,built-in-adult,Adult (Mature) / Täiskasvanutele,built-in-adult-set-092,board,round-two,4,hard,landmark-research-terminology,Inside the Kinsey Research,,The Kinsey scale uses this numerical range between exclusively heterosexual and exclusively homosexual classifications.,,0 to 6,,,,The Kinsey scale is numbered from 0 through 6.,,0 to 6 — Wikipedia,https://en.wikipedia.org/wiki/Kinsey_scale,CC-BY-SA-4.0,2026-08-27,untranslated,true
built-in-adult-clue-0460,built-in-adult,Adult (Mature) / Täiskasvanutele,built-in-adult-set-092,board,round-two,5,hard,landmark-research-terminology,Inside the Kinsey Research,,The Kinsey Institute is affiliated with this U.S. university in Bloomington.,,Indiana University,,,,The Kinsey Institute is part of Indiana University.,,Indiana University — Wikipedia,https://en.wikipedia.org/wiki/Kinsey_Institute,CC-BY-SA-4.0,2026-08-27,untranslated,true
built-in-adult-clue-0461,built-in-adult,Adult (Mature) / Täiskasvanutele,built-in-adult-set-093,board,round-two,1,hard,landmark-research-terminology,Masters and Johnson,,William Masters and Virginia Johnson published this research book in 1966.,,Human Sexual Response,,,,Human Sexual Response was published in 1966.,,Human Sexual Response — Wikipedia,https://en.wikipedia.org/wiki/Human_Sexual_Response,CC-BY-SA-4.0,2026-08-27,untranslated,true
built-in-adult-clue-0462,built-in-adult,Adult (Mature) / Täiskasvanutele,built-in-adult-set-093,board,round-two,2,hard,landmark-research-terminology,Masters and Johnson,,Masters and Johnson conducted their laboratory research in this Missouri city.,,St. Louis,,,,Their research program was based in St. Louis.,,St. Louis — Wikipedia,https://en.wikipedia.org/wiki/Masters_and_Johnson,CC-BY-SA-4.0,2026-08-27,untranslated,true
built-in-adult-clue-0463,built-in-adult,Adult (Mature) / Täiskasvanutele,built-in-adult-set-093,board,round-two,3,hard,landmark-research-terminology,Masters and Johnson,,Masters and Johnson became known for using this direct research method to study physiological response.,,Laboratory observation,,,,Their work included systematic laboratory observation of adult volunteers.,,Laboratory observation — Wikipedia,https://en.wikipedia.org/wiki/Masters_and_Johnson,CC-BY-SA-4.0,2026-08-27,untranslated,true
built-in-adult-clue-0464,built-in-adult,Adult (Mature) / Täiskasvanutele,built-in-adult-set-093,board,round-two,4,hard,landmark-research-terminology,Masters and Johnson,,Masters and Johnson developed this structured touch exercise for use in therapy.,,Sensate focus,,,,Sensate focus is a therapeutic exercise associated with Masters and Johnson.,,Sensate focus — Wikipedia,https://en.wikipedia.org/wiki/Sensate_focus,CC-BY-SA-4.0,2026-08-27,untranslated,true
built-in-adult-clue-0465,built-in-adult,Adult (Mature) / Täiskasvanutele,built-in-adult-set-093,board,round-two,5,hard,landmark-research-terminology,Masters and Johnson,,Masters and Johnson published this clinical book in 1970.,,Human Sexual Inadequacy,,,,Human Sexual Inadequacy appeared in 1970.,,Human Sexual Inadequacy — Wikipedia,https://en.wikipedia.org/wiki/Human_Sexual_Inadequacy,CC-BY-SA-4.0,2026-08-27,untranslated,true
built-in-adult-clue-0466,built-in-adult,Adult (Mature) / Täiskasvanutele,built-in-adult-set-094,board,round-two,1,hard,landmark-research-terminology,Large Surveys of Sexual Behavior,,This abbreviation names Britain's National Survey of Sexual Attitudes and Lifestyles.,,Natsal,,,,Natsal is a recurring probability survey in Britain.,,Natsal — Wikipedia,https://en.wikipedia.org/wiki/National_Survey_of_Sexual_Attitudes_and_Lifestyles,CC-BY-SA-4.0,2026-08-27,untranslated,true
built-in-adult-clue-0467,built-in-adult,Adult (Mature) / Täiskasvanutele,built-in-adult-set-094,board,round-two,2,hard,landmark-research-terminology,Large Surveys of Sexual Behavior,,Edward Laumann and colleagues published this book from the 1992 National Health and Social Life Survey.,,Sex in America,,,,Sex in America reported results from a major U.S. probability survey conducted in 1992.,,Sex in America — Wikipedia,https://en.wikipedia.org/wiki/Edward_Laumann,CC-BY-SA-4.0,2026-08-27,untranslated,true
built-in-adult-clue-0468,built-in-adult,Adult (Mature) / Täiskasvanutele,built-in-adult-set-094,board,round-two,3,hard,landmark-research-terminology,Large Surveys of Sexual Behavior,,"Since 1972, this U.S. survey has measured social attitudes and behavior across many topics.",,General Social Survey,,,,The General Social Survey is a long-running U.S. social-science survey.,,General Social Survey — Wikipedia,https://en.wikipedia.org/wiki/General_Social_Survey,CC-BY-SA-4.0,2026-08-27,untranslated,true
built-in-adult-clue-0469,built-in-adult,Adult (Mature) / Täiskasvanutele,built-in-adult-set-094,board,round-two,4,hard,landmark-research-terminology,Large Surveys of Sexual Behavior,,Shere Hite published this U.S. survey-based book in 1976.,,The Hite Report,,,,The Hite Report was published in 1976.,,The Hite Report — Wikipedia,https://en.wikipedia.org/wiki/The_Hite_Report,CC-BY-SA-4.0,2026-08-27,untranslated,true
built-in-adult-clue-0470,built-in-adult,Adult (Mature) / Täiskasvanutele,built-in-adult-set-094,board,round-two,5,hard,landmark-research-terminology,Large Surveys of Sexual Behavior,,The U.S. National Center for Health Statistics conducts this survey on fertility and family life.,,National Survey of Family Growth,,NSFG,,The National Survey of Family Growth began its first cycle in 1973.,,National Survey of Family Growth — Wikipedia,https://en.wikipedia.org/wiki/National_Survey_of_Family_Growth,CC-BY-SA-4.0,2026-08-27,untranslated,true
built-in-adult-clue-0471,built-in-adult,Adult (Mature) / Täiskasvanutele,built-in-adult-set-095,board,round-two,1,hard,landmark-research-terminology,Core Relationship Terms,,Sigmund Freud's writings helped popularize this Latin-derived word for sexual drive.,,Libido,,,,Libido is a term for sexual drive or desire.,,Libido — Wikipedia,https://en.wikipedia.org/wiki/Libido,CC-BY-SA-4.0,2026-08-27,untranslated,true
built-in-adult-clue-0472,built-in-adult,Adult (Mature) / Täiskasvanutele,built-in-adult-set-095,board,round-two,2,hard,landmark-research-terminology,Core Relationship Terms,,This term means voluntary agreement to a proposal or action.,,Consent,,,,Consent requires a freely given agreement.,,Consent — Wikipedia,https://en.wikipedia.org/wiki/Consent,CC-BY-SA-4.0,2026-08-27,untranslated,true
built-in-adult-clue-0473,built-in-adult,Adult (Mature) / Täiskasvanutele,built-in-adult-set-095,board,round-two,3,hard,landmark-research-terminology,Core Relationship Terms,,"This term describes voluntarily remaining unmarried or abstaining from sexual relations, often for religious reasons.",,Celibacy,,,,Celibacy can refer to an unmarried or sexually abstinent state.,,Celibacy — Wikipedia,https://en.wikipedia.org/wiki/Celibacy,CC-BY-SA-4.0,2026-08-27,untranslated,true
built-in-adult-clue-0474,built-in-adult,Adult (Mature) / Täiskasvanutele,built-in-adult-set-095,board,round-two,4,hard,landmark-research-terminology,Core Relationship Terms,,This term describes having one spouse or partner at a time.,,Monogamy,,,,Monogamy is an exclusive dyadic relationship pattern.,,Monogamy — Wikipedia,https://en.wikipedia.org/wiki/Monogamy,CC-BY-SA-4.0,2026-08-27,untranslated,true
built-in-adult-clue-0475,built-in-adult,Adult (Mature) / Täiskasvanutele,built-in-adult-set-095,board,round-two,5,hard,landmark-research-terminology,Core Relationship Terms,,This word describes emotional or physical closeness within a relationship.,,Intimacy,,,,Intimacy is a sense of closeness and connection.,,Intimacy — Wikipedia,https://en.wikipedia.org/wiki/Intimate_relationship,CC-BY-SA-4.0,2026-08-27,untranslated,true
built-in-adult-clue-0476,built-in-adult,Adult (Mature) / Täiskasvanutele,built-in-adult-set-096,board,round-two,1,hard,landmark-research-terminology,Reproductive Biology Terms,,This developmental period brings sexual maturation and secondary sex characteristics.,,Puberty,,,,Puberty is the transition to reproductive maturity.,,Puberty — Wikipedia,https://en.wikipedia.org/wiki/Puberty,CC-BY-SA-4.0,2026-08-27,untranslated,true
built-in-adult-clue-0477,built-in-adult,Adult (Mature) / Täiskasvanutele,built-in-adult-set-096,board,round-two,2,hard,landmark-research-terminology,Reproductive Biology Terms,,"This term marks the permanent end of menstrual cycles, diagnosed after twelve months without menstruation.",,Menopause,,,,Menopause is the cessation of menstrual periods due to loss of ovarian follicular activity.,,Menopause — Wikipedia,https://en.wikipedia.org/wiki/Menopause,CC-BY-SA-4.0,2026-08-27,untranslated,true
built-in-adult-clue-0478,built-in-adult,Adult (Mature) / Täiskasvanutele,built-in-adult-set-096,board,round-two,3,hard,landmark-research-terminology,Reproductive Biology Terms,,This process releases an egg from an ovarian follicle.,,Ovulation,,,,Ovulation is the release of an oocyte from the ovary.,,Ovulation — Wikipedia,https://en.wikipedia.org/wiki/Ovulation,CC-BY-SA-4.0,2026-08-27,untranslated,true
built-in-adult-clue-0479,built-in-adult,Adult (Mature) / Täiskasvanutele,built-in-adult-set-096,board,round-two,4,hard,landmark-research-terminology,Reproductive Biology Terms,,This biological process fuses gametes to form a zygote.,,Fertilization,,,,Fertilization combines genetic material from two gametes.,,Fertilization — Wikipedia,https://en.wikipedia.org/wiki/Human_fertilization,CC-BY-SA-4.0,2026-08-27,untranslated,true
built-in-adult-clue-0480,built-in-adult,Adult (Mature) / Täiskasvanutele,built-in-adult-set-096,board,round-two,5,hard,landmark-research-terminology,Reproductive Biology Terms,,This term names the period during which an embryo and fetus develop during pregnancy.,,Gestation,,,,Gestation is the duration of pregnancy.,,Gestation — Wikipedia,https://en.wikipedia.org/wiki/Gestation,CC-BY-SA-4.0,2026-08-27,untranslated,true
built-in-adult-clue-0481,built-in-adult,Adult (Mature) / Täiskasvanutele,built-in-adult-set-097,board,round-two,1,hard,landmark-research-terminology,Identity and Community Vocabulary,,This term refers to an enduring pattern of romantic or sexual attraction.,,Sexual orientation,,,,Sexual orientation describes the direction of attraction.,,Sexual orientation — Wikipedia,https://en.wikipedia.org/wiki/Sexual_orientation,CC-BY-SA-4.0,2026-08-27,untranslated,true
built-in-adult-clue-0482,built-in-adult,Adult (Mature) / Täiskasvanutele,built-in-adult-set-097,board,round-two,2,hard,landmark-research-terminology,Identity and Community Vocabulary,,This phrase names a person's internal experience of gender.,,Gender identity,,,,Gender identity is an individual's personal sense of gender.,,Gender identity — Wikipedia,https://en.wikipedia.org/wiki/Gender_identity,CC-BY-SA-4.0,2026-08-27,untranslated,true
built-in-adult-clue-0483,built-in-adult,Adult (Mature) / Täiskasvanutele,built-in-adult-set-097,board,round-two,3,hard,landmark-research-terminology,Identity and Community Vocabulary,,"Clothing, voice, and manner can be parts of this outward presentation of gender.",,Gender expression,,,,Gender expression is how a person communicates gender outwardly.,,Gender expression — Wikipedia,https://en.wikipedia.org/wiki/Gender_expression,CC-BY-SA-4.0,2026-08-27,untranslated,true
built-in-adult-clue-0484,built-in-adult,Adult (Mature) / Täiskasvanutele,built-in-adult-set-097,board,round-two,4,hard,landmark-research-terminology,Identity and Community Vocabulary,,This phrase describes disclosing one's sexual orientation or gender identity.,,Coming out,,,,Coming out is the process of sharing an LGBTQ identity.,,Coming out — Wikipedia,https://en.wikipedia.org/wiki/Coming_out,CC-BY-SA-4.0,2026-08-27,untranslated,true
built-in-adult-clue-0485,built-in-adult,Adult (Mature) / Täiskasvanutele,built-in-adult-set-097,board,round-two,5,hard,landmark-research-terminology,Identity and Community Vocabulary,,"In social-justice vocabulary, this word describes a supporter who is not a member of the marginalized group.",,Ally,,,,An ally supports equal rights and challenges discrimination.,,Ally — Wikipedia,https://en.wikipedia.org/wiki/Straight_ally,CC-BY-SA-4.0,2026-08-27,untranslated,true
built-in-adult-clue-0486,built-in-adult,Adult (Mature) / Täiskasvanutele,built-in-adult-set-098,board,round-two,1,hard,landmark-research-terminology,How Social Research Works,,This process removes or transforms identifiers so data cannot readily be linked to a person.,,Anonymization,,,,Anonymization protects research participants' identities.,,Anonymization — Wikipedia,https://en.wikipedia.org/wiki/Data_anonymization,CC-BY-SA-4.0,2026-08-27,untranslated,true
built-in-adult-clue-0487,built-in-adult,Adult (Mature) / Täiskasvanutele,built-in-adult-set-098,board,round-two,2,hard,landmark-research-terminology,How Social Research Works,,"Researchers obtain this agreement after explaining a study's procedures, risks, and choices.",,Informed consent,,,,Informed consent requires adequate information and voluntary agreement.,,Informed consent — Wikipedia,https://en.wikipedia.org/wiki/Informed_consent,CC-BY-SA-4.0,2026-08-27,untranslated,true
built-in-adult-clue-0488,built-in-adult,Adult (Mature) / Täiskasvanutele,built-in-adult-set-098,board,round-two,3,hard,landmark-research-terminology,How Social Research Works,,A questionnaire asking people about their own experiences uses this research approach.,,Self-report study,,,,Self-report research relies on information supplied by participants.,,Self-report study — Wikipedia,https://en.wikipedia.org/wiki/Self-report_study,CC-BY-SA-4.0,2026-08-27,untranslated,true
built-in-adult-clue-0489,built-in-adult,Adult (Mature) / Täiskasvanutele,built-in-adult-set-098,board,round-two,4,hard,landmark-research-terminology,How Social Research Works,,Probability selection aims to produce this kind of sample from a target group.,,Random sample,,,,A random sample gives members of a target group a known chance of selection.,,Random sample — Wikipedia,https://en.wikipedia.org/wiki/Simple_random_sample,CC-BY-SA-4.0,2026-08-27,untranslated,true
built-in-adult-clue-0490,built-in-adult,Adult (Mature) / Täiskasvanutele,built-in-adult-set-098,board,round-two,5,hard,landmark-research-terminology,How Social Research Works,,This design follows the same participants or cohort across time.,,Longitudinal study,,,,Longitudinal research collects observations at multiple times.,,Longitudinal study — Wikipedia,https://en.wikipedia.org/wiki/Longitudinal_study,CC-BY-SA-4.0,2026-08-27,untranslated,true
built-in-adult-clue-0491,built-in-adult,Adult (Mature) / Täiskasvanutele,built-in-adult-set-099,board,round-two,1,hard,landmark-research-terminology,Sexual-Health Language,,"Public-health sources often prefer these initials, meaning sexually transmitted infection, to the older term STD.",,STI,,,,STI stands for sexually transmitted infection.,,STI — Wikipedia,https://en.wikipedia.org/wiki/Sexually_transmitted_infection,CC-BY-SA-4.0,2026-08-27,untranslated,true
built-in-adult-clue-0492,built-in-adult,Adult (Mature) / Täiskasvanutele,built-in-adult-set-099,board,round-two,2,hard,landmark-research-terminology,Sexual-Health Language,,This comparative phrase acknowledges that precautions reduce risk rather than making it zero.,,Safer sex,,,,Safer sex describes practices that reduce infection or pregnancy risk.,,Safer sex — Wikipedia,https://en.wikipedia.org/wiki/Safe_sex,CC-BY-SA-4.0,2026-08-27,untranslated,true
built-in-adult-clue-0493,built-in-adult,Adult (Mature) / Täiskasvanutele,built-in-adult-set-099,board,round-two,3,hard,landmark-research-terminology,Sexual-Health Language,,This term covers methods intended to prevent pregnancy.,,Contraception,,,,Contraception is the deliberate prevention of pregnancy.,,Contraception — Wikipedia,https://en.wikipedia.org/wiki/Birth_control,CC-BY-SA-4.0,2026-08-27,untranslated,true
built-in-adult-clue-0494,built-in-adult,Adult (Mature) / Täiskasvanutele,built-in-adult-set-099,board,round-two,4,hard,landmark-research-terminology,Sexual-Health Language,,"This public-health field addresses the reproductive system, its functions, and related well-being.",,Reproductive health,,,,"Reproductive health includes physical, mental, and social well-being.",,Reproductive health — Wikipedia,https://en.wikipedia.org/wiki/Reproductive_health,CC-BY-SA-4.0,2026-08-27,untranslated,true
built-in-adult-clue-0495,built-in-adult,Adult (Mature) / Täiskasvanutele,built-in-adult-set-099,board,round-two,5,hard,landmark-research-terminology,Sexual-Health Language,,"The World Health Organization uses this term for well-being related to sexuality, not merely absence of disease.",,Sexual health,,,,Sexual health is a broad concept of well-being and respectful relationships.,,Sexual health — Wikipedia,https://en.wikipedia.org/wiki/Sexual_health,CC-BY-SA-4.0,2026-08-27,untranslated,true
built-in-adult-clue-0496,built-in-adult,Adult (Mature) / Täiskasvanutele,built-in-adult-set-100,board,round-two,1,hard,landmark-research-terminology,Consent and Autonomy in Law,,This legal threshold specifies when a person can agree to sexual activity under a jurisdiction's criminal law.,,Age of consent,,,,Age-of-consent rules vary by jurisdiction and offence.,,Age of consent — Wikipedia,https://en.wikipedia.org/wiki/Age_of_consent,CC-BY-SA-4.0,2026-08-27,untranslated,true
built-in-adult-clue-0497,built-in-adult,Adult (Mature) / Täiskasvanutele,built-in-adult-set-100,board,round-two,2,hard,landmark-research-terminology,Consent and Autonomy in Law,,"This standard looks for a positive, voluntary agreement rather than mere absence of refusal.",,Affirmative consent,,,,Affirmative consent requires an active indication of agreement.,,Affirmative consent — Wikipedia,https://en.wikipedia.org/wiki/Affirmative_consent,CC-BY-SA-4.0,2026-08-27,untranslated,true
built-in-adult-clue-0498,built-in-adult,Adult (Mature) / Täiskasvanutele,built-in-adult-set-100,board,round-two,3,hard,landmark-research-terminology,Consent and Autonomy in Law,,Griswold v. Connecticut associated access to contraception with this constitutional concept in 1965.,,Marital privacy,,,,The U.S. Supreme Court discussed marital privacy in Griswold in 1965.,,Marital privacy — Wikipedia,https://en.wikipedia.org/wiki/Griswold_v._Connecticut,CC-BY-SA-4.0,2026-08-27,untranslated,true
built-in-adult-clue-0499,built-in-adult,Adult (Mature) / Täiskasvanutele,built-in-adult-set-100,board,round-two,4,hard,landmark-research-terminology,Consent and Autonomy in Law,,This body of law prohibits unequal treatment based on protected characteristics.,,Anti-discrimination law,,,,Anti-discrimination law creates remedies for prohibited unequal treatment.,,Anti-discrimination law — Wikipedia,https://en.wikipedia.org/wiki/Anti-discrimination_law,CC-BY-SA-4.0,2026-08-27,untranslated,true
built-in-adult-clue-0500,built-in-adult,Adult (Mature) / Täiskasvanutele,built-in-adult-set-100,board,round-two,5,hard,landmark-research-terminology,Consent and Autonomy in Law,,This ethical and legal principle concerns control over decisions affecting one's own body.,,Bodily autonomy,,,,Bodily autonomy emphasizes personal authority over bodily choices.,,Bodily autonomy — Wikipedia,https://en.wikipedia.org/wiki/Bodily_integrity,CC-BY-SA-4.0,2026-08-27,untranslated,true
